SECURITY_CODE,SECUCODE,SECURITY_NAME_ABBR,ORG_CODE,TRADE_MARKET,BOARD_CODE,BOARD_NAME,ORIG_BOARD_CODE,TOTAL_MARKET_CAP,NOTLIMITED_MARKETCAP_A,CLOSE_PRICE,CHANGE_RATE,TOTAL_SHARES,FREE_SHARES_A,PE_TTM,PE_LAR,PB_MRQ,PCF_OCF_LAR,PCF_OCF_TTM,PS_TTM,PEG_CAR,TRADE_DATE
000333,000333.SZ,美的集团,10015250,069001002001,016127,白色家电,1239,665633155163.25,600724085922.5,87.25,0.310416187629,7629033297,6885089810,14.99925154,15.14681829,3.14301756,12.47767459,12.41459039,1.42465747,1.087683133535,2026-09-03 00:00:00
000333,000333.SZ,美的集团,10015250,069001002001,016127,白色家电,1239,663573316173.06,598865111673.8,86.98,-0.582923762716,7629033297,6885089810,14.95283552,15.09994562,3.13329131,12.43906173,12.37617275,1.42024879,1.084317237447,2026-09-02 00:00:00
000333,000333.SZ,美的集团,10015250,069001002001,016127,白色家电,1239,667443545069.08,602355929391.45,87.49,-0.273566624872,7628798092,6884854605,15.04004653,15.18801463,3.15156594,12.51161138,12.44835561,1.42853226,1.090641415983,2026-09-01 00:00:00
000333,000333.SZ,美的集团,10015250,069001002001,016127,白色家电,1239,669274456611.16,604008294496.65,87.73,1.73953380494,7628798092,6884854605,15.08130394,15.22967794,3.16021122,12.54593287,12.48250358,1.43245097,1.093633231199,2026-08-31 00:00:00
000333,000333.SZ,美的集团,10015250,069001002001,016127,白色家电,1239,657831259473.16,593681012589.15,86.23,0.058018101648,7628798092,6884854605,14.88382322,14.96928222,3.1061782,12.33142359,12.28348395,1.42494171,1.079312753422,2026-08-28 00:00:00
000333,000333.SZ,美的集团,10015250,069001002001,016127,白色家电,1239,657449819568.56,593336769858.9,86.18,-0.243083690242,7628798092,6884854605,14.87519291,14.96060236,3.1043771,12.32427328,12.27636144,1.42411546,1.078686919353,2026-08-27 00:00:00
000333,000333.SZ,美的集团,10015250,069001002001,016127,白色家电,1239,659051867167.88,594782589325.95,86.39,-0.346060675972,7628798092,6884854605,14.91144019,14.99705776,3.11194173,12.35430458,12.30627599,1.42758569,1.081315420848,2026-08-26 00:00:00
000333,000333.SZ,美的集团,10015250,069001002001,016127,白色家电,1239,661340506595.48,596848045707.45,86.69,0.814048145133,7628798092,6884854605,14.96322202,15.04913691,3.12274833,12.39720643,12.34901106,1.43254316,1.085070423087,2026-08-25 00:00:00
000333,000333.SZ,美的集团,10015250,069001002001,016127,白色家电,1239,656000347931.08,592028647483.95,85.99,2.004744958482,7628798092,6884854605,14.84239776,14.9276189,3.09753292,12.2971021,12.24929589,1.42097573,1.076308751921,2026-08-24 00:00:00
000333,000333.SZ,美的集团,10015250,069001002001,016127,白色家电,1239,643107679155.6,580393243201.5,84.3,-1.264933239635,7628798092,6884854605,14.55069346,14.63423972,3.03665572,12.05542164,12.00855499,1.39304866,1.055155573295,2026-08-21 00:00:00
000333,000333.SZ,美的集团,10015250,069001002001,016127,白色家电,1239,651346781094.96,587828886174.9,85.38,0.779036827195,7628798092,6884854605,14.73710804,14.82172464,3.07555949,12.20986833,12.16240125,1.41089555,1.068673580775,2026-08-20 00:00:00
000333,000333.SZ,美的集团,10015250,069001002001,016127,白色家电,1239,646311774354.24,583284882135.6,84.72,1.363962670495,7628798092,6884854605,14.62318802,14.70715052,3.05178496,12.11548424,12.06838409,1.39998912,1.060412576284,2026-08-19 00:00:00
000333,000333.SZ,美的集团,10015250,069001002001,016127,白色家电,1239,637612712943.36,575433916299.9,83.58,1.174191986442,7628771392,6884827905,14.42636659,14.50919899,3.01070933,11.95241536,11.90594915,1.3811459,1.046139907468,2026-08-18 00:00:00
000333,000333.SZ,美的集团,10015250,069001002001,016127,白色家电,1239,630206906339.12,568749734878.05,82.61,-0.505841262194,7628699992,6884756505,14.25880581,14.34067613,2.97574025,11.81358927,11.76766277,1.36510403,1.033989098891,2026-08-17 00:00:00
000333,000333.SZ,美的集团,10015250,069001002001,016127,白色家电,1239,633406524042.86,571636896317.25,83.03,-1.377835847488,7628646562,6884703075,14.33119906,14.41348504,2.99084835,11.87356794,11.82740826,1.37203479,1.039238755302,2026-08-14 00:00:00
000333,000333.SZ,美的集团,10015250,069001002001,016127,白色家电,1239,642251426688.78,579618824518.25,84.19,-0.177851553237,7628595162,6884651675,14.53132024,14.61475526,3.03261263,12.0393707,11.99256645,1.39119392,1.05375070822,2026-08-13 00:00:00
000333,000333.SZ,美的集团,10015250,069001002001,016127,白色家电,1239,643389786861.08,580645593167.5,84.34,-1.494977808923,7628524862,6884581375,14.55707632,14.64065922,3.03798779,12.06070991,12.0138227,1.39365974,1.055618431668,2026-08-12 00:00:00
000333,000333.SZ,美的集团,10015250,069001002001,016127,白色家电,1239,653151100777.44,589454659420.5,85.62,0.375146541618,7628487512,6884544025,14.77793185,14.86278285,3.08407921,12.24369133,12.19609276,1.41480392,1.071633953128,2026-08-11 00:00:00
000333,000333.SZ,美的集团,10015250,069001002001,016127,白色家电,1239,650703757873.6,587245378432.5,85.3,2.155688622754,7628414512,6884471025,14.72255926,14.80709232,3.07252324,12.19781449,12.15039427,1.40950268,1.067618563958,2026-08-10 00:00:00
000333,000333.SZ,美的集团,10015250,069001002001,016127,白色家电,1239,636958867652,574839586487.5,83.5,-2.133145804032,7628249912,6884306425,14.41157295,14.49432041,3.00762197,11.94015865,11.8937401,1.3797296,1.045067134425,2026-08-07 00:00:00
000333,000333.SZ,美的集团,10015250,069001002001,016127,白色家电,1239,650839253631.84,587365995321,85.32,-0.1755001755,7628214412,6884270925,14.72562493,14.8101756,3.07316303,12.20035443,12.15292434,1.40979618,1.067840873554,2026-08-06 00:00:00
000333,000333.SZ,美的集团,10015250,069001002001,016127,白色家电,1239,651972527855.88,588387678021.99,85.47,0.387596899225,7628086204,6884142717,14.75126593,14.83596382,3.07851417,12.22159831,12.17408563,1.41225099,1.06970025188,2026-08-05 00:00:00
000333,000333.SZ,美的集团,10015250,069001002001,016127,白色家电,1239,649445858249.76,586106509766.58,85.14,-0.884749708964,7627975784,6884032297,14.69409853,14.77846818,3.06658363,12.17423444,12.12690589,1.40677792,1.065554710578,2026-08-04 00:00:00
000333,000333.SZ,美的集团,10015250,069001002001,016127,白色家电,1239,655226748164.6,591322002631.3,85.9,-1.940639269406,7627785194,6883841707,14.8248946,14.91001525,3.0938801,12.28260053,12.2348507,1.41930002,1.075039495795,2026-08-03 00:00:00
000333,000333.SZ,美的集团,10015250,069001002001,016127,白色家电,1239,668167979635.2,602998530174,87.6,-1.517706576728,7627488352,6883544865,15.11769765,15.2044995,3.15498661,12.52519132,12.4764984,1.44733229,1.096272351186,2026-07-31 00:00:00
000333,000333.SZ,美的集团,10015250,069001002001,016127,白色家电,1239,678352517793.15,612178744624.5,88.95,2.229628778301,7626222797,6882279310,15.34812888,15.43625381,3.20307643,12.71610632,12.66667119,1.46939323,1.112982262454,2026-07-30 00:00:00
000333,000333.SZ,美的集团,10015250,069001002001,016127,白色家电,1239,663557645566.97,598827122763.1,87.01,1.921049549022,7626222797,6882279310,15.01338611,15.09958902,3.13321732,12.43876797,12.39041102,1.43734575,1.088708113572,2026-07-29 00:00:00
000333,000333.SZ,美的集团,10015250,069001002001,016127,白色家电,1239,651050640179.89,587540184694.7,85.37,1.473909425889,7626222797,6882279310,14.73040768,14.81498581,3.07416116,12.204317,12.1568715,1.41025407,1.068187698627,2026-07-28 00:00:00
000333,000333.SZ,美的集团,10015250,069001002001,016127,白色家电,1239,641567882082.01,578979916520.7,84.13,-0.437869822485,7625910877,6881967390,14.51585464,14.59920086,3.02938503,12.02655727,11.97980283,1.38971328,1.052629207442,2026-07-27 00:00:00
000333,000333.SZ,美的集团,10015250,069001002001,016127,白色家电,1239,644366436181,581503211529.5,84.5,-0.318508906453,7625638298,6881694811,14.57917359,14.66288337,3.04259938,12.07901777,12.03205938,1.39577528,1.057220833482,2026-07-24 00:00:00
000333,000333.SZ,美的集团,10015250,069001002001,016127,白色家电,1239,646394631430.94,583330542037.95,84.77,-0.035377358491,7625275822,6881332335,14.62506271,14.70903598,3.0521762,12.11703745,12.06993126,1.4001686,1.06054852098,2026-07-23 00:00:00
000333,000333.SZ,美的集团,10015250,069001002001,016127,白色家电,1239,646577900780.8,583491493083.2,84.8,0.62893081761,7624739396,6880795909,14.62920929,14.71320636,3.05304157,12.12047294,12.07335339,1.40056558,1.060849213659,2026-07-22 00:00:00
000333,000333.SZ,美的集团,10015250,069001002001,016127,白色家电,1239,642463737091.86,579771619442.37,84.27,-0.035587188612,7623872518,6879929031,14.53612389,14.61958649,3.03361512,12.04335058,11.99653086,1.39165381,1.054099048874,2026-07-21 00:00:00
000333,000333.SZ,美的集团,10015250,069001002001,016127,白色家电,1239,642590683104,579876247149.9,84.3,1.922379397896,7622665280,6878721793,14.53899612,14.62247521,3.03421454,12.04573026,11.99890128,1.39192879,1.054307331008,2026-07-20 00:00:00
000333,000333.SZ,美的集团,10015250,069001002001,016127,白色家电,1239,630392941414.26,568497788647.74,82.71,1.112469437653,7621725806,6873386394,14.26301496,14.34490945,2.97661868,11.81707661,11.77113654,1.36550701,1.034294328886,2026-07-17 00:00:00
000333,000333.SZ,美的集团,10015250,069001002001,016127,白色家电,1239,623330886700.2,562116722798.6,81.8,-1.052376920285,7620181989,6871842577,14.10323178,14.18420883,2.94327274,11.68469435,11.63926893,1.35020975,1.022707519408,2026-07-16 00:00:00
000333,000333.SZ,美的集团,10015250,069001002001,016127,白色家电,1239,629833827079.94,567968607889.9,82.67,1.835427445184,7618650382,6870310970,14.25036467,14.33218652,2.97397863,11.80659569,11.76069637,1.3642959,1.033376982641,2026-07-15 00:00:00
000333,000333.SZ,美的集团,10015250,069001002001,016127,白色家电,1239,618058970470.26,557308777004.1,81.18,0.970149253731,7613438907,6865099495,13.98395154,14.06424372,2.91837956,11.58586926,11.54082804,1.33879014,1.01405781413,2026-07-14 00:00:00
000333,000333.SZ,美的集团,10015250,069001002001,016127,白色家电,1239,612120488122.8,551964290598,80.4,1.785036080517,7613438907,6865227495,13.84958985,13.92911055,2.89033896,11.47454901,11.42994056,1.32592667,1.004314465029,2026-07-13 00:00:00
000333,000333.SZ,美的集团,10015250,069001002001,016127,白色家电,1239,601385539263.93,542054034990.72,78.99,-0.428589436531,7613438907,6862312128,13.60670525,13.68483138,2.83965018,11.27331624,11.22949011,1.30267348,0.986701487334,2026-07-10 00:00:00
000333,000333.SZ,美的集团,10015250,069001002001,016127,白色家电,1239,603974108492.31,544387221114.24,79.33,-0.100742979474,7613438907,6862312128,13.66527317,13.74373557,2.85187301,11.32184046,11.27782568,1.30828064,0.990948588503,2026-07-09 00:00:00
000333,000333.SZ,美的集团,10015250,069001002001,016127,白色家电,1239,604583183604.87,544936206084.48,79.41,0.366531850354,7613438907,6862312128,13.67905385,13.75759539,2.85474897,11.33325792,11.28919875,1.30959997,0.991947905913,2026-07-08 00:00:00
000333,000333.SZ,美的集团,10015250,069001002001,016127,白色家电,1239,602375286321.84,542946135567.36,79.12,-1.1,7613438907,6862312128,13.62909887,13.70735357,2.84432361,11.29186962,11.24797135,1.30481739,0.988325379213,2026-07-07 00:00:00
000333,000333.SZ,美的集团,10015250,069001002001,016127,白色家电,1239,609075112560,548984970240,80,2.616726526424,7613438907,6862312128,13.78068642,13.8598115,2.87595916,11.4174617,11.37307518,1.31933002,0.999317875802,2026-07-06 00:00:00
000333,000333.SZ,美的集团,10015250,069001002001,016127,白色家电,1239,593543697189.72,534985853498.88,77.96,1.233606025192,7613438907,6862312128,13.42927891,13.5063863,2.80262221,11.12631643,11.08306176,1.28568711,0.973835269513,2026-07-03 00:00:00
000333,000333.SZ,美的集团,10015250,069001002001,016127,白色家电,1239,586310930228.07,528466656977.28,77.01,-0.503875968992,7613438907,6862312128,13.26563326,13.34180104,2.76847019,10.99073407,10.94800649,1.27002007,0.961968369827,2026-07-02 00:00:00
000333,000333.SZ,美的集团,10015250,069001002001,016127,白色家电,1239,589280171401.8,531142958707.2,77.4,2.475837415596,7613438907,6862312128,13.33281411,13.40936762,2.78249049,11.04639419,11.00345024,1.2764518,0.96684004474,2026-07-01 00:00:00
000333,000333.SZ,美的集团,10015250,069001002001,016127,白色家电,1239,575043040645.71,518310435027.84,75.53,-2.251844182736,7613438907,6862312128,13.01069056,13.08539453,2.71526495,10.77951103,10.7376046,1.24561246,0.943480989036,2026-06-30 00:00:00
000333,000333.SZ,美的集团,10015250,069001002001,016127,白色家电,1239,588290424343.89,530245551999.66,77.27,3.260724308432,7613438907,6862243458,13.31042049,13.38684543,2.53237585,11.02784082,10.98496899,1.27430789,0.965216152861,2026-06-29 00:00:00
000333,000333.SZ,美的集团,10015250,069001002001,016127,白色家电,1239,598035626144.85,539029223625.9,78.55,2.679738562092,7613438907,6862243458,13.53091147,13.60860241,2.57432539,11.21052021,11.16693819,1.29541717,0.981205238677,2026-06-26 00:00:00
000333,000333.SZ,美的集团,10015250,069001002001,016127,白色家电,1239,582428076385.5,524961624537,76.5,-0.169646352603,7613438907,6862243458,13.17778139,13.25344474,2.50714058,10.91794775,10.87550314,1.26160934,0.955597718799,2026-06-25 00:00:00
000333,000333.SZ,美的集团,10015250,069001002001,016127,白色家电,1239,583417823443.41,525853716186.54,76.63,-1.844498526963,7613438907,6862243458,13.200175,13.27596694,2.51140108,10.93650112,10.89398439,1.26375325,0.957221609953,2026-06-24 00:00:00
000333,000333.SZ,美的集团,10015250,069001002001,016127,白色家电,1239,594381175469.49,535735346766.06,78.07,-0.268267756771,7613438907,6862243458,13.44822736,13.52544354,2.55859431,11.14201544,11.09869974,1.28750119,0.97520933204,2026-06-23 00:00:00
000333,000333.SZ,美的集团,10015250,069001002001,016127,白色家电,1239,595979997639.96,537176417892.24,78.28,0.358974358974,7613438907,6862243458,13.48440166,13.56182555,2.56547666,11.17198627,11.12855406,1.29096443,0.977832541329,2026-06-22 00:00:00
000333,000333.SZ,美的集团,10015250,069001002001,016127,白色家电,1239,593848234746,535254989724,78,-1.54001514769,7613438907,6862243458,13.43616926,13.51331621,2.5563002,11.13202516,11.0887483,1.28634677,0.974334928943,2026-06-18 00:00:00
000333,000333.SZ,美的集团,10015250,069001002001,016127,白色家电,1239,603136630212.54,543626926742.76,79.22,0.32928064843,7613438907,6862243458,13.64632472,13.72467833,2.59628335,11.30614145,11.2621877,1.30646656,0.989574525976,2026-06-17 00:00:00
000333,000333.SZ,美的集团,10015250,069001002001,016127,白色家电,1239,601157136096.72,541842743443.68,78.96,-2.434202397133,7613438907,6862243458,13.60153749,13.67963395,2.58776235,11.2690347,11.2252252,1.30217873,0.986326742942,2026-06-16 00:00:00
000333,000333.SZ,美的集团,10015250,069001002001,016127,白色家电,1239,616155610743.51,555361363055.94,80.93,-2.763426649045,7613438907,6862243458,13.9408869,14.0209318,2.65232532,11.55018969,11.50528718,1.33466724,1.010934946135,2026-06-15 00:00:00
000333,000333.SZ,美的集团,10015250,069001002001,016127,白色家电,1239,633666520229.61,571144523009.34,83.23,-2.483889865261,7613438907,6862243458,14.33708163,14.41940138,2.7277034,11.87844171,11.83226309,1.37259797,1.039665334732,2026-06-12 00:00:00
000333,000333.SZ,美的集团,10015250,069001002001,016127,白色家电,1239,649807010712.45,585692479140.3,85.35,1.728247914184,7613438907,6862243458,14.70226982,14.78668639,2.79718233,12.18100445,12.13364958,1.40756022,1.066147258432,2026-06-11 00:00:00
000333,000333.SZ,美的集团,10015250,069001002001,016127,白色家电,1239,638767524297.3,575742226126.2,83.9,1.869839728023,7613438907,6862243458,14.45249488,14.53547731,2.74966137,11.97406296,11.92751259,1.38364736,1.048034622031,2026-06-10 00:00:00
000333,000333.SZ,美的集团,10015250,069001002001,016127,白色家电,1239,627042828380.52,565174371200.88,82.36,-0.591430295715,7613438907,6862243458,14.18721667,14.26867593,2.69919082,11.75427682,11.7085809,1.35825026,1.028797753182,2026-06-09 00:00:00
000333,000333.SZ,美的集团,10015250,069001002001,016127,白色家电,1239,630773413444.95,568536870495.3,82.85,1.42000244828,7613438907,6862243458,14.27162337,14.35356728,2.71524963,11.82420877,11.77824098,1.36633116,1.034918574858,2026-06-08 00:00:00
000333,000333.SZ,美的集团,10015250,069001002001,016127,白色家电,1239,621935835618.93,560570679390.12,81.69,-0.885707352584,7613365597,6862170148,14.07166792,14.15246374,2.67720708,11.65854332,11.61321957,1.3471879,1.020418639988,2026-06-05 00:00:00
000333,000333.SZ,美的集团,10015250,069001002001,016127,白色家电,1239,627482684300.16,565569155393.58,82.42,-0.229996368478,7613233248,6862037799,14.19716867,14.27868508,2.70108424,11.76252217,11.71679419,1.35920304,1.029519430695,2026-06-04 00:00:00
000333,000333.SZ,美的集团,10015250,069001002001,016127,白色家电,1239,628912880663.98,566856624622.09,82.61,0.01210653753,7613035718,6861840269,14.22952771,14.31122992,2.70724072,11.78933202,11.74349982,1.36230102,1.03186597325,2026-06-03 00:00:00
000333,000333.SZ,美的集团,10015250,069001002001,016127,白色家电,1239,628822091037,566773346949.6,82.6,1.101591187271,7612858245,6861662796,14.22747354,14.30916395,2.7068499,11.78763012,11.74180453,1.36210436,1.031717013413,2026-06-02 00:00:00
000333,000333.SZ,美的集团,10015250,069001002001,016127,白色家电,1239,621953827633.3,560581159450,81.7,1.051329622758,7612653949,6861458500,14.072075,14.15287316,2.67728453,11.65888059,11.61355553,1.34722687,1.020448159731,2026-06-01 00:00:00
000333,000333.SZ,美的集团,10015250,069001002001,016127,白色家电,1239,615457903575.9,554723751524.25,80.85,2.406586447118,7612342654,6861147205,13.92510086,14.00505513,2.64932195,11.53711077,11.4922591,1.33315592,1.009790208385,2026-05-29 00:00:00
000333,000333.SZ,美的集团,10015250,069001002001,016127,白色家电,1239,600972520144.35,541665639445.8,78.95,-1.349493939773,7612064853,6860869404,13.59736045,13.67543292,2.58696765,11.26557396,11.22177792,1.30177883,0.986023841431,2026-05-28 00:00:00
000333,000333.SZ,美的集团,10015250,069001002001,016127,白色家电,1239,609171500480.05,549053328696.58,80.03,0.603394091766,7611789335,6860593886,13.78286725,13.86200485,2.62226127,11.41926855,11.374875,1.31953881,0.999476020493,2026-05-27 00:00:00
000333,000333.SZ,美的集团,10015250,069001002001,016127,白色家电,1239,605491659387.3,545734061419.35,79.55,-0.325773712567,7611460206,6860264757,13.69960866,13.77826821,2.6064209,11.35028782,11.30616244,1.31156783,0.993438454964,2026-05-26 00:00:00
000333,000333.SZ,美的集团,10015250,069001002001,016127,白色家电,1239,607440829766.43,547487920981.74,79.81,-0.585450921774,7611086703,6859891254,13.7437098,13.82262257,2.61481136,11.38682613,11.34255871,1.31578997,0.996636485614,2026-05-25 00:00:00
000333,000333.SZ,美的集团,10015250,069001002001,016127,白色家电,1239,610987344736.32,550681374090.6,80.28,-1.496932515337,7610704344,6859508895,13.82395181,13.9033253,2.63007782,11.45330759,11.40878171,1.32347215,1.002455301349,2026-05-22 00:00:00
000333,000333.SZ,美的集团,10015250,069001002001,016127,白色家电,1239,620249612805.5,559027183712,81.5,0,7610424697,6859229248,14.03351613,14.11409289,2.66994851,11.6269341,11.58173324,1.34353534,1.017652031376,2026-05-21 00:00:00
000333,000333.SZ,美的集团,10015250,069001002001,016127,白色家电,1239,620216158604,558993729510.5,81.5,0.617283950617,7610014216,6858818767,14.0327592,14.11333162,2.6698045,11.62630699,11.58110856,1.34346287,1.01759714197,2026-05-20 00:00:00
000333,000333.SZ,美的集团,10015250,069001002001,016127,白色家电,1239,616377032028,555530200659,81,-2.20934444042,7609592988,6858397539,13.94589668,14.02597036,2.65327846,11.55434036,11.50942171,1.33514686,1.011298234476,2026-05-19 00:00:00
000333,000333.SZ,美的集团,10015250,069001002001,016127,白色家电,1239,630278084342.61,568056565301.94,82.83,0.31488434056,7609297167,6858101718,14.26041625,14.34229582,2.71311742,11.81492354,11.76899185,1.36525821,1.03410588128,2026-05-18 00:00:00
000333,000333.SZ,美的集团,10015250,069001002001,016127,白色家电,1239,628279907913.05,566253699689.12,82.57,0.928981787068,7609057865,6857862416,14.21520633,14.2968263,2.704516,11.77746658,11.73168051,1.36092992,1.030827446532,2026-05-15 00:00:00
000333,000333.SZ,美的集团,10015250,069001002001,016127,白色家电,1239,622475481317.4,561020181634.71,81.81,1.779049514805,7608794540,6857599091,14.08387772,14.16474365,2.67953006,11.66865928,11.62329621,1.34835684,1.021304043736,2026-05-14 00:00:00
000333,000333.SZ,美的集团,10015250,069001002001,016127,白色家电,1239,611575143139.54,551194052948.92,80.38,0.362092645774,7608548683,6857353234,13.83725109,13.91670095,2.63260808,11.4643262,11.41975749,1.32474539,1.00341970964,2026-05-13 00:00:00
000333,000333.SZ,美的集团,10015250,069001002001,016127,白色家电,1239,609345411732.04,549182168221.63,80.09,-0.718978554605,7608258356,6857062907,13.7868021,13.86596229,2.6230099,11.42252861,11.37812239,1.31991553,0.999761359396,2026-05-12 00:00:00
000333,000333.SZ,美的集团,10015250,069001002001,016127,白色家电,1239,613726705671.09,553127768800.26,80.67,0.335820895522,7607867927,6856672478,13.88593147,13.96566084,2.64186977,11.50465847,11.45993297,1.32940594,1.006949807666,2026-05-11 00:00:00
000333,000333.SZ,美的集团,10015250,069001002001,016127,白色家电,1239,611653162158,551257048058.4,80.4,0.739255732364,7607626395,6856430946,13.83901632,13.91847632,2.63294392,11.46578871,11.42121432,1.32491439,1.003547716754,2026-05-08 00:00:00
000333,000333.SZ,美的集团,10015250,069001002001,016127,白色家电,1239,607142822339.02,547189913554.33,79.81,-0.783192441571,7607352742,6856157293,13.7369672,13.81584126,2.61352855,11.38123981,11.33699411,1.31514445,0.996147540397,2026-05-07 00:00:00
000333,000333.SZ,美的集团,10015250,069001002001,016127,白色家电,1239,611893109904.76,551466947987.2,80.44,-0.813810110974,7606826329,6855630880,13.84444528,13.92393645,2.63397681,11.47028667,11.42569479,1.32543415,1.003941402279,2026-05-06 00:00:00
000333,000333.SZ,美的集团,10015250,069001002001,016127,白色家电,1239,616882215146.1,555960264232.2,81.1,-0.258270815398,7606439151,6855243702,13.95732675,14.03746605,2.65545309,11.56381031,11.51885484,1.33624115,1.012127095457,2026-04-30 00:00:00
000333,000333.SZ,美的集团,10015250,069001002001,016127,白色家电,1239,618479567367.81,557399865409.62,81.31,1.068986948415,7606439151,6855243702,14.07381461,14.07381461,2.66232911,11.59375359,11.59375359,1.34891237,1.02057430899,2026-04-29 00:00:00
000333,000333.SZ,美的集团,10015250,069001002001,016127,白色家电,1239,611938029697.95,551504355825.9,80.45,1.194968553459,7606439151,6855243702,13.92495862,13.92495862,2.63417017,11.47112872,11.47112872,1.33464518,1.009779893734,2026-04-28 00:00:00
000333,000333.SZ,美的集团,10015250,069001002001,016127,白色家电,1239,604711912504.5,544991874309,79.5,-0.200853627919,7606439151,6855243702,13.76052468,13.76052468,2.60306437,11.33567102,11.33567102,1.31888492,0.997855830547,2026-04-27 00:00:00
000333,000333.SZ,美的集团,10015250,069001002001,016127,白色家电,1239,605910286237.34,546070056770,79.66,-0.237946149029,7606204949,6855009500,13.78779428,13.78779428,2.60822293,11.35813522,11.35813522,1.32149859,0.99983330815,2026-04-24 00:00:00
000333,000333.SZ,美的集团,10015250,069001002001,016127,白色家电,1239,607330719982.05,547347763379.4,79.85,0.693568726356,7605895053,6854699604,13.82011696,13.82011696,2.61433738,11.38476206,11.38476206,1.32459658,1.002177214029,2026-04-23 00:00:00
000333,000333.SZ,美的集团,10015250,069001002001,016127,白色家电,1239,603131212876.4,543561413770.7,79.3,-0.251572327044,7605689948,6854494499,13.72455506,13.72455506,2.59626003,11.3060399,11.3060399,1.3154374,0.995247463797,2026-04-22 00:00:00
000333,000333.SZ,美的集团,10015250,069001002001,016127,白色家电,1239,604625084353.5,544905046158,79.5,-0.100527770797,7605346973,6854151524,13.75854886,13.75854886,2.60269061,11.33404337,11.33404337,1.31869555,0.997712552325,2026-04-21 00:00:00
000333,000333.SZ,美的集团,10015250,069001002001,016127,白色家电,1239,605204434215.98,545424300384.56,79.58,1.182453909727,7604981581,6853786132,13.77173226,13.77173226,2.6051845,11.34490362,11.34490362,1.31995912,0.998668557482,2026-04-20 00:00:00
000333,000333.SZ,美的集团,10015250,069001002001,016127,白色家电,1239,598112061060.8,539030538996.95,78.65,0.962772785623,7604730592,6853535143,13.61034173,13.61034173,2.57465442,11.21195302,11.21195302,1.30449056,0.986965189689,2026-04-17 00:00:00
000333,000333.SZ,美的集团,10015250,069001002001,016127,白色家电,1239,592399598396.6,533881472919.5,77.9,0.529100529101,7604616154,6853420705,13.48035176,13.48035176,2.55006435,11.10486964,11.10486964,1.2920316,0.977538859481,2026-04-16 00:00:00
000333,000333.SZ,美的集团,10015250,069001002001,016127,白色家电,1239,589271688253.71,531061552910.7,77.49,1.227955584585,7604486879,6853291430,13.40917458,13.40917458,2.53659983,11.04623517,11.04623517,1.28520959,0.972377387392,2026-04-15 00:00:00
000333,000333.SZ,美的集团,10015250,069001002001,016127,白色家电,1239,582117989607.45,524613977986.5,76.55,1.016099234627,7604415279,6853219830,13.24638856,13.24638856,2.50580577,10.912135,10.912135,1.26960727,0.960572824487,2026-04-14 00:00:00
000333,000333.SZ,美的集团,10015250,069001002001,016127,白色家电,1239,576254414847.78,519328823722.56,75.78,-0.824499411072,7604307401,6853111952,13.11295996,13.11295996,2.48056522,10.80221893,10.80221893,1.25681873,0.950897139179,2026-04-13 00:00:00
000333,000333.SZ,美的集团,10015250,069001002001,016127,白色家电,1239,581040876828.78,523642032570.69,76.41,-0.14375326712,7604251758,6853056309,13.22187832,13.22187832,2.50116919,10.8919439,10.8919439,1.26725807,0.958795444157,2026-04-10 00:00:00
000333,000333.SZ,美的集团,10015250,069001002001,016127,白色家电,1239,581872278974.68,524390803217.2,76.52,-0.273686954255,7604185559,6852990110,13.24079729,13.24079729,2.50474807,10.90752901,10.90752901,1.26907137,0.960167368917,2026-04-09 00:00:00
000333,000333.SZ,美的集团,10015250,069001002001,016127,白色家电,1239,583461610011.97,525822383210.2,76.73,0.801366263794,7604087189,6852891740,13.27696332,13.27696332,2.51158956,10.93732193,10.93732193,1.27253773,0.962789978501,2026-04-08 00:00:00
000333,000333.SZ,美的集团,10015250,069001002001,016127,白色家电,1239,578810391085.08,521629393507.2,76.12,-0.30124426981,7603920009,6852724560,13.17112249,13.17112249,2.49156776,10.85013217,10.85013217,1.26239335,0.955114843157,2026-04-07 00:00:00
000333,000333.SZ,美的集团,10015250,069001002001,016127,白色家电,1239,580541391284.4,523187618753.25,76.35,-1.318340442032,7603685544,6852490095,13.21051227,13.21051227,2.49901909,10.88258076,10.88258076,1.26616869,0.957971225639,2026-04-03 00:00:00
000333,000333.SZ,美的集团,10015250,069001002001,016127,白色家电,1239,588297150539.28,530177158650.15,77.37,0.689744924518,7603685544,6852490095,13.38699849,13.38699849,2.5324048,11.0279669,11.0279669,1.28308411,0.97076926988,2026-04-02 00:00:00
000333,000333.SZ,美的集团,10015250,069001002001,016127,白色家电,1239,584257674189.24,526535815888.08,76.84,0.641781270465,7603561611,6852366162,13.29507816,13.29507816,2.51501633,10.95224461,10.95224461,1.27427395,0.964103591109,2026-04-01 00:00:00
000333,000333.SZ,美的集团,10015250,069001002001,016127,白色家电,1239,580510136801.1,523156364269.95,76.35,5.894590846047,7603276186,6852080737,13.20980106,13.20980106,2.49888455,10.88199487,10.88199487,1.26610052,0.957919651657,2026-03-31 00:00:00
000333,000333.SZ,美的集团,10015250,069001002001,016127,白色家电,1239,548196213010.6,494032501242.7,72.1,-3.583845948114,7603276186,6852045787,12.25799983,12.47448142,2.45584181,10.27625187,9.5647912,1.20894375,0.888898998087,2026-03-30 00:00:00
000333,000333.SZ,美的集团,10015250,069001002001,016127,白色家电,1239,568572993189.08,512395983951.86,74.78,0.61894510226,7603276186,6852045787,12.713637,12.93816533,2.54712691,10.65822628,9.92032019,1.25388091,0.921939904395,2026-03-27 00:00:00
000333,000333.SZ,美的集团,10015250,069001002001,016127,白色家电,1239,565075486143.52,509244042889.84,74.32,-0.641711229947,7603276186,6852045787,12.63543062,12.8585778,2.53145857,10.59266351,9.85929656,1.24616781,0.916268704053,2026-03-26 00:00:00
000333,000333.SZ,美的集团,10015250,069001002001,016127,白色家电,1239,568725058712.8,512533024867.6,74.8,0.767883605011,7603276186,6852045787,12.71703727,12.94162566,2.54780814,10.66107684,9.92297339,1.25421626,0.922186477787,2026-03-25 00:00:00
000333,000333.SZ,美的集团,10015250,069001002001,016127,白色家电,1239,564391191286.78,508627358769.01,74.23,1.172141202126,7603276186,6852045787,12.62012937,12.84300632,2.52839303,10.57983601,9.84735715,1.24465873,0.915159121252,2026-03-24 00:00:00
000333,000333.SZ,美的集团,10015250,069001002001,016127,白色家电,1239,557852373766.82,502734599392.19,73.37,-2.329605963791,7603276186,6852045787,12.47391744,12.69421223,2.49910005,10.45726213,9.73326949,1.2302386,0.904556442194,2026-03-23 00:00:00
000333,000333.SZ,美的集团,10015250,069001002001,016127,白色家电,1239,571158107092.32,514725679519.44,75.12,-1.157894736842,7603276186,6852045787,12.77144171,12.99699091,2.55870786,10.70668572,9.96542461,1.25958189,0.92613166076,2026-03-20 00:00:00
000333,000333.SZ,美的集团,10015250,069001002001,016127,白色家电,1239,577848990136,520755479812,76,-1.375551518297,7603276186,6852045787,12.92105391,13.14924532,2.58868207,10.83211016,10.08216548,1.27433738,0.936980913209,2026-03-19 00:00:00
000333,000333.SZ,美的集团,10015250,069001002001,016127,白色家电,1239,585908462893.16,528018648346.22,77.06,0.600522193211,7603276186,6852045787,13.10126861,13.33264269,2.62478737,10.98318959,10.22278515,1.29211103,0.950049331262,2026-03-18 00:00:00
000333,000333.SZ,美的集团,10015250,069001002001,016127,白色家电,1239,582410955847.6,524866707284.2,76.6,-0.052192066806,7603276186,6852045787,13.02306223,13.25305516,2.60911903,10.91762682,10.16176152,1.28439793,0.94437813092,2026-03-17 00:00:00
000333,000333.SZ,美的集团,10015250,069001002001,016127,白色家电,1239,582715086895.04,525140789115.68,76.64,-0.286234712464,7603276186,6852045787,13.02986279,13.25997581,2.6104815,10.92332793,10.16706792,1.28506864,0.944871279155,2026-03-16 00:00:00
000333,000333.SZ,美的集团,10015250,069001002001,016127,白色家电,1239,584365084458.12,526625515990.98,76.86,-0.697674418605,7602980542,6851750143,13.06675774,13.29752234,2.61787326,10.95425807,10.19585667,1.2887074,0.947546746975,2026-03-13 00:00:00
000333,000333.SZ,美的集团,10015250,069001002001,016127,白色家电,1239,588470693950.8,530325461068.2,77.4,0.012921566094,7602980542,6851750143,13.15856165,13.39094755,2.63626581,11.03122008,10.26749032,1.29776155,0.954203983453,2026-03-12 00:00:00
000333,000333.SZ,美的集团,10015250,069001002001,016127,白色家电,1239,588394664145.38,530256943566.77,77.39,1.031331592689,7602980542,6851750143,13.15686158,13.38921746,2.63592521,11.02979485,10.26616377,1.29759388,0.954080701471,2026-03-11 00:00:00
000333,000333.SZ,美的集团,10015250,069001002001,016127,白色家电,1239,582388309517.2,524844060953.8,76.6,1.578040047739,7602980542,6851750143,13.02255585,13.25253983,2.60901758,10.9172023,10.16136639,1.28434799,0.944341410356,2026-03-10 00:00:00
000333,000333.SZ,美的集团,10015250,069001002001,016127,白色家电,1239,573330404052.98,516680119664.39,75.41,-1.450601150026,7602843178,6851612779,12.82001559,13.04642262,2.56843944,10.74740667,10.00332631,1.26437248,0.929654035851,2026-03-09 00:00:00
000333,000333.SZ,美的集团,10015250,069001002001,016127,白色家电,1239,581761637176.28,524277487044.8,76.52,0.327782876623,7602739639,6851509240,13.00854307,13.23827958,2.60621018,10.90545496,10.15043237,1.28296598,0.943325262022,2026-03-06 00:00:00
000333,000333.SZ,美的集团,10015250,069001002001,016127,白色家电,1239,579852696801.73,522556354270,76.27,0.144432773109,7602631399,6851401000,12.96585801,13.19484068,2.59765839,10.86967078,10.11712565,1.27875617,0.940229919585,2026-03-05 00:00:00
000333,000333.SZ,美的集团,10015250,069001002001,016127,白色家电,1239,579005359197.44,521791652009.6,76.16,-0.522466039707,7602486334,6851255935,12.94691103,13.17555909,2.59386244,10.85378696,10.10234152,1.27688753,0.938855963656,2026-03-04 00:00:00
000333,000333.SZ,美的集团,10015250,069001002001,016127,白色家电,1239,582035523247.2,524521323899.76,76.56,-1.149128469981,7602344870,6851114471,13.01466733,13.244512,2.60743715,10.91058912,10.15521106,1.28356999,0.943769367802,2026-03-03 00:00:00
000333,000333.SZ,美的集团,10015250,069001002001,016127,白色家电,1239,588778526828.6,530595732426.05,77.45,-1.513224821974,7602046828,6850816429,13.16544498,13.39795245,2.63764486,11.03699058,10.27286131,1.29844042,0.954703133823,2026-03-02 00:00:00
000333,000333.SZ,美的集团,10015250,069001002001,016127,白色家电,1239,597655480378.32,538578721800.96,78.64,-0.769716088328,7599891663,6848661264,13.36393905,13.599952,2.67741236,11.20339416,10.42774419,1.31801687,0.969097095513,2026-02-27 00:00:00
000333,000333.SZ,美的集团,10015250,069001002001,016127,白色家电,1239,602291414292.75,542756405172,79.25,-0.564617314931,7599891663,6848661264,13.46760134,13.70544502,2.69818069,11.29029739,10.50863081,1.32824055,0.976614252226,2026-02-26 00:00:00
000333,000333.SZ,美的集团,10015250,069001002001,016127,白色家电,1239,605711365541.1,545838302740.8,79.7,0.226358148893,7599891663,6848661264,13.54407353,13.78326774,2.71350159,11.35440634,10.56830127,1.33578261,0.982159696346,2026-02-25 00:00:00
000333,000333.SZ,美的集团,10015250,069001002001,016127,白色家电,1239,604343385041.76,544605543713.28,79.52,0.594560404807,7599891663,6848661264,13.51348465,13.75213865,2.70737323,11.32876276,10.54443309,1.33276579,0.979941518408,2026-02-24 00:00:00
000333,000333.SZ,美的集团,10015250,069001002001,016127,白色家电,1239,600771435960.15,541386672919.2,79.05,-0.93984962406,7599891663,6848661264,13.43361371,13.67085715,2.6913714,11.26180453,10.48211061,1.32488852,0.974149611121,2026-02-13 00:00:00
000333,000333.SZ,美的集团,10015250,069001002001,016127,白色家电,1239,606471354707.4,546523168867.2,79.8,0.13803488518,7599891663,6848661264,13.56106735,13.80056167,2.71690623,11.36865277,10.58156138,1.33745862,0.983392017261,2026-02-12 00:00:00
000333,000333.SZ,美的集团,10015250,069001002001,016127,白色家电,1239,605635366624.47,545769816128.16,79.69,-0.623519142038,7599891663,6848661264,13.54237415,13.78153834,2.71316112,11.35298169,10.56697526,1.33561501,0.982036464399,2026-02-11 00:00:00
000333,000333.SZ,美的集团,10015250,069001002001,016127,白色家电,1239,609435312455.97,549194146760.16,80.19,1.301162203133,7599891663,6848661264,13.62734324,13.86800803,2.73018435,11.42421385,10.63327577,1.34399507,0.988198068251,2026-02-10 00:00:00
000333,000333.SZ,美的集团,10015250,069001002001,016127,白色家电,1239,601607424043.08,542140025658.24,79.16,-0.477747045512,7599891663,6848661264,13.45230691,13.68988048,2.69511651,11.2774756,10.49669672,1.32673214,0.975505163983,2026-02-09 00:00:00
000333,000333.SZ,美的集团,10015250,069001002001,016127,白色家电,1239,604495382875.02,544742516938.56,79.54,-1.131137352393,7599891663,6848661264,13.51688342,13.75559744,2.70805416,11.33161204,10.54708511,1.33310099,0.980187983026,2026-02-06 00:00:00
000333,000333.SZ,美的集团,10015250,069001002001,016127,白色家电,1239,611411284288.35,550974798688.8,80.45,0.801904523243,7599891663,6848661264,13.67152717,13.91297226,2.73903642,11.46125458,10.66775204,1.34835271,0.991402102486,2026-02-05 00:00:00
000333,000333.SZ,美的集团,10015250,069001002001,016127,白色家电,1239,606547353624.03,546591655479.84,79.81,2.43871133359,7599891663,6848661264,13.56276673,13.80229107,2.7172467,11.37007741,10.58288739,1.33762622,0.983515249208,2026-02-04 00:00:00
000333,000333.SZ,美的集团,10015250,069001002001,016127,白色家电,1239,592107559464.33,533579199078.24,77.91,0.077071290944,7599891663,6848661264,13.23988417,13.47370626,2.65255845,11.0993952,10.33094545,1.30578197,0.960101153265,2026-02-03 00:00:00
000333,000333.SZ,美的集团,10015250,069001002001,016127,白色家电,1239,591651565964.55,533168279402.4,77.85,0.335094728702,7599891663,6848661264,13.22968788,13.4633299,2.65051567,11.09084734,10.32298939,1.30477636,0.959361760861,2026-02-02 00:00:00
000333,000333.SZ,美的集团,10015250,069001002001,016127,白色家电,1239,589673681538.67,531385714880.26,77.59,-0.372367745249,7599867013,6848636614,13.18546119,13.41832214,2.64165502,11.05377077,10.28847975,1.30041451,0.956154625849,2026-01-30 00:00:00
000333,000333.SZ,美的集团,10015250,069001002001,016127,白色家电,1239,591877642972.44,533371819498.32,77.88,3.371383063446,7599867013,6848636614,13.2347431,13.4684744,2.65152846,11.09508529,10.32693392,1.30527493,0.959728344321,2026-01-29 00:00:00
000333,000333.SZ,美的集团,10015250,069001002001,016127,白色家电,1239,572567859685.78,515970161425.12,75.34,-0.998685939553,7599785767,6848555368,12.80296463,13.02907054,2.56502335,10.73311234,9.99002163,1.26269083,0.928417571381,2026-01-28 00:00:00
000333,000333.SZ,美的集团,10015250,069001002001,016127,白色家电,1239,578337335745.8,521168702381.9,76.1,-0.327439423707,7599702178,6848471779,12.93197362,13.16035788,2.59086979,10.84126447,10.09068601,1.27541433,0.937772765013,2026-01-27 00:00:00
000333,000333.SZ,美的集团,10015250,069001002001,016127,白色家电,1239,580230330695.4,522873889731.75,76.35,-0.56004167752,7599611404,6848381005,12.97430213,13.20343393,2.59935014,10.87674975,10.12371451,1.27958897,0.940842251932,2026-01-26 00:00:00
000333,000333.SZ,美的集团,10015250,069001002001,016127,白色家电,1239,583490248118.58,525810778083.36,76.78,-0.916247257711,7599508311,6848277912,13.04719586,13.277615,2.61395411,10.93785877,10.18059274,1.28677811,0.946128201064,2026-01-23 00:00:00
000333,000333.SZ,美的集团,10015250,069001002001,016127,白色家电,1239,588830818275,530617974656.49,77.49,-0.3728464901,7598797500,6847567101,13.16661425,13.39914236,2.63787911,11.03797081,10.27377368,1.29855573,0.954787924404,2026-01-22 00:00:00
000333,000333.SZ,美的集团,10015250,069001002001,016127,白色家电,1239,591034469550,532603769115.78,77.78,-1.544303797468,7598797500,6847567101,13.21588923,13.44928756,2.64775116,11.07927952,10.31222244,1.30341547,0.958361140341,2026-01-21 00:00:00
000333,000333.SZ,美的集团,10015250,069001002001,016127,白色家电,1239,600305002500,540957800979,79,1.7778922958,7598797500,6847567101,13.42318397,13.66024322,2.68928184,11.25306096,10.4739724,1.32385989,0.973393289897,2026-01-20 00:00:00
000333,000333.SZ,美的集团,10015250,069001002001,016127,白色家电,1239,589818661950,531508158379.62,77.62,0.400983055232,7598797500,6847567101,13.18870304,13.42162125,2.64230451,11.05648851,10.29100933,1.30073424,0.956389711284,2026-01-19 00:00:00
000333,000333.SZ,美的集团,10015250,069001002001,016127,白色家电,1239,587463034725,529385412578.31,77.31,0.11655011655,7598797500,6847567101,13.13602978,13.36801776,2.63175164,11.01233093,10.24990894,1.29553934,0.952570066261,2026-01-16 00:00:00
000333,000333.SZ,美的集团,10015250,069001002001,016127,白色家电,1239,586779142950,528769131539.22,77.22,0.090732339598,7598797500,6847567101,13.12073755,13.35245546,2.6286879,10.99951098,10.23797656,1.29403115,0.951461137552,2026-01-15 00:00:00
000333,000333.SZ,美的集团,10015250,069001002001,016127,白色家电,1239,586247227125,528289801842.15,77.15,1.246719160105,7598797500,6847567101,13.10884359,13.34035144,2.62630499,10.98953992,10.22869583,1.29285811,0.950598637203,2026-01-14 00:00:00
000333,000333.SZ,美的集团,10015250,069001002001,016127,白色家电,1239,579028369500,521784613096.2,76.2,-3.078097176291,7598797500,6847567101,12.94742555,13.1760827,2.59396552,10.8542183,10.10274299,1.27693828,0.9388932745,2026-01-13 00:00:00
000333,000333.SZ,美的集团,10015250,069001002001,016127,白色家电,1239,597287567102.52,538225833133.14,78.62,-1.441644728595,7597145346,6845914947,13.35571229,13.59157995,2.67576416,11.19649741,10.42132493,1.3172055,0.968500525206,2026-01-12 00:00:00
000333,000333.SZ,美的集团,10015250,069001002001,016127,白色家电,1239,606024284250.42,546098635322.19,79.77,0.936353283563,7597145346,6845914947,13.55107058,13.79038836,2.71490342,11.36027218,10.573761,1.33647269,0.982667093215,2026-01-09 00:00:00
000333,000333.SZ,美的集团,10015250,069001002001,016127,白色家电,1239,600402396694.38,541032658261.41,79.03,-0.428373440847,7597145346,6845914947,13.42536176,13.66245947,2.68971816,11.25488667,10.47567171,1.32407468,0.97355121414,2026-01-08 00:00:00
000333,000333.SZ,美的集团,10015250,069001002001,016127,白色家电,1239,602985426112.02,543360269343.39,79.37,0.672247590056,7597145346,6845914947,13.48311987,13.72123761,2.70128976,11.30330704,10.52073976,1.32977106,0.977739591267,2026-01-07 00:00:00
000333,000333.SZ,美的集团,10015250,069001002001,016127,白色家电,1239,598958939078.64,539731934421.48,78.84,0.203355363498,7597145346,6845914947,13.39308518,13.62961286,2.68325167,11.22782824,10.45048662,1.3208914,0.971210651241,2026-01-06 00:00:00
000333,000333.SZ,美的集团,10015250,069001002001,016127,白色家电,1239,597743395823.28,538636588029.96,78.68,0.678182981446,7597145346,6845914947,13.36590489,13.60195256,2.67780621,11.20504218,10.42927812,1.31821075,0.969239650026,2026-01-05 00:00:00
000333,000333.SZ,美的集团,10015250,069001002001,016127,白色家电,1239,593716908789.9,535008253108.05,78.15,-0.887761572606,7597145346,6845914947,13.2758702,13.51032782,2.65976811,11.12956338,10.35902497,1.30933109,0.96271071,2025-12-31 00:00:00
000333,000333.SZ,美的集团,10015250,069001002001,016127,白色家电,1239,599094495663.55,539759233161.3,78.85,0.561152914169,7597901023,6845392938,13.3961163,15.54586012,2.71625217,9.90049466,10.45285177,1.32119035,0.97143046,2025-12-30 00:00:00
000333,000333.SZ,美的集团,10015250,069001002001,016127,白色家电,1239,595751419213.43,536747260268.58,78.41,-0.583238240142,7597901023,6845392938,13.32136309,15.45911086,2.7010949,9.84524777,10.39452261,1.31381782,0.96600967,2025-12-29 00:00:00
000333,000333.SZ,美的集团,10015250,069001002001,016127,白色家电,1239,599246453684.01,539896141020.06,78.87,0.356279424863,7597901023,6845392938,13.39951418,15.54980326,2.71694114,9.90300589,10.4555031,1.32152546,0.97167686,2025-12-26 00:00:00
000333,000333.SZ,美的集团,10015250,069001002001,016127,白色家电,1239,597119041397.57,537979430997.42,78.59,-0.266497461929,7597901023,6845392938,13.35194395,15.49459919,2.7072956,9.86784877,10.41838454,1.31683385,0.96822726,2025-12-25 00:00:00
000333,000333.SZ,美的集团,10015250,069001002001,016127,白色家电,1239,598714600612.4,539416963514.4,78.8,-1.067168863779,7597901023,6845392938,13.38762162,15.53600225,2.71452975,9.89421661,10.44622346,1.32035256,0.97081446,2025-12-24 00:00:00
000333,000333.SZ,美的集团,10015250,069001002001,016127,白色家电,1239,605172816481.95,545235547511.7,79.65,0.618999494694,7597901023,6845392938,13.53203124,15.70358603,2.74381085,10.00094356,10.5589048,1.33459494,0.98128644,2025-12-23 00:00:00
000333,000333.SZ,美的集团,10015250,069001002001,016127,白色家电,1239,601449844980.68,541881304972.08,79.16,-0.365009439899,7597901023,6845392938,13.44878334,15.60697891,2.72693116,9.93941861,10.49394732,1.32638463,0.97524965,2025-12-22 00:00:00
000333,000333.SZ,美的集团,10015250,069001002001,016127,白色家电,1239,603645669062.1,543858901708.85,79.45,-0.47601152449,7597805778,6845297693,13.4978833,15.66395819,2.73688687,9.97570628,10.53225951,1.3312271,0.97881018,2025-12-19 00:00:00
000333,000333.SZ,美的集团,10015250,069001002001,016127,白色家电,1239,614107345946.04,554034625520.49,79.83,-0.795327451224,7692688788,6940180703,13.73181274,15.93542749,2.78431938,10.14859349,10.71479225,1.35429837,0.99577376,2025-12-18 00:00:00
000333,000333.SZ,美的集团,10015250,069001002001,016127,白色家电,1239,618910572779.07,558356247179.12,80.47,0.637818909455,7691196381,6938688296,13.83921581,16.06006608,2.80609687,10.22797049,10.79859776,1.36489098,1.00356219,2025-12-17 00:00:00
000333,000333.SZ,美的集团,10015250,069001002001,016127,白色家电,1239,614988062624.76,554817516148.16,79.96,-0.559631886581,7691196381,6938688296,13.7515061,15.95828115,2.78831248,10.16314801,10.73015878,1.35624062,0.99720184,2025-12-16 00:00:00
000333,000333.SZ,美的集团,10015250,069001002001,016127,白色家电,1239,618449100996.21,557939925881.36,80.41,1.374180534544,7691196381,6938688296,13.82889702,16.04809138,2.80400459,10.22034432,10.79054611,1.36387329,1.00281391,2025-12-15 00:00:00
000333,000333.SZ,美的集团,10015250,069001002001,016127,白色家电,1239,610065696940.92,550376755638.72,79.32,0.025220680958,7691196381,6938688296,13.64143902,15.83055103,2.76599482,10.08180215,10.64427456,1.34538527,0.98922024,2025-12-12 00:00:00
000333,000333.SZ,美的集团,10015250,069001002001,016127,白色家电,1239,609911873013.3,550237981872.8,79.3,-0.96165854877,7691196381,6938688296,13.63799942,15.82655947,2.7652974,10.0792601,10.64159068,1.34504604,0.98897081,2025-12-11 00:00:00
000333,000333.SZ,美的集团,10015250,069001002001,016127,白色家电,1239,615834094226.67,555580771860.72,80.07,-0.162094763092,7691196381,6938688296,13.77042388,15.98023476,2.79214833,10.17712933,10.74492013,1.35810639,0.99857368,2025-12-10 00:00:00
000333,000333.SZ,美的集团,10015250,069001002001,016127,白色家电,1239,616833949756.2,556482801339.2,80.2,-1.967974575235,7691196381,6938688296,13.79278126,16.00617994,2.79668161,10.19365271,10.76236536,1.36031138,1.00019495,2025-12-09 00:00:00
000333,000333.SZ,美的集团,10015250,069001002001,016127,白色家电,1239,629216775929.61,567654089495.76,81.81,-0.51076249544,7691196381,6938688296,14.06966876,16.32750101,2.85282447,10.39828838,10.97841783,1.38761938,1.02027367,2025-12-08 00:00:00
000333,000333.SZ,美的集团,10015250,069001002001,016127,白色家电,1239,632421914549.49,570543174719.94,82.23,0.415191110026,7690890363,6938382278,14.1413376,16.41067092,2.86735634,10.45125575,11.03434029,1.39468771,1.0254708,2025-12-05 00:00:00
000333,000333.SZ,美的集团,10015250,069001002001,016127,白色家电,1239,629775121567.15,568144469840.48,81.89,-0.340756967263,7690500935,6937898032,14.08215371,16.34198948,2.85535596,10.40751547,10.9881597,1.3888507,1.02117903,2025-12-04 00:00:00
000333,000333.SZ,美的集团,10015250,069001002001,016127,白色家电,1239,631862347600.44,570020967060.93,82.17,0.747915644924,7689696332,6937093429,14.12882535,16.39615076,2.8648193,10.44200847,11.0245771,1.39345369,1.02456346,2025-12-03 00:00:00
000333,000333.SZ,美的集团,10015250,069001002001,016127,白色家电,1239,627109537295.04,565727244526.36,81.56,1.95,7688934984,6936332081,14.02254963,16.27282042,2.84327039,10.36346465,10.94165125,1.38297226,1.01685679,2025-12-02 00:00:00
000333,000333.SZ,美的集团,10015250,069001002001,016127,白色家电,1239,615079251760,554871019520,80,0.175306786877,7688490647,6935887744,13.75354515,15.96064741,2.78872593,10.16465498,10.73174982,1.35644172,0.99734971,2025-12-01 00:00:00
000333,000333.SZ,美的集团,10015250,069001002001,016127,白色家电,1239,613970023439.52,553867155605.94,79.86,0.075187969925,7688079432,6935476529,13.72874213,15.93186412,2.78369677,10.14632414,10.71239628,1.35399553,0.9955511,2025-11-28 00:00:00
000333,000333.SZ,美的集团,10015250,069001002001,016127,白色家电,1239,613466886286.8,553409174627.4,79.8,0,7687554966,6934952063,13.71749168,15.91880825,2.78141558,10.13800941,10.70361767,1.35288595,0.99473526,2025-11-27 00:00:00
000333,000333.SZ,美的集团,10015250,069001002001,016127,白色家电,1239,613409515832.4,553351804173,79.8,1.397712833545,7686836038,6934233135,13.71620884,15.91731955,2.78115546,10.13706132,10.70261669,1.35275943,0.99464223,2025-11-26 00:00:00
000333,000333.SZ,美的集团,10015250,069001002001,016127,白色家电,1239,604925122577.2,545695274111.1,78.7,0.178207739308,7686469156,6933866253,13.52649266,15.69715864,2.74268782,9.99685023,10.5545831,1.3340487,0.98088481,2025-11-25 00:00:00
000333,000333.SZ,美的集团,10015250,069001002001,016127,白色家电,1239,603738961091.52,544614477031.84,78.56,-0.24126984127,7685068242,6932465339,13.49996937,15.66637902,2.73730985,9.97724801,10.53388725,1.33143284,0.97896145,2025-11-24 00:00:00
000333,000333.SZ,美的集团,10015250,069001002001,016127,白色家电,1239,605199124057.5,545931645446.25,78.75,1.039260969977,7685068242,6932465339,13.5326195,15.70426868,2.74393013,10.00137832,10.55936381,1.33465296,0.9813291,2025-11-21 00:00:00
000333,000333.SZ,美的集团,10015250,069001002001,016127,白色家电,1239,598974218781.48,540316348521.66,77.94,0.697674418605,7685068242,6932465339,13.39342684,15.54273906,2.71570684,9.898507,10.45075321,1.3209251,0.97123543,2025-11-20 00:00:00
000333,000333.SZ,美的集团,10015250,069001002001,016127,白色家电,1239,594824281930.8,536572817238.6,77.4,0,7685068242,6932465339,13.30063173,15.43505265,2.69689132,9.82992612,10.37834615,1.31177319,0.96450632,2025-11-19 00:00:00
000333,000333.SZ,美的集团,10015250,069001002001,016127,白色家电,1239,594824281930.8,536572817238.6,77.4,-0.680097523418,7685068242,6932465339,13.30063173,15.43505265,2.69689132,9.82992612,10.37834615,1.31177319,0.96450632,2025-11-18 00:00:00
000333,000333.SZ,美的集团,10015250,069001002001,016127,白色家电,1239,602663051537.64,543643931884.38,78.42,-1.022340022719,7685068242,6932465339,13.47591138,15.63846032,2.73243175,9.95946778,10.51511505,1.32906013,0.97721687,2025-11-17 00:00:00
000333,000333.SZ,美的集团,10015250,069001002001,016127,白色家电,1239,608887956813.66,549259228808.97,79.23,-0.464824120603,7685068242,6932465339,13.61510404,15.79998994,2.76065503,10.0623391,10.62372565,1.34278798,0.98731054,2025-11-14 00:00:00
000333,000333.SZ,美的集团,10015250,069001002001,016127,白色家电,1239,611731432063.2,551824240984.4,79.6,0.138382186439,7685068242,6932465339,13.67868587,15.87377507,2.77354715,10.1093297,10.6733379,1.34905873,0.99192123,2025-11-13 00:00:00
000333,000333.SZ,美的集团,10015250,069001002001,016127,白色家电,1239,610886074556.58,551061669797.11,79.49,2.92632396737,7685068242,6932465339,13.65978316,15.85183895,2.76971436,10.09535952,10.65858831,1.34719446,0.99055048,2025-11-12 00:00:00
000333,000333.SZ,美的集团,10015250,069001002001,016127,白色家电,1239,593517820329.66,535394298130.97,77.23,-0.12931591879,7685068242,6932465339,13.27141846,15.40115137,2.69096792,9.80833584,10.35555133,1.30889204,0.96238789,2025-11-11 00:00:00
000333,000333.SZ,美的集团,10015250,069001002001,016127,白色家电,1239,594286327153.86,536087544664.87,77.33,1.482939632546,7685068242,6932465339,13.28860274,15.4210933,2.69445228,9.821036,10.36896004,1.31058683,0.96363402,2025-11-10 00:00:00
000333,000333.SZ,美的集团,10015250,069001002001,016127,白色家电,1239,585602200040.4,528253858831.8,76.2,-1.077502271842,7685068242,6932465339,13.09442039,15.1957495,2.65507906,9.67752416,10.21744155,1.29143562,0.94955273,2025-11-07 00:00:00
000333,000333.SZ,美的集团,10015250,069001002001,016127,白色家电,1239,591952268760.92,533979267142.83,77.03,1.435343692389,7684697764,6932094861,13.23641178,15.36052698,2.68386982,9.7824639,10.32823597,1.30543951,0.95984935,2025-11-06 00:00:00
000333,000333.SZ,美的集团,10015250,069001002001,016127,白色家电,1239,583564235744.14,526411571290.32,75.94,1.037786056413,7684543531,6931940628,13.04885027,15.14286651,2.64583907,9.64384524,10.18188366,1.28694128,0.94624818,2025-11-05 00:00:00
000333,000333.SZ,美的集团,10015250,069001002001,016127,白色家电,1239,577561762482.84,520996128293.36,75.16,-0.30508024937,7684430049,6931827146,12.91463133,14.98710877,2.61862428,9.54464978,10.077154,1.27370395,0.93651518,2025-11-04 00:00:00
000333,000333.SZ,美的集团,10015250,069001002001,016127,白色家电,1239,579318330586.8,522579597729.63,75.39,-1.321989528796,7684286120,6931683217,12.95390926,15.03268983,2.62658843,9.57367841,10.10780216,1.27757773,0.93936345,2025-11-03 00:00:00
000333,000333.SZ,美的集团,10015250,069001002001,016127,白色家电,1239,587054658982,529555797192.8,76.4,1.460823373174,7683961505,6931358602,13.12689825,15.23343926,2.6616644,9.70152716,10.2427837,1.29463875,0.95190789,2025-10-31 00:00:00
000333,000333.SZ,美的集团,10015250,069001002001,016127,白色家电,1239,578578423997.7,521907425401.8,75.3,1.209677419355,7683644409,6931041506,12.9373645,15.01349004,2.62323375,9.56145089,10.09489246,1.275946,0.93816369,2025-10-30 00:00:00
000333,000333.SZ,美的集团,10015250,069001002001,016127,白色家电,1239,571663144029.6,515669488046.4,74.4,-0.013439053891,7683644409,6931041506,13.06755658,14.83404594,2.59188036,9.4471706,8.88995143,1.28958038,0.92695058,2025-10-29 00:00:00
000333,000333.SZ,美的集团,10015250,069001002001,016127,白色家电,1239,571739980473.69,515738798461.46,74.41,-0.627670940171,7683644409,6931041506,13.06931298,14.83603976,2.59222873,9.44844038,8.89114632,1.28975371,0.92707517,2025-10-28 00:00:00
000333,000333.SZ,美的集团,10015250,069001002001,016127,白色家电,1239,575351293345.92,518996387969.28,74.88,0.361881785283,7683644409,6931041506,13.1518634,14.92974946,2.60860217,9.50812009,8.94730596,1.29790026,0.93293091,2025-10-27 00:00:00
000333,000333.SZ,美的集团,10015250,069001002001,016127,白色家电,1239,573268820243.31,517117117650.48,74.61,-0.37388169315,7683538671,6930935768,13.10426048,14.87571152,2.59916038,9.47370563,8.91492135,1.29320253,0.92955418,2025-10-24 00:00:00
000333,000333.SZ,美的集团,10015250,069001002001,016127,白色家电,1239,575408829813.22,519046398407.55,74.89,1.367081754196,7683386698,6930783795,13.15317862,14.93124247,2.60886303,9.50907092,8.94820071,1.29803005,0.9330242,2025-10-23 00:00:00
000333,000333.SZ,美的集团,10015250,069001002001,016127,白色家电,1239,567643816209.36,512041513735.72,73.88,1.330407351529,7683321822,6930718919,12.97567941,14.72974869,2.57365701,9.38074814,8.82744674,1.28051342,0.92043325,2025-10-22 00:00:00
000333,000333.SZ,美的集团,10015250,069001002001,016127,白色家电,1239,560188968602.22,505316690944.49,72.91,0.054892273912,7683294042,6930691139,12.80527024,14.53630338,2.53985726,9.25755108,8.71151617,1.26369648,0.90834523,2025-10-21 00:00:00
000333,000333.SZ,美的集团,10015250,069001002001,016127,白色家电,1239,559878111317.07,505035937775.46,72.87,0.096153846154,7683245661,6930642758,12.7981644,14.52823697,2.53844785,9.25241392,8.70668202,1.26299524,0.90784118,2025-10-20 00:00:00
000333,000333.SZ,美的集团,10015250,069001002001,016127,白色家电,1239,559338711276.8,504549219938.4,72.8,-0.519267559442,7683224056,6930621153,12.78583434,14.51424012,2.53600225,9.24349993,8.69829379,1.26177844,0.90696654,2025-10-17 00:00:00
000333,000333.SZ,美的集团,10015250,069001002001,016127,白色家电,1239,562254688029.18,507179207587.64,73.18,0.356555128908,7683174201,6930571298,12.85249019,14.58990659,2.54922308,9.29168867,8.74364024,1.26835641,0.91169479,2025-10-16 00:00:00
000333,000333.SZ,美的集团,10015250,069001002001,016127,白色家电,1239,560254550351.24,505374746664.48,72.92,0.440771349862,7683139747,6930536844,12.80676936,14.53800516,2.5401546,9.25863487,8.71253604,1.26384442,0.90845157,2025-10-15 00:00:00
000333,000333.SZ,美的集团,10015250,069001002001,016127,白色家电,1239,557794008156,503155037398.2,72.6,1.100125330734,7683113060,6930510157,12.75052422,14.47415673,2.52899868,9.21797253,8.67427207,1.25829384,0.90446181,2025-10-14 00:00:00
000333,000333.SZ,美的集团,10015250,069001002001,016127,白色家电,1239,551717879116.65,497673464652.22,71.81,-1.40052176301,7683022965,6930420062,12.61163096,14.31648769,2.50144994,9.11755985,8.57978199,1.24458706,0.89460938,2025-10-13 00:00:00
000333,000333.SZ,美的集团,10015250,069001002001,016127,白色家电,1239,559552878201.54,504740808776.05,72.83,0.275368305108,7682999838,6930396935,12.79072995,14.51979752,2.53697327,9.2470392,8.70162431,1.26226156,0.90731381,2025-10-10 00:00:00
000333,000333.SZ,美的集团,10015250,069001002001,016127,白色家电,1239,558011326901.58,503349778056.69,72.63,-0.041288191577,7682931666,6930328763,12.75549187,14.47979592,2.52998398,9.22156388,8.6776516,1.25878407,0.90481419,2025-10-09 00:00:00
000333,000333.SZ,美的集团,10015250,069001002001,016127,白色家电,1239,558236719787.04,503552592855.06,72.66,-1.451241014512,7682861544,6930258641,12.76064409,14.48564462,2.5310059,9.22528867,8.68115669,1.25929252,0.90517966,2025-09-30 00:00:00
000333,000333.SZ,美的集团,10015250,069001002001,016127,白色家电,1239,566454817973.29,510965405935.1,73.73,-0.633423180593,7682826773,6930223870,12.94850029,14.69889546,2.62114084,9.36109903,8.80895659,1.27783123,0.91850529,2025-09-29 00:00:00
000333,000333.SZ,美的集团,10015250,069001002001,016127,白色家电,1239,570061579484.6,514218444082,74.2,1.867105985722,7682770613,6930167710,13.03094667,14.79248706,2.63783031,9.42070352,8.86504545,1.28596751,0.92435365,2025-09-26 00:00:00
000333,000333.SZ,美的集团,10015250,069001002001,016127,白色家电,1239,559608376714.56,504788781260.04,72.84,-1.7004048583,7682706984,6930104081,12.79199858,14.52123765,2.58946049,9.24795635,8.70248737,1.26238676,0.9074038,2025-09-25 00:00:00
000333,000333.SZ,美的集团,10015250,069001002001,016127,白色家电,1239,569284829384.7,513516954272.4,74.1,0.77519379845,7682656267,6930053364,13.01319107,14.77233122,2.63423608,9.40786713,8.85296619,1.28421529,0.92309415,2025-09-24 00:00:00
000333,000333.SZ,美的集团,10015250,069001002001,016127,白色家电,1239,564899651072.82,509560759615.23,73.53,0.36855036855,7682573794,6929970891,12.91295098,14.65854055,2.61394466,9.33539871,8.78477214,1.27432303,0.91598359,2025-09-23 00:00:00
000333,000333.SZ,美的集团,10015250,069001002001,016127,白色家电,1239,562819791099.06,507684102425.28,73.26,-1.466039004707,7682497831,6929894928,12.86540779,14.60457041,2.60432058,9.30102743,8.75242817,1.2696312,0.9126111,2025-09-22 00:00:00
000333,000333.SZ,美的集团,10015250,069001002001,016127,白色家电,1239,571185995981.8,515229970143.75,74.35,0.827230810957,7682394028,6929791125,13.05664953,14.82166446,2.64303329,9.43928536,8.88253129,1.28850401,0.92617689,2025-09-19 00:00:00
000333,000333.SZ,美的集团,10015250,069001002001,016127,白色家电,1239,566487910752.06,510990972684.84,73.74,-0.820443846671,7682233669,6929630766,12.94925675,14.69975418,2.62129397,9.36164591,8.80947122,1.27790589,0.91855895,2025-09-18 00:00:00
000333,000333.SZ,美的集团,10015250,069001002001,016127,白色家电,1239,571165787577.45,515209761739.4,74.35,-0.147730325007,7682122227,6929519324,13.05618759,14.82114007,2.64293978,9.43895141,8.88221703,1.28845843,0.92614412,2025-09-17 00:00:00
000333,000333.SZ,美的集团,10015250,069001002001,016127,白色家电,1239,572004161915.7,515965349758.32,74.46,-0.944525741652,7682032795,6929429892,13.07535186,14.84289499,2.64681917,9.45280618,8.89525461,1.29034966,0.92750354,2025-09-16 00:00:00
000333,000333.SZ,美的集团,10015250,069001002001,016127,白色家电,1239,577445561202.93,520872400984.42,75.17,-0.529310572979,7681861929,6929259026,13.19973593,14.98409347,2.67199801,9.54272947,8.97987398,1.30262459,0.93632676,2025-09-15 00:00:00
000333,000333.SZ,美的集团,10015250,069001002001,016127,白色家电,1239,580497594882.48,523623393502.77,75.57,-1.88262788886,7681587864,6928984961,13.26950189,15.06329047,2.6861206,9.59316666,9.02733625,1.30950949,0.94127562,2025-09-12 00:00:00
000333,000333.SZ,美的集团,10015250,069001002001,016127,白色家电,1239,591615098881.5,533649623292.44,77.02,0,7681317825,6928714922,13.52363514,15.35177779,2.73756432,9.77689191,9.20022491,1.33458879,0.95930263,2025-09-11 00:00:00
000333,000333.SZ,美的集团,10015250,069001002001,016127,白色家电,1239,591591038141.58,533625562552.52,77.02,-0.207307592641,7681005429,6928402526,13.52308513,15.35115343,2.73745298,9.77649429,9.19985074,1.33453452,0.95926362,2025-09-10 00:00:00
000333,000333.SZ,美的集团,10015250,069001002001,016127,白色家电,1239,592780441481.74,534694549428.2,77.18,0.194729326237,7680492893,6927889990,13.55027352,15.38201718,2.74295668,9.79615009,9.21834719,1.33721762,0.96119223,2025-09-09 00:00:00
000333,000333.SZ,美的集团,10015250,069001002001,016127,白色家电,1239,591566754717.14,533593753099.05,77.03,1.062713198636,7679693038,6927090135,13.52253004,15.35052331,2.73734062,9.77609299,9.1994731,1.33447974,0.95922424,2025-09-08 00:00:00
000333,000333.SZ,美的集团,10015250,069001002001,016127,白色家电,1239,585295446781.52,528106090604.3,76.22,0.833443577193,7679027116,6928707565,13.37917522,15.18778959,2.70832157,9.67245483,9.1019478,1.32033267,0.94905533,2025-09-05 00:00:00
000333,000333.SZ,美的集团,10015250,069001002001,016127,白色家电,1239,580443366234.16,523726711374.07,75.59,-0.039672044433,7678838024,6928518473,13.26826228,15.0618833,2.68586967,9.59227049,9.02649294,1.30938716,0.94118769,2025-09-04 00:00:00
000333,000333.SZ,美的集团,10015250,069001002001,016127,白色家电,1239,580626587295.8,523887422849.18,75.62,-0.709033613445,7678214590,6927895039,13.2724505,15.06663769,2.68671748,9.59529836,9.02934222,1.30980047,0.94148479,2025-09-03 00:00:00
000333,000333.SZ,美的集团,10015250,069001002001,016127,白色家电,1239,584572795179.52,527428458175.36,76.16,2.877211941105,7675588172,6925268621,13.36265624,15.16903755,2.70497766,9.66051246,9.09070982,1.31870248,0.94788355,2025-09-02 00:00:00
000333,000333.SZ,美的集团,10015250,069001002001,016127,白色家电,1239,568223792373.16,512677636012.63,74.03,0.434133767467,7675588172,6925268621,12.98893699,14.74479845,2.62932637,9.39033269,8.83646597,1.28182176,0.92137368,2025-09-01 00:00:00
000333,000333.SZ,美的集团,10015250,069001002001,016127,白色家电,1239,565767604158.12,510461550053.91,73.71,0.285714285714,7675588172,6925268621,13.48367123,14.681063,2.61796092,9.3497423,9.28955443,1.31259602,0.91739098,2025-08-29 00:00:00
000333,000333.SZ,美的集团,10015250,069001002001,016127,白色家电,1239,564155730642,509007243643.5,73.5,1.086508045661,7675588172,6925268621,13.44525621,14.63923661,2.61050234,9.32310485,9.26308846,1.30885643,0.91477733,2025-08-28 00:00:00
000333,000333.SZ,美的集团,10015250,069001002001,016127,白色家电,1239,558092015986.12,503536281432.91,72.71,-1.476964769648,7675588172,6925268621,13.30074258,14.48188971,2.58244388,9.22289733,9.16352601,1.29478845,0.90494503,2025-08-27 00:00:00
000333,000333.SZ,美的集团,10015250,069001002001,016127,白色家电,1239,566458407093.6,511084824229.8,73.8,0.38084874864,7675588172,6925268621,13.50013481,14.69898859,2.62115745,9.36115834,9.30089698,1.31419871,0.91851111,2025-08-26 00:00:00
000333,000333.SZ,美的集团,10015250,069001002001,016127,白色家电,1239,564309242405.44,509145749015.92,73.52,1.983631571647,7675588172,6925268621,13.44891479,14.64322007,2.61121268,9.32564175,9.26560903,1.30921259,0.91502624,2025-08-25 00:00:00
000333,000333.SZ,美的集团,10015250,069001002001,016127,白色家电,1239,553333151319.48,499242614887.89,72.09,0.23637374861,7675588172,6925268621,13.18732681,14.35840227,2.56042331,9.14425345,9.08538839,1.28374776,0.89722854,2025-08-22 00:00:00
000333,000333.SZ,美的集团,10015250,069001002001,016127,白色家电,1239,552028301330.24,498065319222.32,71.92,-0.415397396843,7675588172,6925268621,13.15622894,14.32454281,2.55438542,9.12268981,9.06396356,1.28072047,0.89511272,2025-08-21 00:00:00
000333,000333.SZ,美的集团,10015250,069001002001,016127,白色家电,1239,554330977781.84,500142899808.62,72.22,-0.632911392405,7675588172,6925268621,13.21110753,14.3842948,2.56504053,9.1607433,9.10177209,1.28606274,0.89884651,2025-08-20 00:00:00
000333,000333.SZ,美的集团,10015250,069001002001,016127,白色家电,1239,557861748340.96,503328523374.28,72.68,1.169265033408,7675588172,6925268621,13.29525472,14.47591451,2.58137837,9.21909198,9.15974516,1.29425423,0.90457165,2025-08-19 00:00:00
000333,000333.SZ,美的集团,10015250,069001002001,016127,白色家电,1239,551414254276.48,497511297732.64,71.84,-0.636237897649,7675588172,6925268621,13.14159465,14.30860895,2.55154405,9.11254221,9.05388129,1.27929587,0.89411705,2025-08-18 00:00:00
000333,000333.SZ,美的集团,10015250,069001002001,016127,白色家电,1239,554945024835.6,500696921298.3,72.3,-0.04147656574,7675588172,6925268621,13.22574183,14.40022866,2.56788189,9.1708909,9.11185436,1.28748735,0.89984219,2025-08-15 00:00:00
000333,000333.SZ,美的集团,10015250,069001002001,016127,白色家电,1239,555156543459.81,500885930335.98,72.33,0.710108604845,7675328957,6925009406,13.23078285,14.40571734,2.56886065,9.1743864,9.11532737,1.28797808,0.90018516,2025-08-14 00:00:00
000333,000333.SZ,美的集团,10015250,069001002001,016127,白色家电,1239,551242125691.74,497354175538.92,71.82,-0.152926456277,7675328957,6925009406,13.13749239,14.3041424,2.55074757,9.10969766,9.05105505,1.27889652,0.89383794,2025-08-13 00:00:00
000333,000333.SZ,美的集团,10015250,069001002001,016127,白色家电,1239,552078544245.54,498108058942.11,71.93,0.236900780379,7675219578,6924900027,13.15742635,14.32584656,2.5546179,9.12352011,9.06478852,1.28083704,0.89519419,2025-08-12 00:00:00
000333,000333.SZ,美的集团,10015250,069001002001,016127,白色家电,1239,550766825762.4,496923894782.64,71.76,0.251466890193,7675122990,6924803439,13.12616479,14.29180887,2.54854823,9.10184296,9.04325091,1.27779382,0.89306724,2025-08-11 00:00:00
000333,000333.SZ,美的集团,10015250,069001002001,016127,白色家电,1239,549382499119.8,495674625659.22,71.58,0.139899272524,7675083810,6924764259,13.09317279,14.25588708,2.54214257,9.07896591,9.02052113,1.27458214,0.89082256,2025-08-08 00:00:00
000333,000333.SZ,美的集团,10015250,069001002001,016127,白色家电,1239,548610631173.6,494977789668.12,71.48,-0.306834030683,7675022820,6924703269,13.07477722,14.23585794,2.53857093,9.0662102,9.00784753,1.27279139,0.88957098,2025-08-07 00:00:00
000333,000333.SZ,美的集团,10015250,069001002001,016127,白色家电,1239,550294776834,496496865027.3,71.7,0.448304847296,7674962020,6924642469,13.11491467,14.27955971,2.54636393,9.09404199,9.03550016,1.27669865,0.89230182,2025-08-06 00:00:00
000333,000333.SZ,美的集团,10015250,069001002001,016127,白色家电,1239,547832530389.2,494274720838.82,71.38,0.620242458416,7674874340,6924554789,13.05623312,14.21566705,2.53497044,9.05335149,8.9950716,1.27098617,0.88830929,2025-08-05 00:00:00
000333,000333.SZ,美的集团,10015250,069001002001,016127,白色家电,1239,544450635841.1,491222966893.16,70.94,0.211894335358,7674804565,6924485014,12.97563403,14.12791052,2.51932149,8.99746309,8.93954298,1.26314009,0.88282556,2025-08-04 00:00:00
000333,000333.SZ,美的集团,10015250,069001002001,016127,白色家电,1239,543292306424.55,490177185409.26,70.79,0.854822624305,7674704145,6924384594,12.94802811,14.09785311,2.51396159,8.97832081,8.92052393,1.26045273,0.88094733,2025-08-01 00:00:00
000333,000333.SZ,美的集团,10015250,069001002001,016127,白色家电,1239,538672743826.98,486007814542.29,70.19,-2.662598807378,7674494142,6924174591,12.83793226,13.97798041,2.49258561,8.90197901,8.84467356,1.24973522,0.87345672,2025-07-31 00:00:00
000333,000333.SZ,美的集团,10015250,069001002001,016127,白色家电,1239,553401826461.13,499296283638.52,72.11,1.221224031443,7674411683,6924092132,13.18896351,14.36018432,2.56074109,9.14538836,9.086516,1.28390709,0.89733989,2025-07-30 00:00:00
000333,000333.SZ,美的集团,10015250,069001002001,016127,白色家电,1239,546709675166.72,493256910353.48,71.24,-0.973033083125,7674195328,6923875777,13.02947264,14.18653016,2.52977468,9.03479545,8.97663501,1.26838112,0.88648858,2025-07-29 00:00:00
000333,000333.SZ,美的集团,10015250,069001002001,016127,白色家电,1239,552065874086.1,498087885587.16,71.94,-1.126992853216,7673976565,6923657014,13.15712439,14.32551779,2.55455928,9.12331073,9.06458048,1.28080764,0.89517365,2025-07-28 00:00:00
000333,000333.SZ,美的集团,10015250,069001002001,016127,白色家电,1239,558343777977.24,503399981480.84,72.76,-1.020269351109,7673773749,6918636359,13.3067427,14.48842266,2.58360885,9.22705789,9.16765979,1.29537255,0.90535326,2025-07-25 00:00:00
000333,000333.SZ,美的集团,10015250,069001002001,016127,白色家电,1239,564087670794.58,508577521255.68,73.51,0.013605442177,7673618158,6918480768,13.44363418,14.63747053,2.61018741,9.32198011,9.26197096,1.30869853,0.91466697,2025-07-24 00:00:00
000333,000333.SZ,美的集团,10015250,069001002001,016127,白色家电,1239,563988698805,508486100640,73.5,0.423555130482,7673315630,6918178240,13.44127542,14.63490231,2.60972944,9.32034453,9.2603459,1.30846892,0.91450648,2025-07-23 00:00:00
000333,000333.SZ,美的集团,10015250,069001002001,016127,白色家电,1239,561587571672.53,506319066098.43,73.19,0.882150241213,7673009587,6917872197,13.3840505,14.57259563,2.59861877,9.28066406,9.22092088,1.30289824,0.91061306,2025-07-22 00:00:00
000333,000333.SZ,美的集团,10015250,069001002001,016127,白色家电,1239,556654751014.75,501869533370.25,72.55,-0.384456954552,7672705045,6917567655,13.26648892,14.44459422,2.57579326,9.19914543,9.13992701,1.29145396,0.9026145,2025-07-21 00:00:00
000333,000333.SZ,美的集团,10015250,069001002001,016127,白色家电,1239,558788655095.36,503625702455.5,72.83,0.275368305108,7672506592,6915085850,13.31734525,14.49996675,2.58566742,9.23440983,9.17496439,1.29640468,0.90607462,2025-07-18 00:00:00
000333,000333.SZ,美的集团,10015250,069001002001,016127,白色家电,1239,557235466368.48,502251549922.26,72.63,-0.356701879545,7672249296,6915207902,13.28032883,14.45966317,2.57848039,9.2087422,9.149462,1.29280124,0.90355613,2025-07-17 00:00:00
000333,000333.SZ,美的集团,10015250,069001002001,016127,白色家电,1239,559204867534.5,504024120325.84,72.89,-0.437098757,7671901050,6914859656,13.32726464,14.51076702,2.58759334,9.24128806,9.18179835,1.2973703,0.90674951,2025-07-16 00:00:00
000333,000333.SZ,美的集团,10015250,069001002001,016127,白色家电,1239,561642137160.71,506219136705.97,73.21,0.15047879617,7671658751,6914617357,13.38535093,14.57401155,2.59887126,9.2815658,9.22181681,1.30302483,0.91070154,2025-07-15 00:00:00
000333,000333.SZ,美的集团,10015250,069001002001,016127,白色家电,1239,560774127970,505434402068.6,73.1,0.855408388521,7671328700,6914287306,13.36466408,14.55148764,2.59485474,9.26722128,9.20756463,1.30101103,0.90929406,2025-07-14 00:00:00
000333,000333.SZ,美的集团,10015250,069001002001,016127,白色家电,1239,555994476320.64,500941560707.52,72.48,1.116071428571,7671005468,6911445374,13.25075291,14.4274608,2.57273799,9.18823389,9.12908571,1.28992211,0.90154387,2025-07-11 00:00:00
000333,000333.SZ,美的集团,10015250,069001002001,016127,白色家电,1239,549832664227.84,495213737553.92,71.68,-0.16713091922,7670656588,6908673794,13.10390136,14.26756838,2.54422561,9.08640523,9.02791256,1.27562654,0.8915525,2025-07-10 00:00:00
000333,000333.SZ,美的集团,10015250,069001002001,016127,白色家电,1239,550725811558.6,496015446949.4,71.8,-0.58155635558,7670275927,6908293133,13.12518732,14.2907446,2.54835844,9.10116517,9.04257749,1.27769866,0.89300074,2025-07-09 00:00:00
000333,000333.SZ,美的集团,10015250,069001002001,016127,白色家电,1239,553901655086.62,498871257703.94,72.22,-0.454858718125,7669643521,6907660727,13.20087569,14.37315434,2.56305393,9.15364841,9.09472287,1.2850667,0.89815036,2025-07-08 00:00:00
000333,000333.SZ,美的集团,10015250,069001002001,016127,白色家电,1239,556364968322.35,501083116617.65,72.55,-1.265650517148,7668710797,6906728003,13.25958267,14.43707467,2.57445236,9.19435655,9.13516896,1.29078166,0.90214462,2025-07-07 00:00:00
000333,000333.SZ,美的集团,10015250,069001002001,016127,白色家电,1239,563309002018.84,507318506315.72,73.48,0.809438880505,7666154083,6904171289,13.42507653,14.61726491,2.60658429,9.30911202,9.2491857,1.306892,0.91340436,2025-07-04 00:00:00
000333,000333.SZ,美的集团,10015250,069001002001,016127,白色家电,1239,558785971109.87,503245045255.21,72.89,0.537931034483,7666154083,6904171289,13.31728128,14.4998971,2.585655,9.23436547,9.17492033,1.29639845,0.90607027,2025-07-03 00:00:00
000333,000333.SZ,美的集团,10015250,069001002001,016127,白色家电,1239,555796171017.5,500552418452.5,72.5,0.540840382749,7666154083,6904171289,13.24602679,14.42231499,2.57182038,9.18495674,9.12582966,1.28946203,0.90122232,2025-07-02 00:00:00
000333,000333.SZ,美的集团,10015250,069001002001,016127,白色家电,1239,552806370925.13,497859791649.79,72.11,-0.124653739612,7666154083,6904171289,13.1747723,14.34473289,2.55798576,9.13554801,9.07673899,1.28252562,0.89637436,2025-07-01 00:00:00
000333,000333.SZ,美的集团,10015250,069001002001,016127,白色家电,1239,553496324792.6,498481167065.8,72.2,-0.11068068622,7666154083,6904171289,13.19121565,14.36263645,2.56117836,9.14695002,9.0880676,1.28412633,0.89749312,2025-06-30 00:00:00
000333,000333.SZ,美的集团,10015250,069001002001,016127,白色家电,1239,554109617119.24,499033500768.92,72.28,-1.121751025992,7666154083,6904171289,13.20583195,14.37855073,2.41101437,9.15708515,9.09813748,1.28554918,0.89848757,2025-06-27 00:00:00
000333,000333.SZ,美的集团,10015250,069001002001,016127,白色家电,1239,560395863467.3,504694921225.9,73.1,-0.109319486198,7666154083,6904171289,13.35564908,14.54167208,2.43836677,9.26097017,9.20135376,1.30013344,0.90868071,2025-06-26 00:00:00
000333,000333.SZ,美的集团,10015250,069001002001,016127,白色家电,1239,561009155793.94,505247254929.02,73.18,0.521978021978,7666154083,6904171289,13.37026539,14.55758636,2.4410353,9.2711053,9.21142364,1.3015563,0.90967516,2025-06-25 00:00:00
000333,000333.SZ,美的集团,10015250,069001002001,016127,白色家电,1239,558096017242.4,502623669839.2,72.8,1.505856107083,7666154083,6904171289,13.30083794,14.48199354,2.4283598,9.22296346,9.16359171,1.29479774,0.90495151,2025-06-24 00:00:00
000333,000333.SZ,美的集团,10015250,069001002001,016127,白色家电,1239,550611998777.28,495962592791.6,71.72,-0.911854103343,7677244824,6915262030,13.12247487,14.28779128,2.3957957,9.09928433,9.04070875,1.27743461,0.89281619,2025-06-23 00:00:00
000333,000333.SZ,美的集团,10015250,069001002001,016127,白色家电,1239,555678980361.12,500526665731.4,72.38,1.472031403337,7677244824,6915262030,13.24323384,14.41927402,2.4178429,9.18302007,9.12390546,1.28919015,0.90103229,2025-06-20 00:00:00
000333,000333.SZ,美的集团,10015250,069001002001,016127,白色家电,1239,547617873295.92,493265640599.9,71.33,-1.067961165049,7677244824,6915262030,13.0511173,14.21009693,2.38276781,9.04980412,8.99154706,1.27048816,0.88796123,2025-06-19 00:00:00
000333,000333.SZ,美的集团,10015250,069001002001,016127,白色家电,1239,553529351810.4,498590392363,72.1,0.055509297807,7677244824,6915262030,13.19200276,14.36349347,2.40848955,9.14749582,9.08860988,1.28420295,0.89754667,2025-06-18 00:00:00
000333,000333.SZ,美的集团,10015250,069001002001,016127,白色家电,1239,553222262017.44,498313781881.8,72.06,1.122649452708,7677244824,6915262030,13.18468404,14.35552481,2.40715335,9.14242092,9.08356766,1.28349049,0.89704873,2025-06-17 00:00:00
000333,000333.SZ,美的集团,10015250,069001002001,016127,白色家电,1239,547080466158.24,492781572257.8,71.26,-0.307778399552,7677244824,6915262030,13.03830953,14.19615179,2.38042947,9.04092305,8.98272317,1.26924136,0.88708982,2025-06-16 00:00:00
000333,000333.SZ,美的集团,10015250,069001002001,016127,白色家电,1239,548769460019.52,494302929904.4,71.48,-0.997229916898,7677244824,6915262030,13.07856252,14.23997937,2.38777854,9.06883497,9.0104554,1.27315987,0.88982852,2025-06-13 00:00:00
000333,000333.SZ,美的集团,10015250,069001002001,016127,白色家电,1239,554297076292.8,499281918566,72.2,0.263852242744,7677244824,6915262030,13.21029958,14.38341509,2.41183003,9.16018305,9.10121545,1.28598409,0.89879154,2025-06-12 00:00:00
000333,000333.SZ,美的集团,10015250,069001002001,016127,白色家电,1239,579555211763.76,522033130644.7,75.49,0.586275816123,7677244824,6915262030,13.81226475,15.03883664,2.52173198,9.57759306,9.51593842,1.34458364,0.93974755,2025-06-11 00:00:00
000333,000333.SZ,美的集团,10015250,069001002001,016127,白色家电,1239,576177224041.2,518990415351.5,75.05,-0.464190981432,7677244824,6915262030,13.73175877,14.95118148,2.50703385,9.52176923,9.46047395,1.33674662,0.93427015,2025-06-10 00:00:00
000333,000333.SZ,美的集团,10015250,069001002001,016127,白色家电,1239,578864259729.6,521410757062,75.4,-0.396301188904,7677244824,6915262030,13.79579762,15.02090717,2.51872555,9.56617454,9.50459342,1.34298062,0.93862717,2025-06-09 00:00:00
000333,000333.SZ,美的集团,10015250,069001002001,016127,白色家电,1239,581167433176.8,523485335671,75.7,0.598006644518,7677244824,6915262030,13.85068806,15.08067206,2.528747,9.60423625,9.5424101,1.34832404,0.94236177,2025-06-06 00:00:00
000333,000333.SZ,美的集团,10015250,069001002001,016127,白色家电,1239,577712673006,520373467757.5,75.25,-0.410269984119,7677244824,6915262030,13.7683524,14.99102473,2.51371482,9.54714369,9.48568507,1.3403089,0.93675988,2025-06-05 00:00:00
000333,000333.SZ,美的集团,10015250,069001002001,016127,白色家电,1239,580092618901.44,522517198986.8,75.56,-0.461072322487,7677244824,6915262030,13.82507252,15.05278178,2.52407032,9.58647412,9.52476231,1.34583044,0.94061896,2025-06-04 00:00:00
000333,000333.SZ,美的集团,10015250,069001002001,016127,白色家电,1239,582779654589.84,524937540697.3,75.91,-3.984315709588,7677244824,6915262030,13.88911137,15.12250747,2.53576202,9.63087944,9.56888178,1.35206444,0.94497598,2025-06-03 00:00:00
000333,000333.SZ,美的集团,10015250,069001002001,016127,白色家电,1239,606962975785.44,546720616091.8,79.06,0.101291466194,7677244824,6915262030,14.465461,15.75003874,2.64098729,10.03052731,9.96595697,1.40817039,0.98418918,2025-05-30 00:00:00
000333,000333.SZ,美的集团,10015250,069001002001,016127,白色家电,1239,606293445041.02,546112043970.9,78.98,-0.428643469491,7676543999,6914561205,14.4495044,15.73266514,2.63807406,10.01946281,9.95496369,1.40661706,0.98310354,2025-05-29 00:00:00
000333,000333.SZ,美的集团,10015250,069001002001,016127,白色家电,1239,608925720133.2,548366777082.36,79.32,1.070336391437,7676824510,6913348173,14.51223816,15.80096986,2.64952749,10.06296317,9.99818402,1.41272401,0.98737177,2025-05-28 00:00:00
000333,000333.SZ,美的集团,10015250,069001002001,016127,白色家电,1239,602370650316.96,542453027389.2,78.48,0.26830203143,7675467002,6911990665,14.35601429,15.63087282,2.62100539,9.95463562,9.89055382,1.39751607,0.97674274,2025-05-27 00:00:00
000333,000333.SZ,美的集团,10015250,069001002001,016127,白色家电,1239,600667049143.26,540909756246.27,78.27,-0.785904423881,7674294738,6910818401,14.31541317,15.58666619,2.61359276,9.92648231,9.86258174,1.39356367,0.97398035,2025-05-26 00:00:00
000333,000333.SZ,美的集团,10015250,069001002001,016127,白色家电,1239,605302867171.31,545072218945.38,78.89,-0.592237903226,7672745179,6909268842,14.42589642,15.7069607,2.63376391,10.00309275,9.93869901,1.4043189,0.98149732,2025-05-23 00:00:00
000333,000333.SZ,美的集团,10015250,069001002001,016127,白色家电,1239,608738308889.6,548148826785.28,79.36,0.710659898477,7670593610,6907117273,14.50777168,15.79610673,2.64871203,10.05986605,9.99510684,1.41228921,0.98706788,2025-05-22 00:00:00
000333,000333.SZ,美的集团,10015250,069001002001,016127,白色家电,1239,604361487806.4,544199552450.8,78.8,0.165247235287,7669562028,6906085691,14.40346097,15.68253292,2.62966782,9.98753574,9.92324214,1.40213487,0.97997088,2025-05-21 00:00:00
000333,000333.SZ,美的集团,10015250,069001002001,016127,白色家电,1239,603283737583.11,543221054151.32,78.67,1.405001288992,7668536133,6905059796,14.37777546,15.65456645,2.62497837,9.96972509,9.90554615,1.39963446,0.97822331,2025-05-20 00:00:00
000333,000333.SZ,美的集团,10015250,069001002001,016127,白色家电,1239,594851022576.36,535620528351.9,77.58,1.279373368146,7667582142,6904105805,14.17680256,15.43574654,2.58828636,9.83036803,9.76708618,1.38007034,0.96454968,2025-05-19 00:00:00
000333,000333.SZ,美的集团,10015250,069001002001,016127,白色家电,1239,587309752124,528827464709.8,76.6,0.130718954248,7667229140,6903752803,13.99707504,15.24005865,2.55547315,9.70574276,9.64326318,1.36257439,0.95232152,2025-05-16 00:00:00
000333,000333.SZ,美的集团,10015250,069001002001,016127,白色家电,1239,586517396661,528111456880.5,76.5,-0.765339213906,7666894074,6903417737,13.9781912,15.21949788,2.5520255,9.69264848,9.6302532,1.3607361,0.95103672,2025-05-15 00:00:00
000333,000333.SZ,美的集团,10015250,069001002001,016127,白色家电,1239,590992026724.58,532135635905.25,77.09,-0.025936973155,7666260562,6902784225,14.08483294,15.33560973,2.57149529,9.76659517,9.70372386,1.37111736,0.95829232,2025-05-14 00:00:00
000333,000333.SZ,美的集团,10015250,069001002001,016127,白色家电,1239,591093563626.06,532221903279.99,77.11,0.692086706712,7665588946,6902112609,14.08725282,15.3382445,2.57193709,9.76827314,9.70539103,1.37135293,0.95845697,2025-05-13 00:00:00
000333,000333.SZ,美的集团,10015250,069001002001,016127,白色家电,1239,586979232512.68,528512214625.22,76.58,1.029023746702,7664915546,6901439209,13.98919792,15.23148202,2.55403501,9.70028068,9.63783625,1.36180757,0.95178559,2025-05-12 00:00:00
000333,000333.SZ,美的集团,10015250,069001002001,016127,白色家电,1239,580977315507.2,523105809162.6,75.8,1.066666666667,7664608384,6901132047,13.84615708,15.07573871,2.52791977,9.60109441,9.53928849,1.34788296,0.94205349,2025-05-09 00:00:00
000333,000333.SZ,美的集团,10015250,069001002001,016127,白色家电,1239,574827014100,517566288825,75,0.860677783755,7664360188,6900883851,13.69957986,14.91614498,2.50115888,9.49945597,9.43830434,1.3336141,0.93208079,2025-05-08 00:00:00
000333,000333.SZ,美的集团,10015250,069001002001,016127,白色家电,1239,569888558261.88,513116457842.56,74.36,0.418636056718,7663912833,6900436496,13.58188398,14.78799734,2.47967092,9.41784421,9.35721794,1.32215675,0.92407309,2025-05-07 00:00:00
000333,000333.SZ,美的集团,10015250,069001002001,016127,白色家电,1239,567512745283.65,510977322528.8,74.05,0.584080412931,7663912833,6900436496,13.52526235,14.72634754,2.4693334,9.37858209,9.31820856,1.3166448,0.92022072,2025-05-06 00:00:00
000333,000333.SZ,美的集团,10015250,069001002001,016127,白色家电,1239,564217262765.46,508010134835.52,73.62,-0.78167115903,7663912833,6900436496,13.44672268,14.6408333,2.45499426,9.32412172,9.26409878,1.30899919,0.9148771,2025-04-30 00:00:00
000333,000333.SZ,美的集团,10015250,069001002001,016127,白色家电,1239,568662332208.6,512021562833.2,74.2,1.324593745733,7663912833,6900560146,14.75617809,14.75617809,2.47433542,9.39757989,9.39757989,1.39008605,0.92208477,2025-04-29 00:00:00
000333,000333.SZ,美的集团,10015250,069001002001,016127,白色家电,1239,561228336760.59,505328019491.58,73.23,0.659793814433,7663912833,6900560146,14.56327387,14.56327387,2.44198899,9.27472743,9.27472743,1.37191377,0.91003056,2025-04-28 00:00:00
000333,000333.SZ,美的集团,10015250,069001002001,016127,白色家电,1239,557549658600.75,502015750621.5,72.75,-0.274160383825,7663912833,6900560146,14.46781612,14.46781612,2.42598251,9.21393446,9.21393446,1.3629213,0.90406559,2025-04-25 00:00:00
000333,000333.SZ,美的集团,10015250,069001002001,016127,白色家电,1239,559076509967.6,503389931450.95,72.95,1.530967292971,7663831528,6900478841,14.50743627,14.50743627,2.43262607,9.23916685,9.23916685,1.36665366,0.90654138,2025-04-24 00:00:00
000333,000333.SZ,美的集团,10015250,069001002001,016127,白色家电,1239,550643230884.3,495796340323.35,71.85,0.181260457334,7663788878,6900436191,14.28860172,14.28860172,2.3959316,9.09980046,9.09980046,1.34603864,0.89286684,2025-04-23 00:00:00
000333,000333.SZ,美的集团,10015250,069001002001,016127,白色家电,1239,549637299735.92,494889645024.28,71.72,0.462249614792,7663654486,6900301799,14.26249888,14.26249888,2.39155464,9.08317668,9.08317668,1.34357966,0.89123572,2025-04-22 00:00:00
000333,000333.SZ,美的集团,10015250,069001002001,016127,白色家电,1239,547108293755.54,492612545430.61,71.39,0.66271855612,7663654486,6900301799,14.19687389,14.19687389,2.38055056,9.04138292,9.04138292,1.33739755,0.88713494,2025-04-21 00:00:00
000333,000333.SZ,美的集团,10015250,069001002001,016127,白色家电,1239,543506376147.12,489369403585.08,70.92,-0.042283298097,7663654486,6900301799,14.10340799,14.10340799,2.36487807,8.98185848,8.98185848,1.32859272,0.88129444,2025-04-18 00:00:00
000333,000333.SZ,美的集团,10015250,069001002001,016127,白色家电,1239,543734304999.6,489574431856.95,70.95,-0.070422535211,7663626568,6900273881,14.1093225,14.1093225,2.36586982,8.98562518,8.98562518,1.32914988,0.88166403,2025-04-17 00:00:00
000333,000333.SZ,美的集团,10015250,069001002001,016127,白色家电,1239,544113700395,489915659618,71,-0.671516508114,7663573245,6900220558,14.1191674,14.1191674,2.36752063,8.99189498,8.99189498,1.33007731,0.88227922,2025-04-16 00:00:00
000333,000333.SZ,美的集团,10015250,069001002001,016127,白色家电,1239,547787956774.2,493223506707.44,71.48,2.231121281465,7663513665,6900160978,14.21451042,14.21451042,2.38350787,9.05261487,9.05261487,1.33905897,0.88823702,2025-04-15 00:00:00
000333,000333.SZ,美的集团,10015250,069001002001,016127,白色家电,1239,535826549934.24,482452930059.2,69.92,-0.808625336927,7663423197,6900070510,13.90412473,13.90412473,2.33146199,8.85494348,8.85494348,1.3098195,0.86884162,2025-04-14 00:00:00
000333,000333.SZ,美的集团,10015250,069001002001,016127,白色家电,1239,540187122353.69,486378391447.06,70.49,-0.844000562667,7663315681,6899962994,14.01727691,14.01727691,2.3504355,8.92700527,8.92700527,1.32047885,0.87591228,2025-04-11 00:00:00
000333,000333.SZ,美的集团,10015250,069001002001,016127,白色家电,1239,544771771865.97,490505029347.14,71.09,2.038179991388,7663128033,6899775346,14.13624365,14.13624365,2.370384,9.00277011,9.00277011,1.33168596,0.88334628,2025-04-10 00:00:00
000333,000333.SZ,美的集团,10015250,069001002001,016127,白色家电,1239,533890130059.11,480707348355.82,69.67,-0.797380037021,7663128033,6899775346,13.85387671,13.85387671,2.32303634,8.82294266,8.82294266,1.30508596,0.86570172,2025-04-09 00:00:00
000333,000333.SZ,美的集团,10015250,069001002001,016127,白色家电,1239,537986785867.56,484376526659.55,70.23,4.540041679071,7660355772,6897003085,13.96018054,13.96018054,2.3408615,8.89064303,8.89064303,1.31510017,0.87234444,2025-04-08 00:00:00
000333,000333.SZ,美的集团,10015250,069001002001,016127,白色家电,1239,514622700762.96,463340667250.3,67.18,-8.424209378408,7660355772,6897003085,13.35390757,13.35390757,2.23920085,8.50453366,8.50453366,1.25798703,0.83445962,2025-04-07 00:00:00
000333,000333.SZ,美的集团,10015250,069001002001,016127,白色家电,1239,561963699433.92,505964146315.6,73.36,-3.422854133755,7660355772,6897003085,14.58235575,14.58235575,2.44518866,9.28687986,9.28687986,1.37371135,0.91122295,2025-04-03 00:00:00
000333,000333.SZ,美的集团,10015250,069001002001,016127,白色家电,1239,581880624441.12,523896354336.6,75.96,0.756068444091,7660355772,6897003085,15.09917861,15.09917861,2.5318502,9.61602228,9.61602228,1.42239796,0.9435182,2025-04-02 00:00:00
000333,000333.SZ,美的集团,10015250,069001002001,016127,白色家电,1239,577514221651.08,519965062578.15,75.39,-3.96178343949,7660355772,6897003085,14.98587513,14.98587513,2.51285133,9.54386413,9.54386413,1.41172436,0.93643809,2025-04-01 00:00:00
000333,000333.SZ,美的集团,10015250,069001002001,016127,白色家电,1239,601337928102,541414742172.5,78.5,2.120463119552,7660355772,6897003085,15.60407478,15.60407478,2.61651186,9.9375691,9.9375691,1.46996103,0.97506818,2025-03-31 00:00:00
000333,000333.SZ,美的集团,10015250,069001002001,016127,白色家电,1239,588834942582.5,530009350728.62,76.87,0.483660130719,7660139750,6894879026,15.6183144,15.27963571,2.71665415,9.7309477,8.02454447,1.46593069,0.95479462,2025-03-28 00:00:00
000333,000333.SZ,美的集团,10015250,069001002001,016127,白色家电,1239,586000690875,527458245489,76.5,-0.377653340279,7660139750,6894879026,15.54313844,15.20608991,2.70357802,9.68410953,7.98591976,1.4588747,0.95019888,2025-03-27 00:00:00
000333,000333.SZ,美的集团,10015250,069001002001,016127,白色家电,1239,588222131402.5,529457760406.54,76.79,-0.091074681239,7660139750,6894879026,15.60206014,15.26373392,2.71382688,9.72082053,8.01619318,1.46440507,0.95380094,2025-03-26 00:00:00
000333,000333.SZ,美的集团,10015250,069001002001,016127,白色家电,1239,588758341185,529940401938.36,76.86,1.051801209571,7660139750,6894879026,15.61628262,15.27764798,2.71630074,9.72968181,8.02350056,1.46573999,0.95467041,2025-03-25 00:00:00
000333,000333.SZ,美的集团,10015250,069001002001,016127,白色家电,1239,582630229385,524424498717.56,76.06,1.036131774708,7660139750,6894879026,15.45374,15.11863005,2.68802803,9.62841007,7.93998767,1.45048378,0.94473369,2025-03-24 00:00:00
000333,000333.SZ,美的集团,10015250,069001002001,016127,白色家电,1239,576655320380,519046493077.28,75.28,0.146334974059,7660139750,6894879026,15.29526094,14.96358757,2.66046214,9.52967013,7.85856261,1.43560898,0.93504538,2025-03-21 00:00:00
000333,000333.SZ,美的集团,10015250,069001002001,016127,白色家电,1239,575812705007.5,518288056384.42,75.17,-1.751405045092,7660139750,6894879026,15.27291133,14.9417226,2.65657464,9.51574527,7.84707959,1.43351126,0.93367909,2025-03-20 00:00:00
000333,000333.SZ,美的集团,10015250,069001002001,016127,白色家电,1239,586077292272.5,527527194279.26,76.51,2.040544145105,7660139750,6894879026,15.54517022,15.20807764,2.70393143,9.68537542,7.98696367,1.4590654,0.95032309,2025-03-19 00:00:00
000333,000333.SZ,美的集团,10015250,069001002001,016127,白色家电,1239,574357278455,516978029369.48,74.98,4.312743461324,7660139750,6894879026,15.23430746,14.90395584,2.64985987,9.49169323,7.82724528,1.42988791,0.93131911,2025-03-18 00:00:00
000333,000333.SZ,美的集团,10015250,069001002001,016127,白色家电,1239,550610845230,495603904388.88,71.88,0.013914011409,7660139750,6894879026,14.60445479,14.28776135,2.54030312,9.09926526,7.50363284,1.37077011,0.89281432,2025-03-17 00:00:00
000333,000333.SZ,美的集团,10015250,069001002001,016127,白色家电,1239,550534243832.5,495534955598.62,71.87,2.656763319526,7660139750,6894879026,14.602423,14.28577362,2.53994971,9.09799937,7.50258893,1.37057941,0.89269011,2025-03-14 00:00:00
000333,000333.SZ,美的集团,10015250,069001002001,016127,白色家电,1239,536286383897.5,482710480610.26,70.01,-0.128388017118,7660139750,6894879026,14.2245114,13.91605693,2.47421565,8.86254259,7.30842147,1.33510873,0.86958724,2025-03-13 00:00:00
000333,000333.SZ,美的集团,10015250,069001002001,016127,白色家电,1239,536975796475,483331019722.6,70.1,-1.170167771042,7660139750,6894879026,14.24279745,13.93394644,2.47739633,8.87393566,7.31781667,1.33682505,0.87070512,2025-03-12 00:00:00
000333,000333.SZ,美的集团,10015250,069001002001,016127,白色家电,1239,543333712467.5,489053769314.18,70.93,-0.196988884199,7660139750,6894879026,14.41143542,14.09892755,2.50672927,8.97900508,7.40446129,1.35265336,0.88101447,2025-03-11 00:00:00
000333,000333.SZ,美的集团,10015250,069001002001,016127,白色家电,1239,544406132032.5,490019052377.82,71.07,0.395536092668,7660139750,6894879026,14.43988038,14.12675569,2.511677,8.99672763,7.41907605,1.3553232,0.88275339,2025-03-10 00:00:00
000333,000333.SZ,美的集团,10015250,069001002001,016127,白色家电,1239,542235514370.05,488063472250.09,70.79,-0.491987630025,7659775595,6894525671,14.38230671,14.07043049,2.50166261,8.96085652,7.38949523,1.34991935,0.87923374,2025-03-07 00:00:00
000333,000333.SZ,美的集团,10015250,069001002001,016127,白色家电,1239,544916435828.3,490476556234.94,71.14,-0.850174216028,7659775595,6894525671,14.45341573,14.13999753,2.51403134,9.0051608,7.42603038,1.35659362,0.88358085,2025-03-06 00:00:00
000333,000333.SZ,美的集团,10015250,069001002001,016127,白色家电,1239,549588898941.25,494682216894.25,71.75,-0.30568292344,7659775595,6894525671,14.57734859,14.26124294,2.53558826,9.08237682,7.48970593,1.36822593,0.89115724,2025-03-05 00:00:00
000333,000333.SZ,美的集团,10015250,069001002001,016127,白色家电,1239,551274049572.15,496199012541.87,71.97,1.366197183099,7659775595,6894525671,14.62204568,14.30497079,2.54336288,9.11022522,7.51267088,1.37242118,0.89388971,2025-03-04 00:00:00
000333,000333.SZ,美的集团,10015250,069001002001,016127,白色家电,1239,543844067245,489511322641,71,-2.80629705681,7659775595,6894525671,14.42497212,14.11217071,2.50908385,8.98743908,7.41141632,1.35392391,0.88184201,2025-03-03 00:00:00
000333,000333.SZ,美的集团,10015250,069001002001,016127,白色家电,1239,559546607214.75,503645100266.55,73.05,0.78642384106,7659775595,6894525671,14.84146779,14.51963479,2.58152923,9.24693556,7.62540792,1.39301608,0.90730364,2025-02-28 00:00:00
000333,000333.SZ,美的集团,10015250,069001002001,016127,白色家电,1239,555073732149.12,499608417657.6,72.48,3.365658870508,7658302044,6893052120,14.72282883,14.40356848,2.56089313,9.17301788,7.56445232,1.38188066,0.90005088,2025-02-27 00:00:00
000333,000333.SZ,美的集团,10015250,069001002001,016127,白色家电,1239,537000139325.28,483340814654.4,70.12,1.579023612922,7658302044,6893052120,14.24344312,13.93457812,2.47750864,8.87433794,7.31814841,1.33688565,0.87074459,2025-02-26 00:00:00
000333,000333.SZ,美的集团,10015250,069001002001,016127,白色家电,1239,528652590097.32,475827387843.6,69.03,-2.62378332628,7658302044,6893052120,14.02203192,13.71796816,2.43899631,8.73638831,7.2043894,1.31610406,0.85720906,2025-02-25 00:00:00
000333,000333.SZ,美的集团,10015250,069001002001,016127,白色家电,1239,542897031899.16,488648464786.8,70.89,0.424989375266,7658302044,6893052120,14.39985286,14.08759616,2.5047146,8.9717886,7.39851028,1.35156623,0.88030639,2025-02-24 00:00:00
000333,000333.SZ,美的集团,10015250,069001002001,016127,白色家电,1239,540599541285.96,486580549150.8,70.59,-0.898497823951,7658302044,6893052120,14.338914,14.02797874,2.49411487,8.93382081,7.36720046,1.34584652,0.87658101,2025-02-21 00:00:00
000333,000333.SZ,美的集团,10015250,069001002001,016127,白色家电,1239,545500854594.12,490992102507.6,71.23,-0.307907627712,7658302044,6893052120,14.46891691,14.15516257,2.51672762,9.01481876,7.43399474,1.35804856,0.88452848,2025-02-20 00:00:00
000333,000333.SZ,美的集团,10015250,069001002001,016127,白色家电,1239,547185681043.8,492508573974,71.45,-0.625869262865,7658302044,6893052120,14.5136054,14.19888201,2.52450075,9.04266181,7.45695528,1.36224301,0.88726043,2025-02-19 00:00:00
000333,000333.SZ,美的集团,10015250,069001002001,016127,白色家电,1239,550631916963.6,495610447428,71.9,-0.194336479733,7658302044,6893052120,14.6050137,14.28830814,2.54040033,9.09961349,7.50392,1.37082257,0.89284849,2025-02-18 00:00:00
000333,000333.SZ,美的集团,10015250,069001002001,016127,白色家电,1239,551704079249.76,496575474724.8,72.04,-0.620775279349,7658302044,6893052120,14.63345183,14.3161296,2.54534687,9.11733179,7.51853125,1.37349176,0.894587,2025-02-17 00:00:00
000333,000333.SZ,美的集团,10015250,069001002001,016127,白色家电,1239,555150315169.56,499677348178.8,72.49,0.485167729415,7658302044,6893052120,14.72486012,14.40555573,2.56124646,9.17428348,7.56549598,1.38207132,0.90017506,2025-02-14 00:00:00
000333,000333.SZ,美的集团,10015250,069001002001,016127,白色家电,1239,552469909454.16,497264779936.8,72.14,-1.555676855895,7658302044,6893052120,14.65376478,14.33600207,2.54888011,9.12998772,7.52896786,1.37539833,0.89582879,2025-02-13 00:00:00
000333,000333.SZ,美的集团,10015250,069001002001,016127,白色家电,1239,561200373784.32,505122859353.6,73.28,-0.569877883311,7658302044,6893052120,14.88533246,14.56254826,2.58915906,9.27426532,7.64794517,1.39713321,0.90998522,2025-02-12 00:00:00
000333,000333.SZ,美的集团,10015250,069001002001,016127,白色家电,1239,564416860642.8,508017941244,73.7,0.945076016984,7658302044,6893052120,14.97064686,14.64601265,2.60399867,9.32742023,7.69177892,1.4051408,0.91520075,2025-02-11 00:00:00
000333,000333.SZ,美的集团,10015250,069001002001,016127,白色家电,1239,559132632232.44,503261735281.2,73.01,-0.585511982571,7658302044,6893052120,14.83048748,14.50889259,2.57961931,9.24009431,7.61976634,1.39198547,0.90663238,2025-02-10 00:00:00
000333,000333.SZ,美的集团,10015250,069001002001,016127,白色家电,1239,562425702111.36,506225747692.8,73.44,1.618929016189,7658302044,6893052120,14.91783318,14.59434422,2.59481225,9.29451481,7.66464374,1.40018372,0.91197209,2025-02-07 00:00:00
000333,000333.SZ,美的集团,10015250,069001002001,016127,白色家电,1239,553465488719.88,498160876712.4,72.27,0.083090984628,7658302044,6893052120,14.68017162,14.36183629,2.55347332,9.14644043,7.54253545,1.37787687,0.89744312,2025-02-06 00:00:00
000333,000333.SZ,美的集团,10015250,069001002001,016127,白色家电,1239,553005990597.24,497747293585.2,72.21,-2.260422306443,7658302044,6893052120,14.66798385,14.3499128,2.55135338,9.13884687,7.53627348,1.37673293,0.89669805,2025-02-05 00:00:00
000333,000333.SZ,美的集团,10015250,069001002001,016127,白色家电,1239,565680790181.28,509144125796.16,73.88,1.455644053831,7656751356,6891501432,15.00417145,14.67881027,2.60982995,9.34830763,7.70900354,1.4082874,0.91725021,2025-01-27 00:00:00
000333,000333.SZ,美的集团,10015250,069001002001,016127,白色家电,1239,557564633743.92,501839134278.24,72.82,-0.803705217273,7656751356,6891501432,14.78889774,14.46820471,2.57238518,9.21418194,7.59839791,1.38808187,0.90408988,2025-01-24 00:00:00
000333,000333.SZ,美的集团,10015250,069001002001,016127,白色家电,1239,562082117043.96,505905120123.12,73.41,0.561643835616,7656751356,6891501432,14.9087199,14.58542856,2.59322708,9.2888368,7.65996142,1.39932835,0.91141497,2025-01-23 00:00:00
000333,000333.SZ,美的集团,10015250,069001002001,016127,白色家电,1239,558942848988,503079604536,73,-1.881720430108,7656751356,6891501432,14.82545365,14.50396792,2.57874372,9.236958,7.61718,1.391513,0.90632465,2025-01-22 00:00:00
000333,000333.SZ,美的集团,10015250,069001002001,016127,白色家电,1239,569662300886.4,512727706540.8,74.4,-0.654292963012,7656751356,6891501432,15.10977742,14.7821262,2.62819908,9.41410514,7.76326291,1.41819955,0.92370622,2025-01-21 00:00:00
000333,000333.SZ,美的集团,10015250,069001002001,016127,白色家电,1239,573414109050.84,516104542242.48,74.89,0.726294552791,7656751356,6891501432,15.20929074,14.87948161,2.64550846,9.47610664,7.81439192,1.42753984,0.92978977,2025-01-20 00:00:00
000333,000333.SZ,美的集团,10015250,069001002001,016127,白色家电,1239,569279463318.6,512383131469.2,74.35,0.350924551221,7656751356,6891501432,15.099623,14.77219198,2.62643282,9.40777845,7.75804566,1.41724646,0.92308545,2025-01-17 00:00:00
000333,000333.SZ,美的集团,10015250,069001002001,016127,白色家电,1239,567288707966.04,510591341096.88,74.09,0.365754538066,7656751356,6891501432,15.04682001,14.72053401,2.61724825,9.3748797,7.73091598,1.41229039,0.91985744,2025-01-16 00:00:00
000333,000333.SZ,美的集团,10015250,069001002001,016127,白色家电,1239,565221385099.92,508730635710.24,73.82,-1.072098633074,7656751356,6891501432,14.99198614,14.6668892,2.60771043,9.34071561,7.70274285,1.40714369,0.91650528,2025-01-15 00:00:00
000333,000333.SZ,美的集团,10015250,069001002001,016127,白色家电,1239,571346786184.72,514243836855.84,74.62,0.43068640646,7656751356,6891501432,15.15445687,14.82583679,2.63597064,9.44194255,7.78621879,1.42239315,0.92643761,2025-01-14 00:00:00
000333,000333.SZ,美的集团,10015250,069001002001,016127,白色家电,1239,568896625750.8,512038556397.6,74.3,-2.71048841168,7656751356,6891501432,15.08946858,14.76225775,2.62466656,9.40145177,7.75282841,1.41629337,0.92246468,2025-01-13 00:00:00
000333,000333.SZ,美的集团,10015250,069001002001,016127,白色家电,1239,584746101057.72,526303964361.84,76.37,-2.997586688683,7656751356,6891501432,15.50986158,15.17353465,2.69778984,9.66337647,7.96882242,1.45575134,0.94816457,2025-01-10 00:00:00
000333,000333.SZ,美的集团,10015250,069001002001,016127,白色家电,1239,602816034257.88,542567907741.36,78.73,1.482340809487,7656751356,6891501432,15.98915022,15.64243005,2.78115744,9.96199593,8.21507646,1.50073724,0.97746493,2025-01-09 00:00:00
000333,000333.SZ,美的集团,10015250,069001002001,016127,白色家电,1239,594010770198.48,534642681094.56,77.58,2.173054128803,7656751356,6891501432,15.75559855,15.41394289,2.7405334,9.81648221,8.09507979,1.47881615,0.96318721,2025-01-08 00:00:00
000333,000333.SZ,美的集团,10015250,069001002001,016127,白色家电,1239,581316730196.19,523211303466.87,75.93,0.729636508358,7655955883,6890705959,15.41890062,15.08454615,2.68196806,9.60670349,7.92208753,1.44721377,0.94260385,2025-01-07 00:00:00
000333,000333.SZ,美的集团,10015250,069001002001,016127,白色家电,1239,577105954460.54,519421415189.42,75.38,0.923818449592,7655955883,6890705959,15.3072136,14.97528104,2.66254119,9.53711721,7.86470378,1.43673086,0.93577609,2025-01-06 00:00:00
000333,000333.SZ,美的集团,10015250,069001002001,016127,白色家电,1239,571823344901.27,514666828077.71,74.69,-0.836431226766,7655955883,6890705959,15.16709716,14.83820298,2.63816929,9.44981804,7.79271325,1.42357957,0.92721035,2025-01-03 00:00:00
000333,000333.SZ,美的集团,10015250,069001002001,016127,白色家电,1239,576646597107.56,519007972831.88,75.32,0.132943366126,7655955883,6890705959,15.29502956,14.96336121,2.66042189,9.52952597,7.85844373,1.43558727,0.93503124,2025-01-02 00:00:00
000333,000333.SZ,美的集团,10015250,069001002001,016127,白色家电,1239,575881001519.26,518318902235.98,75.22,-0.132766861391,7655955883,6890705959,15.27472283,14.94349482,2.65688974,9.51687392,7.84801032,1.43368128,1.04600806,2024-12-31 00:00:00
000333,000333.SZ,美的集团,10015250,069001002001,016127,白色家电,1239,576603268599.68,518957112324,75.32,-0.132590824715,7655380624,6890030700,15.29388031,17.09977402,2.7603495,9.95815661,7.85785326,1.4354794,1.04731996,2024-12-30 00:00:00
000333,000333.SZ,美的集团,10015250,069001002001,016127,白色家电,1239,577354972069.8,519639822801.72,75.42,-0.737036062122,7655197190,6889947266,15.31381857,17.12206658,2.7639481,9.97113882,7.86809735,1.4373508,1.04868533,2024-12-27 00:00:00
000333,000333.SZ,美的集团,10015250,069001002001,016127,白色家电,1239,581641882496.2,523498193270.68,75.98,0.58247286206,7655197190,6889947266,15.42752499,17.2491994,2.78447066,10.04517538,7.92651865,1.44802325,1.05647191,2024-12-26 00:00:00
000333,000333.SZ,美的集团,10015250,069001002001,016127,白色家电,1239,578273595732.6,520466616473.64,75.54,-0.931147540984,7655197190,6889947266,15.33818423,17.14930932,2.76834579,9.98700379,7.8806162,1.43963775,1.05035388,2024-12-25 00:00:00
000333,000333.SZ,美的集团,10015250,069001002001,016127,白色家电,1239,583708785737.5,525358479032.5,76.25,2.19809676987,7655197190,6889947266,15.48234773,17.31049558,2.79436546,10.08087158,7.95468606,1.4531689,1.06022615,2024-12-24 00:00:00
000333,000333.SZ,美的集团,10015250,069001002001,016127,白色家电,1239,571154262345.9,514058965516.26,74.61,0.824324324324,7655197190,6889947266,15.14935035,16.93817803,2.7342637,9.86405021,7.78359511,1.42191386,1.0374226,2024-12-23 00:00:00
000333,000333.SZ,美的集团,10015250,069001002001,016127,白色家电,1239,566484592060,509856097684,74,-0.591080064481,7655197190,6889947266,15.02549157,16.79969407,2.71190877,9.78340324,7.71995762,1.4102885,1.02894079,2024-12-20 00:00:00
000333,000333.SZ,美的集团,10015250,069001002001,016127,白色家电,1239,569852878823.6,512887674481.04,74.44,0.458839406208,7655197190,6889947266,15.11483233,16.89958414,2.72803363,9.84157483,7.76586007,1.418674,1.03505881,2024-12-19 00:00:00
000333,000333.SZ,美的集团,10015250,069001002001,016127,白色家电,1239,567250111779,510545092410.6,74.1,0.583683996199,7655197190,6889947266,15.04579629,16.82239636,2.71557351,9.79662406,7.73038999,1.4121943,1.03033125,2024-12-18 00:00:00
000333,000333.SZ,美的集团,10015250,069001002001,016127,白色家电,1239,563958376987.3,507582415086.22,73.67,0.61458617864,7655197190,6889947266,14.958486,16.72477652,2.69981512,9.73977455,7.68553078,1.40399938,1.02435227,2024-12-17 00:00:00
000333,000333.SZ,美的集团,10015250,069001002001,016127,白色家电,1239,560513538251.8,504481938816.52,73.22,-1.054054054054,7655197190,6889947266,14.86711476,16.62261621,2.68332379,9.68028088,7.63858509,1.3954233,1.0180952,2024-12-16 00:00:00
000333,000333.SZ,美的集团,10015250,069001002001,016127,白色家电,1239,566484592060,509856097684,74,-2.06458443621,7655197190,6889947266,15.02549157,16.79969407,2.71190877,9.78340324,7.71995762,1.4102885,1.02894079,2024-12-13 00:00:00
000333,000333.SZ,美的集团,10015250,069001002001,016127,白色家电,1239,578559399508.48,520597828098.16,75.56,0.612516644474,7656953408,6889860086,15.34576492,17.15778514,2.76971401,9.99193973,7.88451108,1.44034927,1.050873,2024-12-12 00:00:00
000333,000333.SZ,美的集团,10015250,069001002001,016127,白色家电,1239,575000771207.5,517401300025.3,75.1,1.70639219935,7656468325,6889498003,15.25137552,17.05225028,2.75267793,9.93048088,7.83601469,1.43148991,1.04440925,2024-12-11 00:00:00
000333,000333.SZ,美的集团,10015250,069001002001,016127,白色家电,1239,565353621118,508720532541.52,73.84,0.970873786408,7656468325,6889498003,14.99549359,16.76615394,2.70649452,9.76387094,7.70454494,1.4074729,1.02688654,2024-12-10 00:00:00
000333,000333.SZ,美的集团,10015250,069001002001,016127,白色家电,1239,559917528607.25,503828988959.39,73.13,0.384351407001,7656468325,6889498003,14.85130615,16.60494092,2.68047053,9.66998757,7.63046277,1.39393951,1.01701263,2024-12-09 00:00:00
000333,000333.SZ,美的集团,10015250,069001002001,016127,白色家电,1239,557773717476.25,501899929518.55,72.85,1.575571667596,7656468325,6889498003,14.7944435,16.54136396,2.67020755,9.63296314,7.60124727,1.3886024,1.01311869,2024-12-06 00:00:00
000333,000333.SZ,美的集团,10015250,069001002001,016127,白色家电,1239,549121908269,494114796775.16,71.72,0.321723317947,7656468325,6889498003,14.56496208,16.28478549,2.6287891,9.48354312,7.48334186,1.36706333,0.99740388,2024-12-05 00:00:00
000333,000333.SZ,美的集团,10015250,069001002001,016127,白色家电,1239,547360920554.25,492530212234.47,71.49,2.34788833214,7656468325,6889498003,14.51825347,16.23256156,2.62035879,9.4531302,7.45934341,1.36267928,0.99420529,2024-12-04 00:00:00
000333,000333.SZ,美的集团,10015250,069001002001,016127,白色家电,1239,534804312501.25,481231435509.55,69.85,-0.328196347032,7656468325,6889498003,14.1852008,15.86018219,2.56024705,9.23627283,7.28822405,1.33141904,0.97139795,2024-12-03 00:00:00
000333,000333.SZ,美的集团,10015250,069001002001,016127,白色家电,1239,536565300216,482816020050.24,70.08,-0.071296164266,7656468325,6889498003,14.23190941,15.91240612,2.56867736,9.26668575,7.3122225,1.3358031,0.97459654,2024-12-02 00:00:00
000333,000333.SZ,美的集团,10015250,069001002001,016127,白色家电,1239,536925447727.92,483137819046.06,70.13,-0.085482262431,7656144984,6889174662,14.24146199,15.92308668,2.57040148,9.27290563,7.31713053,1.3366997,0.9752507,2024-11-29 00:00:00
000333,000333.SZ,美的集团,10015250,069001002001,016127,白色家电,1239,537384816426.96,483551169525.78,70.19,-1.584408300617,7656144984,6889174662,14.25364633,15.93670974,2.57260059,9.2808391,7.32339073,1.33784332,0.97608508,2024-11-28 00:00:00
000333,000333.SZ,美的集团,10015250,069001002001,016127,白色家电,1239,546036260258.88,491335936893.84,71.32,1.019830028329,7656144984,6889174662,14.48311806,16.19327737,2.6140173,9.43025281,7.44129116,1.35938148,0.99179923,2024-11-27 00:00:00
000333,000333.SZ,美的集团,10015250,069001002001,016127,白色家电,1239,540523835870.4,486375731137.2,70.6,0.298337832078,7656144984,6889174662,14.33690598,16.02980065,2.58762789,9.33505116,7.36616876,1.34565805,0.98178667,2024-11-26 00:00:00
000333,000333.SZ,美的集团,10015250,069001002001,016127,白色家电,1239,538916045423.76,484929004458.18,70.39,0,7656144984,6889174662,14.2942608,15.98211994,2.57993098,9.30728401,7.34425806,1.34165539,0.97886634,2024-11-25 00:00:00
000333,000333.SZ,美的集团,10015250,069001002001,016127,白色家电,1239,538916045423.76,484929004458.18,70.39,-0.635234330887,7656144984,6889174662,14.2942608,15.98211994,2.57993098,9.30728401,7.34425806,1.34165539,0.97886634,2024-11-22 00:00:00
000333,000333.SZ,美的集团,10015250,069001002001,016127,白色家电,1239,542361310666.56,488029133056.08,70.84,-0.82598348033,7656144984,6889174662,14.38564334,16.08429289,2.59642436,9.36678504,7.39120956,1.35023253,0.98512419,2024-11-21 00:00:00
000333,000333.SZ,美的集团,10015250,069001002001,016127,白色家电,1239,546878436207.12,492093746106.66,71.43,0.168279343711,7656144984,6889174662,14.50545601,16.21825298,2.61804902,9.44479751,7.45276819,1.36147811,0.99332892,2024-11-20 00:00:00
000333,000333.SZ,美的集团,10015250,069001002001,016127,白色家电,1239,545959698809.04,491267045147.22,71.31,0.36593947924,7656144984,6889174662,14.48108733,16.19100686,2.61365078,9.42893057,7.44024779,1.35919087,0.99166016,2024-11-19 00:00:00
000333,000333.SZ,美的集团,10015250,069001002001,016127,白色家电,1239,543969101113.2,489475859735.1,71.05,-1.660899653979,7656144984,6889174662,14.42828853,16.1319736,2.60412127,9.39455219,7.41312026,1.35423519,0.98804452,2024-11-18 00:00:00
000333,000333.SZ,美的集团,10015250,069001002001,016127,白色家电,1239,553156475094,497742869329.5,72.25,-1.887561108093,7656144984,6889174662,14.67197532,16.4044348,2.64810362,9.55322162,7.53832426,1.37710757,1.00473211,2024-11-15 00:00:00
000333,000333.SZ,美的集团,10015250,069001002001,016127,白色家电,1239,563798516621.76,507318822109.68,73.64,0.326975476839,7656144984,6889174662,14.95424585,16.72003569,2.69904983,9.7370137,7.68335223,1.4036014,1.0240619,2024-11-14 00:00:00
000333,000333.SZ,美的集团,10015250,069001002001,016127,白色家电,1239,561961041825.6,505665420190.8,73.4,1.3952203343,7656144984,6889174662,14.90550849,16.66554345,2.69025336,9.70527982,7.65831143,1.39902693,1.02072439,2024-11-13 00:00:00
000333,000333.SZ,美的集团,10015250,069001002001,016127,白色家电,1239,554194174478.37,498673192868.79,72.39,1.103351955307,7655673083,6888702761,14.69949935,16.43520886,2.65307135,9.57114308,7.55246586,1.37969097,1.00661695,2024-11-12 00:00:00
000333,000333.SZ,美的集团,10015250,069001002001,016127,白色家电,1239,548146192742.8,493231117687.6,71.6,-1.350234224304,7655673083,6888702761,14.53908211,16.25584963,2.62411809,9.46669215,7.47004497,1.36463425,0.99563163,2024-11-11 00:00:00
000333,000333.SZ,美的集团,10015250,069001002001,016127,白色家电,1239,555648752364.14,499982046393.38,72.58,0.665742024965,7655673083,6888702761,14.73808072,16.47834589,2.66003479,9.59626419,7.5722886,1.3833122,1.00925899,2024-11-08 00:00:00
000333,000333.SZ,美的集团,10015250,069001002001,016127,白色家电,1239,551974029284.3,496675469068.1,72.1,1.306730363917,7655673083,6888702761,14.64061201,16.36936813,2.64244294,9.53280033,7.52221009,1.37416382,1.00258436,2024-11-07 00:00:00
000333,000333.SZ,美的集团,10015250,069001002001,016127,白色家电,1239,544854253317.11,490268975500.37,71.17,-2.680158621633,7655673083,6888702761,14.45176639,16.15822371,2.60835873,9.40983911,7.42518297,1.35643882,0.98965227,2024-11-06 00:00:00
000333,000333.SZ,美的集团,10015250,069001002001,016127,白色家电,1239,559859372559.79,503770832911.93,73.13,0.398132894014,7655673083,6888702761,14.84976361,16.60321624,2.68019213,9.66898319,7.62967023,1.39379473,1.01690699,2024-11-05 00:00:00
000333,000333.SZ,美的集团,10015250,069001002001,016127,白色家电,1239,557639227365.72,501773109111.24,72.84,0.81660899654,7655673083,6888702761,14.79087627,16.53737551,2.66956372,9.63064044,7.59941446,1.38826758,1.01287441,2024-11-04 00:00:00
000333,000333.SZ,美的集团,10015250,069001002001,016127,白色家电,1239,553122380246.75,497708774482.25,72.25,1.162139456735,7655673083,6888702761,14.67107098,16.40342368,2.6479404,9.55263279,7.53785962,1.37702269,1.00467018,2024-11-01 00:00:00
000333,000333.SZ,美的集团,10015250,069001002001,016127,白色家电,1239,546768171587.86,491991151190.62,71.42,-1.828178694158,7655673083,6888702761,14.50253134,16.21498296,2.61752115,9.4428932,7.45126553,1.3612036,0.99312864,2024-10-31 00:00:00
000333,000333.SZ,美的集团,10015250,069001002001,016127,白色家电,1239,556488591048,500691500122.5,72.75,-1.782098015391,7649327712,6882357390,15.33371958,16.50325219,2.66405532,9.61076852,9.03301017,1.41227845,1.01078444,2024-10-30 00:00:00
000333,000333.SZ,美的集团,10015250,069001002001,016127,白色家电,1239,566585703627.84,509776211877.3,74.07,-1.068518765861,7649327712,6882357390,15.61193965,16.80269264,2.71239282,9.78514948,9.19690809,1.43790329,1.02912444,2024-10-29 00:00:00
000333,000333.SZ,美的集团,10015250,069001002001,016127,白色家电,1239,572705165797.44,515282097789.3,74.87,-0.531420220539,7649327712,6882357390,15.78055787,16.9841717,2.74168827,9.8908349,9.29624016,1.4534335,1.0402396,2024-10-28 00:00:00
000333,000333.SZ,美的集团,10015250,069001002001,016127,白色家电,1239,575764896882.24,518035040745.3,75.27,-0.48915917504,7649327712,6882357390,15.86486698,17.07491123,2.756336,9.94367762,9.34590619,1.46119861,1.04579718,2024-10-25 00:00:00
000333,000333.SZ,美的集团,10015250,069001002001,016127,白色家电,1239,578595148135.68,520581512979.6,75.64,-0.968840010474,7649327712,6882357390,15.94285291,17.1588453,2.76988515,9.99255713,9.39184727,1.46838133,1.05093794,2024-10-24 00:00:00
000333,000333.SZ,美的集团,10015250,069001002001,016127,白色家电,1239,584255650642.56,525674457448.2,76.38,-0.156862745098,7649327712,6882357390,16.09882477,17.32671343,2.79698344,10.09031615,9.48372944,1.48274677,1.06121945,2024-10-23 00:00:00
000333,000333.SZ,美的集团,10015250,069001002001,016127,白色家电,1239,585173569968,526500340335,76.5,3.266738660907,7649327712,6882357390,16.1241175,17.35393529,2.80137776,10.10616896,9.49862925,1.4850763,1.06288673,2024-10-22 00:00:00
000333,000333.SZ,美的集团,10015250,069001002001,016127,白色家电,1239,566662196904.96,509845035451.2,74.08,-1.239834688708,7649327712,6882357390,15.61404738,16.80496113,2.71275901,9.78647054,9.19814974,1.43809742,1.02926338,2024-10-21 00:00:00
000333,000333.SZ,美的集团,10015250,069001002001,016127,白色家电,1239,573776071677.12,516245627823.9,75.01,2.640941434045,7649327712,6882357390,15.81006606,17.01593054,2.74681498,9.90932985,9.31362327,1.45615129,1.04218475,2024-10-18 00:00:00
000333,000333.SZ,美的集团,10015250,069001002001,016127,白色家电,1239,559012869192.96,502962678061.2,73.08,-2.870813397129,7649327712,6882357390,15.4032746,16.5781123,2.6761397,9.65436376,9.07398465,1.41868466,1.01536944,2024-10-17 00:00:00
000333,000333.SZ,美的集团,10015250,069001002001,016127,白色家电,1239,575535417050.88,517828570023.6,75.24,-1,7649327712,6882357390,15.8585438,17.06810577,2.75523742,9.93971441,9.34218124,1.46061622,1.04538036,2024-10-16 00:00:00
000333,000333.SZ,美的集团,10015250,069001002001,016127,白色家电,1239,581348906112,523059161640,76,-3.79746835443,7649327712,6882357390,16.01873111,17.24051088,2.7830681,10.04011557,9.43654671,1.47536992,1.05593976,2024-10-15 00:00:00
000333,000333.SZ,美的集团,10015250,069001002001,016127,白色家电,1239,604296889248,543706233810,79,2.904780513221,7649327712,6882357390,16.65104944,17.92105736,2.89292605,10.43643592,9.80904197,1.53360821,1.09762159,2024-10-14 00:00:00
000333,000333.SZ,美的集团,10015250,069001002001,016127,白色家电,1239,587238888450.24,528358576830.3,76.77,-1.954022988506,7649327712,6882357390,16.18102615,17.41518447,2.81126498,10.14183779,9.53215382,1.49031775,1.06663809,2024-10-11 00:00:00
000333,000333.SZ,美的集团,10015250,069001002001,016127,白色家电,1239,598942359849.6,538888583637,78.3,4.386081855753,7649327712,6882357390,16.5035085,17.76226318,2.86729253,10.34396117,9.72212641,1.52001928,1.08789583,2024-10-10 00:00:00
000333,000333.SZ,美的集团,10015250,069001002001,016127,白色家电,1239,573776071677.12,516245627823.9,75.01,-6.45965831151,7649327712,6882357390,15.81006606,17.01593054,2.74681498,9.90932985,9.31362327,1.45615129,1.04218475,2024-10-09 00:00:00
000333,000333.SZ,美的集团,10015250,069001002001,016127,白色家电,1239,613399589225.28,551896239104.1,80.19,5.429923744412,7649327712,6882357390,16.90186905,18.19100746,2.93650304,10.59364299,9.95679843,1.5567094,1.11415538,2024-10-08 00:00:00
000333,000333.SZ,美的集团,10015250,069001002001,016127,白色家电,1239,581807865774.72,523472103083.4,76.06,4.191780821918,7649327712,6882357390,16.03137748,17.25412181,2.78526526,10.04804197,9.44399661,1.47653469,1.05677339,2024-09-30 00:00:00
000333,000333.SZ,美的集团,10015250,069001002001,016127,白色家电,1239,552026425736,502234795830,73,-0.761283306145,7562005832,6879928710,15.21076721,16.370922,3.34972388,9.53370524,8.9605796,1.40095419,1.00267953,2024-09-27 00:00:00
000333,000333.SZ,美的集团,10015250,069001002001,016127,白色家电,1239,556261149001.92,506087555907.6,73.56,4.920838682071,7562005832,6879928710,15.32745255,16.49650716,3.37542039,9.60684051,9.02931829,1.41170124,1.01037132,2024-09-26 00:00:00
000333,000333.SZ,美的集团,10015250,069001002001,016127,白色家电,1239,530172228881.52,482351801858.1,70.11,3.042328042328,7562005832,6879928710,14.60858752,15.7228129,3.21711152,9.15627499,8.60583885,1.34549176,0.96298441,2024-09-25 00:00:00
000333,000333.SZ,美的集团,10015250,069001002001,016127,白色家电,1239,514518876809.28,468110349428.4,68.04,0.650887573964,7562005832,6879928710,14.17726851,15.25859634,3.1221262,8.88593568,8.35175118,1.30576607,0.93455227,2024-09-24 00:00:00
000333,000333.SZ,美的集团,10015250,069001002001,016127,白色家电,1239,511099612140,464991198692.8,67.6,2.331214047835,7560645150,6878568028,14.08305266,15.15719446,3.10137793,8.82688368,8.29624914,1.29708853,0.92834164,2024-09-23 00:00:00
000333,000333.SZ,美的集团,10015250,069001002001,016127,白色家电,1239,499456218609,454398203929.68,66.06,1.194852941176,7560645150,6878568028,13.76222572,14.81189743,3.03072524,8.62579787,8.10725175,1.26753947,0.90719303,2024-09-20 00:00:00
000333,000333.SZ,美的集团,10015250,069001002001,016127,白色家电,1239,493558915392,449032920867.84,65.28,0.045977011494,7560645150,6878568028,13.59972896,14.63700673,2.99494011,8.52394921,8.0115258,1.25257306,0.8964814,2024-09-19 00:00:00
000333,000333.SZ,美的集团,10015250,069001002001,016127,白色家电,1239,493332096037.5,448826563827,65.25,2.739726027397,7560645150,6878568028,13.59347908,14.63028016,2.99356376,8.52003196,8.00784403,1.25199743,0.89606941,2024-09-18 00:00:00
000333,000333.SZ,美的集团,10015250,069001002001,016127,白色家电,1239,444232752373.5,436857855458.28,63.51,1.827801827802,6994689850,6878568028,12.24057521,13.17418768,2.69562649,7.67206771,7.21085577,1.1273912,0.80688726,2024-09-13 00:00:00
000333,000333.SZ,美的集团,10015250,069001002001,016127,白色家电,1239,436258805944.5,429016287906.36,62.37,1.151475835225,6994689850,6878568028,12.02085776,12.93771195,2.64724019,7.53435464,7.08142142,1.10715461,0.79240369,2024-09-12 00:00:00
000333,000333.SZ,美的集团,10015250,069001002001,016127,白色家电,1239,431196448272.66,424036376728.14,61.66,1.497942386831,6993130851,6877009029,11.88136743,12.78758243,2.61652155,7.44692581,6.99924844,1.09430716,0.78320862,2024-09-11 00:00:00
000333,000333.SZ,美的集团,10015250,069001002001,016127,白色家电,1239,424832699198.25,417778298511.75,60.75,-0.556555901129,6993130851,6877009029,11.70601803,12.59885878,2.577906,7.33702145,6.89595107,1.07815699,0.77164975,2024-09-10 00:00:00
000333,000333.SZ,美的集团,10015250,069001002001,016127,白色家电,1239,427210363687.59,420116481581.61,61.09,-3.062519834973,6993130851,6877009029,11.77153319,12.66937091,2.59233379,7.37808462,6.93454569,1.08419112,0.77596845,2024-09-09 00:00:00
000333,000333.SZ,美的集团,10015250,069001002001,016127,白色家电,1239,440707106230.02,433389109007.58,63.02,-0.896367353357,6993130851,6877009029,12.14342808,13.06963095,2.6742327,7.61117847,7.15362693,1.11844368,0.80048341,2024-09-06 00:00:00
000333,000333.SZ,美的集团,10015250,069001002001,016127,白色家电,1239,444693190815.09,437309004154.11,63.59,-2.886377519853,6993130851,6877009029,12.25326233,13.18784247,2.69842046,7.68001966,7.21832968,1.12855972,0.80772358,2024-09-05 00:00:00
000333,000333.SZ,美的集团,10015250,069001002001,016127,白色家电,1239,457910208123.48,450306551218.92,65.48,-0.742761861452,6993130851,6877009029,12.61744956,13.57980696,2.77862198,7.90828255,7.43287038,1.16210238,0.83173046,2024-09-04 00:00:00
000333,000333.SZ,美的集团,10015250,069001002001,016127,白色家电,1239,461336842240.47,453676285643.13,65.97,1.134447340181,6993130851,6877009029,12.71186847,13.68142739,2.79941496,7.96746182,7.48849205,1.17079863,0.83795447,2024-09-03 00:00:00
000333,000333.SZ,美的集团,10015250,069001002001,016127,白色家电,1239,456161925410.73,448587298961.67,65.23,0.741312741313,6993130851,6877009029,12.56927664,13.52795981,2.76801331,7.87808905,7.40449198,1.15766552,0.82855495,2024-09-02 00:00:00
000333,000333.SZ,美的集团,10015250,069001002001,016127,白色家电,1239,452805222602.25,445286334627.75,64.75,1.250977326036,6993130851,6877009029,12.47678465,13.42841327,2.74764467,7.82011752,7.35000546,1.14914675,0.82245796,2024-08-30 00:00:00
000333,000333.SZ,美的集团,10015250,069001002001,016127,白色家电,1239,446708286177.15,439282295660.25,63.95,-1.509317726783,6985274217,6869152395,12.30878711,13.24760223,2.71064816,7.71482112,7.25103903,1.13367371,0.81138372,2024-08-29 00:00:00
000333,000333.SZ,美的集团,10015250,069001002001,016127,白色家电,1239,453553854909.81,446014065007.35,64.93,-1.606303985452,6985274217,6869152395,12.49741278,13.45061474,2.75218741,7.83304668,7.36215737,1.15104666,0.82381775,2024-08-28 00:00:00
000333,000333.SZ,美的集团,10015250,069001002001,016127,白色家电,1239,460958245579.83,453295366546.05,65.99,-0.497587454765,6985274217,6869152395,12.70143646,13.67019971,2.79711762,7.96092331,7.48234661,1.16983781,0.8372668,2024-08-27 00:00:00
000333,000333.SZ,美的集团,10015250,069001002001,016127,白色家电,1239,463263386071.44,455562186836.4,66.32,1.313779407272,6985274217,6869152395,12.76495326,13.73856106,2.81110533,8.00073396,7.51976401,1.17568789,0.84145377,2024-08-26 00:00:00
000333,000333.SZ,美的集团,10015250,069001002001,016127,白色家电,1239,457256050244.82,449654715776.7,65.46,2.137618973319,6985274217,6869152395,12.59942462,13.56040723,2.77465251,7.896985,7.42225199,1.16044224,0.83054227,2024-08-23 00:00:00
000333,000333.SZ,美的集团,10015250,069001002001,016127,白色家电,1239,447686224567.53,440243976995.55,64.09,1.472450918303,6985274217,6869152395,12.33573363,13.27660402,2.71658234,7.73171048,7.26691308,1.13615556,0.81316001,2024-08-22 00:00:00
000333,000333.SZ,美的集团,10015250,069001002001,016127,白色家电,1239,441189919545.72,433855665268.2,63.16,0.222151697874,6985274217,6869152395,12.15673172,13.08394929,2.67716243,7.61951684,7.16146403,1.11966898,0.80136037,2024-08-21 00:00:00
000333,000333.SZ,美的集团,10015250,069001002001,016127,白色家电,1239,440211981155.34,432893983932.9,63.02,1.058370750481,6985274217,6869152395,12.1297852,13.0549475,2.67122825,7.60262747,7.14558998,1.11718713,0.79958408,2024-08-20 00:00:00
000333,000333.SZ,美的集团,10015250,069001002001,016127,白色家电,1239,435601700172.12,428360343352.2,62.36,1.004211208293,6985274217,6869152395,12.56129483,12.91822479,2.64325284,7.52300618,6.96303104,1.13569017,0.79121015,2024-08-19 00:00:00
000333,000333.SZ,美的集团,10015250,069001002001,016127,白色家电,1239,431270830157.58,424101468867.3,61.74,1.213114754098,6985274217,6869152395,12.43640704,12.7897883,2.6169729,7.44821041,6.8938027,1.12439883,0.78334372,2024-08-16 00:00:00
000333,000333.SZ,美的集团,10015250,069001002001,016127,白色家电,1239,426101727237,419018296095,61,0.164203612479,6985274217,6869152395,12.28734742,12.63649314,2.58560653,7.35893805,6.81117533,1.11092207,0.77395476,2024-08-15 00:00:00
000333,000333.SZ,美的集团,10015250,069001002001,016127,白色家电,1239,425403199815.3,418331380855.5,60.9,-0.749674054759,6985274217,6869152395,12.26720422,12.61577758,2.58136783,7.34687422,6.80000947,1.10910089,0.77268598,2024-08-14 00:00:00
000333,000333.SZ,美的集团,10015250,069001002001,016127,白色家电,1239,428616425955.12,421491190957.2,61.36,-0.032583903552,6985274217,6869152395,12.35986291,12.71106916,2.60086585,7.40236785,6.85137243,1.11747834,0.77852236,2024-08-13 00:00:00
000333,000333.SZ,美的集团,10015250,069001002001,016127,白色家电,1239,428756131439.46,421628574005.1,61.38,1.454545454545,6985274217,6869152395,12.36389155,12.71521228,2.60171359,7.40478061,6.8536056,1.11784257,0.77877612,2024-08-12 00:00:00
000333,000333.SZ,美的集团,10015250,069001002001,016127,白色家电,1239,422609090128.5,415583719897.5,60.5,-0.754593175853,6985274217,6869152395,12.18663145,12.53291533,2.56441303,7.29861888,6.75534602,1.10181616,0.76761087,2024-08-09 00:00:00
000333,000333.SZ,美的集团,10015250,069001002001,016127,白色家电,1239,425822316268.32,418743529999.2,60.96,0.428336079077,6985274217,6869152395,12.27929014,12.62820691,2.58391105,7.35411252,6.80670898,1.1101936,0.77344725,2024-08-08 00:00:00
000333,000333.SZ,美的集团,10015250,069001002001,016127,白色家电,1239,424006144971.9,416957550376.5,60.7,1.30173564753,6985274217,6869152395,12.22691784,12.57434645,2.57289043,7.32274655,6.77767774,1.10545852,0.77014843,2024-08-07 00:00:00
000333,000333.SZ,美的集团,10015250,069001002001,016127,白色家电,1239,418557631082.64,411599611508.4,59.92,-2.806163828062,6985274217,6869152395,12.06980094,12.41276506,2.53982858,7.22864865,6.69058403,1.09125329,0.76025196,2024-08-06 00:00:00
000333,000333.SZ,美的集团,10015250,069001002001,016127,白色家电,1239,430642155478.05,423483245151.75,61.65,-2.127321797111,6985274217,6869152395,12.41827817,12.77114429,2.61315807,7.43735296,6.88375343,1.12275977,0.78220182,2024-08-05 00:00:00
000333,000333.SZ,美的集团,10015250,069001002001,016127,白色家电,1239,440002422928.83,432687909361.05,62.99,-0.927964768795,6985274217,6869152395,12.68819695,13.04873283,2.66995664,7.59900832,7.03337597,1.14716363,0.79920345,2024-08-02 00:00:00
000333,000333.SZ,美的集团,10015250,069001002001,016127,白色家电,1239,444123734716.86,436740709274.1,63.58,-0.282308657465,6985274217,6869152395,12.80704178,13.17095465,2.69496497,7.67018494,7.09925455,1.15790862,0.80668924,2024-08-01 00:00:00
000333,000333.SZ,美的集团,10015250,069001002001,016127,白色家电,1239,445381084075.92,437977156705.2,63.76,4.421880117917,6985274217,6869152395,12.84329953,13.20824266,2.70259463,7.69189984,7.1193531,1.16118675,0.80897304,2024-07-31 00:00:00
000333,000333.SZ,美的集团,10015250,069001002001,016127,白色家电,1239,426520843690.02,419430445238.7,61.06,-2.894402035623,6985274217,6869152395,12.29943333,12.64892248,2.58814975,7.36617635,6.81787484,1.11201479,0.77471603,2024-07-30 00:00:00
000333,000333.SZ,美的集团,10015250,069001002001,016127,白色家电,1239,439234042764.96,431488698848.64,62.88,0.063653723743,6985274217,6862097628,12.66603943,13.02594571,2.66529407,7.58573811,7.02109352,1.14516033,0.79780779,2024-07-29 00:00:00
000333,000333.SZ,美的集团,10015250,069001002001,016127,白色家电,1239,438954631796.28,431214214943.52,62.84,5.791245791246,6985274217,6862097628,12.65798216,13.01765949,2.66359859,7.58091257,7.01662717,1.14443186,0.79730028,2024-07-26 00:00:00
000333,000333.SZ,美的集团,10015250,069001002001,016127,白色家电,1239,414925288489.8,407608599103.2,59.4,-1.131824234354,6985274217,6862097628,11.96505634,12.30504414,2.51778734,7.16591672,6.63252155,1.08178314,0.75365431,2024-07-25 00:00:00
000333,000333.SZ,美的集团,10015250,069001002001,016127,白色家电,1239,419675274957.36,412159248032.16,60.08,-3.687079192049,6985274217,6860173902,12.10203004,12.44590996,2.5466105,7.24795079,6.7084494,1.09416718,0.762282,2024-07-24 00:00:00
000333,000333.SZ,美的集团,10015250,069001002001,016127,白色家电,1239,435741405656.46,427937648006.76,62.38,-1.964482162502,6985274217,6860173902,12.56532347,12.9223679,2.64410058,7.52541894,6.96526421,1.13605441,0.7914639,2024-07-23 00:00:00
000333,000333.SZ,美的集团,10015250,069001002001,016127,白色家电,1239,444274667344.62,436320642781.17,63.63,0.047169811321,6982157274,6857152959,12.81139417,13.17543072,2.69588084,7.6727916,7.10166718,1.15830212,0.80696339,2024-07-22 00:00:00
000333,000333.SZ,美的集团,10015250,069001002001,016127,白色家电,1239,444065202626.4,435934443349.2,63.6,-0.469483568075,6982157274,6854315147,12.80535391,13.16921882,2.69460979,7.66917407,7.09831892,1.15775601,0.80658293,2024-07-19 00:00:00
000333,000333.SZ,美的集团,10015250,069001002001,016127,白色家电,1239,446159849808.6,437990737893.3,63.9,1.703008117141,6982157274,6854315147,12.86575652,13.23133778,2.70732022,7.70534942,7.13180156,1.16321713,0.81038756,2024-07-18 00:00:00
000333,000333.SZ,美的集团,10015250,069001002001,016127,白色家电,1239,438688941525.42,430656620686.01,62.83,-2.240547689435,6982157274,6854315147,12.65032054,13.00978016,2.66198637,7.576324,7.01238015,1.14373915,0.79681769,2024-07-17 00:00:00
000333,000333.SZ,美的集团,10015250,069001002001,016127,白色家电,1239,448615370816.49,440404098914.2,64.27,-1.031721589159,6980167587,6852405460,12.93656553,13.30415883,2.72222044,7.74775719,7.17105271,1.1696191,0.81484768,2024-07-16 00:00:00
000333,000333.SZ,美的集团,10015250,069001002001,016127,白色家电,1239,453292083099.78,444995210572.4,64.94,-0.092307692308,6980167587,6852405460,13.07142626,13.44285163,2.75059896,7.82852578,7.24580929,1.18181211,0.82334228,2024-07-15 00:00:00
000333,000333.SZ,美的集团,10015250,069001002001,016127,白色家电,1239,453710893155,445406354900,65,1.721439749609,6980167587,6852405460,13.08350334,13.45527188,2.75314032,7.83575879,7.25250391,1.18290402,0.82410299,2024-07-12 00:00:00
000333,000333.SZ,美的集团,10015250,069001002001,016127,白色家电,1239,446032708809.3,437868708894,63.9,0.141043723554,6980167587,6852405460,12.8620902,13.22756728,2.70654872,7.70315364,7.12976923,1.16288565,0.81015663,2024-07-11 00:00:00
000333,000333.SZ,美的集团,10015250,069001002001,016127,白色家电,1239,445404493726.47,436957512634.53,63.81,-0.452418096724,6980167587,6847790513,12.84397458,13.2089369,2.70273668,7.69230413,7.1197273,1.16124778,0.80901556,2024-07-10 00:00:00
000333,000333.SZ,美的集团,10015250,069001002001,016127,白色家电,1239,447428742326.7,438943371883.3,64.1,-0.202397633505,6980167587,6847790513,12.90234714,13.26896811,2.71501992,7.72726367,7.15208462,1.16652535,0.81269233,2024-07-09 00:00:00
000333,000333.SZ,美的集团,10015250,069001002001,016127,白色家电,1239,448336164113.01,439833584649.99,64.23,0.359375,6980167587,6847790513,12.92851414,13.29587866,2.7205262,7.74293519,7.16658963,1.16889116,0.81434054,2024-07-08 00:00:00
000333,000333.SZ,美的集团,10015250,069001002001,016127,白色家电,1239,446730725568,438258592832,64,-0.928792569659,6980167587,6847790513,12.88221867,13.2482677,2.71078432,7.71520866,7.14092692,1.1647055,0.81142448,2024-07-05 00:00:00
000333,000333.SZ,美的集团,10015250,069001002001,016127,白色家电,1239,450918826120.2,442367267139.8,64.6,2.490877359987,6980167587,6847790513,13.00298947,13.37247021,2.73619792,7.78753874,7.20787311,1.17562461,0.81903158,2024-07-04 00:00:00
000333,000333.SZ,美的集团,10015250,069001002001,016127,白色家电,1239,439959963008.61,431616236034.39,63.03,0.047619047619,6980167587,6847790513,12.68697254,13.04747364,2.66969899,7.59827502,7.03269725,1.14705293,0.79912633,2024-07-03 00:00:00
000333,000333.SZ,美的集团,10015250,069001002001,016127,白色家电,1239,439749562014,431409806352,63,-1.700733343735,6980151778,6847774704,12.68090528,13.04123398,2.66842227,7.59464132,7.02933402,1.14650438,0.79874416,2024-07-02 00:00:00
000333,000333.SZ,美的集团,10015250,069001002001,016127,白色家电,1239,447357927452.02,438873880779.36,64.09,-0.635658914729,6980151778,6847774704,12.90030507,13.26686802,2.71459021,7.72604067,7.15095266,1.16634072,0.8125637,2024-07-01 00:00:00
000333,000333.SZ,美的集团,10015250,069001002001,016127,白色家电,1239,450217467681,441682048908,64.5,0.624024960998,6980115778,6847783704,12.98276464,13.35167069,2.6099759,7.77542601,7.196662,1.17379605,0.81775766,2024-06-28 00:00:00
000333,000333.SZ,美的集团,10015250,069001002001,016127,白色家电,1239,447425421369.8,438942935426.4,64.1,-0.233463035019,6980115778,6847783704,12.90225137,13.26886963,2.59379,7.72720631,7.15203154,1.16651669,0.8126863,2024-06-27 00:00:00
000333,000333.SZ,美的集团,10015250,069001002001,016127,白色家电,1239,448472438736.5,439970102982,64.25,-1.59289324552,6980115778,6847783704,12.93244385,13.29992002,2.59985971,7.7452887,7.16876796,1.16924645,0.81458806,2024-06-26 00:00:00
000333,000333.SZ,美的集团,10015250,069001002001,016127,白色家电,1239,455731759145.62,447091798034.16,65.29,0.631935881628,6980115778,6847783704,13.14177835,13.51520278,2.64194304,7.87065991,7.28480716,1.18817277,0.82777361,2024-06-25 00:00:00
000333,000333.SZ,美的集团,10015250,069001002001,016127,白色家电,1239,452869911676.64,444284206715.52,64.88,1.454261141517,6980115778,6847783704,13.05925225,13.43033169,2.6253525,7.82123472,7.23906094,1.18071144,0.82257546,2024-06-24 00:00:00
000333,000333.SZ,美的集团,10015250,069001002001,016127,白色家电,1239,446378404003.1,437897995142.6,63.95,-0.806576702342,6980115778,6847505788,12.8720589,13.23781923,2.58772029,7.70912393,7.13529511,1.16378693,0.81078454,2024-06-21 00:00:00
000333,000333.SZ,美的集团,10015250,069001002001,016127,白色家电,1239,450008064207.66,441458698152.36,64.47,0.734375,6980115778,6847505788,12.97672615,13.34546061,2.60876196,7.77180953,7.19331471,1.1732501,0.81737731,2024-06-20 00:00:00
000333,000333.SZ,美的集团,10015250,069001002001,016127,白色家电,1239,446727409792,438240370432,64,-1.295496607033,6980115778,6847505788,12.88212305,13.24816936,2.58974353,7.71515139,7.14087392,1.16469685,0.81141846,2024-06-19 00:00:00
000333,000333.SZ,美的集团,10015250,069001002001,016127,白色家电,1239,452590707045.52,443992275293.92,64.84,0.480396714706,6980115778,6847505788,13.05120092,13.42205159,2.62373391,7.81641275,7.23459789,1.1799835,0.82206832,2024-06-18 00:00:00
000333,000333.SZ,美的集团,10015250,069001002001,016127,白色家电,1239,450426871154.34,441869548499.64,64.53,-1.646090534979,6980115778,6847505788,12.98880314,13.35788077,2.61118984,7.77904249,7.20000928,1.174342,0.81813802,2024-06-17 00:00:00
000333,000333.SZ,美的集团,10015250,069001002001,016127,白色家电,1239,457650622443.69,448950080999.79,65.61,2.64392991239,6975318129,6842708139,13.19711194,13.57210868,2.65306697,7.90379941,7.31547992,1.19317559,0.83125896,2024-06-14 00:00:00
000333,000333.SZ,美的集团,10015250,069001002001,016127,白色家电,1239,445862334805.68,437385904244.88,63.92,-1.903007980356,6975318129,6842708139,12.85717719,13.22251466,2.58472856,7.70021122,7.12704582,1.16244145,0.80984717,2024-06-13 00:00:00
000333,000333.SZ,美的集团,10015250,069001002001,016127,白色家电,1239,454511729285.64,445870862337.24,65.16,0.246153846154,6975318129,6842708139,13.10659677,13.47902151,2.63487035,7.84958953,7.26530516,1.18499194,0.82555759,2024-06-12 00:00:00
000333,000333.SZ,美的集团,10015250,069001002001,016127,白色家电,1239,453395678385,444776029035,65,-0.24554941682,6975318129,6842708139,13.0744136,13.44592385,2.62840045,7.83031491,7.24746524,1.1820822,0.82353044,2024-06-11 00:00:00
000333,000333.SZ,美的集团,10015250,069001002001,016127,白色家电,1239,454511729285.64,445870862337.24,65.16,-0.912408759124,6975318129,6842708139,13.10659677,13.47902151,2.63487035,7.84958953,7.26530516,1.18499194,0.82555759,2024-06-07 00:00:00
000333,000333.SZ,美的集团,10015250,069001002001,016127,白色家电,1239,458696920163.04,449976487220.64,65.76,2.87859824781,6975318129,6842708139,13.22728366,13.60313773,2.65913251,7.92186936,7.33220484,1.19590347,0.83315941,2024-06-06 00:00:00
000333,000333.SZ,美的集团,10015250,069001002001,016127,白色家电,1239,445862334805.68,437385904244.88,63.92,-1.17501546073,6975318129,6842708139,12.85717719,13.22251466,2.58472856,7.70021122,7.12704582,1.16244145,0.80984717,2024-06-05 00:00:00
000333,000333.SZ,美的集团,10015250,069001002001,016127,白色家电,1239,451163576583.72,442586362430.52,64.68,-0.522916025838,6975318129,6842708139,13.01004725,13.37972854,2.61546063,7.79176567,7.21178541,1.17626272,0.81947614,2024-06-04 00:00:00
000333,000333.SZ,美的集团,10015250,069001002001,016127,白色家电,1239,453535184747.58,444912883197.78,65.02,0.401482396541,6975318129,6842708139,13.07843649,13.45006106,2.62920918,7.83272424,7.24969523,1.18244592,0.82378384,2024-06-03 00:00:00
000333,000333.SZ,美的集团,10015250,069001002001,016127,白色家电,1239,451721602034.04,443133779081.64,64.76,-0.644369438478,6975318129,6842708139,13.02613884,13.39627737,2.61869558,7.80140298,7.22070537,1.17771759,0.82048971,2024-05-31 00:00:00
000333,000333.SZ,美的集团,10015250,069001002001,016127,白色家电,1239,454651235648.22,446007716500.02,65.18,-1.017463933181,6975318129,6842708139,13.11061967,13.48315872,2.63567909,7.85199886,7.26753515,1.18535566,0.82581099,2024-05-30 00:00:00
000333,000333.SZ,美的集团,10015250,069001002001,016127,白色家电,1239,459324698794.65,450592330953.15,65.85,-1.760405788453,6975318129,6842708139,13.2453867,13.62175517,2.66277184,7.93271134,7.34223979,1.1975402,0.83429969,2024-05-29 00:00:00
000333,000333.SZ,美的集团,10015250,069001002001,016127,白色家电,1239,467555574186.87,458666726557.17,67.03,-0.828524929723,6975318129,6842708139,13.48273759,13.8658504,2.71048741,8.07486167,7.47380916,1.21899954,0.84924993,2024-05-28 00:00:00
000333,000333.SZ,美的集团,10015250,069001002001,016127,白色家电,1239,471461752339.11,462498643115.01,67.59,1.456019213449,6975318129,6842708139,13.59537869,13.9816922,2.73313209,8.14232285,7.53624886,1.22918363,0.85634496,2024-05-27 00:00:00
000333,000333.SZ,美的集团,10015250,069001002001,016127,白色家电,1239,464695693753.98,455861216220.18,66.62,1.338606632187,6975318129,6842708139,13.40026821,13.78103765,2.69390827,8.02547045,7.42809438,1.21154333,0.84405535,2024-05-24 00:00:00
000333,000333.SZ,美的集团,10015250,069001002001,016127,白色家电,1239,458557413800.46,449839633057.86,65.74,0.504510013759,6975318129,6842708139,13.22326077,13.59900053,2.65832377,7.91946004,7.32997485,1.19553975,0.83290602,2024-05-23 00:00:00
000333,000333.SZ,美的集团,10015250,069001002001,016127,白色家电,1239,456255558817.89,447581539371.99,65.41,-1.712997746056,6975318129,6842708139,13.15688298,13.5307366,2.64497959,7.87970613,7.29318002,1.18953841,0.82872502,2024-05-22 00:00:00
000333,000333.SZ,美的集团,10015250,069001002001,016127,白色家电,1239,464207421484.95,455382226650.45,66.55,-0.030043563167,6975318129,6842708139,13.38618808,13.76655742,2.69107769,8.01703781,7.42028941,1.21027032,0.84316848,2024-05-21 00:00:00
000333,000333.SZ,美的集团,10015250,069001002001,016127,白色家电,1239,464346927847.53,455519080813.23,66.57,-2.146112009408,6975318129,6842708139,13.39021097,13.77069463,2.69188643,8.01944713,7.4225194,1.21063403,0.84342187,2024-05-20 00:00:00
000333,000333.SZ,美的集团,10015250,069001002001,016127,白色家电,1239,474530892315.87,465509434696.17,68.03,-1.889241419094,6975318129,6842708139,13.68388242,14.07271077,2.75092434,8.19532805,7.58530862,1.23718542,0.86191963,2024-05-17 00:00:00
000333,000333.SZ,美的集团,10015250,069001002001,016127,白色家电,1239,483668559064.86,474473382358.26,69.34,-0.602064220183,6975318129,6842708139,13.94738214,14.34369785,2.80389672,8.35313902,7.73137292,1.26100892,0.87851694,2024-05-16 00:00:00
000333,000333.SZ,美的集团,10015250,069001002001,016127,白色家电,1239,486598192679.04,477347319776.64,69.76,2.799882110227,6975318129,6842708139,14.03186296,14.4305792,2.82088023,8.4037349,7.7782027,1.26864699,0.88383821,2024-05-15 00:00:00
000333,000333.SZ,美的集团,10015250,069001002001,016127,白色家电,1239,494131536258.36,484737444566.76,70.84,-2.571860816944,6975318129,6842708139,14.24909937,14.6539884,2.86455212,8.53383859,7.89862212,1.28828774,0.89752149,2024-05-14 00:00:00
000333,000333.SZ,美的集团,10015250,069001002001,016127,白色家电,1239,507175381159.59,497533308786.69,72.71,1.15470228158,6975318129,6842708139,14.6252402,15.04081728,2.94016918,8.75911073,8.10712612,1.32229534,0.92121382,2024-05-13 00:00:00
000333,000333.SZ,美的集团,10015250,069001002001,016127,白色家电,1239,501385867112.52,491853861031.32,71.88,0.041753653445,6975318129,6842708139,14.45828999,14.86912318,2.90660652,8.65912363,8.01458156,1.30720106,0.91069797,2024-05-10 00:00:00
000333,000333.SZ,美的集团,10015250,069001002001,016127,白色家电,1239,501176607568.65,491648579787.15,71.85,1.554770318021,6975318129,6842708139,14.45225565,14.86291737,2.90539342,8.65550964,8.01123658,1.30665548,0.91031788,2024-05-09 00:00:00
000333,000333.SZ,美的集团,10015250,069001002001,016127,白色家电,1239,493440257520.75,484058100728.25,70.75,-0.492264416315,6974420601,6841810611,14.22916521,14.6334878,2.86054467,8.52189995,7.88757213,1.28648546,0.89626587,2024-05-08 00:00:00
000333,000333.SZ,美的集团,10015250,069001002001,016127,白色家电,1239,495881304731.1,486452734442.1,71.1,0.126742712294,6974420601,6841810611,14.29955684,14.70587961,2.87469578,8.56405775,7.92659192,1.29284969,0.9006997,2024-05-07 00:00:00
000333,000333.SZ,美的集团,10015250,069001002001,016127,白色家电,1239,495253606877.01,485836971487.11,71.01,1.762682717111,6974420601,6841810611,14.28145613,14.68726458,2.87105692,8.55321717,7.91655826,1.29121318,0.89955957,2024-05-06 00:00:00
000333,000333.SZ,美的集团,10015250,069001002001,016127,白色家电,1239,486675069537.78,477421544435.58,69.78,2.316715542522,6974420601,6841810611,14.03407983,14.43285907,2.8213259,8.40506259,7.77943156,1.26884742,0.88397785,2024-04-30 00:00:00
000333,000333.SZ,美的集团,10015250,069001002001,016127,白色家电,1239,475655484988.2,466611483670.2,68.2,-0.248647067427,6974420601,6841810611,14.10606174,14.10606174,2.75744377,8.21475019,8.21475019,1.2727937,0.8639623,2024-04-29 00:00:00
000333,000333.SZ,美的集团,10015250,069001002001,016127,白色家电,1239,476659463452.89,467592918436.59,68.37,0.190504103165,6971763397,6839153407,14.13583577,14.13583577,2.76326398,8.23208928,8.23208928,1.27548022,0.86578589,2024-04-26 00:00:00
000333,000333.SZ,美的集团,10015250,069001002001,016127,白色家电,1239,475753134211.28,466703828493.68,68.24,0.500736377025,6971763397,6839153407,14.10895763,14.10895763,2.75800986,8.21643663,8.21643663,1.273055,0.86413966,2024-04-25 00:00:00
000333,000333.SZ,美的集团,10015250,069001002001,016127,白色家电,1239,473382734656.3,464378516335.3,67.9,-0.7164790174,6971763397,6839153407,14.03866095,14.03866095,2.74426831,8.17549894,8.17549894,1.26671211,0.85983416,2024-04-24 00:00:00
000333,000333.SZ,美的集团,10015250,069001002001,016127,白色家电,1239,476798898720.83,467729701504.73,68.39,-2.272077736496,6971763397,6839153407,14.13997087,14.13997087,2.76407231,8.23449738,8.23449738,1.27585333,0.86603915,2024-04-23 00:00:00
000333,000333.SZ,美的集团,10015250,069001002001,016127,白色家电,1239,487884002522.06,478603955421.86,69.98,-0.028571428571,6971763397,6839153407,14.46871124,14.46871124,2.82833426,8.42594132,8.42594132,1.30551566,0.88617371,2024-04-22 00:00:00
000333,000333.SZ,美的集团,10015250,069001002001,016127,白色家电,1239,488023437790,478740738490,70,0,6971763397,6839153407,14.47284634,14.47284634,2.82914258,8.42834942,8.42834942,1.30588877,0.88642697,2024-04-19 00:00:00
000333,000333.SZ,美的集团,10015250,069001002001,016127,白色家电,1239,488023437790,478740738490,70,2.070574511519,6971763397,6839153407,14.47284634,14.47284634,2.82914258,8.42834942,8.42834942,1.30588877,0.88642697,2024-04-18 00:00:00
000333,000333.SZ,美的集团,10015250,069001002001,016127,白色家电,1239,478123533766.26,469029140652.06,68.58,0.395256916996,6971763397,6839153407,14.17925431,14.17925431,2.77175141,8.25737433,8.25737433,1.27939789,0.86844517,2024-04-17 00:00:00
000333,000333.SZ,美的集团,10015250,069001002001,016127,白色家电,1239,476241157649.07,467182569232.17,68.31,2.199281867145,6971763397,6839153407,14.12343048,14.12343048,2.760839,8.22486498,8.22486498,1.27436089,0.86502609,2024-04-16 00:00:00
000333,000333.SZ,美的集团,10015250,069001002001,016127,白色家电,1239,465992665455.48,457129013723.88,66.84,3.005085529357,6971763397,6839153407,13.8195007,13.8195007,2.70142701,8.04786965,8.04786965,1.24693722,0.84641112,2024-04-15 00:00:00
000333,000333.SZ,美的集团,10015250,069001002001,016127,白色家电,1239,452397726831.33,443792664580.23,64.89,-0.276625172891,6971763397,6839153407,13.41632856,13.41632856,2.62261518,7.81307991,7.81307991,1.21055889,0.8217178,2024-04-12 00:00:00
000333,000333.SZ,美的集团,10015250,069001002001,016127,白色家电,1239,453469623610.68,444840691561.38,65.07,-0.153444836581,6968950724,6836340734,13.44811678,13.44811678,2.62882912,7.83159197,7.83159197,1.21342715,0.82366475,2024-04-11 00:00:00
000333,000333.SZ,美的集团,10015250,069001002001,016127,白色家电,1239,454166518683.08,445524325634.78,65.17,0.19987699877,6968950724,6836340734,13.46878393,13.46878393,2.63286912,7.84362762,7.84362762,1.21529196,0.82493057,2024-04-10 00:00:00
000333,000333.SZ,美的集团,10015250,069001002001,016127,白色家电,1239,453260555088.96,444635601339.36,65.04,-0.428658909982,6968950724,6836340734,13.44191663,13.44191663,2.62761712,7.82798128,7.82798128,1.21286771,0.82328501,2024-04-09 00:00:00
000333,000333.SZ,美的集团,10015250,069001002001,016127,白色家电,1239,455211861291.68,446549776744.88,65.32,-2.112992656976,6968950724,6836340734,13.49978466,13.49978466,2.63892912,7.86168108,7.86168108,1.21808916,0.82682929,2024-04-08 00:00:00
000333,000333.SZ,美的集团,10015250,069001002001,016127,白色家电,1239,465038081812.52,456189017179.82,66.73,0.724528301887,6968950724,6836340734,13.79119153,13.79119153,2.69589315,8.03138362,8.03138362,1.24438288,0.84467726,2024-04-03 00:00:00
000333,000333.SZ,美的集团,10015250,069001002001,016127,白色家电,1239,461692985465,452907573627.5,66.25,0.045303533676,6968950724,6836340734,13.69198919,13.69198919,2.67650114,7.97361255,7.97361255,1.23543183,0.83860135,2024-04-02 00:00:00
000333,000333.SZ,美的集团,10015250,069001002001,016127,白色家电,1239,461483916943.28,452702483405.48,66.22,3.11429461227,6968950724,6836340734,13.68578904,13.68578904,2.67528914,7.97000185,7.97000185,1.23487238,0.83822161,2024-04-01 00:00:00
000333,000333.SZ,美的集团,10015250,069001002001,016127,白色家电,1239,447546015495.28,439029801937.48,64.22,-0.557448126355,6968950724,6836340734,13.27244597,13.27244597,2.74772375,7.72928902,7.72928902,1.19757633,0.81290534,2024-03-29 00:00:00
000333,000333.SZ,美的集团,10015250,069001002001,016127,白色家电,1239,450054837755.92,441490884601.72,64.58,1.429244542171,6968950724,6836340734,13.34684773,13.34684773,2.76312675,7.77261733,7.77261733,1.20428962,0.81746227,2024-03-28 00:00:00
000333,000333.SZ,美的集团,10015250,069001002001,016127,白色家电,1239,443713092597.08,435269814533.78,63.67,1.514668367347,6968950724,6836340734,13.52739814,13.15877663,2.72419139,7.66309299,8.8791397,1.21129395,0.80594337,2024-03-27 00:00:00
000333,000333.SZ,美的集团,10015250,069001002001,016127,白色家电,1239,437092589409.28,428775290836.48,62.72,-0.286168521463,6968950724,6836340734,13.32556009,12.96243867,2.68354459,7.5487544,8.74665685,1.19322061,0.79391814,2024-03-26 00:00:00
000333,000333.SZ,美的集团,10015250,069001002001,016127,白色家电,1239,438347000539.6,430005832168.6,62.9,0.447141488342,6968950724,6836340734,13.36380309,12.99963955,2.69124609,7.57041855,8.77175886,1.19664504,0.7961966,2024-03-25 00:00:00
000333,000333.SZ,美的集团,10015250,069001002001,016127,白色家电,1239,436453355709.56,428091656763.08,62.62,3.418662262593,6969871538,6836340734,13.30607189,12.94348153,2.67961999,7.53771459,8.73386515,1.19147557,0.79275706,2024-03-22 00:00:00
000333,000333.SZ,美的集团,10015250,069001002001,016127,白色家电,1239,422025721625.9,413940431443.7,60.55,-2.149321266968,6969871538,6836340734,12.86621931,12.51561492,2.59104105,7.28854389,8.44515386,1.15208952,0.76655126,2024-03-21 00:00:00
000333,000333.SZ,美的集团,10015250,069001002001,016127,白色家电,1239,431295650771.44,423032764619.92,61.88,-1.150159744409,6969871538,6836340734,13.14882991,12.79052438,2.64795409,7.44863907,8.63065435,1.17739553,0.7833888,2024-03-20 00:00:00
000333,000333.SZ,美的集团,10015250,069001002001,016127,白色家电,1239,436313958278.8,427954929948.4,62.6,0.384862091084,6969871538,6836340734,13.30182211,12.93934755,2.67876416,7.53530714,8.73107567,1.19109503,0.79250386,2024-03-19 00:00:00
000333,000333.SZ,美的集团,10015250,069001002001,016127,白色家电,1239,434641189109.68,426314208172.24,62.36,-2.592939706342,6969871538,6836340734,13.25082471,12.88973983,2.66849413,7.50641779,8.6976019,1.18652853,0.78946551,2024-03-18 00:00:00
000333,000333.SZ,美的集团,10015250,069001002001,016127,白色家电,1239,446211175862.76,437662533790.68,64.02,-0.744186046512,6969871538,6836340734,13.60355673,13.23285991,2.73952846,7.70623584,8.92912882,1.21811348,0.81048079,2024-03-15 00:00:00
000333,000333.SZ,美的集团,10015250,069001002001,016127,白色家电,1239,449556714201,440943977343,64.5,0.671140939597,6969871538,6836340734,13.70555154,13.33207535,2.7600685,7.76401455,8.99607637,1.22724647,0.8165575,2024-03-14 00:00:00
000333,000333.SZ,美的集团,10015250,069001002001,016127,白色家电,1239,446559669439.66,438004350827.38,64.07,-0.093559956339,6969871538,6836340734,13.61418119,13.24319485,2.74166804,7.71225445,8.93610253,1.21906483,0.81111378,2024-03-13 00:00:00
000333,000333.SZ,美的集团,10015250,069001002001,016127,白色家电,1239,446977861731.94,438414531271.42,64.13,-1.971874044635,6969871538,6836340734,13.62693054,13.25559678,2.74423555,7.71947679,8.94447097,1.22020645,0.81187337,2024-03-12 00:00:00
000333,000333.SZ,美的集团,10015250,069001002001,016127,白色家电,1239,455968996015.96,447225275383.34,65.42,-1.028744326778,6969871538,6836216377,13.90104157,13.52223828,2.79943692,7.87475708,9.1243925,1.24475138,0.82820452,2024-03-11 00:00:00
000333,000333.SZ,美的集团,10015250,069001002001,016127,白色家电,1239,460708508661.8,451873902519.7,66.1,0.455927051672,6969871538,6836216377,14.04553421,13.6627935,2.82853532,7.95661026,9.21923485,1.2576898,0.83681319,2024-03-08 00:00:00
000333,000333.SZ,美的集团,10015250,069001002001,016127,白色家电,1239,458083082686.6,449288573092.8,65.8,1.999689970547,6961748977,6828093816,13.96549334,13.58493374,2.81241642,7.91126816,9.16669747,1.25052264,0.83204446,2024-03-07 00:00:00
000333,000333.SZ,美的集团,10015250,069001002001,016127,白色家电,1239,449102426506.27,440480332070.16,64.51,-0.814883148831,6961748977,6828093816,13.69170175,13.31860297,2.75727939,7.75616883,8.98698562,1.22600631,0.81573235,2024-03-06 00:00:00
000333,000333.SZ,美的集团,10015250,069001002001,016127,白色家电,1239,452792153464.08,444099221792.64,65.04,0.681114551084,6961748977,6828093816,13.80418977,13.42802569,2.77993259,7.81989181,9.06082072,1.23607891,0.82243422,2024-03-05 00:00:00
000333,000333.SZ,美的集团,10015250,069001002001,016127,白色家电,1239,449728983914.2,441094860513.6,64.6,0.201644175586,6961748977,6828093816,13.71080349,13.33718419,2.76112616,7.76698971,8.99952366,1.22771675,0.8168704,2024-03-04 00:00:00
000333,000333.SZ,美的集团,10015250,069001002001,016127,白色家电,1239,448823956547.19,440207208317.52,64.47,2.937889190484,6961748977,6828093816,13.68321209,13.31034465,2.75556971,7.75135955,8.98141316,1.22524612,0.81522654,2024-03-01 00:00:00
000333,000333.SZ,美的集团,10015250,069001002001,016127,白色家电,1239,436014338429.51,427643515696.08,62.63,1.310255580718,6961748977,6828093816,13.29268766,12.93046201,2.67692463,7.5301326,8.72507998,1.19027709,0.79195965,2024-02-29 00:00:00
000333,000333.SZ,美的集团,10015250,069001002001,016127,白色家电,1239,430375321758.14,422112759705.12,61.82,-0.16149870801,6961748977,6828093816,13.12077201,12.76323106,2.6423037,7.43274464,8.61223765,1.17488312,0.78171715,2024-02-28 00:00:00
000333,000333.SZ,美的集团,10015250,069001002001,016127,白色家电,1239,431071496655.84,422795569086.72,61.92,2.686567164179,6961748977,6828093816,13.14199616,12.78387686,2.64657789,7.44476785,8.62616881,1.17678361,0.78298166,2024-02-27 00:00:00
000333,000333.SZ,美的集团,10015250,069001002001,016127,白色家电,1239,419793463313.1,411734057104.8,60.3,1.140556860114,6961748977,6828093816,12.79816487,12.44941496,2.57733602,7.24999194,8.40048416,1.14599567,0.76249667,2024-02-26 00:00:00
000333,000333.SZ,美的集团,10015250,069001002001,016127,白色家电,1239,415059474008.74,407090953309.92,59.62,-2.81988590057,6961748977,6828093816,12.65384062,12.30902355,2.54827154,7.16823416,8.30575233,1.13307233,0.75389804,2024-02-23 00:00:00
000333,000333.SZ,美的集团,10015250,069001002001,016127,白色家电,1239,427103299738.95,418903555611.6,61.35,-0.583373845406,6961748977,6828093816,13.02101849,12.66619582,2.62221501,7.37623559,8.54676124,1.16595082,0.77577398,2024-02-22 00:00:00
000333,000333.SZ,美的集团,10015250,069001002001,016127,白色家电,1239,429609529370.67,421361669385.36,61.71,0.016207455429,6961748977,6828093816,13.09742544,12.74052069,2.63760209,7.41951912,8.59691339,1.17279258,0.7803262,2024-02-21 00:00:00
000333,000333.SZ,美的集团,10015250,069001002001,016127,白色家电,1239,429539911880.9,421293388447.2,61.7,1.815181518152,6961748977,6828093816,13.09530302,12.73845611,2.63717467,7.4183168,8.59552027,1.17260253,0.78019975,2024-02-20 00:00:00
000333,000333.SZ,美的集团,10015250,069001002001,016127,白色家电,1239,421881988006.2,413782485249.6,60.6,0.514181456295,6961748977,6828093816,12.86183733,12.51135235,2.59015859,7.28606156,8.44227761,1.15169714,0.76629019,2024-02-19 00:00:00
000333,000333.SZ,美的集团,10015250,069001002001,016127,白色家电,1239,419723845823.33,411665776166.64,60.29,-1.341842578956,6961748977,6828093816,12.79604245,12.44735038,2.57690861,7.24878962,8.39909104,1.14580562,0.76237022,2024-02-08 00:00:00
000333,000333.SZ,美的集团,10015250,069001002001,016127,白色家电,1239,425432479984.47,417264813095.76,61.11,1.934945788157,6961748977,6828093816,12.97008052,12.61664591,2.61195696,7.3473799,8.51332648,1.16138964,0.77273917,2024-02-07 00:00:00
000333,000333.SZ,美的集团,10015250,069001002001,016127,白色家电,1239,421541832617.95,413529205716,59.95,0.841042893188,7031556841,6897901680,12.85146708,12.50126469,2.5880702,7.28018694,8.43547076,1.15076855,0.76567234,2024-02-06 00:00:00
000333,000333.SZ,美的集团,10015250,069001002001,016127,白色家电,1239,417876556293.1,409930756971.65,59.45,2.06008583691,7029042158,6895386997,12.73972448,12.39256708,2.56556711,7.21688623,8.36212494,1.1407627,0.75901488,2024-02-05 00:00:00
000333,000333.SZ,美的集团,10015250,069001002001,016127,白色家电,1239,409441705703.5,401656292575.25,58.25,-0.952219010372,7029042158,6895386997,12.48257277,12.14242274,2.51378106,7.07121317,8.1933352,1.11773637,0.74369414,2024-02-02 00:00:00
000333,000333.SZ,美的集团,10015250,069001002001,016127,白色家电,1239,413377969311.98,405517709293.57,58.81,0.961373390558,7029042158,6895386997,12.6025769,12.25915677,2.53794788,7.13919394,8.27210375,1.12848199,0.75084382,2024-02-01 00:00:00
000333,000333.SZ,美的集团,10015250,069001002001,016127,白色家电,1239,409441705703.5,401656292575.25,58.25,0.051528684301,7029042158,6895386997,12.48257277,12.14242274,2.51378106,7.07121317,8.1933352,1.11773637,0.74369414,2024-01-31 00:00:00
000333,000333.SZ,美的集团,10015250,069001002001,016127,白色家电,1239,409230834438.76,401449430965.34,58.22,-0.800817856534,7029042158,6895386997,12.47614398,12.13616914,2.51248641,7.06757135,8.18911546,1.11716071,0.74331112,2024-01-30 00:00:00
000333,000333.SZ,美的集团,10015250,069001002001,016127,白色家电,1239,412534484253.02,404690262853.93,58.69,2.051817075291,7029042158,6895386997,12.57686173,12.23414233,2.53276928,7.12462663,8.25522478,1.12617936,0.74931174,2024-01-29 00:00:00
000333,000333.SZ,美的集团,10015250,069001002001,016127,白色家电,1239,404240214506.58,396553706197.47,57.51,2.058562555457,7029042158,6895386997,12.32399588,11.98816707,2.48184633,6.98138145,8.0892482,1.1035368,0.73424635,2024-01-26 00:00:00
000333,000333.SZ,美的集团,10015250,069001002001,016127,白色家电,1239,396086525603.3,388555057280.95,56.35,-1.468788249694,7029042158,6895386997,12.07541589,11.74636089,2.43178649,6.84056416,7.92608479,1.08127802,0.71943631,2024-01-25 00:00:00
000333,000333.SZ,美的集团,10015250,069001002001,016127,白色家电,1239,401990921016.02,394347182358.43,57.19,1.436679673643,7029042158,6895386997,12.25542209,11.92146192,2.46803672,6.9425353,8.0442376,1.09739645,0.73016082,2024-01-24 00:00:00
000333,000333.SZ,美的集团,10015250,069001002001,016127,白色家电,1239,396297396868.04,388761918890.86,56.38,1.879291651608,7029042158,6895386997,12.08184468,11.7526145,2.43308114,6.84420599,7.93030453,1.08185367,0.71981932,2024-01-23 00:00:00
000333,000333.SZ,美的集团,10015250,069001002001,016127,白色家电,1239,388987193023.72,381590716413.98,55.34,-1.425008906306,7029042158,6895386997,11.85897986,11.53582274,2.3881999,6.717956,7.78402009,1.06189752,0.70654135,2024-01-22 00:00:00
000333,000333.SZ,美的集团,10015250,069001002001,016127,白色家电,1239,394496005738.94,386992605000.4,56.14,-0.460992907801,7027004021,6893348860,12.02692601,11.69919235,2.42202144,6.81309528,7.8942569,1.07693605,0.71654735,2024-01-19 00:00:00
000333,000333.SZ,美的集团,10015250,069001002001,016127,白色家电,1239,396323026784.4,388784875704,56.4,0.053219797765,7027004021,6893348860,12.08262606,11.75337458,2.43323849,6.84464863,7.93081741,1.08192364,0.71986588,2024-01-18 00:00:00
000333,000333.SZ,美的集团,10015250,069001002001,016127,白色家电,1239,396112216663.77,388578075238.2,56.37,-0.966268446943,7027004021,6893348860,12.07619913,11.74712278,2.43194422,6.84100785,7.92659889,1.08134815,0.71948297,2024-01-17 00:00:00
000333,000333.SZ,美的集团,10015250,069001002001,016127,白色家电,1239,399977068875.32,392369417111.2,56.92,1.861130994989,7027004021,6893348860,12.19402615,11.86173902,2.45567261,6.90775531,8.00393842,1.09189882,0.72650294,2024-01-16 00:00:00
000333,000333.SZ,美的集团,10015250,069001002001,016127,白色家电,1239,392668984693.48,385200334296.8,55.88,1.6,7027004021,6893348860,11.97122596,11.64501013,2.41080438,6.78154194,7.8576964,1.07194846,0.71322882,2024-01-15 00:00:00
000333,000333.SZ,美的集团,10015250,069001002001,016127,白色家电,1239,386485221155,379134187300,55,0,7027004021,6893348860,11.78270271,11.46162414,2.37283896,6.674746,7.73395315,1.05506738,0.70199687,2024-01-12 00:00:00
000333,000333.SZ,美的集团,10015250,069001002001,016127,白色家电,1239,386417296375,379071326425,55,-0.398406374502,7025769025,6892205935,11.7806319,11.45960976,2.37242193,6.67357291,7.73259391,1.05488195,0.70187349,2024-01-11 00:00:00
000333,000333.SZ,美的集团,10015250,069001002001,016127,白色家电,1239,387962965560.5,380587611730.7,55.22,0.090628965017,7025769025,6892205935,11.82775443,11.5054482,2.38191162,6.7002672,7.76352428,1.05910148,0.70468098,2024-01-10 00:00:00
000333,000333.SZ,美的集团,10015250,069001002001,016127,白色家电,1239,387611677109.25,380243001433.95,55.17,0.309090909091,7025769025,6892205935,11.81704477,11.49503038,2.37975487,6.69420032,7.75649465,1.0581425,0.70404292,2024-01-09 00:00:00
000333,000333.SZ,美的集团,10015250,069001002001,016127,白色家电,1239,386417296375,379071326425,55,-1.079136690647,7025769025,6892205935,11.7806319,11.45960976,2.37242193,6.67357291,7.73259391,1.05488195,0.70187349,2024-01-08 00:00:00
000333,000333.SZ,美的集团,10015250,069001002001,016127,白色家电,1239,390632757790,383206649986,55.6,0.633484162896,7025769025,6892205935,11.90914789,11.58462369,2.3983029,6.74637553,7.81694948,1.06638976,0.70953029,2024-01-05 00:00:00
000333,000333.SZ,美的集团,10015250,069001002001,016127,白色家电,1239,388173738631.25,380794377908.75,55.25,1.469237832874,7025769025,6892205935,11.83418023,11.5116989,2.38320567,6.70390734,7.76774206,1.05967687,0.70506382,2024-01-04 00:00:00
000333,000333.SZ,美的集团,10015250,069001002001,016127,白色家电,1239,382553123411.25,375280613160.75,54.45,-0.201612903226,7025769025,6892205935,11.66282558,11.34501367,2.34869771,6.60683718,7.65526797,1.04433313,0.69485475,2024-01-03 00:00:00
000333,000333.SZ,美的集团,10015250,069001002001,016127,白色家电,1239,383325958004,376038755813.6,54.56,-0.12813472451,7025769025,6892205935,11.68638685,11.36793289,2.35344255,6.62018433,7.67073315,1.0464429,0.6962585,2024-01-02 00:00:00
000333,000333.SZ,美的集团,10015250,069001002001,016127,白色家电,1239,383753756399.04,376457229375.84,54.63,1.073080481036,7024597408,6891034768,11.69942906,12.98504967,2.45638733,11.07264299,7.67929382,1.04761074,0.80725558,2023-12-29 00:00:00
000333,000333.SZ,美的集团,10015250,069001002001,016127,白色家电,1239,379679489902.4,372460429210.4,54.05,0.839552238806,7024597408,6891034768,11.57521766,12.847189,2.43030817,10.9550861,7.59776371,1.03648839,0.79868504,2023-12-28 00:00:00
000333,000333.SZ,美的集团,10015250,069001002001,016127,白色家电,1239,376518421068.8,369359463564.8,53.6,1.515151515152,7024597408,6891034768,11.47884674,12.74022812,2.41007434,10.86387817,7.53450758,1.02785898,0.79203549,2023-12-27 00:00:00
000333,000333.SZ,美的集团,10015250,069001002001,016127,白色家电,1239,370898743142.4,363846635750.4,52.8,0.24681982153,7024597408,6891034768,11.30752067,12.55007547,2.37410308,10.70173074,7.42205224,1.0125178,0.78021407,2023-12-26 00:00:00
000333,000333.SZ,美的集团,10015250,069001002001,016127,白色家电,1239,369985545479.36,362950801230.56,52.67,-0.189501610764,7024597408,6891034768,11.27968018,12.51917566,2.36825775,10.67538178,7.40377825,1.01002486,0.77829308,2023-12-25 00:00:00
000333,000333.SZ,美的集团,10015250,069001002001,016127,白色家电,1239,370688005220.16,363639904707.36,52.77,1.441753171857,7024597408,6891034768,11.30109594,12.54294474,2.37275416,10.69565021,7.41783517,1.0119425,0.77977076,2023-12-22 00:00:00
000333,000333.SZ,美的集团,10015250,069001002001,016127,白色家电,1239,365419557164.16,358471628631.36,52.02,1.940035273369,7024597408,6891034768,11.14047775,12.36467662,2.3390311,10.54363699,7.31240829,0.99756015,0.76868818,2023-12-21 00:00:00
000333,000333.SZ,美的集团,10015250,069001002001,016127,白色家电,1239,358465205730.24,351649504211.04,51.03,0.551724137931,7024597408,6891034768,10.92846174,12.12936271,2.29451667,10.34297953,7.17324481,0.97857544,0.75405916,2023-12-20 00:00:00
000333,000333.SZ,美的集团,10015250,069001002001,016127,白色家电,1239,356498318456,349720014476,50.75,-0.665492268546,7024597408,6891034768,10.86849761,12.06280928,2.28192673,10.28622793,7.13388544,0.97320603,0.74992166,2023-12-19 00:00:00
000333,000333.SZ,美的集团,10015250,069001002001,016127,白色家电,1239,358886681574.72,352062966297.12,51.09,1.510033777071,7024597408,6891034768,10.94131119,12.14362416,2.29721451,10.35514059,7.18167896,0.97972603,0.75494577,2023-12-18 00:00:00
000333,000333.SZ,美的集团,10015250,069001002001,016127,白色家电,1239,353547987544.64,346825779873.44,50.33,-1.100412654746,7024597408,6891034768,10.77855143,11.96297913,2.26304182,10.20110053,7.07484639,0.96515191,0.74371542,2023-12-15 00:00:00
000333,000333.SZ,美的集团,10015250,069001002001,016127,白色家电,1239,357481762093.12,350684759343.52,50.89,0.394555139081,7024597408,6891034768,10.89847968,12.09608599,2.2882217,10.31460373,7.15356512,0.97589073,0.75199041,2023-12-14 00:00:00
000333,000333.SZ,美的集团,10015250,069001002001,016127,白色家电,1239,356076842611.52,349306552389.92,50.69,-0.607843137255,7024597408,6891034768,10.85564816,12.04854783,2.27922889,10.27406687,7.12545129,0.97205544,0.74903506,2023-12-13 00:00:00
000333,000333.SZ,美的集团,10015250,069001002001,016127,白色家电,1239,358254467808,351442773168,51,-0.039200313603,7024597408,6891034768,10.92203701,12.12223198,2.29316775,10.33689901,7.16902773,0.97800015,0.75361586,2023-12-12 00:00:00
000333,000333.SZ,美的集团,10015250,069001002001,016127,白色家电,1239,358394959756.16,351580593863.36,51.02,1.350814461661,7024597408,6891034768,10.92632016,12.1269858,2.29406703,10.34095269,7.17183912,0.97838368,0.7539114,2023-12-11 00:00:00
000333,000333.SZ,美的集团,10015250,069001002001,016127,白色家电,1239,353618233518.72,346894690221.12,50.34,0.238948626045,7024597408,6891034768,10.780693,11.96535604,2.26349146,10.20312737,7.07625208,0.96534367,0.74386318,2023-12-08 00:00:00
000333,000333.SZ,美的集团,10015250,069001002001,016127,白色家电,1239,352775281829.76,346067766048.96,50.22,2.114680764538,7024597408,6891034768,10.75499409,11.93683314,2.25809577,10.17880526,7.05938378,0.9630425,0.74208997,2023-12-07 00:00:00
000333,000333.SZ,美的集团,10015250,069001002001,016127,白色家电,1239,345469700525.44,338901089890.24,49.18,-0.081267777326,7024597408,6891034768,10.5322702,11.68963469,2.21133313,9.96801359,6.91319184,0.94309896,0.72672212,2023-12-06 00:00:00
000333,000333.SZ,美的集团,10015250,069001002001,016127,白色家电,1239,345750684421.76,339176731280.96,49.22,-1.736873627471,7024597408,6891034768,10.5408365,11.69914232,2.2131317,9.97612096,6.91881461,0.94386602,0.72731319,2023-12-05 00:00:00
000333,000333.SZ,美的集团,10015250,069001002001,016127,白色家电,1239,351862084166.72,345171931529.12,50.09,-0.909990108803,7024597408,6891034768,10.72715361,11.90593334,2.25225044,10.1524563,7.04110979,0.96054956,0.74016899,2023-12-04 00:00:00
000333,000333.SZ,美的集团,10015250,069001002001,016127,白色家电,1239,355093398974.4,348341807522.4,50.55,-2.167602090188,7024597408,6891034768,10.8256661,12.01527111,2.27293391,10.24569107,7.10577161,0.96937073,0.74696631,2023-12-01 00:00:00
000333,000333.SZ,美的集团,10015250,069001002001,016127,白色家电,1239,362941189050,356040007441.2,51.67,-0.653720438377,7024215000,6890652360,11.06492021,12.28081625,2.3231672,10.47212737,7.26281368,0.99079444,0.76347474,2023-11-30 00:00:00
000333,000333.SZ,美的集团,10015250,069001002001,016127,白色家电,1239,365329422150,358382829243.6,52.01,-0.989910527318,7024215000,6890652360,11.13772982,12.36162673,2.33845415,10.54103627,7.3106046,0.99731409,0.76849857,2023-11-29 00:00:00
000333,000333.SZ,美的集团,10015250,069001002001,016127,白色家电,1239,368982013950,361965968470.8,52.53,1.077544737348,7024215000,6890652360,11.24908571,12.48521923,2.3618342,10.64642637,7.38369659,1.00728531,0.77618208,2023-11-28 00:00:00
000333,000333.SZ,美的集团,10015250,069001002001,016127,白色家电,1239,365048453550,358107203149.2,51.97,-0.971798780488,7024215000,6890652360,11.12916399,12.35211962,2.33665569,10.53292934,7.30498214,0.99654707,0.76790753,2023-11-27 00:00:00
000333,000333.SZ,美的集团,10015250,069001002001,016127,白色家电,1239,368630803200,361621435852.8,52.48,-0.530705079606,7024215000,6890652360,11.23837841,12.47333534,2.35958612,10.63629271,7.37666851,1.00632654,0.77544328,2023-11-24 00:00:00
000333,000333.SZ,美的集团,10015250,069001002001,016127,白色家电,1239,370597583400,363550818513.6,52.76,1.169702780441,7024215000,6890652360,11.29833927,12.53988514,2.37217537,10.69304122,7.41602574,1.01169566,0.77958055,2023-11-23 00:00:00
000333,000333.SZ,美的集团,10015250,069001002001,016127,白色家电,1239,366312812250,359347520574,52.15,-0.571973307912,7024215000,6890652360,11.16771025,12.39490164,2.34474878,10.56941053,7.33028321,0.99999865,0.77056721,2023-11-22 00:00:00
000333,000333.SZ,美的集团,10015250,069001002001,016127,白色家电,1239,368420076750,361414716282,52.45,0.038146099561,7024215000,6890652360,11.23195403,12.466205,2.35823727,10.63021251,7.37245167,1.00575128,0.775,2023-11-21 00:00:00
000333,000333.SZ,美的集团,10015250,069001002001,016127,白色家电,1239,368279592450,361276903234.8,52.43,1.099112996529,7024215000,6890652360,11.22767111,12.46145144,2.35733804,10.62615904,7.36964043,1.00536777,0.77470448,2023-11-20 00:00:00
000333,000333.SZ,美的集团,10015250,069001002001,016127,白色家电,1239,364275789900,357349231389.6,51.86,0.212560386473,7024215000,6890652360,11.10560793,12.32597505,2.33170991,10.51063529,7.28952037,0.99443777,0.76628217,2023-11-17 00:00:00
000333,000333.SZ,美的集团,10015250,069001002001,016127,白色家电,1239,363503126250,356591259630,51.75,0.407450523865,7024215000,6890652360,11.08205188,12.29983048,2.32676413,10.48834123,7.2740586,0.99232848,0.76465682,2023-11-16 00:00:00
000333,000333.SZ,美的集团,10015250,069001002001,016127,白色家电,1239,362028041100,355144222634.4,51.54,0.880798590722,7024215000,6890652360,11.03708124,12.24991813,2.31732219,10.44577984,7.24454068,0.98830164,0.76155386,2023-11-15 00:00:00
000333,000333.SZ,美的集团,10015250,069001002001,016127,白色家电,1239,358867144350,352043429072.4,51.09,0.05875440658,7024215000,6890652360,10.94071557,12.14296308,2.29708946,10.35457688,7.181288,0.97967269,0.75490467,2023-11-14 00:00:00
000333,000333.SZ,美的集团,10015250,069001002001,016127,白色家电,1239,359039179182.24,351836709501.6,51.06,-3.111954459203,7031711304,6890652360,10.94596036,12.14878421,2.29819064,10.35954068,7.18473059,0.98014233,0.75526656,2023-11-13 00:00:00
000333,000333.SZ,美的集团,10015250,069001002001,016127,白色家电,1239,370571185720.8,363137379372,52.7,0.47664442326,7031711304,6890652360,11.29753449,12.53899193,2.3720064,10.69227955,7.41549749,1.0116236,0.77952502,2023-11-10 00:00:00
000333,000333.SZ,美的集团,10015250,069001002001,016127,白色家电,1239,368763951223.3,361371493810.5,52.45,-0.756859035005,7030771234,6889828290,11.24243767,12.47784066,2.36043839,10.64013449,7.37933293,1.00669002,0.77572337,2023-11-09 00:00:00
000333,000333.SZ,美的集团,10015250,069001002001,016127,白色家电,1239,371576259716.9,364127425126.5,52.85,-0.470809792844,7030771234,6889828290,11.32817599,12.57300055,2.37843983,10.72127947,7.43561002,1.01436735,0.78163927,2023-11-08 00:00:00
000333,000333.SZ,美的集团,10015250,069001002001,016127,白色家电,1239,373333952525.4,365849882199,53.1,-0.075272864132,7030771234,6889828290,11.38176244,12.63247548,2.38969073,10.77199507,7.4707832,1.01916569,0.78533672,2023-11-07 00:00:00
000333,000333.SZ,美的集团,10015250,069001002001,016127,白色家电,1239,373615183374.76,366125475330.6,53.14,0.643939393939,7030771234,6889828290,11.39033628,12.64199147,2.39149087,10.78010957,7.47641091,1.01993342,0.78592831,2023-11-06 00:00:00
000333,000333.SZ,美的集团,10015250,069001002001,016127,白色家电,1239,371224721155.2,363782933712,52.8,-0.714554343738,7030771234,6889828290,11.3174587,12.56110556,2.37618965,10.71113635,7.42857539,1.01340769,0.78089979,2023-11-03 00:00:00
000333,000333.SZ,美的集团,10015250,069001002001,016127,白色家电,1239,373896414224.12,366401068462.2,53.18,0.32069420864,7030771234,6889828290,11.39891011,12.65150746,2.39329101,10.78822407,7.48203862,1.02070115,0.7865199,2023-11-02 00:00:00
000333,000333.SZ,美的集团,10015250,069001002001,016127,白色家电,1239,372701183114.34,365229797652.9,53.01,0.170068027211,7030771234,6889828290,11.36247132,12.6110645,2.3856404,10.75373746,7.45812086,1.01743829,0.78400564,2023-11-01 00:00:00
000333,000333.SZ,美的集团,10015250,069001002001,016127,白色家电,1239,372068413703.28,364609713106.8,52.92,-2.899082568807,7030771234,6889828290,11.3431802,12.58965353,2.38159008,10.73547984,7.44545851,1.01571089,0.78267456,2023-10-31 00:00:00
000333,000333.SZ,美的集团,10015250,069001002001,016127,白色家电,1239,383177032253,375495641805,54.5,1.414216598437,7030771234,6889828290,12.05326808,12.9655351,2.45269575,11.05600248,8.90120061,1.06485119,0.80604239,2023-10-30 00:00:00
000333,000333.SZ,美的集团,10015250,069001002001,016127,白色家电,1239,377833646115.16,370259372304.6,53.74,2.342410969339,7030771234,6889828290,11.88518581,12.7847313,2.41849302,10.90182703,8.77707377,1.05000189,0.79480217,2023-10-27 00:00:00
000333,000333.SZ,美的集团,10015250,069001002001,016127,白色家电,1239,369185797497.34,361784883507.9,52.51,0.171690194582,7030771234,6889828290,11.61315792,12.49211464,2.36313861,10.65230624,8.57618429,1.02596947,0.77661075,2023-10-26 00:00:00
000333,000333.SZ,美的集团,10015250,069001002001,016127,白色家电,1239,368553028086.28,361164798961.8,52.42,-1.429108687476,7030771234,6889828290,11.59325344,12.47070367,2.35908828,10.63404862,8.56148506,1.024211,0.77527967,2023-10-25 00:00:00
000333,000333.SZ,美的集团,10015250,069001002001,016127,白色家电,1239,373896414224.12,366401068462.2,53.18,-0.131455399061,7030771234,6889828290,11.76133571,12.65150746,2.39329101,10.78822407,8.68561189,1.0390603,0.7865199,2023-10-24 00:00:00
000333,000333.SZ,美的集团,10015250,069001002001,016127,白色家电,1239,374388568210.5,366883356442.5,53.25,0.131628431741,7030771234,6889828290,11.77681697,12.66816044,2.39644126,10.80242444,8.69704463,1.040428,0.78755518,2023-10-23 00:00:00
000333,000333.SZ,美的集团,10015250,069001002001,016127,白色家电,1239,373896414224.12,366401068462.2,53.18,-1.936197676563,7030771234,6889828290,11.76133571,12.65150746,2.39329101,10.78822407,8.68561189,1.0390603,0.7865199,2023-10-20 00:00:00
000333,000333.SZ,美的集团,10015250,069001002001,016127,白色家电,1239,381278724019.82,373635388166.7,54.23,-2.235442581576,7030771234,6889828290,11.99355464,12.90130217,2.44054478,11.00122962,8.85710292,1.05957578,0.80204916,2023-10-19 00:00:00
000333,000333.SZ,美的集团,10015250,069001002001,016127,白色家电,1239,389996880349.98,382178775246.3,55.47,-0.733715103794,7030771234,6889828290,12.26779413,13.19629783,2.49634924,11.25277904,9.05962564,1.08380359,0.82038847,2023-10-18 00:00:00
000333,000333.SZ,美的集团,10015250,069001002001,016127,白色家电,1239,392879496555.92,385003604845.2,55.88,1.452432824982,7030771234,6889828290,12.35847009,13.29383672,2.51480071,11.33595263,9.12658881,1.09181439,0.82645227,2023-10-17 00:00:00
000333,000333.SZ,美的集团,10015250,069001002001,016127,白色家电,1239,387254879568.72,379491742213.2,55.08,0.163666121113,7030771234,6889828290,12.18154139,13.10351694,2.47879784,11.17366269,8.99592898,1.07618355,0.81462046,2023-10-16 00:00:00
000333,000333.SZ,美的集团,10015250,069001002001,016127,白色家电,1239,386622110157.66,378871657667.1,54.99,-0.524602026049,7030771234,6889828290,12.16163691,13.08210596,2.47474751,11.15540507,8.98122975,1.07442508,0.81328938,2023-10-13 00:00:00
000333,000333.SZ,美的集团,10015250,069001002001,016127,白色家电,1239,388661033815.52,380869707871.2,55.28,0.931166697097,7030771234,6889828290,12.22577357,13.15109688,2.48779856,11.21423517,9.02859394,1.08009126,0.81757841,2023-10-12 00:00:00
000333,000333.SZ,美的集团,10015250,069001002001,016127,白色家电,1239,385075340486.18,377355895443.3,54.77,0,7030771234,6889828290,12.11298152,13.02976802,2.46484672,11.11077533,8.9452983,1.0701266,0.81003563,2023-10-11 00:00:00
000333,000333.SZ,美的集团,10015250,069001002001,016127,白色家电,1239,385075340486.18,377355895443.3,54.77,-1.775466284075,7030771234,6889828290,12.11298152,13.02976802,2.46484672,11.11077533,8.9452983,1.0701266,0.81003563,2023-10-10 00:00:00
000333,000333.SZ,美的集团,10015250,069001002001,016127,白色家电,1239,392035804007.84,384176825450.4,55.76,0.504686373468,7030771234,6889828290,12.33193079,13.26528875,2.50940028,11.31160914,9.10698983,1.08946977,0.8246775,2023-10-09 00:00:00
000333,000333.SZ,美的集团,10015250,069001002001,016127,白色家电,1239,390067188062.32,382247673529.2,55.48,-1.263570030254,7030771234,6889828290,12.27000574,13.19867683,2.66496507,11.25480766,9.06125889,1.08399897,0.82053637,2023-09-28 00:00:00
000333,000333.SZ,美的集团,10015250,069001002001,016127,白色家电,1239,394621524396.69,386701940373.33,56.19,0.339285714286,7022984951,6882042007,12.41326756,13.3527816,2.6960806,11.38621625,9.1670561,1.0966555,0.83011676,2023-09-27 00:00:00
000333,000333.SZ,美的集团,10015250,069001002001,016127,白色家电,1239,393287157256,385394352392,56,-1.112484548826,7022984951,6882042007,12.37129352,13.30763071,2.68696412,11.34771507,9.13605876,1.09294728,0.82730982,2023-09-26 00:00:00
000333,000333.SZ,美的集团,10015250,069001002001,016127,白色家电,1239,397711637775.13,389730038856.41,56.63,-0.736196319018,7022984951,6882042007,12.51047058,13.45734155,2.71719246,11.47537687,9.23883942,1.10524294,0.83661706,2023-09-25 00:00:00
000333,000333.SZ,美的集团,10015250,069001002001,016127,白色家电,1239,400661291454.55,392620496499.35,57.05,1.296164772727,7022984951,6882042007,12.60325528,13.55714878,2.73734469,11.56048473,9.30735986,1.11344005,0.84282188,2023-09-22 00:00:00
000333,000333.SZ,美的集团,10015250,069001002001,016127,白色家电,1239,395534512440.32,387596605834.24,56.32,-1.001933555985,7022984951,6882042007,12.44198663,13.38367431,2.7023182,11.41255916,9.18826481,1.0991927,0.8320373,2023-09-21 00:00:00
000333,000333.SZ,美的集团,10015250,069001002001,016127,白色家电,1239,399537613862.39,391519369778.23,56.89,1.49866190901,7022984951,6882042007,12.56790872,13.51912698,2.72966765,11.52806269,9.28125684,1.11031734,0.84045814,2023-09-20 00:00:00
000333,000333.SZ,美的集团,10015250,069001002001,016127,白色家电,1239,393638306503.55,385738454492.35,56.05,-0.089126559715,7022984951,6882042007,12.38233932,13.31951252,2.68936319,11.35784696,9.14421596,1.09392313,0.82804849,2023-09-19 00:00:00
000333,000333.SZ,美的集团,10015250,069001002001,016127,白色家电,1239,393989455751.1,386082556592.7,56.1,0.555655135329,7022984951,6882042007,12.39338512,13.33139433,2.69176227,11.36797885,9.15237315,1.09489898,0.82878716,2023-09-18 00:00:00
000333,000333.SZ,美的集团,10015250,069001002001,016127,白色家电,1239,391812330416.29,383949123570.53,55.79,-1.343943412909,7022984951,6882042007,12.32490117,13.25772709,2.676888,11.30516114,9.10179854,1.08884873,0.82420741,2023-09-15 00:00:00
000333,000333.SZ,美的集团,10015250,069001002001,016127,白色家电,1239,397149798979.05,389179475495.85,56.55,-0.789473684211,7022984951,6882042007,12.4927973,13.43833065,2.71335394,11.45916585,9.22578791,1.10368159,0.83543518,2023-09-14 00:00:00
000333,000333.SZ,美的集团,10015250,069001002001,016127,白色家电,1239,400310142207,392276394399,57,-0.367068694284,7022984951,6882042007,12.59220948,13.54526697,2.73494562,11.55035284,9.29920267,1.1124642,0.84208321,2023-09-13 00:00:00
000333,000333.SZ,美的集团,10015250,069001002001,016127,白色家电,1239,401784969046.71,393721623220.47,57.21,1.382243487507,7022984951,6882042007,12.63860183,13.59517058,2.74502173,11.59290678,9.33346289,1.11656275,0.84518562,2023-09-12 00:00:00
000333,000333.SZ,美的集团,10015250,069001002001,016127,白色家电,1239,396307040784.93,388353630455.01,56.43,0.624108416548,7022984951,6882042007,12.46628738,13.4098143,2.70759616,11.43484932,9.20621064,1.10133956,0.83366238,2023-09-11 00:00:00
000333,000333.SZ,美的集团,10015250,069001002001,016127,白色家电,1239,393848996052.08,385944915752.56,56.08,-0.866183489482,7022984951,6882042007,12.3889668,13.32664161,2.69080264,11.3639261,9.14911027,1.09450864,0.82849169,2023-09-08 00:00:00
000333,000333.SZ,美的集团,10015250,069001002001,016127,白色家电,1239,397290258678.07,389317116335.99,56.57,-1.066806575726,7022984951,6882042007,12.49721562,13.44308338,2.71431357,11.4632186,9.22905079,1.10407193,0.83573065,2023-09-07 00:00:00
000333,000333.SZ,美的集团,10015250,069001002001,016127,白色家电,1239,401574279498.18,393515161960.26,57.18,-1.038421599169,7022984951,6882042007,12.63197435,13.5880415,2.74358229,11.58682764,9.32856857,1.11597724,0.84474242,2023-09-06 00:00:00
000333,000333.SZ,美的集团,10015250,069001002001,016127,白色家电,1239,405788070468.78,397644387164.46,57.78,-0.755754036414,7022984951,6882042007,12.76452393,13.73062325,2.77237119,11.7084103,9.42645491,1.12768739,0.85360645,2023-09-05 00:00:00
000333,000333.SZ,美的集团,10015250,069001002001,016127,白色家电,1239,408878183847.22,400672485647.54,58.22,0.500604177456,7022984951,6882042007,12.86172695,13.83518321,2.79348305,11.79757092,9.49823823,1.13627484,0.86010674,2023-09-04 00:00:00
000333,000333.SZ,美的集团,10015250,069001002001,016127,白色家电,1239,406841518211.43,398676693465.51,57.93,2.512829587684,7022984951,6882042007,12.79766132,13.76626869,2.77956842,11.73880597,9.4509265,1.13061493,0.85582246,2023-09-01 00:00:00
000333,000333.SZ,美的集团,10015250,069001002001,016127,白色家电,1239,396868879581.01,388904193815.57,56.51,-0.545582541359,7022984951,6882042007,12.48396066,13.4288252,2.71143468,11.45106034,9.21926215,1.10290091,0.83484425,2023-08-31 00:00:00
000333,000333.SZ,美的集团,10015250,069001002001,016127,白色家电,1239,399046004915.82,391037626837.74,56.82,1.373773416592,7022984951,6882042007,13.11898932,13.50249244,2.72630895,11.51387805,11.09967165,1.13556947,0.839424,2023-08-30 00:00:00
000333,000333.SZ,美的集团,10015250,069001002001,016127,白色家电,1239,393638306503.55,385738454492.35,56.05,-0.195868945869,7022984951,6882042007,12.94120647,13.31951252,2.68936319,11.35784696,10.94925372,1.12018073,0.82804849,2023-08-29 00:00:00
000333,000333.SZ,美的集团,10015250,069001002001,016127,白色家电,1239,394410834848.16,386495479113.12,56.16,1.628664495114,7022984951,6882042007,12.96660402,13.34565251,2.69464116,11.38013712,10.97074199,1.12237912,0.82967356,2023-08-28 00:00:00
000333,000333.SZ,美的集团,10015250,069001002001,016127,白色家电,1239,388090148392.26,380301641306.82,55.26,0.381471389646,7022984951,6882042007,12.75880588,13.13177987,2.65145781,11.19776313,10.79492882,1.10439227,0.81637751,2023-08-25 00:00:00
000333,000333.SZ,美的集团,10015250,069001002001,016127,白色家电,1239,386615321552.55,378856412485.35,55.05,2.475800446761,7022984951,6882042007,12.71031964,13.08187626,2.64138169,11.15520919,10.75390575,1.10019534,0.8132751,2023-08-24 00:00:00
000333,000333.SZ,美的集团,10015250,069001002001,016127,白色家电,1239,377274751567.72,369703296616.04,53.72,-1.19551223101,7022984951,6882042007,12.40324017,12.76582003,2.57756629,10.88570096,10.49409295,1.07361478,0.79362649,2023-08-23 00:00:00
000333,000333.SZ,美的集团,10015250,069001002001,016127,白色家电,1239,381839691785.87,374176623920.59,54.37,-0.018389113645,7022984951,6882042007,12.5533166,12.9202836,2.60875427,11.01741551,10.62106913,1.08660528,0.80322919,2023-08-22 00:00:00
000333,000333.SZ,美的集团,10015250,069001002001,016127,白色家电,1239,381909921635.38,374245444340.66,54.38,-0.748311735718,7022984951,6882042007,12.55562547,12.92265996,2.60923408,11.01944189,10.62302261,1.08680514,0.80337693,2023-08-21 00:00:00
000333,000333.SZ,美的集团,10015250,069001002001,016127,白色家电,1239,384789345465.29,377067081563.53,54.79,-1.880372492837,7022984951,6882042007,12.65028907,13.02009083,2.6289065,11.10252337,10.70311527,1.09499914,0.80943402,2023-08-18 00:00:00
000333,000333.SZ,美的集团,10015250,069001002001,016127,白色家电,1239,392163479663.84,384293225670.88,55.84,1.104472207134,7022984951,6882042007,12.89272023,13.26960891,2.67928708,11.31529303,10.90823064,1.1159838,0.82494608,2023-08-17 00:00:00
000333,000333.SZ,美的集团,10015250,069001002001,016127,白色家电,1239,387879458843.73,380095180046.61,55.23,0.126903553299,7022984951,6882042007,12.75187927,13.12465078,2.65001836,11.19168399,10.78906838,1.10379271,0.81593431,2023-08-16 00:00:00
000333,000333.SZ,美的集团,10015250,069001002001,016127,白色家电,1239,387387849897.16,379613437106.12,55.16,-0.505050505051,7022984951,6882042007,12.73571719,13.10801625,2.64665966,11.17749935,10.77539402,1.10239373,0.81490017,2023-08-15 00:00:00
000333,000333.SZ,美的集团,10015250,069001002001,016127,白色家电,1239,389354285683.44,381540408868.08,55.44,0.471185212033,7022984951,6882042007,12.8003655,13.1745544,2.66009448,11.23423792,10.83009145,1.10798964,0.81903672,2023-08-14 00:00:00
000333,000333.SZ,美的集团,10015250,069001002001,016127,白色家电,1239,387528309596.18,379751077946.26,55.18,-2.076308784383,7022984951,6882042007,12.74033493,13.11276897,2.64761929,11.1815521,10.77930098,1.10279344,0.81519564,2023-08-11 00:00:00
000333,000333.SZ,美的集团,10015250,069001002001,016127,白色家电,1239,395745201988.85,387803067094.45,56.35,-2.102154273801,7022984951,6882042007,13.01047251,13.3908034,2.70375764,11.41863829,11.00785811,1.12617634,0.83248051,2023-08-10 00:00:00
000333,000333.SZ,美的集团,10015250,069001002001,016127,白色家电,1239,404243013779.56,396130337922.92,57.56,0.982456140351,7022984951,6882042007,13.28984557,13.67834328,2.76181526,11.66382999,11.24422915,1.15035865,0.85035631,2023-08-09 00:00:00
000333,000333.SZ,美的集团,10015250,069001002001,016127,白色家电,1239,400310142207,392276394399,57,-1.520387007602,7022984951,6882042007,13.16054895,13.54526697,2.73494562,11.55035284,11.13483429,1.13916684,0.84208321,2023-08-08 00:00:00
000333,000333.SZ,美的集团,10015250,069001002001,016127,白色家电,1239,406490368963.88,398332591365.16,57.88,-0.069060773481,7022984951,6882042007,13.36372935,13.75438688,2.77716934,11.72867408,11.3067405,1.15675398,0.85508379,2023-08-07 00:00:00
000333,000333.SZ,美的集团,10015250,069001002001,016127,白色家电,1239,406771288361.92,398607873045.44,57.92,-0.103483959986,7022984951,6882042007,13.37296483,13.76389233,2.7790886,11.73677959,11.31455442,1.15755339,0.85567473,2023-08-04 00:00:00
000333,000333.SZ,美的集团,10015250,069001002001,016127,白色家电,1239,407192667458.98,399020795565.86,57.98,-0.548885077187,7022984951,6882042007,13.38681804,13.77815051,2.78196749,11.74893786,11.3262753,1.15875252,0.85656113,2023-08-03 00:00:00
000333,000333.SZ,美的集团,10015250,069001002001,016127,白色家电,1239,409440022643.3,401223049008.1,58.3,0.085836909871,7022984951,6882042007,13.46070182,13.85419411,2.79732157,11.81378194,11.38878665,1.16514784,0.86128862,2023-08-02 00:00:00
000333,000333.SZ,美的集团,10015250,069001002001,016127,白色家电,1239,409088873395.75,400878946907.75,58.25,-1.803776129467,7022984951,6882042007,13.44915748,13.8423123,2.7949225,11.80365006,11.37901925,1.16414857,0.86054995,2023-08-01 00:00:00
000333,000333.SZ,美的集团,10015250,069001002001,016127,白色家电,1239,416603467293.32,408242731855.24,59.32,-0.703046534985,7022984951,6882042007,13.69620638,14.0965831,2.8462627,12.02047247,11.58804158,1.18553293,0.87635747,2023-07-31 00:00:00
000333,000333.SZ,美的集团,10015250,069001002001,016127,白色家电,1239,419553120972.74,411133189498.18,59.74,2.154582763338,7022984951,6882042007,13.79317885,14.19639033,2.86641493,12.10558033,11.67008772,1.19392679,0.8825623,2023-07-28 00:00:00
000333,000333.SZ,美的集团,10015250,069001002001,016127,白色家电,1239,410704159934.48,402461816569.36,58.48,-0.170706725845,7022984951,6882042007,13.50226145,13.89696864,2.80595824,11.85025674,11.42394928,1.16874521,0.86394783,2023-07-27 00:00:00
000333,000333.SZ,美的集团,10015250,069001002001,016127,白色家电,1239,411406458429.58,403150020770.06,58.58,-0.678195998644,7022984951,6882042007,13.52535013,13.92073226,2.81075639,11.87052052,11.44348408,1.17074375,0.86542516,2023-07-26 00:00:00
000333,000333.SZ,美的集团,10015250,069001002001,016127,白色家电,1239,414215652409.98,405902837572.86,58.98,3.892901180201,7022984951,6882042007,13.61770486,14.01578677,2.82994899,11.95157563,11.52162327,1.1787379,0.87133452,2023-07-25 00:00:00
000333,000333.SZ,美的集团,10015250,069001002001,016127,白色家电,1239,398694855668.27,390693524737.39,56.77,-0.630141781901,7022984951,6882042007,13.10744498,13.49061063,2.72390987,11.50374616,11.08990425,1.1345702,0.83868533,2023-07-24 00:00:00
000333,000333.SZ,美的集团,10015250,069001002001,016127,白色家电,1239,401223130250.63,393171059859.91,57.13,-0.695289414219,7022984951,6882042007,13.19056424,13.57615968,2.74118321,11.57669575,11.16022952,1.14176494,0.84400375,2023-07-21 00:00:00
000333,000333.SZ,美的集团,10015250,069001002001,016127,白色家电,1239,404032324231.03,395923876662.71,57.53,-1.032169275761,7022984951,6882042007,13.28291897,13.67121419,2.76037582,11.65775086,11.23836871,1.14975909,0.84991311,2023-07-20 00:00:00
000333,000333.SZ,美的集团,10015250,069001002001,016127,白色家电,1239,408246115201.63,400053101866.91,58.13,2.449770884737,7022984951,6882042007,13.42145106,13.81379595,2.78916472,11.77933352,11.35557749,1.16175032,0.85877714,2023-07-19 00:00:00
000333,000333.SZ,美的集团,10015250,069001002001,016127,白色家电,1239,398484166119.74,390487063477.18,56.74,-0.682653597059,7022984951,6882042007,13.10051837,13.48348154,2.72247043,11.49766702,11.08404381,1.13397064,0.83824213,2023-07-18 00:00:00
000333,000333.SZ,美的集团,10015250,069001002001,016127,白色家电,1239,401223130250.63,392551137545.25,57.13,-0.574312565263,7022984951,6871190925,13.19056424,13.57615968,2.74118321,11.57669575,11.16022952,1.14176494,0.84400375,2023-07-17 00:00:00
000333,000333.SZ,美的集团,10015250,069001002001,016127,白色家电,1239,403540715284.46,394818630550.5,57.46,-0.588235294118,7022984951,6871190925,13.26675689,13.65457965,2.75701711,11.64356622,11.22469435,1.14836012,0.84887897,2023-07-14 00:00:00
000333,000333.SZ,美的集团,10015250,069001002001,016127,白色家电,1239,405882078619.8,398173637917,57.8,1.243650376598,7022181291,6888817265,13.34373127,13.7338042,2.77301346,11.71112277,11.28982059,1.15502296,0.85380421,2023-07-13 00:00:00
000333,000333.SZ,美的集团,10015250,069001002001,016127,白色家电,1239,400896329903.19,393002978812.95,57.09,0.758912813272,7022181291,6883919755,13.17982039,13.56510176,2.73895049,11.56726642,11.1511394,1.14083496,0.8433163,2023-07-12 00:00:00
000333,000333.SZ,美的集团,10015250,069001002001,016127,白色家电,1239,397876791948.06,390042893318.3,56.66,0.052975454706,7022181291,6883919755,13.08055041,13.46292986,2.71832081,11.48014215,11.06714939,1.13224223,0.83696447,2023-07-11 00:00:00
000333,000333.SZ,美的集团,10015250,069001002001,016127,白色家电,1239,397666126509.33,389836375725.65,56.63,-1.939393939394,7022181291,6883919755,13.0736246,13.45580159,2.71688153,11.47406371,11.06128962,1.13164274,0.83652132,2023-07-10 00:00:00
000333,000333.SZ,美的集团,10015250,069001002001,016127,白色家电,1239,405530969555.25,397546365851.25,57.75,-1.062189480898,7022181291,6883919755,13.33218825,13.72192375,2.77061466,11.70099204,11.28005431,1.1540238,0.85306562,2023-07-07 00:00:00
000333,000333.SZ,美的集团,10015250,069001002001,016127,白色家电,1239,409884721955.67,401795474471.56,58.37,-1.268606224628,7022181291,6883595588,13.4753217,13.86924137,2.80035979,11.82661308,11.40115619,1.16641332,0.86222408,2023-07-06 00:00:00
000333,000333.SZ,美的集团,10015250,069001002001,016127,白色家电,1239,415151357923.92,406958171162.56,59.12,0.373514431239,7022181291,6883595588,13.648467,14.04744817,2.8363418,11.97857402,11.5476504,1.18140065,0.87330285,2023-07-05 00:00:00
000333,000333.SZ,美的集团,10015250,069001002001,016127,白色家电,1239,413606478039.9,405443780133.2,58.9,-0.270910938029,7022181291,6883595588,13.59767771,13.99517418,2.82578707,11.93399881,11.50467877,1.17700436,0.87005308,2023-07-04 00:00:00
000333,000333.SZ,美的集团,10015250,069001002001,016127,白色家电,1239,414730027046.46,406545155427.28,59.06,0.237610319077,7022181291,6883595588,13.63461538,14.03319163,2.83346324,11.96641714,11.53593086,1.18020166,0.87241655,2023-07-03 00:00:00
000333,000333.SZ,美的集团,10015250,069001002001,016127,白色家电,1239,413746921665.72,405581452044.96,58.92,-0.371998647278,7022181291,6883595588,13.60229492,13.99992636,2.82674659,11.9380511,11.50858528,1.17740403,0.87034851,2023-06-30 00:00:00
000333,000333.SZ,美的集团,10015250,069001002001,016127,白色家电,1239,415291801549.74,406918493450.92,59.14,-0.938023450586,7022181291,6880596778,13.65308421,14.05220035,2.72586432,11.98262631,11.55155691,1.18180031,0.87359828,2023-06-29 00:00:00
000333,000333.SZ,美的集团,10015250,069001002001,016127,白色家电,1239,419224223072.7,410771627646.6,59.7,0.016753224996,7022181291,6880596778,13.78236604,14.18526143,2.75167568,12.09609047,11.66093926,1.19299084,0.88187043,2023-06-28 00:00:00
000333,000333.SZ,美的集团,10015250,069001002001,016127,白色家电,1239,419154001259.79,410702821678.82,59.69,2.665978672171,7022181291,6880596778,13.78005743,14.18288534,2.75121476,12.09406433,11.658986,1.19279101,0.88172272,2023-06-27 00:00:00
000333,000333.SZ,美的集团,10015250,069001002001,016127,白色家电,1239,408269620258.74,400037896672.92,58.14,-0.240219629375,7022181291,6880596778,13.42222381,13.81459129,2.6797726,11.78001173,11.3562313,1.16181721,0.85882658,2023-06-26 00:00:00
000333,000333.SZ,美的集团,10015250,069001002001,016127,白色家电,1239,409252725639.48,401001180221.84,58.28,1.215699895797,7022181291,6880596778,13.45454427,13.84785656,2.68622544,11.80837777,11.38357688,1.16461484,0.86089462,2023-06-21 00:00:00
000333,000333.SZ,美的集团,10015250,069001002001,016127,白色家电,1239,404337198735.78,396184762477.24,57.58,1.355395176905,7022181291,6880596778,13.29294198,13.68153021,2.65396123,11.66654756,11.24684895,1.15062668,0.85055443,2023-06-20 00:00:00
000333,000333.SZ,美的集团,10015250,069001002001,016127,白色家电,1239,398930119141.71,390886702958.18,56.81,-2.639245929734,7022181291,6880596778,13.11517947,13.49857122,2.61847061,11.51053433,11.09644823,1.13523969,0.83918022,2023-06-19 00:00:00
000333,000333.SZ,美的集团,10015250,069001002001,016127,白色家电,1239,409744278329.85,401482821996.3,58.35,0.603448275862,7022181291,6880596778,13.47070449,13.86448919,2.68945186,11.82256079,11.39724968,1.16601366,0.86192864,2023-06-16 00:00:00
000333,000333.SZ,美的集团,10015250,069001002001,016127,白色家电,1239,407286514878,399074613124,58,1.611772950245,7022181291,6880596778,13.38990335,13.78132602,2.67331975,11.75164569,11.32888571,1.15901958,0.85675855,2023-06-15 00:00:00
000333,000333.SZ,美的集团,10015250,069001002001,016127,白色家电,1239,400826108090.28,392744464088.24,57.08,0.830242006713,7022181291,6880596778,13.17751178,13.56272567,2.63091537,11.56524027,11.14918615,1.14063513,0.84316858,2023-06-14 00:00:00
000333,000333.SZ,美的集团,10015250,069001002001,016127,白色家电,1239,397525682883.51,389510583602.58,56.61,-1.290322580645,7022181291,6880596778,13.06900739,13.45104941,2.60925226,11.47001142,11.05738311,1.13124307,0.83622588,2023-06-13 00:00:00
000333,000333.SZ,美的集团,10015250,069001002001,016127,白色家电,1239,402722097038.85,394602225218.3,57.35,2.209944751381,7022181291,6880596778,13.23984409,13.62688012,2.64336014,11.61994621,11.20192406,1.14603057,0.84715694,2023-06-12 00:00:00
000333,000333.SZ,美的集团,10015250,069001002001,016127,白色家电,1239,394014592238.01,386070285213.58,56.11,-1.371066971348,7022181291,6880596778,12.95357719,13.33224487,2.5862064,11.36870413,10.9597203,1.12125153,0.82884004,2023-06-09 00:00:00
000333,000333.SZ,美的集团,10015250,069001002001,016127,白色家电,1239,399491893644.99,391437150700.42,56.89,2.968325791855,7022181291,6880596778,13.13364831,13.51757995,2.62215795,11.5267435,11.11207428,1.13683834,0.84036196,2023-06-08 00:00:00
000333,000333.SZ,美的集团,10015250,069001002001,016127,白色家电,1239,387975516327.75,380152971984.5,55.25,1.918465227818,7022181291,6880596778,12.75503725,13.12790108,2.54656753,11.19445559,10.79174027,1.10406606,0.81613637,2023-06-07 00:00:00
000333,000333.SZ,美的集团,10015250,069001002001,016127,白色家电,1239,380672447785.11,372997151335.38,54.21,0.500556173526,7022181291,6880596778,12.51494243,12.88078764,2.49863214,10.98373642,10.58860163,1.08328364,0.80077381,2023-06-06 00:00:00
000333,000333.SZ,美的集团,10015250,069001002001,016127,白色家电,1239,378776458836.54,371139390205.32,53.94,4.131274131274,7022181291,6880596778,12.45261012,12.81663319,2.48618737,10.92903049,10.53586371,1.07788821,0.79678545,2023-06-05 00:00:00
000333,000333.SZ,美的集团,10015250,069001002001,016127,白色家电,1239,363748990873.8,356414913100.4,51.8,5.952137451422,7022181291,6880596778,11.95856886,12.30814979,2.38755109,10.49543528,10.11786689,1.03512438,0.76517401,2023-06-02 00:00:00
000333,000333.SZ,美的集团,10015250,069001002001,016127,白色家电,1239,343314443316.99,336392376476.42,48.89,0.020458265139,7022181291,6880596778,11.28676508,11.6167074,2.25342419,9.90582685,9.54946935,0.97697357,0.72218837,2023-06-01 00:00:00
000333,000333.SZ,美的集团,10015250,069001002001,016127,白色家电,1239,360448565667.03,353181032614.74,51.33,-1.910949742022,7022181291,6880596778,11.85006447,12.19647352,2.36588798,10.40020643,10.02606386,1.02573233,0.75823131,2023-05-31 00:00:00
000333,000333.SZ,美的集团,10015250,069001002001,016127,白色家电,1239,367470746958.03,360061629392.74,52.33,-2.095416276894,7022181291,6880596778,12.08092487,12.43408259,2.4119797,10.60282101,10.22138947,1.04571542,0.77300301,2023-05-30 00:00:00
000333,000333.SZ,美的集团,10015250,069001002001,016127,白色家电,1239,375335590003.95,367767897784.1,53.45,-1.492812384814,7022181291,6880596778,12.33948852,12.70020475,2.46360243,10.82974934,10.44015416,1.06809649,0.78954732,2023-05-29 00:00:00
000333,000333.SZ,美的集团,10015250,069001002001,016127,白色家电,1239,381023556849.66,373341181174.28,54.26,0.462877244955,7022181291,6880596778,12.52648545,12.8926681,2.50093672,10.99386715,10.59836791,1.0842828,0.80151239,2023-05-26 00:00:00
000333,000333.SZ,美的集团,10015250,069001002001,016127,白色家电,1239,379268011526.91,371621031979.78,54.01,0.764925373134,7022181291,6880596778,12.46877035,12.83326583,2.48941379,10.94321351,10.54953651,1.07928702,0.79781947,2023-05-25 00:00:00
000333,000333.SZ,美的集团,10015250,069001002001,016127,白色家电,1239,376363053321.6,368774123424.8,53.6,-4.20017873101,7021698756,6880114243,12.37326728,12.73497096,2.47034642,10.85939527,10.46873359,1.07102035,0.79170866,2023-05-24 00:00:00
000333,000333.SZ,美的集团,10015250,069001002001,016127,白色家电,1239,392864045398.2,384942391895.85,55.95,-1.340151648739,7021698756,6880114243,12.91575195,13.2933139,2.57865452,11.33550681,10.92771724,1.1179774,0.82641977,2023-05-23 00:00:00
000333,000333.SZ,美的集团,10015250,069001002001,016127,白色家电,1239,398200536452.76,390171278720.53,56.71,1.63082437276,7021698756,6880114243,13.0911938,13.47388438,2.61368182,11.48948331,11.07615451,1.13316351,0.83764549,2023-05-22 00:00:00
000333,000333.SZ,美的集团,10015250,069001002001,016127,白色家电,1239,391810790584.8,383910374759.4,55.8,1.454545454545,7021698756,6880114243,12.88112527,13.25767499,2.57174124,11.30511671,10.89842041,1.11498014,0.82420417,2023-05-19 00:00:00
000333,000333.SZ,美的集团,10015250,069001002001,016127,白色家电,1239,386193431580,378406283365,55,-0.03635041803,7021698756,6880114243,12.69644964,13.0676008,2.5348704,11.14303619,10.74217066,1.09899477,0.81238762,2023-05-18 00:00:00
000333,000333.SZ,美的集团,10015250,069001002001,016127,白色家电,1239,386333865555.12,378543885649.86,55.02,-0.59620596206,7021698756,6880114243,12.70106653,13.07235265,2.53579217,11.1470882,10.7460769,1.0993944,0.81268304,2023-05-17 00:00:00
000333,000333.SZ,美的集团,10015250,069001002001,016127,白色家电,1239,388651026144.6,380814323350.05,55.35,-2.191199858632,7021698756,6880114243,12.77724523,13.15075826,2.55100139,11.21394642,10.81052992,1.10598837,0.81755736,2023-05-16 00:00:00
000333,000333.SZ,美的集团,10015250,069001002001,016127,白色家电,1239,397357932602.04,389345665011.37,56.59,1.379433894661,7021698756,6880114243,13.06349245,13.44537325,2.6081512,11.46517123,11.05271704,1.13076571,0.83587301,2023-05-15 00:00:00
000333,000333.SZ,美的集团,10015250,069001002001,016127,白色家电,1239,391951224559.92,384047977044.26,55.82,0.667267808837,7021698756,6880114243,12.88574216,13.26242684,2.57266301,11.30916873,10.90232666,1.11537978,0.82449958,2023-05-12 00:00:00
000333,000333.SZ,美的集团,10015250,069001002001,016127,白色家电,1239,389353196020.2,381502334774.35,55.45,0.090252707581,7021698756,6880114243,12.80032968,13.17451753,2.55561025,11.23420648,10.83006114,1.10798654,0.81903443,2023-05-11 00:00:00
000333,000333.SZ,美的集团,10015250,069001002001,016127,白色家电,1239,389002111082.4,381158329062.2,55.4,1.094890510949,7021698756,6880114243,12.78878745,13.16263789,2.55330582,11.22407645,10.82029553,1.10698745,0.8182959,2023-05-10 00:00:00
000333,000333.SZ,美的集团,10015250,069001002001,016127,白色家电,1239,384789091828.8,377030260516.4,54.8,-0.38174877295,7021698756,6880114243,12.65028073,13.02008225,2.52565269,11.10251606,10.70310822,1.09499842,0.80943348,2023-05-09 00:00:00
000333,000333.SZ,美的集团,10015250,069001002001,016127,白色家电,1239,386263648567.56,378475084507.43,55.01,-0.578348093259,7021698756,6880114243,12.69875808,13.06997672,2.53533128,11.14506219,10.74412378,1.09919458,0.81253533,2023-05-08 00:00:00
000333,000333.SZ,美的集团,10015250,069001002001,016127,白色家电,1239,388510592169.48,380676721065.19,55.33,-2.209261223047,7021698756,6880114243,12.77262834,13.1460064,2.55007962,11.2098944,10.80662368,1.10558873,0.81726195,2023-05-05 00:00:00
000333,000333.SZ,美的集团,10015250,069001002001,016127,白色家电,1239,397287715614.48,389276863868.94,56.58,-0.352236703064,7021698756,6880114243,13.06118401,13.44299733,2.60769031,11.46314523,11.05076392,1.13056589,0.8357253,2023-05-04 00:00:00
000333,000333.SZ,美的集团,10015250,069001002001,016127,白色家电,1239,398692055365.68,390652886717.54,56.78,-0.838281522878,7021698756,6880114243,13.47464276,13.49051588,2.61690802,11.50366536,10.87322832,1.13202626,0.83867944,2023-04-28 00:00:00
000333,000333.SZ,美的集团,10015250,069001002001,016127,白色家电,1239,402062470768.56,393955341554.18,57.26,0.987654320988,7021698756,6880114243,13.58855309,13.60456039,2.63903053,11.60091367,10.96514713,1.14159605,0.84576937,2023-04-27 00:00:00
000333,000333.SZ,美的集团,10015250,069001002001,016127,白色家电,1239,398130319465.2,390102477578.1,56.7,-1.647875108413,7021698756,6880114243,13.45565771,13.47150846,2.61322094,11.48745731,10.85790852,1.13043129,0.83749778,2023-04-26 00:00:00
000333,000333.SZ,美的集团,10015250,069001002001,016127,白色家电,1239,404800933283.4,396638586108.95,57.65,1.087147115553,7021698756,6880114243,13.68110523,13.69722156,2.65700506,11.67992793,11.03983115,1.1493715,0.85152993,2023-04-25 00:00:00
000333,000333.SZ,美的集团,10015250,069001002001,016127,白色家电,1239,400447480054.68,392372915278.29,57.03,0.316622691293,7021698756,6880114243,13.53397106,13.54991406,2.62843016,11.55431552,10.9211027,1.13701052,0.84237211,2023-04-24 00:00:00
000333,000333.SZ,美的集团,10015250,069001002001,016127,白色家电,1239,399183574278.6,391134494714.55,56.85,-0.333099579243,7021698756,6880114243,13.49125468,13.50714737,2.62013422,11.5178474,10.88663315,1.13342185,0.83971339,2023-04-21 00:00:00
000333,000333.SZ,美的集团,10015250,069001002001,016127,白色家电,1239,400517697042.24,392441716420.72,57.04,1.711840228245,7021698756,6880114243,13.53634419,13.55228999,2.62889104,11.55634153,10.92301767,1.13720989,0.84251982,2023-04-20 00:00:00
000333,000333.SZ,美的集团,10015250,069001002001,016127,白色家电,1239,393776866236.48,385836806747.44,56.08,-1.232828460726,7021698756,6880114243,13.30852353,13.32420096,2.58464603,11.3618449,10.73918007,1.11807032,0.82833996,2023-04-19 00:00:00
000333,000333.SZ,美的集团,10015250,069001002001,016127,白色家电,1239,398692055365.68,390652886717.54,56.78,2.453987730061,7021698756,6880114243,13.47464276,13.49051588,2.61690802,11.50366536,10.87322832,1.13202626,0.83867944,2023-04-18 00:00:00
000333,000333.SZ,美的集团,10015250,069001002001,016127,白色家电,1239,389280979617.66,381295931347.06,55.42,2.743789395625,7024196673,6880114243,13.15657552,13.17207395,2.55513624,11.23212279,10.61656714,1.10530492,0.81888252,2023-04-17 00:00:00
000333,000333.SZ,美的集团,10015250,069001002001,016127,白色家电,1239,377432909719.44,369686315756.4,53.94,-0.369412633912,6997273076,6853658060,12.75614489,12.77117161,2.47736867,10.89026438,10.29344365,1.0716641,0.79395919,2023-04-14 00:00:00
000333,000333.SZ,美的集团,10015250,069001002001,016127,白色家电,1239,378832364334.64,371057047368.4,54.14,-2.45045045045,6997273076,6853658060,12.80344242,12.81852487,2.48655432,10.93064356,10.33160992,1.07563765,0.79690305,2023-04-13 00:00:00
000333,000333.SZ,美的集团,10015250,069001002001,016127,白色家电,1239,388348655718,380378022330,55.5,-0.60888252149,6997273076,6853658060,13.12506565,13.14052697,2.54901671,11.20522197,10.59114057,1.10265773,0.8169213,2023-04-12 00:00:00
000333,000333.SZ,美的集团,10015250,069001002001,016127,白色家电,1239,390727728563.84,382708266070.4,55.84,1.972242512783,6997273076,6853658060,13.20547146,13.22102749,2.56463231,11.27386657,10.65602323,1.10941275,0.82192586,2023-04-11 00:00:00
000333,000333.SZ,美的集团,10015250,069001002001,016127,白色家电,1239,383170673641.76,375306315365.6,54.76,0.146305779078,6997273076,6853658060,12.95006478,12.96531994,2.51502982,11.05581901,10.44992536,1.08795562,0.80602902,2023-04-10 00:00:00
000333,000333.SZ,美的集团,10015250,069001002001,016127,白色家电,1239,382610891795.68,374758022720.8,54.68,1.22176971492,6997273076,6853658060,12.93114577,12.94637864,2.51135556,11.03966734,10.43465885,1.08636621,0.80485147,2023-04-07 00:00:00
000333,000333.SZ,美的集团,10015250,069001002001,016127,白色家电,1239,377992691565.52,370234608401.2,54.02,-1.116602599304,6997273076,6853658060,12.7750639,12.79011292,2.48104293,10.90641605,10.30871015,1.07325352,0.79513673,2023-04-06 00:00:00
000333,000333.SZ,美的集团,10015250,069001002001,016127,白色家电,1239,382261028141.88,374415339817.8,54.63,-0.109709270433,6997273076,6853658060,12.91932138,12.93454033,2.50905915,11.02957254,10.42511729,1.08537282,0.80411551,2023-04-04 00:00:00
000333,000333.SZ,美的集团,10015250,069001002001,016127,白色家电,1239,382680864526.44,374826559301.4,54.69,1.635383757666,6997273076,6853658060,12.93351064,12.9487463,2.51181485,11.0416863,10.43656717,1.08656488,0.80499867,2023-04-03 00:00:00
000333,000333.SZ,美的集团,10015250,069001002001,016127,白色家电,1239,376523264219.56,368795340208.6,53.81,-1.21167615201,6997273076,6853658060,12.72540149,12.740392,2.47139801,10.86401791,10.26863557,1.0690813,0.79204568,2023-03-31 00:00:00
000333,000333.SZ,美的集团,10015250,069001002001,016127,白色家电,1239,381141464449.72,373318754528.2,54.47,5.972762645914,6997273076,6853658060,12.88148335,12.89665773,2.66653259,10.9972692,10.39458427,1.08219399,0.80176042,2023-03-30 00:00:00
000333,000333.SZ,美的集团,10015250,069001002001,016127,白色家电,1239,359659836106.4,352278024284,51.4,0.606772362498,6997273076,6853658060,12.15546621,12.16978534,2.51624334,10.37744881,9.80873199,1.02120013,0.75657216,2023-03-29 00:00:00
000333,000333.SZ,美的集团,10015250,069001002001,016127,白色家电,1239,357490681452.84,350153390285.4,51.09,-1.465766634523,6997273076,6853658060,12.08215503,12.0963878,2.50106756,10.31486109,9.74957427,1.01504114,0.75200918,2023-03-28 00:00:00
000333,000333.SZ,美的集团,10015250,069001002001,016127,白色家电,1239,362808608990.6,355362170411,51.85,-0.460741025149,6997273076,6853658060,12.26188566,12.27633015,2.53827271,10.46830197,9.8946061,1.0301406,0.76319585,2023-03-27 00:00:00
000333,000333.SZ,美的集团,10015250,069001002001,016127,白色家电,1239,364487954528.84,357007048345.4,52.09,0.521034349672,6997273076,6853658060,12.3186427,12.33315405,2.55002171,10.51675698,9.94040563,1.03490885,0.76672848,2023-03-24 00:00:00
000333,000333.SZ,美的集团,10015250,069001002001,016127,白色家电,1239,362598690798.32,355156560669.2,51.82,0.232108317215,6997273076,6853658060,12.25479103,12.26922716,2.53680409,10.46224509,9.88888116,1.02954457,0.76275427,2023-03-23 00:00:00
000333,000333.SZ,美的集团,10015250,069001002001,016127,白色家电,1239,361759018029.2,354334121702,51.7,-0.767754318618,6997273076,6853658060,12.22641251,12.24081521,2.53092959,10.43801758,9.8659814,1.02716044,0.76098795,2023-03-22 00:00:00
000333,000333.SZ,美的集团,10015250,069001002001,016127,白色家电,1239,364557927259.6,357075584926,52.1,3.291038858049,6997273076,6853658060,12.32100758,12.33552171,2.55051125,10.51877594,9.94231394,1.03510752,0.76687567,2023-03-21 00:00:00
000333,000333.SZ,美的集团,10015250,069001002001,016127,白色家电,1239,352942453953.44,345698512546.4,50.44,0.218557520366,6997273076,6853658060,11.92843805,11.94248973,2.46924736,10.18362876,9.62553388,1.00212713,0.74244163,2023-03-20 00:00:00
000333,000333.SZ,美的集团,10015250,069001002001,016127,白色家电,1239,352172753915.08,344944610159.8,50.33,0.579536370903,6997273076,6853658060,11.9024244,11.91644545,2.4638624,10.16142021,9.60454243,0.99994168,0.74082251,2023-03-17 00:00:00
000333,000333.SZ,美的集团,10015250,069001002001,016127,白色家电,1239,350143544723.04,342957049322.4,50.04,-0.832342449465,6997273076,6853658060,11.83384298,11.84778323,2.4496657,10.1028704,9.54920134,0.99418005,0.73655391,2023-03-16 00:00:00
000333,000333.SZ,美的集团,10015250,069001002001,016127,白色家电,1239,353082399414.96,345835585707.6,50.46,-1.348973607038,6997273076,6853658060,11.9331678,11.94722506,2.47022644,10.18766668,9.62935051,1.00252448,0.74273602,2023-03-15 00:00:00
000333,000333.SZ,美的集团,10015250,069001002001,016127,白色家电,1239,357910517837.4,350564609769,51.15,-1.747983096427,6997273076,6853658060,12.09634429,12.11059377,2.50400481,10.32697484,9.76102415,1.0162332,0.75289233,2023-03-14 00:00:00
000333,000333.SZ,美的集团,10015250,069001002001,016127,白色家电,1239,364278036336.56,356801438603.6,52.06,1.77908113392,6997273076,6853658060,12.31154807,12.32605106,2.54855308,10.5107001,9.93468069,1.03431282,0.7662869,2023-03-13 00:00:00
000333,000333.SZ,美的集团,10015250,069001002001,016127,白色家电,1239,357910517837.4,350564609769,51.15,-2.941176470588,6997273076,6853658060,12.09634429,12.11059377,2.50400481,10.32697484,9.76102415,1.0162332,0.75289233,2023-03-10 00:00:00
000333,000333.SZ,美的集团,10015250,069001002001,016127,白色家电,1239,368756291105.2,361187779762,52.7,0.784088735896,6997273076,6853658060,12.46290018,12.47758146,2.57988374,10.63991347,10.05681276,1.04702815,0.77570725,2023-03-09 00:00:00
000333,000333.SZ,美的集团,10015250,069001002001,016127,白色家电,1239,365887409144.04,358377779957.4,52.29,-1.078320090806,6997273076,6853658060,12.36594024,12.3805073,2.55981254,10.55713616,9.9785719,1.03888239,0.76967234,2023-03-08 00:00:00
000333,000333.SZ,美的集团,10015250,069001002001,016127,白色家电,1239,369875854797.36,362284365051.6,52.86,-1.801969162177,6997273076,6853658060,12.50073821,12.51546406,2.5877164,10.67221682,10.08734578,1.05020698,0.77806234,2023-03-07 00:00:00
000333,000333.SZ,美的集团,10015250,069001002001,016127,白色家电,1239,376663209681.08,368932413369.8,53.83,-2.481884057971,6997273076,6853658060,12.73013125,12.74512733,2.63520193,10.86805583,10.2724522,1.06947866,0.79234007,2023-03-06 00:00:00
000333,000333.SZ,美的集团,10015250,069001002001,016127,白色家电,1239,386249473795.2,378321924912,55.2,0.638103919781,6997273076,6853658060,13.05411935,13.06949709,2.70226912,11.1446532,10.53389116,1.09669741,0.81250551,2023-03-03 00:00:00
000333,000333.SZ,美的集团,10015250,069001002001,016127,白色家电,1239,383800428218.6,375923144591,54.85,0.421091175394,6997273076,6853658060,12.97134867,12.9866289,2.68513516,11.07398964,10.46710018,1.08974372,0.80735375,2023-03-02 00:00:00
000333,000333.SZ,美的集团,10015250,069001002001,016127,白色家电,1239,382191055411.12,374346803237.2,54.62,4.117422798323,6997273076,6853658060,12.9169565,12.93217267,2.67387571,11.02755359,10.42320897,1.08517414,0.80396831,2023-03-01 00:00:00
000333,000333.SZ,美的集团,10015250,069001002001,016127,白色家电,1239,367076945566.96,359542901827.6,52.46,0.114503816794,6997273076,6853658060,12.40614314,12.42075756,2.56813474,10.59145846,10.01101323,1.0422599,0.77217462,2023-02-28 00:00:00
000333,000333.SZ,美的集团,10015250,069001002001,016127,白色家电,1239,366657109182.4,359131682344,52.4,-1.094752736882,6997273076,6853658060,12.39195388,12.40655159,2.56519749,10.57934471,9.99956335,1.04106784,0.77129146,2023-02-27 00:00:00
000333,000333.SZ,美的集团,10015250,069001002001,016127,白色家电,1239,370715527566.48,363106804018.8,52.98,-0.730747611017,6997273076,6853658060,12.52911673,12.54387601,2.5935909,10.69644432,10.11024554,1.05259111,0.77982866,2023-02-24 00:00:00
000333,000333.SZ,美的集团,10015250,069001002001,016127,白色家电,1239,373444464066.12,365779730662.2,53.37,1.117847669572,6997273076,6853658060,12.62134692,12.63621485,2.61268302,10.77518372,10.18466977,1.06033951,0.78556919,2023-02-23 00:00:00
000333,000333.SZ,美的集团,10015250,069001002001,016127,白色家电,1239,369316072951.28,361736072406.8,52.78,-1.419499439671,6997273076,6853658060,12.48181919,12.49652276,2.58380007,10.65606514,10.07207927,1.04861756,0.7768848,2023-02-22 00:00:00
000333,000333.SZ,美的集团,10015250,069001002001,016127,白色家电,1239,374634000489.04,366944852532.4,53.54,0.450281425891,6997273076,6853658060,12.66154982,12.67646511,2.62100523,10.80950602,10.2171111,1.06371702,0.78807147,2023-02-21 00:00:00
000333,000333.SZ,美的集团,10015250,069001002001,016127,白色家电,1239,372954654950.8,365299974598,53.3,3.736862592448,6997273076,6853658060,12.60479278,12.61964121,2.60925623,10.76105101,10.17131157,1.05894877,0.78453884,2023-02-20 00:00:00
000333,000333.SZ,美的集团,10015250,069001002001,016127,白色家电,1239,359519890644.88,352140951122.8,51.38,0.195007800312,6997273076,6853658060,12.15073646,12.16505001,2.51526426,10.3734109,9.80491536,1.02080277,0.75627777,2023-02-17 00:00:00
000333,000333.SZ,美的集团,10015250,069001002001,016127,白色家电,1239,358820163337.28,351455585316.8,51.28,-0.136319376826,6997273076,6853658060,12.12708769,12.14137339,2.51036885,10.35322131,9.78583222,1.018816,0.75480584,2023-02-16 00:00:00
000333,000333.SZ,美的集团,10015250,069001002001,016127,白色家电,1239,359309972452.6,351935341381,51.35,-1.647194024133,6997273076,6853658060,12.14364183,12.15794702,2.51379564,10.36735402,9.79919042,1.02020674,0.7558362,2023-02-15 00:00:00
000333,000333.SZ,美的集团,10015250,069001002001,016127,白色家电,1239,365327627297.96,357829487312.6,52.21,-0.438596491228,6997273076,6853658060,12.34702122,12.361566,2.55589621,10.54098449,9.96330539,1.03729297,0.7684948,2023-02-14 00:00:00
000333,000333.SZ,美的集团,10015250,069001002001,016127,白色家电,1239,366937000105.44,359405828666.4,52.44,1.588531576908,6997273076,6853658060,12.40141339,12.41602224,2.56715566,10.58742054,10.0071966,1.04186254,0.77188024,2023-02-13 00:00:00
000333,000333.SZ,美的集团,10015250,069001002001,016127,白色家电,1239,361199236183.12,353785829057.2,51.62,0.174655540462,6997273076,6853658060,12.2074935,12.22187391,2.52701326,10.42186591,9.85071489,1.02557102,0.75981041,2023-02-10 00:00:00
000333,000333.SZ,美的集团,10015250,069001002001,016127,白色家电,1239,360569481606.28,353168999831.8,51.53,1.019407959224,6997273076,6853658060,12.18620961,12.20056495,2.52260738,10.40369528,9.83354006,1.02378293,0.75848567,2023-02-09 00:00:00
000333,000333.SZ,美的集团,10015250,069001002001,016127,白色家电,1239,356930899606.76,349605097640.6,51.01,-0.95145631068,6997273076,6853658060,12.06323602,12.0774465,2.49715122,10.29870942,9.73430776,1.01345172,0.75083163,2023-02-08 00:00:00
000333,000333.SZ,美的集团,10015250,069001002001,016127,白色家电,1239,360359563414,352963390090,51.5,0.487804878049,6997273076,6853658060,12.17911498,12.19346196,2.52113876,10.3976384,9.82781512,1.0231869,0.75804409,2023-02-07 00:00:00
000333,000333.SZ,美的集团,10015250,069001002001,016127,白色家电,1239,358610245145,351249975575,51.25,-3.86419058338,6997273076,6853658060,12.11999306,12.1342704,2.50890022,10.34716443,9.78010728,1.01821997,0.75436426,2023-02-06 00:00:00
000333,000333.SZ,美的集团,10015250,069001002001,016127,白色家电,1239,373024627681.56,365368511178.6,53.31,-1.204595997035,6997273076,6853658060,12.60715766,12.62200888,2.60974577,10.76306997,10.17321989,1.05914745,0.78468603,2023-02-03 00:00:00
000333,000333.SZ,美的集团,10015250,069001002001,016127,白色家电,1239,377572855180.96,369823388917.6,53.96,-2.774774774775,6997273076,6853658060,12.76087464,12.77590694,2.64156597,10.8943023,10.29726027,1.07206146,0.79425358,2023-02-02 00:00:00
000333,000333.SZ,美的集团,10015250,069001002001,016127,白色家电,1239,388348655718,380378022330,55.5,0.54347826087,6997273076,6853658060,13.12506565,13.14052697,2.71695536,11.20522197,10.59114057,1.10265773,0.8169213,2023-02-01 00:00:00
000333,000333.SZ,美的集团,10015250,069001002001,016127,白色家电,1239,386249473795.2,378321924912,55.2,-0.808625336927,6997273076,6853658060,13.05411935,13.06949709,2.70226912,11.1446532,10.53389116,1.09669741,0.81250551,2023-01-31 00:00:00
000333,000333.SZ,美的集团,10015250,069001002001,016127,白色家电,1239,389398246679.4,381406071039,55.65,-2.505255781359,6997273076,6853658060,13.1605388,13.17604191,2.72429848,11.23550635,10.61976527,1.10563788,0.8191292,2023-01-30 00:00:00
000333,000333.SZ,美的集团,10015250,069001002001,016127,白色家电,1239,399404347178.08,391206802064.8,57.08,-0.522830254444,6997273076,6853658060,13.49871617,13.51461765,2.79430292,11.52421748,10.89265412,1.1340487,0.8401778,2023-01-20 00:00:00
000333,000333.SZ,美的集团,10015250,069001002001,016127,白色家电,1239,401503529100.88,393262899482.8,57.38,-0.381944444444,6997273076,6853658060,13.56966247,13.58564752,2.80898916,11.58478625,10.94990353,1.14000902,0.84459359,2023-01-19 00:00:00
000333,000333.SZ,美的集团,10015250,069001002001,016127,白色家电,1239,403042929177.6,394770704256,57.6,-0.689655172414,6997273076,6853658060,13.62168976,13.6377361,2.81975908,11.62920334,10.99188643,1.14437991,0.84783184,2023-01-18 00:00:00
000333,000333.SZ,美的集团,10015250,069001002001,016127,白色家电,1239,405841838408,397512167480,58,0.51993067591,6997273076,6853658060,13.71628483,13.7324426,2.83934074,11.7099617,11.06821897,1.15232699,0.85371956,2023-01-17 00:00:00
000333,000333.SZ,美的集团,10015250,069001002001,016127,白色家电,1239,403742656485.2,395456070062,57.7,3.127792672029,6997273076,6853658060,13.64533853,13.66141272,2.82465449,11.64939293,11.01096957,1.14636668,0.84930377,2023-01-16 00:00:00
000333,000333.SZ,美的集团,10015250,069001002001,016127,白色家电,1239,391497428602.2,383462168457,55.95,2.154464122695,6997273076,6853658060,13.23148511,13.24707178,2.73898473,11.29607512,10.67701468,1.11159819,0.82354499,2023-01-13 00:00:00
000333,000333.SZ,美的集团,10015250,069001002001,016127,白色家电,1239,383240646372.52,375374851946.2,54.77,0.495412844037,6997273076,6853658060,12.95242966,12.9676876,2.68121883,11.05783797,10.45183368,1.0881543,0.80617621,2023-01-12 00:00:00
000333,000333.SZ,美的集团,10015250,069001002001,016127,白色家电,1239,381351382642,373524364270,54.5,1.869158878505,6997273076,6853658060,12.88857798,12.90376072,2.66800121,11.00332608,10.40030921,1.08279002,0.802202,2023-01-11 00:00:00
000333,000333.SZ,美的集团,10015250,069001002001,016127,白色家电,1239,374354109566,366670706210,53.5,-1.127333210128,6997273076,6853658060,12.65209032,12.66699446,2.61904706,10.80143019,10.20947785,1.06292231,0.7874827,2023-01-10 00:00:00
000333,000333.SZ,美的集团,10015250,069001002001,016127,白色家电,1239,378622446142.36,370851437626.6,54.11,0.185150897982,6997273076,6853658060,12.79634779,12.81142188,2.64890909,10.92458668,10.32588498,1.07504161,0.79646147,2023-01-09 00:00:00
000333,000333.SZ,美的集团,10015250,069001002001,016127,白色家电,1239,377922718834.76,370166071820.6,54.01,-1.639045711164,6997273076,6853658060,12.77269903,12.78774525,2.64401368,10.90439709,10.30680184,1.07305484,0.79498954,2023-01-06 00:00:00
000333,000333.SZ,美的集团,10015250,069001002001,016127,白色家电,1239,384220264603.16,376334364074.6,54.91,2.158139534884,6997273076,6853658060,12.98553793,13.00083488,2.68807241,11.08610339,10.47855007,1.09093578,0.80823691,2023-01-05 00:00:00
000333,000333.SZ,美的集团,10015250,069001002001,016127,白色家电,1239,376103427835,368384120725,53.75,3.604471858134,6997273076,6853658060,12.71121223,12.72618603,2.6312856,10.85190416,10.25718569,1.06788924,0.79116252,2023-01-04 00:00:00
000333,000333.SZ,美的集团,10015250,069001002001,016127,白色家电,1239,363018527182.88,355567780152.8,51.88,0.15444015444,6997273076,6853658060,12.26898029,12.28343314,2.53974134,10.47435884,9.90033104,1.03073663,0.76363743,2023-01-03 00:00:00
000333,000333.SZ,美的集团,10015250,069001002001,016127,白色家电,1239,362428847412.8,354989589584,51.8,0.135317997294,6996695896,6853080880,12.24905081,12.68402348,2.60305956,10.32804926,9.88424915,1.02906232,3.57615847,2022-12-30 00:00:00
000333,000333.SZ,美的集团,10015250,069001002001,016127,白色家电,1239,361939078700.08,354509873922.4,51.73,-0.614793467819,6996695896,6853080880,12.23249804,12.6668829,2.59954191,10.31409243,9.87089206,1.0276717,3.57132582,2022-12-29 00:00:00
000333,000333.SZ,美的集团,10015250,069001002001,016127,白色家电,1239,364178021386.8,356702859804,52.05,-1.681148469966,6996695896,6853080880,12.30816785,12.74523981,2.61562259,10.37789505,9.93195305,1.03402884,3.59341792,2022-12-28 00:00:00
000333,000333.SZ,美的集团,10015250,069001002001,016127,白色家电,1239,370405080734.24,362802101787.2,52.94,2.796116504854,6996695896,6853080880,12.51862452,12.96316994,2.66034697,10.55534609,10.10177896,1.05170964,3.65486157,2022-12-27 00:00:00
000333,000333.SZ,美的集团,10015250,069001002001,016127,白色家电,1239,360329838644,352933665320,51.5,-1.68003054601,6996695896,6853080880,12.17811036,12.61056388,2.58798392,10.2682343,9.82700446,1.0231025,3.55544712,2022-12-26 00:00:00
000333,000333.SZ,美的集团,10015250,069001002001,016127,白色家电,1239,366486931032.48,358964376494.4,52.38,0.344827586207,6996695896,6853080880,12.38620235,12.82604536,2.63220578,10.44369151,9.99492221,1.04058464,3.61620039,2022-12-23 00:00:00
000333,000333.SZ,美的集团,10015250,069001002001,016127,白色家电,1239,365227525771.2,357730821936,52.2,1.006191950464,6996695896,6853080880,12.34363808,12.7819696,2.6231604,10.40780253,9.9605754,1.03700875,3.60377359,2022-12-22 00:00:00
000333,000333.SZ,美的集团,10015250,069001002001,016127,白色家电,1239,361589243905.28,354167219878.4,51.68,0.213302307543,6996695896,6853080880,12.22067463,12.65463964,2.5970293,10.30412327,9.86135127,1.02667839,3.56787393,2022-12-21 00:00:00
000333,000333.SZ,美的集团,10015250,069001002001,016127,白色家电,1239,360819607356.72,353413380981.6,51.57,-3.930700447094,6996695896,6853080880,12.19466314,12.62770445,2.59150157,10.28219112,9.84036156,1.02449313,3.56027977,2022-12-20 00:00:00
000333,000333.SZ,美的集团,10015250,069001002001,016127,白色家电,1239,375582635697.28,367873381638.4,53.68,-0.592592592593,6996695896,6853080880,12.69361096,13.14437027,2.69753353,10.70288965,10.24298252,1.06641053,3.70594954,2022-12-19 00:00:00
000333,000333.SZ,美的集团,10015250,069001002001,016127,白色家电,1239,377770450698,370015239834,54,0.689912362484,6995749087,6852134071,12.7675528,13.22093785,2.713247,10.7652353,10.30264915,1.0726225,3.72753716,2022-12-16 00:00:00
000333,000333.SZ,美的集团,10015250,069001002001,016127,白色家电,1239,375182023535.81,367479950227.73,53.63,-2.295500091091,6995749087,6852134071,12.68007142,13.13034994,2.69465623,10.6914735,10.23205692,1.06527305,3.70199662,2022-12-15 00:00:00
000333,000333.SZ,美的集团,10015250,069001002001,016127,白色家电,1239,383996667385.43,376113639157.19,54.89,1.742354031511,6995749087,6852134071,12.97798099,13.43883849,2.75796533,10.94266233,10.47245207,1.09030091,3.78897249,2022-12-14 00:00:00
000333,000333.SZ,美的集团,10015250,069001002001,016127,白色家电,1239,377420663243.65,369672633130.45,53.95,-0.881866617674,6995749087,6852134071,12.75573099,13.20869624,2.71073473,10.75526749,10.29310966,1.07162933,3.72408573,2022-12-13 00:00:00
000333,000333.SZ,美的集团,10015250,069001002001,016127,白色家电,1239,380778622805.41,372961657484.53,54.43,0.2394106814,6995749087,6852134071,12.86922035,13.32621568,2.73485248,10.85095847,10.38468876,1.08116375,3.7572194,2022-12-12 00:00:00
000333,000333.SZ,美的集团,10015250,069001002001,016127,白色家电,1239,379869175424.1,372070880055.3,54.3,4.927536231884,6995749087,6852134071,12.83848365,13.2943875,2.72832059,10.82504216,10.35988609,1.07858151,3.7482457,2022-12-09 00:00:00
000333,000333.SZ,美的集团,10015250,069001002001,016127,白色家电,1239,362030015252.25,354597938174.25,51.75,0.975609756098,6995749087,6852134071,12.23557144,12.67006544,2.60019504,10.31668383,9.8733721,1.0279299,3.57222311,2022-12-08 00:00:00
000333,000333.SZ,美的集团,10015250,069001002001,016127,白色家电,1239,358532140708.75,351171871138.75,51.25,2.5,6995749087,6852134071,12.11735335,12.54764935,2.57507238,10.21700573,9.7779772,1.01799821,3.53770887,2022-12-07 00:00:00
000333,000333.SZ,美的集团,10015250,069001002001,016127,白色家电,1239,349787454350,342606703550,50,0.603621730382,6995749087,6852134071,11.82180815,12.24160912,2.51226574,9.96781046,9.53948995,0.99316898,3.45142329,2022-12-06 00:00:00
000333,000333.SZ,美的集团,10015250,069001002001,016127,白色家电,1239,347688729623.9,340551063328.7,49.7,3.45545378851,6995749087,6852134071,11.7508773,12.16815946,2.49719215,9.9080036,9.48225301,0.98720997,3.43071475,2022-12-05 00:00:00
000333,000333.SZ,美的集团,10015250,069001002001,016127,白色家电,1239,336075786139.48,329176520770.84,48.04,-0.558890498862,6995749087,6852134071,11.35839327,11.76173804,2.41378492,9.57707229,9.16554194,0.95423676,3.3161275,2022-12-02 00:00:00
000333,000333.SZ,美的集团,10015250,069001002001,016127,白色家电,1239,337964638392.97,331026596970.01,48.31,0.919156047629,6995749087,6852134071,11.42223103,11.82784273,2.42735116,9.63089847,9.21705519,0.95959987,3.33476519,2022-12-01 00:00:00
000333,000333.SZ,美的集团,10015250,069001002001,016127,白色家电,1239,334886508794.69,328011657978.77,47.87,-1.135894258571,6995749087,6852134071,11.31819912,11.72011657,2.40524322,9.54318174,9.13310768,0.95085998,3.30439266,2022-11-30 00:00:00
000333,000333.SZ,美的集团,10015250,069001002001,016127,白色家电,1239,338734170792.54,331780331717.82,48.42,4.601425793908,6995749087,6852134071,11.44823901,11.85477427,2.43287814,9.65282765,9.23804207,0.96178484,3.34235832,2022-11-29 00:00:00
000333,000333.SZ,美的集团,10015250,069001002001,016127,白色家电,1239,323833225237.23,317185286146.59,46.29,-0.856714499893,6995749087,6852134071,10.94462999,11.33328172,2.32585562,9.22819893,8.8316598,0.91947584,3.19532768,2022-11-28 00:00:00
000333,000333.SZ,美的集团,10015250,069001002001,016127,白色家电,1239,326631524872.03,319926139774.99,46.69,1.698976257896,6995749087,6852134071,11.03920445,11.43121459,2.34595375,9.30794141,8.90797572,0.9274212,3.22293907,2022-11-25 00:00:00
000333,000333.SZ,美的集团,10015250,069001002001,016127,白色家电,1239,321174840584.17,314581475199.61,45.91,-0.799481417459,6995749087,6852134071,10.85478424,11.24024549,2.3067624,9.15244357,8.75915967,0.91192776,3.16909687,2022-11-24 00:00:00
000333,000333.SZ,美的集团,10015250,069001002001,016127,白色家电,1239,323763267746.36,317116764805.88,46.28,-0.043196544276,6995749087,6852134071,10.94226562,11.3308334,2.32535317,9.22620537,8.8297519,0.91927721,3.1946374,2022-11-23 00:00:00
000333,000333.SZ,美的集团,10015250,069001002001,016127,白色家电,1239,323903182728.1,317253807487.3,46.3,-0.086318515322,6995749087,6852134071,10.94699435,11.33573004,2.32635807,9.23019249,8.83356769,0.91967448,3.19601797,2022-11-22 00:00:00
000333,000333.SZ,美的集团,10015250,069001002001,016127,白色家电,1239,324183012691.58,317527892850.14,46.34,-3.397957056494,6995749087,6852134071,10.95645179,11.34552333,2.32836789,9.23816674,8.84119929,0.92046901,3.19877911,2022-11-21 00:00:00
000333,000333.SZ,美的集团,10015250,069001002001,016127,白色家电,1239,335586083703.39,328696871385.87,47.97,0.020850708924,6995749087,6852134071,11.34184274,11.74459979,2.41026775,9.56311736,9.15218666,0.95284632,3.31129551,2022-11-18 00:00:00
000333,000333.SZ,美的集团,10015250,069001002001,016127,白色家电,1239,335516126212.52,328628350045.16,47.96,-1.031778786628,6995749087,6852134071,11.33947838,11.74215147,2.4097653,9.5611238,9.15027876,0.95264769,3.31060522,2022-11-17 00:00:00
000333,000333.SZ,美的集团,10015250,069001002001,016127,白色家电,1239,339014000756.02,332054417080.66,48.46,-1.243122070512,6995749087,6852134071,11.45769646,11.86456756,2.43488795,9.6608019,9.24567366,0.96257938,3.34511946,2022-11-16 00:00:00
000333,000333.SZ,美的集团,10015250,069001002001,016127,白色家电,1239,343281407699.09,336234218863.97,49.07,2.65690376569,6995749087,6852134071,11.60192252,12.01391519,2.4655376,9.78240919,9.36205544,0.97469604,3.38722682,2022-11-15 00:00:00
000333,000333.SZ,美的集团,10015250,069001002001,016127,白色家电,1239,334396806358.6,327532008593.8,47.8,4.755643217182,6995749087,6852134071,11.30164859,11.70297832,2.40172605,9.5292268,9.11975239,0.94946955,3.29956067,2022-11-14 00:00:00
000333,000333.SZ,美的集团,10015250,069001002001,016127,白色家电,1239,319216030839.81,312662877659.73,45.63,6.190365371189,6995749087,6852134071,10.78858212,11.17169248,2.29269371,9.09662383,8.70573853,0.90636601,3.1497689,2022-11-11 00:00:00
000333,000333.SZ,美的集团,10015250,069001002001,016127,白色家电,1239,300607338268.39,294436201030.87,42.97,-0.162639405204,6995749087,6852134071,10.15966192,10.52043888,2.15904118,8.56633631,8.19823766,0.85352942,2.96615318,2022-11-10 00:00:00
000333,000333.SZ,美的集团,10015250,069001002001,016127,白色家电,1239,301097040704.48,294915850415.84,43.04,0.093023255814,6995749087,6852134071,10.17621246,10.53757713,2.16255835,8.58029125,8.21159295,0.85491986,2.97098517,2022-11-09 00:00:00
000333,000333.SZ,美的集团,10015250,069001002001,016127,白色家电,1239,300817210741,294641765053,43,-0.139340455179,6995749087,6852134071,10.16675501,10.52778384,2.16054854,8.572317,8.20396136,0.85412532,2.96822403,2022-11-08 00:00:00
000333,000333.SZ,美的集团,10015250,069001002001,016127,白色家电,1239,301236955686.22,295052893097.26,43.06,-0.069621721977,6995749087,6852134071,10.18094118,10.54247377,2.16356325,8.58427837,8.21540875,0.85531713,2.97236574,2022-11-07 00:00:00
000333,000333.SZ,美的集团,10015250,069001002001,016127,白色家电,1239,301446828158.83,295258457119.39,43.09,3.631553631554,6995749087,6852134071,10.18803426,10.54981874,2.16507061,8.59025906,8.22113244,0.85591303,2.97443659,2022-11-04 00:00:00
000333,000333.SZ,美的集团,10015250,069001002001,016127,白色家电,1239,290883247037.46,284911734672.18,41.58,-1.188212927757,6995749087,6852134071,9.83101566,10.18012214,2.08920019,8.28923118,7.93303984,0.82591933,2.87020361,2022-11-03 00:00:00
000333,000333.SZ,美的集团,10015250,069001002001,016127,白色家电,1239,294381121580.96,288337801707.68,42.08,1.153846153846,6995749087,6852134071,9.94923374,10.30253823,2.11432285,8.38890929,8.02843474,0.83585102,2.90471784,2022-11-02 00:00:00
000333,000333.SZ,美的集团,10015250,069001002001,016127,白色家电,1239,291023162019.2,285048777353.6,41.6,3.534096565455,6995749087,6852134071,9.83574438,10.18501879,2.0902051,8.29321831,7.93685564,0.82631659,2.87158418,2022-11-01 00:00:00
000333,000333.SZ,美的集团,10015250,069001002001,016127,白色家电,1239,281089198315.66,275318746972.78,40.18,-1.422963689892,6995749087,6852134071,9.50000503,9.83735709,2.01885675,8.01013249,7.66593412,0.79811059,2.77356376,2022-10-31 00:00:00
000333,000333.SZ,美的集团,10015250,069001002001,016127,白色家电,1239,285146732786.12,279292984733.96,40.76,-4.274307186473,6995749087,6852134071,9.64633857,9.97935975,2.04799903,8.12575909,7.85311764,0.80966805,2.81360027,2022-10-28 00:00:00
000333,000333.SZ,美的集团,10015250,069001002001,016127,白色家电,1239,297878996124.46,291763868743.18,42.58,0.282618935469,6995749087,6852134071,10.07706321,10.42495432,2.1394455,8.48858739,8.20377205,0.84582104,2.93923208,2022-10-27 00:00:00
000333,000333.SZ,美的集团,10015250,069001002001,016127,白色家电,1239,297039506234.02,290941612654.66,42.46,1.047120418848,6995749087,6852134071,10.04866378,10.39557446,2.13341607,8.46466465,8.18065198,0.84343733,2.93094866,2022-10-26 00:00:00
000333,000333.SZ,美的集团,10015250,069001002001,016127,白色家电,1239,293961376635.74,287926673663.42,42.02,-0.872847369663,6995749087,6852134071,9.94453255,10.2878483,2.11130813,8.37694791,8.09587839,0.83469705,2.90057614,2022-10-25 00:00:00
000333,000333.SZ,美的集团,10015250,069001002001,016127,白色家电,1239,296549803797.93,290461963269.69,42.39,-3.659090909091,6995749087,6852134071,10.03209745,10.37843621,2.12989889,8.45070971,8.16716527,0.84204683,2.92611667,2022-10-24 00:00:00
000333,000333.SZ,美的集团,10015250,069001002001,016127,白色家电,1239,308034452000,301492752968,44,-0.856241550248,7000783000,6852108022,10.42061603,10.78036765,2.21238467,8.77798502,8.4834596,0.87465724,3.03943801,2022-10-21 00:00:00
000333,000333.SZ,美的集团,10015250,069001002001,016127,白色家电,1239,310694749540,304096554016.36,44.38,-1.857585139319,7000783000,6852108022,10.51061226,10.87347082,2.23149162,8.85379489,8.55672584,0.8822111,3.0656877,2022-10-20 00:00:00
000333,000333.SZ,美的集团,10015250,069001002001,016127,白色家电,1239,316575407260,309852324754.84,45.22,-4.679595278246,7000783000,6852108022,10.7095513,11.07927784,2.27372806,9.0213746,8.7186828,0.8989091,3.12371333,2022-10-19 00:00:00
000333,000333.SZ,美的集团,10015250,069001002001,016127,白色家电,1239,332117145520,325064004563.68,47.44,-0.482483742396,7000783000,6852108022,11.23531874,11.62319639,2.38535292,9.46426385,9.1467119,0.94303954,3.27706679,2022-10-18 00:00:00
000333,000333.SZ,美的集团,10015250,069001002001,016127,白色家电,1239,333727325610,326639989408.74,47.67,-0.666805584497,7000783000,6852108022,11.28979014,11.67954831,2.39691766,9.51014877,9.19105725,0.94761161,3.29295477,2022-10-17 00:00:00
000333,000333.SZ,美的集团,10015250,069001002001,016127,白色家电,1239,335967576170,328832663975.78,47.99,1.976200594985,7000783000,6852108022,11.36557644,11.75795099,2.41300773,9.57398866,9.25275514,0.95397275,3.31505977,2022-10-14 00:00:00
000333,000333.SZ,美的集团,10015250,069001002001,016127,白色家电,1239,329456847980,322460203515.32,47.06,-2.506732960431,7000783000,6852108022,11.14532251,11.53009321,2.36624596,9.38845398,9.07344565,0.93548568,3.2508171,2022-10-13 00:00:00
000333,000333.SZ,美的集团,10015250,069001002001,016127,白色家电,1239,337927795410,330751254221.94,48.27,-0.206739714699,7000783000,6852108022,11.43188945,11.82655332,2.42708654,9.62984857,9.30674079,0.95953875,3.33440165,2022-10-12 00:00:00
000333,000333.SZ,美的集团,10015250,069001002001,016127,白色家电,1239,338627873710,331436465024.14,48.37,-0.677618069815,7000783000,6852108022,11.45557267,11.85105416,2.43211469,9.64979853,9.32602138,0.96152661,3.34130946,2022-10-11 00:00:00
000333,000333.SZ,美的集团,10015250,069001002001,016127,白色家电,1239,340938132100,333697660671.4,48.7,-1.237071587913,7000783000,6852108022,11.53372729,11.93190692,2.44870757,9.71563342,9.38964733,0.96808654,3.36410525,2022-10-10 00:00:00
000333,000333.SZ,美的集团,10015250,069001002001,016127,白色家电,1239,345208609730,337877446564.82,49.31,-2.356435643564,7000783000,6852108022,11.67819492,12.08136201,2.47937927,9.83732821,9.50725893,0.98021247,3.40624291,2022-09-30 00:00:00
000333,000333.SZ,美的集团,10015250,069001002001,016127,白色家电,1239,353400106051,345892019662,50.5,-1.309360953684,6998021902,6849346924,11.9553082,12.3680421,2.72547963,10.07075935,9.73285781,1.00347205,3.48707005,2022-09-29 00:00:00
000333,000333.SZ,美的集团,10015250,069001002001,016127,白色家电,1239,358088780725.34,350481082101.08,51.17,-0.986842105263,6998021902,6849346924,12.11392318,12.53213295,2.76163945,10.2043714,9.86198682,1.01678544,3.53333415,2022-09-28 00:00:00
000333,000333.SZ,美的集团,10015250,069001002001,016127,白色家电,1239,361657771895.36,353974249032.32,51.68,1.234084231146,6998021902,6849346924,12.23465996,12.65703793,2.7891641,10.3060761,9.96027904,1.02691952,3.56855011,2022-09-27 00:00:00
000333,000333.SZ,美的集团,10015250,069001002001,016127,白色家电,1239,357249018097.1,349659160470.2,51.05,-0.564861706272,6998021902,6849346924,12.08551453,12.50274355,2.75516307,10.18044088,9.83885923,1.01440095,3.52504805,2022-09-26 00:00:00
000333,000333.SZ,美的集团,10015250,069001002001,016127,白色家电,1239,359278444448.68,351645471078.16,51.34,-0.31067961165,6998021902,6849346924,12.15416878,12.57376795,2.77081434,10.23827297,9.89475089,1.02016347,3.5450728,2022-09-23 00:00:00
000333,000333.SZ,美的集团,10015250,069001002001,016127,白色家电,1239,360398127953,352741366586,51.5,-2.554399243141,6998021902,6849346924,12.19204698,12.61295382,2.77944952,10.27018032,9.92558767,1.02334278,3.55612095,2022-09-22 00:00:00
000333,000333.SZ,美的集团,10015250,069001002001,016127,白色家电,1239,369845457520.7,361987984933.4,52.85,-1.251868460389,6998021902,6849346924,12.51164433,12.94358465,2.85230888,10.53939864,10.18577298,1.05016827,3.64933965,2022-09-21 00:00:00
000333,000333.SZ,美的集团,10015250,069001002001,016127,白色家电,1239,374534132195.04,366577047372.48,53.52,-2.655511094944,6998021902,6849346924,12.67025931,13.10767551,2.8884687,10.6730107,10.31490198,1.06348166,3.69560375,2022-09-20 00:00:00
000333,000333.SZ,美的集团,10015250,069001002001,016127,白色家电,1239,384751244171.96,376577093881.52,54.98,-0.253991291727,6998021902,6849346924,13.01589792,13.46524662,2.96726475,10.96416532,10.59628757,1.09249294,3.79641805,2022-09-19 00:00:00
000333,000333.SZ,美的集团,10015250,069001002001,016127,白色家电,1239,385730967238.24,377536002450.88,55.12,-2.165424210153,6998021902,6849346924,13.04904135,13.49953426,2.97482053,10.99208426,10.62326975,1.09527484,3.80608518,2022-09-16 00:00:00
000333,000333.SZ,美的集团,10015250,069001002001,016127,白色家电,1239,394268553958.68,385892205698.16,56.34,0.733059181119,6998021902,6849346924,13.33786266,13.79832657,3.0406638,11.23537785,10.85840018,1.11951713,3.89032727,2022-09-15 00:00:00
000333,000333.SZ,美的集团,10015250,069001002001,016127,白色家电,1239,391399364978.86,383083973459.32,55.93,-0.991325898389,6998021902,6849346924,13.24079976,13.69791276,3.01853615,11.15361525,10.77938094,1.11137013,3.8620164,2022-09-14 00:00:00
000333,000333.SZ,美的集团,10015250,069001002001,016127,白色家电,1239,395318257243.98,386919607736.76,56.49,1.893939393939,6998021902,6849346924,13.37337347,13.83506333,3.04875929,11.265291,10.88730966,1.12249774,3.9006849,2022-09-13 00:00:00
000333,000333.SZ,美的集团,10015250,069001002001,016127,白色家电,1239,387970334246.88,379727793466.56,55.44,3.878583473862,6998021902,6849346924,13.12479776,13.57790602,2.9920909,11.05589897,10.68494331,1.10163347,3.82818146,2022-09-09 00:00:00
000333,000333.SZ,美的集团,10015250,069001002001,016127,白色家电,1239,373484428909.74,365549645333.88,53.37,0.603204524034,6998021902,6849346924,12.63474849,13.07093875,2.88037322,10.64309755,10.2859925,1.06050105,3.68524612,2022-09-08 00:00:00
000333,000333.SZ,美的集团,10015250,069001002001,016127,白色家电,1239,371245061901.1,363357854318.2,53.05,-0.766928544706,6998021902,6849346924,12.55899208,12.99256699,2.86310285,10.57928284,10.22431895,1.05414242,3.66314983,2022-09-07 00:00:00
000333,000333.SZ,美的集团,10015250,069001002001,016127,白色家电,1239,374114250880.92,366166086557.04,53.46,-0.631970260223,6998021902,6849346924,12.65605498,13.0929808,2.88523051,10.66104544,10.30333819,1.06228942,3.6914607,2022-09-06 00:00:00
000333,000333.SZ,美的集团,10015250,069001002001,016127,白色家电,1239,376493578327.6,368494864511.2,53.8,0.279589934762,6998021902,6849346924,12.73654617,13.17625079,2.90358027,10.72884857,10.36886634,1.06904547,3.714938,2022-09-05 00:00:00
000333,000333.SZ,美的集团,10015250,069001002001,016127,白色家电,1239,375443875042.3,367467462472.6,53.65,-2.649246960624,6998021902,6849346924,12.70103535,13.13951403,2.89548479,10.69893542,10.33995686,1.06606486,3.70458037,2022-09-02 00:00:00
000333,000333.SZ,美的集团,10015250,069001002001,016127,白色家电,1239,385660987019.22,377467508981.64,55.11,3.512396694215,6998021902,6849346924,13.04667396,13.49708515,2.97428084,10.99009005,10.62134245,1.09507613,3.80539467,2022-09-01 00:00:00
000333,000333.SZ,美的集团,10015250,069001002001,016127,白色家电,1239,372574686062.48,364659230233.76,53.24,1.797323135755,6998021902,6849346924,12.60397245,13.03910022,2.87335713,10.61717282,10.26093762,1.05791786,3.6762695,2022-08-31 00:00:00
000333,000333.SZ,美的集团,10015250,069001002001,016127,白色家电,1239,365996545474.6,358220844125.2,52.3,0.038255547054,6998021902,6849346924,12.49860697,12.8088832,2.82262543,10.42971711,10.6034232,1.04188657,3.61136166,2022-08-30 00:00:00
000333,000333.SZ,美的集团,10015250,069001002001,016127,白色家电,1239,365856585036.56,358083857186.72,52.28,0.095730423128,6998021902,6849346924,12.49382739,12.80398497,2.82154604,10.42572869,10.59936836,1.04148814,3.60998064,2022-08-29 00:00:00
000333,000333.SZ,美的集团,10015250,069001002001,016127,白色家电,1239,365506683941.46,357741389840.52,52.23,0,6998021902,6849346924,12.48187843,12.79173938,2.81884754,10.41575764,10.58923124,1.04049208,3.6065281,2022-08-26 00:00:00
000333,000333.SZ,美的集团,10015250,069001002001,016127,白色家电,1239,365506683941.46,357741389840.52,52.23,1.634559252773,6998021902,6849346924,12.48187843,12.79173938,2.81884754,10.41575764,10.58923124,1.04049208,3.6065281,2022-08-25 00:00:00
000333,000333.SZ,美的集团,10015250,069001002001,016127,白色家电,1239,359628345543.78,351987938424.36,51.39,-1.400613967767,6998021902,6849346924,12.28113599,12.58601353,2.77351283,10.24824402,10.41892769,1.02375814,3.54852535,2022-08-24 00:00:00
000333,000333.SZ,美的集团,10015250,069001002001,016127,白色家电,1239,364736901532.24,356987961678.88,52.12,-1.734539969834,6998021902,6849346924,12.45559073,12.76479909,2.81291085,10.39382133,10.56692958,1.03830073,3.5989325,2022-08-23 00:00:00
000333,000333.SZ,美的集团,10015250,069001002001,016127,白色家电,1239,371175081682.08,363289360848.96,53.04,0.817335107394,6998021902,6849346924,12.67545151,12.99011788,2.86256316,10.57728863,10.75345252,1.05662837,3.66245932,2022-08-22 00:00:00
000333,000333.SZ,美的集团,10015250,069001002001,016127,白色家电,1239,368165932264.22,360344141671.64,52.61,-0.01900418092,6998021902,6849346924,12.57269049,12.88480584,2.8393561,10.49153761,10.66627332,1.04806219,3.63276744,2022-08-19 00:00:00
000333,000333.SZ,美的集团,10015250,069001002001,016127,白色家电,1239,368235912483.24,360412635140.88,52.62,-1.516002245929,6998021902,6849346924,12.57508028,12.88725495,2.8398958,10.49353182,10.66830074,1.0482614,3.63345795,2022-08-18 00:00:00
000333,000333.SZ,美的集团,10015250,069001002001,016127,白色家电,1239,373904310223.86,365960606149.32,53.43,1.577946768061,6998021902,6849346924,12.76865336,13.08563345,2.88361141,10.65506281,10.83252202,1.0643977,3.68938917,2022-08-17 00:00:00
000333,000333.SZ,美的集团,10015250,069001002001,016127,白色家电,1239,368095952045.2,360275648202.4,52.6,-0.378787878788,6998021902,6849346924,12.5703007,12.88235672,2.8388164,10.4895434,10.6642459,1.04786298,3.63207693,2022-08-16 00:00:00
000333,000333.SZ,美的集团,10015250,069001002001,016127,白色家电,1239,369495556425.6,361645517587.2,52.8,-0.677200902935,6998021902,6849346924,12.61809652,12.93133906,2.84961038,10.52942759,10.70479436,1.05184725,3.64588711,2022-08-15 00:00:00
000333,000333.SZ,美的集团,10015250,069001002001,016127,白色家电,1239,372014844310.32,364111282479.84,53.16,0.453514739229,6998021902,6849346924,12.704129,13.01950728,2.86903954,10.60121915,10.77778159,1.05901893,3.67074543,2022-08-12 00:00:00
000333,000333.SZ,美的集团,10015250,069001002001,016127,白色家电,1239,370335319053.84,362467439218.08,52.92,2.103029133706,6998021902,6849346924,12.64677401,12.96072847,2.85608677,10.55335811,10.72912344,1.05423781,3.65417321,2022-08-11 00:00:00
000333,000333.SZ,美的集团,10015250,069001002001,016127,白色家电,1239,362707475180.66,355001651070.92,51.83,-1.576148879605,6998021902,6849346924,12.38628679,12.69377469,2.79725958,10.33598925,10.50813431,1.03252354,3.57890774,2022-08-10 00:00:00
000333,000333.SZ,美的集团,10015250,069001002001,016127,白色家电,1239,368515833359.32,360686609017.84,52.66,0.438680144955,6998021902,6849346924,12.58463945,12.89705142,2.8420546,10.50150866,10.67641044,1.04905826,3.63621998,2022-08-09 00:00:00
000333,000333.SZ,美的集团,10015250,069001002001,016127,白色家电,1239,366906288321.86,359111259225.32,52.43,-1.01944496885,6998021902,6849346924,12.52967425,12.84072173,2.82964152,10.45564183,10.6297797,1.04447635,3.62033828,2022-08-08 00:00:00
000333,000333.SZ,美的集团,10015250,069001002001,016127,白色家电,1239,370685220148.94,362809906564.28,52.97,0.895238095238,6998021902,6849346924,12.65872297,12.97297406,2.85878526,10.56332916,10.73926055,1.05523388,3.65762576,2022-08-05 00:00:00
000333,000333.SZ,美的集团,10015250,069001002001,016127,白色家电,1239,367396149855,359590713510,52.5,0.478468899522,6998021902,6849346924,12.54640279,12.85786555,2.83341941,10.4696013,10.64397167,1.04587084,3.62517184,2022-08-04 00:00:00
000333,000333.SZ,美的集团,10015250,069001002001,016127,白色家电,1239,365646644379.5,357878376779,52.25,-2.518656716418,6998021902,6849346924,12.48665802,12.79663761,2.81992694,10.41974606,10.59328609,1.0408905,3.60790912,2022-08-03 00:00:00
000333,000333.SZ,美的集团,10015250,069001002001,016127,白色家电,1239,375093973947.2,367124995126.4,53.6,-1.849478117561,6998021902,6849346924,12.8092798,13.12726844,2.8927863,10.68896438,10.86698821,1.06778433,3.70112782,2022-08-02 00:00:00
000333,000333.SZ,美的集团,10015250,069001002001,016127,白色家电,1239,382161976068.22,374042835519.64,54.61,-0.672971989814,6998021902,6849346924,13.05064869,13.37462928,2.94729589,10.89037956,11.07175796,1.08790489,3.77086922,2022-08-01 00:00:00
000333,000333.SZ,美的集团,10015250,069001002001,016127,白色家电,1239,384751244171.96,376577093881.52,54.98,-1.381165919283,6998021902,6849346924,13.13907096,13.46524662,2.96726475,10.96416532,11.14677261,1.09527579,3.79641805,2022-07-29 00:00:00
000333,000333.SZ,美的集团,10015250,069001002001,016127,白色家电,1239,390139721036.5,381851091013,55.75,-0.304005722461,6998021902,6849346924,13.32308487,13.65382865,3.00882157,11.11771948,11.3028842,1.11061523,3.84958724,2022-07-28 00:00:00
000333,000333.SZ,美的集团,10015250,069001002001,016127,白色家电,1239,391329384759.84,383015479990.08,55.92,-2.578397212544,6998021902,6849346924,13.36371132,13.69546364,3.01799645,11.15162104,11.33735039,1.11400186,3.86132589,2022-07-27 00:00:00
000333,000333.SZ,美的集团,10015250,069001002001,016127,白色家电,1239,401686457174.8,393152513437.6,57.4,1.682905225864,6998021902,6849346924,13.71740039,14.057933,3.09787189,11.44676409,11.63740902,1.14348545,3.96352121,2022-07-26 00:00:00
000333,000333.SZ,美的集团,10015250,069001002001,016127,白色家电,1239,395038336367.9,386645633859.8,56.45,2.468687602106,6998021902,6849346924,13.49037024,13.82526686,3.04660049,11.25731416,11.44480382,1.12456017,3.89792286,2022-07-25 00:00:00
000333,000333.SZ,美的集团,10015250,069001002001,016127,白色家电,1239,385521026581.18,377330522043.16,55.09,0.364365093824,6998021902,6849346924,13.16535866,13.49218691,2.97320144,10.98610163,11.16907427,1.09746714,3.80401365,2022-07-22 00:00:00
000333,000333.SZ,美的集团,10015250,069001002001,016127,白色家电,1239,384121422200.78,375960652658.36,54.89,-0.974201695833,6998021902,6849346924,13.11756284,13.44320457,2.96240746,10.94621744,11.1285258,1.09348287,3.79020347,2022-07-21 00:00:00
000333,000333.SZ,美的集团,10015250,069001002001,016127,白色家电,1239,387900354027.86,379659299997.32,55.43,0.726876249319,6998021902,6849346924,13.24661156,13.5754569,2.9915512,11.05390476,11.23800666,1.10424039,3.82749095,2022-07-20 00:00:00
000333,000333.SZ,美的集团,10015250,069001002001,016127,白色家电,1239,385101145267.06,376919561227.72,55.03,-0.470247784409,6998021902,6849346924,13.15101992,13.47749221,2.96996324,10.97413637,11.15690973,1.09627185,3.7998706,2022-07-19 00:00:00
000333,000333.SZ,美的集团,10015250,069001002001,016127,白色家电,1239,386920630961.58,378263623262.73,55.29,0.163043478261,6998021902,6841447337,13.21315448,13.54116926,2.98399542,11.02598583,11.20962273,1.10145141,3.81782383,2022-07-18 00:00:00
000333,000333.SZ,美的集团,10015250,069001002001,016127,白色家电,1239,386290808990.4,377647893002.4,55.2,-1.779359430605,6998021902,6841447337,13.19164636,13.5191272,2.97913813,11.00803794,11.19137592,1.09965848,3.81160925,2022-07-15 00:00:00
000333,000333.SZ,美的集团,10015250,069001002001,016127,白色家电,1239,393288830892.4,384489340339.4,56.2,-3.602058319039,6998021902,6841447337,13.43062546,13.76403893,3.03310802,11.20745892,11.39411824,1.11957983,3.88066014,2022-07-14 00:00:00
000333,000333.SZ,美的集团,10015250,069001002001,016127,白色家电,1239,407980426816.6,398852129677.1,58.3,-2.995008319468,6997949002,6841374437,13.93233644,14.27820481,3.14641202,11.62612186,11.81975398,1.16140257,4.02562508,2022-07-13 00:00:00
000333,000333.SZ,美的集团,10015250,069001002001,016127,白色家电,1239,420576735020.2,411896968913.7,60.1,2.037351443124,6997949002,6853526937,14.36249434,14.71904132,3.24355681,11.98507587,12.18468635,1.19726062,4.14991539,2022-07-12 00:00:00
000333,000333.SZ,美的集团,10015250,069001002001,016127,白色家电,1239,412158395034.9,403654821506.4,58.9,0.546261522704,6997595841,6853222776,14.07501206,14.42442233,3.1786332,11.74518043,11.94079546,1.17329604,4.06684993,2022-07-11 00:00:00
000333,000333.SZ,美的集团,10015250,069001002001,016127,白色家电,1239,409919164365.78,401154391668.08,58.58,-0.204429301533,6997595841,6847975276,13.9985434,14.34605535,3.16136388,11.6813696,11.87592187,1.16692159,4.04475499,2022-07-08 00:00:00
000333,000333.SZ,美的集团,10015250,069001002001,016127,白色家电,1239,410758875866.7,401976148701.2,58.7,-0.978407557355,6997595841,6847975276,14.02721914,14.37544296,3.16783987,11.70529866,11.90024947,1.16931201,4.05304059,2022-07-07 00:00:00
000333,000333.SZ,美的集团,10015250,069001002001,016127,白色家电,1239,414817481454.48,405947974361.28,59.28,-0.436681222707,6997595841,6847975276,14.16581858,14.51748312,3.19914051,11.82095579,12.01783285,1.18086569,4.09308767,2022-07-06 00:00:00
000333,000333.SZ,美的集团,10015250,069001002001,016127,白色家电,1239,416620971101.14,407712562661.04,59.54,-0.717025179256,6997329041,6847708476,14.22740689,14.58060035,3.21304931,11.8723494,12.07008243,1.18599971,4.11088307,2022-07-05 00:00:00
000333,000333.SZ,美的集团,10015250,069001002001,016127,白色家电,1239,419629822588.77,410657077305.72,59.97,2.007144072121,6997329041,6847708476,14.33015773,14.68590196,3.23625407,11.95809194,12.15725299,1.19456504,4.14057201,2022-07-04 00:00:00
000333,000333.SZ,美的集团,10015250,069001002001,016127,白色家电,1239,411372974320.39,402576781304.04,58.79,-2.649445272396,6997329041,6847708476,14.04819031,14.39693474,3.1725759,11.72279848,11.91804074,1.17106017,4.05910003,2022-07-01 00:00:00
000333,000333.SZ,美的集团,10015250,069001002001,016127,白色家电,1239,422568700785.99,413533114865.64,60.39,1.889657499578,6997329041,6847708476,14.43051902,14.7887547,3.25891918,12.04184045,12.24239633,1.20293118,4.16957052,2022-06-30 00:00:00
000333,000333.SZ,美的集团,10015250,069001002001,016127,白色家电,1239,414715357448.07,405857203694.95,59.27,0.287648054146,6997053441,6847599185,14.1623311,14.51390905,3.13461723,11.81804558,12.01487418,1.18057497,4.09208,2022-06-29 00:00:00
000333,000333.SZ,美的集团,10015250,069001002001,016127,白色家电,1239,413525858363.1,404693111833.5,59.1,0,6997053441,6847599185,14.12171027,14.47227982,3.12562642,11.78414871,11.98041275,1.17718881,4.08034297,2022-06-28 00:00:00
000333,000333.SZ,美的集团,10015250,069001002001,016127,白色家电,1239,413525858363.1,404528122422.6,59.1,2.249134948097,6997053441,6844807486,14.12171027,14.47227982,3.12562642,11.78414871,11.98041275,1.17718881,4.08034297,2022-06-27 00:00:00
000333,000333.SZ,美的集团,10015250,069001002001,016127,白色家电,1239,404429688889.8,395629872690.8,57.8,3.232720128594,6997053441,6844807486,13.81108044,14.15393864,3.05687322,11.52493732,11.71688422,1.15129464,3.99058923,2022-06-24 00:00:00
000333,000333.SZ,美的集团,10015250,069001002001,016127,白色家电,1239,391765022161.59,383240771141.14,55.99,-0.017857142857,6997053441,6844807486,13.37858813,13.71070977,2.96114761,11.1640353,11.34997141,1.11524199,3.86562441,2022-06-23 00:00:00
000333,000333.SZ,美的集团,10015250,069001002001,016127,白色家电,1239,391834992696,383309219216,56,-2.251701867691,6997053441,6844807486,13.38097759,13.71315855,2.96167648,11.16602923,11.35199855,1.11544118,3.86631483,2022-06-22 00:00:00
000333,000333.SZ,美的集团,10015250,069001002001,016127,白色家电,1239,400861191634.89,392117417787.87,57.29,0.403084472485,6997053441,6844430403,13.68921796,14.02905095,3.02990081,11.42324669,11.61349994,1.14113616,3.95537815,2022-06-21 00:00:00
000333,000333.SZ,美的集团,10015250,069001002001,016127,白色家电,1239,399251869343.46,390543198795.18,57.06,4.200146092038,6997053441,6844430403,13.63426038,13.97272905,3.01773678,11.37738621,11.56687566,1.13655488,3.93949864,2022-06-20 00:00:00
000333,000333.SZ,美的集团,10015250,069001002001,016127,白色家电,1239,383158646429.16,374801008868.28,54.76,1.72766115549,6997053441,6844430403,13.08468451,13.40951004,2.8960965,10.91878144,11.10063287,1.09074212,3.78070357,2022-06-17 00:00:00
000333,000333.SZ,美的集团,10015250,069001002001,016127,白色家电,1239,376651386729.03,368435688593.49,53.83,-1.120499632623,6997053441,6844430403,12.8624647,13.18177365,2.84691151,10.7333456,10.9121086,1.07221783,3.71649513,2022-06-16 00:00:00
000333,000333.SZ,美的集团,10015250,069001002001,016127,白色家电,1239,380919589328.04,372610791139.32,54.44,5.852615205133,6997053441,6844430403,13.00822178,13.33114913,2.87917263,10.85497556,11.0357643,1.08436817,3.75861034,2022-06-15 00:00:00
000333,000333.SZ,美的集团,10015250,069001002001,016127,白色家电,1239,359858458470.63,352009055626.29,51.43,0.724637681159,6997053441,6844430403,12.28899424,12.59406686,2.71998252,10.25480149,10.42559438,1.02441321,3.55079592,2022-06-14 00:00:00
000333,000333.SZ,美的集团,10015250,069001002001,016127,白色家电,1239,357269548697.46,349476616377.18,51.06,-2.277511961722,6997053441,6844430403,12.20058421,12.50346206,2.7004143,10.18102594,10.3505901,1.01704333,3.52525063,2022-06-13 00:00:00
000333,000333.SZ,美的集团,10015250,069001002001,016127,白色家电,1239,365596042292.25,357621488556.75,52.25,-0.248186330661,6997053441,6844430403,12.48492998,12.79486668,2.76334993,10.41830406,10.59182007,1.04074645,3.60740982,2022-06-10 00:00:00
000333,000333.SZ,美的集团,10015250,069001002001,016127,白色家电,1239,366505659239.58,358511264509.14,52.38,-1.151160596339,6997053441,6844430403,12.51599296,12.8267008,2.77022525,10.4442252,10.61817293,1.04333587,3.61638519,2022-06-09 00:00:00
000333,000333.SZ,美的集团,10015250,069001002001,016127,白色家电,1239,370773861838.59,362686367054.97,52.99,-0.018867924528,6997053441,6844430403,12.66175004,12.97607627,2.80248637,10.56585516,10.74182863,1.05548621,3.6585004,2022-06-08 00:00:00
000333,000333.SZ,美的集团,10015250,069001002001,016127,白色家电,1239,370843832373,362754811359,53,0.397802614131,6997053441,6844430403,12.6641395,12.97852505,2.80301524,10.5678491,10.74385577,1.0556854,3.65919082,2022-06-07 00:00:00
000333,000333.SZ,美的集团,10015250,069001002001,016127,白色家电,1239,369374451150.39,361317480974.37,52.79,0.437595129376,6997053441,6844430403,12.61396084,12.92710071,2.79190895,10.52597649,10.70128577,1.05150249,3.64469214,2022-06-06 00:00:00
000333,000333.SZ,美的集团,10015250,069001002001,016127,白色家电,1239,367765128858.96,359743261981.68,52.56,-0.076045627376,6997053441,6844430403,12.55900325,12.87077881,2.77974492,10.48011601,10.65466149,1.04692122,3.62881263,2022-06-02 00:00:00
000333,000333.SZ,美的集团,10015250,069001002001,016127,白色家电,1239,379730090243.07,371447237970.81,54.27,-0.385462555066,6997053441,6844430403,12.96760096,13.2895199,2.87018183,10.82107869,11.00130288,1.08098201,3.74687331,2022-06-01 00:00:00
000333,000333.SZ,美的集团,10015250,069001002001,016127,白色家电,1239,381199471465.68,372884568355.44,54.48,2.022471910112,6997053441,6844430403,13.01777962,13.34094424,2.88128812,10.8629513,11.04387287,1.08516492,3.76137199,2022-05-31 00:00:00
000333,000333.SZ,美的集团,10015250,069001002001,016127,白色家电,1239,373642653749.4,365492583520.2,53.4,0.527108433735,6997053441,6844430403,12.75971791,13.07647619,2.82417007,10.64760645,10.82494147,1.06365284,3.68680735,2022-05-30 00:00:00
000333,000333.SZ,美的集团,10015250,069001002001,016127,白色家电,1239,371683478785.92,363576143007.36,53.12,-1.300631735414,6997053441,6844430403,12.69281302,13.00791039,2.80936169,10.5917763,10.76818148,1.05807563,3.66747578,2022-05-27 00:00:00
000333,000333.SZ,美的集团,10015250,069001002001,016127,白色家电,1239,376581416194.62,368367244289.46,53.82,0.786516853933,6997053441,6844430403,12.86007524,13.17932487,2.84638264,10.73135167,10.91008146,1.07201864,3.71580471,2022-05-26 00:00:00
000333,000333.SZ,美的集团,10015250,069001002001,016127,白色家电,1239,373642653749.4,365492583520.2,53.4,-0.725041829336,6997053441,6844430403,12.75971791,13.07647619,2.82417007,10.64760645,10.82494147,1.06365284,3.68680735,2022-05-25 00:00:00
000333,000333.SZ,美的集团,10015250,069001002001,016127,白色家电,1239,376371504591.39,368161911377.37,53.79,-0.957466396612,6997053441,6844430403,12.85290686,13.17197854,2.84479603,10.72536986,10.90400003,1.07142109,3.71373347,2022-05-24 00:00:00
000333,000333.SZ,美的集团,10015250,069001002001,016127,白色家电,1239,380009972380.71,371721015186.93,54.31,-4.551845342707,6997053441,6844430403,12.9771588,13.29931501,2.87229731,10.82905442,11.00941145,1.08177875,3.74963497,2022-05-23 00:00:00
000333,000333.SZ,美的集团,10015250,069001002001,016127,白色家电,1239,398132340792.9,389448089930.7,56.9,1.934790397707,6997053441,6844430403,13.59602901,13.93354859,3.00927485,11.34548327,11.53444138,1.13336791,3.92845203,2022-05-20 00:00:00
000333,000333.SZ,美的集团,10015250,069001002001,016127,白色家电,1239,390575523076.62,382056105095.46,55.82,-1.430337277062,6997053441,6844430403,13.3379673,13.66908054,2.9521568,11.13013842,11.31550998,1.11185583,3.85388739,2022-05-19 00:00:00
000333,000333.SZ,美的集团,10015250,069001002001,016127,白色家电,1239,396243136363.83,387600093721.89,56.63,-1.324272521345,6997053441,6844430403,13.53151358,13.86743158,2.99499534,11.29164706,11.47970853,1.12798989,3.90981087,2022-05-18 00:00:00
000333,000333.SZ,美的集团,10015250,069001002001,016127,白色家电,1239,401560896978.99,392801860828.17,57.39,2.11743772242,6997053441,6844430403,13.71311257,14.05353873,3.03518952,11.44318603,11.63377137,1.14312802,3.96228228,2022-05-17 00:00:00
000333,000333.SZ,美的集团,10015250,069001002001,016127,白色家电,1239,393234403384.2,384656988648.6,56.2,-1.42080336783,6997053441,6844430403,13.42876679,13.76213411,2.97225389,11.20590791,11.3925414,1.11942489,3.88012309,2022-05-16 00:00:00
000333,000333.SZ,美的集团,10015250,069001002001,016127,白色家电,1239,398902016671.41,390200977275.03,57.01,2.278435593828,6997053441,6844430403,13.62231307,13.96048516,3.01509243,11.36741655,11.55673995,1.13555895,3.93604658,2022-05-13 00:00:00
000333,000333.SZ,美的集团,10015250,069001002001,016127,白色家电,1239,390015758801.34,381508550663.22,55.74,-1.658433309809,6997053441,6844430403,13.31885162,13.64949031,2.94792584,11.11418695,11.29929284,1.11026234,3.84836408,2022-05-12 00:00:00
000333,000333.SZ,美的集团,10015250,069001002001,016127,白色家电,1239,396592989035.88,387942315242.04,56.68,0.141342756184,6997053441,6844430403,13.54346089,13.87967547,2.99763969,11.30161673,11.48984424,1.12898582,3.91326293,2022-05-11 00:00:00
000333,000333.SZ,美的集团,10015250,069001002001,016127,白色家电,1239,396033224760.6,387394760809.8,56.6,0.425833924769,6997053441,6844430403,13.5243452,13.86008524,2.99340873,11.28566526,11.4736271,1.12739233,3.90773963,2022-05-10 00:00:00
000333,000333.SZ,美的集团,10015250,069001002001,016127,白色家电,1239,394353931934.76,385752097513.08,56.36,-3.161512027491,6997053441,6844430403,13.46699816,13.80131457,2.98071583,11.23781085,11.42497568,1.12261187,3.89116971,2022-05-09 00:00:00
000333,000333.SZ,美的集团,10015250,069001002001,016127,白色家电,1239,407228510266.2,398345849454.6,58.2,-0.851788756388,6997053441,6844430403,13.90665885,14.25188977,3.07802805,11.60469467,11.79796992,1.15926208,4.01820577,2022-05-06 00:00:00
000333,000333.SZ,美的集团,10015250,069001002001,016127,白色家电,1239,410727036986.7,401768064656.1,58.7,2.820108600455,6997053441,6844430403,14.02613186,14.37432869,3.10447159,11.70439136,11.89932705,1.16922138,4.05272643,2022-05-05 00:00:00
000333,000333.SZ,美的集团,10015250,069001002001,016127,白色家电,1239,399461780946.69,390748531707.27,57.09,7.150900900901,6997053441,6844430403,13.93799455,13.98007538,3.01932339,11.38336802,12.31415882,1.20720092,3.94156988,2022-04-29 00:00:00
000333,000333.SZ,美的集团,10015250,069001002001,016127,白色家电,1239,372803007336.48,364671251871.84,53.28,0.338983050847,6997053441,6844430403,13.00781835,13.04709085,2.81782362,10.62367924,11.49235211,1.12663628,3.67852239,2022-04-28 00:00:00
000333,000333.SZ,美的集团,10015250,069001002001,016127,白色家电,1239,371543537717.1,363439254399.3,53.1,2.529445838965,6997053441,6844430403,12.96387302,13.00301284,2.80830395,10.58778843,11.4535266,1.12283008,3.66609495,2022-04-27 00:00:00
000333,000333.SZ,美的集团,10015250,069001002001,016127,白色家电,1239,362377397709.39,354473050571.37,51.79,-5.956055928818,6997053441,6844430403,12.64404866,12.68222288,2.73902187,10.32658311,11.17096313,1.09512937,3.5756508,2022-04-26 00:00:00
000333,000333.SZ,美的集团,10015250,069001002001,016127,白色家电,1239,385327732995.87,376922782293.21,55.07,-3.335088643146,6997053441,6844430403,13.44483027,13.48542216,2.91249149,10.98059339,11.87845027,1.16448686,3.80210638,2022-04-25 00:00:00
000333,000333.SZ,美的集团,10015250,069001002001,016127,白色家电,1239,398622134533.77,389927200058.91,56.97,1.677672675352,6997053441,6844430403,13.90869766,13.95069004,3.01297694,11.35944081,12.28827514,1.20466345,3.93328492,2022-04-22 00:00:00
000333,000333.SZ,美的集团,10015250,069001002001,016127,白色家电,1239,392044904299.23,383493435480.09,56.03,-2.658095899931,6997053441,6844430403,13.67920537,13.72050488,2.96326309,11.17201103,12.08551968,1.18478661,3.86838607,2022-04-21 00:00:00
000333,000333.SZ,美的集团,10015250,069001002001,016127,白色家电,1239,402750396063.96,393965413996.68,57.56,0.453752181501,6997053441,6844430403,14.0527407,14.09516796,3.04418032,11.4770829,12.41553655,1.21713934,3.97401931,2022-04-20 00:00:00
000333,000333.SZ,美的集团,10015250,069001002001,016127,白色家电,1239,401089412908.2,392185862091.9,57.3,-0.468994267848,6999815234,6844430403,13.99478578,14.03703807,3.03162582,11.42975026,12.36433363,1.21211974,3.95763005,2022-04-19 00:00:00
000333,000333.SZ,美的集团,10015250,069001002001,016127,白色家电,1239,402669711607.8,393658919628.63,57.57,-1.841432225064,6994436540,6837917659,14.04992546,14.09234423,3.04357047,11.47478366,12.4130493,1.21689551,3.97322318,2022-04-18 00:00:00
000333,000333.SZ,美的集团,10015250,069001002001,016127,白色家电,1239,410223703071,401043870700.35,58.65,-0.119209809264,6994436540,6837917659,14.31349884,14.35671337,3.10066715,11.69004797,12.64591526,1.23972419,4.04775994,2022-04-15 00:00:00
000333,000333.SZ,美的集团,10015250,069001002001,016127,白色家电,1239,410713313628.8,401522524936.48,58.72,3.800601025278,6994436540,6837917659,14.3305823,14.37384841,3.10436787,11.70400029,12.66100842,1.24120383,4.05259102,2022-04-14 00:00:00
000333,000333.SZ,美的集团,10015250,069001002001,016127,白色家电,1239,395675275067.8,386821001969.63,56.57,-1.514623955432,6994436540,6837917659,13.80587603,13.84755798,2.99070317,11.27546485,12.19743267,1.19575784,3.90420767,2022-04-13 00:00:00
000333,000333.SZ,美的集团,10015250,069001002001,016127,白色家电,1239,401760434857.6,392769990332.96,57.44,3.757225433526,6994436540,6837917659,14.01819904,14.06052201,3.03669772,11.44887221,12.38501914,1.21414761,3.96425116,2022-04-12 00:00:00
000333,000333.SZ,美的集团,10015250,069001002001,016127,白色家电,1239,387212006854.4,378547121602.24,55.36,-3.436246293389,6994436540,6837917659,13.51057623,13.55136662,2.92673374,11.0342891,11.93653655,1.17018126,3.82069889,2022-04-11 00:00:00
000333,000333.SZ,美的集团,10015250,069001002001,016127,白色家电,1239,400991046838.2,392017819390.47,57.33,-0.641247833622,6994436540,6837917659,13.9913536,14.03359553,3.03088232,11.42694715,12.36130131,1.21182247,3.95665946,2022-04-08 00:00:00
000333,000333.SZ,美的集团,10015250,069001002001,016127,白色家电,1239,403578988358,394547848924.3,57.7,-1.215545283342,6994436540,6837917659,14.08165189,14.12416644,3.05044322,11.5006951,12.44107946,1.21964341,3.9821952,2022-04-07 00:00:00
000333,000333.SZ,美的集团,10015250,069001002001,016127,白色家电,1239,408545038301.4,399402770462.19,58.41,-0.324232081911,6994436540,6837917659,14.25492698,14.29796467,3.087979,11.64221146,12.59416727,1.23465115,4.03119621,2022-04-06 00:00:00
000333,000333.SZ,美的集团,10015250,069001002001,016127,白色家电,1239,409873981244,400701974817.4,58.6,2.80701754386,6994436540,6837917659,14.30129637,14.34447406,3.09802379,11.68008203,12.63513443,1.23866731,4.04430916,2022-04-01 00:00:00
000333,000333.SZ,美的集团,10015250,069001002001,016127,白色家电,1239,398682882780,389761306563,57,0,6994436540,6837917659,13.91081729,13.95281607,3.01343611,11.36117194,12.29014782,1.20484704,3.93388434,2022-03-31 00:00:00
000333,000333.SZ,美的集团,10015250,069001002001,016127,白色家电,1239,398682882780,389761306563,57,4.300091491308,6994436540,6837917659,13.91081729,13.95281607,3.19283153,11.36117194,12.29014782,1.20484704,3.93388434,2022-03-30 00:00:00
000333,000333.SZ,美的集团,10015250,069001002001,016127,白色家电,1239,382245956911,373692200064.35,54.65,-2.060931899642,6994436540,6837917659,13.33730114,13.37756839,3.06119724,10.89277275,11.78344875,1.15517352,3.77169788,2022-03-29 00:00:00
000333,000333.SZ,美的集团,10015250,069001002001,016127,白色家电,1239,390289558932,381555805372.2,55.8,-0.51702620788,6994436540,6837917659,13.61795798,13.65907257,3.12561402,11.12198937,12.03140787,1.17948184,3.85106572,2022-03-28 00:00:00
000333,000333.SZ,美的集团,10015250,069001002001,016127,白色家电,1239,392317945528.6,383538801493.31,56.09,-2.587704063911,6994436540,6837917659,13.68873231,13.73006058,3.14185825,11.17979183,12.09393669,1.18561176,3.87108022,2022-03-25 00:00:00
000333,000333.SZ,美的集团,10015250,069001002001,016127,白色家电,1239,402739655973.2,393727298805.22,57.58,-0.724137931034,6994436540,6837917659,14.05236595,14.09479209,3.22531999,11.47677685,12.41520547,1.21710689,3.97391334,2022-03-24 00:00:00
000333,000333.SZ,美的集团,10015250,069001002001,016127,白色家电,1239,405677319320,396599224222,58,-0.990099009901,6994436540,6837917659,14.15486671,14.19760231,3.24884611,11.56049075,12.50576445,1.22598471,4.00289985,2022-03-23 00:00:00
000333,000333.SZ,美的集团,10015250,069001002001,016127,白色家电,1239,409734092513.2,400565216464.22,58.58,0.222412318221,6994436540,6837917659,14.29641538,14.33957834,3.28133457,11.67609565,12.6308221,1.23824455,4.04292885,2022-03-22 00:00:00
000333,000333.SZ,美的集团,10015250,069001002001,016127,白色家电,1239,408824815763,399676287168.55,58.45,-0.764006791171,6994436540,6837917659,14.26468896,14.30775612,3.27405268,11.65018421,12.60279193,1.23549666,4.03395683,2022-03-21 00:00:00
000333,000333.SZ,美的集团,10015250,069001002001,016127,白色家电,1239,411972312206,402753350115.1,58.9,0.340715502555,6994436540,6837917659,14.3745112,14.41790993,3.29925924,11.73987767,12.69981942,1.24500861,4.06501382,2022-03-18 00:00:00
000333,000333.SZ,美的集团,10015250,069001002001,016127,白色家电,1239,410573424898,401385766583.3,58.7,3.000526408142,6994436540,6837917659,14.32570131,14.36895269,3.28805632,11.70001391,12.65669609,1.24078107,4.05121071,2022-03-17 00:00:00
000333,000333.SZ,美的集团,10015250,069001002001,016127,白色家电,1239,398612938414.6,389692927386.41,56.99,4.761029411765,6994436540,6837917659,13.90837679,13.9503682,3.19227138,11.35917875,12.28799166,1.20463566,3.93319418,2022-03-16 00:00:00
000333,000333.SZ,美的集团,10015250,069001002001,016127,白色家电,1239,380497347776,371982720649.6,54.4,-4.039513141648,6994436540,6837917659,13.27628878,13.31637182,3.0471936,10.84294304,11.72954459,1.1498891,3.754444,2022-03-15 00:00:00
000333,000333.SZ,美的集团,10015250,069001002001,016127,白色家电,1239,396514607452.6,387641552088.71,56.69,-4.530144829909,6994436540,6837917659,13.83516197,13.87693233,3.175467,11.29938311,12.22330667,1.19829436,3.91248953,2022-03-14 00:00:00
000333,000333.SZ,美的集团,10015250,069001002001,016127,白色家电,1239,415329641745.2,406035550591.42,59.38,0.866315610668,6994436540,6837917659,14.49165492,14.53540733,3.32614624,11.8355507,12.8033154,1.25515469,4.09814126,2022-03-11 00:00:00
000333,000333.SZ,美的集团,10015250,069001002001,016127,白色家电,1239,411762479109.8,402548212585.33,58.87,-1.092069892473,6994436540,6837917659,14.36718971,14.41056635,3.2975788,11.73389811,12.69335092,1.24437448,4.06294335,2022-03-10 00:00:00
000333,000333.SZ,美的集团,10015250,069001002001,016127,白色家电,1239,415840279994.88,406523085797.76,59.52,-0.401606425703,6986563844,6830024963,14.50947208,14.55327828,3.33023567,11.85010223,12.81905678,1.25669787,4.10317983,2022-03-09 00:00:00
000333,000333.SZ,美的集团,10015250,069001002001,016127,白色家电,1239,417517055317.44,408162291788.88,59.76,-4.399296112622,6986563844,6830024963,14.56797801,14.61196086,3.34366403,11.89788491,12.87074653,1.2617652,4.11972491,2022-03-08 00:00:00
000333,000333.SZ,美的集团,10015250,069001002001,016127,白色家电,1239,436730105888.44,426944860437.13,62.51,-4.710365853659,6986563844,6830024963,15.23835853,15.28436535,3.49753077,12.44539467,13.46302485,1.31982836,4.30930395,2022-03-07 00:00:00
000333,000333.SZ,美的集团,10015250,069001002001,016127,白色家电,1239,458318588166.4,448049637572.8,65.6,-1.604919754012,6986563844,6830024963,15.99162245,16.03990348,3.67042103,13.06059655,14.12853032,1.38507023,4.52232186,2022-03-04 00:00:00
000333,000333.SZ,美的集团,10015250,069001002001,016127,白色家电,1239,465794211479.48,455357764283.21,66.67,-0.373580394501,6986563844,6830024963,16.25246142,16.30152996,3.73028918,13.27362762,14.35898044,1.40766208,4.59608534,2022-03-03 00:00:00
000333,000333.SZ,美的集团,10015250,069001002001,016127,白色家电,1239,467540852440.48,457065270523.96,66.92,-2.063515293429,6986563844,6830024963,16.3134051,16.36265764,3.74427706,13.32340124,14.41282392,1.41294055,4.6133198,2022-03-02 00:00:00
000333,000333.SZ,美的集团,10015250,069001002001,016127,白色家电,1239,477391907460.52,466695605721.79,68.33,2.413069544365,6986563844,6830024963,16.65712747,16.70741776,3.82316873,13.60412442,14.71650117,1.44271111,4.71052214,2022-03-01 00:00:00
000333,000333.SZ,美的集团,10015250,069001002001,016127,白色家电,1239,466143539671.68,455699265531.36,66.72,-2.055196711685,6986563844,6830024963,16.26465015,16.31375549,3.73308675,13.28358234,14.36974913,1.40871777,4.59953223,2022-02-28 00:00:00
000333,000333.SZ,美的集团,10015250,069001002001,016127,白色家电,1239,475924729053.28,465261300479.56,68.12,-0.263543191801,6986563844,6830024963,16.60593478,16.65607051,3.81141891,13.56231459,14.67127265,1.4382772,4.6960452,2022-02-25 00:00:00
000333,000333.SZ,美的集团,10015250,069001002001,016127,白色家电,1239,477182310545.2,466490704972.9,68.3,-3.093076049943,6986563844,6830024963,16.64981423,16.70008244,3.82149019,13.59815159,14.71003995,1.4420777,4.70845401,2022-02-24 00:00:00
000333,000333.SZ,美的集团,10015250,069001002001,016127,白色家电,1239,492413019725.12,481380159392.24,70.48,0.441784238278,6986563844,6830024963,17.18124315,17.23311582,3.94346454,14.03217751,15.17955514,1.48810595,4.85873848,2022-02-23 00:00:00
000333,000333.SZ,美的集团,10015250,069001002001,016127,白色家电,1239,490247184933.48,479262851653.71,70.17,-3.480055020633,6986563844,6830024963,17.10567298,17.15731749,3.92611957,13.97045823,15.11278922,1.48156065,4.83736776,2022-02-22 00:00:00
000333,000333.SZ,美的集团,10015250,069001002001,016127,白色家电,1239,507923191458.8,496542814810.1,72.7,-0.41095890411,6986563844,6830024963,17.72242305,17.77592962,4.06767696,14.47416721,15.65768528,1.53497875,5.01178047,2022-02-21 00:00:00
000333,000333.SZ,美的集团,10015250,069001002001,016127,白色家电,1239,510019160612,498591822299,73,1.010101010101,6986563844,6830024963,17.79555547,17.84928284,4.08446243,14.53389555,15.72229746,1.54131291,5.03246182,2022-02-18 00:00:00
000333,000333.SZ,美的集团,10015250,069001002001,016127,白色家电,1239,504918969005.88,493605904076.01,72.27,-1.405184174625,6986563844,6830024963,17.61759992,17.67079001,4.0436178,14.38855659,15.56507449,1.52589978,4.98213721,2022-02-17 00:00:00
000333,000333.SZ,美的集团,10015250,069001002001,016127,白色家电,1239,512115129765.2,500640829787.9,73.3,1.763154241288,6986563844,6830024963,17.86868789,17.92263606,4.10124789,14.59362389,15.78690964,1.54764708,5.05314317,2022-02-16 00:00:00
000333,000333.SZ,美的集团,10015250,069001002001,016127,白色家电,1239,503242193683.32,491966698084.89,72.03,-1.328767123288,6986563844,6830024963,17.55909398,17.61210744,4.03018943,14.34077392,15.51338474,1.52083245,4.96559213,2022-02-15 00:00:00
000333,000333.SZ,美的集团,10015250,069001002001,016127,白色家电,1239,510019160612,498591822299,73,-1.537631507958,6986563844,6830024963,17.79555547,17.84928284,4.08446243,14.53389555,15.72229746,1.54131291,5.03246182,2022-02-14 00:00:00
000333,000333.SZ,美的集团,10015250,069001002001,016127,白色家电,1239,517983843394.16,506378050756.82,74.14,0.665308893415,6986563844,6830024963,18.07345867,18.12802506,4.14824718,14.76086323,15.96782375,1.56538273,5.11105095,2022-02-11 00:00:00
000333,000333.SZ,美的集团,10015250,069001002001,016127,白色家电,1239,514560427110.6,503031338524.95,73.65,-3.838621229926,6986563844,6830024963,17.95400905,18.00821481,4.12083093,14.66330695,15.86229052,1.55503693,5.07727142,2022-02-10 00:00:00
000333,000333.SZ,美的集团,10015250,069001002001,016127,白色家电,1239,535100924811.96,523111611916.17,76.59,3.082099596231,6986563844,6830024963,18.67070676,18.72707634,4.28532845,15.24864466,16.4954899,1.61711173,5.27994865,2022-02-09 00:00:00
000333,000333.SZ,美的集团,10015250,069001002001,016127,白色家电,1239,519101693609.2,507470854750.9,74.3,-0.53547523427,6986563844,6830024963,18.11246262,18.16714678,4.15719943,14.79271835,16.00228358,1.56876095,5.12208101,2022-02-08 00:00:00
000333,000333.SZ,美的集团,10015250,069001002001,016127,白色家电,1239,521896319146.8,510202864736.1,74.7,2.049180327869,6986563844,6830024963,18.20997252,18.26495107,4.17958004,14.87235613,16.08843316,1.5772065,5.14965614,2022-02-07 00:00:00
000333,000333.SZ,美的集团,10015250,069001002001,016127,白色家电,1239,511416473380.8,499957827291.6,73.2,-2.165196471532,6986563844,6830024963,17.84431042,17.89818498,4.09565273,14.57371444,15.76537225,1.54553569,5.04624939,2022-01-28 00:00:00
000333,000333.SZ,美的集团,10015250,069001002001,016127,白色家电,1239,522734706808.08,511022467731.66,74.82,-2.208861586721,6986563844,6830024963,18.23922549,18.29429236,4.18629423,14.89624747,16.11427803,1.57974017,5.15792868,2022-01-27 00:00:00
000333,000333.SZ,美的集团,10015250,069001002001,016127,白色家电,1239,534541999704.44,522565209919.13,76.51,0.870138431114,6986563844,6830024963,18.65120478,18.70751548,4.28085233,15.2327171,16.47825998,1.61542262,5.27443362,2022-01-26 00:00:00
000333,000333.SZ,美的集团,10015250,069001002001,016127,白色家电,1239,529930867567.4,518057393443.55,75.85,-1.595744680851,6986563844,6830024963,18.49031346,18.5461384,4.24392431,15.10131476,16.33611318,1.60148746,5.22893465,2022-01-25 00:00:00
000333,000333.SZ,美的集团,10015250,069001002001,016127,白色家电,1239,538524341095.52,526458324148.04,77.08,-0.426301511433,6986563844,6830024963,18.79015638,18.84688659,4.31274471,15.34620095,16.60102313,1.62745753,5.31372818,2022-01-24 00:00:00
000333,000333.SZ,美的集团,10015250,069001002001,016127,白色家电,1239,540829907164.04,528712232385.83,77.41,-1.539048588146,6986563844,6830024963,18.87060204,18.92757513,4.33120872,15.41190212,16.67209653,1.6344251,5.33647767,2022-01-21 00:00:00
000333,000333.SZ,美的集团,10015250,069001002001,016127,白色家电,1239,549283649415.28,536976562591.06,78.62,4.506181044796,6986563844,6830024963,19.16556947,19.22343311,4.39891008,15.65280641,16.93269899,1.65997289,5.41989245,2022-01-20 00:00:00
000333,000333.SZ,美的集团,10015250,069001002001,016127,白色家电,1239,525599197984.12,513822777966.49,75.23,2.633015006821,6986563844,6830024963,18.33917313,18.39454175,4.20923436,14.9778762,16.20258134,1.58839686,5.18619319,2022-01-19 00:00:00
000333,000333.SZ,美的集团,10015250,069001002001,016127,白色家电,1239,512115129765.2,500640829787.9,73.3,0.369711077639,6986563844,6830024963,17.86868789,17.92263606,4.10124789,14.59362389,15.78690964,1.54764708,5.05314317,2022-01-18 00:00:00
000333,000333.SZ,美的集团,10015250,069001002001,016127,白色家电,1239,510228757527.32,498796723047.89,73.03,1.430555555556,6986563844,6830024963,17.80286871,17.85661816,4.08614097,14.53986838,15.72875868,1.54194633,5.03452996,2022-01-17 00:00:00
000333,000333.SZ,美的集团,10015250,069001002001,016127,白色家电,1239,503032596768,491761797336,72,-0.442477876106,6986563844,6830024963,17.55178074,17.60477212,4.02851089,14.33480109,15.50692352,1.52019904,4.96352399,2022-01-14 00:00:00
000333,000333.SZ,美的集团,10015250,069001002001,016127,白色家电,1239,505268297198.08,493947405324.16,72.32,-2.638664512655,6986563844,6830024963,17.62978865,17.68301555,4.04641538,14.39851132,15.57584318,1.52695548,4.9855841,2022-01-13 00:00:00
000333,000333.SZ,美的集团,10015250,069001002001,016127,白色家电,1239,518961962332.32,507334254251.64,74.28,-1.746031746032,6986563844,6830024963,18.10758713,18.16225657,4.1560804,14.78873646,15.9979761,1.56833867,5.12070225,2022-01-12 00:00:00
000333,000333.SZ,美的集团,10015250,069001002001,016127,白色家电,1239,528184226606.4,516349887202.8,75.6,-2.827763496144,6986563844,6830024963,18.42936978,18.48501072,4.22993643,15.05154115,16.2822697,1.59620899,5.21170019,2022-01-11 00:00:00
000333,000333.SZ,美的集团,10015250,069001002001,016127,白色家电,1239,543554667063.2,531375942121.4,77.8,0.025713551041,6986563844,6830024963,18.96567419,19.02293431,4.35302982,15.48954896,16.75609236,1.64265952,5.36336342,2022-01-10 00:00:00
000333,000333.SZ,美的集团,10015250,069001002001,016127,白色家电,1239,543414935786.32,531239341622.14,77.78,3.734329154441,6986563844,6830024963,18.96079869,19.0180441,4.35191079,15.48556707,16.75178488,1.64223724,5.36198467,2022-01-07 00:00:00
000333,000333.SZ,美的集团,10015250,069001002001,016127,白色家电,1239,523852557023.12,512115271725.74,74.98,-1.691359643372,6986563844,6830024963,18.27822944,18.33341407,4.19524647,14.92810258,16.14873786,1.58311839,5.16895873,2022-01-06 00:00:00
000333,000333.SZ,美的集团,10015250,069001002001,016127,白色家电,1239,532865224381.88,520926003928.01,76.27,1.207537154989,6986563844,6830024963,18.59269885,18.64883291,4.26742396,15.18493443,16.42657024,1.61035529,5.25788854,2022-01-05 00:00:00
000333,000333.SZ,美的集团,10015250,069001002001,016127,白色家电,1239,526507451283.84,514710681211.68,75.36,2.0999864517,6986563844,6830024963,18.37086384,18.42632815,4.21650806,15.00375847,16.23057996,1.59114166,5.19515511,2022-01-04 00:00:00
000333,000333.SZ,美的集团,10015250,069001002001,016127,白色家电,1239,515678277325.64,504124142519.03,73.81,-0.20281233099,6986563844,6830024963,17.99301301,18.04733653,4.12978317,14.69516206,15.89675035,1.55841515,3.6374398,2021-12-31 00:00:00
000333,000333.SZ,美的集团,10015250,069001002001,016127,白色家电,1239,516629723689.28,505052108050.52,73.96,-0.067558438049,6985258568,6828719687,18.02621081,18.97771414,4.3586213,17.47902963,15.92608047,1.56129049,3.64415102,2021-12-30 00:00:00
000333,000333.SZ,美的集团,10015250,069001002001,016127,白色家电,1239,516978986617.68,505393544034.87,74.01,-1.556264964086,6985258568,6828719687,18.03839727,18.99054385,4.36156791,17.49084617,15.93684716,1.56234599,3.64661461,2021-12-29 00:00:00
000333,000333.SZ,美的集团,10015250,069001002001,016127,白色家电,1239,525151739142.24,513383146068.66,75.18,2.915811088296,6985258568,6828719687,18.32356042,19.29075918,4.43051852,17.76735326,16.18878759,1.5870446,3.70426276,2021-12-28 00:00:00
000333,000333.SZ,美的集团,10015250,069001002001,016127,白色家电,1239,510273138392.4,498837973135.35,73.05,1.233370288248,6985258568,6828719687,17.80441725,18.74421333,4.30499305,17.26396855,15.7301268,1.54208045,3.59931357,2021-12-27 00:00:00
000333,000333.SZ,美的集团,10015250,069001002001,016127,白色家电,1239,503927274503.84,492631428850.88,72.16,0.403506330875,6983471099,6826932218,17.58299778,18.51110636,4.25145526,17.04927021,15.53450364,1.52290282,3.55455175,2021-12-24 00:00:00
000333,000333.SZ,美的集团,10015250,069001002001,016127,白色家电,1239,501902067885.13,490651618507.66,71.87,0.475325038445,6983471099,6826932218,17.5123344,18.43671305,4.23436931,16.98075181,15.47207285,1.5167825,3.54026655,2021-12-23 00:00:00
000333,000333.SZ,美的集团,10015250,069001002001,016127,白色家电,1239,499527687711.47,488330461553.54,71.53,-0.167480809491,6983471099,6826932218,17.42948768,18.34949332,4.21433751,16.90041988,15.39887813,1.50960696,3.52351839,2021-12-22 00:00:00
000333,000333.SZ,美的集团,10015250,069001002001,016127,白色家电,1239,500365704243.35,489149693419.7,71.65,2.915828784832,6983471099,6826932218,17.4587277,18.38027675,4.22140755,16.92877232,15.42471156,1.51213951,3.52942951,2021-12-21 00:00:00
000333,000333.SZ,美的集团,10015250,069001002001,016127,白色家电,1239,486189257912.38,475291021017.16,69.62,1.339155749636,6983471099,6826932218,16.96408405,17.85952362,4.10180592,16.44914346,14.987696,1.46929731,3.42943311,2021-12-20 00:00:00
000333,000333.SZ,美的集团,10015250,069001002001,016127,白色家电,1239,479764464501.3,469010243376.6,68.7,-2.414772727273,6983471099,6826932218,16.73991058,17.62351728,4.04760222,16.23177472,14.78963969,1.44988114,3.38411454,2021-12-17 00:00:00
000333,000333.SZ,美的集团,10015250,069001002001,016127,白色家电,1239,491636365369.6,480616028147.2,70.4,0.071073205402,6983471099,6826932218,17.15414417,18.05961596,4.14776123,16.63343436,15.15561331,1.48575884,3.46785537,2021-12-16 00:00:00
000333,000333.SZ,美的集团,10015250,069001002001,016127,白色家电,1239,491287191814.65,480274681536.3,70.35,-0.985221674877,6983471099,6826932218,17.14196083,18.04678953,4.14481537,16.62162084,15.14484938,1.48470362,3.4653924,2021-12-15 00:00:00
000333,000333.SZ,美的集团,10015250,069001002001,016127,白色家电,1239,496175621583.95,485053534088.9,71.05,-2.604523646333,6983471099,6826932218,17.31252761,18.22635957,4.18605732,16.7870101,15.2955444,1.49947679,3.49987392,2021-12-14 00:00:00
000333,000333.SZ,美的集团,10015250,069001002001,016127,白色家电,1239,509444216672.05,498024705303.1,72.95,1.460361613352,6983471099,6826932218,17.77549457,18.71376398,4.29799974,17.23592381,15.70457374,1.53957539,3.59346661,2021-12-13 00:00:00
000333,000333.SZ,美的集团,10015250,069001002001,016127,白色家电,1239,502111572018.1,490856426474.2,71.9,-0.443090556633,6983471099,6826932218,17.5196444,18.44440891,4.23613682,16.98783992,15.47853121,1.51741564,3.54174433,2021-12-10 00:00:00
000333,000333.SZ,美的集团,10015250,069001002001,016127,白色家电,1239,504346282769.78,493041044783.96,72.22,3.186169452779,6983471099,6826932218,17.59761779,18.52649807,4.25499028,17.06344644,15.54742036,1.52416909,3.55750731,2021-12-09 00:00:00
000333,000333.SZ,美的集团,10015250,069001002001,016127,白色家电,1239,488773142219.01,477816985937.82,69.99,-0.341734301581,6983471099,6826932218,17.05424078,17.95443922,4.12360523,16.5365635,15.06734909,1.47710599,3.44765905,2021-12-08 00:00:00
000333,000333.SZ,美的集团,10015250,069001002001,016127,白色家电,1239,490449175282.77,479455449670.14,70.23,2.420883768412,6983471099,6826932218,17.11272081,18.01600609,4.13774532,16.59326839,15.11901595,1.48217107,3.45948129,2021-12-07 00:00:00
000333,000333.SZ,美的集团,10015250,069001002001,016127,白色家电,1239,478856613258.43,468122742188.26,68.57,2.099463966647,6983471099,6826932218,16.70823389,17.59016855,4.039943,16.20105957,14.76165348,1.44713756,3.37771083,2021-12-06 00:00:00
000333,000333.SZ,美的集团,10015250,069001002001,016127,白色家电,1239,469009919008.84,458496767760.88,67.16,-0.856214939474,6983471099,6826932218,16.36466367,17.22846318,3.95686994,15.86791834,14.45811065,1.41738017,3.30825521,2021-12-03 00:00:00
000333,000333.SZ,美的集团,10015250,069001002001,016127,白色家电,1239,473060332246.26,462456388447.32,67.74,-0.616197183099,6983471099,6826932218,16.50599043,17.37724979,3.99104184,16.00495516,14.58297224,1.4296208,3.33682561,2021-12-02 00:00:00
000333,000333.SZ,美的集团,10015250,069001002001,016127,白色家电,1239,475993390107.84,465323699978.88,68.16,0.560637356152,6983471099,6826932218,16.6083305,17.48499181,4.015787,16.10418872,14.67338925,1.4384847,3.35751452,2021-12-01 00:00:00
000333,000333.SZ,美的集团,10015250,069001002001,016127,白色家电,1239,473339671090.22,462729465736.04,67.78,-0.572099163855,6983471099,6826932218,16.5157371,17.38751093,3.99339852,16.01440598,14.59158338,1.43046498,3.33879598,2021-11-30 00:00:00
000333,000333.SZ,美的集团,10015250,069001002001,016127,白色家电,1239,476291326615.24,465391969301.06,68.17,-0.930097369568,6986817172,6826932218,16.61872608,17.49593612,4.01830059,16.11426874,14.6825737,1.43938508,3.35961607,2021-11-29 00:00:00
000333,000333.SZ,美的集团,10015250,069001002001,016127,白色家电,1239,480383842770.51,469400393735.77,68.81,-0.477292450101,6981308571,6821688617,16.76152188,17.64626932,4.05282769,16.25273002,14.80873319,1.45175295,3.38848345,2021-11-26 00:00:00
000333,000333.SZ,美的集团,10015250,069001002001,016127,白色家电,1239,482687674598.94,471651550979.38,69.14,-1.43977191732,6981308571,6821688617,16.84190704,17.73089756,4.0722643,16.3306751,14.87975313,1.45871529,3.40473399,2021-11-25 00:00:00
000333,000333.SZ,美的集团,10015250,069001002001,016127,白色家电,1239,489738796255.65,478541456482.55,70.15,0.978839786958,6981308571,6821688617,17.08793431,17.98991125,4.13175211,16.56923428,15.09711718,1.48002426,3.45447049,2021-11-24 00:00:00
000333,000333.SZ,美的集团,10015250,069001002001,016127,白色家电,1239,484991506427.37,473902708222.99,69.47,-0.686204431737,6981308571,6821688617,16.92229219,17.81552579,4.09170091,16.40862018,14.95077307,1.46567762,3.42098453,2021-11-23 00:00:00
000333,000333.SZ,美的集团,10015250,069001002001,016127,白色家电,1239,488342534541.45,477177118759.15,69.95,-0.071428571429,6981308571,6821688617,17.03921604,17.93862141,4.11997235,16.52199484,15.0540748,1.47580466,3.44462168,2021-11-22 00:00:00
000333,000333.SZ,美的集团,10015250,069001002001,016127,白色家电,1239,488691599970,477518203190,70,-0.313301053831,6981308571,6821688617,17.05139561,17.95144387,4.12291729,16.5338047,15.06483539,1.47685956,3.44708388,2021-11-19 00:00:00
000333,000333.SZ,美的集团,10015250,069001002001,016127,白色家电,1239,490227487855.62,479018974685.74,70.22,-2.620995701012,6981308571,6821688617,17.10498571,18.00786269,4.13587503,16.58576809,15.11218202,1.48150112,3.45791757,2021-11-18 00:00:00
000333,000333.SZ,美的集团,10015250,069001002001,016127,白色家电,1239,503422161054.81,491911966171.87,72.11,-0.852468032449,6981308571,6821688617,17.56537339,18.49255168,4.24719379,17.03218081,15.51893257,1.52137633,3.55098884,2021-11-17 00:00:00
000333,000333.SZ,美的集团,10015250,069001002001,016127,白色家电,1239,507750572368.83,496141413114.41,72.73,0.344922737307,6981308571,6821688617,17.71640004,18.65155018,4.28371106,17.17862308,15.65236397,1.53445708,3.58152015,2021-11-16 00:00:00
000333,000333.SZ,美的集团,10015250,069001002001,016127,白色家电,1239,506005245226.08,494435990960.16,72.48,0.429541360676,6981308571,6821688617,17.6555022,18.58743788,4.26898636,17.11957378,15.59856099,1.52918259,3.56920914,2021-11-15 00:00:00
000333,000333.SZ,美的集团,10015250,069001002001,016127,白色家电,1239,503841039569.07,492321267488.89,72.17,0.18045530261,6981308571,6821688617,17.57998887,18.50793863,4.25072772,17.04635265,15.53184529,1.52264221,3.55394348,2021-11-12 00:00:00
000333,000333.SZ,美的集团,10015250,069001002001,016127,白色家电,1239,502933469454.84,491434447968.68,72.04,3.535498706525,6981308571,6821688617,17.548322,18.47460023,4.24307088,17.01564701,15.50386774,1.51989947,3.54754175,2021-11-11 00:00:00
000333,000333.SZ,美的集团,10015250,069001002001,016127,白色家电,1239,485759450370.18,474653093970.86,69.58,0.840579710145,6981308571,6821688617,16.94908724,17.84373521,4.09817978,16.43460187,14.97444638,1.4679984,3.42640137,2021-11-10 00:00:00
000333,000333.SZ,美的集团,10015250,069001002001,016127,白色家电,1239,481710291399,470696514573,69,-2.044293015332,6981308571,6821688617,16.80780424,17.69499467,4.06401847,16.29760749,14.84962346,1.45576157,3.39783982,2021-11-09 00:00:00
000333,000333.SZ,美的集团,10015250,069001002001,016127,白色家电,1239,491763375741.24,480519746181.48,70.44,-0.43816254417,6981308571,6821688617,17.15857581,18.06428152,4.14883277,16.63773147,15.15952864,1.48614268,3.46875126,2021-11-08 00:00:00
000333,000333.SZ,美的集团,10015250,069001002001,016127,白色家电,1239,493927581398.25,482634469652.75,70.75,0.04242081448,6981308571,6821688617,17.23408913,18.14378077,4.1670914,16.71095261,15.22624434,1.49268306,3.48401692,2021-11-05 00:00:00
000333,000333.SZ,美的集团,10015250,069001002001,016127,白色家电,1239,493718142141.12,482429818994.24,70.72,2.01961915753,6981308571,6821688617,17.22678139,18.13608729,4.16532444,16.70386669,15.21978799,1.49205012,3.4825396,2021-11-04 00:00:00
000333,000333.SZ,美的集团,10015250,069001002001,016127,白色家电,1239,483944310141.72,472879454930.44,69.32,-2.104222567434,6981308571,6821688617,16.88575348,17.77705841,4.08286609,16.3731906,14.91849128,1.46251293,3.41359792,2021-11-03 00:00:00
000333,000333.SZ,美的集团,10015250,069001002001,016127,白色家电,1239,494346459912.51,483043770969.77,70.81,-2.746875429199,6981308571,6821688617,17.24870462,18.15916772,4.17062533,16.72512444,15.23915706,1.49394894,3.48697156,2021-11-02 00:00:00
000333,000333.SZ,美的集团,10015250,069001002001,016127,白色家电,1239,508309077054.51,496687148203.77,72.81,5.874654645921,6981308571,6821688617,17.73588735,18.67206612,4.28842297,17.19751886,15.66958093,1.53614492,3.58545967,2021-11-01 00:00:00
000333,000333.SZ,美的集团,10015250,069001002001,016127,白色家电,1239,480104590427.67,469127526191.09,68.77,0.954198473282,6981308571,6821688617,16.9625968,17.63601136,4.05047174,16.24328213,15.32507784,1.49641118,3.38651369,2021-10-29 00:00:00
000333,000333.SZ,美的集团,10015250,069001002001,016127,白色家电,1239,475566739856.52,464693428590.04,68.12,1.671641791045,6981308571,6821688617,16.8022698,17.46931938,4.01218751,16.08975395,15.18022834,1.4822674,3.35450505,2021-10-28 00:00:00
000333,000333.SZ,美的集团,10015250,069001002001,016127,白色家电,1239,467747674257,457053137339,67,-4.31305341331,6981308571,6821688617,16.52601405,17.18209628,3.94622083,15.82521307,14.93064149,1.45789659,3.29935171,2021-10-27 00:00:00
000333,000333.SZ,美的集团,10015250,069001002001,016127,白色家电,1239,488831226141.42,477654636962.34,70.02,-3.28729281768,6981308571,6821688617,17.27091796,17.95657285,4.12409526,16.53852864,15.60363459,1.52361074,3.44806876,2021-10-26 00:00:00
000333,000333.SZ,美的集团,10015250,069001002001,016127,白色家电,1239,505446740540.4,493890255870.8,72.4,-2.818791946309,6981308571,6821688617,17.85796145,18.56692195,4.26427445,17.100678,16.13400663,1.57539871,3.56526961,2021-10-25 00:00:00
000333,000333.SZ,美的集团,10015250,069001002001,016127,白色家电,1239,520107488539.5,508215801966.5,74.5,6.917336394948,6981308571,6821688617,18.37594099,19.10546526,4.38796197,17.59669214,16.60198196,1.62109397,3.66868213,2021-10-22 00:00:00
000333,000333.SZ,美的集团,10015250,069001002001,016127,白色家电,1239,486457581227.28,475335262832.56,69.68,2.365212281475,6981308571,6821688617,17.18705461,17.86938013,4.10406966,16.45822159,15.52786715,1.51621246,3.43132578,2021-10-21 00:00:00
000333,000333.SZ,美的集团,10015250,069001002001,016127,白色家电,1239,475217674427.97,464352344159.19,68.07,-2.590154550658,6981308571,6821688617,16.78993696,17.45649692,4.00924257,16.07794408,15.16908607,1.48117942,3.35204285,2021-10-20 00:00:00
000333,000333.SZ,美的集团,10015250,069001002001,016127,白色家电,1239,487853842941.48,476699600555.96,69.88,0.373455903476,6981308571,6821688617,17.23638599,17.92066997,4.11584943,16.50546103,15.57243623,1.52056439,3.44117459,2021-10-19 00:00:00
000333,000333.SZ,美的集团,10015250,069001002001,016127,白色家电,1239,486038702713.02,474925961515.54,69.62,-1.943661971831,6981308571,6821688617,17.17225519,17.85399317,4.10053574,16.44404976,15.51449643,1.51490688,3.42837114,2021-10-18 00:00:00
000333,000333.SZ,美的集团,10015250,069001002001,016127,白色家电,1239,495672908541,484339891807,71,1.240553258235,6981308571,6821688617,17.51264175,18.20789307,4.1818161,16.77000191,15.82202308,1.5449352,3.49632793,2021-10-15 00:00:00
000333,000333.SZ,美的集团,10015250,069001002001,016127,白色家电,1239,489599170084.23,478405022710.21,70.13,-1.225352112676,6981308571,6821688617,17.29805022,17.98478227,4.13057413,16.56451034,15.62814758,1.5260043,3.45348561,2021-10-14 00:00:00
000333,000333.SZ,美的集团,10015250,069001002001,016127,白色家电,1239,495672908541,484339891807,71,-0.86567997766,6981308571,6821688617,17.51264175,18.20789307,4.1818161,16.77000191,15.82202308,1.5449352,3.49632793,2021-10-13 00:00:00
000333,000333.SZ,美的集团,10015250,069001002001,016127,白色家电,1239,500001319855.02,488569338749.54,71.62,0.759707371975,6981308571,6821688617,17.66556904,18.36689157,4.21833337,16.91644418,15.96018722,1.55842618,3.52685925,2021-10-12 00:00:00
000333,000333.SZ,美的集团,10015250,069001002001,016127,白色家电,1239,496231413226.68,484885626896.36,71.08,-1.958620689655,6981308571,6821688617,17.5323743,18.228409,4.18652801,16.78889769,15.83985071,1.54667597,3.50026746,2021-10-11 00:00:00
000333,000333.SZ,美的集团,10015250,069001002001,016127,白色家电,1239,506144871397.5,494572424732.5,72.5,4.166666666667,6981308571,6821688617,17.88262714,18.59256687,4.27016433,17.12429772,16.15629117,1.57757467,3.57019402,2021-10-08 00:00:00
000333,000333.SZ,美的集团,10015250,069001002001,016127,白色家电,1239,485899076541.6,474789527743.2,69.6,-0.953465205635,6981308571,6821688617,17.16732205,17.84886419,4.09935776,16.43932582,15.51003952,1.51447169,3.42738626,2021-09-30 00:00:00
000333,000333.SZ,美的集团,10015250,069001002001,016127,白色家电,1239,490576553284.17,479360059116.59,70.27,0,6981308571,6821688617,17.33258219,18.02068515,4.33216868,16.59757795,15.65934594,1.52905065,3.46037977,2021-09-29 00:00:00
000333,000333.SZ,美的集团,10015250,069001002001,016127,白色家电,1239,490576553284.17,479360059116.59,70.27,2.285298398836,6981308571,6821688617,17.33258219,18.02068515,4.33216868,16.59757795,15.65934594,1.52905065,3.46037977,2021-09-28 00:00:00
000333,000333.SZ,美的集团,10015250,069001002001,016127,白色家电,1239,479615898827.7,468650007987.9,68.7,2.232142857143,6981308571,6821688617,16.94533082,17.61805991,4.23537766,16.22674833,15.30947867,1.494888,3.38306661,2021-09-27 00:00:00
000333,000333.SZ,美的集团,10015250,069001002001,016127,白色家电,1239,469143935971.2,458417475062.4,67.2,0.613864350951,6981308571,6821688617,16.57534543,17.23338611,4.14290217,15.87245251,14.97521057,1.46224853,3.30920052,2021-09-24 00:00:00
000333,000333.SZ,美的集团,10015250,069001002001,016127,白色家电,1239,466281599457.09,455620582729.43,66.79,1.074455205811,6981308571,6821688617,16.47421609,17.12824194,4.11762553,15.77561166,14.88384396,1.45332707,3.28901046,2021-09-23 00:00:00
000333,000333.SZ,美的集团,10015250,069001002001,016127,白色家电,1239,461324870371.68,450777183811.36,66.08,-3.193671256959,6981308571,6821688617,16.29908967,16.94616301,4.0738538,15.60791164,14.72562373,1.43787772,3.25404718,2021-09-22 00:00:00
000333,000333.SZ,美的集团,10015250,069001002001,016127,白色家电,1239,476544123056.46,465648464996.42,68.26,3.502653525398,6981308571,6821688617,16.83680177,17.50522226,4.20825152,16.12282155,15.21142669,1.48531375,3.36139922,2021-09-17 00:00:00
000333,000333.SZ,美的集团,10015250,069001002001,016127,白色家电,1239,460417300257.45,449890364291.15,65.95,-0.856885147324,6981308571,6821688617,16.26702427,16.91282462,4.06583926,15.577206,14.69665383,1.43504896,3.24764545,2021-09-16 00:00:00
000333,000333.SZ,美的集团,10015250,069001002001,016127,白色家电,1239,464396646142.92,453778726802.84,66.52,-2.791173461932,6981308571,6821688617,16.40761872,17.05900066,4.10097994,15.71183841,14.82367571,1.44745196,3.27571457,2021-09-15 00:00:00
000333,000333.SZ,美的集团,10015250,069001002001,016127,白色家电,1239,477730945513.53,466808152061.31,68.43,-3.592561284869,6981308571,6821688617,16.87873345,17.54881863,4.21873207,16.16297508,15.24931041,1.4890129,3.36977071,2021-09-14 00:00:00
000333,000333.SZ,美的集团,10015250,069001002001,016127,白色家电,1239,495533282369.58,484203458034.66,70.98,-1.961325966851,6981308571,6821688617,17.50770861,18.20276408,4.37594042,16.76527797,15.81756617,1.5445,3.49534305,2021-09-13 00:00:00
000333,000333.SZ,美的集团,10015250,069001002001,016127,白色家电,1239,505446740540.4,493890255870.8,72.4,0.527631213552,6981308571,6821688617,17.85796145,18.56692195,4.46348388,17.100678,16.13400663,1.57539871,3.56526961,2021-09-10 00:00:00
000333,000333.SZ,美的集团,10015250,069001002001,016127,白色家电,1239,502793843283.42,491298014196.34,72.02,-0.962596259626,6981308571,6821688617,17.76423181,18.46947125,4.44005676,17.01092306,16.04932538,1.56713004,3.54655687,2021-09-09 00:00:00
000333,000333.SZ,美的集团,10015250,069001002001,016127,白色家电,1239,507680759283.12,496073196228.24,72.72,-0.410846343468,6981308571,6821688617,17.93689166,18.64898569,4.48321199,17.17626111,16.20531716,1.5823618,3.58102771,2021-09-08 00:00:00
000333,000333.SZ,美的集团,10015250,069001002001,016127,白色家电,1239,509775151854.42,498119702813.34,73.02,1.247920133111,6981308571,6821688617,18.01088874,18.72592045,4.50170709,17.24712027,16.27217078,1.58888969,3.59580093,2021-09-07 00:00:00
000333,000333.SZ,美的集团,10015250,069001002001,016127,白色家电,1239,503491974140.52,491980183058.04,72.12,2.969731581953,6981308571,6821688617,17.78889751,18.49511617,4.44622179,17.03454279,16.07160992,1.56930601,3.55148128,2021-09-06 00:00:00
000333,000333.SZ,美的集团,10015250,069001002001,016127,白色家电,1239,488970852312.84,477791070734.68,70.04,1.228501228501,6981308571,6821688617,17.2758511,17.96170184,4.31798911,16.54325259,15.6080915,1.52404593,3.44905364,2021-09-03 00:00:00
000333,000333.SZ,美的集团,10015250,069001002001,016127,白色家电,1239,483036740027.49,471992635410.23,69.19,0.057845263919,6981308571,6821688617,17.06619271,17.74372002,4.26558632,16.34248496,15.41867291,1.50555023,3.40719619,2021-09-02 00:00:00
000333,000333.SZ,美的集团,10015250,069001002001,016127,白色家电,1239,482757487684.65,471719767865.55,69.15,4.772727272727,6981308571,6821688617,17.05632644,17.73346205,4.26312031,16.33303707,15.4097591,1.50467984,3.40522643,2021-09-01 00:00:00
000333,000333.SZ,美的集团,10015250,069001002001,016127,白色家电,1239,460766365686,450231448722,66,0.030312215823,6981308571,6821688617,16.27935712,16.92564708,4.06892177,15.58901586,14.7077961,1.43613694,3.25010766,2021-08-31 00:00:00
000333,000333.SZ,美的集团,10015250,069001002001,016127,白色家电,1239,460626739514.58,450095014949.66,65.98,-2.684365781711,6981308571,6821688617,15.94935903,16.92051809,4.06768877,15.58429192,15.13110093,1.48411687,3.24912278,2021-08-30 00:00:00
000333,000333.SZ,美的集团,10015250,069001002001,016127,白色家电,1239,473332721113.8,462510488232.6,67.8,-0.191373472692,6981308571,6821688617,16.38930801,17.38725563,4.17989237,16.01417084,15.54847898,1.52505492,3.33874696,2021-08-27 00:00:00
000333,000333.SZ,美的集团,10015250,069001002001,016127,白色家电,1239,474240291228.03,463397307752.81,67.93,-1.76428054953,6981308571,6821688617,16.42073294,17.42059403,4.18790691,16.04487648,15.5782917,1.52797907,3.34514868,2021-08-26 00:00:00
000333,000333.SZ,美的集团,10015250,069001002001,016127,白色家电,1239,482757487684.65,471719767865.55,69.15,-1.914893617021,6981308571,6821688617,16.71564379,17.73346205,4.26312031,16.33303707,15.85807259,1.55542106,3.40522643,2021-08-25 00:00:00
000333,000333.SZ,美的集团,10015250,069001002001,016127,白色家电,1239,497256579387,486003372630,70.5,-0.155785299533,7053284814,6893664860,17.21767982,18.26606714,4.39115845,16.82358193,16.33435241,1.60213643,3.50749867,2021-08-24 00:00:00
000333,000333.SZ,美的集团,10015250,069001002001,016127,白色家电,1239,498032440716.54,486761675764.6,70.61,-1.930555555556,7053284814,6893664860,17.24454428,18.29456738,4.39800991,16.84983149,16.35983863,1.60463621,3.51297137,2021-08-23 00:00:00
000333,000333.SZ,美的集团,10015250,069001002001,016127,白色家电,1239,507836506608,496343869920,72,0.083402835696,7053284814,6893664860,17.58401343,18.65470686,4.48458736,17.18153048,16.68189182,1.63622444,3.5821263,2021-08-20 00:00:00
000333,000333.SZ,美的集团,10015250,069001002001,016127,白色家电,1239,507413309519.16,495930250028.4,71.94,-3.436241610738,7053284814,6893664860,17.56936009,18.63916127,4.4808502,17.16721254,16.66799024,1.63486092,3.5791412,2021-08-19 00:00:00
000333,000333.SZ,美的集团,10015250,069001002001,016127,白色家电,1239,525469718643,513578032070,74.5,1.49863760218,7053284814,6893664860,18.19456945,19.30243974,4.6403022,17.7781114,17.26112418,1.69303779,3.70650569,2021-08-18 00:00:00
000333,000333.SZ,美的集团,10015250,069001002001,016127,白色家电,1239,517711105347.6,505995000724,73.4,-2.120282704361,7053284814,6893664860,17.9259248,19.01743727,4.57178767,17.51561579,17.00626194,1.66803991,3.65177876,2021-08-17 00:00:00
000333,000333.SZ,美的集团,10015250,069001002001,016127,白色家电,1239,528925828201.86,516955927851.4,74.99,4.720011171624,7053284814,6893664860,18.31423843,19.42939538,4.67082231,17.89504126,17.37465372,1.7041732,3.73088405,2021-08-16 00:00:00
000333,000333.SZ,美的集团,10015250,069001002001,016127,白色家电,1239,504920216201.94,493489831296,71.61,0.972927241963,7050973554,6891353600,17.48303587,18.54758077,4.45883427,17.08286421,16.58609477,1.62682829,3.56155567,2021-08-13 00:00:00
000333,000333.SZ,美的集团,10015250,069001002001,016127,白色家电,1239,500055044449.68,488734797312,70.92,-1.404142916725,7050973554,6891353600,17.31457763,18.36886507,4.41587106,16.91826183,16.42627902,1.61115295,3.52723821,2021-08-12 00:00:00
000333,000333.SZ,美的集团,10015250,069001002001,016127,白色家电,1239,507176527739.22,495695064448,71.93,-1.262868908717,7050973554,6891353600,17.56116144,18.63046341,4.47875924,17.15920155,16.66021221,1.63409802,3.57747101,2021-08-11 00:00:00
000333,000333.SZ,美的集团,10015250,069001002001,016127,白色家电,1239,513663423408.9,502035109760,72.85,0.524354905478,7050973554,6891353600,17.78577243,18.868751,4.53604352,17.37867138,16.87329987,1.65499848,3.62322763,2021-08-10 00:00:00
000333,000333.SZ,美的集团,10015250,069001002001,016127,白色家电,1239,510984053458.38,499416395392,72.47,3.013503909026,7050973554,6891353600,17.69299832,18.77032786,4.51238262,17.2880208,16.7852854,1.64636568,3.60432815,2021-08-09 00:00:00
000333,000333.SZ,美的集团,10015250,069001002001,016127,白色家电,1239,496035989523.9,484806725760,70.35,0.643776824034,7050973554,6891353600,17.17541647,18.22123037,4.38037971,16.78228596,16.29425732,1.59820375,3.498889,2021-08-06 00:00:00
000333,000333.SZ,美的集团,10015250,069001002001,016127,白色家电,1239,492863051424.6,481705616640,69.9,-0.128589798543,7050973554,6891353600,17.0655524,18.10467666,4.35236022,16.67493658,16.19002966,1.58798069,3.47650804,2021-08-05 00:00:00
000333,000333.SZ,美的集团,10015250,069001002001,016127,白色家电,1239,493497639044.46,482325838464,69.99,-1.311336717428,7050973554,6891353600,17.08752522,18.1279874,4.35796412,16.69640645,16.2108752,1.59002531,3.48098424,2021-08-04 00:00:00
000333,000333.SZ,美的集团,10015250,069001002001,016127,白色家电,1239,500055044449.68,488734797312,70.92,7.324455205811,7050973554,6891353600,17.31457763,18.36886507,4.41587106,16.91826183,16.42627902,1.61115295,3.52723821,2021-08-03 00:00:00
000333,000333.SZ,美的集团,10015250,069001002001,016127,白色家电,1239,465928332448.32,455380645888,66.08,4.04660683357,7050973554,6891353600,16.13292851,17.11526514,4.11450591,15.76365964,15.30525265,1.50119834,3.28651862,2021-08-02 00:00:00
000333,000333.SZ,美的集团,10015250,069001002001,016127,白色家电,1239,447807330414.54,437669867136,63.51,0.331753554502,7050973554,6891353600,15.50548259,16.44961394,3.95448351,15.15057542,14.70999691,1.44281336,3.15869851,2021-07-30 00:00:00
000333,000333.SZ,美的集团,10015250,069001002001,016127,白色家电,1239,446326625968.2,436222682880,63.3,0.031605562579,7050973554,6891353600,15.45421269,16.39522221,3.94140775,15.10047905,14.66135733,1.4380426,3.14825407,2021-07-29 00:00:00
000333,000333.SZ,美的集团,10015250,069001002001,016127,白色家电,1239,446185606497.12,436084855808,63.28,3.061889250814,7050973554,6891353600,15.44932984,16.39004204,3.94016244,15.09570796,14.65672499,1.43758825,3.14725936,2021-07-28 00:00:00
000333,000333.SZ,美的集团,10015250,069001002001,016127,白色家电,1239,432929776215.6,423129111040,61.4,-5.071119356834,7050973554,6891353600,14.99034217,15.90310654,3.82310325,14.64722612,14.221285,1.39487861,3.05375671,2021-07-27 00:00:00
000333,000333.SZ,美的集团,10015250,069001002001,016127,白色家电,1239,456056969472.72,445732750848,64.68,-3.405017921147,7050973554,6891353600,15.79112918,16.75265359,4.02733418,15.4296838,14.98098882,1.4693933,3.21688899,2021-07-26 00:00:00
000333,000333.SZ,美的集团,10015250,069001002001,016127,白色家电,1239,472133189175.84,461445037056,66.96,-1.961932650073,7050973554,6891353600,16.3477738,17.3431924,4.16929958,15.97358731,15.50907563,1.52119009,3.33028582,2021-07-23 00:00:00
000333,000333.SZ,美的集团,10015250,069001002001,016127,白色家电,1239,481581493738.2,470679450880,68.3,0.455949404324,7050973554,6891353600,16.67492459,17.69026346,4.25273538,16.2932499,15.81944243,1.55163207,3.39693132,2021-07-22 00:00:00
000333,000333.SZ,美的集团,10015250,069001002001,016127,白色家电,1239,479395691936.46,468543131264,67.99,-2.327251831633,7050973554,6891353600,16.59924046,17.6099709,4.23343307,16.21929811,15.74764116,1.54458952,3.38151333,2021-07-21 00:00:00
000333,000333.SZ,美的集团,10015250,069001002001,016127,白色家电,1239,490818269093.94,479707124096,69.61,-0.755631593955,7050973554,6891353600,16.99475111,18.02956427,4.33430322,16.60575587,16.12286073,1.58139251,3.46208476,2021-07-20 00:00:00
000333,000333.SZ,美的集团,10015250,069001002001,016127,白色家电,1239,494555285077.56,482974545709.32,70.14,0.631276901004,7050973554,6885864638,17.12414657,18.16683864,4.36730395,16.73218958,16.24561775,1.59343299,3.48844455,2021-07-19 00:00:00
000333,000333.SZ,美的集团,10015250,069001002001,016127,白色家电,1239,491452856713.8,479944765268.6,69.7,-2.065477026837,7050973554,6885864638,17.01672393,18.05287501,4.33990711,16.62722574,16.14370626,1.58343712,3.46656095,2021-07-16 00:00:00
000333,000333.SZ,美的集团,10015250,069001002001,016127,白色家电,1239,501817787838.18,490774416086.46,71.17,-1.152777777778,7050973554,6895804638,17.37561323,18.43361714,4.43143744,16.97790038,16.48418328,1.61683242,3.53967207,2021-07-15 00:00:00
000333,000333.SZ,美的集团,10015250,069001002001,016127,白色家电,1239,507520493352,496348331400,72,-1.098901098901,7048895741,6893726825,17.57307136,18.64309853,4.48179672,17.17083887,16.67151112,1.63520626,3.57989724,2021-07-14 00:00:00
000333,000333.SZ,美的集团,10015250,069001002001,016127,白色家电,1239,513159609944.8,501863312860,72.8,2.970297029703,7048895741,6893726825,17.76832771,18.85024407,4.53159446,17.36162596,16.85675013,1.65337522,3.61967388,2021-07-13 00:00:00
000333,000333.SZ,美的集团,10015250,069001002001,016127,白色家电,1239,498356928888.7,486986704257.2,70.7,2.167630057803,7048895741,6888072196,17.2557798,18.30648703,4.40087539,16.86080983,16.37049772,1.6056817,3.51526021,2021-07-12 00:00:00
000333,000333.SZ,美的集团,10015250,069001002001,016127,白色家电,1239,487783585277.2,476654595963.2,69.2,-1.142857142857,7048895741,6888072196,16.88967414,17.91808914,4.30750462,16.50308402,16.02317458,1.5716149,3.44067902,2021-07-09 00:00:00
000333,000333.SZ,美的集团,10015250,069001002001,016127,白色家电,1239,493422701870,482165053720,70,-0.55405597386,7048895741,6888072196,17.08493049,18.12523468,4.35730236,16.69387112,16.20841359,1.58978386,3.48045565,2021-07-08 00:00:00
000333,000333.SZ,美的集团,10015250,069001002001,016127,白色家电,1239,496171771208.99,484851401876.44,70.39,2.594373997959,7048895741,6888072196,17.18011796,18.22621813,4.38157876,16.78687983,16.29871761,1.59864123,3.49984676,2021-07-07 00:00:00
000333,000333.SZ,美的集团,10015250,069001002001,016127,白色家电,1239,483573446492.58,472539343070.13,68.61,0.601173020528,7048148178,6887324633,16.74389664,17.76343523,4.27032586,16.36064324,15.88487597,1.55805004,3.41098196,2021-07-06 00:00:00
000333,000333.SZ,美的集团,10015250,069001002001,016127,白色家电,1239,480683705739.6,469715539970.6,68.2,-4.07876230661,7048148178,6887324633,16.64383838,17.6572844,4.24480722,16.26287522,15.78995105,1.54873944,3.3905986,2021-07-05 00:00:00
000333,000333.SZ,美的集团,10015250,069001002001,016127,白色家电,1239,501123335455.8,489688781406.3,71.1,-2.921900600765,7048148178,6887324633,17.35156757,18.40810734,4.42530489,16.95440511,16.46137125,1.61459493,3.53477361,2021-07-02 00:00:00
000333,000333.SZ,美的集团,10015250,069001002001,016127,白色家电,1239,516206372556.72,504427656120.92,73.24,2.620148521788,7048148178,6887324633,17.87382291,18.96216289,4.55849972,17.46470647,16.95683306,1.66319174,3.64116483,2021-07-01 00:00:00
000333,000333.SZ,美的集团,10015250,069001002001,016127,白色家电,1239,503026335463.86,491548359057.21,71.37,-0.125944584383,7048148178,6887324633,17.4174596,18.47801154,4.44210984,17.01878893,16.52388279,1.6207263,3.5481968,2021-06-30 00:00:00
000333,000333.SZ,美的集团,10015250,069001002001,016127,白色家电,1239,503633749103.28,491930616346.74,71.46,-2.390383827346,7047771468,6883999669,17.43849151,18.50032409,4.28505481,17.03933943,16.54383568,1.62268336,3.55248131,2021-06-29 00:00:00
000333,000333.SZ,美的集团,10015250,069001002001,016127,白色家电,1239,515967349172.28,503977615767.49,73.21,0.054667213339,7047771468,6883999669,17.86554665,18.95338268,4.38999248,17.45661964,16.94898139,1.66242161,3.63947883,2021-06-28 00:00:00
000333,000333.SZ,美的集团,10015250,069001002001,016127,白色家电,1239,515494307444.4,503522008949.07,73.17,-0.040983606557,7045159320,6881536271,17.84916741,18.93600611,4.38596771,17.44061532,16.93344247,1.6608975,3.63614213,2021-06-25 00:00:00
000333,000333.SZ,美的集团,10015250,069001002001,016127,白色家电,1239,515705662224,503728455037.2,73.2,0.041000410004,7045159320,6881536271,17.85648565,18.94376995,4.38776598,17.44776604,16.94038526,1.66157847,3.63763297,2021-06-24 00:00:00
000333,000333.SZ,美的集团,10015250,069001002001,016127,白色家电,1239,515494307444.4,503522008949.07,73.17,2.651515151515,7045159320,6881536271,17.84916741,18.93600611,4.38596771,17.44061532,16.93344247,1.6608975,3.63614213,2021-06-23 00:00:00
000333,000333.SZ,美的集团,10015250,069001002001,016127,白色家电,1239,502178956329.6,490515905396.88,71.28,-1,7045159320,6881536271,17.38811881,18.44688419,4.27267704,16.99011972,16.49604728,1.61799609,3.54221964,2021-06-22 00:00:00
000333,000333.SZ,美的集团,10015250,069001002001,016127,白色家电,1239,507251471040,495470611512,72,-2.439024390244,7045159320,6881536271,17.56375637,18.63321635,4.31583539,17.16173709,16.66267402,1.63433948,3.57799964,2021-06-21 00:00:00
000333,000333.SZ,美的集团,10015250,069001002001,016127,白色家电,1239,519932757816,507857376799.8,73.8,0.462836918051,7045159320,6881536271,18.00285028,19.09904676,4.42373127,17.59078052,17.07924087,1.67519797,3.66744963,2021-06-18 00:00:00
000333,000333.SZ,美的集团,10015250,069001002001,016127,白色家电,1239,517537403647.2,505517654467.66,73.46,-2.053333333333,7045159320,6881536271,17.91991032,19.01105657,4.40335094,17.50973898,17.00055602,1.66748025,3.65055352,2021-06-17 00:00:00
000333,000333.SZ,美的集团,10015250,069001002001,016127,白色家电,1239,528386949000,516115220325,75,2.403058438012,7045159320,6881536271,18.29557956,19.40960036,4.49566186,17.87680947,17.35695211,1.70243696,3.72708296,2021-06-16 00:00:00
000333,000333.SZ,美的集团,10015250,069001002001,016127,白色家电,1239,515987468596.8,504003716488.04,73.24,-1.027027027027,7045159320,6881536271,17.86624329,18.95412174,4.39016367,17.45730034,16.9496423,1.66248644,3.63962074,2021-06-15 00:00:00
000333,000333.SZ,美的集团,10015250,069001002001,016127,白色家电,1239,521341789680,509233684054,74,-1.856763925729,7045159320,6881536271,18.05163849,19.15080569,4.43571971,17.63845201,17.12552608,1.6797378,3.67738852,2021-06-11 00:00:00
000333,000333.SZ,美的集团,10015250,069001002001,016127,白色家电,1239,531205012728,518867834833.4,75.4,-0.251355999471,7045159320,6881536271,18.39315598,19.51311823,4.51963873,17.97215245,17.44952252,1.71151662,3.74696073,2021-06-10 00:00:00
000333,000333.SZ,美的集团,10015250,069001002001,016127,白色家电,1239,532543592998.8,520175326724.89,75.59,-0.565640620889,7045159320,6881536271,18.43950478,19.56228922,4.53102774,18.01744037,17.49349346,1.71582946,3.75640268,2021-06-09 00:00:00
000333,000333.SZ,美的集团,10015250,069001002001,016127,白色家电,1239,535573011506.4,523134387321.42,76.02,-0.989841104454,7045159320,6881536271,18.54439944,19.67357093,4.55680287,18.11993408,17.59300665,1.7255901,3.77777128,2021-06-08 00:00:00
000333,000333.SZ,美的集团,10015250,069001002001,016127,白色家电,1239,540927332589.6,528364354887.38,76.78,-1.222179338737,7045159320,6881536271,18.72979464,19.87025488,4.60235891,18.30108574,17.76889044,1.74284146,3.81553906,2021-06-07 00:00:00
000333,000333.SZ,美的集团,10015250,069001002001,016127,白色家电,1239,547620233943.6,534901814344.83,77.73,-0.256640574875,7045159320,6881536271,18.96153865,20.11610982,4.65930396,18.52752533,17.98874516,1.76440566,3.86274878,2021-06-04 00:00:00
000333,000333.SZ,美的集团,10015250,069001002001,016127,白色家电,1239,549029265807.6,536246696404.46,77.93,-1.974842767296,7045159320,6881133022,19.01032686,20.16786875,4.67129239,18.57519682,18.03503037,1.7689455,3.87268766,2021-06-03 00:00:00
000333,000333.SZ,美的集团,10015250,069001002001,016127,白色家电,1239,560090165940,547050075249,79.5,1.145038167939,7045159320,6881133022,19.39331433,20.57417639,4.76540158,18.94941803,18.39836923,1.80458318,3.95070793,2021-06-02 00:00:00
000333,000333.SZ,美的集团,10015250,069001002001,016127,白色家电,1239,564810422684.4,551660434373.74,80.17,-1.024691358025,7045159320,6881133022,19.55675484,20.74756882,4.80556282,19.10911753,18.55342467,1.81979161,3.98400321,2021-06-01 00:00:00
000333,000333.SZ,美的集团,10015250,069001002001,016127,白色家电,1239,570657904920,557371774782,81,-1.85387131952,7045159320,6881133022,19.75922592,20.96236839,4.85531481,19.30695422,18.74550827,1.83863192,4.02524959,2021-05-31 00:00:00
000333,000333.SZ,美的集团,10015250,069001002001,016127,白色家电,1239,581436998679.6,567899908305.66,82.53,-1.632896305125,7045159320,6881133022,20.13245574,21.35832424,4.94702632,19.67164114,19.0995901,1.87336163,4.10128209,2021-05-28 00:00:00
000333,000333.SZ,美的集团,10015250,069001002001,016127,白色家电,1239,591088866948,577327060545.8,83.9,-0.509901577137,7045159320,6881133022,20.466655,21.71287294,5.02914707,19.99819086,19.41664376,1.90445948,4.16936347,2021-05-27 00:00:00
000333,000333.SZ,美的集团,10015250,069001002001,016127,白色家电,1239,594118285455.6,580285947745.26,84.33,1.260806916427,7045159320,6881133022,20.57154965,21.82415465,5.0549222,20.10068456,19.51615695,1.91422012,4.19073208,2021-05-26 00:00:00
000333,000333.SZ,美的集团,10015250,069001002001,016127,白色家电,1239,586720868169.6,573060758072.16,83.28,1.313868613139,7045159320,6881133022,20.31541154,21.55242024,4.99198293,19.85040923,19.27315962,1.890386,4.13855292,2021-05-25 00:00:00
000333,000333.SZ,美的集团,10015250,069001002001,016127,白色家电,1239,579112096104,565629134408.4,82.2,0.797057020233,7045159320,6881133022,20.05195519,21.272922,4.9272454,19.59298318,19.02321951,1.86587091,4.08488292,2021-05-24 00:00:00
000333,000333.SZ,美的集团,10015250,069001002001,016127,白色家电,1239,574738799008.5,561166183944.1,81.55,1.053283767038,7047686070,6881253022,19.90052828,21.11227468,4.89003619,19.44502229,18.87956133,1.85178036,4.054035,2021-05-21 00:00:00
000333,000333.SZ,美的集团,10015250,069001002001,016127,白色家电,1239,568748265849,555317118875.4,80.7,4.35794646321,7047686070,6881253022,19.69310401,20.89222031,4.83906708,19.24234579,18.68277865,1.83247915,4.01177957,2021-05-20 00:00:00
000333,000333.SZ,美的集团,10015250,069001002001,016127,白色家电,1239,544997563793.1,532127296191.26,77.33,-0.655190133607,7047686070,6881253022,18.8707278,20.01976947,4.63698956,18.43879306,17.90259322,1.75595555,3.84424925,2021-05-19 00:00:00
000333,000333.SZ,美的集团,10015250,069001002001,016127,白色家电,1239,548591883688.8,535636735232.48,77.84,-0.714285714286,7047686070,6881253022,18.99518236,20.15180209,4.66757102,18.56039896,18.02066283,1.76753627,3.8696025,2021-05-18 00:00:00
000333,000333.SZ,美的集团,10015250,069001002001,016127,白色家电,1239,552538587888,539490236924.8,78.4,2.564102564103,7047686070,6881253022,19.13183835,20.29677909,4.70115067,18.69392701,18.15030788,1.78025236,3.89744137,2021-05-17 00:00:00
000333,000333.SZ,美的集团,10015250,069001002001,016127,白色家电,1239,538725123190.8,526002981001.68,76.44,1.716566866267,7047686070,6881253022,18.65354239,19.78935961,4.5836219,18.22657884,17.69655019,1.73574605,3.80000533,2021-05-14 00:00:00
000333,000333.SZ,美的集团,10015250,069001002001,016127,白色家电,1239,529633608160.5,517126164603.3,75.15,-2.743626245632,7047686070,6881253022,18.33874556,19.45539475,4.50626878,17.91898744,17.39790354,1.70645363,3.73587652,2021-05-13 00:00:00
000333,000333.SZ,美的集团,10015250,069001002001,016127,白色家电,1239,544574702628.9,531714421009.94,77.27,-1.365841205004,7047686070,6881253022,18.85608608,20.00423623,4.63339174,18.42448648,17.88870268,1.75459311,3.84126651,2021-05-12 00:00:00
000333,000333.SZ,美的集团,10015250,069001002001,016127,白色家电,1239,552115726723.8,539077361743.48,78.34,0.435897435897,7047686070,6881253022,19.11719663,20.28124584,4.69755285,18.67962044,18.13641734,1.77888992,3.89445863,2021-05-11 00:00:00
000333,000333.SZ,美的集团,10015250,069001002001,016127,白色家电,1239,549719513460,536737735716,78,3.889184869473,7047686070,6881253022,19.03422693,20.19322409,4.67716521,18.59854983,18.05770427,1.77116944,3.87755646,2021-05-10 00:00:00
000333,000333.SZ,美的集团,10015250,069001002001,016127,白色家电,1239,529140270135.6,516644476891.76,75.08,-3.197524497163,7047686070,6881253022,18.32166356,19.43727263,4.50207133,17.90229643,17.38169791,1.70486412,3.73239666,2021-05-07 00:00:00
000333,000333.SZ,美的集团,10015250,069001002001,016127,白色家电,1239,546618531589.2,533709984386.32,77.56,-3.255581888487,7047686070,6881253022,18.92685436,20.0793136,4.6507812,18.49363494,17.9558403,1.76117823,3.85568307,2021-05-06 00:00:00
000333,000333.SZ,美的集团,10015250,069001002001,016127,白色家电,1239,565012992231.9,551670054773.74,80.17,-3.907467337888,7047686070,6881253022,19.56376888,20.75500994,4.80728634,19.11597103,18.56007887,1.82044428,3.98543207,2021-04-30 00:00:00
000333,000333.SZ,美的集团,10015250,069001002001,016127,白色家电,1239,587466977697.81,573581468503.17,83.43,2.305334150828,7041435667,6875002619,23.58021383,21.5798276,4.99833104,19.87565221,17.37309322,2.13345384,4.14381575,2021-04-29 00:00:00
000333,000333.SZ,美的集团,10015250,069001002001,016127,白色家电,1239,574229078643.85,560656463579.45,81.55,1.028245787909,7041435667,6875002619,23.04886057,21.09355077,4.88569934,19.42777703,16.98161036,2.08537888,4.05043958,2021-04-28 00:00:00
000333,000333.SZ,美的集团,10015250,069001002001,016127,白色家电,1239,568384687040.24,554950211405.68,80.72,0.862176683744,7041435667,6875002619,22.81427376,20.87886472,4.83597365,19.2300449,16.80877484,2.0641543,4.009215,2021-04-27 00:00:00
000333,000333.SZ,美的集团,10015250,069001002001,016127,白色家电,1239,563526096430.01,550206459598.57,80.03,-4.567135702361,7041435667,6875002619,22.61925582,20.70039078,4.79463542,19.06566518,16.6650923,2.04650977,3.97494396,2021-04-26 00:00:00
000333,000333.SZ,美的集团,10015250,069001002001,016127,白色家电,1239,590494795034.62,576537719629.34,83.86,4.498442367601,7041435667,6875002619,23.70174675,21.69105049,5.02409254,19.97809174,17.46263451,2.1444497,4.16517306,2021-04-23 00:00:00
000333,000333.SZ,美的集团,10015250,069001002001,016127,白色家电,1239,565075212276.75,551718960174.75,80.25,0.816582914573,7041435667,6875002619,22.68143545,20.75729551,4.80781572,19.11807611,16.71090412,2.05213557,3.98587095,2021-04-22 00:00:00
000333,000333.SZ,美的集团,10015250,069001002001,016127,白色家电,1239,560498279093.2,547250208472.4,79.6,-1.704124475179,7041435667,6875002619,22.49772289,20.58916789,4.76887392,18.96322565,16.575551,2.03551391,3.95358664,2021-04-21 00:00:00
000333,000333.SZ,美的集团,10015250,069001002001,016127,白色家电,1239,570215460313.66,556737712086.62,80.98,-0.84486347496,7041435667,6875002619,22.88775879,20.94611577,4.85155037,19.29198508,16.86291608,2.07080297,4.02212872,2021-04-20 00:00:00
000333,000333.SZ,美的集团,10015250,069001002001,016127,白色家电,1239,575074050923.89,561481463893.73,81.67,2.215269086358,7041435667,6875002619,23.08277674,21.12458971,4.8928886,19.4563648,17.00659863,2.0884475,4.05639976,2021-04-19 00:00:00
000333,000333.SZ,美的集团,10015250,069001002001,016127,白色家电,1239,562610709793.3,549312709258.1,79.9,-0.473343298455,7041435667,6875002619,22.5825133,20.66676525,4.78684706,19.03469509,16.63802167,2.04318544,3.96848709,2021-04-16 00:00:00
000333,000333.SZ,美的集团,10015250,069001002001,016127,白色家电,1239,565286455346.76,551925210253.32,80.28,0.187195806814,7041435667,6875002619,22.68991449,20.76505525,4.80961304,19.12522305,16.71715119,2.05290272,3.987361,2021-04-15 00:00:00
000333,000333.SZ,美的集团,10015250,069001002001,016127,白色家电,1239,564230239996.71,550893959860.47,80.13,1.829965688143,7041435667,6875002619,22.64751929,20.72625657,4.80062647,19.08948833,16.68591585,2.04906695,3.97991077,2021-04-14 00:00:00
000333,000333.SZ,美的集团,10015250,069001002001,016127,白色家电,1239,554090572636.23,540993956089.11,78.69,-0.769230769231,7041435667,6875002619,22.2405253,20.35378921,4.71435538,18.746435,16.38605664,2.01224359,3.9083886,2021-04-13 00:00:00
000333,000333.SZ,美的集团,10015250,069001002001,016127,白色家电,1239,558385848393.1,545187707686.7,79.3,-1.429459291485,7041435667,6875002619,22.41293248,20.51157052,4.75090077,18.8917562,16.51308034,2.02784237,3.93868619,2021-04-12 00:00:00
000333,000333.SZ,美的集团,10015250,069001002001,016127,白色家电,1239,566483499410.15,553093960698.55,80.45,-2.697145621674,7041435667,6875002619,22.73796239,20.80902709,4.81979782,19.1657224,16.75255124,2.05724992,3.99580459,2021-04-09 00:00:00
000333,000333.SZ,美的集团,10015250,069001002001,016127,白色家电,1239,582185900947.56,568425216538.92,82.68,-0.04835589942,7041435667,6875002619,23.3682378,21.38583418,4.95339818,19.6969786,17.21691655,2.114275,4.10656462,2021-04-08 00:00:00
000333,000333.SZ,美的集团,10015250,069001002001,016127,白色家电,1239,582467558374.24,568700216643.68,82.72,-1.96729082721,7041435667,6875002619,23.37954318,21.3961805,4.9557946,19.70650786,17.22524597,2.11529787,4.10855134,2021-04-07 00:00:00
000333,000333.SZ,美的集团,10015250,069001002001,016127,白色家电,1239,594156341581.46,580112720991.22,84.38,-3.133968545517,7041435667,6875002619,23.8487168,21.82555259,5.05524599,20.10197211,17.57091701,2.15774703,4.19100051,2021-04-06 00:00:00
000333,000333.SZ,美的集团,10015250,069001002001,016127,白色家电,1239,613379460952.37,598881478141.09,87.11,1.966522298958,7041435667,6875002619,24.62030956,22.53168862,5.21880159,20.75234404,18.1394001,2.227558,4.32659463,2021-04-02 00:00:00
000333,000333.SZ,美的集团,10015250,069001002001,016127,白色家电,1239,601549849031.81,587331473741.17,85.43,3.891523774778,7041435667,6875002619,24.14548325,22.09714337,5.11815199,20.35211516,17.78956435,2.1845974,4.2431521,2021-04-01 00:00:00
000333,000333.SZ,美的集团,10015250,069001002001,016127,白色家电,1239,579017254897.41,565331465360.37,82.23,-0.291014914514,7041435667,6875002619,23.24105218,21.26943813,4.92643847,19.58977443,17.12321054,2.1027677,4.08421394,2021-03-31 00:00:00
000333,000333.SZ,美的集团,10015250,069001002001,016127,白色家电,1239,580707199457.49,566981465988.93,82.47,1.227445685528,7041435667,6875002619,23.30888451,21.33151602,4.94150511,19.64694999,17.17318708,2.10890492,4.0961343,2021-03-30 00:00:00
000333,000333.SZ,美的集团,10015250,069001002001,016127,白色家电,1239,573665763790.49,560106463369.93,81.47,-0.658456285819,7041435667,6875002619,23.0262498,21.07285814,4.88158629,19.40871851,16.96495151,2.08333314,4.04646613,2021-03-29 00:00:00
000333,000333.SZ,美的集团,10015250,069001002001,016127,白色家电,1239,577468139050.67,563818964784.19,82.01,1.648487853247,7041435667,6875002619,23.17887254,21.2125334,4.91394245,19.53736351,17.07739872,2.0971419,4.07328694,2021-03-26 00:00:00
000333,000333.SZ,美的集团,10015250,069001002001,016127,白色家电,1239,568103029613.56,554675211300.92,80.68,-1.224289911851,7041435667,6875002619,22.80296838,20.8685184,4.83425042,19.22051564,16.80044542,2.06313143,4.00722827,2021-03-25 00:00:00
000333,000333.SZ,美的集团,10015250,069001002001,016127,白色家电,1239,575144465280.56,561550213919.92,81.68,0.257763593961,7041435667,6875002619,23.08560309,21.12717629,4.89416924,19.45874712,17.00868098,2.08870322,4.05689644,2021-03-24 00:00:00
000333,000333.SZ,美的集团,10015250,069001002001,016127,白色家电,1239,573665763790.49,560106463369.93,81.47,-2.290717198369,7041435667,6875002619,23.0262498,21.07285814,4.88158629,19.40871851,16.96495151,2.08333314,4.04646613,2021-03-23 00:00:00
000333,000333.SZ,美的集团,10015250,069001002001,016127,白色家电,1239,587114905914.46,573237718372.22,83.38,-2.262337357871,7041435667,6875002619,23.56608209,21.5668947,4.99603124,19.86374063,17.36268144,2.13217525,4.14133234,2021-03-22 00:00:00
000333,000333.SZ,美的集团,10015250,069001002001,016127,白色家电,1239,600704876751.77,586506473426.89,85.31,-1.614577326721,7041435667,6875002619,24.11156708,22.06610443,5.11167456,20.32352738,17.76457608,2.18152879,4.23719191,2021-03-19 00:00:00
000333,000333.SZ,美的集团,10015250,069001002001,016127,白色家电,1239,610562886685.57,596131477093.49,86.71,3.140240275961,7041435667,6875002619,24.50725568,22.42822547,5.19556091,20.65705145,18.05610587,2.21732928,4.30672736,2021-03-18 00:00:00
000333,000333.SZ,美的集团,10015250,069001002001,016127,白色家电,1239,591973496524.69,577981470179.33,84.07,1.804310971179,7041435667,6875002619,23.76110004,21.74536865,5.03737522,20.02812035,17.50636398,2.14981978,4.17560338,2021-03-17 00:00:00
000333,000333.SZ,美的集团,10015250,069001002001,016127,白色家电,1239,581481757380.86,567737716277.02,82.58,0.340218712029,7041435667,6875002619,23.33997432,21.35996839,4.94809618,19.67315545,17.19609299,2.11171782,4.1015978,2021-03-16 00:00:00
000333,000333.SZ,美的集团,10015250,069001002001,016127,白色家电,1239,579510155394.1,565812715543.7,82.3,-4.257794322941,7041435667,6875002619,23.26083661,21.28754418,4.93131891,19.60645064,17.13778703,2.10455772,4.08769071,2021-03-15 00:00:00
000333,000333.SZ,美的集团,10015250,069001002001,016127,白色家电,1239,605281809935.32,590975225129.24,85.96,0.011634671321,7041435667,6875002619,24.29527964,22.23423205,5.15062179,20.47837785,17.8999292,2.19815045,4.26947623,2021-03-12 00:00:00
000333,000333.SZ,美的集团,10015250,069001002001,016127,白色家电,1239,605211395578.65,590906475103.05,85.95,2.737269901984,7041435667,6875002619,24.2924533,22.23164547,5.15002261,20.47599553,17.89784684,2.19789473,4.26897955,2021-03-11 00:00:00
000333,000333.SZ,美的集团,10015250,069001002001,016127,白色家电,1239,589086507901.22,575162719105.54,83.66,2.036833760215,7041435667,6875002619,23.64521981,21.63931891,5.01280851,19.93044545,17.4209874,2.13933535,4.15523943,2021-03-10 00:00:00
000333,000333.SZ,美的集团,10015250,069001002001,016127,白色家电,1239,577327310337.33,563681464731.81,81.99,-4.105263157895,7041435667,6875002619,23.17321985,21.20736024,4.91274408,19.53259888,17.07323401,2.09663047,4.07229358,2021-03-09 00:00:00
000333,000333.SZ,美的集团,10015250,069001002001,016127,白色家电,1239,602042749528.5,587812723924.5,85.5,-4.469273743017,7041435667,6875002619,24.16526768,22.11524943,5.12305914,20.36879137,17.80414084,2.18638743,4.24662887,2021-03-08 00:00:00
000333,000333.SZ,美的集团,10015250,069001002001,016127,白色家电,1239,630208492196.5,615312734400.5,89.5,-0.444938820912,7041435667,6875002619,25.29580652,23.14988098,5.36273442,21.32171728,18.6370831,2.28867456,4.44530156,2021-03-05 00:00:00
000333,000333.SZ,美的集团,10015250,069001002001,016127,白色家电,1239,633025066463.3,618062735448.1,89.9,-3.83998288587,7041435667,6875002619,25.4088604,23.25334413,5.38670195,21.41700987,18.72037733,2.29890327,4.46516883,2021-03-04 00:00:00
000333,000333.SZ,美的集团,10015250,069001002001,016127,白色家电,1239,658303820507.83,642743994850.31,93.49,-0.032078699743,7041435667,6875002619,26.42351901,24.18192595,5.60181051,22.27226087,19.46794301,2.39070597,4.64347758,2021-03-03 00:00:00
000333,000333.SZ,美的集团,10015250,069001002001,016127,白色家电,1239,658515063577.84,642950244928.88,93.52,0.203578699239,7041435667,6875002619,26.43199805,24.18968569,5.60360808,22.27940782,19.47419007,2.39147312,4.64496762,2021-03-02 00:00:00
000333,000333.SZ,美的集团,10015250,069001002001,016127,白色家电,1239,657177190801.11,641643994431.27,93.33,0.268586162441,7041435667,6875002619,26.37829745,24.14054069,5.5922235,22.23414384,19.43462532,2.38661448,4.63553067,2021-03-01 00:00:00
000333,000333.SZ,美的集团,10015250,069001002001,016127,白色家电,1239,655416831884.36,639925243776.52,93.08,-0.915477964658,7041435667,6875002619,26.30763878,24.07587622,5.57724379,22.17458597,19.38256643,2.38022154,4.62311363,2021-02-26 00:00:00
000333,000333.SZ,美的集团,10015250,069001002001,016127,白色家电,1239,661472466557.98,645837746028.86,93.94,-1.136602820459,7041435667,6875002619,26.55070463,24.298322,5.62877398,22.37946504,19.56164901,2.40221327,4.66582826,2021-02-25 00:00:00
000333,000333.SZ,美的集团,10015250,069001002001,016127,白色家电,1239,669077217078.34,653262748857.38,95.02,4.486474598636,7041435667,6875002619,26.85595011,24.57767252,5.69348631,22.63675504,19.78654342,2.4298308,4.71946988,2021-02-24 00:00:00
000333,000333.SZ,美的集团,10015250,069001002001,016127,白色家电,1239,640167636654.6,625036762269.48,90.94,0.552852720035,7039450590,6873067542,25.69555453,23.51571706,5.44748137,21.65866301,18.93160373,2.32484233,4.51555038,2021-02-23 00:00:00
000333,000333.SZ,美的集团,10015250,069001002001,016127,白色家电,1239,636647911359.6,621600228498.48,90.44,-7.704867843658,7039450590,6873067542,25.55427701,23.38642458,5.4175304,21.53958085,18.8275153,2.31206005,4.49072329,2021-02-22 00:00:00
000333,000333.SZ,美的集团,10015250,069001002001,016127,白色家电,1239,689795763314.1,673491888440.58,97.99,-0.315361139369,7039450590,6873067542,27.6875675,25.33874109,5.86978996,23.33772145,20.3992506,2.50507258,4.86561229,2021-02-19 00:00:00
000333,000333.SZ,美的集团,10015250,069001002001,016127,白色家电,1239,691977992997,675622539378.6,98.3,-8.225189057978,7039450590,6873067542,27.77515956,25.41890243,5.88835956,23.41155239,20.46378543,2.5129976,4.88100508,2021-02-18 00:00:00
000333,000333.SZ,美的集团,10015250,069001002001,016127,白色家电,1239,753995552694.9,736174264423.62,107.11,5.112855740922,7039450590,6873067542,30.26446938,27.69703601,6.41609555,25.50978002,22.29782357,2.73822149,5.31845834,2021-02-10 00:00:00
000333,000333.SZ,美的集团,10015250,069001002001,016127,白色家电,1239,717320015121,700365582529.8,101.9,5.421063521622,7039450590,6873067542,28.79235767,26.34980832,6.1040065,24.26894393,21.21322213,2.60503006,5.0597601,2021-02-09 00:00:00
000333,000333.SZ,美的集团,10015250,069001002001,016127,白色家电,1239,680433294029.4,664350708609.72,96.66,-0.606683804627,7039450590,6873067542,27.3117693,24.99482309,5.7901204,23.0209629,20.12237538,2.4710717,4.79957224,2021-02-08 00:00:00
000333,000333.SZ,美的集团,10015250,069001002001,016127,白色家电,1239,684586569877.5,668280163387.75,97.25,0.881742738589,7039450590,6871775459,27.47847677,25.14738822,5.82546253,23.16147985,20.24519973,2.48615479,4.8288682,2021-02-05 00:00:00
000333,000333.SZ,美的集团,10015250,069001002001,016127,白色家电,1239,678603036876,662439154247.6,96.4,-1.269971323228,7039450590,6871775459,27.238305,24.92759099,5.7745459,22.95904018,20.06824939,2.46442491,4.78666216,2021-02-04 00:00:00
000333,000333.SZ,美的集团,10015250,069001002001,016127,白色家电,1239,687331955607.6,670960155816.76,97.64,-0.95354027186,7039450590,6871775459,27.58867324,25.24823636,5.84882429,23.25436394,20.3263887,2.49612498,4.84823333,2021-02-03 00:00:00
000333,000333.SZ,美的集团,10015250,069001002001,016127,白色家电,1239,693691711746.42,677162297332.44,98.58,0.386965376782,7036840249,6869165118,27.84394615,25.48185364,5.90294238,23.46953229,20.51446504,2.51922116,4.89309314,2021-02-02 00:00:00
000333,000333.SZ,美的集团,10015250,069001002001,016127,白色家电,1239,691017712451.8,674552014587.6,98.2,1.941243641648,7036840249,6869165118,27.73661506,25.38362779,5.88018809,23.37906341,20.43538716,2.50951023,4.87423155,2021-02-01 00:00:00
000333,000333.SZ,美的集团,10015250,069001002001,016127,白色家电,1239,677858821186.17,661706675816.94,96.33,1.229508196721,7036840249,6869165118,27.20843308,24.90025321,5.76821302,22.93386128,20.04624079,2.4617222,4.78141268,2021-01-29 00:00:00
000333,000333.SZ,美的集团,10015250,069001002001,016127,白色家电,1239,669625718094.84,653669752628.88,95.16,-2.848392036753,7036840249,6869165118,26.87796628,24.59782098,5.69815375,22.65531236,19.80276418,2.43182274,4.72333884,2021-01-28 00:00:00
000333,000333.SZ,美的集团,10015250,069001002001,016127,白色家电,1239,689258502389.55,672834723308.1,97.95,0.010210332857,7036840249,6869165118,27.66600249,25.31900552,5.86521816,23.31954441,20.38336225,2.50312145,4.86182261,2021-01-27 00:00:00
000333,000333.SZ,美的集团,10015250,069001002001,016127,白色家电,1239,689188133987.06,672766031656.92,97.94,-3.96156109041,7036840249,6869165118,27.66317799,25.31642063,5.86461936,23.31716365,20.38128125,2.5028659,4.86132626,2021-01-26 00:00:00
000333,000333.SZ,美的集团,10015250,069001002001,016127,白色家电,1239,717616968593.02,700517458733.64,101.98,1.402008551258,7036840249,6869165118,28.80427702,26.36071652,6.10653342,24.27899069,21.2220039,2.60610848,5.06185472,2021-01-25 00:00:00
000333,000333.SZ,美的集团,10015250,069001002001,016127,白色家电,1239,707695023841.93,690831935917.26,100.57,0.46953046953,7036840249,6869165118,28.40602216,25.99624691,6.02210302,23.94330353,20.92858337,2.5700758,4.9918683,2021-01-22 00:00:00
000333,000333.SZ,美的集团,10015250,069001002001,016127,白色家电,1239,704387708924.9,687603428311.8,100.1,3.967594515995,7036840249,6869165118,28.27327054,25.87475705,5.99395955,23.83140781,20.83077653,2.55806491,4.9685395,2021-01-21 00:00:00
000333,000333.SZ,美的集团,10015250,069001002001,016127,白色家电,1239,677506979173.72,661363217561.04,96.28,1.507643647865,7036840249,6869165118,27.19431057,24.88732875,5.76521904,22.92195748,20.03583581,2.46044445,4.7789309,2021-01-20 00:00:00
000333,000333.SZ,美的集团,10015250,069001002001,016127,白色家电,1239,667444297617.65,651540311442.3,94.85,-4.30790960452,7036840249,6869165118,26.7904067,24.51768937,5.67959104,22.5815088,19.73825328,2.42390066,4.70795176,2021-01-19 00:00:00
000333,000333.SZ,美的集团,10015250,069001002001,016127,白色家电,1239,697491605480.88,680871646496.16,99.12,-0.571772494734,7036840249,6869165118,27.99646929,25.62143775,5.93527743,23.59809333,20.62683886,2.53302091,4.91989645,2021-01-18 00:00:00
000333,000333.SZ,美的集团,10015250,069001002001,016127,白色家电,1239,700832040634.71,684116506825.32,99.69,0.090361445783,7030113759,6862438628,28.13055032,25.74414424,5.96370273,23.7111096,20.72562516,2.54515209,4.94345888,2021-01-15 00:00:00
000333,000333.SZ,美的集团,10015250,069001002001,016127,白色家电,1239,700199330396.4,683498887348.8,99.6,-3.61912134701,7030113759,6862438628,28.10515409,25.72090246,5.95831871,23.68970324,20.70691409,2.54285433,4.93899593,2021-01-14 00:00:00
000333,000333.SZ,美的集团,10015250,069001002001,016127,白色家电,1239,726491955855.06,709164407817.52,103.34,-0.730067243036,7030113759,6862438628,29.16050827,26.68672752,6.18205477,24.57925635,21.48446288,2.63833902,5.12445622,2021-01-13 00:00:00
000333,000333.SZ,美的集团,10015250,069001002001,016127,白色家电,1239,731834842311.9,714379861174.8,104.1,3.069306930693,7030113759,6862438628,29.37496527,26.88299143,6.22751985,24.76002116,21.64246744,2.65774233,5.16214334,2021-01-12 00:00:00
000333,000333.SZ,美的集团,10015250,069001002001,016127,白色家电,1239,710041489659,693106301428,101,-1.951266867294,7030113759,6862438628,28.50020646,26.08244125,6.04207018,24.02269104,20.99797513,2.57859726,5.00841957,2021-01-11 00:00:00
000333,000333.SZ,美的集团,10015250,069001002001,016127,白色家电,1239,724172018314.59,706899803070.28,103.01,-1.726769700439,7030113759,6862438628,29.06738879,26.60150766,6.16231335,24.50076637,21.41585563,2.6299139,5.10809208,2021-01-08 00:00:00
000333,000333.SZ,美的集团,10015250,069001002001,016127,白色家电,1239,736896524218.38,719320816986.96,104.82,3.823296354992,7030113759,6862438628,29.57813506,27.06892566,6.27059204,24.93127203,21.79215598,2.6761244,5.19784692,2021-01-07 00:00:00
000333,000333.SZ,美的集团,10015250,069001002001,016127,白色家电,1239,709760285108.64,692831803882.88,100.96,-0.571203466614,7030113759,6862438628,28.48891925,26.07211157,6.03967728,24.0131771,20.9896591,2.57757603,5.00643604,2021-01-06 00:00:00
000333,000333.SZ,美的集团,10015250,069001002001,016127,白色家电,1239,713837751088.86,696812018287.12,101.54,2.555297444703,7030113759,6862438628,28.6525838,26.22189193,6.07437431,24.15112919,21.11024154,2.59238382,5.03519726,2021-01-05 00:00:00
000333,000333.SZ,美的集团,10015250,069001002001,016127,白色家电,1239,696051563278.59,679450048558.28,99.01,0.57903291345,7030113759,6862438628,27.93866774,25.56853969,5.92302345,23.54937267,20.58425265,2.52779124,4.90973883,2021-01-04 00:00:00
000333,000333.SZ,美的集团,10015250,069001002001,016127,白色家电,1239,692030837341.56,674029839945.92,98.44,2.563033965409,7029975999,6847113368,27.77728066,25.4208436,5.88880924,23.41334026,20.46534819,2.51318951,2.04356371,2020-12-31 00:00:00
000333,000333.SZ,美的集团,10015250,069001002001,016127,白色家电,1239,674343871794.88,656794156171.5,95.98,0.82991910915,7025879056,6843031425,27.06734726,27.8525335,5.97407172,17.47439264,19.9422936,2.44895726,1.99133419,2020-12-30 00:00:00
000333,000333.SZ,美的集团,10015250,069001002001,016127,白色家电,1239,668793427340.64,651388161345.75,95.19,-0.636743215031,7025879056,6843031425,26.84455914,27.6232826,5.92489984,17.33056299,19.77815094,2.42880018,1.97494375,2020-12-29 00:00:00
000333,000333.SZ,美的集团,10015250,069001002001,016127,白色家电,1239,673079213564.8,655562410515,95.8,2.372301773883,7025879056,6843031425,27.01658541,27.80029912,5.962868,17.44162133,19.904894,2.44436451,1.98759966,2020-12-28 00:00:00
000333,000333.SZ,美的集团,10015250,069001002001,016127,白色家电,1239,657481762060.48,640370880751.5,93.58,0.742814081171,7025879056,6843031425,26.39052258,27.15607507,5.8246888,17.0374418,19.44363237,2.38772057,1.94154046,2020-12-25 00:00:00
000333,000333.SZ,美的集团,10015250,069001002001,016127,白色家电,1239,652633905511.84,635649189068.25,92.89,0.967391304348,7025879056,6843031425,26.19593548,26.95584327,5.78174121,16.91181843,19.30026727,2.37011502,1.92722476,2020-12-24 00:00:00
000333,000333.SZ,美的集团,10015250,069001002001,016127,白色家电,1239,646380873152,629558891100,92,2.506963788301,7025879056,6843031425,25.94494632,26.69757326,5.72634505,16.74978249,19.11534706,2.34740642,1.90875959,2020-12-23 00:00:00
000333,000333.SZ,美的集团,10015250,069001002001,016127,白色家电,1239,630572645276,614162070393.75,89.75,1.058439364936,7025879056,6843031425,25.31042318,26.04464348,5.58629857,16.34014107,18.64785216,2.28999702,1.86207797,2020-12-22 00:00:00
000333,000333.SZ,美的集团,10015250,069001002001,016127,白色家电,1239,623968318963.36,607729620854.25,88.81,-0.548712206047,7025879056,6843031425,25.04533351,25.77186393,5.52779026,16.16900199,18.45254318,2.26601265,1.84257542,2020-12-21 00:00:00
000333,000333.SZ,美的集团,10015250,069001002001,016127,白色家电,1239,627410999700.8,611082706252.5,89.3,-0.41262406602,7025879056,6843031425,25.18351855,25.91405753,5.55828927,16.25821279,18.55435318,2.27851514,1.85274164,2020-12-18 00:00:00
000333,000333.SZ,美的集团,10015250,069001002001,016127,白色家电,1239,630010574951.52,613614627879.75,89.67,1.782065834279,7025879056,6843031425,25.28786236,26.0214282,5.58131914,16.32557604,18.63123012,2.2879558,1.86041818,2020-12-17 00:00:00
000333,000333.SZ,美的集团,10015250,069001002001,016127,白色家电,1239,618979944833.6,602871068542.5,88.1,2.764493176251,7025879056,6843031425,24.84510621,25.56582831,5.48359781,16.03973736,18.30502257,2.2478968,1.82784478,2020-12-16 00:00:00
000333,000333.SZ,美的集团,10015250,069001002001,016127,白色家电,1239,602328611470.88,586653084065.25,85.73,1.527711984841,7025879056,6843031425,24.17674183,24.87807561,5.33608219,15.6082484,17.8125946,2.18742557,1.77867347,2020-12-15 00:00:00
000333,000333.SZ,美的集团,10015250,069001002001,016127,白色家电,1239,593265227488.64,577825573527,84.44,0.52380952381,7025879056,6843031425,23.81294856,24.5037292,5.25578887,15.37338732,17.54456419,2.15451085,1.75190934,2020-12-14 00:00:00
000333,000333.SZ,美的集团,10015250,069001002001,016127,白色家电,1239,590173840704,574814639700,84,-1.292596944771,7025879056,6843031425,23.68886403,24.37604515,5.228402,15.29327966,17.45314297,2.14328412,1.74278049,2020-12-11 00:00:00
000333,000333.SZ,美的集团,10015250,069001002001,016127,白色家电,1239,597902307665.6,582341974267.5,85.1,1.842987075156,7025879056,6843031425,23.99907535,24.69525527,5.29686917,15.4935488,17.68169603,2.17135094,1.76560262,2020-12-10 00:00:00
000333,000333.SZ,美的集团,10015250,069001002001,016127,白色家电,1239,587082453919.36,571803705873,83.56,-3.621683967705,7025879056,6843031425,23.56477951,24.24836111,5.20101513,15.21317201,17.36172174,2.13205739,1.73365164,2020-12-09 00:00:00
000333,000333.SZ,美的集团,10015250,069001002001,016127,白色家电,1239,609143714155.2,593290824547.5,86.7,-1.544401544402,7025879056,6843031425,24.45029181,25.15956089,5.39645778,15.78484937,18.01413685,2.21217539,1.79879844,2020-12-08 00:00:00
000333,000333.SZ,美的集团,10015250,069001002001,016127,白色家电,1239,618698909671.36,602597347285.5,88.06,-0.339520144862,7025879056,6843031425,24.8338258,25.55422067,5.4811081,16.03245485,18.29671154,2.24687619,1.82701488,2020-12-07 00:00:00
000333,000333.SZ,美的集团,10015250,069001002001,016127,白色家电,1239,620806673388.16,604650256713,88.36,-1.383928571429,7025879056,6843031425,24.91842888,25.64127797,5.49978096,16.0870737,18.3590442,2.25453077,1.8332391,2020-12-04 00:00:00
000333,000333.SZ,美的集团,10015250,069001002001,016127,白色家电,1239,629518763417.6,613135615680,89.6,-0.344789233678,7025879056,6843031425,25.26812164,26.00111483,5.57696213,16.31283164,18.61668583,2.28616973,1.85896586,2020-12-03 00:00:00
000333,000333.SZ,美的集团,10015250,069001002001,016127,白色家电,1239,631696785924.96,615256955421.75,89.91,2.263421292084,7025879056,6843031425,25.35554483,26.09107405,5.59625743,16.36927113,18.68109624,2.29407947,1.86539755,2020-12-02 00:00:00
000333,000333.SZ,美的集团,10015250,069001002001,016127,白色家电,1239,617715286603.52,601639322886,87.92,1.232009211284,7025879056,6843031425,24.79434436,25.51359393,5.47239409,16.00696605,18.26762297,2.24330405,1.82411025,2020-12-01 00:00:00
000333,000333.SZ,美的集团,10015250,069001002001,016127,白色家电,1239,610197596013.6,594317279261.25,86.85,-1.082004555809,7025879056,6843031425,24.49259335,25.20308954,5.40579421,15.8121588,18.04530318,2.21600269,1.80191055,2020-11-30 00:00:00
000333,000333.SZ,美的集团,10015250,069001002001,016127,白色家电,1239,616872181116.8,600818159115,87.8,0.896345667663,7025879056,6843031425,24.76050312,25.47877101,5.46492495,15.98511851,18.24268991,2.24024221,1.82162056,2020-11-27 00:00:00
000333,000333.SZ,美的集团,10015250,069001002001,016127,白色家电,1239,611391995453.12,595480594603.5,87.02,-2.83608753908,7025879056,6843031425,24.5405351,25.25242202,5.4163755,15.84310948,18.08062501,2.22034029,1.8054376,2020-11-26 00:00:00
000333,000333.SZ,美的集团,10015250,069001002001,016127,白色家电,1239,629237728255.36,612861894423,89.56,-1.202426916713,7025879056,6843031425,25.25684123,25.98950719,5.57447242,16.30554913,18.60837481,2.28514912,1.85813596,2020-11-25 00:00:00
000333,000333.SZ,美的集团,10015250,069001002001,016127,白色家电,1239,636895936426.4,620320798676.25,90.65,-3.017010805606,7025879056,6843031425,25.56423244,26.3058154,5.64231716,16.50399764,18.83485012,2.31296078,1.88075062,2020-11-24 00:00:00
000333,000333.SZ,美的集团,10015250,069001002001,016127,白色家电,1239,656708915364.32,639618147294.75,93.47,2.052625832514,7025879056,6843031425,26.35950144,27.12415405,5.81784208,17.01741488,19.42077706,2.38491389,1.93925825,2020-11-23 00:00:00
000333,000333.SZ,美的集团,10015250,069001002001,016127,白色家电,1239,643500262739.04,626753248215.75,91.59,-2.563829787234,7025879056,6843031425,25.82932211,26.57859495,5.70082547,16.67513672,19.0301591,2.33694515,1.90025316,2020-11-20 00:00:00
000333,000333.SZ,美的集团,10015250,069001002001,016127,白色家电,1239,660432631264,643244953950,94,5.274946802553,7025879056,6843031425,26.5089669,27.27795529,5.85083081,17.1139082,19.53089808,2.39843699,1.95025436,2020-11-19 00:00:00
000333,000333.SZ,美的集团,10015250,069001002001,016127,白色家电,1239,627340740910.24,611014275938.25,89.29,-0.700622775801,7025879056,6843031425,25.18069845,25.91115562,5.55766684,16.25639216,18.55227542,2.27825999,1.85253417,2020-11-18 00:00:00
000333,000333.SZ,美的集团,10015250,069001002001,016127,白色家电,1239,631767044715.52,615325385736,89.92,0.626678603402,7025879056,6843031425,25.35836493,26.09397596,5.59687986,16.37109175,18.683174,2.29433462,1.86560502,2020-11-17 00:00:00
000333,000333.SZ,美的集团,10015250,069001002001,016127,白色家电,1239,627832552444.16,611493288138,89.36,-1.28148475475,7025879056,6843031425,25.20043917,25.93146899,5.56202384,16.26913656,18.56681971,2.28004606,1.85398649,2020-11-16 00:00:00
000333,000333.SZ,美的集团,10015250,069001002001,016127,白色家电,1239,635982572149.12,619431204591,90.52,-0.088300220751,7025879056,6843031425,25.5275711,26.26809056,5.63422559,16.48032947,18.8078393,2.30964379,1.87805346,2020-11-13 00:00:00
000333,000333.SZ,美的集团,10015250,069001002001,016127,白色家电,1239,636544642473.6,619978647105,90.6,2.837684449489,7025879056,6843031425,25.55013192,26.29130584,5.63920502,16.49489449,18.82446134,2.31168501,1.87971325,2020-11-12 00:00:00
000333,000333.SZ,美的集团,10015250,069001002001,016127,白色家电,1239,618979944833.6,602871068542.5,88.1,-1.739906312737,7025879056,6843031425,24.84510621,25.56582831,5.48359781,16.03973736,18.30502257,2.2478968,1.82784478,2020-11-11 00:00:00
000333,000333.SZ,美的集团,10015250,069001002001,016127,白色家电,1239,629940316160.96,613546197565.5,89.66,-1.168430335097,7025879056,6843031425,25.28504225,26.01852629,5.58069671,16.32375541,18.62915236,2.28770064,1.8602107,2020-11-10 00:00:00
000333,000333.SZ,美的集团,10015250,069001002001,016127,白色家电,1239,637387747960.32,620799810876,90.72,0.643443532283,7025879056,6843031425,25.58397316,26.32612877,5.64667416,16.51674204,18.84939441,2.31474685,1.88220293,2020-11-09 00:00:00
000333,000333.SZ,美的集团,10015250,069001002001,016127,白色家电,1239,633312738107.84,616830852649.5,90.14,4.680060387876,7025879056,6843031425,25.42040719,26.15781798,5.61057329,16.41114558,18.72888461,2.29994798,1.87016945,2020-11-06 00:00:00
000333,000333.SZ,美的集团,10015250,069001002001,016127,白色家电,1239,604998445512.16,589253436006.75,86.11,0.525332710717,7025879056,6843031425,24.28390574,24.98834819,5.35973448,15.67743228,17.8915493,2.19712138,1.78655748,2020-11-05 00:00:00
000333,000333.SZ,美的集团,10015250,069001002001,016127,白色家电,1239,601836799936.96,586174071865.5,85.66,3.767413688674,7025879056,6843031425,24.15700111,24.85776224,5.33172518,15.595504,17.79805032,2.1856395,1.77722116,2020-11-04 00:00:00
000333,000333.SZ,美的集团,10015250,069001002001,016127,白色家电,1239,579986316072.8,564892244133.75,82.55,-1.019184652278,7025879056,6843031425,23.27994912,23.95526818,5.13814982,15.02928853,17.15186848,2.10628695,1.71269678,2020-11-03 00:00:00
000333,000333.SZ,美的集团,10015250,069001002001,016127,白色家电,1239,585958313270.4,570708820845,83.4,7.10157955567,7025879056,6843031425,23.51965786,24.20193055,5.19105627,15.18404195,17.32847766,2.12797495,1.73033206,2020-11-02 00:00:00
000333,000333.SZ,美的集团,10015250,069001002001,016127,白色家电,1239,547105202090.72,532866857064.75,77.87,-4.077358955408,7025879056,6843031425,23.83646407,22.59717424,4.84685314,14.17723437,15.53922757,2.06636367,1.61559901,2020-10-30 00:00:00
000333,000333.SZ,美的集团,10015250,069001002001,016127,白色家电,1239,570360861766.08,555517291081.5,81.18,5.827141181072,7025879056,6843031425,24.8496745,23.5577065,5.05287708,14.77986242,16.19974951,2.15419806,1.68427286,2020-10-29 00:00:00
000333,000333.SZ,美的集团,10015250,069001002001,016127,白色家电,1239,538955182385.76,524928940611.75,76.71,1.320829480914,7025879056,6843031425,23.48138126,22.26055266,4.7746514,13.96604146,15.30774556,2.03558183,1.59153204,2020-10-28 00:00:00
000333,000333.SZ,美的集团,10015250,069001002001,016127,白色家电,1239,531929303329.76,518085909186.75,75.71,-1.239238194626,7025879056,6843031425,23.17527539,21.97036165,4.71240852,13.78397861,15.10819211,2.00904576,1.57078466,2020-10-27 00:00:00
000333,000333.SZ,美的集团,10015250,069001002001,016127,白色家电,1239,538603888432.96,524586789040.5,76.66,2.063639994674,7025879056,6843031425,23.46607597,22.24604311,4.77153926,13.95693832,15.29776789,2.03425503,1.59049467,2020-10-26 00:00:00
000333,000333.SZ,美的集团,10015250,069001002001,016127,白色家电,1239,527713775896.16,513980090331.75,75.11,-4.196428571429,7025879056,6843031425,22.99161187,21.79624704,4.67506279,13.6747409,14.98846004,1.99312412,1.55833623,2020-10-23 00:00:00
000333,000333.SZ,美的集团,10015250,069001002001,016127,白色家电,1239,550828917990.4,536493663720,78.4,1.161290322581,7025879056,6843031425,23.99870018,22.75097548,4.87984187,14.27372769,15.6449909,2.08042779,1.62659513,2020-10-22 00:00:00
000333,000333.SZ,美的集团,10015250,069001002001,016127,白色家电,1239,544505626840,530334935437.5,77.5,1.572739187418,7025879056,6843031425,23.7232049,22.48980356,4.82382328,14.10987112,15.46539279,2.05654533,1.60792248,2020-10-21 00:00:00
000333,000333.SZ,美的集团,10015250,069001002001,016127,白色家电,1239,536074571972.8,522123297727.5,76.3,1.733333333333,7025879056,6843031425,23.35587786,22.14157435,4.74913182,13.89139569,15.22592865,2.02470205,1.58302562,2020-10-20 00:00:00
000333,000333.SZ,美的集团,10015250,069001002001,016127,白色家电,1239,526940929200,513227356875,75,0.267379679144,7025879056,6843031425,22.95794022,21.76432603,4.66821607,13.65471399,14.96650916,1.99020516,1.55605401,2020-10-19 00:00:00
000333,000333.SZ,美的集团,10015250,069001002001,016127,白色家电,1239,525535753388.8,511858750590,74.8,-1.708278580815,7025879056,6843031425,22.89671905,21.70628783,4.6557675,13.61830141,14.92659847,1.98489794,1.55190454,2020-10-16 00:00:00
000333,000333.SZ,美的集团,10015250,069001002001,016127,白色家电,1239,534669396161.6,520754691442.5,76.1,1.129568106312,7025879056,6843031425,23.29465668,22.08353615,4.73668324,13.85498312,15.18601796,2.01939483,1.57887614,2020-10-15 00:00:00
000333,000333.SZ,美的集团,10015250,069001002001,016127,白色家电,1239,528697398964,514938114731.25,75.25,-0.843325866386,7025879056,6843031425,23.03446669,21.83687378,4.68377679,13.7002297,15.01639752,1.99683917,1.56124086,2020-10-14 00:00:00
000333,000333.SZ,美的集团,10015250,069001002001,016127,白色家电,1239,533193961559.84,519317654843.25,75.89,2.581778859151,7025879056,6843031425,23.23037445,22.02259603,4.72361224,13.81674992,15.14411173,2.01382226,1.57451919,2020-10-13 00:00:00
000333,000333.SZ,美的集团,10015250,069001002001,016127,白色家电,1239,519774532562.88,506247464821.5,73.98,0.80392424036,7025879056,6843031425,22.64571224,21.4683312,4.60472833,13.46900988,14.76296463,1.96313837,1.53489168,2020-10-12 00:00:00
000333,000333.SZ,美的集团,10015250,069001002001,016127,白色家电,1239,515629263919.84,502210076280.75,73.39,1.088154269972,7025879056,6843031425,22.46510977,21.2971185,4.56800503,13.36159279,14.64522809,1.94748209,1.52265072,2020-10-09 00:00:00
000333,000333.SZ,美的集团,10015250,069001002001,016127,白色家电,1239,509871402136.8,496596664126.2,72.6,0.207039337474,7023022068,6840174437,22.21424931,21.05930061,4.51699563,13.2123883,14.48168967,1.9257352,1.50564778,2020-09-30 00:00:00
000333,000333.SZ,美的集团,10015250,069001002001,016127,白色家电,1239,508817948826.6,495570637960.65,72.45,2.186177715092,7023022068,6840174437,22.1683521,21.01578965,4.84684952,13.18508997,14.45176882,1.9217564,1.50253694,2020-09-29 00:00:00
000333,000333.SZ,美的集团,10015250,069001002001,016127,白色家电,1239,497932264621.2,484968367583.3,70.9,0.853485064011,7023022068,6840174437,21.69408094,20.56617649,4.74315571,12.9030073,14.14258674,1.88064222,1.47039157,2020-09-28 00:00:00
000333,000333.SZ,美的集团,10015250,069001002001,016127,白色家电,1239,493718451380.4,480864262921.1,70.3,-0.227079193869,7023022068,6840174437,21.5104921,20.39213268,4.70301617,12.79381401,14.02290335,1.86472706,1.4579482,2020-09-25 00:00:00
000333,000333.SZ,美的集团,10015250,069001002001,016127,白色家电,1239,494842134911.28,481958690831.02,70.46,-0.858308709723,7023022068,6840174437,21.55944912,20.43854436,4.71372004,12.82293222,14.05481892,1.8689711,1.46126643,2020-09-24 00:00:00
000333,000333.SZ,美的集团,10015250,069001002001,016127,白色家电,1239,499126178372.76,486131197237.59,71.07,1.68836743454,7023022068,6840174437,21.74609777,20.6154889,4.75452858,12.9339454,14.17649703,1.88515152,1.47391719,2020-09-23 00:00:00
000333,000333.SZ,美的集团,10015250,069001002001,016127,白色家电,1239,490839012332.52,478059791401.93,69.89,-0.199914322433,7023022068,6840174437,21.38503973,20.27320275,4.67558748,12.71919859,13.94111971,1.85385169,1.44944523,2020-09-22 00:00:00
000333,000333.SZ,美的集团,10015250,069001002001,016127,白色家电,1239,491822235422.04,479017415823.11,70.03,-0.355719977234,7023022068,6840174437,21.42787712,20.31381297,4.68495337,12.74467703,13.96904583,1.85756523,1.45234868,2020-09-21 00:00:00
000333,000333.SZ,美的集团,10015250,069001002001,016127,白色家电,1239,493577990939.04,480727459432.36,70.28,-0.453257790368,7023022068,6840174437,21.50437247,20.38633122,4.70167818,12.79017423,14.01891391,1.86419655,1.45753342,2020-09-18 00:00:00
000333,000333.SZ,美的集团,10015250,069001002001,016127,白色家电,1239,495825358000.8,482916315252.2,70.6,1.349411426931,7023022068,6840174437,21.60228652,20.47915458,4.72308594,12.84841066,14.08274505,1.87268464,1.46416988,2020-09-17 00:00:00
000333,000333.SZ,美的集团,10015250,069001002001,016127,白色家电,1239,489223717256.88,476486551281.42,69.66,-1.079238852599,7023022068,6840174437,21.31466401,20.20648595,4.66020066,12.67734117,13.89524108,1.84775088,1.44467527,2020-09-16 00:00:00
000333,000333.SZ,美的集团,10015250,069001002001,016127,白色家电,1239,494561214028.56,481685083853.54,70.42,3.558823529412,7023022068,6840174437,21.54720987,20.42694144,4.71104407,12.81565267,14.04684003,1.86791009,1.46043687,2020-09-15 00:00:00
000333,000333.SZ,美的集团,10015250,069001002001,016127,白色家电,1239,477565500624,465131861716,68,2.750075551526,7023022068,6840174437,20.80673489,19.72496475,4.54914793,12.37523973,13.56411704,1.80371892,1.41024861,2020-09-14 00:00:00
000333,000333.SZ,美的集团,10015250,069001002001,016127,白色家电,1239,464783600460.24,452682744240.66,66.18,0.424886191199,7023022068,6840174437,20.24984875,19.19703187,4.42739132,12.04402007,13.20107744,1.75544291,1.37250372,2020-09-11 00:00:00
000333,000333.SZ,美的集团,10015250,069001002001,016127,白色家电,1239,462817154281.2,450767495398.3,65.9,1.603453592353,7023022068,6840174437,20.16417396,19.11581143,4.40865954,11.99306321,13.14522519,1.74801583,1.36669682,2020-09-10 00:00:00
000333,000333.SZ,美的集团,10015250,069001002001,016127,白色家电,1239,455513211330.48,443653713983.82,64.86,-3.02033492823,7023022068,6840174437,19.84595331,18.8141355,4.33908433,11.80379483,12.93777399,1.72042954,1.34512831,2020-09-09 00:00:00
000333,000333.SZ,美的集团,10015250,069001002001,016127,白色家电,1239,469699715907.84,457470866346.56,66.88,0.269865067466,7023022068,6840174437,20.46403573,19.40008298,4.47422078,12.17141225,13.34070806,1.7740106,1.38702099,2020-09-08 00:00:00
000333,000333.SZ,美的集团,10015250,069001002001,016127,白色家电,1239,468435571935.6,456239634947.9,66.7,-3.038232301207,7023022068,6840174437,20.40895908,19.34786984,4.46217892,12.13865426,13.30480304,1.76923605,1.38328798,2020-09-07 00:00:00
000333,000333.SZ,美的集团,10015250,069001002001,016127,白色家电,1239,483113688057.72,470535599521.23,68.79,-3.017059072325,7023022068,6840174437,21.04846019,19.95412243,4.60199832,12.51901089,13.72170017,1.82467389,1.42663238,2020-09-04 00:00:00
000333,000333.SZ,美的集团,10015250,069001002001,016127,白色家电,1239,498142955283.24,485173572816.41,70.93,0,7023022068,6840174437,21.70326038,20.57487868,4.74516268,12.90846697,14.14857091,1.88143798,1.47101374,2020-09-03 00:00:00
000333,000333.SZ,美的集团,10015250,069001002001,016127,白色家电,1239,498142955283.24,485173572816.41,70.93,-1.073919107392,7023022068,6840174437,21.70326038,20.57487868,4.74516268,12.90846697,14.14857091,1.88143798,1.47101374,2020-09-02 00:00:00
000333,000333.SZ,美的集团,10015250,069001002001,016127,白色家电,1239,503550682275.6,490440507132.9,71.7,1.644457045648,7023022068,6840174437,21.93886605,20.7982349,4.79667509,13.04859836,14.30216459,1.90186245,1.48698273,2020-09-01 00:00:00
000333,000333.SZ,美的集团,10015250,069001002001,016127,白色家电,1239,495403976676.72,482505904785.98,70.54,0.369948776323,7023022068,6840174437,21.58392763,20.4617502,4.71907198,12.83749133,14.07077671,1.87109312,1.46292554,2020-08-31 00:00:00
000333,000333.SZ,美的集团,10015250,069001002001,016127,白色家电,1239,493577990939.04,480727459432.36,70.28,3.368142373879,7023022068,6840174437,21.56005159,20.38633122,4.70167818,12.79017423,14.34143567,1.88219009,1.45753342,2020-08-28 00:00:00
000333,000333.SZ,美的集团,10015250,069001002001,016127,白色家电,1239,477411901813.21,464980091381.52,67.99,-1.87617260788,7021795879,6838948248,20.85389831,19.71862064,4.54768479,12.37125949,13.87171269,1.82054299,1.40979503,2020-08-27 00:00:00
000333,000333.SZ,美的集团,10015250,069001002001,016127,白色家电,1239,486540236455.91,473870724103.92,69.29,-0.985995998857,7021795879,6838948248,21.25263442,20.09564971,4.63463861,12.60780365,14.1369462,1.85535261,1.43675096,2020-08-26 00:00:00
000333,000333.SZ,美的集团,10015250,069001002001,016127,白色家电,1239,491385275612.42,478589598395.04,69.98,-0.554213443229,7021795879,6838948248,21.46427127,20.29576515,4.68079102,12.73335401,14.27772399,1.87382848,1.45105834,2020-08-25 00:00:00
000333,000333.SZ,美的集团,10015250,069001002001,016127,白色家电,1239,494123776005.23,481256788211.76,70.37,1.426924185644,7021795879,6838948248,21.58389211,20.40887387,4.70687717,12.80431726,14.35729404,1.88427136,1.45914512,2020-08-24 00:00:00
000333,000333.SZ,美的集团,10015250,069001002001,016127,白色家电,1239,487172198085.02,474486229446.24,69.38,0.492468134415,7021795879,6838948248,21.28023923,20.12175173,4.64065849,12.62417979,14.15530852,1.8577625,1.43861714,2020-08-21 00:00:00
000333,000333.SZ,美的集团,10015250,069001002001,016127,白色家电,1239,484784787486.16,472160987041.92,69.04,-1.540216771249,7021795879,6838948248,21.1759544,20.02314412,4.61791672,12.56231439,14.08593976,1.84865845,1.43156713,2020-08-20 00:00:00
000333,000333.SZ,美的集团,10015250,069001002001,016127,白色家电,1239,492368327035.48,479547051149.76,70.12,-2.339832869081,7021795879,6838948248,21.50721209,20.33636828,4.69015528,12.758828,14.3062876,1.87757721,1.45396129,2020-08-19 00:00:00
000333,000333.SZ,美的集团,10015250,069001002001,016127,白色家电,1239,504164944112.2,491036484206.4,71.8,-0.457507278525,7021795879,6838948248,22.02250182,20.82360585,4.80252637,13.06451583,14.64905091,1.92256194,1.48879664,2020-08-18 00:00:00
000333,000333.SZ,美的集团,10015250,069001002001,016127,白色家电,1239,506482136752.27,493293337128.24,72.13,0.124930594114,7021795879,6838948248,22.12371945,20.91931323,4.82459926,13.12456166,14.71637941,1.93139823,1.4956393,2020-08-17 00:00:00
000333,000333.SZ,美的集团,10015250,069001002001,016127,白色家电,1239,505850175123.16,492677831785.92,72.04,2.899585773461,7021795879,6838948248,22.09611464,20.89321122,4.81857938,13.10818553,14.69801709,1.92898833,1.49377312,2020-08-14 00:00:00
000333,000333.SZ,美的集团,10015250,069001002001,016127,白色家电,1239,491595929488.79,478794766842.48,70.01,0.502440424921,7021795879,6838948248,21.47347288,20.30446582,4.68279765,12.73881272,14.28384476,1.87463178,1.4516804,2020-08-13 00:00:00
000333,000333.SZ,美的集团,10015250,069001002001,016127,白色家电,1239,489138300931.14,476401134955.68,69.66,-2.300140252454,7021795879,6838948248,21.36612085,20.20295799,4.65938701,12.67512776,14.21243574,1.86525996,1.44442303,2020-08-12 00:00:00
000333,000333.SZ,美的集团,10015250,069001002001,016127,白色家电,1239,500654046172.7,487617010082.4,71.3,-0.972222222222,7021795879,6838948248,21.86914178,20.67859467,4.76908259,12.97353731,14.54703802,1.90917363,1.47842897,2020-08-11 00:00:00
000333,000333.SZ,美的集团,10015250,069001002001,016127,白色家电,1239,505569303288,492404273856,72,2.055279943303,7021795879,6838948248,22.08384584,20.88161032,4.81590388,13.10090724,14.68985606,1.92791727,1.4929437,2020-08-10 00:00:00
000333,000333.SZ,美的集团,10015250,069001002001,016127,白色家电,1239,495387699263.45,482487798896.4,70.55,-0.070821529745,7021795879,6838948248,21.63910172,20.46107789,4.71891693,12.83706953,14.39401868,1.88909116,1.46287748,2020-08-07 00:00:00
000333,000333.SZ,美的集团,10015250,069001002001,016127,白色家电,1239,495738789057.4,482829746308.8,70.6,-1.120448179272,7021795879,6838948248,21.65443773,20.47557901,4.72226131,12.84616738,14.40421997,1.89042999,1.46391424,2020-08-06 00:00:00
000333,000333.SZ,美的集团,10015250,069001002001,016127,白色家电,1239,501356225760.6,488300904907.2,71.4,-0.902151283831,7021795879,6838948248,21.89981379,20.70759691,4.77577135,12.99173302,14.56744059,1.91185129,1.48050251,2020-08-05 00:00:00
000333,000333.SZ,美的集团,10015250,069001002001,016127,白色家电,1239,505920393081.95,492746221268.4,72.05,-0.606980273141,7021795879,6838948248,22.09918184,20.89611144,4.81924826,13.1100051,14.70005735,1.9292561,1.49398047,2020-08-04 00:00:00
000333,000333.SZ,美的集团,10015250,069001002001,016127,白色家电,1239,509009983268.71,495755358497.52,72.49,1.031358885017,7021795879,6838948248,22.23413868,21.02372128,4.84867878,13.1900662,14.78982869,1.94103782,1.50310402,2020-08-03 00:00:00
000333,000333.SZ,美的集团,10015250,069001002001,016127,白色家电,1239,503813854318.25,490694536794,71.75,1.099055939129,7021795879,6838948248,22.00716582,20.80910473,4.79918199,13.05541798,14.63884962,1.92122311,1.48775987,2020-07-31 00:00:00
000333,000333.SZ,美的集团,10015250,069001002001,016127,白色家电,1239,498494300477.63,485360157160.56,70.97,-0.921401647354,7024014379,6838948248,21.77480162,20.58939034,4.74850949,12.91757144,14.4842843,1.90093774,1.47205126,2020-07-30 00:00:00
000333,000333.SZ,美的集团,10015250,069001002001,016127,白色家电,1239,502750720700.41,489494433736.88,71.63,6.735210847862,7018717307,6833651176,21.96072693,20.76519395,4.7890549,13.02786881,14.60795913,1.917169,1.48462044,2020-07-29 00:00:00
000333,000333.SZ,美的集团,10015250,069001002001,016127,白色家电,1239,471026118472.77,458606330421.36,67.11,-0.10419767788,7018717307,6833651176,20.57495999,19.4548676,4.4868557,12.20578355,13.68616693,1.7961917,1.39093785,2020-07-28 00:00:00
000333,000333.SZ,美的集团,10015250,069001002001,016127,白色家电,1239,471517428684.26,459084686003.68,67.18,1.022556390977,7018717307,6833651176,20.59642098,19.47516027,4.49153578,12.21851496,13.70044248,1.79806525,1.39238868,2020-07-27 00:00:00
000333,000333.SZ,美的集团,10015250,069001002001,016127,白色家电,1239,466744700915.5,454437803204,66.5,-5.257159139479,7018717307,6833651176,20.38794277,19.27803152,4.44607218,12.09483842,13.56176577,1.77986512,1.37829484,2020-07-24 00:00:00
000333,000333.SZ,美的集团,10015250,069001002001,016127,白色家电,1239,492643767778.33,479653976043.44,70.19,4.216778025241,7018717307,6833651176,21.51924365,20.34774485,4.69277905,12.76596554,14.31429082,1.87862756,1.45477466,2020-07-23 00:00:00
000333,000333.SZ,美的集团,10015250,069001002001,016127,白色家电,1239,472710610626.45,460246406703.6,67.35,0,7018717307,6833651176,20.64854053,19.52444245,4.50290168,12.2494341,13.73511165,1.80261528,1.39591214,2020-07-22 00:00:00
000333,000333.SZ,美的集团,10015250,069001002001,016127,白色家电,1239,472710610626.45,460246406703.6,67.35,-0.044523597507,7018717307,6833651176,20.64854053,19.52444245,4.50290168,12.2494341,13.73511165,1.80261528,1.39591214,2020-07-21 00:00:00
000333,000333.SZ,美的集团,10015250,069001002001,016127,白色家电,1239,472921172145.66,460451416238.88,67.38,5.446009389671,7018717307,6833651176,20.6577381,19.53313931,4.50490743,12.25489042,13.74122974,1.80341822,1.39653393,2020-07-20 00:00:00
000333,000333.SZ,美的集团,10015250,069001002001,016127,白色家电,1239,448496035917.3,436670310146.4,63.9,4.514229636899,7018717307,6833651176,19.59082019,18.52430397,4.27224079,11.62195752,13.03153132,1.71027641,1.32440662,2020-07-17 00:00:00
000333,000333.SZ,美的集团,10015250,069001002001,016127,白色家电,1239,429124376149.98,417809432900.64,61.14,-2.921562400762,7018717307,6833651176,18.74464392,17.72419319,4.08771208,11.11997625,12.46866706,1.63640532,1.26720221,2020-07-16 00:00:00
000333,000333.SZ,美的集团,10015250,069001002001,016127,白色家电,1239,442038815994.86,430383351064.48,62.98,1.843467011643,7018717307,6833651176,19.30876144,18.25760038,4.21073122,11.45463043,12.8439099,1.68565271,1.30533848,2020-07-15 00:00:00
000333,000333.SZ,美的集团,10015250,069001002001,016127,白色家电,1239,434037478264.88,422592988723.84,61.84,-2.229249011858,7018717307,6833651176,18.95925385,17.92711984,4.13451284,11.24729034,12.61142249,1.65514074,1.28171057,2020-07-14 00:00:00
000333,000333.SZ,美的集团,10015250,069001002001,016127,白色家电,1239,443933869667.75,434331183132,63.25,-0.236593059937,7018717307,6866896176,19.39153955,18.33587209,4.22878294,11.50373729,12.89897271,1.69287923,1.31093457,2020-07-13 00:00:00
000333,000333.SZ,美的集团,10015250,069001002001,016127,白色家电,1239,444986677263.8,435361217558.4,63.4,-2.431517389966,7018717307,6866896176,19.43752739,18.37935637,4.23881168,11.53101888,12.92956316,1.69689396,1.3140435,2020-07-10 00:00:00
000333,000333.SZ,美的集团,10015250,069001002001,016127,白色家电,1239,455300455233.6,445441291241.22,64.98,1.562988433886,7006778320,6855052189,19.88804502,18.805348,4.33705768,11.79828165,13.22924099,1.7362241,1.34450004,2020-07-09 00:00:00
000333,000333.SZ,美的集团,10015250,069001002001,016127,白色家电,1239,448293676913.6,438586239052.22,63.98,-0.621310966139,7006778320,6855052189,19.58198092,18.51594591,4.27031318,11.61671375,13.02565157,1.70950474,1.32380906,2020-07-08 00:00:00
000333,000333.SZ,美的集团,10015250,069001002001,016127,白色家电,1239,451096388241.6,441328259927.82,64.38,0.54661877245,7006778320,6855052189,19.70440656,18.63170674,4.29701098,11.68934091,13.10708734,1.72019249,1.33208545,2020-07-07 00:00:00
000333,000333.SZ,美的集团,10015250,069001002001,016127,白色家电,1239,448644015829.6,438928991661.67,64.03,2.628626382433,7006778320,6855052189,19.59728413,18.53041601,4.2736504,11.62579215,13.03583104,1.71084071,1.32484361,2020-07-06 00:00:00
000333,000333.SZ,美的集团,10015250,069001002001,016127,白色家电,1239,437152899384.8,427686706071.71,62.39,-0.8895949166,7006778320,6855052189,19.09533901,18.05579658,4.16418942,11.3280208,12.70194438,1.66702096,1.2909104,2020-07-03 00:00:00
000333,000333.SZ,美的集团,10015250,069001002001,016127,白色家电,1239,441076695244,431525535297.55,62.95,0.816784112748,7006778320,6855052189,19.2667349,18.21786175,4.20156634,11.42969882,12.81595446,1.6819838,1.30249735,2020-07-02 00:00:00
000333,000333.SZ,美的集团,10015250,069001002001,016127,白色家电,1239,437503238300.8,428029458681.16,62.44,4.432179294196,7006778320,6855052189,19.11064221,18.07026668,4.16752665,11.3370992,12.71212385,1.66835693,1.29194494,2020-07-01 00:00:00
000333,000333.SZ,美的集团,10015250,069001002001,016127,白色家电,1239,418935275752.8,409642100746.56,59.79,-0.266889074229,7006778320,6851348064,18.29957236,17.30335114,3.99065372,10.85594428,12.17261187,1.59755062,1.23711384,2020-06-30 00:00:00
000333,000333.SZ,美的集团,10015250,069001002001,016127,白色家电,1239,420056360284,410738316436.8,59.95,0.418760469012,7006778320,6851348064,18.34854261,17.34965547,3.96261488,10.88499515,12.20518617,1.60182572,1.2404244,2020-06-29 00:00:00
000333,000333.SZ,美的集团,10015250,069001002001,016127,白色家电,1239,418304665704,409025479420.8,59.7,1.186440677966,7006778320,6851348064,18.27202659,17.27730495,3.94609021,10.83960317,12.15428882,1.59514588,1.23525165,2020-06-24 00:00:00
000333,000333.SZ,美的集团,10015250,069001002001,016127,白色家电,1239,413399920880,404229535776,59,-0.152310035539,7006778320,6851348064,18.05778172,17.07472348,3.89982115,10.71250565,12.01177622,1.57644232,1.22076796,2020-06-23 00:00:00
000333,000333.SZ,美的集团,10015250,069001002001,016127,白色家电,1239,413732386247.53,404567512120.49,59.09,-1.137694495566,7001732717,6846632461,18.07230419,17.08845536,3.90295747,10.72112088,12.02143635,1.57771013,1.22174973,2020-06-22 00:00:00
000333,000333.SZ,美的集团,10015250,069001002001,016127,白色家电,1239,418493564495.09,408892544668.97,59.77,3.318928262748,7001732717,6841099961,18.2802779,17.28510707,3.9478722,10.84449814,12.15977747,1.59586621,1.23580947,2020-06-19 00:00:00
000333,000333.SZ,美的集团,10015250,069001002001,016127,白色家电,1239,405050237678.45,395757632743.85,57.85,-0.086355785838,7001732717,6841099961,17.693058,16.72985518,3.82105415,10.49613882,11.76916725,1.54460198,1.19611139,2020-06-18 00:00:00
000333,000333.SZ,美的集团,10015250,069001002001,016127,白色家电,1239,405400324314.3,396099687741.9,57.9,-1.864406779661,7001732717,6841099961,17.70835018,16.74431486,3.8243567,10.50521068,11.7793394,1.54593699,1.19714519,2020-06-17 00:00:00
000333,000333.SZ,美的集团,10015250,069001002001,016127,白色家电,1239,412968571585,403491238981,59,1.724137931034,6999467315,6838834559,18.03893989,17.0569074,3.895752,10.70132802,11.9992429,1.57479743,1.21949419,2020-06-16 00:00:00
000333,000333.SZ,美的集团,10015250,069001002001,016127,白色家电,1239,405969104270,396652404422,58,-3.301100366789,6999467315,6838834559,17.73319514,16.76780727,3.82972231,10.51994958,11.7958659,1.54810595,1.1988248,2020-06-15 00:00:00
000333,000333.SZ,美的集团,10015250,069001002001,016127,白色家电,1239,419828049553.7,410193296848.82,59.98,0.536372779081,6999467315,6838834559,18.33856974,17.34022552,3.9604611,10.87907889,12.19855236,1.60095508,1.2397502,2020-06-12 00:00:00
000333,000333.SZ,美的集团,10015250,069001002001,016127,白色家电,1239,417588220012.9,408004869789.94,59.66,-1.094164456233,6999467315,6838834559,18.24073142,17.24771348,3.9393316,10.82103779,12.13347172,1.59241381,1.23313599,2020-06-11 00:00:00
000333,000333.SZ,美的集团,10015250,069001002001,016127,白色家电,1239,422207868440.8,412518500598.88,60.32,-0.560501153973,6999467315,6838834559,18.44252295,17.43851956,3.9829112,10.94074756,12.26770054,1.61003019,1.24677779,2020-06-10 00:00:00
000333,000333.SZ,美的集团,10015250,069001002001,016127,白色家电,1239,424587687327.9,414843704348.94,60.66,0.831117021277,6999467315,6838834559,18.54647616,17.5368136,4.0053613,11.00241623,12.33684872,1.61910529,1.25380538,2020-06-09 00:00:00
000333,000333.SZ,美的集团,10015250,069001002001,016127,白色家电,1239,421087953670.4,411424287069.44,60.16,2.052586938083,6999467315,6838834559,18.39360379,17.39226354,3.97234645,10.91172701,12.23516022,1.60575955,1.24347069,2020-06-08 00:00:00
000333,000333.SZ,美的集团,10015250,069001002001,016127,白色家电,1239,412618598219.25,403149297253.05,58.95,0.16992353441,6999467315,6838834559,18.02365265,17.04245239,3.89245052,10.6922591,11.98907405,1.57346286,1.21846072,2020-06-05 00:00:00
000333,000333.SZ,美的集团,10015250,069001002001,016127,白色家电,1239,411918651487.75,402465413797.15,58.85,0.891479513115,6999467315,6838834559,17.99307818,17.01354238,3.88584755,10.67412125,11.96873635,1.57079371,1.21639378,2020-06-04 00:00:00
000333,000333.SZ,美的集团,10015250,069001002001,016127,白色家电,1239,407461065063.34,398096387368.36,58.33,-0.630323679727,6985445998,6824899492,17.7983657,16.82942997,3.84379677,10.55861102,11.83921642,1.55379533,1.20323055,2020-06-03 00:00:00
000333,000333.SZ,美的集团,10015250,069001002001,016127,白色家电,1239,410045680082.6,400621600180.4,58.7,-0.220975692674,6985445998,6824899492,17.91126464,16.93618274,3.86817881,10.62558661,11.91431517,1.5636514,1.21086291,2020-06-02 00:00:00
000333,000333.SZ,美的集团,10015250,069001002001,016127,白色家电,1239,422060647199.16,412360427306.64,60.42,2.372077261945,6985445998,6824899492,18.43609216,17.43243886,3.98152238,10.93693259,12.26342287,1.60946878,1.24634305,2020-06-01 00:00:00
000333,000333.SZ,美的集团,10015250,069001002001,016127,白色家电,1239,412281022801.96,402805568017.84,59.02,1.496130696475,6985445998,6824899492,18.00890697,17.02850946,3.88926599,10.68351145,11.97926544,1.57217556,1.21746386,2020-05-29 00:00:00
000333,000333.SZ,美的集团,10015250,069001002001,016127,白色家电,1239,406203684783.7,396867905459.8,58.15,-0.171673819742,6985445998,6824899492,17.74344189,16.77749619,3.83193523,10.5260283,11.80268189,1.54900049,1.19951751,2020-05-28 00:00:00
000333,000333.SZ,美的集团,10015250,069001002001,016127,白色家电,1239,406902229383.5,397550395409,58.25,0.431034482759,6985445998,6824899492,17.77395512,16.80634829,3.83852497,10.54412981,11.82297885,1.55166429,1.20158031,2020-05-27 00:00:00
000333,000333.SZ,美的集团,10015250,069001002001,016127,白色家电,1239,405155867884,395844170536,58,2.040816326531,6985445998,6824899492,17.69767205,16.73421804,3.82205062,10.49887604,11.77223645,1.54500479,1.19642332,2020-05-26 00:00:00
000333,000333.SZ,美的集团,10015250,069001002001,016127,白色家电,1239,397052750526.32,387927287125.28,56.84,-0.490196078431,6985445998,6824899492,17.34371861,16.39953368,3.7456096,10.28889852,11.53679172,1.51410469,1.17249485,2020-05-25 00:00:00
000333,000333.SZ,美的集团,10015250,069001002001,016127,白色家电,1239,399008675405.76,389838258983.04,57.12,-2.724795640327,6985445998,6824899492,17.42915564,16.48031956,3.76406088,10.33958275,11.59362321,1.52156334,1.17827069,2020-05-22 00:00:00
000333,000333.SZ,美的集团,10015250,069001002001,016127,白色家电,1239,410185389002.56,400758098170.24,58.72,-0.525156699983,6985445998,6824899492,17.91736729,16.94195316,3.86949676,10.62920691,11.91837456,1.56418416,1.21127547,2020-05-21 00:00:00
000333,000333.SZ,美的集团,10015250,069001002001,016127,白色家电,1239,412350877261.94,402873817012.76,59.03,0.459496255956,6985445998,6824899492,18.01195829,17.03139467,3.88992496,10.6853216,11.98129513,1.57244194,1.21767014,2020-05-20 00:00:00
000333,000333.SZ,美的集团,10015250,069001002001,016127,白色家电,1239,410464806842.48,401031094149.92,58.76,2.209079839972,6985445998,6824899492,17.92957258,16.953494,3.87213266,10.63644752,11.92649334,1.56524968,1.21210059,2020-05-19 00:00:00
000333,000333.SZ,美的集团,10015250,069001002001,016127,白色家电,1239,401593290425.02,392363471795.08,57.49,0.948200175593,6985445998,6824899492,17.54205459,16.58707233,3.78844293,10.40655834,11.66872196,1.5314194,1.18590304,2020-05-18 00:00:00
000333,000333.SZ,美的集团,10015250,069001002001,016127,白色家电,1239,397821149586.1,388678026069.4,56.95,-1.810344827586,6985445998,6824899492,17.37728316,16.43127099,3.75285832,10.30881018,11.55911838,1.51703487,1.17476393,2020-05-15 00:00:00
000333,000333.SZ,美的集团,10015250,069001002001,016127,白色家电,1239,405155867884,395844170536,58,0.4329004329,6985445998,6824899492,17.69767205,16.73421804,3.82205062,10.49887604,11.77223645,1.54500479,1.19642332,2020-05-14 00:00:00
000333,000333.SZ,美的集团,10015250,069001002001,016127,白色家电,1239,403409506384.5,394137945663,57.75,-0.431034482759,6985445998,6824899492,17.62138898,16.66208779,3.80557626,10.45362226,11.72149405,1.53834528,1.19126632,2020-05-13 00:00:00
000333,000333.SZ,美的集团,10015250,069001002001,016127,白色家电,1239,405155867884,395844170536,58,1.915304867334,6985445998,6824899492,17.69767205,16.73421804,3.82205062,10.49887604,11.77223645,1.54500479,1.19642332,2020-05-12 00:00:00
000333,000333.SZ,美的集团,10015250,069001002001,016127,白色家电,1239,397541731746.18,388405030089.72,56.91,1.029646724658,6985445998,6824899492,17.36507787,16.41973015,3.75022242,10.30156958,11.5509996,1.51596935,1.17393881,2020-05-11 00:00:00
000333,000333.SZ,美的集团,10015250,069001002001,016127,白色家电,1239,393490173067.34,384446588384.36,56.33,4.314814814815,6985445998,6824899492,17.18810115,16.25238797,3.71200192,10.19658081,11.43327723,1.50051931,1.16197458,2020-05-08 00:00:00
000333,000333.SZ,美的集团,10015250,069001002001,016127,白色家电,1239,377214083892,368544572568,54,-0.369003690037,6985445998,6824899492,16.47714294,15.58013403,3.55846092,9.77481562,10.96035808,1.43845273,1.11391136,2020-05-07 00:00:00
000333,000333.SZ,美的集团,10015250,069001002001,016127,白色家电,1239,378611173091.6,369909552466.4,54.2,0.837209302326,6985445998,6824899492,16.5381694,15.63783823,3.5716404,9.81101864,11.000952,1.44378034,1.11803696,2020-05-06 00:00:00
000333,000333.SZ,美的集团,10015250,069001002001,016127,白色家电,1239,375467722392.5,366838347695,53.75,2.870813397129,6985445998,6824899492,16.40085987,15.50800378,3.54198656,9.72956185,10.90961568,1.43179323,1.10875437,2020-04-30 00:00:00
000333,000333.SZ,美的集团,10015250,069001002001,016127,白色家电,1239,364989553395.5,356600998457,52.25,0.888202355667,6985445998,6824899492,15.43524181,15.07522228,3.44314043,9.45803919,9.58939816,1.32152103,1.07781238,2020-04-29 00:00:00
000333,000333.SZ,美的集团,10015250,069001002001,016127,白色家电,1239,361776248236.42,353461544690.68,51.79,0.563106796117,6985445998,6824899492,15.2993526,14.94250262,3.41282761,9.37477224,9.50497475,1.30988659,1.06832351,2020-04-28 00:00:00
000333,000333.SZ,美的集团,10015250,069001002001,016127,白色家电,1239,359750468897,351482323838,51.5,-0.980580657566,6985445998,6824899492,15.21368331,14.85883153,3.39371736,9.32227786,9.45175129,1.30255183,1.06234139,2020-04-27 00:00:00
000333,000333.SZ,美的集团,10015250,069001002001,016127,白色家电,1239,363313046355.98,354963022578.92,52.01,0.038468936334,6985445998,6824899492,15.36434309,15.00597724,3.42732504,9.41459557,9.54535116,1.31545089,1.07286167,2020-04-24 00:00:00
000333,000333.SZ,美的集团,10015250,069001002001,016127,白色家电,1239,363173337436.02,354826524589.08,51.99,1.147859922179,6985445998,6824899492,15.35843486,15.00020682,3.4260071,9.41097526,9.54168058,1.31494504,1.07244911,2020-04-23 00:00:00
000333,000333.SZ,美的集团,10015250,069001002001,016127,白色家电,1239,359051924297.2,350799833888.8,51.4,2.28855721393,6985445998,6824899492,15.18414218,14.82997943,3.38712762,9.30417635,9.43339838,1.3000226,1.06027859,2020-04-22 00:00:00
000333,000333.SZ,美的集团,10015250,069001002001,016127,白色家电,1239,351018661399.5,342951199473,50.25,-0.946185688941,6985445998,6824899492,14.84441915,14.49818028,3.31134558,9.09600898,9.22233985,1.27093649,1.03655641,2020-04-21 00:00:00
000333,000333.SZ,美的集团,10015250,069001002001,016127,白色家电,1239,354371675478.54,346227151229.16,50.73,1.277700139748,6985445998,6824899492,14.98621659,14.63667036,3.34297634,9.18289623,9.31043385,1.28307678,1.04645784,2020-04-20 00:00:00
000333,000333.SZ,美的集团,10015250,069001002001,016127,白色家电,1239,349900990039.82,341859215554.28,50.09,1.212366134573,6985445998,6824899492,14.79715334,14.45201692,3.30080199,9.06704657,9.19297519,1.26688973,1.03325593,2020-04-17 00:00:00
000333,000333.SZ,美的集团,10015250,069001002001,016127,白色家电,1239,345709722441.02,337764275859.08,49.49,-1.414342629482,6985445998,6824899492,14.61990654,14.27890432,3.26126353,8.9584375,9.0828577,1.25171437,1.02087914,2020-04-16 00:00:00
000333,000333.SZ,美的集团,10015250,069001002001,016127,白色家电,1239,350669389099.6,342609954498.4,50.2,-0.554675118859,6985445998,6824899492,14.82964859,14.48375423,3.30805071,9.08695823,9.2131634,1.26967188,1.03552501,2020-04-15 00:00:00
000333,000333.SZ,美的集团,10015250,069001002001,016127,白色家电,1239,352625313979.04,344520926356.16,50.48,1.182601723792,6985445998,6824899492,14.91236376,14.56454011,3.32650198,9.13764246,9.26455156,1.27675372,1.04130084,2020-04-14 00:00:00
000333,000333.SZ,美的集团,10015250,069001002001,016127,白色家电,1239,348503900840.22,340494235655.88,49.89,1.237824675325,6985445998,6824899492,14.73807107,14.39431272,3.2876225,9.03084354,9.15626936,1.26183128,1.02913033,2020-04-13 00:00:00
000333,000333.SZ,美的集团,10015250,069001002001,016127,白色家电,1239,344242778781.44,336331046965.76,49.28,2.028985507246,6985445998,6824899492,14.55787017,14.21831491,3.24742508,8.92042433,9.04431658,1.24640299,1.01654726,2020-04-10 00:00:00
000333,000333.SZ,美的集团,10015250,069001002001,016127,白色家电,1239,337397041703.4,329642645463.6,48.3,0.124378109453,6985445998,6824899492,14.26836707,13.93556433,3.1828456,8.74302953,8.86445801,1.22161657,0.99633183,2020-04-09 00:00:00
000333,000333.SZ,美的集团,10015250,069001002001,016127,白色家电,1239,336977914943.52,329233151494.08,48.24,-1.4907085971,6985445998,6824899492,14.25064239,13.91825307,3.17889175,8.73216862,8.85344626,1.22009903,0.99509415,2020-04-08 00:00:00
000333,000333.SZ,美的集团,10015250,069001002001,016127,白色家电,1239,342077290522.06,334215328123.24,48.97,1.219512195122,6985445998,6824899492,14.46629265,14.1288734,3.22699687,8.86430965,8.98742254,1.23856239,1.01015258,2020-04-07 00:00:00
000333,000333.SZ,美的集团,10015250,069001002001,016127,白色家电,1239,337955877383.24,330188637422.96,48.38,-1.184640522876,6985445998,6824899492,14.29199997,13.95864601,3.18811739,8.75751074,8.87914034,1.22363995,0.99798207,2020-04-03 00:00:00
000333,000333.SZ,美的集团,10015250,069001002001,016127,白色家电,1239,342007436062.08,334147079128.32,48.96,0.782214903252,6985445998,6824899492,14.46333854,14.12598819,3.2263379,8.8624995,8.98558725,1.23830947,1.0099463,2020-04-02 00:00:00
000333,000333.SZ,美的集团,10015250,069001002001,016127,白色家电,1239,339352966582.84,331553617321.36,48.58,0.33044196613,6985445998,6824899492,14.35108224,14.01635021,3.20129688,8.79371376,8.91584617,1.22869841,1.00210767,2020-04-01 00:00:00
000333,000333.SZ,美的集团,10015250,069001002001,016127,白色家电,1239,338235295223.16,330461633402.64,48.42,0.686213349969,6985445998,6824899492,14.30381643,13.97018685,3.19075329,8.76475134,8.88648151,1.22465164,0.99880719,2020-03-31 00:00:00
000333,000333.SZ,美的集团,10015250,069001002001,016127,白色家电,1239,335930098043.82,328209416570.28,48.09,-2.750252780586,6985445998,6824899492,14.20633069,13.87497492,3.30414934,8.70501636,8.82591689,1.21630519,0.99199995,2020-03-30 00:00:00
000333,000333.SZ,美的集团,10015250,069001002001,016127,白色家电,1239,345430304601.1,337491279879.4,49.45,0.918367346939,6985445998,6824899492,14.60809009,14.26736348,3.3975917,8.9511969,9.07551653,1.25070268,1.02005402,2020-03-27 00:00:00
000333,000333.SZ,美的集团,10015250,069001002001,016127,白色家电,1239,342286853902,334420075108,49,-0.990099009901,6985445998,6824899492,14.47515499,14.13752903,3.36667327,8.8697401,8.99292842,1.23932116,1.01077142,2020-03-26 00:00:00
000333,000333.SZ,美的集团,10015250,069001002001,016127,白色家电,1239,345709722441.02,337764275859.08,49.49,3.125651177329,6985445998,6824899492,14.61990654,14.27890432,3.40034001,8.9584375,9.0828577,1.25171437,1.02087914,2020-03-25 00:00:00
000333,000333.SZ,美的集团,10015250,069001002001,016127,白色家电,1239,335231553444.02,327526926621.08,47.99,3.204301075269,6985445998,6824899492,14.17678955,13.84612282,3.29727858,8.68691485,8.80756397,1.21377597,0.98993715,2020-03-24 00:00:00
000333,000333.SZ,美的集团,10015250,069001002001,016127,白色家电,1239,324823238907,317357826378,46.5,-5.19877675841,6985445998,6824899492,13.73662668,13.41622653,3.19490423,8.41720234,8.53410554,1.17609049,0.95920145,2020-03-23 00:00:00
000333,000333.SZ,美的集团,10015250,069001002001,016127,白色家电,1239,342636126201.9,334761320082.6,49.05,0.925925925926,6985445998,6824899492,14.48992556,14.15195508,3.37010866,8.87879086,9.00210487,1.24058577,1.01180282,2020-03-20 00:00:00
000333,000333.SZ,美的集团,10015250,069001002001,016127,白色家电,1239,339492675502.8,331690115311.2,48.6,-2.213279678068,6985445998,6824899492,14.35699046,14.02212063,3.33919023,8.79733406,8.91951675,1.22920425,1.00252023,2020-03-19 00:00:00
000333,000333.SZ,美的集团,10015250,069001002001,016127,白色家电,1239,347176666100.6,339197504752.4,49.7,1.428571428571,6985445998,6824899492,14.68194292,14.33949373,3.41476861,8.99645067,9.12139882,1.25702575,1.02521101,2020-03-18 00:00:00
000333,000333.SZ,美的集团,10015250,069001002001,016127,白色家电,1239,342286853902,334420075108,49,-2.195608782435,6985445998,6824899492,14.47515499,14.13752903,3.36667327,8.8697401,8.99292842,1.23932116,1.01077142,2020-03-17 00:00:00
000333,000333.SZ,美的集团,10015250,069001002001,016127,白色家电,1239,349970844499.8,341927464549.2,50.1,-3.468208092486,6985445998,6824899492,14.80010745,14.45490213,3.44225165,9.06885672,9.19481048,1.26714265,1.03346221,2020-03-16 00:00:00
000333,000333.SZ,美的集团,10015250,069001002001,016127,白色家电,1239,362544647296.2,354212283634.8,51.9,-2.388564980252,6985445998,6824899492,15.33184784,14.97423993,3.56592537,9.3946839,9.52516295,1.31266874,1.07059259,2020-03-13 00:00:00
000333,000333.SZ,美的集团,10015250,069001002001,016127,白色家电,1239,371416163713.66,362879905989.64,53.17,-2.386634844869,6985445998,6824899492,15.70702023,15.3406616,3.65318404,9.62457309,9.75824498,1.34478992,1.09679013,2020-03-12 00:00:00
000333,000333.SZ,美的集团,10015250,069001002001,016127,白色家电,1239,380497243511.06,371752275329.24,54.47,-1.536514822849,6985445998,6824899492,16.09105495,15.7157389,3.74250394,9.85989272,9.99683287,1.37766987,1.12360652,2020-03-11 00:00:00
000333,000333.SZ,美的集团,10015250,069001002001,016127,白色家电,1239,386434872609.36,377553439897.44,55.32,2.653553534979,6985445998,6824899492,16.34215458,15.96098176,3.80090542,10.01375556,10.15283265,1.39916829,1.14114031,2020-03-10 00:00:00
000333,000333.SZ,美的集团,10015250,069001002001,016127,白色家电,1239,376634650117.22,367793833623.88,53.89,-3.4229390681,6988952498,6824899492,15.92770764,15.55620159,3.70451215,9.75980065,9.89535066,1.36368454,1.1122003,2020-03-09 00:00:00
000333,000333.SZ,美的集团,10015250,069001002001,016127,白色家电,1239,389983549388.4,380829391653.6,55.8,-1.308807923594,6988952498,6824899492,16.4922265,16.10755332,3.83580958,10.10571305,10.24606731,1.41201702,1.15161953,2020-03-06 00:00:00
000333,000333.SZ,美的集团,10015250,069001002001,016127,白色家电,1239,395155374236.92,385879817277.68,56.54,4.221198156682,6988952498,6824899492,16.71094062,16.32116604,3.88667874,10.23973147,10.38194705,1.4307427,1.16689191,2020-03-05 00:00:00
000333,000333.SZ,美的集团,10015250,069001002001,016127,白色家电,1239,379150673016.5,370250797441,54.25,-0.45871559633,6988952498,6824899492,16.0341091,15.66012129,3.72925931,9.8249988,9.96145432,1.37279433,1.1196301,2020-03-04 00:00:00
000333,000333.SZ,美的集团,10015250,069001002001,016127,白色家电,1239,380897911141,371957022314,54.5,0.294442399706,6988952498,6824899492,16.107999,15.73228774,3.74644484,9.87027529,10.00735964,1.37912057,1.12478969,2020-03-03 00:00:00
000333,000333.SZ,美的集团,10015250,069001002001,016127,白色家电,1239,379779678741.32,370865038395.28,54.34,2.431668237512,6988952498,6824899492,16.06070946,15.68610121,3.7354461,9.84129834,9.97798024,1.37507177,1.12148755,2020-03-02 00:00:00
000333,000333.SZ,美的集团,10015250,069001002001,016127,白色家电,1239,370763930018.9,362060918050.6,53.05,-3.387361136405,6988952498,6824899492,15.67943756,15.31372229,3.64676878,9.60767164,9.74110879,1.34242837,1.09486409,2020-02-28 00:00:00
000333,000333.SZ,美的集团,10015250,069001002001,016127,白色家电,1239,383763381665.18,374755231105.72,54.91,1.123388581952,6988952498,6824899492,16.22917844,15.85064073,3.7746291,9.94452874,10.08264437,1.3894956,1.13325141,2020-02-27 00:00:00
000333,000333.SZ,美的集团,10015250,069001002001,016127,白色家电,1239,379500120641.4,370592042415.6,54.3,-0.23883887562,6988952498,6824899492,16.04888708,15.67455458,3.73269642,9.8340541,9.97063539,1.37405957,1.12066202,2020-02-26 00:00:00
000333,000333.SZ,美的集团,10015250,069001002001,016127,白色家电,1239,380408684466.14,371479279349.56,54.43,-0.874157712621,6988952498,6824899492,16.08730983,15.71208114,3.74163289,9.85759788,9.99450615,1.37734922,1.123345,2020-02-25 00:00:00
000333,000333.SZ,美的集团,10015250,069001002001,016127,白色家电,1239,383763381665.18,374755231105.72,54.91,1.160648489315,6988952498,6824899492,16.22917844,15.85064073,3.7746291,9.94452874,10.08264437,1.3894956,1.13325141,2020-02-24 00:00:00
000333,000333.SZ,美的集团,10015250,069001002001,016127,白色家电,1239,379360341591.44,370455544425.76,54.28,-1.05723660226,6988952498,6824899492,16.04297589,15.66878126,3.73132158,9.83043198,9.96696296,1.37355348,1.12024925,2020-02-21 00:00:00
000333,000333.SZ,美的集团,10015250,069001002001,016127,白色家电,1239,383413934040.28,374413986131.12,54.86,2.465446395219,6988952498,6824899492,16.21440046,15.83620744,3.771192,9.93547344,10.0734633,1.38823035,1.13221949,2020-02-20 00:00:00
000333,000333.SZ,美的集团,10015250,069001002001,016127,白色家电,1239,374083578396.46,365302857455.22,53.54,0.018681113394,6986992499,6822989493,15.81982398,15.45083426,3.67942026,9.69369428,9.82832616,1.35444785,1.104667,2020-02-19 00:00:00
000333,000333.SZ,美的集团,10015250,069001002001,016127,白色家电,1239,374013708471.47,365162857212.79,53.53,-1.599264705882,6986992499,6821648743,15.81686921,15.44794841,3.67873303,9.69188373,9.82649047,1.35419487,1.10446067,2020-02-18 00:00:00
000333,000333.SZ,美的集团,10015250,069001002001,016127,白色家电,1239,380092391945.6,371097691619.2,54.4,1.228135467064,6986992499,6821648743,16.07393396,15.69901726,3.7385219,9.84940173,9.98619618,1.37620402,1.12241099,2020-02-17 00:00:00
000333,000333.SZ,美的集团,10015250,069001002001,016127,白色家电,1239,375480976896.26,366595403448.82,53.74,-0.111524163569,6986992499,6821648743,15.87891932,15.50855124,3.69316483,9.72990531,9.86504012,1.35950742,1.10879351,2020-02-14 00:00:00
000333,000333.SZ,美的集团,10015250,069001002001,016127,白色家电,1239,375900196446.2,367004702373.4,53.8,-1.985789761341,6986992499,6821648743,15.89664793,15.52586633,3.6972882,9.74076862,9.87605431,1.3610253,1.11003146,2020-02-13 00:00:00
000333,000333.SZ,美的集团,10015250,069001002001,016127,白色家电,1239,383516018270.11,374440299503.27,54.89,0.38405267008,6986992499,6821648743,16.21871756,15.84042384,3.77219608,9.93811877,10.07614537,1.38859997,1.13252095,2020-02-12 00:00:00
000333,000333.SZ,美的集团,10015250,069001002001,016127,白色家电,1239,382048749845.32,373007753267.24,54.68,4.550669216061,6986992499,6821648743,16.15666745,15.77982102,3.75776429,9.90009718,10.03759572,1.38328742,1.12818811,2020-02-11 00:00:00
000333,000333.SZ,美的集团,10015250,069001002001,016127,白色家电,1239,364878812363.6,356233687424.8,52.3,-1.003217868635,6976650332,6811351576,15.43055862,15.07064833,3.5888838,9.45516954,9.58648865,1.32112007,1.07748537,2020-02-10 00:00:00
000333,000333.SZ,美的集团,10015250,069001002001,016127,白色家电,1239,368576437039.56,359843703760.08,52.83,-1.784718349136,6976650332,6811351576,15.58692948,15.22337192,3.62525299,9.55098674,9.68363662,1.33450809,1.08840443,2020-02-07 00:00:00
000333,000333.SZ,美的集团,10015250,069001002001,016127,白色家电,1239,375274021358.28,366382601273.04,53.79,1.740117268772,6976650332,6811351576,15.87016727,15.50000332,3.69112925,9.72454244,9.85960276,1.3587581,1.10818237,2020-02-06 00:00:00
000333,000333.SZ,美的集团,10015250,069001002001,016127,白色家电,1239,368855503052.84,360116157823.12,52.87,0.151543853002,6976650332,6811351576,15.59873105,15.23489822,3.62799783,9.55821823,9.69096854,1.33551851,1.08922851,2020-02-05 00:00:00
000333,000333.SZ,美的集团,10015250,069001002001,016127,白色家电,1239,368297371026.28,359571249697.04,52.79,5.180314803746,6976650332,6811351576,15.5751279,15.21184561,3.62250814,9.54375526,9.6763047,1.33349768,1.08758035,2020-02-04 00:00:00
000333,000333.SZ,美的集团,10015250,069001002001,016127,白色家电,1239,350158080163.08,341861735599.44,50.19,-8.911070780399,6976650332,6811351576,14.80802556,14.46263556,3.44409327,9.07370859,9.19972974,1.26782058,1.03401512,2020-02-03 00:00:00
000333,000333.SZ,美的集团,10015250,069001002001,016127,白色家电,1239,384413433293.2,375305471837.6,55.1,-4.140570633264,6976650332,6811351576,16.25666883,15.87748992,3.7810229,9.96137364,10.09972322,1.39184925,1.13517101,2020-01-23 00:00:00
000333,000333.SZ,美的集团,10015250,069001002001,016127,白色家电,1239,401017861083.36,391516488588.48,57.48,-1.067125645439,6976650332,6811351576,16.95886251,16.56330528,3.94434113,10.39164713,10.53597261,1.45196906,1.1842038,2020-01-22 00:00:00
000333,000333.SZ,美的集团,10015250,069001002001,016127,白色家电,1239,405343384289.2,395739526565.6,58.1,-3.488372093023,6976650332,6811351576,17.14178692,16.74196306,3.98688621,10.50373518,10.64961741,1.46763052,1.19697705,2020-01-21 00:00:00
000333,000333.SZ,美的集团,10015250,069001002001,016127,白色家电,1239,419994349986.4,410043364875.2,60.2,-0.182390979937,6976650332,6811351576,17.76136958,17.34709425,4.13099053,10.88338826,11.03454334,1.5206774,1.24024128,2020-01-20 00:00:00
000333,000333.SZ,美的集团,10015250,069001002001,016127,白色家电,1239,420761781522.92,410792613548.56,60.31,1.089507207509,6976650332,6811351576,17.7938239,17.3787916,4.13853886,10.90327485,11.05470613,1.52345605,1.2425075,2020-01-17 00:00:00
000333,000333.SZ,美的集团,10015250,069001002001,016127,白色家电,1239,416226958807.12,406365235024.16,59.66,0.268907563025,6976650332,6811351576,17.60204832,17.19148909,4.09393514,10.78576319,10.93556239,1.50703678,1.22911619,2020-01-16 00:00:00
000333,000333.SZ,美的集团,10015250,069001002001,016127,白色家电,1239,415110694754,405275418772,59.5,-0.63460253841,6976650332,6811351576,17.55484202,17.14538385,4.08295576,10.75683724,10.9062347,1.50299511,1.22581987,2020-01-15 00:00:00
000333,000333.SZ,美的集团,10015250,069001002001,016127,白色家电,1239,417761821880.16,407863732370.88,59.88,-0.382631841624,6976650332,6811351576,17.66695698,17.25488378,4.10903178,10.82553637,10.97588796,1.51259407,1.23364864,2020-01-14 00:00:00
000333,000333.SZ,美的集团,10015250,069001002001,016127,白色家电,1239,419366451456.52,409430343233.36,60.11,0.20003333889,6976650332,6811351576,17.73481603,17.32116006,4.12481463,10.86711742,11.01804651,1.51840397,1.2383871,2020-01-13 00:00:00
000333,000333.SZ,美的集团,10015250,069001002001,016127,白色家电,1239,418529253416.68,408612981044.24,59.99,0.908326324643,6976650332,6811351576,17.69941131,17.28658113,4.1165801,10.84542296,10.99605075,1.51537271,1.23591486,2020-01-10 00:00:00
000333,000333.SZ,美的集团,10015250,069001002001,016127,白色家电,1239,414761862237.4,404934851193.2,59.45,2.00754975978,6976650332,6811351576,17.54009005,17.13097597,4.07952471,10.74779788,10.89706979,1.50173209,1.22478977,2020-01-09 00:00:00
000333,000333.SZ,美的集团,10015250,069001002001,016127,白色家电,1239,406322307172.72,396682648715.08,58.28,0.396210163652,6971899574,6806497061,17.18318512,16.78239567,3.99651473,10.52910219,10.67533672,1.47117491,1.19986781,2020-01-08 00:00:00
000333,000333.SZ,美的集团,10015250,069001002001,016127,白色家电,1239,404718770270.7,395117154391.05,58.05,1.486013986014,6971899574,6806497061,17.11537227,16.71616452,3.98074262,10.48754945,10.63320688,1.46536897,1.19513257,2020-01-07 00:00:00
000333,000333.SZ,美的集团,10015250,069001002001,016127,白色家电,1239,398792655632.8,389331631889.2,57.2,-1.819430140748,6971899574,6806497061,16.86475959,16.47139726,3.9224544,10.33398499,10.47750962,1.44391223,1.17763278,2020-01-06 00:00:00
000333,000333.SZ,美的集团,10015250,069001002001,016127,白色家电,1239,406182869181.24,396546518773.86,58.26,-2.493723849372,6971899574,6806497061,17.17728835,16.77663644,3.99514324,10.52548891,10.67167326,1.47067005,1.19945605,2020-01-03 00:00:00
000333,000333.SZ,美的集团,10015250,069001002001,016127,白色家电,1239,416570999546.5,406688199394.75,59.75,2.575107296137,6971899574,6806497061,17.61659765,17.20569906,4.09731906,10.79467838,10.9446014,1.50828245,1.23013214,2020-01-02 00:00:00
000333,000333.SZ,美的集团,10015250,069001002001,016127,白色家电,1239,406113150185.5,396478453803.25,58.25,0.034346556758,6971899574,6806497061,17.17433996,16.77375682,3.9944575,10.52368227,10.66984153,1.47041762,0.85253367,2019-12-31 00:00:00
000333,000333.SZ,美的集团,10015250,069001002001,016127,白色家电,1239,404052323728.05,394146179994.33,58.23,1.800699300699,6938903035,6768782071,17.08718855,19.97215845,4.11286198,14.50239272,10.61569728,1.46295596,0.84820748,2019-12-30 00:00:00
000333,000333.SZ,美的集团,10015250,069001002001,016127,白色家电,1239,396905253602,387174334461.2,57.2,-0.694444444444,6938903035,6768782071,16.78494222,19.61888139,4.04011172,14.24586748,10.42792176,1.4370785,0.83320398,2019-12-27 00:00:00
000333,000333.SZ,美的集团,10015250,069001002001,016127,白色家电,1239,399680814816,389881847289.6,57.6,0.699300699301,6938903035,6768782071,16.90231943,19.75607636,4.06836425,14.34548893,10.50084429,1.447128,0.83903058,2019-12-26 00:00:00
000333,000333.SZ,美的集团,10015250,069001002001,016127,白色家电,1239,396905253602,387174334461.2,57.2,0.21023125438,6938903035,6768782071,16.78494222,19.61888139,4.04011172,14.24586748,10.42792176,1.4370785,0.83320398,2019-12-25 00:00:00
000333,000333.SZ,美的集团,10015250,069001002001,016127,白色家电,1239,396072585237.8,386362080612.68,57.08,-0.331761829928,6938903035,6768782071,16.74972905,19.5777229,4.03163596,14.21598105,10.406045,1.43406365,0.831456,2019-12-24 00:00:00
000333,000333.SZ,美的集团,10015250,069001002001,016127,白色家电,1239,397390976814.45,387648149206.17,57.27,-0.916955017301,6938903035,6768782071,16.80548323,19.64289051,4.04505591,14.26330124,10.44068321,1.43883716,0.83422363,2019-12-23 00:00:00
000333,000333.SZ,美的集团,10015250,069001002001,016127,白色家电,1239,401068595423,391235603703.8,57.8,-0.482093663912,6938903035,6768782071,16.96100804,19.82467385,4.08249051,14.39529966,10.53730556,1.45215275,0.84194388,2019-12-20 00:00:00
000333,000333.SZ,美的集团,10015250,069001002001,016127,白色家电,1239,403011488272.8,393130862683.68,58.08,-0.20618556701,6938903035,6768782071,17.0431721,19.92071033,4.10226728,14.46503467,10.58835133,1.4591874,0.8460225,2019-12-19 00:00:00
000333,000333.SZ,美的集团,10015250,069001002001,016127,白色家电,1239,403844156637,393943116532.2,58.2,-0.512820512821,6938903035,6768782071,17.07838526,19.96186883,4.11074304,14.49492111,10.61022809,1.46220225,0.84777048,2019-12-18 00:00:00
000333,000333.SZ,美的集团,10015250,069001002001,016127,白色家电,1239,405925827547.5,395973751153.5,58.5,0.671140939597,6938903035,6768782071,17.16641818,20.06476506,4.13193244,14.5696372,10.66491999,1.46973937,0.85214043,2019-12-17 00:00:00
000333,000333.SZ,美的集团,10015250,069001002001,016127,白色家电,1239,403219655363.85,393333926145.81,58.11,-0.496575342466,6938903035,6768782071,17.05197539,19.93099996,4.10438622,14.47250628,10.59382052,1.45994111,0.84645949,2019-12-16 00:00:00
000333,000333.SZ,美的集团,10015250,069001002001,016127,白色家电,1239,405231937244,395296872946.4,58.4,2.600140548138,6938903035,6768782071,17.13707387,20.03046631,4.12486931,14.54473184,10.64668935,1.467227,0.85068378,2019-12-13 00:00:00
000333,000333.SZ,美的集团,10015250,069001002001,016127,白色家电,1239,394962360752.2,385279075481.32,56.92,-0.24535576586,6938903035,6768782071,16.70277816,19.52284491,4.02033495,14.17613247,10.37687599,1.43004385,0.82912536,2019-12-12 00:00:00
000333,000333.SZ,美的集团,10015250,069001002001,016127,白色家电,1239,395933807177.1,386226704971.26,57.06,-1.023417172593,6938903035,6768782071,16.74386019,19.57086315,4.03022333,14.21099997,10.40239888,1.43356117,0.83116467,2019-12-11 00:00:00
000333,000333.SZ,美的集团,10015250,069001002001,016127,白色家电,1239,400027759967.75,390220286393.15,57.65,1.478612920261,6938903035,6768782071,16.91699159,19.77322574,4.07189581,14.35794161,10.50995961,1.44838419,0.8397589,2019-12-10 00:00:00
000333,000333.SZ,美的集团,10015250,069001002001,016127,白色家电,1239,394199081418.35,384534509453.51,56.81,1.085409252669,6938903035,6768782071,16.67049943,19.48511629,4.0125655,14.14873657,10.3568223,1.42728024,0.82752304,2019-12-09 00:00:00
000333,000333.SZ,美的集团,10015250,069001002001,016127,白色家电,1239,389966350567,380405552390.2,56.2,1.206555015307,6938903035,6768782071,16.49149917,19.27589395,3.96948039,13.99681386,10.24561544,1.41195475,0.81863747,2019-12-06 00:00:00
000333,000333.SZ,美的集团,10015250,069001002001,016127,白色家电,1239,385317285533.55,375870468402.63,55.53,0.307080924855,6938903035,6768782071,16.29489233,19.04609237,3.92215741,13.82994792,10.1234702,1.39512184,0.80887792,2019-12-05 00:00:00
000333,000333.SZ,美的集团,10015250,069001002001,016127,白色家电,1239,384137672017.6,374719775450.56,55.36,1.522097927746,6938903035,6768782071,16.24500701,18.9877845,3.91015008,13.78760881,10.09247813,1.3908508,0.80640161,2019-12-04 00:00:00
000333,000333.SZ,美的集团,10015250,069001002001,016127,白色家电,1239,378378382498.55,369101686331.63,54.53,-0.401826484018,6938903035,6768782071,16.00144928,18.70310493,3.85152608,13.5808943,9.94116388,1.36999809,0.79431141,2019-12-03 00:00:00
000333,000333.SZ,美的集团,10015250,069001002001,016127,白色家电,1239,379904941166.25,370590818387.25,54.75,0.828729281768,6938903035,6768782071,16.06600675,18.77856217,3.86706497,13.6356861,9.98127127,1.37552531,0.79751604,2019-12-02 00:00:00
000333,000333.SZ,美的集团,10015250,069001002001,016127,白色家电,1239,376782434800.5,367544866455.3,54.3,-1.5769439913,6938903035,6768782071,15.93395738,18.62421782,3.83528088,13.52361196,9.89923342,1.36421962,0.79096112,2019-11-29 00:00:00
000333,000333.SZ,美的集团,10015250,069001002001,016127,白色家电,1239,382819280440.95,373433706857.07,55.17,0.072555777254,6938903035,6768782071,16.18925283,18.92261689,3.89673013,13.74028862,10.05783992,1.38607729,0.80363398,2019-11-28 00:00:00
000333,000333.SZ,美的集团,10015250,069001002001,016127,白色家电,1239,382541724319.55,373162955574.23,55.13,-2.52828854314,6938903035,6768782071,16.17751511,18.90889739,3.89390488,13.73032647,10.05054767,1.38507234,0.80305132,2019-11-27 00:00:00
000333,000333.SZ,美的集团,10015250,069001002001,016127,白色家电,1239,392464355659.6,382842313935.76,56.56,0.053069166814,6938903035,6768782071,16.59713867,19.39936943,3.99490767,14.08647316,10.31124572,1.4209993,0.82388142,2019-11-26 00:00:00
000333,000333.SZ,美的集团,10015250,069001002001,016127,白色家电,1239,392256188568.55,382639250473.63,56.53,1.435492553382,6938903035,6768782071,16.58833538,19.38907981,3.99278873,14.07900155,10.30577653,1.42024559,0.82344442,2019-11-25 00:00:00
000333,000333.SZ,美的集团,10015250,069001002001,016127,白色家电,1239,386705066140.55,377224224816.83,55.73,-0.836298932384,6938903035,6768782071,16.35358094,19.11468986,3.93628367,13.87975865,10.15993147,1.40014659,0.81179122,2019-11-22 00:00:00
000333,000333.SZ,美的集团,10015250,069001002001,016127,白色家电,1239,389966350567,380405552390.2,56.2,-1.662292213473,6938903035,6768782071,16.49149917,19.27589395,3.96948039,13.99681386,10.24561544,1.41195475,0.81863747,2019-11-21 00:00:00
000333,000333.SZ,美的集团,10015250,069001002001,016127,白色家电,1239,396558308450.25,386835895357.65,57.15,-1.175860280131,6938903035,6768782071,16.77027006,19.60173202,4.03658015,14.2334148,10.41880645,1.43582231,0.83247565,2019-11-20 00:00:00
000333,000333.SZ,美的集团,10015250,069001002001,016127,白色家电,1239,401276762514.05,391438667165.93,57.83,2.010936673135,6938903035,6768782071,16.96981133,19.83496347,4.08460945,14.40277127,10.54277475,1.45290646,0.84238087,2019-11-19 00:00:00
000333,000333.SZ,美的集团,10015250,069001002001,016127,白色家电,1239,393366413054.15,383722255604.99,56.69,0.247568523431,6938903035,6768782071,16.63528626,19.4439578,4.00408974,14.11885013,10.33494554,1.42426539,0.82577506,2019-11-18 00:00:00
000333,000333.SZ,美的集团,10015250,069001002001,016127,白色家电,1239,392394966629.25,382774626115.05,56.55,-0.070683866407,6938903035,6768782071,16.59420424,19.39593955,3.99420136,14.08398262,10.30942265,1.42074806,0.82373575,2019-11-15 00:00:00
000333,000333.SZ,美的集团,10015250,069001002001,016127,白色家电,1239,392672522750.65,383045377397.89,56.59,0.070733863837,6938903035,6768782071,16.60594196,19.40965905,3.99702661,14.09394477,10.31671491,1.42175301,0.82431841,2019-11-14 00:00:00
000333,000333.SZ,美的集团,10015250,069001002001,016127,白色家电,1239,392394966629.25,382774626115.05,56.55,0.820110536638,6938903035,6768782071,16.59420424,19.39593955,3.99420136,14.08398262,10.30942265,1.42074806,0.82373575,2019-11-13 00:00:00
000333,000333.SZ,美的集团,10015250,069001002001,016127,白色家电,1239,389203071233.15,379660986362.39,56.09,-1.940559440559,6938903035,6768782071,16.45922044,19.23816533,3.96171095,13.96941796,10.22556174,1.40919114,0.81703516,2019-11-12 00:00:00
000333,000333.SZ,美的集团,10015250,069001002001,016127,白色家电,1239,396905253602,387174334461.2,57.2,-4.059040590406,6938903035,6768782071,16.78494222,19.61888139,4.04011172,14.24586748,10.42792176,1.4370785,0.83320398,2019-11-11 00:00:00
000333,000333.SZ,美的集团,10015250,069001002001,016127,白色家电,1239,413697398946.7,403554787073.02,59.62,0.201680672269,6938903035,6768782071,17.49507439,20.44891099,4.21103952,14.84857726,10.86910307,1.49787797,0.86845491,2019-11-08 00:00:00
000333,000333.SZ,美的集团,10015250,069001002001,016127,白色家电,1239,412864730582.5,402742533224.5,59.5,-0.568181818182,6938903035,6768782071,17.45986122,20.40775249,4.20256376,14.81869083,10.84722631,1.49486312,0.86670693,2019-11-07 00:00:00
000333,000333.SZ,美的集团,10015250,069001002001,016127,白色家电,1239,415223957614.4,405043919128.64,59.84,0.757703317057,6938903035,6768782071,17.55963186,20.52436822,4.22657841,14.90336906,10.90921046,1.5034052,0.87165955,2019-11-06 00:00:00
000333,000333.SZ,美的集团,10015250,069001002001,016127,白色家电,1239,412101451248.65,401997967196.69,59.39,0.422725735543,6938903035,6768782071,17.42758249,20.37002388,4.19479432,14.79129493,10.82717261,1.49209951,0.86510462,2019-11-05 00:00:00
000333,000333.SZ,美的集团,10015250,069001002001,016127,白色家电,1239,410366725489.9,400305771678.94,59.14,0.42452029207,6938903035,6768782071,17.35422172,20.28427702,4.17713649,14.72903152,10.78159603,1.48581857,0.86146299,2019-11-04 00:00:00
000333,000333.SZ,美的集团,10015250,069001002001,016127,白色家电,1239,408631999731.15,398613576161.19,58.89,6.108108108108,6938903035,6768782071,17.28086096,20.19853016,4.15947865,14.66676811,10.73601945,1.47953764,0.85782137,2019-11-01 00:00:00
000333,000333.SZ,美的集团,10015250,069001002001,016127,白色家电,1239,385109118442.5,375667404940.5,55.5,3.796521413877,6938903035,6768782071,16.28608904,19.03580275,3.92003847,13.82247632,10.11800101,1.39436812,0.80844092,2019-10-31 00:00:00
000333,000333.SZ,美的集团,10015250,069001002001,016127,白色家电,1239,371023145281.45,361926777336.37,53.47,-0.981481481481,6938903035,6768782071,16.50385269,18.33953825,3.77665688,13.31689745,8.82646976,1.36197085,0.77887092,2019-10-30 00:00:00
000333,000333.SZ,美的集团,10015250,069001002001,016127,白色家电,1239,374700763890,365514231834,54,0.765068109722,6938903035,6768782071,16.66744053,18.52132159,3.81409148,13.44889588,8.91395861,1.37547085,0.78659117,2019-10-29 00:00:00
000333,000333.SZ,美的集团,10015250,069001002001,016127,白色家电,1239,371855813645.65,362739031184.89,53.59,-0.390334572491,6938903035,6768782071,16.54089144,18.38069674,3.78513264,13.34678389,8.84627855,1.36502746,0.7806189,2019-10-28 00:00:00
000333,000333.SZ,美的集团,10015250,069001002001,016127,白色家电,1239,373312983283,364160475419.8,53.8,0.093023255814,6938903035,6768782071,16.60570927,18.4527241,3.79996522,13.39908515,8.88094395,1.37037651,0.78367787,2019-10-25 00:00:00
000333,000333.SZ,美的集团,10015250,069001002001,016127,白色家电,1239,372966038131.25,363822036316.25,53.75,0.037223152801,6938903035,6768782071,16.59027645,18.43557473,3.79643365,13.38663247,8.87269028,1.36910293,0.78294954,2019-10-24 00:00:00
000333,000333.SZ,美的集团,10015250,069001002001,016127,白色家电,1239,372827260070.55,363686660674.83,53.73,-0.389321468298,6938903035,6768782071,16.58410333,18.42871498,3.79502102,13.3816514,8.86938882,1.36859349,0.78265821,2019-10-23 00:00:00
000333,000333.SZ,美的集团,10015250,069001002001,016127,白色家电,1239,374284429707.9,365108104909.74,53.94,0.860134629768,6938903035,6768782071,16.64892115,18.50074234,3.8098536,13.43395266,8.90405421,1.37394255,0.78571718,2019-10-22 00:00:00
000333,000333.SZ,美的集团,10015250,069001002001,016127,白色家电,1239,371092534311.8,361994465157.08,53.48,1.576448243115,6938903035,6768782071,16.50693925,18.34296812,3.77736319,13.31938799,8.82812049,1.36222557,0.77901659,2019-10-21 00:00:00
000333,000333.SZ,美的集团,10015250,069001002001,016127,白色家电,1239,365333244792.75,356376376038.15,52.65,-1.071025930101,6938903035,6768782071,16.25075452,18.05828855,3.71873919,13.11267348,8.69110964,1.34108407,0.76692639,2019-10-18 00:00:00
000333,000333.SZ,美的集团,10015250,069001002001,016127,白色家电,1239,369288419522.7,360234581818.62,53.22,-0.819977636974,6938903035,6768782071,16.42668861,18.25379139,3.75899905,13.25463405,8.78520143,1.35560293,0.77522929,2019-10-17 00:00:00
000333,000333.SZ,美的集团,10015250,069001002001,016127,白色家电,1239,372341536858.1,363212845929.86,53.66,0.355339442678,6938903035,6768782071,16.56249739,18.40470586,3.79007683,13.36421764,8.85783369,1.36681047,0.78163856,2019-10-16 00:00:00
000333,000333.SZ,美的集团,10015250,069001002001,016127,白色家电,1239,371023145281.45,361926777336.37,53.47,0.037418147802,6938903035,6768782071,16.50385269,18.33953825,3.77665688,13.31689745,8.82646976,1.36197085,0.77887092,2019-10-15 00:00:00
000333,000333.SZ,美的集团,10015250,069001002001,016127,白色家电,1239,370884367220.75,361791401694.95,53.45,1.001511715797,6938903035,6768782071,16.49767956,18.3326785,3.77524425,13.31191638,8.82316829,1.36146142,0.77857959,2019-10-14 00:00:00
000333,000333.SZ,美的集团,10015250,069001002001,016127,白色家电,1239,367206748612.2,358203947197.32,52.92,1.418167880414,6938903035,6768782071,16.33409172,18.15089516,3.73780965,13.17991796,8.73567944,1.34796143,0.77085934,2019-10-11 00:00:00
000333,000333.SZ,美的集团,10015250,069001002001,016127,白色家电,1239,362071960366.3,353195048464.78,52.18,-0.609523809524,6938903035,6768782071,16.10568605,17.89708446,3.68554247,12.99561827,8.61352519,1.32911238,0.76008013,2019-10-10 00:00:00
000333,000333.SZ,美的集团,10015250,069001002001,016127,白色家电,1239,364292409337.5,355361058727.5,52.5,-0.2849002849,6938903035,6768782071,16.20445607,18.00684044,3.7081445,13.07531543,8.66634865,1.33726332,0.76474141,2019-10-09 00:00:00
000333,000333.SZ,美的集团,10015250,069001002001,016127,白色家电,1239,365333244792.75,356376376038.15,52.65,3.033268101761,6938903035,6768782071,16.25075452,18.05828855,3.71873919,13.11267348,8.69110964,1.34108407,0.76692639,2019-10-08 00:00:00
000333,000333.SZ,美的集团,10015250,069001002001,016127,白色家电,1239,354577945088.5,345884763828.1,51.1,-0.428682774747,6938903035,6768782071,15.77233724,17.52665802,3.60926064,12.72664036,8.43524602,1.30160297,0.74434831,2019-09-30 00:00:00
000333,000333.SZ,美的集团,10015250,069001002001,016127,白色家电,1239,356104503756.2,347373895883.72,51.32,0.627450980392,6938903035,6768782071,15.84024163,17.60211526,3.84607874,12.78143215,8.47156215,1.30720674,0.74755294,2019-09-27 00:00:00
000333,000333.SZ,美的集团,10015250,069001002001,016127,白色家电,1239,353884054785,345207885621,51,-0.156617071261,6938903035,6768782071,15.74147161,17.49235928,3.82209696,12.70173499,8.41873869,1.2990558,0.74289166,2019-09-26 00:00:00
000333,000333.SZ,美的集团,10015250,069001002001,016127,白色家电,1239,354439167027.8,345749388186.68,51.08,-1.901286729403,6938903035,6768782071,15.76616412,17.51979828,3.8280924,12.72165928,8.43194455,1.30109353,0.74405698,2019-09-25 00:00:00
000333,000333.SZ,美的集团,10015250,069001002001,016127,白色家电,1239,361308681032.45,352450482436.97,52.07,-0.019201228879,6938903035,6768782071,16.07173386,17.85935584,3.90228605,12.96822237,8.59536713,1.3263105,0.75847782,2019-09-24 00:00:00
000333,000333.SZ,美的集团,10015250,069001002001,016127,白色家电,1239,361378070062.8,352518170257.68,52.08,-1.176470588235,6938903035,6768782071,16.07482042,17.86278571,3.90303548,12.97071291,8.59701786,1.32656522,0.75862348,2019-09-23 00:00:00
000333,000333.SZ,美的集团,10015250,069001002001,016127,白色家电,1239,365680189944.5,356714815141.7,52.7,-0.264950794852,6938903035,6768782071,16.26618733,18.07543792,3.94950019,13.12512616,8.69936331,1.34235766,0.76765471,2019-09-20 00:00:00
000333,000333.SZ,美的集团,10015250,069001002001,016127,白色家电,1239,366651636369.4,357662444631.64,52.84,0.246632517549,6938903035,6768782071,16.30939921,18.12345616,3.95999222,13.15999367,8.72247357,1.34592369,0.76969402,2019-09-19 00:00:00
000333,000333.SZ,美的集团,10015250,069001002001,016127,白色家电,1239,365749578974.85,356782502962.41,52.71,-0.547169811321,6938903035,6768782071,16.2692739,18.0788678,3.95024962,13.1276167,8.70101404,1.34261238,0.76780038,2019-09-18 00:00:00
000333,000333.SZ,美的集团,10015250,069001002001,016127,白色家电,1239,367761860855,358745449763,53,-0.87899756873,6938903035,6768782071,16.35878422,18.17833415,3.97198311,13.19984225,8.7488853,1.34999916,0.77202466,2019-09-17 00:00:00
000333,000333.SZ,美的集团,10015250,069001002001,016127,白色家电,1239,371023145281.45,361926777336.37,53.47,-1.164510166359,6938903035,6768782071,16.50385269,18.33953825,4.00720636,13.31689745,8.82646976,1.36197085,0.77887092,2019-09-16 00:00:00
000333,000333.SZ,美的集团,10015250,069001002001,016127,白色家电,1239,375394654193.5,366191110041.1,54.1,1.310861423221,6938903035,6768782071,16.69830616,18.55562033,4.0544205,13.47380124,8.93046594,1.37801801,0.78804782,2019-09-12 00:00:00
000333,000333.SZ,美的集团,10015250,069001002001,016127,白色家电,1239,370537422069,361452962591.4,53.4,-0.817236255572,6938903035,6768782071,16.48224675,18.31552913,4.00196034,13.2994637,8.81491463,1.36018784,0.77785127,2019-09-11 00:00:00
000333,000333.SZ,美的集团,10015250,069001002001,016127,白色家电,1239,373590539404.4,364431226702.64,53.84,-0.498983552024,6938903035,6768782071,16.61805552,18.4664436,4.0349353,13.40904729,8.88754688,1.37139538,0.78426053,2019-09-10 00:00:00
000333,000333.SZ,美的集团,10015250,069001002001,016127,白色家电,1239,375464043223.85,366258797861.81,54.11,-0.184467810367,6938903035,6768782071,16.70139272,18.55905021,4.05516993,13.47629177,8.93211667,1.37827273,0.78819348,2019-09-09 00:00:00
000333,000333.SZ,美的集团,10015250,069001002001,016127,白色家电,1239,376157933527.35,366935676068.91,54.21,0.575139146568,6938903035,6768782071,16.73225835,18.59334895,4.06266423,13.50119714,8.948624,1.3808199,0.78965013,2019-09-06 00:00:00
000333,000333.SZ,美的集团,10015250,069001002001,016127,白色家电,1239,374006873586.5,364837353626.9,53.9,-1.010101010101,6938903035,6768782071,16.6365749,18.48702285,4.03943188,13.42399051,8.89745128,1.37292368,0.78513452,2019-09-05 00:00:00
000333,000333.SZ,美的集团,10015250,069001002001,016127,白色家电,1239,377823270255.75,368560183765.95,54.45,0.257779414472,6938903035,6768782071,16.80633587,18.67566594,4.08065057,13.56097001,8.9882416,1.3869331,0.79314609,2019-09-04 00:00:00
000333,000333.SZ,美的集团,10015250,069001002001,016127,白色家电,1239,376851823830.85,367612554276.01,54.31,0.147519822976,6938903035,6768782071,16.76312398,18.6276477,4.07015854,13.5261025,8.96513133,1.38336707,0.79110678,2019-09-03 00:00:00
000333,000333.SZ,美的集团,10015250,069001002001,016127,白色家电,1239,376296711588.05,367071051710.33,54.23,2.747252747253,6938903035,6768782071,16.73843148,18.6002087,4.0641631,13.50617821,8.95192547,1.38132933,0.78994146,2019-09-02 00:00:00
000333,000333.SZ,美的集团,10015250,069001002001,016127,白色家电,1239,366235302187.3,357256317707.38,52.78,1.636818794531,6938903035,6768782071,17.35418381,18.10287692,3.95549563,13.14505045,10.38235833,1.37150059,0.76882003,2019-08-30 00:00:00
000333,000333.SZ,美的集团,10015250,069001002001,016127,白色家电,1239,360337234607.55,351502852947.03,51.93,-0.555342780544,6938903035,6768782071,17.07470188,17.8113376,3.89179402,12.93335487,10.21515476,1.34941314,0.75643851,2019-08-29 00:00:00
000333,000333.SZ,美的集团,10015250,069001002001,016127,白色家电,1239,362349516487.7,353465799747.62,52.22,0.326609029779,6938903035,6768782071,17.17005454,17.91080395,3.91352751,13.00558042,10.27220068,1.35694886,0.76066279,2019-08-28 00:00:00
000333,000333.SZ,美的集团,10015250,069001002001,016127,白色家电,1239,361169902971.75,352315106795.55,52.05,1.978840125392,6938903035,6768782071,17.11415815,17.85249609,3.90078719,12.9632413,10.23875997,1.35253137,0.75818649,2019-08-27 00:00:00
000333,000333.SZ,美的集团,10015250,069001002001,016127,白色家电,1239,354161610906.4,345478636903.84,51.04,-2.315789473684,6938903035,6768782071,16.78206786,17.50607878,3.82509468,12.71169714,10.04008278,1.32628628,0.74347432,2019-08-26 00:00:00
000333,000333.SZ,美的集团,10015250,069001002001,016127,白色家电,1239,362557683578.75,353668863209.75,52.25,0.810341501061,6938903035,6768782071,17.1799186,17.92109358,3.9157758,13.01305203,10.27810199,1.35772841,0.76109979,2019-08-23 00:00:00
000333,000333.SZ,美的集团,10015250,069001002001,016127,白色家电,1239,359643344304.05,350825974739.93,51.83,0.270845424647,6938903035,6768782071,17.04182165,17.77703885,3.88429971,12.9084495,10.19548375,1.34681462,0.75498186,2019-08-22 00:00:00
000333,000333.SZ,美的集团,10015250,069001002001,016127,白色家电,1239,358671897879.15,349878345249.99,51.69,0.446949086669,6938903035,6768782071,16.99578933,17.72902061,3.87380768,12.873582,10.16794434,1.34317668,0.75294254,2019-08-21 00:00:00
000333,000333.SZ,美的集团,10015250,069001002001,016127,白色家电,1239,357075950181.1,348321525373.66,51.46,-0.213302307543,6938903035,6768782071,16.92016481,17.6501335,3.85657077,12.81629966,10.12270102,1.33720008,0.74959225,2019-08-20 00:00:00
000333,000333.SZ,美的集团,10015250,069001002001,016127,白色家电,1239,357839229514.95,349066091401.47,51.57,2.484101748808,6938903035,6768782071,16.95633306,17.68786212,3.86481451,12.84369556,10.14433913,1.34005846,0.75119456,2019-08-19 00:00:00
000333,000333.SZ,美的集团,10015250,069001002001,016127,白色家电,1239,349165600721.2,340605113812.72,50.32,0.720576461169,6938903035,6768782071,16.54533022,17.25912782,3.77113566,12.53237853,9.89845152,1.30757692,0.73298644,2019-08-16 00:00:00
000333,000333.SZ,美的集团,10015250,069001002001,016127,白色家电,1239,346667595628.6,338168352267.16,49.96,-0.418576838748,6938903035,6768782071,16.42696141,17.13565235,3.74415616,12.44271922,9.82763589,1.29822223,0.72774249,2019-08-15 00:00:00
000333,000333.SZ,美的集团,10015250,069001002001,016127,白色家电,1239,348124765265.95,339589796502.07,50.17,-0.298092209857,6938903035,6768782071,16.49600988,17.20767971,3.7598942,12.49502048,9.86894501,1.30367913,0.73080146,2019-08-14 00:00:00
000333,000333.SZ,美的集团,10015250,069001002001,016127,白色家电,1239,349165600721.2,340605113812.72,50.32,-1.814634146341,6938903035,6768782071,16.54533022,17.25912782,3.77113566,12.53237853,9.89845152,1.30757692,0.73298644,2019-08-13 00:00:00
000333,000333.SZ,美的集团,10015250,069001002001,016127,白色家电,1239,355618780543.75,346900081138.75,51.25,0.058570870754,6938903035,6768782071,16.85111633,17.57810614,3.84083273,12.7639984,10.0813919,1.33174318,0.74653328,2019-08-12 00:00:00
000333,000333.SZ,美的集团,10015250,069001002001,016127,白色家电,1239,355410613452.7,346697017676.62,51.22,-1.119691119691,6938903035,6768782071,16.84125227,17.56781652,3.83858443,12.75652679,10.0754906,1.33096363,0.74609629,2019-08-09 00:00:00
000333,000333.SZ,美的集团,10015250,069001002001,016127,白色家电,1239,359435177213,350622911277.8,51.8,1.508916323731,6938903035,6768782071,17.03195758,17.76674923,3.88205142,12.9009779,10.18958245,1.34603506,0.75454486,2019-08-08 00:00:00
000333,000333.SZ,美的集团,10015250,069001002001,016127,白色家电,1239,354092221876.05,345410949083.13,51.03,-0.931857891672,6938903035,6768782071,16.77877983,17.5026489,3.82434525,12.7092066,10.03811568,1.32602643,0.74332865,2019-08-07 00:00:00
000333,000333.SZ,美的集团,10015250,069001002001,016127,白色家电,1239,357422895332.85,348659964477.21,51.51,-0.174418604651,6938903035,6768782071,16.93660492,17.66728287,3.86031793,12.82875234,10.13253652,1.33849934,0.75032057,2019-08-06 00:00:00
000333,000333.SZ,美的集团,10015250,069001002001,016127,白色家电,1239,358047396606,349269154863.6,51.6,-2.18009478673,6938903035,6768782071,16.96619713,17.69815174,3.8670628,12.85116717,10.15024043,1.34083801,0.75163156,2019-08-05 00:00:00
000333,000333.SZ,美的集团,10015250,069001002001,016127,白色家电,1239,366027135096.25,357053254245.25,52.75,-1.585820895522,6938903035,6768782071,17.34431974,18.09258729,3.95324734,13.13757884,10.37645703,1.37072103,0.76838304,2019-08-02 00:00:00
000333,000333.SZ,美的集团,10015250,069001002001,016127,白色家电,1239,371925202676,362806719005.6,53.6,-2.010968921389,6938903035,6768782071,17.62380167,18.38412662,4.01694896,13.34927442,10.5436606,1.39280848,0.78076457,2019-08-01 00:00:00
000333,000333.SZ,美的集团,10015250,069001002001,016127,白色家电,1239,379557996014.5,370252379283.7,54.7,-0.905797101449,6938903035,6768782071,17.98548417,18.7614128,4.09938634,13.62323341,10.7600417,1.42139224,0.79678772,2019-07-31 00:00:00
000333,000333.SZ,美的集团,10015250,069001002001,016127,白色家电,1239,383027447532,373636770319.2,55.2,2.203295685984,6938903035,6768782071,18.1498853,18.93290651,4.13685788,13.74776023,10.85839674,1.43438485,0.80407097,2019-07-30 00:00:00
000333,000333.SZ,美的集团,10015250,069001002001,016127,白色家电,1239,374770152920.35,365581919654.71,54.01,1.085532472394,6938903035,6768782071,17.7586106,18.52475147,4.04767562,13.45138641,10.62431174,1.40346242,0.78673683,2019-07-29 00:00:00
000333,000333.SZ,美的集团,10015250,069001002001,016127,白色家电,1239,370745589160.05,361656026053.53,53.43,-0.037418147802,6938903035,6768782071,17.56790528,18.32581875,4.00420863,13.30693531,10.51021989,1.38839099,0.77828826,2019-07-26 00:00:00
000333,000333.SZ,美的集团,10015250,069001002001,016127,白色家电,1239,370884367220.75,361791401694.95,53.45,0.13113525665,6938903035,6768782071,17.57448133,18.3326785,4.0057075,13.31191638,10.51415409,1.38891069,0.77857959,2019-07-25 00:00:00
000333,000333.SZ,美的集团,10015250,069001002001,016127,白色家电,1239,370398644008.3,361317586949.98,53.38,0.338345864662,6938903035,6768782071,17.55146517,18.30866938,4.00046148,13.29448263,10.50038438,1.38709173,0.77755994,2019-07-24 00:00:00
000333,000333.SZ,美的集团,10015250,069001002001,016127,白色家电,1239,369149641462,360099206177.2,53.2,0.757575757576,6938903035,6768782071,17.49228076,18.24693164,3.98697173,13.24965297,10.46497657,1.38241439,0.77493796,2019-07-23 00:00:00
000333,000333.SZ,美的集团,10015250,069001002001,016127,白色家电,1239,366522936648,357627754281.6,52.8,0.399315459213,6941722285,6773252922,17.36781346,18.11709458,3.95860221,13.15537433,10.39051244,1.37257774,0.76942385,2019-07-22 00:00:00
000333,000333.SZ,美的集团,10015250,069001002001,016127,白色家电,1239,365065174968.15,356205371167.98,52.59,-0.189789333839,6941722285,6773252922,17.29873693,18.04503796,3.94285777,13.10305182,10.34918654,1.36711862,0.76636364,2019-07-19 00:00:00
000333,000333.SZ,美的集团,10015250,069001002001,016127,白色家电,1239,365759347196.65,356882696460.18,52.69,-0.056904400607,6941722285,6773252922,17.33163052,18.07935064,3.95035512,13.1279673,10.36886554,1.3697182,0.76782088,2019-07-18 00:00:00
000333,000333.SZ,美的集团,10015250,069001002001,016127,白色家电,1239,365967598865.2,357085894047.84,52.72,-1.494768310912,6941722285,6773252922,17.34149859,18.08964444,3.95260433,13.13544195,10.37476924,1.37049808,0.76825806,2019-07-17 00:00:00
000333,000333.SZ,美的集团,10015250,069001002001,016127,白色家电,1239,371520976693.2,362504496385.44,53.52,-2.103530272544,6941722285,6773252922,17.60464728,18.36414587,4.01258315,13.3347658,10.53220125,1.39129471,0.77991599,2019-07-16 00:00:00
000333,000333.SZ,美的集团,10015250,069001002001,016127,白色家电,1239,379503957320.95,370293737245.74,54.67,-0.200803212851,6941722285,6773252922,17.98292352,18.75874168,4.0988027,13.62129384,10.75850976,1.42118987,0.79667428,2019-07-15 00:00:00
000333,000333.SZ,美的集团,10015250,069001002001,016127,白色家电,1239,380267546772.3,371038795067.16,54.78,0.717043574186,6941722285,6773252922,18.01910647,18.79648563,4.10704979,13.64870087,10.78015666,1.4240494,0.79827724,2019-07-12 00:00:00
000333,000333.SZ,美的集团,10015250,069001002001,016127,白色家电,1239,377560275081.15,368397226427.58,54.39,0.909090909091,6941722285,6773252922,17.89082148,18.66266618,4.07781011,13.55153049,10.70340856,1.41391105,0.792594,2019-07-11 00:00:00
000333,000333.SZ,美的集团,10015250,069001002001,016127,白色家电,1239,374158831161.5,365078332495.8,53.9,0.111441307578,6941722285,6773252922,17.72964291,18.49453405,4.04107309,13.42944463,10.60698145,1.40117311,0.78545351,2019-07-10 00:00:00
000333,000333.SZ,美的集团,10015250,069001002001,016127,白色家电,1239,373742327824.4,366209607720.48,53.84,-1.01121529693,6941722285,6801812922,17.70990676,18.47394645,4.03657468,13.41449534,10.59517405,1.39961336,0.78457917,2019-07-09 00:00:00
000333,000333.SZ,美的集团,10015250,069001002001,016127,白色家电,1239,377560275081.15,369950604827.58,54.39,-1.59218382486,6941722285,6801812922,17.89082148,18.66266618,4.07781011,13.55153049,10.70340856,1.41391105,0.792594,2019-07-08 00:00:00
000333,000333.SZ,美的集团,10015250,069001002001,016127,白色家电,1239,383668990691.95,375936200198.94,55.27,1.599264705882,6941722285,6801812922,18.18028504,18.96461776,4.14378682,13.77078673,10.87658376,1.43678734,0.80541773,2019-07-05 00:00:00
000333,000333.SZ,美的集团,10015250,069001002001,016127,白色家电,1239,377629692304,370018622956.8,54.4,0.573118875947,6941722285,6801812922,17.89411084,18.66609745,4.07855985,13.55402204,10.70537646,1.414171,0.79273972,2019-07-04 00:00:00
000333,000333.SZ,美的集团,10015250,069001002001,016127,白色家电,1239,375477758395.65,367910060950.98,54.09,-1.313628899836,6941722285,6801812922,17.79214072,18.55972814,4.05531806,13.47678404,10.64437155,1.40611231,0.78822227,2019-07-03 00:00:00
000333,000333.SZ,美的集团,10015250,069001002001,016127,白色家电,1239,380475798440.85,372807366254.82,54.81,1.331114808652,6941722285,6801812922,18.02897454,18.80677943,4.109299,13.65617551,10.78606036,1.42482928,0.79871442,2019-07-02 00:00:00
000333,000333.SZ,美的集团,10015250,069001002001,016127,白色家电,1239,375477758395.65,367910060950.98,54.09,4.300038565368,6941722285,6801812922,17.79214072,18.55972814,4.05531806,13.47678404,10.64437155,1.40611231,0.78822227,2019-07-01 00:00:00
000333,000333.SZ,美的集团,10015250,069001002001,016127,白色家电,1239,359997717700.1,352742018134.92,51.86,0.173845856674,6941722285,6801812922,17.05861375,17.7945554,4.01737429,12.9211688,10.20552984,1.3481417,0.75572577,2019-06-28 00:00:00
000333,000333.SZ,美的集团,10015250,069001002001,016127,白色家电,1239,359136528949.14,351610320553.76,51.77,0.504756357989,6937155282,6791777488,17.01780603,17.75198716,4.0077639,12.8902587,10.18111611,1.34491666,0.75391792,2019-06-27 00:00:00
000333,000333.SZ,美的集团,10015250,069001002001,016127,白色家电,1239,357332868575.82,349844458406.88,51.51,0.136080870918,6937155282,6791777488,16.93233898,17.66283288,3.98763606,12.82552107,10.12998436,1.3381622,0.75013159,2019-06-26 00:00:00
000333,000333.SZ,美的集团,10015250,069001002001,016127,白色家电,1239,356847267706.08,349369033982.72,51.44,-1.418167880414,6937155282,6791777488,16.90932861,17.63882981,3.98221702,12.80809171,10.11621813,1.3363437,0.74911219,2019-06-25 00:00:00
000333,000333.SZ,美的集团,10015250,069001002001,016127,白色家电,1239,361980762614.76,354394949323.84,52.18,0.134331222414,6937155282,6791777488,17.15258101,17.89257658,4.03950397,12.99234497,10.26174693,1.35556793,0.75988868,2019-06-24 00:00:00
000333,000333.SZ,美的集团,10015250,069001002001,016127,白色家电,1239,361243326829.86,353668276222.02,52.11,-2.214299118033,6932322526,6786955982,17.11763736,17.8561254,4.0312746,12.96587666,10.24084145,1.35280633,0.75834062,2019-06-21 00:00:00
000333,000333.SZ,美的集团,10015250,069001002001,016127,白色家电,1239,369423467410.54,361676884280.78,53.29,2.461065179773,6932322526,6786955982,17.5052561,18.26046676,4.12256041,13.25948123,10.47273922,1.38343983,0.77551279,2019-06-20 00:00:00
000333,000333.SZ,美的集团,10015250,069001002001,016127,白色家电,1239,343716669250.5,336279906642.82,52.01,2.16067570222,6608665050,6465677882,16.28713076,16.98978914,3.83568685,12.3368035,9.74398045,1.28717142,0.72154776,2019-06-19 00:00:00
000333,000333.SZ,美的集团,10015250,069001002001,016127,白色家电,1239,336303451195.17,329023974472.29,50.91,0.236266981689,6605842687,6462855519,15.93585291,16.62335648,3.75295946,12.07072559,9.53382407,1.25940994,0.70598555,2019-06-18 00:00:00
000333,000333.SZ,美的集团,10015250,069001002001,016127,白色家电,1239,335510750072.73,328248431810.01,50.79,0.435040537868,6605842687,6462855519,15.8982905,16.58417355,3.74411335,12.04227367,9.51135188,1.25644139,0.70432147,2019-06-17 00:00:00
000333,000333.SZ,美的集团,10015250,069001002001,016127,白色家电,1239,334057464681.59,326826603595.83,50.57,-0.90143053106,6605842687,6462855519,15.82942608,16.51233819,3.7278955,11.99011182,9.47015288,1.25099903,0.70127066,2019-06-14 00:00:00
000333,000333.SZ,美的集团,10015250,069001002001,016127,白色家电,1239,337096152317.61,329799517134.57,51.03,-0.931857891672,6605842687,6462855519,15.97341532,16.66253941,3.76180556,12.0991775,9.55629625,1.2623785,0.70764963,2019-06-13 00:00:00
000333,000333.SZ,美的集团,10015250,069001002001,016127,白色家电,1239,340266956807.37,332901687783.69,51.51,0.077715173888,6605842687,6462855519,16.12366497,16.81927111,3.79718997,12.21298517,9.64618499,1.27425272,0.71430594,2019-06-12 00:00:00
000333,000333.SZ,美的集团,10015250,069001002001,016127,白色家电,1239,340002723099.89,332643173562.93,51.47,3.436495176849,6605842687,6462855519,16.11114416,16.80621014,3.79424127,12.2035012,9.63869426,1.27326321,0.71375125,2019-06-11 00:00:00
000333,000333.SZ,美的集团,10015250,069001002001,016127,白色家电,1239,328706732105.12,321591690625.44,49.76,1.302931596091,6605842687,6462855519,15.57587981,16.24785344,3.6681843,11.79806139,9.31846564,1.23096128,0.69003812,2019-06-10 00:00:00
000333,000333.SZ,美的集团,10015250,069001002001,016127,白色家电,1239,324478992785.44,317455463093.28,49.12,-0.787719652595,6605842687,6462855519,15.37554695,16.03887783,3.62100508,11.64631783,9.19861399,1.21512898,0.68116304,2019-06-06 00:00:00
000333,000333.SZ,美的集团,10015250,069001002001,016127,白色家电,1239,327055271433.37,319975976745.69,49.51,-0.382293762575,6605842687,6462855519,15.49762478,16.16622234,3.64975491,11.73878656,9.27164859,1.22477679,0.68657129,2019-06-05 00:00:00
000333,000333.SZ,美的集团,10015250,069001002001,016127,白色家电,1239,328310381543.9,321203919294.3,49.7,-0.837988826816,6605842687,6462855519,15.5570986,16.22826197,3.66376124,11.78383543,9.30722955,1.229477,0.68920608,2019-06-04 00:00:00
000333,000333.SZ,美的集团,10015250,069001002001,016127,白色家电,1239,331084835472.44,323918318612.28,50.12,1.048387096774,6605842687,6462855519,15.68856704,16.36540222,3.69472261,11.88341714,9.38588219,1.23986695,0.69503036,2019-06-03 00:00:00
000333,000333.SZ,美的集团,10015250,069001002001,016127,白色家电,1239,327649797275.2,320557633742.4,49.6,0.303336703741,6605842687,6462855519,15.52579659,16.19560954,3.65638949,11.7601255,9.28850273,1.22700321,0.68781935,2019-05-31 00:00:00
000333,000333.SZ,美的集团,10015250,069001002001,016127,白色家电,1239,326658920872.15,319588205414.55,49.45,0.753871230644,6605842687,6462855519,15.47884358,16.14663088,3.64533186,11.7245606,9.2604125,1.22329251,0.68573925,2019-05-30 00:00:00
000333,000333.SZ,美的集团,10015250,069001002001,016127,白色家电,1239,332802354571.06,325598661047.22,50.38,-0.257374777272,6605842687,6462855519,15.76995226,16.45029856,3.71388917,11.94506295,9.43457192,1.24629882,0.69863587,2019-05-29 00:00:00
000333,000333.SZ,美的集团,10015250,069001002001,016127,白色家电,1239,333661114120.37,326438832264.69,50.51,1.527638190955,6605842687,6462855519,15.81064488,16.49274673,3.72347244,11.97588586,9.45891679,1.24951476,0.70043862,2019-05-28 00:00:00
000333,000333.SZ,美的集团,10015250,069001002001,016127,白色家电,1239,328640673678.25,321527062070.25,49.75,-0.140505820955,6605842687,6462855519,15.57274961,16.24458819,3.66744712,11.79569039,9.31659296,1.2307139,0.68989945,2019-05-27 00:00:00
000333,000333.SZ,美的集团,10015250,069001002001,016127,白色家电,1239,329103082666.34,321979461956.58,49.82,0.626136134114,6605842687,6462855519,15.59466101,16.2674449,3.67260735,11.81228734,9.32970173,1.23244556,0.69087016,2019-05-24 00:00:00
000333,000333.SZ,美的集团,10015250,069001002001,016127,白色家电,1239,327055271433.37,319975976745.69,49.51,-3.695779031317,6605842687,6462855519,15.49762478,16.16622234,3.64975491,11.73878656,9.27164859,1.22477679,0.68657129,2019-05-23 00:00:00
000333,000333.SZ,美的集团,10015250,069001002001,016127,白色家电,1239,339606372538.67,332255402231.79,51.41,1.300492610837,6605842687,6462855519,16.09236296,16.78661867,3.78981822,12.18927524,9.62745817,1.27177893,0.71291921,2019-05-22 00:00:00
000333,000333.SZ,美的集团,10015250,069001002001,016127,白色家电,1239,335246516365.25,327989917589.25,50.75,0,6605842687,6462855519,15.8857697,16.57111258,3.74116465,12.0327897,9.50386116,1.25545187,0.70376678,2019-05-21 00:00:00
000333,000333.SZ,美的集团,10015250,069001002001,016127,白色家电,1239,335246516365.25,327989917589.25,50.75,0,6605842687,6462855519,15.8857697,16.57111258,3.74116465,12.0327897,9.50386116,1.25545187,0.70376678,2019-05-20 00:00:00
000333,000333.SZ,美的集团,10015250,069001002001,016127,白色家电,1239,335246516365.25,327989917589.25,50.75,0,6605842687,6462855519,15.8857697,16.57111258,3.74116465,12.0327897,9.50386116,1.25545187,0.70376678,2019-05-17 00:00:00
000333,000333.SZ,美的集团,10015250,069001002001,016127,白色家电,1239,335246516365.25,327989917589.25,50.75,0,6605842687,6462855519,15.8857697,16.57111258,3.74116465,12.0327897,9.50386116,1.25545187,0.70376678,2019-05-16 00:00:00
000333,000333.SZ,美的集团,10015250,069001002001,016127,白色家电,1239,335246516365.25,327989917589.25,50.75,0,6605842687,6462855519,15.8857697,16.57111258,3.74116465,12.0327897,9.50386116,1.25545187,0.70376678,2019-05-15 00:00:00
000333,000333.SZ,美的集团,10015250,069001002001,016127,白色家电,1239,335246516365.25,327989917589.25,50.75,0,6605842687,6462855519,15.8857697,16.57111258,3.74116465,12.0327897,9.50386116,1.25545187,0.70376678,2019-05-14 00:00:00
000333,000333.SZ,美的集团,10015250,069001002001,016127,白色家电,1239,335246516365.25,327989917589.25,50.75,0,6605842687,6462855519,15.8857697,16.57111258,3.74116465,12.0327897,9.50386116,1.25545187,0.70376678,2019-05-13 00:00:00
000333,000333.SZ,美的集团,10015250,069001002001,016127,白色家电,1239,335246516365.25,327989917589.25,50.75,0,6605842687,6462855519,15.8857697,16.57111258,3.74116465,12.0327897,9.50386116,1.25545187,0.70376678,2019-05-10 00:00:00
000333,000333.SZ,美的集团,10015250,069001002001,016127,白色家电,1239,335123701365.25,327989917589.25,50.75,0,6603422687,6462855519,15.87995007,16.56504188,3.7397941,12.02838158,9.50037949,1.25499194,0.70350896,2019-05-09 00:00:00
000333,000333.SZ,美的集团,10015250,069001002001,016127,白色家电,1239,335123701365.25,327989917589.25,50.75,0,6603422687,6462855519,15.87995007,16.56504188,3.7397941,12.02838158,9.50037949,1.25499194,0.70350896,2019-05-08 00:00:00
000333,000333.SZ,美的集团,10015250,069001002001,016127,白色家电,1239,335123701365.25,327989917589.25,50.75,3.423680456491,6603422687,6462855519,15.87995007,16.56504188,3.7397941,12.02838158,9.50037949,1.25499194,0.70350896,2019-05-07 00:00:00
000333,000333.SZ,美的集团,10015250,069001002001,016127,白色家电,1239,324029951251.09,317132320317.33,49.07,-6.354961832061,6603422687,6462855519,15.35426896,16.01668187,3.61599402,11.63020067,9.18588417,1.21344738,0.68022038,2019-05-06 00:00:00
000333,000333.SZ,美的集团,10015250,069001002001,016127,白色家电,1239,346019348798.8,338653629195.6,52.4,2.124342233483,6603422687,6462855519,16.39624401,17.10360974,3.86138347,12.41945211,9.80925882,1.29579464,0.72638166,2019-04-30 00:00:00
000333,000333.SZ,美的集团,10015250,069001002001,016127,白色家电,1239,338821618069.97,331609116679.89,51.31,3.929511849301,6603422687,6462855519,16.74782855,16.74782855,3.7810608,12.16110855,12.16110855,1.29410316,0.71127181,2019-04-29 00:00:00
000333,000333.SZ,美的集团,10015250,069001002001,016127,白色家电,1239,326010978057.19,319071176973.03,49.37,-3.968099591519,6603422687,6462855519,16.1146033,16.1146033,3.63810118,11.7013044,11.7013044,1.24517391,0.68437906,2019-04-26 00:00:00
000333,000333.SZ,美的集团,10015250,069001002001,016127,白色家电,1239,339481960338.67,332255402231.79,51.41,-2.262357414449,6603422687,6462855519,16.78046902,16.78046902,3.78842985,12.18480979,12.18480979,1.29662529,0.71265804,2019-04-25 00:00:00
000333,000333.SZ,美的集团,10015250,069001002001,016127,白色家电,1239,347340033336.2,339946200299.4,52.6,0.631337287163,6603422687,6462855519,17.1688907,17.1688907,3.87612157,12.4668546,12.4668546,1.3266386,0.72915411,2019-04-24 00:00:00
000333,000333.SZ,美的集团,10015250,069001002001,016127,白色家电,1239,345160903849.49,337813457978.13,52.27,-0.985035044516,6603422687,6462855519,17.06117712,17.06117712,3.8518037,12.38864049,12.38864049,1.31831558,0.72457957,2019-04-23 00:00:00
000333,000333.SZ,美的集团,10015250,069001002001,016127,白色家电,1239,347978539249.25,340508381129.53,52.79,-4.157588961511,6591751075,6450244007,17.20045181,17.20045181,3.88324694,12.48977209,12.48977209,1.32907732,0.7304945,2019-04-22 00:00:00
000333,000333.SZ,美的集团,10015250,069001002001,016127,白色家电,1239,363073649211,355279439905.56,55.08,3.107450393111,6591751075,6450244007,17.98662895,17.94659757,4.05169998,13.03157125,15.15044024,1.38811285,0.76218293,2019-04-19 00:00:00
000333,000333.SZ,美的集团,10015250,069001002001,016127,白色家电,1239,352131342426.5,344572034853.94,53.42,0.792452830189,6591751075,6450244007,17.44454826,17.40572335,3.92958992,12.638826,14.69383655,1.34627793,0.73921227,2019-04-18 00:00:00
000333,000333.SZ,美的集团,10015250,069001002001,016127,白色家电,1239,349362806975,341862932371,53,0.226928895613,6591751075,6450244007,17.30739532,17.26887566,3.8986946,12.53945673,14.57831032,1.33569319,0.73340042,2019-04-17 00:00:00
000333,000333.SZ,美的集团,10015250,069001002001,016127,白色家电,1239,348571796846,341088903090.16,52.88,2.679611650485,6591751075,6450244007,17.26820876,17.22977631,3.88986737,12.5110655,14.54530283,1.33266898,0.73173989,2019-04-16 00:00:00
000333,000333.SZ,美的集团,10015250,069001002001,016127,白色家电,1239,339475180362.5,332187566360.5,51.5,0.409436537337,6591751075,6450244007,16.81756338,16.78013389,3.78835419,12.18456644,14.16571663,1.29789055,0.71264381,2019-04-15 00:00:00
000333,000333.SZ,美的集团,10015250,069001002001,016127,白色家电,1239,338090912636.75,330833015119.03,51.29,-2.19298245614,6591751075,6450244007,16.7489869,16.71171005,3.77290653,12.1348818,14.10795352,1.29259818,0.70973788,2019-04-12 00:00:00
000333,000333.SZ,美的集团,10015250,069001002001,016127,白色家电,1239,345671426373,338250795727.08,52.44,-4.166666666667,6591751075,6450244007,17.12452473,17.08641206,3.85750085,12.40696435,14.42427534,1.3215802,0.72565128,2019-04-11 00:00:00
000333,000333.SZ,美的集团,10015250,069001002001,016127,白色家电,1239,360700618824,352957352063.04,54.72,-0.527176876931,6591751075,6450244007,17.86906928,17.82929955,4.02521828,12.94639758,15.05141775,1.37904021,0.75720134,2019-04-10 00:00:00
000333,000333.SZ,美的集团,10015250,069001002001,016127,白色家电,1239,362612226635.75,354827922825.07,55.01,1.531930601698,6591751075,6450244007,17.96377012,17.92378962,4.04655076,13.01500971,15.13118586,1.38634872,0.76121429,2019-04-09 00:00:00
000333,000333.SZ,美的集团,10015250,069001002001,016127,白色家电,1239,357141073243.5,349474220299.26,54.18,0.98788443616,6591751075,6450244007,17.69272978,17.65335251,3.98549573,12.81863708,14.90288402,1.36543126,0.74972896,2019-04-08 00:00:00
000333,000333.SZ,美的集团,10015250,069001002001,016127,白色家电,1239,353647445173.75,346055590975.55,53.65,2.777777777778,6591751075,6450244007,17.51965583,17.48066375,3.94650878,12.69324252,14.75710092,1.35207433,0.74239495,2019-04-04 00:00:00
000333,000333.SZ,美的集团,10015250,069001002001,016127,白色家电,1239,344089406115,336702737165.4,52.2,0.578034682081,6591751075,6450244007,17.04615162,17.00821338,3.83984638,12.35018191,14.35826035,1.31553178,0.72233023,2019-04-03 00:00:00
000333,000333.SZ,美的集团,10015250,069001002001,016127,白色家电,1239,342320177134.8,334767663963.3,51.9,-1.945966370678,6595764492,6450244007,16.95850421,16.92076104,3.82010277,12.2866801,14.28443347,1.30876762,0.71861617,2019-04-02 00:00:00
000333,000333.SZ,美的集团,10015250,069001002001,016127,白色家电,1239,349113814561.56,341411415290.51,52.93,8.618920582803,6595764492,6450244007,17.29506026,17.25656805,3.89591599,12.5305198,14.5679203,1.33474123,0.73287772,2019-04-01 00:00:00
000333,000333.SZ,美的集团,10015250,069001002001,016127,白色家电,1239,321411603695.16,314320390461.11,48.73,3.37293169283,6595764492,6450244007,15.92269576,15.88725791,3.86906725,11.53622199,13.41195458,1.2288294,0.67472381,2019-03-29 00:00:00
000333,000333.SZ,美的集团,10015250,069001002001,016127,白色家电,1239,310924338152.88,304064502489.98,47.14,-0.90393104898,6595764492,6450244007,15.40315777,15.36887621,3.74282434,11.15980924,12.97433899,1.18873421,0.65270841,2019-03-28 00:00:00
000333,000333.SZ,美的集团,10015250,069001002001,016127,白色家电,1239,313760516884.44,306838107412.99,47.57,2.147305132059,6595764492,6450244007,15.54366175,15.50906749,3.77696551,11.2616064,13.09268786,1.19957756,0.65866226,2019-03-27 00:00:00
000333,000333.SZ,美的集团,10015250,069001002001,016127,白色家电,1239,307164752392.44,300387863405.99,46.57,-0.257014349968,6595764492,6450244007,15.2169083,15.18304127,3.69756745,11.02486883,12.81745793,1.17436046,0.64481609,2019-03-26 00:00:00
000333,000333.SZ,美的集团,10015250,069001002001,016127,白色家电,1239,307956244131.48,301161892686.83,46.69,-3.930041152263,6595764492,6450244007,15.25611872,15.22216441,3.70709522,11.05327734,12.85048552,1.17738651,0.64647763,2019-03-25 00:00:00
000333,000333.SZ,美的集团,10015250,069001002001,016127,白色家电,1239,320554154311.2,313481858740.2,48.6,0.746268656716,6595764492,6450244007,15.88021781,15.8448745,3.85874551,11.5054461,13.37617469,1.22555118,0.67292381,2019-03-22 00:00:00
000333,000333.SZ,美的集团,10015250,069001002001,016127,白色家电,1239,318179679094.08,311159770897.68,48.24,-1.349693251534,6595764492,6450244007,15.76258657,15.72750506,3.83016221,11.42022058,13.27709191,1.21647302,0.66793919,2019-03-21 00:00:00
000333,000333.SZ,美的集团,10015250,069001002001,016127,白色家电,1239,322532883658.8,315416931942.3,48.9,-0.710659898477,6595764492,6450244007,15.97824385,15.94268237,3.88256492,11.57646738,13.45874367,1.23311631,0.67707766,2019-03-20 00:00:00
000333,000333.SZ,美的集团,10015250,069001002001,016127,白色家电,1239,324841401231,317674517344.75,49.25,-0.141930251419,6595764492,6450244007,16.09260755,16.05679155,3.91035424,11.65932553,13.55507415,1.2419423,0.68192382,2019-03-19 00:00:00
000333,000333.SZ,美的集团,10015250,069001002001,016127,白色家电,1239,325303104745.44,318126034425.24,49.32,2.900062591279,6595764492,6450244007,16.1154803,16.07961338,3.91591211,11.67589716,13.57434024,1.24370749,0.68289305,2019-03-18 00:00:00
000333,000333.SZ,美的集团,10015250,069001002001,016127,白色家电,1239,316134992101.56,309160195255.51,47.93,3.275156216333,6595764492,6450244007,15.661293,15.62643693,3.80554881,11.34683193,13.19177064,1.20865572,0.66364688,2019-03-15 00:00:00
000333,000333.SZ,美的集团,10015250,069001002001,016127,白色家电,1239,306109430073.72,299355824364.87,46.41,0.389357560026,6595764492,6450244007,15.16462775,15.13087707,3.68486376,10.98699082,12.77342114,1.17032573,0.6426007,2019-03-14 00:00:00
000333,000333.SZ,美的集团,10015250,069001002001,016127,白色家电,1239,304922192465.16,298194780443.61,46.23,0.15164644714,6595764492,6450244007,15.10581213,15.07219235,3.67057211,10.94437805,12.72387975,1.16578665,0.64010839,2019-03-13 00:00:00
000333,000333.SZ,美的集团,10015250,069001002001,016127,白色家电,1239,304460488950.72,297743263363.12,46.16,-0.901674538429,6595764492,6450244007,15.08293939,15.04937051,3.66501425,10.92780642,12.70461366,1.16402145,0.63913916,2019-03-12 00:00:00
000333,000333.SZ,美的集团,10015250,069001002001,016127,白色家电,1239,307230710037.36,300452365846.06,46.58,1.703056768559,6595764492,6450244007,15.22017584,15.18630153,3.69836143,11.0272362,12.82021023,1.17461263,0.64495455,2019-03-11 00:00:00
000333,000333.SZ,美的集团,10015250,069001002001,016127,白色家电,1239,302086013733.6,295421175520.6,45.8,-3.700588730025,6595764492,6450244007,14.96530814,14.93200107,3.63643095,10.8425809,12.60553088,1.15494329,0.63415454,2019-03-08 00:00:00
000333,000333.SZ,美的集团,10015250,069001002001,016127,白色家电,1239,313694559239.52,306773604972.92,47.56,-3.136456211813,6595764492,6450244007,15.54039422,15.50580723,3.77617153,11.25923903,13.08993556,1.19932539,0.6585238,2019-03-07 00:00:00
000333,000333.SZ,美的集团,10015250,069001002001,016127,白色家电,1239,323852036557.2,316706980743.7,49.1,0.204081632653,6595764492,6450244007,16.04359454,16.00788761,3.89844453,11.62381489,13.51378966,1.23815973,0.6798469,2019-03-06 00:00:00
000333,000333.SZ,美的集团,10015250,069001002001,016127,白色家电,1239,323192460108,316061956343,49,0.081699346405,6595764492,6450244007,16.01091919,15.97528499,3.89050473,11.60014113,13.48626666,1.23563802,0.67846228,2019-03-05 00:00:00
000333,000333.SZ,美的集团,10015250,069001002001,016127,白色家电,1239,322928629528.32,315803946582.72,48.96,0.802964793082,6595764492,6450244007,15.99784905,15.96224394,3.88732881,11.59067163,13.47525747,1.23462934,0.67790843,2019-03-04 00:00:00
000333,000333.SZ,美的集团,10015250,069001002001,016127,白色家电,1239,320356281376.44,313288351419.99,48.57,1.653411469234,6595764492,6450244007,15.87041521,15.83509371,3.85636356,11.49834398,13.36791779,1.22479467,0.67250843,2019-03-01 00:00:00
000333,000333.SZ,美的集团,10015250,069001002001,016127,白色家电,1239,315145627427.76,308192658654.46,47.78,0.293870696893,6595764492,6450244007,15.61227998,15.577533,3.7936391,11.31132129,13.15048615,1.20487316,0.66156995,2019-02-28 00:00:00
000333,000333.SZ,美的集团,10015250,069001002001,016127,白色家电,1239,313893888806.04,306964151300.64,47.64,0.591216216216,6588872561,6443412076,15.55026898,15.51566002,3.778571,11.26639344,13.09825324,1.20008748,0.65894224,2019-02-27 00:00:00
000333,000333.SZ,美的集团,10015250,069001002001,016127,白色家电,1239,312049004488.96,305159995919.36,47.36,-3.68110636567,6588872561,6443412076,15.45887362,15.42446806,3.75636278,11.20017618,13.02126939,1.19303406,0.65506936,2019-02-26 00:00:00
000333,000333.SZ,美的集团,10015250,069001002001,016127,白色家电,1239,323974863824.37,316822571776.92,49.17,7.805305853979,6588872561,6443412076,16.04967939,16.01395892,3.8999231,11.62822345,13.51891503,1.23862933,0.68010474,2019-02-25 00:00:00
000333,000333.SZ,美的集团,10015250,069001002001,016127,白色家电,1239,300518477507.21,293884024786.36,45.61,-0.545137374618,6588872561,6443412076,14.88765257,14.85451833,3.61756137,10.78631832,12.54012028,1.14895025,0.63086389,2019-02-22 00:00:00
000333,000333.SZ,美的集团,10015250,069001002001,016127,白色家电,1239,302165695647.46,295494877805.36,45.86,-0.477430555556,6588872561,6443412076,14.96925558,14.93593972,3.63739014,10.84544087,12.60885587,1.15524794,0.63432181,2019-02-21 00:00:00
000333,000333.SZ,美的集团,10015250,069001002001,016127,白色家电,1239,303145366671.36,296444736322.56,46.08,0,6578675492,6433262507,15.01778837,14.9843645,3.64918316,10.88060358,12.64973586,1.15899344,0.63637839,2019-02-20 00:00:00
000333,000333.SZ,美的集团,10015250,069001002001,016127,白色家电,1239,303145366671.36,296369672002.56,46.08,-0.689655172414,6578675492,6431633507,15.01778837,14.9843645,3.64918316,10.88060358,12.64973586,1.15899344,0.63637839,2019-02-19 00:00:00
000333,000333.SZ,美的集团,10015250,069001002001,016127,白色家电,1239,305250542828.8,298427794724.8,46.4,2.496134305279,6578675492,6431633507,15.12207857,15.08842259,3.67452471,10.95616332,12.73758125,1.167042,0.64079768,2019-02-18 00:00:00
000333,000333.SZ,美的集团,10015250,069001002001,016127,白色家电,1239,297816639522.84,291160048861.89,45.27,-3.987274655355,6578675492,6431633507,14.75380381,14.72096747,3.58503736,10.68934297,12.42737722,1.13862051,0.62519205,2019-02-15 00:00:00
000333,000333.SZ,美的集团,10015250,069001002001,016127,白色家电,1239,310184549447.8,303251519855.05,47.15,0.747863247863,6578675492,6431633507,15.36650872,15.33230873,3.73391897,11.13325648,12.94346888,1.18590583,0.6511554,2019-02-14 00:00:00
000333,000333.SZ,美的集团,10015250,069001002001,016127,白色家电,1239,307882013025.6,301000448127.6,46.8,0.666810066681,6578675492,6431633507,15.25244131,15.2184952,3.70620165,11.05061301,12.84738798,1.17710271,0.6463218,2019-02-13 00:00:00
000333,000333.SZ,美的集团,10015250,069001002001,016127,白色家电,1239,305842623623.08,299006641740.43,46.49,0.889756944444,6578675492,6431633507,15.15141019,15.11768892,3.68165202,10.9774145,12.76228776,1.16930566,0.64204061,2019-02-12 00:00:00
000333,000333.SZ,美的集团,10015250,069001002001,016127,白色家电,1239,303145366671.36,296369672002.56,46.08,4.112065070041,6578675492,6431633507,15.01778837,14.9843645,3.64918316,10.88060358,12.64973586,1.15899344,0.63637839,2019-02-11 00:00:00
000333,000333.SZ,美的集团,10015250,069001002001,016127,白色家电,1239,291172177275.92,284664099019.82,44.26,1.677004364806,6578675492,6431633507,14.42463788,14.39253413,3.50505309,10.45085751,12.15011522,1.11321722,0.61124365,2019-02-01 00:00:00
000333,000333.SZ,美的集团,10015250,069001002001,016127,白色家电,1239,286369744166.76,279969006559.71,43.53,3.396674584323,6578675492,6431633507,14.18672586,14.15515162,3.44724268,10.27848684,11.94971793,1.09485643,0.60116214,2019-01-31 00:00:00
000333,000333.SZ,美的集团,10015250,069001002001,016127,白色家电,1239,276831207688.8,270640740120.3,42.1,-2.093023255814,6575563128,6428521143,13.71418781,13.68366526,3.33242032,9.93612623,11.55169117,1.05838845,0.58113835,2019-01-30 00:00:00
000333,000333.SZ,美的集团,10015250,069001002001,016127,白色家电,1239,282749214504,276426409149,43,2.772466539197,6575563128,6428521143,14.00736522,13.97619017,3.40365971,10.14853748,11.79863944,1.08101433,0.59356173,2019-01-29 00:00:00
000333,000333.SZ,美的集团,10015250,069001002001,016127,白色家电,1239,275121561275.52,268969324623.12,41.84,-0.143198090692,6575563128,6428521143,13.62949211,13.59915806,3.31184006,9.87476298,11.48035056,1.05185208,0.57754937,2019-01-28 00:00:00
000333,000333.SZ,美的集团,10015250,069001002001,016127,白色家电,1239,275516095063.2,269355035891.7,41.9,0.74537148353,6575563128,6428521143,13.64903727,13.61865972,3.31658935,9.88892373,11.49681378,1.05336047,0.5783776,2019-01-25 00:00:00
000333,000333.SZ,美的集团,10015250,069001002001,016127,白色家电,1239,273477670493.52,267362194337.37,41.59,0.31355523396,6575563128,6428521143,13.54805394,13.51790114,3.29205134,9.81575985,11.41175382,1.04556711,0.57409843,2019-01-24 00:00:00
000333,000333.SZ,美的集团,10015250,069001002001,016127,白色家电,1239,272622847286.88,266526486588.78,41.46,0.387409200969,6575563128,6428521143,13.50570609,13.47564754,3.2817612,9.78507823,11.37608351,1.04229893,0.57230394,2019-01-23 00:00:00
000333,000333.SZ,美的集团,10015250,069001002001,016127,白色家电,1239,271570757186.4,265497923205.9,41.3,-1.876930387265,6575563128,6428521143,13.45358566,13.42364311,3.26909642,9.74731623,11.3321816,1.03827655,0.57009534,2019-01-22 00:00:00
000333,000333.SZ,美的集团,10015250,069001002001,016127,白色家电,1239,276765452057.52,270576454908.87,42.09,0.023764258555,6575563128,6428521143,13.71093028,13.68041498,3.33162877,9.9337661,11.5489473,1.05813705,0.58100031,2019-01-21 00:00:00
000333,000333.SZ,美的集团,10015250,069001002001,016127,白色家电,1239,276699696426.24,270512169697.44,42.08,2.859936445857,6575563128,6428521143,13.70767275,13.6771647,3.33083723,9.93140598,11.54620343,1.05788565,0.58086227,2019-01-18 00:00:00
000333,000333.SZ,美的集团,10015250,069001002001,016127,白色家电,1239,268693831836.81,262672912405.21,40.91,-0.703883495146,6567925491,6420750731,13.3110631,13.28143775,3.23446476,9.64405658,11.21213244,1.02727741,0.56405595,2019-01-17 00:00:00
000333,000333.SZ,美的集团,10015250,069001002001,016127,白色家电,1239,270598530229.2,264534930117.2,41.2,0.487804878049,6567925491,6420750731,13.40542165,13.37558629,3.25739301,9.7124207,11.29161224,1.03455951,0.56805439,2019-01-16 00:00:00
000333,000333.SZ,美的集团,10015250,069001002001,016127,白色家电,1239,269284945131,263250779971,41,3.929024081115,6567925491,6420750731,13.34034678,13.31065626,3.24158043,9.66527303,11.23679858,1.02953737,0.56529684,2019-01-15 00:00:00
000333,000333.SZ,美的集团,10015250,069001002001,016127,白色家电,1239,259104660619.95,253298616337.95,39.45,-0.978915662651,6567925491,6420750731,12.8360166,12.80744852,3.11903287,9.29987856,10.81199278,0.99061584,0.54392587,2019-01-14 00:00:00
000333,000333.SZ,美的集团,10015250,069001002001,016127,白色家电,1239,261666151561.44,255802709123.04,39.84,1.399847289387,6567925491,6420750731,12.96291258,12.93406208,3.14986742,9.39181653,10.91887941,1.000409,0.54930308,2019-01-11 00:00:00
000333,000333.SZ,美的集团,10015250,069001002001,016127,白色家电,1239,258053792541.39,252271296220.99,39.29,0.74358974359,6567925491,6420750731,12.78395671,12.7555045,3.1063828,9.26216042,10.76814186,0.98659813,0.54171983,2019-01-10 00:00:00
000333,000333.SZ,美的集团,10015250,069001002001,016127,白色家电,1239,259858189734,254118374094,39,5.805751492132,6663030506,6515855746,12.87334635,12.84469519,3.12810366,9.3269245,10.84343626,0.99349675,0.54550771,2019-01-09 00:00:00
000333,000333.SZ,美的集团,10015250,069001002001,016127,白色家电,1239,245599304451.16,240174442797.56,36.86,-0.351446336848,6663030506,6515855746,12.16696273,12.13988371,2.95645899,8.81513941,10.24843745,0.9389818,0.51557473,2019-01-08 00:00:00
000333,000333.SZ,美的集团,10015250,069001002001,016127,白色家电,1239,246465498416.94,241021504044.54,36.99,0,6663030506,6515855746,12.20987389,12.18269936,2.96688601,8.84622916,10.28458224,0.94229346,0.51739308,2019-01-07 00:00:00
000333,000333.SZ,美的集团,10015250,069001002001,016127,白色家电,1239,246465498416.94,241021504044.54,36.99,2.182320441989,6663030506,6515855746,12.20987389,12.18269936,2.96688601,8.84622916,10.28458224,0.94229346,0.51739308,2019-01-04 00:00:00
000333,000333.SZ,美的集团,10015250,069001002001,016127,白色家电,1239,241201704317.2,235873978005.2,36.2,-0.658616904501,6663030506,6515855746,11.9491061,11.92251195,2.90352185,8.65729915,10.06493315,0.92216878,0.50634306,2019-01-03 00:00:00
000333,000333.SZ,美的集团,10015250,069001002001,016127,白色家电,1239,242800831638.64,237437783384.24,36.44,-1.139446554531,6663030506,6515855746,12.02832669,12.00155622,2.92277172,8.71469561,10.13166198,0.92828261,0.50970003,2019-01-02 00:00:00
000333,000333.SZ,美的集团,10015250,069001002001,016127,白色家电,1239,245599304451.16,240174442797.56,36.86,0.163043478261,6663030506,6515855746,12.16696273,14.20988913,2.96386604,10.04799299,10.24843745,0.9389818,0.71196324,2018-12-28 00:00:00
000333,000333.SZ,美的集团,10015250,069001002001,016127,白色家电,1239,245173545611.2,239757514443.2,36.8,-0.888769189335,6662324609,6515149849,12.14587068,14.18525557,2.95872803,10.03057428,10.23067127,0.93735403,0.71072902,2018-12-27 00:00:00
000333,000333.SZ,美的集团,10015250,069001002001,016127,白色家电,1239,246716109100.41,241272047792.86,37.13,-0.668806848582,6644656857,6498035222,12.22228911,14.27450523,2.97734352,10.09368385,10.29503979,0.9432516,0.71520072,2018-12-26 00:00:00
000333,000333.SZ,美的集团,10015250,069001002001,016127,白色家电,1239,248377273314.66,242896556598.36,37.38,-0.953895071542,6644656857,6498035222,12.30458301,14.3706169,2.99739027,10.16164563,10.36435732,0.94960261,0.72001624,2018-12-25 00:00:00
000333,000333.SZ,美的集团,10015250,069001002001,016127,白色家电,1239,250769349783.18,245235849278.28,37.74,-0.474683544304,6644656857,6498035222,12.42308621,14.50901771,3.0262576,10.2595106,10.46417457,0.95874806,0.72695059,2018-12-24 00:00:00
000333,000333.SZ,美的集团,10015250,069001002001,016127,白色家电,1239,251965388017.44,246405495618.24,37.92,-1.069658231151,6644656857,6498035222,12.48233782,14.57821811,3.04069126,10.30844308,10.51408319,0.96332078,0.73041776,2018-12-21 00:00:00
000333,000333.SZ,美的集团,10015250,069001002001,016127,白色家电,1239,254689697328.81,249069690059.26,38.33,0.209150326797,6644656857,6498035222,12.6172998,14.73584125,3.07356793,10.41990041,10.62776394,0.97373643,0.73831521,2018-12-20 00:00:00
000333,000333.SZ,美的集团,10015250,069001002001,016127,白色家电,1239,254158124780.25,248549847241.5,38.25,-1.442927080649,6644656857,6498035222,12.59096576,14.70508552,3.06715297,10.39815264,10.60558233,0.97170411,0.73677424,2018-12-19 00:00:00
000333,000333.SZ,美的集团,10015250,069001002001,016127,白色家电,1239,257879132620.17,252188746965.82,38.81,-1.647237709072,6644656857,6498035222,12.77530408,14.92037566,3.11205769,10.55038703,10.7608536,0.98593037,0.747561,2018-12-18 00:00:00
000333,000333.SZ,美的集团,10015250,069001002001,016127,白色家电,1239,262198159577.22,256412469860.12,39.46,-0.729559748428,6644656857,6498035222,12.9892682,15.170266,3.16417925,10.72708766,10.94107919,1.00244299,0.76008135,2018-12-17 00:00:00
000333,000333.SZ,美的集团,10015250,069001002001,016127,白色家电,1239,264125110065.75,258296900074.5,39.75,-0.9222333001,6644656857,6498035222,13.08472912,15.28175554,3.18743348,10.80592333,11.02148752,1.00981016,0.76566735,2018-12-14 00:00:00
000333,000333.SZ,美的集团,10015250,069001002001,016127,白色家电,1239,266583633102.84,260701173106.64,40.12,6.306306306306,6644656857,6498035222,13.20652408,15.42400081,3.21710267,10.90650676,11.12407747,1.01920965,0.77279432,2018-12-13 00:00:00
000333,000333.SZ,美的集团,10015250,069001002001,016127,白色家电,1239,250769349783.18,245235849278.28,37.74,1.889848812095,6644656857,6498035222,12.42308621,14.50901771,3.0262576,10.2595106,10.46417457,0.95874806,0.72695059,2018-12-12 00:00:00
000333,000333.SZ,美的集团,10015250,069001002001,016127,白色家电,1239,246118089983.28,240687224622.88,37.04,-0.053966540745,6644656857,6498035222,12.19266331,14.23990503,2.97012669,10.06921761,10.27008548,0.94096524,0.71346714,2018-12-11 00:00:00
000333,000333.SZ,美的集团,10015250,069001002001,016127,白色家电,1239,246250983120.42,240817185327.32,37.06,-3.690228690229,6644656857,6498035222,12.19924682,14.24759397,2.97173043,10.07465455,10.27563088,0.94147332,0.71385238,2018-12-10 00:00:00
000333,000333.SZ,美的集团,10015250,069001002001,016127,白色家电,1239,255686395857.36,250044395342.56,38.48,-1.232032854209,6644656857,6498035222,12.66667614,14.79350825,3.08559598,10.46067748,10.66935446,0.97754704,0.74120452,2018-12-07 00:00:00
000333,000333.SZ,美的集团,10015250,069001002001,016127,白色家电,1239,258875831148.72,253163452249.12,38.96,-2.6,6644656857,6498035222,12.82468041,14.97804266,3.12408574,10.5911641,10.80244412,0.98974097,0.75045032,2018-12-06 00:00:00
000333,000333.SZ,美的集团,10015250,069001002001,016127,白色家电,1239,265786274280,259921408880,40,-1.332017760237,6644656857,6498035222,13.16702301,15.37786721,3.20748023,10.87388511,11.09080506,1.01616116,0.77048287,2018-12-05 00:00:00
000333,000333.SZ,美的集团,10015250,069001002001,016127,白色家电,1239,269374388982.78,263430347899.88,40.54,-0.710262062209,6644656857,6498035222,13.34477782,15.58546841,3.25078121,11.02068256,11.24053092,1.02987934,0.78088439,2018-12-04 00:00:00
000333,000333.SZ,美的集团,10015250,069001002001,016127,白色家电,1239,271301339471.31,265314778114.26,40.83,5.531144998708,6644656857,6498035222,13.44023874,15.69695795,3.27403544,11.09951823,11.32093926,1.03724651,0.78647039,2018-12-03 00:00:00
000333,000333.SZ,美的集团,10015250,069001002001,016127,白色家电,1239,257081773797.33,251408982739.18,38.69,-0.283505154639,6644656857,6498035222,12.73580301,14.87424206,3.10243525,10.51776537,10.72758119,0.98288188,0.74524956,2018-11-30 00:00:00
000333,000333.SZ,美的集团,10015250,069001002001,016127,白色家电,1239,257812686051.6,252123766613.6,38.8,-3.048475762119,6644656857,6498035222,12.77201232,14.91653119,3.11125582,10.54766856,10.7580809,0.98567633,0.74736838,2018-11-29 00:00:00
000333,000333.SZ,美的集团,10015250,069001002001,016127,白色家电,1239,265919167417.14,260051369584.44,40.02,0.907715582451,6644656857,6498035222,13.17360652,15.38555614,3.20908397,10.87932205,11.09635046,1.01666924,0.77086811,2018-11-28 00:00:00
000333,000333.SZ,美的集团,10015250,069001002001,016127,白色家电,1239,263527090948.62,257712076904.52,39.66,-0.899550224888,6644656857,6498035222,13.05510332,15.24715534,3.18021665,10.78145709,10.99653321,1.00752379,0.76393377,2018-11-27 00:00:00
000333,000333.SZ,美的集团,10015250,069001002001,016127,白色家电,1239,265919167417.14,260051369584.44,40.02,0.351053159478,6644656857,6498035222,13.17360652,15.38555614,3.20908397,10.87932205,11.09635046,1.01666924,0.77086811,2018-11-26 00:00:00
000333,000333.SZ,美的集团,10015250,069001002001,016127,白色家电,1239,264988915457.16,259141644653.36,39.88,-1.845926655181,6644656857,6498035222,13.12752194,15.3317336,3.19785779,10.84126345,11.05753264,1.01311268,0.76817142,2018-11-23 00:00:00
000333,000333.SZ,美的集团,10015250,069001002001,016127,白色家电,1239,269972408099.91,264015171069.86,40.63,0.768849206349,6644656857,6498035222,13.37440363,15.62006861,3.25799804,11.0451488,11.26548523,1.0321657,0.78261798,2018-11-22 00:00:00
000333,000333.SZ,美的集团,10015250,069001002001,016127,白色家电,1239,267912564474.24,262000780151.04,40.32,-1.176470588235,6644656857,6498035222,13.2723592,15.50089014,3.23314007,10.96087619,11.1795315,1.02429045,0.77664673,2018-11-21 00:00:00
000333,000333.SZ,美的集团,10015250,069001002001,016127,白色家电,1239,271101999765.6,265119837057.6,40.8,-3.54609929078,6644656857,6498035222,13.43036347,15.68542455,3.27162983,11.09136281,11.31262116,1.03648439,0.78589253,2018-11-20 00:00:00
000333,000333.SZ,美的集团,10015250,069001002001,016127,白色家电,1239,281068985051.1,274866889890.6,42.3,0.714285714286,6644656857,6498035222,13.92412684,16.26209457,3.39191034,11.4991335,11.72852635,1.07459043,0.81478564,2018-11-19 00:00:00
000333,000333.SZ,美的集团,10015250,069001002001,016127,白色家电,1239,279075587994,272917479324,42,2.164923376307,6644656857,6498035222,13.82537416,16.14676057,3.36785424,11.41757937,11.64534531,1.06696922,0.80900701,2018-11-16 00:00:00
000333,000333.SZ,美的集团,10015250,069001002001,016127,白色家电,1239,273161843391.27,267134227976.42,41.11,0.636474908201,6644656857,6498035222,13.5324079,15.80460302,3.29648781,11.17563542,11.3985749,1.04435963,0.79186377,2018-11-15 00:00:00
000333,000333.SZ,美的集团,10015250,069001002001,016127,白色家电,1239,271434232608.45,265444738818.7,40.85,-1.089588377724,6644656857,6498035222,13.44682225,15.70464688,3.27563918,11.10495517,11.32648466,1.03775459,0.78685563,2018-11-14 00:00:00
000333,000333.SZ,美的集团,10015250,069001002001,016127,白色家电,1239,274424328194.1,268368854668.6,41.3,2.889885401096,6644656857,6498035222,13.59495126,15.87764789,3.31172334,11.22728638,11.45125622,1.0491864,0.79552356,2018-11-13 00:00:00
000333,000333.SZ,美的集团,10015250,069001002001,016127,白色家电,1239,266716526239.98,260831133811.08,40.14,0.930349509681,6644656857,6498035222,13.21310759,15.43168974,3.21870641,10.91194371,11.12962287,1.01971773,0.77317956,2018-11-12 00:00:00
000333,000333.SZ,美的集团,10015250,069001002001,016127,白色家电,1239,264258003202.89,258426860778.94,39.77,-2.116662564607,6644656857,6498035222,13.09131263,15.28944447,3.18903722,10.81136027,11.02703293,1.01031824,0.76605259,2018-11-09 00:00:00
000333,000333.SZ,美的集团,10015250,069001002001,016127,白色家电,1239,269972408099.91,264015171069.86,40.63,-0.367827366356,6644656857,6498035222,13.37440363,15.62006861,3.25799804,11.0451488,11.26548523,1.0321657,0.78261798,2018-11-08 00:00:00
000333,000333.SZ,美的集团,10015250,069001002001,016127,白色家电,1239,270969106628.46,264989876353.16,40.78,1.493280238925,6644656857,6498035222,13.42377996,15.67773562,3.27002609,11.08592587,11.30707575,1.03597631,0.78550729,2018-11-07 00:00:00
000333,000333.SZ,美的集团,10015250,069001002001,016127,白色家电,1239,266982312514.26,261091055219.96,40.18,-2.664728682171,6644656857,6498035222,13.22627462,15.44706761,3.22191389,10.92281759,11.14071368,1.02073389,0.77395004,2018-11-06 00:00:00
000333,000333.SZ,美的集团,10015250,069001002001,016127,白色家电,1239,274291435056.96,268238893964.16,41.28,0.732064421669,6644656857,6498035222,13.58836775,15.86995896,3.3101196,11.22184943,11.44571082,1.04867832,0.79513832,2018-11-05 00:00:00
000333,000333.SZ,美的集团,10015250,069001002001,016127,白色家电,1239,272298037999.86,266289483397.56,40.98,6.110823407561,6644656857,6498035222,13.48961508,15.75462495,3.28606349,11.14029529,11.36252978,1.04105711,0.7893597,2018-11-02 00:00:00
000333,000333.SZ,美的集团,10015250,069001002001,016127,白色家电,1239,256616647817.34,250954120273.64,38.62,4.2656587473,6644656857,6498035222,12.71276072,14.84733079,3.09682216,10.49873607,10.70817228,0.9811036,0.74390121,2018-11-01 00:00:00
000333,000333.SZ,美的集团,10015250,069001002001,016127,白色家电,1239,246118089983.28,240687224622.88,37.04,1.954307734655,6644656857,6498035222,12.19266331,14.23990503,2.97012669,10.06921761,10.27008548,0.94096524,0.71346714,2018-10-31 00:00:00
000333,000333.SZ,美的集团,10015250,069001002001,016127,白色家电,1239,241400383614.81,236073619615.26,36.33,0.165425971878,6644656857,6498035222,12.43741225,13.96694789,2.91319392,9.87620615,13.29269525,0.92600129,0.69979107,2018-10-30 00:00:00
000333,000333.SZ,美的集团,10015250,069001002001,016127,白色家电,1239,241001704203.39,235683737501.94,36.27,-10,6644656857,6498035222,12.41687152,13.94388109,2.9083827,9.85989532,13.27074199,0.92447197,0.69863534,2018-10-29 00:00:00
000333,000333.SZ,美的集团,10015250,069001002001,016127,白色家电,1239,267779671337.1,261870819446.6,40.3,0,6644656857,6498035222,13.79652392,15.49320121,3.23153633,10.95543925,14.74526888,1.02719108,0.77626149,2018-10-26 00:00:00
000333,000333.SZ,美的集团,10015250,069001002001,016127,白色家电,1239,267779671337.1,261870819446.6,40.3,0,6644656857,6498035222,13.79652392,15.49320121,3.23153633,10.95543925,14.74526888,1.02719108,0.77626149,2018-10-25 00:00:00
000333,000333.SZ,美的集团,10015250,069001002001,016127,白色家电,1239,267779671337.1,261870819446.6,40.3,0,6644656857,6498035222,13.79652392,15.49320121,3.23153633,10.95543925,14.74526888,1.02719108,0.77626149,2018-10-24 00:00:00
000333,000333.SZ,美的集团,10015250,069001002001,016127,白色家电,1239,267779671337.1,261870819446.6,40.3,0,6644656857,6498035222,13.79652392,15.49320121,3.23153633,10.95543925,14.74526888,1.02719108,0.77626149,2018-10-23 00:00:00
000333,000333.SZ,美的集团,10015250,069001002001,016127,白色家电,1239,267779671337.1,261870819446.6,40.3,0,6644656857,6498035222,13.79652392,15.49320121,3.23153633,10.95543925,14.74526888,1.02719108,0.77626149,2018-10-22 00:00:00
000333,000333.SZ,美的集团,10015250,069001002001,016127,白色家电,1239,267779671337.1,261870819446.6,40.3,0,6644656857,6498035222,13.79652392,15.49320121,3.23153633,10.95543925,14.74526888,1.02719108,0.77626149,2018-10-19 00:00:00
000333,000333.SZ,美的集团,10015250,069001002001,016127,白色家电,1239,267779671337.1,261870819446.6,40.3,0,6644656857,6498035222,13.79652392,15.49320121,3.23153633,10.95543925,14.74526888,1.02719108,0.77626149,2018-10-18 00:00:00
000333,000333.SZ,美的集团,10015250,069001002001,016127,白色家电,1239,267779671337.1,261870819446.6,40.3,0,6644656857,6498035222,13.79652392,15.49320121,3.23153633,10.95543925,14.74526888,1.02719108,0.77626149,2018-10-17 00:00:00
000333,000333.SZ,美的集团,10015250,069001002001,016127,白色家电,1239,267779671337.1,261870819446.6,40.3,0,6644656857,6498035222,13.79652392,15.49320121,3.23153633,10.95543925,14.74526888,1.02719108,0.77626149,2018-10-16 00:00:00
000333,000333.SZ,美的集团,10015250,069001002001,016127,白色家电,1239,267779671337.1,261870819446.6,40.3,0,6644656857,6498035222,13.79652392,15.49320121,3.23153633,10.95543925,14.74526888,1.02719108,0.77626149,2018-10-15 00:00:00
000333,000333.SZ,美的集团,10015250,069001002001,016127,白色家电,1239,267779671337.1,261870819446.6,40.3,0,6644656857,6498035222,13.79652392,15.49320121,3.23153633,10.95543925,14.74526888,1.02719108,0.77626149,2018-10-12 00:00:00
000333,000333.SZ,美的集团,10015250,069001002001,016127,白色家电,1239,267779671337.1,261870819446.6,40.3,0,6644656857,6498035222,13.79652392,15.49320121,3.23153633,10.95543925,14.74526888,1.02719108,0.77626149,2018-10-11 00:00:00
000333,000333.SZ,美的集团,10015250,069001002001,016127,白色家电,1239,267779671337.1,261870819446.6,40.3,0,6644656857,6498035222,13.79652392,15.49320121,3.23153633,10.95543925,14.74526888,1.02719108,0.77626149,2018-10-10 00:00:00
000333,000333.SZ,美的集团,10015250,069001002001,016127,白色家电,1239,267779671337.1,261870819446.6,40.3,0,6644656857,6498035222,13.79652392,15.49320121,3.23153633,10.95543925,14.74526888,1.02719108,0.77626149,2018-10-09 00:00:00
000333,000333.SZ,美的集团,10015250,069001002001,016127,白色家电,1239,267779671337.1,261870819446.6,40.3,0,6644656857,6498035222,13.79652392,15.49320121,3.23153633,10.95543925,14.74526888,1.02719108,0.77626149,2018-10-08 00:00:00
000333,000333.SZ,美的集团,10015250,069001002001,016127,白色家电,1239,267779671337.1,261870819446.6,40.3,0,6644656857,6498035222,13.79652392,15.49320121,3.37671648,10.95543925,14.74526888,1.02719108,0.77626149,2018-09-28 00:00:00
000333,000333.SZ,美的集团,10015250,069001002001,016127,白色家电,1239,267779671337.1,261870819446.6,40.3,0,6644656857,6498035222,13.79652392,15.49320121,3.37671648,10.95543925,14.74526888,1.02719108,0.77626149,2018-09-27 00:00:00
000333,000333.SZ,美的集团,10015250,069001002001,016127,白色家电,1239,267779671337.1,261870819446.6,40.3,0,6644656857,6498035222,13.79652392,15.49320121,3.37671648,10.95543925,14.74526888,1.02719108,0.77626149,2018-09-26 00:00:00
000333,000333.SZ,美的集团,10015250,069001002001,016127,白色家电,1239,267779671337.1,261870819446.6,40.3,0,6644656857,6498035222,13.79652392,15.49320121,3.37671648,10.95543925,14.74526888,1.02719108,0.77626149,2018-09-25 00:00:00
000333,000333.SZ,美的集团,10015250,069001002001,016127,白色家电,1239,267779671337.1,261870819446.6,40.3,0,6644656857,6498035222,13.79652392,15.49320121,3.37671648,10.95543925,14.74526888,1.02719108,0.77626149,2018-09-21 00:00:00
000333,000333.SZ,美的集团,10015250,069001002001,016127,白色家电,1239,267779671337.1,261870819446.6,40.3,0,6644656857,6498035222,13.79652392,15.49320121,3.37671648,10.95543925,14.74526888,1.02719108,0.77626149,2018-09-20 00:00:00
000333,000333.SZ,美的集团,10015250,069001002001,016127,白色家电,1239,267779671337.1,261870819446.6,40.3,0,6644656857,6498035222,13.79652392,15.49320121,3.37671648,10.95543925,14.74526888,1.02719108,0.77626149,2018-09-19 00:00:00
000333,000333.SZ,美的集团,10015250,069001002001,016127,白色家电,1239,267779671337.1,261870819446.6,40.3,0,6644656857,6498035222,13.79652392,15.49320121,3.37671648,10.95543925,14.74526888,1.02719108,0.77626149,2018-09-18 00:00:00
000333,000333.SZ,美的集团,10015250,069001002001,016127,白色家电,1239,267779671337.1,261870819446.6,40.3,0,6644656857,6498035222,13.79652392,15.49320121,3.37671648,10.95543925,14.74526888,1.02719108,0.77626149,2018-09-17 00:00:00
000333,000333.SZ,美的集团,10015250,069001002001,016127,白色家电,1239,267779671337.1,261870819446.6,40.3,0,6644656857,6498035222,13.79652392,15.49320121,3.37671648,10.95543925,14.74526888,1.02719108,0.77626149,2018-09-14 00:00:00
000333,000333.SZ,美的集团,10015250,069001002001,016127,白色家电,1239,267779671337.1,261870819446.6,40.3,0,6644656857,6498035222,13.79652392,15.49320121,3.37671648,10.95543925,14.74526888,1.02719108,0.77626149,2018-09-13 00:00:00
000333,000333.SZ,美的集团,10015250,069001002001,016127,白色家电,1239,267779671337.1,261870819446.6,40.3,0,6644656857,6498035222,13.79652392,15.49320121,3.37671648,10.95543925,14.74526888,1.02719108,0.77626149,2018-09-12 00:00:00
000333,000333.SZ,美的集团,10015250,069001002001,016127,白色家电,1239,267779671337.1,261870819446.6,40.3,0,6644656857,6498035222,13.79652392,15.49320121,3.37671648,10.95543925,14.74526888,1.02719108,0.77626149,2018-09-11 00:00:00
000333,000333.SZ,美的集团,10015250,069001002001,016127,白色家电,1239,267768909222.1,261860057331.6,40.3,0,6644389807,6497768172,13.79596943,15.49257854,3.37658077,10.95499895,14.74467627,1.0271498,0.77623029,2018-09-10 00:00:00
000333,000333.SZ,美的集团,10015250,069001002001,016127,白色家电,1239,267751210308.4,261842358417.9,40.3,-0.099157164105,6643950628,6497328993,13.79505755,15.49155451,3.37635759,10.95427485,14.74370168,1.02708191,0.77617899,2018-09-07 00:00:00
000333,000333.SZ,美的集团,10015250,069001002001,016127,白色家电,1239,267977667814.64,262062951058.74,40.34,-1.609756097561,6642976396,6496354761,13.80672508,15.50465689,3.37921323,10.96353971,14.75617154,1.02795059,0.77683546,2018-09-06 00:00:00
000333,000333.SZ,美的集团,10015250,069001002001,016127,白色家电,1239,272362032236,266350545201,41,-3.027436140019,6642976396,6496354761,14.03261597,15.75832753,3.4345003,11.14291344,14.99759626,1.04476882,0.78954521,2018-09-05 00:00:00
000333,000333.SZ,美的集团,10015250,069001002001,016127,白色家电,1239,280865042022.88,274665879295.08,42.28,1.317996645099,6642976396,6496354761,14.47070739,16.25029483,3.54172373,11.49078976,15.4658139,1.07738599,0.81419443,2018-09-04 00:00:00
000333,000333.SZ,美的集团,10015250,069001002001,016127,白色家电,1239,277211405005.08,271092884176.53,41.73,0.3125,6642976396,6496354761,14.28246498,16.03890263,3.49565116,11.34131165,15.26462664,1.0633708,0.80360297,2018-09-03 00:00:00
000333,000333.SZ,美的集团,10015250,069001002001,016127,白色家电,1239,276347818073.6,270248358057.6,41.6,-0.478468899522,6642976396,6496354761,14.23797132,15.9889372,3.48476128,11.30598046,15.21707328,1.06005812,0.80109953,2018-08-31 00:00:00
000333,000333.SZ,美的集团,10015250,069001002001,016127,白色家电,1239,277676413352.8,271547629009.8,41.8,-1.670195248177,6642976396,6496354761,15.26757185,16.06580709,3.50151494,11.36033614,12.70066251,1.10093906,0.80495097,2018-08-30 00:00:00
000333,000333.SZ,美的集团,10015250,069001002001,016127,白色家电,1239,282392926593.96,276160040890.11,42.51,-1.847148464558,6642976396,6496354761,15.52690142,16.33869521,3.56099044,11.55329878,12.91639147,1.11963923,0.81862358,2018-08-29 00:00:00
000333,000333.SZ,美的集团,10015250,069001002001,016127,白色家电,1239,287707307710.76,281357124698.91,43.31,0.932183640177,6642976396,6496354761,15.81910375,16.64617477,3.62800508,11.77072149,13.15946635,1.14070983,0.83402935,2018-08-28 00:00:00
000333,000333.SZ,美的集团,10015250,069001002001,016127,白色家电,1239,285050117152.36,278758582794.51,42.91,3.697438376027,6642976396,6496354761,15.67300259,16.49243499,3.59449776,11.66201014,13.03792891,1.13017453,0.82632646,2018-08-27 00:00:00
000333,000333.SZ,美的集团,10015250,069001002001,016127,白色家电,1239,274886363266.48,268819160010.18,41.38,0.388161086851,6642976396,6496354761,15.11416563,15.90438032,3.46633226,11.24618922,12.5730482,1.089877,0.79686295,2018-08-24 00:00:00
000333,000333.SZ,美的集团,10015250,069001002001,016127,白色家电,1239,273823487043.12,267779743248.42,41.22,-1.17477823064,6642976396,6496354761,15.05572516,15.84288441,3.45292933,11.20270468,12.52443322,1.08566288,0.7937818,2018-08-23 00:00:00
000333,000333.SZ,美的集团,10015250,069001002001,016127,白色家电,1239,277078545477.16,270962957081.31,41.71,-1.997180451128,6642976396,6496354761,15.23469909,16.03121564,3.4939758,11.33587608,12.67331659,1.09856862,0.80321782,2018-08-22 00:00:00
000333,000333.SZ,美的集团,10015250,069001002001,016127,白色家电,1239,282725075413.76,276484858628.16,42.56,2.062350119904,6642976396,6496354761,15.54516407,16.35791268,3.56517885,11.5668877,12.93158365,1.12095614,0.81958644,2018-08-21 00:00:00
000333,000333.SZ,美的集团,10015250,069001002001,016127,白色家电,1239,277012115713.2,270897993533.7,41.7,1.410505836576,6642976396,6496354761,15.23104656,16.02737215,3.49313811,11.3331583,12.67027815,1.09830524,0.80302525,2018-08-20 00:00:00
000333,000333.SZ,美的集团,10015250,069001002001,016127,白色家电,1239,273159189403.52,267130107772.32,41.12,-2.835538752363,6642976396,6496354761,15.01919987,15.80444947,3.4445525,11.17552684,12.49404886,1.08302905,0.79185608,2018-08-17 00:00:00
000333,000333.SZ,美的集团,10015250,069001002001,016127,白色家电,1239,281130761078.72,274925733485.52,42.32,0.713945740124,6642976396,6496354761,15.45750337,16.26566881,3.54507446,11.50166089,12.85866118,1.11463496,0.81496472,2018-08-16 00:00:00
000333,000333.SZ,美的集团,10015250,069001002001,016127,白色家电,1239,279137868159.92,272976827057.22,42.02,-3.734249713631,6642976396,6496354761,15.34792749,16.15036397,3.51994397,11.42012738,12.7675081,1.10673348,0.80918756,2018-08-15 00:00:00
000333,000333.SZ,美的集团,10015250,069001002001,016127,白色家电,1239,289965919685.4,283565885317.65,43.65,-2.108095985647,6642976396,6496354761,15.94328974,16.77685358,3.6564863,11.86312613,13.26277317,1.14966484,0.84057679,2018-08-14 00:00:00
000333,000333.SZ,美的集团,10015250,069001002001,016127,白色家电,1239,296210317497.64,289672458792.99,44.59,-0.867052023121,6642976396,6496354761,16.28662748,17.13814207,3.7352285,12.11859781,13.54838616,1.1744228,0.85867856,2018-08-13 00:00:00
000333,000333.SZ,美的集团,10015250,069001002001,016127,白色家电,1239,298801078292.08,292206037149.78,44.98,-0.354452813469,6642976396,6496354761,16.42907612,17.28803835,3.76789814,12.22459137,13.66688516,1.18469472,0.86618887,2018-08-10 00:00:00
000333,000333.SZ,美的集团,10015250,069001002001,016127,白色家电,1239,299863954515.44,293245453911.54,45.14,2.242355605889,6642976396,6496354761,16.48751659,17.34953426,3.78130107,12.26807591,13.71550014,1.18890884,0.86927002,2018-08-09 00:00:00
000333,000333.SZ,美的集团,10015250,069001002001,016127,白色家电,1239,293287407883.4,286814062698.15,44.15,-1.141961486789,6642976396,6496354761,16.1259162,16.96902831,3.69837045,11.99901532,13.41469497,1.16283396,0.85020539,2018-08-08 00:00:00
000333,000333.SZ,美的集团,10015250,069001002001,016127,白色家电,1239,296675325845.36,290127203626.26,44.66,5.579196217494,6642976396,6496354761,16.31219519,17.16504653,3.74109228,12.13762229,13.56965521,1.17626647,0.86002657,2018-08-07 00:00:00
000333,000333.SZ,美的集团,10015250,069001002001,016127,白色家电,1239,280997901550.8,274795806390.3,42.3,1.002865329513,6642976396,6496354761,15.45019831,16.25798182,3.5433991,11.49622533,12.85258431,1.11410819,0.81457957,2018-08-06 00:00:00
000333,000333.SZ,美的集团,10015250,069001002001,016127,白色家电,1239,278207851464.48,272067337390.68,41.88,-4.990925589837,6642976396,6496354761,15.29679208,16.09655505,3.50821641,11.38207841,12.72497,1.10304612,0.80649155,2018-08-03 00:00:00
000333,000333.SZ,美的集团,10015250,069001002001,016127,白色家电,1239,292822399535.68,286359317864.88,44.08,-4.753673292999,6642976396,6496354761,16.1003485,16.94212384,3.69250667,11.97999084,13.39342592,1.16099029,0.84885739,2018-08-02 00:00:00
000333,000333.SZ,美的集团,10015250,069001002001,016127,白色家电,1239,307286258121.96,300500608854.16,46.28,-2.793530770846,6639720357,6493098722,16.8956195,17.77897404,3.87489673,12.57173823,14.05498944,1.21833699,0.8907864,2018-08-01 00:00:00
000333,000333.SZ,美的集团,10015250,069001002001,016127,白色家电,1239,315997766728.92,309017110686.57,47.61,0.31605562579,6637214172,6490592537,17.37460719,18.28300467,3.98474933,12.92814469,14.4534458,1.25287662,0.91604003,2018-07-31 00:00:00
000333,000333.SZ,美的集团,10015250,069001002001,016127,白色家电,1239,314513220406.98,307554557609.88,47.46,0.57215511761,6626911513,6480289878,17.2929819,18.19711176,3.96602912,12.86740872,14.38554402,1.24699065,0.91173651,2018-07-30 00:00:00
000333,000333.SZ,美的集团,10015250,069001002001,016127,白色家电,1239,312723954298.47,305804879342.82,47.19,-1.358695652174,6626911513,6480289878,17.19460211,18.09358837,3.94346638,12.79420602,14.30370464,1.23989652,0.90654963,2018-07-27 00:00:00
000333,000333.SZ,美的集团,10015250,069001002001,016127,白色家电,1239,317031446781.92,310017067763.52,47.84,0.335570469799,6626911513,6480289878,17.43144236,18.34281135,3.9977841,12.97043475,14.50072537,1.25697498,0.91903654,2018-07-26 00:00:00
000333,000333.SZ,美的集团,10015250,069001002001,016127,白色家电,1239,315971140939.84,308980221383.04,47.68,-1.446878875568,6626911513,6480289878,17.37314322,18.28146416,3.98441358,12.92705537,14.45222796,1.25277105,0.91596284,2018-07-25 00:00:00
000333,000333.SZ,美的集团,10015250,069001002001,016127,白色家电,1239,320609978998.94,313516424297.64,48.38,3.864319450408,6626911513,6480289878,17.62820195,18.54985813,4.04290958,13.11684016,14.66440412,1.27116324,0.92941028,2018-07-24 00:00:00
000333,000333.SZ,美的集团,10015250,069001002001,016127,白色家电,1239,308681538275.54,301851902517.24,46.58,0.021473051321,6626911513,6480289878,16.97233664,17.85970219,3.89249129,12.62882213,14.11880827,1.22386903,0.89483115,2018-07-23 00:00:00
000333,000333.SZ,美的集团,10015250,069001002001,016127,白色家电,1239,308615269160.41,301787099618.46,46.57,0.474649406688,6626911513,6480289878,16.96869294,17.85586799,3.89165563,12.62611092,14.11577718,1.22360629,0.89463904,2018-07-20 00:00:00
000333,000333.SZ,美的集团,10015250,069001002001,016127,白色家电,1239,307157348627.55,300361435845.3,46.35,0.980392156863,6626911513,6480289878,16.88853163,17.7715156,3.87327117,12.56646427,14.04909324,1.21782589,0.89041271,2018-07-19 00:00:00
000333,000333.SZ,美的集团,10015250,069001002001,016127,白色家电,1239,304175238446.7,297445305400.2,45.9,-1.226597805036,6626911513,6480289878,16.7245653,17.59897661,3.8356666,12.44445976,13.91269428,1.20600233,0.88176792,2018-07-18 00:00:00
000333,000333.SZ,美的集团,10015250,069001002001,016127,白色家电,1239,307952578009.11,301139070630.66,46.47,-1.920641620937,6626911513,6480289878,16.93225598,17.81752599,3.88329906,12.59899881,14.0854663,1.22097883,0.89271798,2018-07-17 00:00:00
000333,000333.SZ,美的集团,10015250,069001002001,016127,白色家电,1239,313983067485.94,307036134419.64,47.38,-0.961538461538,6626911513,6480289878,17.26383233,18.16643817,3.95934386,12.84571903,14.36129531,1.24488868,0.91019965,2018-07-16 00:00:00
000333,000333.SZ,美的集团,10015250,069001002001,016127,白色家电,1239,317031446781.92,310017067763.52,47.84,0.020907380305,6626911513,6480289878,17.43144236,18.34281135,3.9977841,12.97043475,14.50072537,1.25697498,0.91903654,2018-07-13 00:00:00
000333,000333.SZ,美的集团,10015250,069001002001,016127,白色家电,1239,316965177666.79,309952264864.74,47.83,1.334745762712,6626911513,6480289878,17.42779866,18.33897715,3.99694844,12.96772354,14.49769428,1.25671224,0.91884444,2018-07-12 00:00:00
000333,000333.SZ,美的集团,10015250,069001002001,016127,白色家电,1239,312790223413.6,305869682241.6,47.2,-2.680412371134,6626911513,6480289878,17.1982458,18.09742257,3.94430203,12.79691723,14.30673573,1.24015926,0.90674174,2018-07-11 00:00:00
000333,000333.SZ,美的集团,10015250,069001002001,016127,白色家电,1239,321405208380.5,314294059083,48.5,-1.12130479103,6626911513,6480289878,17.6719263,18.59586853,4.05293747,13.1493747,14.70077718,1.27431619,0.93171556,2018-07-10 00:00:00
000333,000333.SZ,美的集团,10015250,069001002001,016127,白色家电,1239,325050009712.65,317858218515.9,49.05,3.481012658228,6626911513,6480289878,17.87232959,18.80674951,4.09889862,13.29849132,14.86748702,1.2887672,0.94228141,2018-07-09 00:00:00
000333,000333.SZ,美的集团,10015250,069001002001,016127,白色家电,1239,314115605716.2,307165740217.2,47.4,2.931596091205,6626911513,6480289878,17.27111972,18.17410656,3.96101518,12.85114146,14.36735749,1.24541417,0.91058387,2018-07-06 00:00:00
000333,000333.SZ,美的集团,10015250,069001002001,016127,白色家电,1239,305169275173.65,298417348881.9,46.05,2.083795167369,6626911513,6480289878,16.77922075,17.65648961,3.84820145,12.48512793,13.9581606,1.20994352,0.88464952,2018-07-05 00:00:00
000333,000333.SZ,美的集团,10015250,069001002001,016127,白色家电,1239,298939978351.43,292325876396.58,45.11,-5.548576214405,6626911513,6480289878,16.43671331,17.29607483,3.76964968,12.23027407,13.67323832,1.18524543,0.86659152,2018-07-04 00:00:00
000333,000333.SZ,美的集团,10015250,069001002001,016127,白色家电,1239,316501293860.88,309498644573.28,47.76,-1.889893179951,6626911513,6480289878,17.40229279,18.31213775,3.99109884,12.94874506,14.47647666,1.25487302,0.91749969,2018-07-03 00:00:00
000333,000333.SZ,美的集团,10015250,069001002001,016127,白色家电,1239,322598052452.84,315460511261.04,48.68,-6.779011872846,6626911513,6480289878,17.73751283,18.66488413,4.0679793,13.1981765,14.75533676,1.27904561,0.93517347,2018-07-02 00:00:00
000333,000333.SZ,美的集团,10015250,069001002001,016127,白色家电,1239,346146188980.34,338400737429.16,52.22,4.231536926148,6628613347,6480289878,19.03226762,20.02733265,4.36909938,14.16158114,15.83240677,1.37240991,1.00343673,2018-06-29 00:00:00
000333,000333.SZ,美的集团,10015250,069001002001,016127,白色家电,1239,331871708329.5,320307452532.6,50.1,-0.752773375594,6624185795,6393362326,18.24740925,19.20143948,4.18892515,13.5775816,15.17950521,1.31581406,0.9620567,2018-06-28 00:00:00
000333,000333.SZ,美的集团,10015250,069001002001,016127,白色家电,1239,334388898931.6,322736930216.48,50.48,-3.53525702274,6624185795,6393362326,18.38581275,19.34707914,4.22069743,13.68056525,15.29463919,1.32579428,0.96935374,2018-06-27 00:00:00
000333,000333.SZ,美的集团,10015250,069001002001,016127,白色家电,1239,346643642652.35,334564650519.58,52.33,-1.077504725898,6624185795,6393362326,19.05961928,20.05611433,4.3753783,14.18193304,15.85515984,1.37438223,1.00487879,2018-06-26 00:00:00
000333,000333.SZ,美的集团,10015250,069001002001,016127,白色家电,1239,350419428555.5,338208867045.4,52.9,-1.397949673812,6624185795,6393362326,19.26722453,20.27457382,4.42303673,14.33640852,16.02786079,1.38935257,1.01582434,2018-06-25 00:00:00
000333,000333.SZ,美的集团,10015250,069001002001,016127,白色家电,1239,355350836161,342967157049.15,53.65,-1.051272593139,6623501140,6392677671,19.53836971,20.5598953,4.48528156,14.53816295,16.25341882,1.40890475,1.03011991,2018-06-22 00:00:00
000333,000333.SZ,美的集团,10015250,069001002001,016127,白色家电,1239,358650077572.34,346134829083.16,54.22,-1.704133430022,6614719247,6383895778,19.71977296,20.75078287,4.52692499,14.67314198,16.40432307,1.42198567,1.03968402,2018-06-21 00:00:00
000333,000333.SZ,美的集团,10015250,069001002001,016127,白色家电,1239,363733272464.52,352135691114.48,55.16,0.988648846576,6594149247,6383895778,19.99926391,21.04488645,4.59108569,14.88110636,16.63682371,1.44213966,1.0544196,2018-06-20 00:00:00
000333,000333.SZ,美的集团,10015250,069001002001,016127,白色家电,1239,360172431871.14,348688387394.36,54.62,-2.949538024165,6594149247,6383895778,19.80347706,20.83886327,4.54614033,14.73542475,16.47395415,1.42802154,1.04409714,2018-06-19 00:00:00
000333,000333.SZ,美的集团,10015250,069001002001,016127,白色家电,1239,371118719621.16,359285654385.84,56.28,0.896378630333,6594149247,6383895778,20.40534033,21.47219379,4.68430571,15.1832608,16.97462724,1.47142168,1.07582913,2018-06-15 00:00:00
000333,000333.SZ,美的集团,10015250,069001002001,016127,白色家电,1239,367821644997.66,356093706496.84,55.78,-2.123179505176,6594149247,6383895778,20.22405622,21.28143159,4.64268963,15.04837042,16.82382209,1.45834935,1.0662713,2018-06-14 00:00:00
000333,000333.SZ,美的集团,10015250,069001002001,016127,白色家电,1239,375800565586.53,363818220388.22,56.99,-0.349711488022,6594149247,6383895778,20.66276378,21.74307612,4.74340054,15.37480513,17.18877054,1.4899844,1.08940125,2018-06-13 00:00:00
000333,000333.SZ,美的集团,10015250,069001002001,016127,白色家电,1239,377119395435.93,365094999543.82,57.19,1.544744318182,6594149247,6383895778,20.73527743,21.819381,4.76004697,15.42876128,17.2490926,1.49521333,1.09322438,2018-06-12 00:00:00
000333,000333.SZ,美的集团,10015250,069001002001,016127,白色家电,1239,371382485591.04,359541010216.96,56.32,3.036955726308,6594149247,6383895778,20.41984306,21.48745477,4.68763499,15.19405203,16.98669165,1.47246747,1.07659376,2018-06-11 00:00:00
000333,000333.SZ,美的集团,10015250,069001002001,016127,白色家电,1239,360436197841.02,348943743225.48,54.66,0.662983425414,6594149247,6383895778,19.81797979,20.85412425,4.54946962,14.74621598,16.48601856,1.42906733,1.04486177,2018-06-08 00:00:00
000333,000333.SZ,美的集团,10015250,069001002001,016127,白色家电,1239,358062304112.1,346645540745.4,54.3,-0.803799780782,6594149247,6383895778,19.68745523,20.71677546,4.51950604,14.64909491,16.37743886,1.41965525,1.03798013,2018-06-07 00:00:00
000333,000333.SZ,美的集团,10015250,069001002001,016127,白色家电,1239,360963729780.78,349454454887.72,54.74,-0.418410041841,6594149247,6383895778,19.84698525,20.8846462,4.55612819,14.76779844,16.51014739,1.4311589,1.04639102,2018-06-06 00:00:00
000333,000333.SZ,美的集团,10015250,069001002001,016127,白色家电,1239,362397517052.47,350845023556.54,54.97,1.81515095388,6592641751,6382481782,19.92581964,20.96760229,4.57422563,14.82645774,16.57572749,1.43684362,1.0505474,2018-06-05 00:00:00
000333,000333.SZ,美的集团,10015250,069001002001,016127,白色家电,1239,355875413961.07,344528877234.76,53.99,3.52828379674,6591506093,6381346124,19.56721274,20.59024633,4.49190285,14.55962455,16.27741252,1.41098461,1.0316406,2018-06-04 00:00:00
000333,000333.SZ,美的集团,10015250,069001002001,016127,白色家电,1239,343670457867.45,332710615484.1,52.15,-1.436401436401,6590037543,6379877574,18.8961437,19.88409175,4.3378504,14.06029369,15.71916911,1.36259406,0.99625988,2018-06-01 00:00:00
000333,000333.SZ,美的集团,10015250,069001002001,016127,白色家电,1239,348661856787.53,337542292827.74,52.91,4.338394793926,6589715683,6379555714,19.1705874,20.1728842,4.40085245,14.2645025,15.94747109,1.3823841,1.01072935,2018-05-31 00:00:00
000333,000333.SZ,美的集团,10015250,069001002001,016127,白色家电,1239,334164482284.93,323142251259.08,50.71,-1.514857253836,6589715683,6372357548,18.37347358,19.33409484,4.21786482,13.67138389,15.28437458,1.32490451,0.96870318,2018-05-30 00:00:00
000333,000333.SZ,美的集团,10015250,069001002001,016127,白色家电,1239,339304460517.67,328112690146.52,51.49,-0.866384289565,6589715683,6372357548,18.65608666,19.63148379,4.28274225,13.88167139,15.51947243,1.34528364,0.98360337,2018-05-29 00:00:00
000333,000333.SZ,美的集团,10015250,069001002001,016127,白色家电,1239,342255034713.2,330965453181.3,51.94,2.66851156355,6589430780,6372072645,18.81831903,19.80219817,4.31998476,14.0023857,15.65442897,1.35698215,0.99215673,2018-05-28 00:00:00
000333,000333.SZ,美的集团,10015250,069001002001,016127,白色家电,1239,333349642443.21,322353494393.56,50.59,-0.609037328094,6589239819,6371881684,18.32867097,19.28694982,4.20757981,13.63804705,15.24710455,1.32167381,0.96634106,2018-05-25 00:00:00
000333,000333.SZ,美的集团,10015250,069001002001,016127,白色家电,1239,335384238679,324320709607.5,50.9,-1.737451737452,6589081310,6371723175,18.44053984,19.40466753,4.23326073,13.72128673,15.34016511,1.32974063,0.97223911,2018-05-24 00:00:00
000333,000333.SZ,美的集团,10015250,069001002001,016127,白色家电,1239,341297872377,330038720984,51.8,-1.577047311419,6588762015,6371403880,18.76569107,19.74681866,4.30790334,13.96322614,15.61064925,1.35318717,0.98938203,2018-05-23 00:00:00
000333,000333.SZ,美的集团,10015250,069001002001,016127,白色家电,1239,346749382206.45,335309823561.4,52.63,-2.446709916589,6588435915,6371077780,19.06543319,20.06223221,4.37671296,14.18625907,15.85999627,1.37480147,1.00518531,2018-05-22 00:00:00
000333,000333.SZ,美的集团,10015250,069001002001,016127,白色家电,1239,355424750716.75,343698279333.5,53.95,0.111337910559,6588039865,6370681730,19.54243378,20.56417185,4.48621452,14.54118696,16.2567996,1.40919781,1.03033418,2018-05-21 00:00:00
000333,000333.SZ,美的集团,10015250,069001002001,016127,白色家电,1239,355010395252.71,343298594182.81,53.89,1.449548192771,6587685939,6370358029,19.51965114,20.54019806,4.48098447,14.52423479,16.23784737,1.40755496,1.02913301,2018-05-18 00:00:00
000333,000333.SZ,美的集团,10015250,069001002001,016127,白色家电,1239,349909838750.08,338365380170.88,53.12,-2.352941176471,6587158109,6369830199,19.23920559,20.24508997,4.41660463,14.31556011,16.00455263,1.38733213,1.0143471,2018-05-17 00:00:00
000333,000333.SZ,美的集团,10015250,069001002001,016127,白色家电,1239,358316580313.6,346493942009.6,54.4,-1.484969214053,6586701844,6369373934,19.70143618,20.73148738,4.52271554,14.65949789,16.38906922,1.42066341,1.03871725,2018-05-16 00:00:00
000333,000333.SZ,美的集团,10015250,069001002001,016127,白色家电,1239,363679735820.28,351678888630.08,55.22,-0.036205648081,6586014774,6368686864,19.99632029,21.04178893,4.59040995,14.87891606,16.63437499,1.4419274,1.0542644,2018-05-15 00:00:00
000333,000333.SZ,美的集团,10015250,069001002001,016127,白色家电,1239,363778506450.08,351773312701.68,55.24,2.772093023256,6585418292,6368090382,20.00175102,21.0475036,4.59165664,14.88295697,16.63889267,1.44231901,1.05455072,2018-05-14 00:00:00
000333,000333.SZ,美的集团,10015250,069001002001,016127,白色家电,1239,353891213352.5,342209838190,53.75,-1.158514159618,6584022574,6366694664,19.4581148,20.47544441,4.46685802,14.47844666,16.18665702,1.4031176,1.02588863,2018-05-11 00:00:00
000333,000333.SZ,美的集团,10015250,069001002001,016127,白色家电,1239,358039147574.12,346220855828.32,54.38,0.79703429101,6584022574,6366694664,19.686182,20.71543567,4.51921375,14.64814752,16.3763797,1.41956344,1.037913,2018-05-10 00:00:00
000333,000333.SZ,美的集团,10015250,069001002001,016127,白色家电,1239,355208017867.3,343483177122.8,53.95,0.092764378479,6584022574,6366694664,19.53051708,20.55163211,4.48347889,14.53231995,16.24688644,1.4083385,1.02970589,2018-05-09 00:00:00
000333,000333.SZ,美的集团,10015250,069001002001,016127,白色家电,1239,354878816738.6,343164842389.6,53.9,2.862595419847,6584022574,6366694664,19.51241651,20.53258519,4.47932367,14.51885163,16.23182909,1.40703327,1.02875158,2018-05-08 00:00:00
000333,000333.SZ,美的集团,10015250,069001002001,016127,白色家电,1239,345002782877.6,333614800393.6,52.4,2.544031311155,6584022574,6366694664,18.96939935,19.96117744,4.35466717,14.11480195,15.78010843,1.3678765,1.00012213,2018-05-07 00:00:00
000333,000333.SZ,美的集团,10015250,069001002001,016127,白色家电,1239,336443553531.4,325338097330.4,51.1,-1.730769230769,6584022574,6366694664,18.49878449,19.46595739,4.24663153,13.76462557,15.38861719,1.33394063,0.97530994,2018-05-04 00:00:00
000333,000333.SZ,美的集团,10015250,069001002001,016127,白色家电,1239,350270000936.8,338708156124.8,53.2,3.602726387537,6584022574,6366694664,19.25900851,20.26592824,4.42115064,14.33029511,16.02102611,1.38876011,1.01539117,2018-05-03 00:00:00
000333,000333.SZ,美的集团,10015250,069001002001,016127,白色家电,1239,338089559174.9,326929770996.4,51.35,-0.638544891641,6584022574,6366694664,18.58928734,19.56119201,4.26740762,13.83196718,15.46390396,1.34046676,0.98008151,2018-05-02 00:00:00
000333,000333.SZ,美的集团,10015250,069001002001,016127,白色家电,1239,340262286624.32,329030780235.52,51.68,0.544747081712,6584022574,6366694664,19.68690172,19.68690172,4.29483205,13.92085811,13.92085811,1.40651389,0.98637999,2018-04-27 00:00:00
000333,000333.SZ,美的集团,10015250,069001002001,016127,白色家电,1239,338418760303.6,327248105729.6,51.4,-2.318510072216,6584022574,6366694664,19.58023894,19.58023894,4.27156284,13.8454355,13.8454355,1.39889346,0.98103583,2018-04-26 00:00:00
000333,000333.SZ,美的集团,10015250,069001002001,016127,白色家电,1239,346451267843.88,335015473219.68,52.62,-1.736694677871,6584022574,6366694664,20.04498391,20.04498391,4.37295012,14.17406257,14.17406257,1.43209676,1.00432111,2018-04-25 00:00:00
000333,000333.SZ,美的集团,10015250,069001002001,016127,白色家电,1239,352574408837.7,340936499257.2,53.55,2.881844380403,6584022574,6366694664,20.39925671,20.39925671,4.45023716,14.42457337,14.42457337,1.45740748,1.02207137,2018-04-24 00:00:00
000333,000333.SZ,美的集团,10015250,069001002001,016127,白色家电,1239,342698374976.7,331386457261.2,52.05,1.264591439689,6584022574,6366694664,19.82784896,19.82784896,4.32558065,14.0205237,14.0205237,1.41658374,0.99344192,2018-04-23 00:00:00
000333,000333.SZ,美的集团,10015250,069001002001,016127,白色家电,1239,338418760303.6,327248105729.6,51.4,-0.329649020748,6584022574,6366694664,19.58023894,19.58023894,4.27156284,13.8454355,13.8454355,1.39889346,0.98103583,2018-04-20 00:00:00
000333,000333.SZ,美的集团,10015250,069001002001,016127,白色家电,1239,339538044141.18,328330443822.48,51.57,5.828032013134,6584022574,6366694664,19.64499848,19.64499848,4.28569057,13.8912278,13.8912278,1.40352015,0.9842805,2018-04-19 00:00:00
000333,000333.SZ,美的集团,10015250,069001002001,016127,白色家电,1239,320839420031.02,310249030976.72,48.73,-2.325115253558,6584022574,6366694664,18.56313314,18.56313314,4.04967426,13.12622708,13.12622708,1.3262272,0.93007541,2018-04-18 00:00:00
000333,000333.SZ,美的集团,10015250,069001002001,016127,白色家电,1239,328476886216.86,317634396786.96,49.89,0.20084354288,6584022574,6366694664,19.0050218,19.0050218,4.14607529,13.43869217,13.43869217,1.35779756,0.95221552,2018-04-17 00:00:00
000333,000333.SZ,美的集团,10015250,069001002001,016127,白色家电,1239,327818483959.46,316997727320.56,49.79,-2.981293842557,6584022574,6366694664,18.96692795,18.96692795,4.13776486,13.41175552,13.41175552,1.35507598,0.95030689,2018-04-16 00:00:00
000333,000333.SZ,美的集团,10015250,069001002001,016127,白色家电,1239,337892038497.68,326738770156.48,51.32,-1.060343165606,6584022574,6366694664,19.54976386,19.54976386,4.26491449,13.82388619,13.82388619,1.39671619,0.97950892,2018-04-13 00:00:00
000333,000333.SZ,美的集团,10015250,069001002001,016127,白色家电,1239,341513250913.38,330240452221.68,51.87,-2.095130237826,6584022574,6366694664,19.75928003,19.75928003,4.31062187,13.97203774,13.97203774,1.41168489,0.99000639,2018-04-12 00:00:00
000333,000333.SZ,美的集团,10015250,069001002001,016127,白色家电,1239,348821515970.52,337307483298.72,52.98,0.397953382604,6584022574,6366694664,20.18212177,20.18212177,4.40286769,14.27103449,14.27103449,1.44189446,1.01119218,2018-04-11 00:00:00
000333,000333.SZ,美的集团,10015250,069001002001,016127,白色家电,1239,347438871229.98,335970477419.28,52.77,2.865497076023,6584022574,6366694664,20.10212468,20.10212468,4.38541577,14.21446754,14.21446754,1.43617914,1.00718406,2018-04-10 00:00:00
000333,000333.SZ,美的集团,10015250,069001002001,016127,白色家电,1239,337760358046.2,326611436263.2,51.3,-3.225806451613,6584022574,6366694664,19.54214509,19.54214509,4.2632524,13.81849886,13.81849886,1.39617187,0.9791272,2018-04-09 00:00:00
000333,000333.SZ,美的集团,10015250,069001002001,016127,白色家电,1239,349019036647.74,337498484138.64,53.01,0.932977913176,6584022574,6366694664,20.19354992,20.19354992,4.40536082,14.27911549,14.27911549,1.44271094,1.01176477,2018-04-04 00:00:00
000333,000333.SZ,美的集团,10015250,069001002001,016127,白色家电,1239,345792865586.48,334378803753.28,52.52,-0.605601816805,6584022574,6366694664,20.00689006,20.00689006,4.36463969,14.14712593,14.14712593,1.42937518,1.00241248,2018-04-03 00:00:00
000333,000333.SZ,美的集团,10015250,069001002001,016127,白色家电,1239,347899752810.16,336416146045.76,52.84,-3.099211443242,6584022574,6366694664,20.12879038,20.12879038,4.39123308,14.23332319,14.23332319,1.43808424,1.0085201,2018-04-02 00:00:00
000333,000333.SZ,美的集团,10015250,069001002001,016127,白色家电,1239,359026750960.22,347175860027.92,54.53,-1.392405063291,6584022574,6366694664,21.27624055,20.77257644,4.86898875,14.68855249,12.94949435,1.55740934,1.04077595,2018-03-30 00:00:00
000333,000333.SZ,美的集团,10015250,069001002001,016127,白色家电,1239,364096448342.2,352078214919.2,55.3,4.103915662651,6584022574,6366694664,21.57667527,21.06589909,4.93774212,14.89596466,13.13234985,1.579401,1.0554724,2018-03-29 00:00:00
000333,000333.SZ,美的集团,10015250,069001002001,016127,白色家电,1239,349743279130.88,338198820551.68,53.12,-2.728438015016,6584022574,6366694664,20.72609386,20.23545316,4.74308972,14.3087458,12.61465505,1.5171389,1.01386426,2018-03-28 00:00:00
000333,000333.SZ,美的集团,10015250,069001002001,016127,白色家电,1239,359553472766.14,347685195601.04,54.61,-1.194137868645,6584022574,6366694664,21.30745455,20.80305152,4.87613195,14.71010181,12.96849232,1.55969419,1.04230285,2018-03-27 00:00:00
000333,000333.SZ,美的集团,10015250,069001002001,016127,白色家电,1239,363898927664.98,351887214079.28,55.27,-1.724751066856,6584022574,6366694664,21.56497002,21.05447093,4.93506342,14.88788366,13.12522561,1.57854418,1.05489981,2018-03-26 00:00:00
000333,000333.SZ,美的集团,10015250,069001002001,016127,白色家电,1239,370285429561.76,358062907903.36,56.24,-1.15992970123,6584022574,6366694664,21.94343973,21.42398128,5.0216748,15.14916912,13.35557605,1.60624796,1.07341352,2018-03-23 00:00:00
000333,000333.SZ,美的集团,10015250,069001002001,016127,白色家电,1239,374630884460.6,362264926381.6,56.9,-2.367879203844,6584022574,6366694664,22.20095521,21.67540069,5.08060627,15.32695098,13.51230934,1.62509795,1.08601048,2018-03-22 00:00:00
000333,000333.SZ,美的集团,10015250,069001002001,016127,白色家电,1239,383716835612.72,371050965017.92,58.28,-1.786316144253,6584022574,6366694664,22.73939665,22.20109582,5.20382659,15.69867668,13.8400244,1.66451157,1.11234957,2018-03-21 00:00:00
000333,000333.SZ,美的集团,10015250,069001002001,016127,白色家电,1239,390695899541.16,377799661361.76,59.34,-0.3861003861,6584022574,6366694664,23.15298211,22.60489063,5.29847409,15.98420511,14.09174756,1.69478581,1.13258105,2018-03-20 00:00:00
000333,000333.SZ,美的集团,10015250,069001002001,016127,白色家电,1239,392210224733.18,379264001134.48,59.57,-0.20103869995,6584022574,6366694664,23.24272235,22.69250649,5.31901081,16.0461594,14.14636674,1.70135474,1.1369709,2018-03-19 00:00:00
000333,000333.SZ,美的集团,10015250,069001002001,016127,白色家电,1239,393000307442.06,380028004494.16,59.69,-2.800846767627,6584022574,6366694664,23.28954334,22.73821911,5.32972562,16.07848337,14.1748637,1.70478202,1.13926126,2018-03-16 00:00:00
000333,000333.SZ,美的集团,10015250,069001002001,016127,白色家电,1239,404324826269.34,390978719316.24,61.41,1.672185430464,6584022574,6366694664,23.96064427,23.39343333,5.48330458,16.54179366,14.58332015,1.75390624,1.17208969,2018-03-15 00:00:00
000333,000333.SZ,美的集团,10015250,069001002001,016127,白色家电,1239,397674963469.6,384548357705.6,60.4,-1.080904028824,6584022574,6366694664,23.56656756,23.00868544,5.39312159,16.26973355,14.34347073,1.72506004,1.15281253,2018-03-14 00:00:00
000333,000333.SZ,美的集团,10015250,069001002001,016127,白色家电,1239,402020418368.44,388750376183.84,61.06,0.543388769965,6584022574,6366694664,23.82408304,23.26010485,5.45205305,16.44751541,14.50020402,1.74391003,1.16540949,2018-03-13 00:00:00
000333,000333.SZ,美的集团,10015250,069001002001,016127,白色家电,1239,399847690919.02,386649366944.72,60.73,1.368719746286,6584022574,6366694664,23.6953253,23.13439515,5.42258732,16.35862448,14.42183737,1.73448504,1.15911101,2018-03-12 00:00:00
000333,000333.SZ,美的集团,10015250,069001002001,016127,白色家电,1239,394448792408.34,381428677320.24,59.91,1.250633767112,6584022574,6366694664,23.37538183,22.82202558,5.34936944,16.13774399,14.22710813,1.71106535,1.14346024,2018-03-09 00:00:00
000333,000333.SZ,美的集团,10015250,069001002001,016127,白色家电,1239,389576615703.58,376717323268.88,59.17,5.172413793103,6584022574,6366694664,23.08665236,22.54013109,5.28329478,15.93841282,14.05137687,1.68993051,1.12933638,2018-03-08 00:00:00
000333,000333.SZ,美的集团,10015250,069001002001,016127,白色家电,1239,370417110013.24,358190241796.64,56.26,0.106761565836,6584022574,6366694664,21.95124323,21.43160005,5.02346061,15.15455645,13.36032555,1.60681917,1.07379525,2018-03-07 00:00:00
000333,000333.SZ,美的集团,10015250,069001002001,016127,白色家电,1239,370022068658.8,357808240116.8,56.2,0.321313816494,6584022574,6366694664,21.92783273,21.40874374,5.0181032,15.13839446,13.34607707,1.60510553,1.07265007,2018-03-06 00:00:00
000333,000333.SZ,美的集团,10015250,069001002001,016127,白色家电,1239,368836944595.48,356662235077.28,56.02,-0.355745286375,6584022574,6366694664,21.85760124,21.34017481,5.00203098,15.0899085,13.30333162,1.59996463,1.06921454,2018-03-05 00:00:00
000333,000333.SZ,美的集团,10015250,069001002001,016127,白色家电,1239,370153749110.28,357935574010.08,56.22,1.115107913669,6584022574,6366694664,21.93563623,21.41636251,5.019889,15.14378179,13.35082656,1.60567675,1.0730318,2018-03-02 00:00:00
000333,000333.SZ,美的集团,10015250,069001002001,016127,白色家电,1239,366027217370.4,353943785574.4,55.6,1.182893539581,6583223334,6365895424,21.69109434,21.17760956,4.9639265,14.97495655,13.20198946,1.58777641,1.06106947,2018-03-01 00:00:00
000333,000333.SZ,美的集团,10015250,069001002001,016127,白色家电,1239,361715058953.15,349772890298.65,54.95,0.641025641026,6582621637,6365293727,21.43555204,20.92811662,4.90544659,14.79853692,13.04645712,1.56907085,1.04856903,2018-02-28 00:00:00
000333,000333.SZ,美的集团,10015250,069001002001,016127,白色家电,1239,359382591040.2,347516487154.2,54.6,-5.372616984402,6582098737,6364770827,21.29732795,20.79316464,4.87381452,14.70311067,12.96232891,1.55895292,1.04180749,2018-02-27 00:00:00
000333,000333.SZ,美的集团,10015250,069001002001,016127,白色家电,1239,379777657981.9,367237837574.9,57.7,0.260642919201,6581935147,6364607237,22.50595752,21.97318281,5.15040492,15.53751649,13.69794485,1.64742396,1.10093037,2018-02-26 00:00:00
000333,000333.SZ,美的集团,10015250,069001002001,016127,白色家电,1239,378778060642.35,366270839421.85,57.55,-1.014791881665,6581721297,6364393387,22.44672051,21.91534809,5.13684874,15.49662083,13.66189105,1.64308784,1.09803265,2018-02-23 00:00:00
000333,000333.SZ,美的集团,10015250,069001002001,016127,白色家电,1239,382656270353.58,370020825666.18,58.14,2.143359100492,6581635197,6364307287,22.67654662,22.13973362,5.1894436,15.65528668,13.80177159,1.65991099,1.10927512,2018-02-22 00:00:00
000333,000333.SZ,美的集团,10015250,069001002001,016127,白色家电,1239,374617761741.24,362247457104.04,56.92,2.910866027843,6581478597,6364150687,22.20017754,21.67464143,5.0804283,15.3264141,13.51183603,1.62504103,1.08597244,2018-02-14 00:00:00
000333,000333.SZ,美的集团,10015250,069001002001,016127,白色家电,1239,364008083900.77,351987677198.67,55.31,1.635428151415,6581234567,6363906657,21.57143872,21.0607865,4.93654375,14.89234948,13.1291627,1.57901768,1.05521624,2018-02-13 00:00:00
000333,000333.SZ,美的集团,10015250,069001002001,016127,白色家电,1239,358115850598.08,346288865735.88,54.42,4.694113120431,6580592624,6363264714,21.2222598,20.71987355,4.85663545,14.65128561,12.9166397,1.55345798,1.03813536,2018-02-12 00:00:00
000333,000333.SZ,美的集团,10015250,069001002001,016127,白色家电,1239,342031188415.12,330734483653.32,51.98,-3.328993862749,6580053644,6362725734,20.26906859,19.78924687,4.63850118,13.99322767,12.33649284,1.48368489,0.99150783,2018-02-09 00:00:00
000333,000333.SZ,美的集团,10015250,069001002001,016127,白色家电,1239,353777977906.38,342092256185.68,53.77,1.85641219928,6579467694,6362139784,20.96519365,20.46889283,4.79780682,14.47381396,12.76017989,1.53464087,1.02556038,2018-02-08 00:00:00
000333,000333.SZ,美的集团,10015250,069001002001,016127,白色家电,1239,347294095096.98,335821354728.08,52.79,-4.882882882883,6578785662,6361457752,20.58095306,20.09374822,4.70987478,14.20854444,12.52631708,1.50651467,1.00676437,2018-02-07 00:00:00
000333,000333.SZ,美的集团,10015250,069001002001,016127,白色家电,1239,364782574111.5,353019742606.5,55.5,-3.175157013259,6572658993,6360716083,21.61733569,21.10559697,4.9470471,14.92403553,13.15709726,1.58237732,1.0574614,2018-02-06 00:00:00
000333,000333.SZ,美的集团,10015250,069001002001,016127,白色家电,1239,376736605254.76,364588037653.56,57.32,-4.307178631052,6572515793,6360572883,22.32574207,21.79723352,5.10916328,15.41310052,13.58825917,1.63423228,1.09211471,2018-02-05 00:00:00
000333,000333.SZ,美的集团,10015250,069001002001,016127,白色家电,1239,393670730340.7,380975350031.7,59.9,0.943714189417,6572132393,6360189483,23.32927319,22.77700845,5.33881765,16.10591181,14.19904474,1.70769022,1.14120473,2018-02-02 00:00:00
000333,000333.SZ,美的集团,10015250,069001002001,016127,白色家电,1239,389974937648.64,377398245369.24,59.34,-0.802407221665,6571872896,6359929986,23.11025727,22.5631772,5.28869667,15.95470902,14.06574368,1.69165837,1.13049107,2018-02-01 00:00:00
000333,000333.SZ,美的集团,10015250,069001002001,016127,白色家电,1239,393096338352.36,380417913476.16,59.82,1.803948264125,6571319598,6359376688,23.29523422,22.74377526,5.33102796,16.0824122,14.17832738,1.70519859,1.13953964,2018-01-31 00:00:00
000333,000333.SZ,美的集团,10015250,069001002001,016127,白色家电,1239,386096073528.88,373642308137.28,58.76,-1.854017036913,6570729638,6358786728,22.88039238,22.33875381,5.23609294,15.79601639,13.92583953,1.67483239,1.1192467,2018-01-30 00:00:00
000333,000333.SZ,美的集团,10015250,069001002001,016127,白色家电,1239,393380052123.06,380691030101.36,59.87,-3.435483870968,6570570438,6358627528,23.31204735,22.76019038,5.33487558,16.09401954,14.18856046,1.7064293,1.14036209,2018-01-29 00:00:00
000333,000333.SZ,美的集团,10015250,069001002001,016127,白色家电,1239,407365695156,394225234736,62,1.141924959217,6570414438,6358471528,24.14084883,23.56937198,5.52454373,16.66620212,14.69299921,1.76709712,1.18090481,2018-01-26 00:00:00
000333,000333.SZ,美的集团,10015250,069001002001,016127,白色家电,1239,402744812614.8,389752712231.8,61.3,1.47326601556,6570062196,6358119286,23.86701128,23.30201687,5.46187702,16.47715192,14.5263317,1.74705236,1.16750942,2018-01-25 00:00:00
000333,000333.SZ,美的集团,10015250,069001002001,016127,白色家电,1239,396897457260.36,384093986067.26,60.41,-2.752736638764,6570062196,6358119286,23.52049186,22.96370047,5.38257734,16.23792411,14.31542738,1.72168732,1.15055863,2018-01-24 00:00:00
000333,000333.SZ,美的集团,10015250,069001002001,016127,白色家电,1239,408095983671.92,394925120502.72,62.12,1.123229692333,6569478166,6357455256,24.18412637,23.61162502,5.53444763,16.69607978,14.71933949,1.77026501,1.18302183,2018-01-23 00:00:00
000333,000333.SZ,美的集团,10015250,069001002001,016127,白色家电,1239,403528458647.38,390503891286.08,61.43,5.604263365996,6568915166,6356892256,23.91345083,23.34735707,5.47250454,16.50921256,14.55459651,1.75045171,1.16978112,2018-01-22 00:00:00
000333,000333.SZ,美的集团,10015250,069001002001,016127,白色家电,1239,382091734059.21,369758361384.51,58.17,-1.323155216285,6568535913,6356513003,22.64309171,22.10707066,5.18178756,15.6321903,13.78140971,1.6574621,1.1076386,2018-01-19 00:00:00
000333,000333.SZ,美的集团,10015250,069001002001,016127,白色家电,1239,387162202093.2,374663451548.7,58.95,0.340425531915,6567637016,6355614106,22.94357209,22.4004379,5.25055139,15.83963399,13.96429301,1.67945711,1.12233728,2018-01-18 00:00:00
000333,000333.SZ,美的集团,10015250,069001002001,016127,白色家电,1239,385816573690,373360227727.5,58.75,-3.830414143068,6567090616,6355067706,22.86382897,22.3225825,5.23230247,15.78458145,13.91575844,1.67361995,1.11843647,2018-01-17 00:00:00
000333,000333.SZ,美的集团,10015250,069001002001,016127,白色家电,1239,401146691807.44,388194212235.54,61.09,-0.114453891432,6566487016,6354464106,23.77230523,23.20955276,5.44020389,16.41176938,14.46869016,1.74011993,1.16287666,2018-01-16 00:00:00
000333,000333.SZ,美的集团,10015250,069001002001,016127,白色家电,1239,401579348957.16,388612027781.56,61.16,0.592105263158,6566045601,6354022691,23.79794488,23.23458545,5.44607143,16.42947031,14.48429538,1.74199673,1.16413088,2018-01-15 00:00:00
000333,000333.SZ,美的集团,10015250,069001002001,016127,白色家电,1239,399176192380.8,386285199452.8,60.8,1.979201610198,6565397901,6353374991,23.65553171,23.09554357,5.4134807,16.33115204,14.39761754,1.73157217,1.15716441,2018-01-12 00:00:00
000333,000333.SZ,美的集团,10015250,069001002001,016127,白色家电,1239,391395654139.82,378754848245.62,59.62,-1.552179656539,6564838211,6352815301,23.19445018,22.64537705,5.30796391,16.01283357,14.11698654,1.69782125,1.13460956,2018-01-11 00:00:00
000333,000333.SZ,美的集团,10015250,069001002001,016127,白色家电,1239,397532027385.2,384691919955.6,60.56,1.815736381977,6564267295,6352244385,23.55809705,23.00041544,5.39118314,16.26388573,14.33831526,1.72444,1.15239818,2018-01-10 00:00:00
000333,000333.SZ,美的集团,10015250,069001002001,016127,白色家电,1239,390403817999.24,377792695312.44,59.48,3.156434269858,6563614963,6351592053,23.1356731,22.58799137,5.29451299,15.97225543,14.08121267,1.6935188,1.13173434,2018-01-09 00:00:00
000333,000333.SZ,美的集团,10015250,069001002001,016127,白色家电,1239,378439408820.58,366214167829.98,57.66,-0.517598343685,6563291863,6351268953,22.4266517,21.89575436,5.13225607,15.48276586,13.64967645,1.64161881,1.09705094,2018-01-08 00:00:00
000333,000333.SZ,美的集团,10015250,069001002001,016127,白色家电,1239,380376017025.48,368087169161.88,57.96,1.16948856694,6562733213,6350710303,22.54141681,22.00780268,5.15851964,15.56199664,13.71952666,1.65001956,1.10266494,2018-01-05 00:00:00
000333,000333.SZ,美的集团,10015250,069001002001,016127,白色家电,1239,375960946297.57,363814153783.67,57.29,2.670250896057,6562418333,6350395423,22.27977584,21.75235543,5.09864408,15.38136665,13.56028245,1.63086758,1.08986617,2018-01-04 00:00:00
000333,000333.SZ,美的集团,10015250,069001002001,016127,白色家电,1239,366125303813.4,354294425435.4,55.8,-1.028733593473,6561385373,6349362463,21.69690703,21.18328465,4.96525671,14.97896948,13.20552728,1.5882019,1.06135381,2018-01-03 00:00:00
000333,000333.SZ,美的集团,10015250,069001002001,016127,白色家电,1239,369912186125.22,357958334459.42,56.38,1.71387335378,6561053319,6349030409,21.921321,21.40238615,5.01661301,15.13389893,13.34211379,1.60462888,1.07233153,2018-01-02 00:00:00
