SECURITY_CODE,SECUCODE,SECURITY_NAME_ABBR,ORG_CODE,TRADE_MARKET,BOARD_CODE,BOARD_NAME,ORIG_BOARD_CODE,TOTAL_MARKET_CAP,NOTLIMITED_MARKETCAP_A,CLOSE_PRICE,CHANGE_RATE,TOTAL_SHARES,FREE_SHARES_A,PE_TTM,PE_LAR,PB_MRQ,PCF_OCF_LAR,PCF_OCF_TTM,PS_TTM,PEG_CAR,TRADE_DATE
600887,600887.SH,伊利股份,10004331,069001001001,016170,饮料乳品,1282,194207838825.6,192766144725.9,31.95,-0.745573159366,6078492608,6033369162,31.2777765,32.36319996,7.73631948,27.71904101,26.84667062,2.90256519,4.12365609,2018-01-02
600887,600887.SH,伊利股份,10004331,069001001001,016170,饮料乳品,1282,198219643946.88,196748168372.82,32.61,2.065727699531,6078492608,6033369162,31.9238902,33.03173555,7.89613077,28.29164092,27.40124973,2.96252428,4.2088396,2018-01-03
600887,600887.SH,伊利股份,10004331,069001001001,016170,饮料乳品,1282,203143222959.36,201635197394.04,33.42,2.483900643974,6078492608,6033369162,32.71684791,33.85221104,8.09226282,28.99437717,28.08186955,3.03611044,4.31338299,2018-01-04
600887,600887.SH,伊利股份,10004331,069001001001,016170,饮料乳品,1282,203204007885.44,201695531085.66,33.43,0.029922202274,6078492608,6033369162,32.72663751,33.86234037,8.0946842,29.00305292,28.09027226,3.03701891,4.31467365,2018-01-05
600887,600887.SH,伊利股份,10004331,069001001001,016170,饮料乳品,1282,203994211924.48,202479869076.72,33.56,0.388872270416,6078492608,6033369162,32.85390233,33.99402162,8.12616218,29.11583775,28.19950754,3.04882904,4.33145222,2018-01-08
600887,600887.SH,伊利股份,10004331,069001001001,016170,饮料乳品,1282,210255059310.72,208694239313.58,34.59,3.069129916567,6078492608,6033369162,33.86223128,35.0373423,8.37556466,30.00944064,29.06498706,3.14240156,4.46439012,2018-01-09
600887,600887.SH,伊利股份,10004331,069001001001,016170,饮料乳品,1282,210437414088.96,208875240388.44,34.62,0.086730268864,6078492608,6033369162,33.89160008,35.06773029,8.38282881,30.03546791,29.09019521,3.14512697,4.4682621,2018-01-10
600887,600887.SH,伊利股份,10004331,069001001001,016170,饮料乳品,1282,208066801971.84,206522226415.26,34.23,-1.126516464471,6078492608,6033369162,33.50980562,34.67268653,8.28839486,29.69711342,28.76248937,3.1096966,4.41792639,2018-01-11
600887,600887.SH,伊利股份,10004331,069001001001,016170,饮料乳品,1282,211653112610.56,210081914220.84,34.82,1.723634238972,6078492608,6033369162,34.08739211,35.27031683,8.43125647,30.20898303,29.25824948,3.1632964,4.49407528,2018-01-12
600887,600887.SH,伊利股份,10004331,069001001001,016170,饮料乳品,1282,209039360789.12,207487565481.18,34.39,-1.234922458357,6078492608,6033369162,33.66643925,34.83475576,8.32713699,29.83592552,28.89693279,3.12423214,4.43857694,2018-01-15
600887,600887.SH,伊利股份,10004331,069001001001,016170,饮料乳品,1282,209951134680.32,208392570855.48,34.54,0.436173306194,6078492608,6033369162,33.81328327,34.98669567,8.36345774,29.96606186,29.0229735,3.1378592,4.45793682,2018-01-16
600887,600887.SH,伊利股份,10004331,069001001001,016170,饮料乳品,1282,210255059310.72,208694239313.58,34.59,0.1447596989,6078492608,6033369162,33.86223128,35.0373423,8.37556466,30.00944064,29.06498706,3.14240156,4.46439012,2018-01-17
600887,600887.SH,伊利股份,10004331,069001001001,016170,饮料乳品,1282,208188371824.0,206642893798.5,34.25,-0.982943047123,6078492608,6033369162,33.52938483,34.69294518,8.29323762,29.71446493,28.77929479,3.11151354,4.42050771,2018-01-18
600887,600887.SH,伊利股份,10004331,069001001001,016170,饮料乳品,1282,204298136554.88,202781537534.82,33.61,-1.868613138686,6078492608,6033369162,32.90285034,34.04466825,8.1382691,29.15921654,28.24152111,3.05337139,4.33790552,2018-01-19
600887,600887.SH,伊利股份,10004331,069001001001,016170,饮料乳品,1282,212686456353.92,211107586978.38,34.99,4.105920856888,6078492608,6033369162,34.25381533,35.44251539,8.47241999,30.35647089,29.40109562,3.1787404,4.51601649,2018-01-22
600887,600887.SH,伊利股份,10004331,069001001001,016170,饮料乳品,1282,215543347879.68,213943270484.52,35.46,1.343240925979,6078492608,6033369162,34.7139266,35.91859376,8.586225,30.76423143,29.79602317,3.22143855,4.57667747,2018-01-23
600887,600887.SH,伊利股份,10004331,069001001001,016170,饮料乳品,1282,213051165910.4,211469589128.1,35.05,-1.156232374506,6078492608,6033369162,34.31255294,35.50329135,8.48694828,30.40852543,29.4515119,3.18419123,4.52376044,2018-01-24
600887,600887.SH,伊利股份,10004331,069001001001,016170,饮料乳品,1282,209100145715.2,207547899172.8,34.4,-1.854493580599,6078492608,6033369162,33.67622885,34.84488509,8.32955837,29.84460127,28.9053355,3.12514061,4.43986759,2018-01-25
600887,600887.SH,伊利股份,10004331,069001001001,016170,饮料乳品,1282,210558983941.12,208995907771.68,34.64,0.697674418605,6078492608,6033369162,33.91117928,35.08798894,8.38767157,30.05281942,29.10700063,3.14694392,4.47084341,2018-01-26
600887,600887.SH,伊利股份,10004331,069001001001,016170,饮料乳品,1282,203447147589.76,201936865852.14,33.47,-3.377598152425,6078492608,6033369162,32.76579592,33.90285767,8.10436973,29.03775595,28.12388312,3.0406528,4.31983629,2018-01-29
600887,600887.SH,伊利股份,10004331,069001001001,016170,饮料乳品,1282,202596158624.64,201092194169.46,33.33,-0.418285031371,6078492608,6033369162,32.6287415,33.76104709,8.07047037,28.91629536,28.00624512,3.0279342,4.30176706,2018-01-30
600887,600887.SH,伊利股份,10004331,069001001001,016170,饮料乳品,1282,207276597932.8,205737888424.2,34.1,2.310231023102,6078492608,6033369162,33.38254081,34.54100528,8.25691688,29.58432859,28.65325409,3.09788648,4.40114782,2018-01-31
600887,600887.SH,伊利股份,10004331,069001001001,016170,饮料乳品,1282,210437414088.96,208875240388.44,34.62,1.524926686217,6078492608,6033369162,33.89160008,35.06773029,8.38282881,30.03546791,29.09019521,3.14512697,4.4682621,2018-02-01
600887,600887.SH,伊利股份,10004331,069001001001,016170,饮料乳品,1282,210802123645.44,209237242538.16,34.68,0.173310225303,6078492608,6033369162,33.95033769,35.12850625,8.3973571,30.08752245,29.14061149,3.1505778,4.47600605,2018-02-02
600887,600887.SH,伊利股份,10004331,069001001001,016170,饮料乳品,1282,200711825916.16,199221849729.24,33.02,-4.786620530565,6078492608,6033369162,32.32526385,33.44703796,7.99540749,28.64734692,27.745761,2.9997716,4.26175663,2018-02-05
600887,600887.SH,伊利股份,10004331,069001001001,016170,饮料乳品,1282,200651040990.08,199161516037.62,33.01,-0.030284675954,6078492608,6033369162,32.31547425,33.43690863,7.9929861,28.63867116,27.73735828,2.99886313,4.26046597,2018-02-06
600887,600887.SH,伊利股份,10004331,069001001001,016170,饮料乳品,1282,191594087004.16,190171795986.24,31.52,-4.513783701909,6078492608,6033369162,30.85682364,31.9276389,7.6322,27.34598349,26.48535392,2.86350093,4.06815775,2018-02-07
600887,600887.SH,伊利股份,10004331,069001001001,016170,饮料乳品,1282,191533302078.08,190111462294.62,31.51,-0.031725888325,6078492608,6033369162,30.84703404,31.91750957,7.62977861,27.33730774,26.47695121,2.86259246,4.06686709,2018-02-08
600887,600887.SH,伊利股份,10004331,069001001001,016170,饮料乳品,1282,189952894000.0,188542786312.5,31.25,-0.825134877817,6078492608,6033369162,30.5925044,31.65414707,7.56682265,27.11173808,26.25848065,2.83897221,4.03330995,2018-02-09
600887,600887.SH,伊利股份,10004331,069001001001,016170,饮料乳品,1282,192384291043.2,190956133977.3,31.65,1.28,6078492608,6033369162,30.98408846,32.05932015,7.66367798,27.45876832,26.5945892,2.87531105,4.08493632,2018-02-12
600887,600887.SH,伊利股份,10004331,069001001001,016170,饮料乳品,1282,196335311238.4,194877823932.6,32.3,2.053712480253,6078492608,6033369162,31.62041255,32.71772641,7.82106789,28.02269248,27.1407656,2.93436168,4.16882917,2018-02-13
600887,600887.SH,伊利股份,10004331,069001001001,016170,饮料乳品,1282,196031386608.0,194576155474.5,32.25,-0.15479876161,6078492608,6033369162,31.57146455,32.66707977,7.80896098,27.97931369,27.09875203,2.92981932,4.16237587,2018-02-14
600887,600887.SH,伊利股份,10004331,069001001001,016170,饮料乳品,1282,208188371824.0,206642893798.5,34.25,6.201550387597,6078492608,6033369162,33.52938483,34.69294518,8.29323762,29.71446493,28.77929479,3.11151354,4.42050771,2018-02-22
600887,600887.SH,伊利股份,10004331,069001001001,016170,饮料乳品,1282,206607963745.92,205074217816.38,33.99,-0.759124087591,6078492608,6033369162,33.27485519,34.42958268,8.23028166,29.48889527,28.56082424,3.08789329,4.38695057,2018-02-23
600887,600887.SH,伊利股份,10004331,069001001001,016170,饮料乳品,1282,207762877341.44,206220557957.16,34.18,0.558987937629,6078492608,6033369162,33.46085762,34.62203989,8.27628794,29.65373464,28.7204758,3.10515424,4.41147309,2018-02-26
600887,600887.SH,伊利股份,10004331,069001001001,016170,饮料乳品,1282,204784415963.52,203264207067.78,33.69,-1.43358689292,6078492608,6033369162,32.98116715,34.12570287,8.15764016,29.22862259,28.30874282,3.06063916,4.34823079,2018-02-27
600887,600887.SH,伊利股份,10004331,069001001001,016170,饮料乳品,1282,197247085129.6,195782829306.9,32.45,-3.680617393885,6078492608,6033369162,31.76725657,32.86966631,7.85738864,28.15282882,27.26680631,2.94798874,4.18818905,2018-02-28
600887,600887.SH,伊利股份,10004331,069001001001,016170,饮料乳品,1282,197003945425.28,195541494540.42,32.41,-0.123266563945,6078492608,6033369162,31.72809817,32.829149,7.84770311,28.11812579,27.23319545,2.94435486,4.18302642,2018-03-01
600887,600887.SH,伊利股份,10004331,069001001001,016170,饮料乳品,1282,196152956460.16,194696822857.74,32.27,-0.431965442765,6078492608,6033369162,31.59104375,32.68733843,7.81380374,27.99666521,27.11555746,2.93163626,4.16495719,2018-03-02
600887,600887.SH,伊利股份,10004331,069001001001,016170,饮料乳品,1282,196821590647.04,195360493465.56,32.38,0.340873876666,6078492608,6033369162,31.69872936,32.79876102,7.84043896,28.09209852,27.20798731,2.94162945,4.17915444,2018-03-05
600887,600887.SH,伊利股份,10004331,069001001001,016170,饮料乳品,1282,194450978529.92,193007479492.38,31.99,-1.204447189623,6078492608,6033369162,31.31693491,32.40371727,7.74600501,27.75374403,26.88028147,2.90619907,4.12881873,2018-03-06
600887,600887.SH,伊利股份,10004331,069001001001,016170,饮料乳品,1282,188068561291.52,186672441872.28,30.94,-3.28227571116,6078492608,6033369162,30.28902676,31.34013793,7.49175977,26.84278963,25.99799652,2.81080961,3.99329952,2018-03-07
600887,600887.SH,伊利股份,10004331,069001001001,016170,饮料乳品,1282,191472517152.0,190051128603.0,31.5,1.809954751131,6078492608,6033369162,30.83724444,31.90738024,7.62735723,27.32863198,26.4685485,2.86168399,4.06557643,2018-03-08
600887,600887.SH,伊利股份,10004331,069001001001,016170,饮料乳品,1282,188980335182.72,187577447246.58,31.09,-1.301587301587,6078492608,6033369162,30.43587078,31.49207783,7.52808052,26.97292598,26.12403723,2.82443667,4.0126594,2018-03-09
600887,600887.SH,伊利股份,10004331,069001001001,016170,饮料乳品,1282,187825421587.2,186431107105.8,30.9,-0.61112898038,6078492608,6033369162,30.24986836,31.29962062,7.48207424,26.80808661,25.96438567,2.80717572,3.98813688,2018-03-12
600887,600887.SH,伊利股份,10004331,069001001001,016170,饮料乳品,1282,190439173408.64,189025455845.46,31.33,1.391585760518,6078492608,6033369162,30.67082122,31.73518168,7.58619372,27.18114413,26.32570236,2.84623998,4.04363522,2018-03-13
600887,600887.SH,伊利股份,10004331,069001001001,016170,饮料乳品,1282,190803882965.12,189387457995.18,31.39,0.191509735078,6078492608,6033369162,30.72955882,31.79595764,7.60072202,27.23319866,26.37611865,2.85169081,4.05137918,2018-03-14
600887,600887.SH,伊利股份,10004331,069001001001,016170,饮料乳品,1282,194754903160.32,193309147950.48,32.04,2.070723160242,6078492608,6033369162,31.36588292,32.4543639,7.75811193,27.79712281,26.92229504,2.91074143,4.13527203,2018-03-15
600887,600887.SH,伊利股份,10004331,069001001001,016170,饮料乳品,1282,188311700995.84,186913776638.76,30.98,-3.30836454432,6078492608,6033369162,30.32818517,31.38065524,7.5014453,26.87749266,26.03160738,2.81444349,3.99846215,2018-03-16
600887,600887.SH,伊利股份,10004331,069001001001,016170,饮料乳品,1282,186305798435.2,184922764815.3,30.65,-1.065203357005,6078492608,6033369162,30.00512832,31.04638744,7.42153966,26.59119271,25.75431782,2.78446394,3.9558704,2018-03-19
600887,600887.SH,伊利股份,10004331,069001001001,016170,饮料乳品,1282,187643066808.96,186250106030.94,30.87,0.717781402936,6078492608,6033369162,30.22049955,31.26923264,7.47481009,26.78205934,25.93917753,2.80445031,3.9842649,2018-03-20
600887,600887.SH,伊利股份,10004331,069001001001,016170,饮料乳品,1282,185211669765.76,183836758366.14,30.47,-1.295756397797,6078492608,6033369162,29.82891549,30.86405955,7.37795476,26.43502909,25.60306898,2.76811146,3.93263853,2018-03-21
600887,600887.SH,伊利股份,10004331,069001001001,016170,饮料乳品,1282,174574307701.76,173278362332.64,28.72,-5.743354118805,6078492608,6033369162,28.11573525,29.09142732,6.95421269,24.91677176,24.13259406,2.60912902,3.70677318,2018-03-22
600887,600887.SH,伊利股份,10004331,069001001001,016170,饮料乳品,1282,172021340806.4,170744347284.6,28.3,-1.462395543175,6078492608,6033369162,27.70457199,28.66599558,6.85251459,24.55239,23.77968008,2.57097323,3.65256549,2018-03-23
600887,600887.SH,伊利股份,10004331,069001001001,016170,饮料乳品,1282,165942848198.4,164710978122.6,27.3,-3.533568904594,6078492608,6033369162,26.72561185,27.65306288,6.61037627,23.68481438,22.9394087,2.48012612,3.52349957,2018-03-26
600887,600887.SH,伊利股份,10004331,069001001001,016170,饮料乳品,1282,172507620215.04,171227016817.56,28.38,3.956043956044,6078492608,6033369162,27.7828888,28.7470302,6.87188566,24.62179605,23.84690179,2.578241,3.66289077,2018-03-27
600887,600887.SH,伊利股份,10004331,069001001001,016170,饮料乳品,1282,163693805933.44,162478631532.66,26.93,-5.109231853418,6078492608,6033369162,26.3633966,27.27827778,6.52078509,23.3638114,22.62850829,2.44651269,3.47574518,2018-03-28
600887,600887.SH,伊利股份,10004331,069001001001,016170,饮料乳品,1282,170076223171.84,168813669152.76,27.98,3.898997400668,6078492608,6033369162,27.39130474,28.34185712,6.77503033,24.2747658,23.51079324,2.54190216,3.6112644,2018-03-29
600887,600887.SH,伊利股份,10004331,069001001001,016170,饮料乳品,1282,173176254401.92,171890687425.38,28.49,1.822730521801,6078492608,6033369162,27.89057442,28.8584528,6.89852087,24.71722937,23.93933164,2.58823418,3.67708802,2018-03-30
600887,600887.SH,伊利股份,10004331,069001001001,016170,饮料乳品,1282,169954653319.68,168693001769.52,27.96,-1.860301860302,6078492608,6033369162,27.37172554,28.32159846,6.25414374,24.25741429,23.49398781,2.54008522,3.60868308,2018-04-02
600887,600887.SH,伊利股份,10004331,069001001001,016170,饮料乳品,1282,173297824254.08,172011354808.62,28.51,1.967095851216,6078492608,6033369162,27.91015362,28.87871145,6.37716874,24.73458088,23.95613707,2.59005113,3.67966933,2018-04-03
600887,600887.SH,伊利股份,10004331,069001001001,016170,饮料乳品,1282,180835155088.0,179492732569.5,29.75,4.349351104875,6078492608,6033369162,29.12406419,30.13474801,6.6545342,25.81037465,24.99807358,2.70270154,3.83971107,2018-04-04
600887,600887.SH,伊利股份,10004331,069001001001,016170,饮料乳品,1282,173844888588.8,172554358033.2,28.6,-3.865546218487,6078492608,6033369162,27.99826003,28.96987539,6.39730011,24.81266269,24.03176149,2.59822737,3.69128527,2018-04-09
600887,600887.SH,伊利股份,10004331,069001001001,016170,饮料乳品,1282,174088028293.12,172795692799.68,28.64,0.13986013986,6078492608,6033369162,28.03741844,29.0103927,6.40624738,24.84736571,24.06537235,2.60186125,3.6964479,2018-04-10
600887,600887.SH,伊利股份,10004331,069001001001,016170,饮料乳品,1282,178890037453.44,177562054437.66,29.43,2.758379888268,6078492608,6033369162,28.81079695,29.81060954,6.58295602,25.53275045,24.72918674,2.67363047,3.79840998,2018-04-11
600887,600887.SH,伊利股份,10004331,069001001001,016170,饮料乳品,1282,175729221297.28,174424702473.42,28.91,-1.766904519198,6078492608,6033369162,28.30173767,29.28388453,6.46664147,25.08161113,24.29224562,2.62638997,3.7312957,2018-04-12
600887,600887.SH,伊利股份,10004331,069001001001,016170,饮料乳品,1282,172446835288.96,171166683125.94,28.37,-1.867865790384,6078492608,6033369162,27.7730992,28.73690087,6.34585329,24.6131203,23.83849908,2.57733253,3.66160011,2018-04-13
600887,600887.SH,伊利股份,10004331,069001001001,016170,饮料乳品,1282,170258577950.08,168994670227.62,28.01,-1.268946069792,6078492608,6033369162,27.42067355,28.3722451,6.26532783,24.30079307,23.53600138,2.54462757,3.61513638,2018-04-16
600887,600887.SH,伊利股份,10004331,069001001001,016170,饮料乳品,1282,169042879428.48,167787996395.22,27.81,-0.71403070332,6078492608,6033369162,27.22488152,28.16965856,6.22059147,24.12727795,23.3679471,2.52645815,3.58932319,2018-04-17
600887,600887.SH,伊利股份,10004331,069001001001,016170,饮料乳品,1282,170744857358.72,169477339760.58,28.09,1.006832074793,6078492608,6033369162,27.49899036,28.45327971,6.28322238,24.37019912,23.60322309,2.55189534,3.62546165,2018-04-18
600887,600887.SH,伊利股份,10004331,069001001001,016170,饮料乳品,1282,175972361001.6,174666037239.9,28.95,3.061587753649,6078492608,6033369162,28.34089608,29.32440184,6.47558875,25.11631415,24.32585648,2.63002386,3.73645834,2018-04-19
600887,600887.SH,伊利股份,10004331,069001001001,016170,饮料乳品,1282,169103664354.56,167848330086.84,27.82,-3.903281519862,6078492608,6033369162,27.23467112,28.17978788,6.22282829,24.1359537,23.37634982,2.52736662,3.59061385,2018-04-20
600887,600887.SH,伊利股份,10004331,069001001001,016170,饮料乳品,1282,171778201102.08,170503012518.12,28.26,1.581595974119,6078492608,6033369162,27.66541358,28.62547827,6.32124829,24.51768698,23.74606922,2.56733935,3.64740286,2018-04-23
600887,600887.SH,伊利股份,10004331,069001001001,016170,饮料乳品,1282,176944919818.88,175631376305.82,29.11,3.007784854919,6078492608,6033369162,28.4975297,29.48647107,6.51137784,25.25512625,24.4602999,2.64455939,3.75710889,2018-04-24
600887,600887.SH,伊利股份,10004331,069001001001,016170,饮料乳品,1282,180835155088.0,179492732569.5,29.75,2.19855719684,6078492608,6033369162,29.12406419,30.13474801,6.6545342,25.81037465,24.99807358,2.70270154,3.83971107,2018-04-25
600887,600887.SH,伊利股份,10004331,069001001001,016170,饮料乳品,1282,177491984153.6,176174379530.4,29.2,-1.848739495798,6078492608,6033369162,28.58563612,29.57763502,6.5315092,25.33320806,24.53592432,2.65273563,3.76872482,2018-04-26
600887,600887.SH,伊利股份,10004331,069001001001,016170,饮料乳品,1282,159742785738.24,158556941577.36,26.28,-10.0,6078492608,6033369162,25.08733585,26.61987152,5.87835828,22.79988725,17.35204665,2.2180037,3.39185234,2018-04-27
600887,600887.SH,伊利股份,10004331,069001001001,016170,饮料乳品,1282,153421153425.92,152282237648.88,25.24,-3.957382039574,6078492608,6033369162,24.09453412,25.5664215,5.64572919,21.89760861,16.66535987,2.13022882,3.25762378,2018-05-02
600887,600887.SH,伊利股份,10004331,069001001001,016170,饮料乳品,1282,152813304165.12,151678900732.68,25.14,-0.396196513471,6078492608,6033369162,23.99907242,25.46512823,5.623361,21.81085105,16.59933229,2.12178892,3.24471719,2018-05-03
600887,600887.SH,伊利股份,10004331,069001001001,016170,饮料乳品,1282,150928971456.64,149808556292.46,24.83,-1.233094669849,6078492608,6033369162,23.70314114,25.15111909,5.55401964,21.54190261,16.39464681,2.09562526,3.20470675,2018-05-04
600887,600887.SH,伊利股份,10004331,069001001001,016170,饮料乳品,1282,157858453029.76,156686597137.14,25.97,4.591220298027,6078492608,6033369162,24.79140456,26.30586238,5.80901692,22.53093881,17.14736116,2.19184003,3.3518419,2018-05-07
600887,600887.SH,伊利股份,10004331,069001001001,016170,饮料乳品,1282,159864355590.4,158677608960.6,26.3,1.270696958028,6078492608,6033369162,25.10642819,26.64013017,5.88283192,22.81723876,17.36525216,2.21969168,3.39443365,2018-05-08
600887,600887.SH,伊利股份,10004331,069001001001,016170,饮料乳品,1282,159438861107.84,158255273119.26,26.23,-0.266159695817,6078492608,6033369162,25.03960499,26.56922488,5.86717419,22.75650847,17.31903286,2.21378375,3.38539904,2018-05-09
600887,600887.SH,伊利股份,10004331,069001001001,016170,饮料乳品,1282,160350634999.04,159160278493.56,26.38,0.571864277545,6078492608,6033369162,25.18279755,26.72116479,5.90072646,22.88664481,17.41807422,2.22644359,3.40475893,2018-05-10
600887,600887.SH,伊利股份,10004331,069001001001,016170,饮料乳品,1282,157493743473.28,156324594987.42,25.91,-1.781652767248,6078492608,6033369162,24.73412754,26.24508642,5.79559601,22.47888427,17.10774462,2.1867761,3.34409795,2018-05-11
600887,600887.SH,伊利股份,10004331,069001001001,016170,饮料乳品,1282,164362440120.32,163142302140.48,27.04,4.361250482439,6078492608,6033369162,25.8128448,27.38970037,6.04835647,23.45924472,17.85385621,2.28214688,3.48994243,2018-05-14
600887,600887.SH,伊利股份,10004331,069001001001,016170,饮料乳品,1282,164544794898.56,163323303215.34,27.07,0.110946745562,6078492608,6033369162,25.84148331,27.42008835,6.05506692,23.48527199,17.87366449,2.28467885,3.49381441,2018-05-15
600887,600887.SH,伊利股份,10004331,069001001001,016170,饮料乳品,1282,167584041202.56,166339987796.34,27.57,1.84706316956,6078492608,6033369162,26.31879183,27.92655471,6.16690783,23.9190598,18.20380236,2.32687831,3.55834737,2018-05-16
600887,600887.SH,伊利股份,10004331,069001001001,016170,饮料乳品,1282,165638923568.0,164409309664.5,27.25,-1.160681900617,6078492608,6033369162,26.01331438,27.60241624,6.09532965,23.6414356,17.99251412,2.29987065,3.51704628,2018-05-17
600887,600887.SH,伊利股份,10004331,069001001001,016170,饮料乳品,1282,167036976867.84,165796984571.76,27.48,0.844036697248,6078492608,6033369162,26.2328763,27.83539076,6.14677647,23.84097799,18.14437754,2.3192824,3.54673144,2018-05-18
600887,600887.SH,伊利股份,10004331,069001001001,016170,饮料乳品,1282,165882063272.32,164650644430.98,27.29,-0.691411935953,6078492608,6033369162,26.05149906,27.64293355,6.10427692,23.67613863,18.01892515,2.30324661,3.52220891,2018-05-21
600887,600887.SH,伊利股份,10004331,069001001001,016170,饮料乳品,1282,165821278346.24,164590310739.36,27.28,-0.036643459143,6078492608,6033369162,26.04195289,27.63280422,6.1020401,23.66746287,18.01232239,2.30240262,3.52091826,2018-05-22
600887,600887.SH,伊利股份,10004331,069001001001,016170,饮料乳品,1282,159803570664.32,158617275268.98,26.29,-3.629032258065,6078492608,6033369162,25.09688202,26.63000084,5.8805951,22.80856301,17.3586494,2.21884769,3.393143,2018-05-23
600887,600887.SH,伊利股份,10004331,069001001001,016170,饮料乳品,1282,157736883177.6,156565929753.9,25.95,-1.293267402054,6078492608,6033369162,24.77231222,26.28560372,5.80454328,22.5135873,17.13415565,2.19015205,3.34926058,2018-05-24
600887,600887.SH,伊利股份,10004331,069001001001,016170,饮料乳品,1282,158040807808.0,156867598212.0,26.0,0.19267822736,6078492608,6033369162,24.82004307,26.33625036,5.81572737,22.55696608,17.16716944,2.194372,3.35571388,2018-05-25
600887,600887.SH,伊利股份,10004331,069001001001,016170,饮料乳品,1282,163025171746.56,161814960924.84,26.82,3.153846153846,6078492608,6033369162,25.60282905,27.16685518,5.99914647,23.26837809,17.70859555,2.26357912,3.46154793,2018-05-28
600887,600887.SH,伊利股份,10004331,069001001001,016170,饮料乳品,1282,167644826128.64,166400321487.96,27.58,2.833706189411,6078492608,6033369162,26.328338,27.93668403,6.16914465,23.92773556,18.21040512,2.3277223,3.55963803,2018-05-29
600887,600887.SH,伊利股份,10004331,069001001001,016170,饮料乳品,1282,171535061397.76,170261677751.64,28.22,2.320522117476,6078492608,6033369162,26.93929291,28.58496097,6.31230102,24.48298395,18.6329816,2.38173761,3.64224022,2018-05-30
600887,600887.SH,伊利股份,10004331,069001001001,016170,饮料乳品,1282,188615625626.24,187215445096.86,31.03,9.95747696669,6078492608,6033369162,29.62176679,31.43130187,6.94084694,26.92087144,20.48835645,2.61889858,4.00491545,2018-05-31
600887,600887.SH,伊利股份,10004331,069001001001,016170,饮料乳品,1282,183631261687.68,182268082384.02,30.21,-2.642603931679,6078492608,6033369162,28.83898082,30.60069705,6.75742784,26.20945943,19.94693033,2.54969146,3.8990814,2018-06-01
600887,600887.SH,伊利股份,10004331,069001001001,016170,饮料乳品,1282,188433270848.0,187034444022.0,31.0,2.615028136379,6078492608,6033369162,29.59312828,31.40091389,6.93413648,26.89484417,20.46854817,2.61636661,4.00104347,2018-06-04
600887,600887.SH,伊利股份,10004331,069001001001,016170,饮料乳品,1282,192262721191.04,190835466594.06,31.63,2.032258064516,6078492608,6033369162,30.19453702,32.03906149,7.07505603,27.44141681,20.8845219,2.66953793,4.082355,2018-06-05
600887,600887.SH,伊利股份,10004331,069001001001,016170,饮料乳品,1282,190013678926.08,188603120004.12,31.26,-1.169775529561,6078492608,6033369162,29.84132871,31.66427639,6.99229376,27.12041383,20.64021987,2.63831033,4.03460061,2018-06-06
600887,600887.SH,伊利股份,10004331,069001001001,016170,饮料乳品,1282,187035217548.16,185646769114.74,30.77,-1.567498400512,6078492608,6033369162,29.37356636,31.16793937,6.88268966,26.69530178,20.31668475,2.59695486,3.97135831,2018-06-07
600887,600887.SH,伊利股份,10004331,069001001001,016170,饮料乳品,1282,186609723065.6,185224433273.4,30.7,-0.227494312642,6078492608,6033369162,29.30674317,31.09703408,6.86703193,26.63457149,20.27046545,2.59104694,3.9623237,2018-06-08
600887,600887.SH,伊利股份,10004331,069001001001,016170,饮料乳品,1282,187643066808.96,186250106030.94,30.87,0.553745928339,6078492608,6033369162,29.46902807,31.26923264,6.90505784,26.78205934,20.38271233,2.60539475,3.9842649,2018-06-11
600887,600887.SH,伊利股份,10004331,069001001001,016170,饮料乳品,1282,193478419712.64,192042140426.46,31.83,3.109815354713,6078492608,6033369162,30.38546042,32.24164804,7.11979239,27.61493193,21.01657705,2.68641772,4.10816818,2018-06-12
600887,600887.SH,伊利股份,10004331,069001001001,016170,饮料乳品,1282,190499958334.72,189085789537.08,31.34,-1.539428212378,6078492608,6033369162,29.91769807,31.74531101,7.0101883,27.18981988,20.69304193,2.64506225,4.04492588,2018-06-13
600887,600887.SH,伊利股份,10004331,069001001001,016170,饮料乳品,1282,185454809470.08,184078093132.62,30.51,-2.648372686662,6078492608,6033369162,29.12536593,30.90457686,6.82453239,26.46973212,20.14501306,2.57501114,3.93780117,2018-06-14
600887,600887.SH,伊利股份,10004331,069001001001,016170,饮料乳品,1282,180105735975.04,178768728270.06,29.63,-0.60382422006,6078492608,6033369162,28.28530293,30.01319608,6.62769239,25.70626557,19.5639704,2.50074009,3.82422316,2018-06-15
600887,600887.SH,伊利股份,10004331,069001001001,016170,饮料乳品,1282,171474276471.68,170201344060.02,28.21,-4.792440094499,6078492608,6033369162,26.92974674,28.57483164,6.3100642,24.4743082,18.62637884,2.38089362,3.64094956,2018-06-19
600887,600887.SH,伊利股份,10004331,069001001001,016170,饮料乳品,1282,176337070558.08,175028039389.62,29.01,2.835873803616,6078492608,6033369162,27.69344037,29.3851778,6.48900966,25.16836869,19.15459944,2.44841276,3.74420229,2018-06-20
600887,600887.SH,伊利股份,10004331,069001001001,016170,饮料乳品,1282,178342973118.72,177019051213.08,29.34,1.137538779731,6078492608,6033369162,28.00846399,29.7194456,6.56282466,25.45466864,19.37249043,2.4762644,3.78679405,2018-06-21
600887,600887.SH,伊利股份,10004331,069001001001,016170,饮料乳品,1282,180288090753.28,178949729344.92,29.66,1.090661213361,6078492608,6033369162,28.31394145,30.04358406,6.63440284,25.73229284,19.58377867,2.50327206,3.82809514,2018-06-22
600887,600887.SH,伊利股份,10004331,069001001001,016170,饮料乳品,1282,174999802184.32,173700698173.98,28.79,-2.933243425489,6078492608,6033369162,27.48342462,29.16233261,6.43979965,24.97750205,19.00933877,2.42984499,3.71580779,2018-06-25
600887,600887.SH,伊利股份,10004331,069001001001,016170,饮料乳品,1282,176154715779.84,174847038314.76,28.98,0.659951372004,6078492608,6033369162,27.66480186,29.35478982,6.4822992,25.14234142,19.13479116,2.44588079,3.74033032,2018-06-26
600887,600887.SH,伊利股份,10004331,069001001001,016170,饮料乳品,1282,167158546720.0,165917651955.0,27.5,-5.106970324362,6078492608,6033369162,26.25196864,27.85564942,6.1512501,23.85832951,18.15758306,2.32097038,3.54931276,2018-06-27
600887,600887.SH,伊利股份,10004331,069001001001,016170,饮料乳品,1282,164180085342.08,162961301065.62,27.01,-1.781818181818,6078492608,6033369162,25.78420629,27.35931239,6.04164601,23.43321745,17.83404794,2.27961491,3.48607046,2018-06-28
600887,600887.SH,伊利股份,10004331,069001001001,016170,饮料乳品,1282,169589943763.2,168330999619.8,27.9,3.295075897816,6078492608,6033369162,26.63381545,28.2608225,6.24072283,24.20535975,18.42169336,2.35472995,3.60093912,2018-06-29
600887,600887.SH,伊利股份,10004331,069001001001,016170,饮料乳品,1282,164058515489.92,162840633682.38,26.99,-3.26164874552,6078492608,6033369162,25.76511394,27.33905374,6.69169414,23.41586594,17.82084243,2.27792693,3.48348914,2018-07-02
600887,600887.SH,伊利股份,10004331,069001001001,016170,饮料乳品,1282,161080054112.0,159884282793.0,26.5,-1.815487217488,6078492608,6033369162,25.29735159,26.84271671,6.57020729,22.99075389,17.49730731,2.23657146,3.42024684,2018-07-03
600887,600887.SH,伊利股份,10004331,069001001001,016170,饮料乳品,1282,159803570664.32,158617275268.98,26.29,-0.792452830189,6078492608,6033369162,25.09688202,26.63000084,6.5181415,22.80856301,17.3586494,2.21884769,3.393143,2018-07-04
600887,600887.SH,伊利股份,10004331,069001001001,016170,饮料乳品,1282,159925140516.48,158737942652.22,26.31,0.076074553062,6078492608,6033369162,25.11597436,26.6502595,6.52310014,22.82591452,17.37185492,2.22053566,3.39572431,2018-07-05
600887,600887.SH,伊利股份,10004331,069001001001,016170,饮料乳品,1282,166976191941.76,165736650880.14,27.47,4.408969973394,6078492608,6033369162,26.22333012,27.82526144,6.81070167,23.83230224,18.13777479,2.31843842,3.54544078,2018-07-06
600887,600887.SH,伊利股份,10004331,069001001001,016170,饮料乳品,1282,170440932728.32,169175671302.48,28.04,2.074990899163,6078492608,6033369162,26.76746184,28.40263308,6.95202311,24.32682034,18.51413196,2.3665458,3.61900835,2018-07-09
600887,600887.SH,伊利股份,10004331,069001001001,016170,饮料乳品,1282,169711513615.36,168451667003.04,27.92,-0.427960057061,6078492608,6033369162,26.65290779,28.28108115,6.92227123,24.22271127,18.43489887,2.35641793,3.60352044,2018-07-10
600887,600887.SH,伊利股份,10004331,069001001001,016170,饮料乳品,1282,168435030167.68,167184659479.02,27.71,-0.752148997135,6078492608,6033369162,26.45243821,28.06836529,6.87020544,24.04052039,18.29624097,2.33869416,3.5764166,2018-07-11
600887,600887.SH,伊利股份,10004331,069001001001,016170,饮料乳品,1282,170866427210.88,169598007143.82,28.11,1.443522194154,6078492608,6033369162,26.83428503,28.47353837,6.96937838,24.38755063,18.56035126,2.37245373,3.62804297,2018-07-12
600887,600887.SH,伊利股份,10004331,069001001001,016170,饮料乳品,1282,173237039328.0,171951021117.0,28.5,1.387406616862,6078492608,6033369162,27.20658568,28.86858212,7.06607199,24.72590513,18.81785881,2.40536931,3.67837868,2018-07-13
600887,600887.SH,伊利股份,10004331,069001001001,016170,饮料乳品,1282,172689974993.28,171408017892.42,28.41,-0.315789473684,6078492608,6033369162,27.12067014,28.77741818,7.04375808,24.64782332,18.75843399,2.3977734,3.66676274,2018-07-16
600887,600887.SH,伊利股份,10004331,069001001001,016170,饮料乳品,1282,168009535685.12,166762323637.68,27.64,-2.710313269975,6078492608,6033369162,26.38561502,27.99746,6.85285017,23.97979009,18.25002166,2.33278623,3.56738199,2018-07-17
600887,600887.SH,伊利股份,10004331,069001001001,016170,饮料乳品,1282,168009535685.12,166762323637.68,27.64,0.0,6078492608,6033369162,26.38561502,27.99746,6.85285017,23.97979009,18.25002166,2.33278623,3.56738199,2018-07-18
600887,600887.SH,伊利股份,10004331,069001001001,016170,饮料乳品,1282,164970289381.12,163745639056.68,27.14,-1.808972503618,6078492608,6033369162,25.9083065,27.49099364,6.728884,23.54600228,17.91988379,2.29058677,3.50284903,2018-07-19
600887,600887.SH,伊利股份,10004331,069001001001,016170,饮料乳品,1282,167462471350.4,166219320413.1,27.55,1.510685335298,6078492608,6033369162,26.29969949,27.90629605,6.83053626,23.90170829,18.19059685,2.32519033,3.55576605,2018-07-20
600887,600887.SH,伊利股份,10004331,069001001001,016170,饮料乳品,1282,167705611054.72,166460655179.58,27.59,0.145190562613,6078492608,6033369162,26.33788417,27.94681336,6.84045355,23.93641131,18.21700788,2.32856629,3.56092869,2018-07-23
600887,600887.SH,伊利股份,10004331,069001001001,016170,饮料乳品,1282,170319362876.16,169055003919.24,28.02,1.558535701341,6078492608,6033369162,26.7483695,28.38237443,6.94706446,24.30946883,18.50092645,2.36485782,3.61642703,2018-07-24
600887,600887.SH,伊利股份,10004331,069001001001,016170,饮料乳品,1282,167401686424.32,166158986721.48,27.54,-1.713062098501,6078492608,6033369162,26.29015332,27.89616673,6.82805694,23.89303253,18.18399409,2.32434634,3.55447539,2018-07-25
600887,600887.SH,伊利股份,10004331,069001001001,016170,饮料乳品,1282,163936945637.76,162719966299.14,26.97,-2.069716775599,6078492608,6033369162,25.7460216,27.31879508,6.6867355,23.39851443,17.80763691,2.27623895,3.48090782,2018-07-26
600887,600887.SH,伊利股份,10004331,069001001001,016170,饮料乳品,1282,163633021007.36,162418297841.04,26.92,-0.18539117538,6078492608,6033369162,25.69829075,27.26814845,6.67433888,23.35513565,17.77462312,2.27201901,3.47445452,2018-07-27
600887,600887.SH,伊利股份,10004331,069001001001,016170,饮料乳品,1282,162234967707.52,161030622933.78,26.69,-0.854383358098,6078492608,6033369162,25.47872883,27.03517393,6.61731444,23.15559326,17.6227597,2.25260726,3.44476936,2018-07-30
600887,600887.SH,伊利股份,10004331,069001001001,016170,饮料乳品,1282,160715344555.52,159522280643.28,26.44,-0.936680404646,6078492608,6033369162,25.24007457,26.78194075,6.55533135,22.93869935,17.45769077,2.23150752,3.41250288,2018-07-31
600887,600887.SH,伊利股份,10004331,069001001001,016170,饮料乳品,1282,157250603768.96,156083260220.94,25.87,-2.155824508321,6078492608,6033369162,24.69594286,26.20456911,6.41400991,22.44418125,17.08133359,2.18340014,3.33893531,2018-08-01
600887,600887.SH,伊利股份,10004331,069001001001,016170,饮料乳品,1282,152448594608.64,151316898582.96,25.08,-3.053730189409,6078492608,6033369162,23.9417954,25.40435227,6.21814335,21.75879651,16.55971575,2.11672499,3.23697323,2018-08-02
600887,600887.SH,伊利股份,10004331,069001001001,016170,饮料乳品,1282,151536820717.44,150411893208.66,24.93,-0.598086124402,6078492608,6033369162,23.79860284,25.25241236,6.1809535,21.62866017,16.46067439,2.10406515,3.21761335,2018-08-03
600887,600887.SH,伊利股份,10004331,069001001001,016170,饮料乳品,1282,153846647908.48,152704573490.22,25.31,1.524267950261,6078492608,6033369162,24.16135732,25.63732679,6.27516779,21.9583389,16.71157917,2.13613674,3.2666584,2018-08-06
600887,600887.SH,伊利股份,10004331,069001001001,016170,饮料乳品,1282,159013366625.28,157832937277.92,26.16,3.358356380877,6078492608,6033369162,24.9727818,26.49831959,6.48591029,22.69577818,17.27281356,2.20787583,3.37636443,2018-08-07
600887,600887.SH,伊利股份,10004331,069001001001,016170,饮料乳品,1282,158344732438.4,157169266670.1,26.05,-0.420489296636,6078492608,6033369162,24.86777393,26.38689699,6.45863773,22.60034486,17.20018322,2.19859194,3.36216718,2018-08-08
600887,600887.SH,伊利股份,10004331,069001001001,016170,饮料乳品,1282,164544794898.56,163323303215.34,27.07,3.915547024952,6078492608,6033369162,25.84148331,27.42008835,6.71152873,23.48527199,17.87366449,2.28467885,3.49381441,2018-08-09
600887,600887.SH,伊利股份,10004331,069001001001,016170,饮料乳品,1282,166672267311.36,165434982422.04,27.42,1.292944218692,6078492608,6033369162,26.17559927,27.7746148,6.79830505,23.78892346,18.104761,2.31421847,3.53898748,2018-08-10
600887,600887.SH,伊利股份,10004331,069001001001,016170,饮料乳品,1282,165699708494.08,164469643356.12,27.26,-0.583515681984,6078492608,6033369162,26.02286055,27.61254557,6.75863588,23.65011136,17.99911688,2.30071464,3.51833694,2018-08-13
600887,600887.SH,伊利股份,10004331,069001001001,016170,饮料乳品,1282,163936945637.76,162719966299.14,26.97,-1.063829787234,6078492608,6033369162,25.7460216,27.31879508,6.6867355,23.39851443,17.80763691,2.27623895,3.48090782,2018-08-14
600887,600887.SH,伊利股份,10004331,069001001001,016170,饮料乳品,1282,157980022881.92,156807264520.38,25.99,-3.633667037449,6078492608,6033369162,24.8104969,26.32612103,6.44376179,22.54829032,17.16056668,2.19352801,3.35442322,2018-08-15
600887,600887.SH,伊利股份,10004331,069001001001,016170,饮料乳品,1282,157980022881.92,156807264520.38,25.99,0.0,6078492608,6033369162,24.8104969,26.32612103,6.44376179,22.54829032,17.16056668,2.19352801,3.35442322,2018-08-16
600887,600887.SH,伊利股份,10004331,069001001001,016170,饮料乳品,1282,155001561504.0,153850913631.0,25.5,-1.885340515583,6078492608,6033369162,24.34273455,25.82978401,6.32227494,22.12317827,16.83703156,2.15217254,3.29118092,2018-08-17
600887,600887.SH,伊利股份,10004331,069001001001,016170,饮料乳品,1282,154758421799.68,153609578864.52,25.46,-0.156862745098,6078492608,6033369162,24.30454987,25.7892667,6.31235765,22.08847525,16.81062053,2.14879658,3.28601828,2018-08-20
600887,600887.SH,伊利股份,10004331,069001001001,016170,饮料乳品,1282,162234967707.52,161030622933.78,26.69,4.831107619796,6078492608,6033369162,25.47872883,27.03517393,6.61731444,23.15559326,17.6227597,2.25260726,3.44476936,2018-08-21
600887,600887.SH,伊利股份,10004331,069001001001,016170,饮料乳品,1282,161809473224.96,160608287092.44,26.62,-0.262270513301,6078492608,6033369162,25.41190564,26.96426864,6.59995917,23.09486296,17.5765404,2.24669933,3.43573475,2018-08-22
600887,600887.SH,伊利股份,10004331,069001001001,016170,饮料乳品,1282,161019269185.92,159823949101.38,26.49,-0.488354620586,6078492608,6033369162,25.28780542,26.83258738,6.56772797,22.98207813,17.49070455,2.23572747,3.41895618,2018-08-23
600887,600887.SH,伊利股份,10004331,069001001001,016170,饮料乳品,1282,160168280220.8,158979277418.7,26.35,-0.528501321253,6078492608,6033369162,25.15415904,26.69077681,6.53301744,22.86061755,17.39826595,2.22391162,3.40088695,2018-08-24
600887,600887.SH,伊利股份,10004331,069001001001,016170,饮料乳品,1282,165274214011.52,164047307514.78,27.19,3.187855787476,6078492608,6033369162,25.95603735,27.54164028,6.74128061,23.58938107,17.95289758,2.29480672,3.50930232,2018-08-27
600887,600887.SH,伊利股份,10004331,069001001001,016170,饮料乳品,1282,163450666229.12,162237296766.18,26.89,-1.103346818683,6078492608,6033369162,25.66965224,27.23776047,6.66690091,23.32910838,17.75481485,2.26948704,3.47058255,2018-08-28
600887,600887.SH,伊利股份,10004331,069001001001,016170,饮料乳品,1282,161444763668.48,160246284942.72,26.56,-1.227222015619,6078492608,6033369162,25.35462862,26.90349267,6.58508323,23.04280843,17.53692386,2.2416354,3.42799079,2018-08-29
600887,600887.SH,伊利股份,10004331,069001001001,016170,饮料乳品,1282,158527087216.64,157350267744.96,26.08,-1.807228915663,6078492608,6033369162,24.89641244,26.41728498,6.4660757,22.62637213,17.2199915,2.20112391,3.36603915,2018-08-30
600887,600887.SH,伊利股份,10004331,069001001001,016170,饮料乳品,1282,147099521113.6,146007533720.4,24.2,-7.208588957055,6078492608,6033369162,24.1836396,24.51297149,5.99996289,20.99532997,15.54976672,1.97429377,3.12339523,2018-08-31
600887,600887.SH,伊利股份,10004331,069001001001,016170,饮料乳品,1282,144303414513.92,143232183905.88,23.74,-1.900826446281,6078492608,6033369162,23.72395059,24.04702244,5.885914,20.59624518,15.25419264,1.93676587,3.0640249,2018-09-03
600887,600887.SH,伊利股份,10004331,069001001001,016170,饮料乳品,1282,145944607518.08,144861193579.62,24.01,1.137320977254,6078492608,6033369162,23.99376805,24.32051427,5.95285574,20.8304906,15.42768177,1.95879312,3.0988727,2018-09-04
600887,600887.SH,伊利股份,10004331,069001001001,016170,饮料乳品,1282,142236727027.2,141180838390.8,23.4,-2.540608079967,6078492608,6033369162,23.38418044,23.70262532,5.801617,20.30126947,15.03572485,1.90902786,3.02014249,2018-09-05
600887,600887.SH,伊利股份,10004331,069001001001,016170,饮料乳品,1282,136158234419.2,135147469228.8,22.4,-4.273504273504,6078492608,6033369162,22.38485649,22.68969262,5.55368465,19.43369385,14.3931725,1.82744547,2.89107657,2018-09-06
600887,600887.SH,伊利股份,10004331,069001001001,016170,饮料乳品,1282,136705298753.92,135690472453.38,22.49,0.401785714286,6078492608,6033369162,22.47479565,22.78085656,5.57599857,19.51177566,14.45100221,1.83478789,2.90269251,2018-09-07
600887,600887.SH,伊利股份,10004331,069001001001,016170,饮料乳品,1282,137617072645.12,136595477827.68,22.64,0.666963094709,6078492608,6033369162,22.62469424,22.93279647,5.61318842,19.641912,14.54738506,1.84702525,2.92205239,2018-09-10
600887,600887.SH,伊利股份,10004331,069001001001,016170,饮料乳品,1282,139622975205.76,138586489651.14,22.97,1.457597173145,6078492608,6033369162,22.95447114,23.26706426,5.69500609,19.92821196,14.75942734,1.87394743,2.96464415,2018-09-11
600887,600887.SH,伊利股份,10004331,069001001001,016170,饮料乳品,1282,136705298753.92,135690472453.38,22.49,-2.089682194166,6078492608,6033369162,22.47479565,22.78085656,5.57599857,19.51177566,14.45100221,1.83478789,2.90269251,2018-09-12
600887,600887.SH,伊利股份,10004331,069001001001,016170,饮料乳品,1282,139075910871.04,138043486426.56,22.88,1.734104046243,6078492608,6033369162,22.86453199,23.17590032,5.67269218,19.85013015,14.70159763,1.86660502,2.95302821,2018-09-13
600887,600887.SH,伊利股份,10004331,069001001001,016170,饮料乳品,1282,141203383283.84,140155165633.26,23.23,1.52972027972,6078492608,6033369162,23.21429537,23.53042676,5.7594685,20.15378162,14.92649095,1.89515885,2.99820129,2018-09-14
600887,600887.SH,伊利股份,10004331,069001001001,016170,饮料乳品,1282,141203383283.84,140155165633.26,23.23,0.0,6078492608,6033369162,23.21429537,23.53042676,5.7594685,20.15378162,14.92649095,1.89515885,2.99820129,2018-09-17
600887,600887.SH,伊利股份,10004331,069001001001,016170,饮料乳品,1282,143634780327.04,142568513298.06,23.63,1.721911321567,6078492608,6033369162,23.61402495,23.93559985,5.85864145,20.50081186,15.18351188,1.92779181,3.04982765,2018-09-18
600887,600887.SH,伊利股份,10004331,069001001001,016170,饮料乳品,1282,146066177370.24,144981860962.86,24.03,1.69276343631,6078492608,6033369162,24.01375453,24.34077293,5.95781439,20.84784211,15.44053282,1.96042476,3.10145402,2018-09-19
600887,600887.SH,伊利股份,10004331,069001001001,016170,饮料乳品,1282,147342660817.92,146248868486.88,24.24,0.873907615481,6078492608,6033369162,24.22361256,24.5534888,6.00988018,21.03003299,15.57546881,1.97755707,3.12855786,2018-09-20
600887,600887.SH,伊利股份,10004331,069001001001,016170,饮料乳品,1282,151476035791.36,150351559517.04,24.92,2.805280528053,6078492608,6033369162,24.90315285,25.24228304,6.17847418,21.61998441,16.01240441,2.03303309,3.21632269,2018-09-21
600887,600887.SH,伊利股份,10004331,069001001001,016170,饮料乳品,1282,149713272935.04,148601882460.06,24.63,-1.163723916533,6078492608,6033369162,24.6133489,24.94853255,6.1065738,21.36838748,15.82606423,2.0093742,3.17889357,2018-09-25
600887,600887.SH,伊利股份,10004331,069001001001,016170,饮料乳品,1282,153785862982.4,152644239798.6,25.3,2.720259845717,6078492608,6033369162,25.28289595,25.62719746,6.27268847,21.94966315,16.2565743,2.0640344,3.26536774,2018-09-26
600887,600887.SH,伊利股份,10004331,069001001001,016170,饮料乳品,1282,153056443869.44,151920235499.16,25.18,-0.474308300395,6078492608,6033369162,25.16297708,25.50564554,6.24293659,21.84555407,16.17946802,2.05424451,3.24987983,2018-09-27
600887,600887.SH,伊利股份,10004331,069001001001,016170,饮料乳品,1282,156095690173.44,154936920080.16,25.68,1.98570293884,6078492608,6033369162,25.66263905,26.01211189,6.36690276,22.27934188,16.50074419,2.0950357,3.31441279,2018-09-28
600887,600887.SH,伊利股份,10004331,069001001001,016170,饮料乳品,1282,147221090965.76,146128201103.64,24.22,-5.685358255452,6078492608,6033369162,24.20362608,24.53323014,5.57164515,21.01268148,15.56261777,1.97592542,3.12597654,2018-10-08
600887,600887.SH,伊利股份,10004331,069001001001,016170,饮料乳品,1282,151111326234.88,149989557367.32,24.86,2.642444260941,6078492608,6033369162,24.84319341,25.18150707,5.71887277,21.56792987,15.97385127,2.02813815,3.20857873,2018-10-09
600887,600887.SH,伊利股份,10004331,069001001001,016170,饮料乳品,1282,151658390569.6,150532560591.9,24.95,0.362027353178,6078492608,6033369162,24.93313257,25.27267102,5.73957666,21.64601168,16.03168098,2.03548056,3.22019467,2018-10-10
600887,600887.SH,伊利股份,10004331,069001001001,016170,饮料乳品,1282,147038736187.52,145947200028.78,24.19,-3.046092184369,6078492608,6033369162,24.17364636,24.50284216,5.56474386,20.98665421,15.5433412,1.97347795,3.12210457,2018-10-11
600887,600887.SH,伊利股份,10004331,069001001001,016170,饮料乳品,1282,153725078056.32,152583906106.98,25.29,4.547333608929,6078492608,6033369162,25.27290271,25.61706814,5.81779133,21.94098739,16.25014878,2.06321857,3.26407708,2018-10-12
600887,600887.SH,伊利股份,10004331,069001001001,016170,饮料乳品,1282,152813304165.12,151678900732.68,25.14,-0.593119810202,6078492608,6033369162,25.12300412,25.46512823,5.78328485,21.81085105,16.15376592,2.05098121,3.24471719,2018-10-15
600887,600887.SH,伊利股份,10004331,069001001001,016170,饮料乳品,1282,152023100126.08,150894562741.62,25.01,-0.517104216388,6078492608,6033369162,24.993092,25.33344698,5.75337924,21.69806622,16.07023412,2.0403755,3.22793862,2018-10-16
600887,600887.SH,伊利股份,10004331,069001001001,016170,饮料乳品,1282,147828940226.56,146731538019.84,24.32,-2.758896441423,6078492608,6033369162,24.30355848,24.63452341,5.59464947,21.09943904,15.626873,1.98408366,3.13888314,2018-10-17
600887,600887.SH,伊利股份,10004331,069001001001,016170,饮料乳品,1282,145640682887.68,144559525121.52,23.96,-1.480263157895,6078492608,6033369162,23.94380186,24.26986764,5.51183393,20.78711182,15.39555416,1.954714,3.09241941,2018-10-18
600887,600887.SH,伊利股份,10004331,069001001001,016170,饮料乳品,1282,152387809682.56,151256564891.34,25.07,4.632721202003,6078492608,6033369162,25.05305144,25.39422294,5.76718183,21.75012075,16.10878726,2.04527045,3.23568258,2018-10-19
600887,600887.SH,伊利股份,10004331,069001001001,016170,饮料乳品,1282,161019269185.92,159823949101.38,26.49,5.664140406861,6078492608,6033369162,26.47209145,26.83258738,6.09384311,22.98207813,17.02121159,2.16111744,3.41895618,2018-10-22
600887,600887.SH,伊利股份,10004331,069001001001,016170,饮料乳品,1282,155852550469.12,154695585313.68,25.64,-3.208758021895,6078492608,6033369162,25.62266609,25.97159458,5.89830643,22.24463886,16.4750421,2.09177241,3.30925015,2018-10-23
600887,600887.SH,伊利股份,10004331,069001001001,016170,饮料乳品,1282,144668124070.4,143594186055.6,23.8,-7.176287051482,6078492608,6033369162,23.78391002,24.10779841,5.47502703,20.64829972,15.29274578,1.94166082,3.07176886,2018-10-24
600887,600887.SH,伊利股份,10004331,069001001001,016170,饮料乳品,1282,142479866731.52,141422173157.28,23.44,-1.512605042017,6078492608,6033369162,23.4241534,23.74314263,5.39221149,20.3359725,15.06142694,1.91229116,3.02530513,2018-10-25
600887,600887.SH,伊利股份,10004331,069001001001,016170,饮料乳品,1282,138650416388.48,137621150585.22,22.81,-2.68771331058,6078492608,6033369162,22.79457931,23.10499503,5.24728431,19.78939986,14.65661896,1.86089425,2.9439936,2018-10-26
600887,600887.SH,伊利股份,10004331,069001001001,016170,饮料乳品,1282,127891484472.32,126942087168.48,21.04,-7.759754493643,6078492608,6033369162,21.02577592,21.31210414,4.84010793,18.25379101,13.51930131,1.71649343,2.71554692,2018-10-29
600887,600887.SH,伊利股份,10004331,069001001001,016170,饮料乳品,1282,129897387032.96,128933098991.94,21.37,1.568441064639,6078492608,6033369162,21.35555282,21.64637193,4.91602217,18.54009097,13.73134359,1.74341561,2.75813868,2018-10-30
600887,600887.SH,伊利股份,10004331,069001001001,016170,饮料乳品,1282,134213116784.64,133216791096.96,22.08,3.322414599906,6078492608,6033369162,21.96097763,22.36555415,5.07935281,19.15606966,16.63900186,1.74496913,2.84977548,2018-10-31
600887,600887.SH,伊利股份,10004331,069001001001,016170,饮料乳品,1282,135611170084.48,134604466004.22,22.31,1.041666666667,6078492608,6033369162,22.18973781,22.59852867,5.13226273,19.35561205,16.81232479,1.76314589,2.87946064,2018-11-01
600887,600887.SH,伊利股份,10004331,069001001001,016170,饮料乳品,1282,143513210474.88,142447845914.82,23.61,5.826983415509,6078492608,6033369162,23.48273015,23.91534119,5.43131883,20.48346035,17.79197617,1.86588411,3.04724633,2018-11-02
600887,600887.SH,伊利股份,10004331,069001001001,016170,饮料乳品,1282,141142598357.76,140094831941.64,23.22,-1.651842439644,6078492608,6033369162,23.09483245,23.52029744,5.341602,20.14510586,17.49808076,1.83506264,2.99691063,2018-11-05
600887,600887.SH,伊利股份,10004331,069001001001,016170,饮料乳品,1282,139197480723.2,138164153809.8,22.9,-1.378122308355,6078492608,6033369162,22.77655741,23.19615897,5.26798819,19.86748166,17.2569358,1.80977323,2.95560953,2018-11-06
600887,600887.SH,伊利股份,10004331,069001001001,016170,饮料乳品,1282,139258265649.28,138224487501.42,22.91,0.043668122271,6078492608,6033369162,22.78650351,23.2062883,5.27028862,19.87615742,17.26447158,1.81056353,2.95690019,2018-11-07
600887,600887.SH,伊利股份,10004331,069001001001,016170,饮料乳品,1282,139075910871.04,138043486426.56,22.88,-0.130947184636,6078492608,6033369162,22.75666522,23.17590032,5.26338733,19.85013015,17.24186424,1.80819265,2.95302821,2018-11-08
600887,600887.SH,伊利股份,10004331,069001001001,016170,饮料乳品,1282,139015125944.96,137983152734.94,22.87,-0.043706293706,6078492608,6033369162,22.74671913,23.16577099,5.2610869,19.84145439,17.23432846,1.80740235,2.95173755,2018-11-09
600887,600887.SH,伊利股份,10004331,069001001001,016170,饮料乳品,1282,141021028505.6,139974164558.4,23.2,1.44293834718,6078492608,6033369162,23.07494026,23.50003878,5.33700114,20.12775435,17.4830092,1.83348205,2.99432931,2018-11-12
600887,600887.SH,伊利股份,10004331,069001001001,016170,饮料乳品,1282,145093618552.96,144016521896.94,23.87,2.887931034483,6078492608,6033369162,23.74132862,24.17870369,5.49113005,20.70903001,17.98790645,1.88643175,3.08080347,2018-11-13
600887,600887.SH,伊利股份,10004331,069001001001,016170,饮料乳品,1282,143079123892.32,142025510073.48,23.54,-1.382488479263,6078127608,6033369162,23.41170158,23.8430041,5.41489064,20.42150372,17.73816051,1.86024034,3.03802928,2018-11-14
600887,600887.SH,伊利股份,10004331,069001001001,016170,饮料乳品,1282,143139905168.4,142085843765.1,23.55,0.042480883602,6078127608,6033369162,23.42164708,23.85313281,5.41719093,20.43017895,17.74569584,1.86103058,3.03931986,2018-11-15
600887,600887.SH,伊利股份,10004331,069001001001,016170,饮料乳品,1282,144355530690.0,143292517597.5,23.75,0.849256900212,6078127608,6033369162,23.62055703,24.05570719,5.4631968,20.60368366,17.89640238,1.87683552,3.0651315,2018-11-16
600887,600887.SH,伊利股份,10004331,069001001001,016170,饮料乳品,1282,145267249831.2,144197522971.8,23.9,0.631578947368,6078127608,6033369162,23.7697395,24.20763797,5.4977012,20.73381219,18.00943229,1.88868921,3.08449022,2018-11-19
600887,600887.SH,伊利股份,10004331,069001001001,016170,饮料乳品,1282,142957561340.16,141904842690.24,23.52,-1.589958158996,6078127608,6033369162,23.39181059,23.82274666,5.41029005,20.40415325,17.72308986,1.85865985,3.03544812,2018-11-20
600887,600887.SH,伊利股份,10004331,069001001001,016170,饮料乳品,1282,145875062592.0,144800859888.0,24.0,2.040816326531,6078127608,6033369162,23.86919448,24.30892516,5.52070413,20.82056454,18.08478557,1.89659168,3.09739604,2018-11-21
600887,600887.SH,伊利股份,10004331,069001001001,016170,饮料乳品,1282,145510374935.52,144438857738.28,23.94,-0.25,6078127608,6033369162,23.80952149,24.24815285,5.50690237,20.76851313,18.0395736,1.8918502,3.08965255,2018-11-22
600887,600887.SH,伊利股份,10004331,069001001001,016170,饮料乳品,1282,142532092407.6,141482506848.9,23.45,-2.046783625731,6078127608,6033369162,23.3221921,23.75184563,5.394188,20.3434266,17.67034256,1.85312812,3.02641405,2018-11-23
600887,600887.SH,伊利股份,10004331,069001001001,016170,饮料乳品,1282,141924279646.8,140879169932.7,23.35,-0.426439232409,6078127608,6033369162,23.22273713,23.65055844,5.37118506,20.25667425,17.59498929,1.84522565,3.01350823,2018-11-26
600887,600887.SH,伊利股份,10004331,069001001001,016170,饮料乳品,1282,141194904333.84,140155165633.26,23.23,-0.51391862955,6078127608,6033369162,23.10339115,23.52901381,5.34358154,20.15257143,17.50456536,1.8357427,2.99802125,2018-11-27
600887,600887.SH,伊利股份,10004331,069001001001,016170,饮料乳品,1282,142714436235.84,141663507923.76,23.48,1.076194575979,6078127608,6033369162,23.3520286,23.78223178,5.40108888,20.36945231,17.69294855,1.85549886,3.03028579,2018-11-28
600887,600887.SH,伊利股份,10004331,069001001001,016170,饮料乳品,1282,142532092407.6,141482506848.9,23.45,-0.127768313458,6078127608,6033369162,23.3221921,23.75184563,5.394188,20.3434266,17.67034256,1.85312812,3.02641405,2018-11-29
600887,600887.SH,伊利股份,10004331,069001001001,016170,饮料乳品,1282,144841780898.64,143775187130.46,23.83,1.620469083156,6078127608,6033369162,23.70012101,24.13673694,5.48159915,20.67308554,17.956685,1.88315749,3.07545615,2018-11-30
600887,600887.SH,伊利股份,10004331,069001001001,016170,饮料乳品,1282,147333813217.92,146248868486.88,24.24,1.720520352497,6078127608,6033369162,24.10788642,24.55201441,5.57591118,21.02877018,18.26563342,1.9155576,3.12837,2018-12-03
600887,600887.SH,伊利股份,10004331,069001001001,016170,饮料乳品,1282,147090688113.6,146007533720.4,24.2,-0.16501650165,6078127608,6033369162,24.06810443,24.51149954,5.56671,20.99406924,18.23549211,1.91239661,3.12320767,2018-12-04
600887,600887.SH,伊利股份,10004331,069001001001,016170,饮料乳品,1282,144659437070.4,143594186055.6,23.8,-1.652892561983,6078127608,6033369162,23.67028452,24.10635079,5.47469827,20.64705983,17.93407902,1.88078675,3.07158441,2018-12-05
600887,600887.SH,伊利股份,10004331,069001001001,016170,饮料乳品,1282,139796934984.0,138767490726.0,23.0,-3.361344537815,6078127608,6033369162,22.87464471,23.29605328,5.2906748,19.95304102,17.33125283,1.81756703,2.96833787,2018-12-06
600887,600887.SH,伊利股份,10004331,069001001001,016170,饮料乳品,1282,139918497536.16,138888158109.24,23.02,0.086956521739,6078127608,6033369162,22.8945357,23.31631072,5.29527538,19.97039149,17.34632349,1.81914752,2.97091903,2018-12-07
600887,600887.SH,伊利股份,10004331,069001001001,016170,饮料乳品,1282,137244121388.64,136233475677.96,22.58,-1.911381407472,6078127608,6033369162,22.4569338,22.87064709,5.19406247,19.58868114,17.01476909,1.78437667,2.91413344,2018-12-10
600887,600887.SH,伊利股份,10004331,069001001001,016170,饮料乳品,1282,138885215842.8,137862485351.7,22.85,1.195748449956,6078127608,6033369162,22.72546224,23.1441225,5.25617039,19.82291249,17.21822292,1.80571333,2.94897915,2018-12-11
600887,600887.SH,伊利股份,10004331,069001001001,016170,饮料乳品,1282,139796934984.0,138767490726.0,23.0,0.656455142232,6078127608,6033369162,22.87464471,23.29605328,5.2906748,19.95304102,17.33125283,1.81756703,2.96833787,2018-12-12
600887,600887.SH,伊利股份,10004331,069001001001,016170,饮料乳品,1282,142167404751.12,141120504699.18,23.39,1.695652173913,6078127608,6033369162,23.26251912,23.69107331,5.38038624,20.29137519,17.6251306,1.84838664,3.01867056,2018-12-13
600887,600887.SH,伊利股份,10004331,069001001001,016170,饮料乳品,1282,141559591990.32,140517167782.98,23.29,-0.427533133818,6078127608,6033369162,23.16306414,23.58978613,5.3573833,20.20462284,17.54977733,1.84048417,3.00576474,2018-12-14
600887,600887.SH,伊利股份,10004331,069001001001,016170,饮料乳品,1282,139493028603.6,138465822267.9,22.95,-1.459854014599,6078127608,6033369162,22.82491722,23.24540969,5.27917333,19.90966484,17.2935762,1.81361579,2.96188496,2018-12-17
600887,600887.SH,伊利股份,10004331,069001001001,016170,饮料乳品,1282,137244121388.64,136233475677.96,22.58,-1.61220043573,6078127608,6033369162,22.4569338,22.87064709,5.19406247,19.58868114,17.01476909,1.78437667,2.91413344,2018-12-18
600887,600887.SH,伊利股份,10004331,069001001001,016170,饮料乳品,1282,134326620136.8,133337458480.2,22.1,-2.125775022143,6078127608,6033369162,21.97954991,22.38446859,5.08364839,19.17226985,16.65307338,1.74644484,2.85218552,2018-12-19
600887,600887.SH,伊利股份,10004331,069001001001,016170,饮料乳品,1282,135724589486.64,134725133387.46,22.33,1.0407239819,6078127608,6033369162,22.20829636,22.61742912,5.13655514,19.37180026,16.8263859,1.76462051,2.8818689,2018-12-20
600887,600887.SH,伊利股份,10004331,069001001001,016170,饮料乳品,1282,134448182688.96,133458125863.44,22.12,-0.940438871473,6078127608,6033369162,21.99944091,22.40472602,5.08824898,19.18962032,16.66814403,1.74802533,2.85476668,2018-12-21
600887,600887.SH,伊利股份,10004331,069001001001,016170,饮料乳品,1282,134812870345.44,133820128013.16,22.18,0.271247739602,6078127608,6033369162,22.05911389,22.46549834,5.10205074,19.24167173,16.71335599,1.75276681,2.86251017,2018-12-24
600887,600887.SH,伊利股份,10004331,069001001001,016170,饮料乳品,1282,136332402247.44,135328470303.66,22.43,1.127141568981,6078127608,6033369162,22.30775134,22.71871631,5.15955807,19.45855261,16.90173918,1.77252297,2.89477472,2018-12-25
600887,600887.SH,伊利股份,10004331,069001001001,016170,饮料乳品,1282,136271620971.36,135268136612.04,22.42,-0.04458314757,6078127608,6033369162,22.29780584,22.70858759,5.15725778,19.44987737,16.89420385,1.77173273,2.89348413,2018-12-26
600887,600887.SH,伊利股份,10004331,069001001001,016170,饮料乳品,1282,134934432897.6,133940795396.4,22.2,-0.981266726137,6078127608,6033369162,22.07900489,22.48575577,5.10665132,19.2590222,16.72842665,1.7543473,2.86509134,2018-12-27
600887,600887.SH,伊利股份,10004331,069001001001,016170,饮料乳品,1282,139067559671.04,138043486426.56,22.88,3.063063063063,6078127608,6033369162,22.75529873,23.17450865,5.26307127,19.84893819,17.24082891,1.80808407,2.95285089,2018-12-28
600887,600887.SH,伊利股份,10004331,069001001001,016170,饮料乳品,1282,136636308627.84,135630138761.76,22.48,-1.748251748252,6078127608,6033369162,22.35747883,21.21764306,4.89462479,15.84231001,16.93941581,1.77647421,2.56878043,2019-01-02
600887,600887.SH,伊利股份,10004331,069001001001,016170,饮料乳品,1282,135542245658.4,134544132312.6,22.3,-0.800711743772,6078127608,6033369162,22.17845987,21.0477509,4.85543295,15.71545877,16.80377992,1.76224977,2.5482119,2019-01-03
600887,600887.SH,伊利股份,10004331,069001001001,016170,饮料乳品,1282,136879433732.16,135871473528.24,22.52,0.986547085202,6078127608,6033369162,22.39726082,21.25539687,4.90333408,15.87049917,16.96955712,1.77963519,2.57335121,2019-01-04
600887,600887.SH,伊利股份,10004331,069001001001,016170,饮料乳品,1282,138398965634.16,137379815818.74,22.77,1.110124333925,6078127608,6033369162,22.64589826,21.4913582,4.95776719,16.04668145,17.15794031,1.79939136,2.60191861,2019-01-07
600887,600887.SH,伊利股份,10004331,069001001001,016170,饮料乳品,1282,137365683940.8,136354143061.2,22.6,-0.74659639877,6078127608,6033369162,22.4768248,21.3309045,4.92075268,15.9268775,17.02983974,1.78595716,2.58249278,2019-01-08
600887,600887.SH,伊利股份,10004331,069001001001,016170,饮料乳品,1282,138581309462.4,137560816893.6,22.8,0.884955752212,6078127608,6033369162,22.67573475,21.51967356,4.96429916,16.06782332,17.18054629,1.80176209,2.6053467,2019-01-09
600887,600887.SH,伊利股份,10004331,069001001001,016170,饮料乳品,1282,140404747744.8,139370827642.2,23.1,1.315789473684,6078127608,6033369162,22.97409968,21.80282716,5.02961889,16.27924205,17.40660611,1.82546949,2.63962758,2019-01-10
600887,600887.SH,伊利股份,10004331,069001001001,016170,饮料乳品,1282,142896780064.08,141844508998.62,23.51,1.774891774892,6078127608,6033369162,23.38186509,22.18980375,5.11888918,16.56818098,17.71555453,1.8578696,2.68647811,2019-01-11
600887,600887.SH,伊利股份,10004331,069001001001,016170,饮料乳品,1282,140951779229.52,139913830866.78,23.19,-1.361122926414,6078127608,6033369162,23.06360916,21.88777324,5.04921481,16.34266767,17.47442405,1.83258171,2.64991184,2019-01-14
600887,600887.SH,伊利股份,10004331,069001001001,016170,饮料乳品,1282,146482875352.8,145404196804.2,24.1,3.924105217766,6078127608,6033369162,23.96864945,22.7466725,5.24735131,16.98397114,18.16013884,1.90449414,2.75389717,2019-01-15
600887,600887.SH,伊利股份,10004331,069001001001,016170,饮料乳品,1282,145875062592.0,144800859888.0,24.0,-0.414937759336,6078127608,6033369162,23.86919448,22.65228796,5.22557807,16.91349823,18.08478557,1.89659168,2.74247021,2019-01-16
600887,600887.SH,伊利股份,10004331,069001001001,016170,饮料乳品,1282,146300531524.56,145223195729.34,24.07,0.291666666667,6078127608,6033369162,23.93881296,22.71835714,5.24081933,16.96282927,18.13753286,1.9021234,2.75046908,2019-01-17
600887,600887.SH,伊利股份,10004331,069001001001,016170,饮料乳品,1282,148610220015.6,147515876010.9,24.45,1.578728707935,6078127608,6033369162,24.31674187,23.07701836,5.32355765,17.23062632,18.4238753,1.93215277,2.79389153,2019-01-18
600887,600887.SH,伊利股份,10004331,069001001001,016170,饮料乳品,1282,150616002126.24,149506887834.36,24.78,1.349693251534,6078127608,6033369162,24.6449433,23.38848732,5.39540935,17.46318693,18.6725411,1.95823091,2.83160049,2019-01-21
600887,600887.SH,伊利股份,10004331,069001001001,016170,饮料乳品,1282,148488657463.44,147552171377.66,24.43,-1.412429378531,6078127608,6039794162,24.29685088,23.05814146,5.31920301,17.21653174,18.40880464,1.93057228,2.79160613,2019-01-22
600887,600887.SH,伊利股份,10004331,069001001001,016170,饮料乳品,1282,147698500874.4,146766998136.6,24.3,-0.532132623823,6078127608,6039794162,24.16755941,22.93544156,5.29089779,17.12491696,18.31084539,1.92029907,2.77675109,2019-01-23
600887,600887.SH,伊利股份,10004331,069001001001,016170,饮料乳品,1282,147941625978.72,147008589903.08,24.34,0.164609053498,6078127608,6039794162,24.2073414,22.97319538,5.29960709,17.15310612,18.3409867,1.92346006,2.78132187,2019-01-24
600887,600887.SH,伊利股份,10004331,069001001001,016170,饮料乳品,1282,148488657463.44,147552171377.66,24.43,0.369761709121,6078127608,6039794162,24.29685088,23.05814146,5.31920301,17.21653174,18.40880464,1.93057228,2.79160613,2019-01-25
600887,600887.SH,伊利股份,10004331,069001001001,016170,饮料乳品,1282,147151469389.68,146223416662.02,24.21,-0.900532132624,6078127608,6039794162,24.07804993,22.85049548,5.27130187,17.06149134,18.24302744,1.91318686,2.76646682,2019-01-28
600887,600887.SH,伊利股份,10004331,069001001001,016170,饮料乳品,1282,147698500874.4,146766998136.6,24.3,0.371747211896,6078127608,6039794162,24.16755941,22.93544156,5.29089779,17.12491696,18.31084539,1.92029907,2.77675109,2019-01-29
600887,600887.SH,伊利股份,10004331,069001001001,016170,饮料乳品,1282,146482875352.8,145559039304.2,24.1,-0.82304526749,6078127608,6039794162,23.96864945,22.7466725,5.24735131,16.98397114,18.16013884,1.90449414,2.75389717,2019-01-30
600887,600887.SH,伊利股份,10004331,069001001001,016170,饮料乳品,1282,146969125561.44,146042222837.16,24.18,0.331950207469,6078127608,6039794162,24.04821343,22.82218012,5.2647699,17.04034947,18.22042146,1.91081612,2.76303874,2019-01-31
600887,600887.SH,伊利股份,10004331,069001001001,016170,饮料乳品,1282,149157251500.32,148216548735.48,24.54,1.488833746898,6078127608,6039794162,24.40625135,23.16196444,5.34315357,17.29405194,18.49169324,1.93926499,2.80417579,2019-02-01
600887,600887.SH,伊利股份,10004331,069001001001,016170,饮料乳品,1282,153533503378.08,152565200532.12,25.26,2.933985330073,6078127608,6039794162,25.12232719,23.84153308,5.49992091,17.80145689,19.03423681,1.99616274,2.8864499,2019-02-11
600887,600887.SH,伊利股份,10004331,069001001001,016170,饮料乳品,1282,153047253169.44,152082016999.16,25.18,-0.316706254949,6078127608,6039794162,25.0427632,23.76602545,5.48250232,17.74507856,18.97395419,1.98984077,2.87730833,2019-02-12
600887,600887.SH,伊利股份,10004331,069001001001,016170,饮料乳品,1282,154992254004.0,154014751131.0,25.5,1.270849880858,6078127608,6039794162,25.36101913,24.06805596,5.55217669,17.97059187,19.21508466,2.01512866,2.9138746,2019-02-13
600887,600887.SH,伊利股份,10004331,069001001001,016170,饮料乳品,1282,157909755255.84,156913852328.76,25.98,1.882352941176,6078127608,6039794162,25.83840302,24.52110172,5.65668826,18.30886184,19.57678038,2.05306049,2.968724,2019-02-14
600887,600887.SH,伊利股份,10004331,069001001001,016170,饮料乳品,1282,154506003795.36,153531567598.04,25.42,-2.155504234026,6078127608,6039794162,25.28145515,23.99254833,5.5347581,17.91421354,19.15480205,2.00880669,2.90473303,2019-02-15
600887,600887.SH,伊利股份,10004331,069001001001,016170,饮料乳品,1282,156937254838.56,155947485262.84,25.82,1.573564122738,6078127608,6039794162,25.67927506,24.37008647,5.62185107,18.19610518,19.45621514,2.04041655,2.95044087,2019-02-18
600887,600887.SH,伊利股份,10004331,069001001001,016170,饮料乳品,1282,154566785071.44,153591965539.66,25.43,-1.51045701007,6078127608,6039794162,25.29140065,24.00198679,5.53693542,17.92126084,19.16233737,2.00959693,2.90587573,2019-02-19
600887,600887.SH,伊利股份,10004331,069001001001,016170,饮料乳品,1282,155296160384.4,154316740839.1,25.55,0.471883602045,6078127608,6039794162,25.41074662,24.11524823,5.56306332,18.00582833,19.2527613,2.01907989,2.91958808,2019-02-20
600887,600887.SH,伊利股份,10004331,069001001001,016170,饮料乳品,1282,154992254004.0,154014751131.0,25.5,-0.195694716243,6078127608,6039794162,25.36101913,24.06805596,5.55217669,17.97059187,19.21508466,2.01512866,2.9138746,2019-02-21
600887,600887.SH,伊利股份,10004331,069001001001,016170,饮料乳品,1282,154992254004.0,154014751131.0,25.5,0.0,6078127608,6039794162,25.36101913,24.06805596,5.55217669,17.97059187,19.21508466,2.01512866,2.9138746,2019-02-22
600887,600887.SH,伊利股份,10004331,069001001001,016170,饮料乳品,1282,161131162888.08,160114943234.62,26.51,3.960784313725,6078127608,6039794162,26.3655144,25.02133975,5.77208644,18.68236826,19.97615272,2.09494356,3.02928689,2019-02-25
600887,600887.SH,伊利股份,10004331,069001001001,016170,饮料乳品,1282,159672412262.16,158665392635.74,26.27,-0.905318747642,6078127608,6039794162,26.12682245,24.79481687,5.71983066,18.51323327,19.79530487,2.07597764,3.00186218,2019-02-26
600887,600887.SH,伊利股份,10004331,069001001001,016170,饮料乳品,1282,161860538201.04,160839718534.06,26.63,1.370384468976,6078127608,6039794162,26.48486037,25.13460119,5.79821433,18.76693575,20.06657665,2.10442652,3.04299924,2019-02-27
600887,600887.SH,伊利股份,10004331,069001001001,016170,饮料乳品,1282,164352570520.32,163316034140.48,27.04,1.539616973338,6078127608,6039794162,25.52157777,25.52157777,5.88748462,19.05587468,19.05587468,2.06594342,3.08984977,2019-02-28
600887,600887.SH,伊利股份,10004331,069001001001,016170,饮料乳品,1282,169032728778.48,167966675645.22,27.81,2.847633136095,6078127608,6039794162,26.24833868,26.24833868,6.05513858,19.59851608,19.59851608,2.12477391,3.17783736,2019-03-01
600887,600887.SH,伊利股份,10004331,069001001001,016170,饮料乳品,1282,170005229195.76,168933042711.14,27.97,0.575332614168,6078127608,6039794162,26.39935393,26.39935393,6.08997577,19.71127273,19.71127273,2.13699843,3.19612049,2019-03-04
600887,600887.SH,伊利股份,10004331,069001001001,016170,饮料乳品,1282,168607259845.92,167543890053.88,27.74,-0.822309617447,6078127608,6039794162,26.1822695,26.1822695,6.03989731,19.54918504,19.54918504,2.11942569,3.16983848,2019-03-05
600887,600887.SH,伊利股份,10004331,069001001001,016170,饮料乳品,1282,166054446250.56,165007176505.84,27.32,-1.514059120404,6078127608,6039794162,25.78585446,25.78585446,5.9484497,19.25319882,19.25319882,2.08733633,3.12184526,2019-03-06
600887,600887.SH,伊利股份,10004331,069001001001,016170,饮料乳品,1282,161252725440.24,160235739117.86,26.53,-2.891654465593,6078127608,6039794162,25.04021665,25.04021665,5.77644109,18.69646284,18.69646284,2.02697777,3.03157228,2019-03-07
600887,600887.SH,伊利股份,10004331,069001001001,016170,饮料乳品,1282,160158662470.8,159148576168.7,26.35,-0.678477195628,6078127608,6039794162,24.87032449,24.87032449,5.73724925,18.5696116,18.5696116,2.01322519,3.01100375,2019-03-08
600887,600887.SH,伊利股份,10004331,069001001001,016170,饮料乳品,1282,162954601170.48,161926881483.22,26.81,1.745730550285,6078127608,6039794162,25.30449335,25.30449335,5.83740616,18.89378698,18.89378698,2.04837068,3.06356776,2019-03-11
600887,600887.SH,伊利股份,10004331,069001001001,016170,饮料乳品,1282,163440851379.12,162410065016.18,26.89,0.29839612085,6078127608,6039794162,25.38000097,25.38000097,5.85482476,18.95016531,18.95016531,2.05448294,3.07270933,2019-03-12
600887,600887.SH,伊利股份,10004331,069001001001,016170,饮料乳品,1282,160280225022.96,159269372051.94,26.37,-1.933804388248,6078127608,6039794162,24.8892014,24.8892014,5.7416039,18.58370618,18.58370618,2.01475326,3.01328914,2019-03-13
600887,600887.SH,伊利股份,10004331,069001001001,016170,饮料乳品,1282,159976318642.56,158967382343.84,26.32,-0.189609404626,6078127608,6039794162,24.84200913,24.84200913,5.73071728,18.54846973,18.54846973,2.0109331,3.00757566,2019-03-14
600887,600887.SH,伊利股份,10004331,069001001001,016170,饮料乳品,1282,161617413096.72,160598126767.58,26.59,1.025835866261,6078127608,6039794162,25.09684737,25.09684737,5.78950503,18.73874658,18.73874658,2.03156197,3.03842845,2019-03-15
600887,600887.SH,伊利股份,10004331,069001001001,016170,饮料乳品,1282,173591324484.48,172496521266.72,28.56,7.408800300865,6078127608,6039794162,26.95622268,26.95622268,6.2184379,20.1270629,20.1270629,2.18207634,3.26353955,2019-03-18
600887,600887.SH,伊利股份,10004331,069001001001,016170,饮料乳品,1282,170491479404.4,169416226244.1,28.05,-1.785714285714,6078127608,6039794162,26.47486156,26.47486156,6.10739436,19.76765106,19.76765106,2.14311069,3.20526206,2019-03-19
600887,600887.SH,伊利股份,10004331,069001001001,016170,饮料乳品,1282,169944447919.68,168872644769.52,27.96,-0.320855614973,6078127608,6039794162,26.38991548,26.38991548,6.08779845,19.70422544,19.70422544,2.1362344,3.19497779,2019-03-20
600887,600887.SH,伊利股份,10004331,069001001001,016170,饮料乳品,1282,167938665809.04,166879512696.06,27.63,-1.18025751073,6078127608,6039794162,26.07844652,26.07844652,6.01594675,19.47166484,19.47166484,2.11102133,3.15726883,2019-03-21
600887,600887.SH,伊利股份,10004331,069001001001,016170,饮料乳品,1282,169701322815.36,168631053003.04,27.92,1.04958378574,6078127608,6039794162,26.35216166,26.35216166,6.07908915,19.67603628,19.67603628,2.13317827,3.19040701,2019-03-22
600887,600887.SH,伊利股份,10004331,069001001001,016170,饮料乳品,1282,165142727109.36,164101207381.54,27.17,-2.686246418338,6078127608,6039794162,25.64427766,25.64427766,5.91578983,19.14748946,19.14748946,2.07587584,3.10470482,2019-03-25
600887,600887.SH,伊利股份,10004331,069001001001,016170,饮料乳品,1282,166236790078.8,165188370330.7,27.35,0.662495399338,6078127608,6039794162,25.81416982,25.81416982,5.95498167,19.27434069,19.27434069,2.08962843,3.12527334,2019-03-26
600887,600887.SH,伊利股份,10004331,069001001001,016170,饮料乳品,1282,171403198545.6,170322195368.4,28.2,3.107861060329,6078127608,6039794162,26.61643836,26.61643836,6.14005423,19.87336042,19.87336042,2.15457117,3.2224025,2019-03-27
600887,600887.SH,伊利股份,10004331,069001001001,016170,饮料乳品,1282,172011011306.4,170926174784.6,28.3,0.354609929078,6078127608,6039794162,26.71082289,26.71082289,6.16182747,19.94383333,19.94383333,2.1622115,3.23382946,2019-03-28
600887,600887.SH,伊利股份,10004331,069001001001,016170,饮料乳品,1282,176934294668.88,175818408055.82,29.11,2.862190812721,6078127608,6039794162,27.47533761,27.47533761,6.33819073,20.5146639,20.5146639,2.22409812,3.32638782,2019-03-29
600887,600887.SH,伊利股份,10004331,069001001001,016170,饮料乳品,1282,180945858890.16,179804672202.74,29.77,2.267262109241,6078127608,6039794162,28.09827553,28.09827553,6.87741694,20.9797851,20.9797851,2.27452425,3.40180576,2019-04-01
600887,600887.SH,伊利股份,10004331,069001001001,016170,饮料乳品,1282,178149920190.48,177026366888.22,29.31,-1.545179711119,6078127608,6039794162,27.66410667,27.66410667,6.77114849,20.65560972,20.65560972,2.23937876,3.34924174,2019-04-02
600887,600887.SH,伊利股份,10004331,069001001001,016170,饮料乳品,1282,178271482742.64,177147162771.46,29.33,0.068236096895,6078127608,6039794162,27.68298358,27.68298358,6.77576886,20.6697043,20.6697043,2.24090683,3.35152714,2019-04-03
600887,600887.SH,伊利股份,10004331,069001001001,016170,饮料乳品,1282,181006640166.24,179865070144.36,29.78,1.534265257416,6078127608,6039794162,28.10771398,28.10771398,6.87972713,20.98683239,20.98683239,2.27528828,3.40294845,2019-04-04
600887,600887.SH,伊利股份,10004331,069001001001,016170,饮料乳品,1282,173956012140.96,172858908916.44,28.62,-1.581843191197,6078127608,6039794162,27.0128534,27.0128534,6.61174582,20.16934664,20.16934664,2.18666053,3.27039572,2019-04-08
600887,600887.SH,伊利股份,10004331,069001001001,016170,饮料乳品,1282,188421955848.0,187233619022.0,31.0,8.315863032844,6078127608,6039794162,29.25920529,29.25920529,7.16156954,21.84660188,21.84660188,2.36850023,3.54235735,2019-04-09
600887,600887.SH,伊利股份,10004331,069001001001,016170,饮料乳品,1282,191400238375.92,190193118161.38,31.49,1.58064516129,6078127608,6039794162,29.7216895,29.7216895,7.27476854,22.19191914,22.19191914,2.40593781,3.59834945,2019-04-10
600887,600887.SH,伊利股份,10004331,069001001001,016170,饮料乳品,1282,184288829074.56,183126558991.84,30.32,-3.715465227056,6078127608,6039794162,28.61739046,28.61739046,7.00447705,21.3673861,21.3673861,2.31654603,3.46465403,2019-04-11
600887,600887.SH,伊利股份,10004331,069001001001,016170,饮料乳品,1282,182343828240.0,181193824860.0,30.0,-1.055408970976,6078127608,6039794162,28.31535995,28.31535995,6.93055117,21.14187279,21.14187279,2.29209699,3.42808776,2019-04-12
600887,600887.SH,伊利股份,10004331,069001001001,016170,饮料乳品,1282,182343828240.0,181193824860.0,30.0,0.0,6078127608,6039794162,28.31535995,28.31535995,6.93055117,21.14187279,21.14187279,2.29209699,3.42808776,2019-04-15
600887,600887.SH,伊利股份,10004331,069001001001,016170,饮料乳品,1282,187631799258.96,186448445780.94,30.87,2.9,6078127608,6039794162,29.13650539,29.13650539,7.13153715,21.7549871,21.7549871,2.35856781,3.52750231,2019-04-16
600887,600887.SH,伊利股份,10004331,069001001001,016170,饮料乳品,1282,187084767774.24,185904864306.36,30.78,-0.291545189504,6078127608,6039794162,29.05155931,29.05155931,7.1107455,21.69156148,21.69156148,2.35169152,3.51721804,2019-04-17
600887,600887.SH,伊利股份,10004331,069001001001,016170,饮料乳品,1282,187449455430.72,186267251956.08,30.84,0.194931773879,6078127608,6039794162,29.10819003,29.10819003,7.1246066,21.73384523,21.73384523,2.35627571,3.52407422,2019-04-18
600887,600887.SH,伊利股份,10004331,069001001001,016170,饮料乳品,1282,189272893713.12,188079190204.68,31.14,0.972762645914,6078127608,6039794162,29.39134363,29.39134363,7.19391211,21.94526396,21.94526396,2.37919668,3.5583551,2019-04-19
600887,600887.SH,伊利股份,10004331,069001001001,016170,饮料乳品,1282,188300393295.84,187112823138.76,30.98,-0.513808606294,6078127608,6039794162,29.24032838,29.24032838,7.15694917,21.8325073,21.8325073,2.36697216,3.54007196,2019-04-22
600887,600887.SH,伊利股份,10004331,069001001001,016170,饮料乳品,1282,185261329491.84,184092926057.76,30.48,-1.61394448031,6078127608,6039794162,28.76840571,28.76840571,7.04143999,21.48014276,21.48014276,2.32877055,3.48293717,2019-04-23
600887,600887.SH,伊利股份,10004331,069001001001,016170,饮料乳品,1282,186841642669.92,185663272539.88,30.74,0.853018372703,6078127608,6039794162,29.0138055,29.0138055,7.10150476,21.66337232,21.66337232,2.34863539,3.51264726,2019-04-24
600887,600887.SH,伊利股份,10004331,069001001001,016170,饮料乳品,1282,185078985663.6,183911732232.9,30.45,-0.943396226415,6078127608,6039794162,28.74009035,28.74009035,7.03450944,21.45900088,21.45900088,2.32647845,3.47950908,2019-04-25
600887,600887.SH,伊利股份,10004331,069001001001,016170,饮料乳品,1282,182343828240.0,181193824860.0,30.0,-1.477832512315,6078127608,6039794162,27.5640306,28.31535995,6.93055117,21.14187279,21.95671836,2.19875908,3.42808776,2019-04-26
600887,600887.SH,伊利股份,10004331,069001001001,016170,饮料乳品,1282,186902423946.0,185723670481.5,30.75,2.5,6078127608,6039794162,28.25313137,29.02324395,7.10381495,21.67041961,22.50563632,2.25372805,3.51378996,2019-04-29
600887,600887.SH,伊利股份,10004331,069001001001,016170,饮料乳品,1282,188421955848.0,187233619022.0,31.0,0.813008130081,6078127608,6039794162,28.48283162,29.25920529,7.16156954,21.84660188,22.68860898,2.27205105,3.54235735,2019-04-30
600887,600887.SH,伊利股份,10004331,069001001001,016170,饮料乳品,1282,182343828240.0,181193824860.0,30.0,-3.225806451613,6078127608,6039794162,27.5640306,28.31535995,6.93055117,21.14187279,21.95671836,2.19875908,3.42808776,2019-05-06
600887,600887.SH,伊利股份,10004331,069001001001,016170,饮料乳品,1282,186252851736.9,185081764961.6,30.55,1.833333333333,6096656358,6058322912,28.15493869,28.92237478,7.07912591,21.5951049,22.42741885,2.24589531,3.50157791,2019-05-07
600887,600887.SH,伊利股份,10004331,069001001001,016170,饮料乳品,1282,183753222630.12,182597852567.68,30.14,-1.342062193126,6096656358,6058322912,27.77708191,28.53421852,6.98411964,21.30528516,22.12642894,2.215754,3.45458456,2019-05-08
600887,600887.SH,伊利股份,10004331,069001001001,016170,饮料乳品,1282,177900432526.44,176781862572.16,29.18,-3.185136031851,6096656358,6058322912,26.89234406,27.62536485,6.76166593,20.62668285,21.42167208,2.14517922,3.34455134,2019-05-09
600887,600887.SH,伊利股份,10004331,069001001001,016170,饮料乳品,1282,184484821393.08,183324851317.12,30.26,3.701165181631,6096656358,6058322912,27.88767414,28.64782523,7.01192635,21.39011045,22.21452354,2.22457584,3.46833871,2019-05-10
600887,600887.SH,伊利股份,10004331,069001001001,016170,饮料乳品,1282,185338353283.2,184173016524.8,30.4,0.462656972902,6096656358,6058322912,28.01669841,28.78036639,7.04436752,21.48907329,22.31730059,2.234868,3.48438522,2019-05-13
600887,600887.SH,伊利股份,10004331,069001001001,016170,饮料乳品,1282,183021623867.16,181870853818.24,30.02,-1.25,6096656358,6058322912,27.66648968,28.42061181,6.95631293,21.22045987,22.03833433,2.20693215,3.44083041,2019-05-14
600887,600887.SH,伊利股份,10004331,069001001001,016170,饮料乳品,1282,189179246788.74,187989759959.36,31.03,3.364423717522,6096656358,6058322912,28.59730762,29.37680162,7.19035277,21.93440606,22.77979728,2.2811827,3.55659452,2019-05-15
600887,600887.SH,伊利股份,10004331,069001001001,016170,饮料乳品,1282,191435009641.2,190231339436.8,31.4,1.192394456977,6096656358,6058322912,28.93830033,29.72708897,7.27609014,22.1959507,23.05142232,2.30838339,3.59900316,2019-05-16
600887,600887.SH,伊利股份,10004331,069001001001,016170,饮料乳品,1282,185399319846.78,184233599753.92,30.41,-3.152866242038,6096656358,6058322912,28.02591442,28.78983362,7.04668475,21.49614206,22.3246418,2.23560315,3.4855314,2019-05-17
600887,600887.SH,伊利股份,10004331,069001001001,016170,饮料乳品,1282,183387423248.64,182234353192.96,30.08,-1.085169352187,6096656358,6058322912,27.72178579,28.47741517,6.97021628,21.26287251,22.08238163,2.21134307,3.44770748,2019-05-20
600887,600887.SH,伊利股份,10004331,069001001001,016170,饮料乳品,1282,184423854829.5,183264268088.0,30.25,0.565159574468,6096656358,6058322912,27.87845812,28.63835801,7.00960913,21.38304167,22.20718233,2.22384069,3.46719253,2019-05-21
600887,600887.SH,伊利股份,10004331,069001001001,016170,饮料乳品,1282,184728687647.4,183567184233.6,30.3,0.165289256198,6096656358,6058322912,27.92453821,28.68569414,7.02119526,21.41838555,22.24388841,2.22751646,3.47292343,2019-05-22
600887,600887.SH,伊利股份,10004331,069001001001,016170,饮料乳品,1282,182350991667.78,181204438297.92,29.91,-1.287128712871,6096656358,6058322912,27.56511346,28.31647233,6.93082344,21.14270336,21.95758094,2.19884546,3.42822244,2019-05-23
600887,600887.SH,伊利股份,10004331,069001001001,016170,饮料乳品,1282,182290025104.2,181143855068.8,29.9,-0.033433634236,6096656358,6058322912,27.55589745,28.3070051,6.92850621,21.13563458,21.95023972,2.1981103,3.42707626,2019-05-24
600887,600887.SH,伊利股份,10004331,069001001001,016170,饮料乳品,1282,182960657303.58,181810270589.12,30.01,0.367892976589,6096656358,6058322912,27.65727366,28.41114459,6.9539957,21.2133911,22.03099311,2.206197,3.43968423,2019-05-27
600887,600887.SH,伊利股份,10004331,069001001001,016170,饮料乳品,1282,185033520465.3,183870100379.2,30.35,1.13295568144,6096656358,6058322912,27.97061831,28.73303026,7.03278139,21.45372942,22.2805945,2.23119223,3.47865433,2019-05-28
600887,600887.SH,伊利股份,10004331,069001001001,016170,饮料乳品,1282,182411958231.36,181265021527.04,29.92,-1.416803953871,6096656358,6058322912,27.57432948,28.32593956,6.93314066,21.14977213,21.96492216,2.19958061,3.42936861,2019-05-29
600887,600887.SH,伊利股份,10004331,069001001001,016170,饮料乳品,1282,183265490121.48,182113186734.72,30.06,0.467914438503,6096656358,6058322912,27.70335375,28.45848072,6.96558183,21.24873497,22.0676992,2.20987277,3.44541513,2019-05-30
600887,600887.SH,伊利股份,10004331,069001001001,016170,饮料乳品,1282,182960657303.58,181810270589.12,30.01,-0.166333998669,6096656358,6058322912,27.65727366,28.41114459,6.9539957,21.2133911,22.03099311,2.206197,3.43968423,2019-05-31
600887,600887.SH,伊利股份,10004331,069001001001,016170,饮料乳品,1282,186496717991.22,185324097878.08,30.59,1.932689103632,6096656358,6058322912,28.19180277,28.96024368,7.08839482,21.62337999,22.45678372,2.24883593,3.50616263,2019-06-03
600887,600887.SH,伊利股份,10004331,069001001001,016170,饮料乳品,1282,184667721083.82,183506601004.48,30.29,-0.980712651193,6096656358,6058322912,27.91532219,28.67622691,7.01887803,21.41131677,22.2365472,2.22678131,3.47177725,2019-06-04
600887,600887.SH,伊利股份,10004331,069001001001,016170,饮料乳品,1282,183631289502.96,182476686109.44,30.12,-0.561241333774,6096656358,6058322912,27.75864987,28.51528407,6.97948519,21.29114761,22.1117465,2.21428369,3.4522922,2019-06-05
600887,600887.SH,伊利股份,10004331,069001001001,016170,饮料乳品,1282,182913753240.0,181763749860.0,30.0,-0.398406374502,6097125108,6058791662,27.6501834,28.40386107,6.95221296,21.2079528,22.02534521,2.20563141,3.43880243,2019-06-06
600887,600887.SH,伊利股份,10004331,069001001001,016170,饮料乳品,1282,187059798313.44,185883728190.16,30.68,2.266666666667,6097125108,6058791662,28.27692089,29.04768192,7.10979646,21.6886664,22.52458637,2.25562572,3.51674861,2019-06-10
600887,600887.SH,伊利股份,10004331,069001001001,016170,饮料乳品,1282,197729767252.44,196486613598.66,32.43,5.704041720991,6097125108,6058791662,29.88984825,30.70457381,7.51534221,22.92579698,23.80939818,2.38428756,3.71734542,2019-06-11
600887,600887.SH,伊利股份,10004331,069001001001,016170,饮料乳品,1282,193583722179.0,192366635268.5,31.75,-2.096823928461,6097125108,6058791662,29.26311076,30.06075296,7.35775872,22.44508338,23.31015702,2.33429324,3.63939923,2019-06-12
600887,600887.SH,伊利股份,10004331,069001001001,016170,饮料乳品,1282,192425268408.48,191215464852.72,31.56,-0.59842519685,6097125108,6058791662,29.08799293,29.88086184,7.31372804,22.31076635,23.17066317,2.32032425,3.61762015,2019-06-13
600887,600887.SH,伊利股份,10004331,069001001001,016170,饮料乳品,1282,193766635932.24,192548399018.36,31.78,0.697084917617,6097125108,6058791662,29.29076095,30.08915682,7.36471093,22.46629133,23.33218236,2.33649888,3.64283804,2019-06-14
600887,600887.SH,伊利股份,10004331,069001001001,016170,饮料乳品,1282,192120412153.08,190912525269.62,31.51,-0.849590937697,6097125108,6058791662,29.04190929,29.83352207,7.30214102,22.27541976,23.13395426,2.31664819,3.61188882,2019-06-17
600887,600887.SH,伊利股份,10004331,069001001001,016170,饮料乳品,1282,192181383404.16,190973113186.24,31.52,0.031735956839,6097125108,6058791662,29.05112602,29.84299003,7.30445842,22.28248908,23.14129604,2.3173834,3.61303508,2019-06-18
600887,600887.SH,伊利股份,10004331,069001001001,016170,饮料乳品,1282,193583722179.0,192366635268.5,31.75,0.729695431472,6097125108,6058791662,29.26311076,30.06075296,7.35775872,22.44508338,23.31015702,2.33429324,3.63939923,2019-06-19
600887,600887.SH,伊利股份,10004331,069001001001,016170,饮料乳品,1282,198888221022.96,197637784014.44,32.62,2.740157480315,6097125108,6058791662,30.06496608,30.88446493,7.55937289,23.06011401,23.94889203,2.39825656,3.7391245,2019-06-20
600887,600887.SH,伊利股份,10004331,069001001001,016170,饮料乳品,1282,197059083490.56,195820146515.84,32.32,-0.919681177192,6097125108,6058791662,29.78846425,30.60042632,7.48985077,22.84803448,23.72863858,2.37620024,3.70473648,2019-06-21
600887,600887.SH,伊利股份,10004331,069001001001,016170,饮料乳品,1282,197120054741.64,195880734432.46,32.33,0.030940594059,6097125108,6058791662,29.79768097,30.60989427,7.49216817,22.8551038,23.73598036,2.37693545,3.70588275,2019-06-24
600887,600887.SH,伊利股份,10004331,069001001001,016170,饮料乳品,1282,197790738503.52,196547201515.28,32.44,0.340241261986,6097125108,6058791662,29.89906498,30.71404177,7.51765962,22.93286629,23.81673996,2.38502277,3.71849169,2019-06-25
600887,600887.SH,伊利股份,10004331,069001001001,016170,饮料乳品,1282,200168617295.64,198910130263.46,32.83,1.202219482121,6097125108,6058791662,30.25851736,31.08329196,7.60803839,23.20856968,24.10306945,2.41369598,3.76319612,2019-06-26
600887,600887.SH,伊利股份,10004331,069001001001,016170,饮料乳品,1282,201875812325.88,200606591928.82,33.11,0.852878464819,6097125108,6058791662,30.51658574,31.34839466,7.67292571,23.40651057,24.30863934,2.43428187,3.79529161,2019-06-27
600887,600887.SH,伊利股份,10004331,069001001001,016170,饮料乳品,1282,203704949858.28,202424229427.42,33.41,0.906070673513,6097125108,6058791662,30.79308758,31.63243327,7.74244784,23.6185901,24.52889279,2.45633818,3.82967964,2019-06-28
600887,600887.SH,伊利股份,10004331,069001001001,016170,饮料乳品,1282,208887506200.08,207574202340.12,34.26,2.544148458545,6097125108,6058791662,31.57650944,32.43720934,8.21950272,24.2194821,25.15294424,2.51883107,3.92711237,2019-07-01
600887,600887.SH,伊利股份,10004331,069001001001,016170,饮料乳品,1282,210167902472.76,208846548589.14,34.47,0.61295971979,6097125108,6058791662,31.77006072,32.63603636,8.26988497,24.36793777,25.30712165,2.53427049,3.95118399,2019-07-02
600887,600887.SH,伊利股份,10004331,069001001001,016170,饮料乳品,1282,204558547373.4,203272460260.1,33.55,-2.668987525384,6097125108,6058791662,30.92212177,31.76498462,8.04916277,23.71756055,24.63167773,2.46663113,3.84572738,2019-07-03
600887,600887.SH,伊利股份,10004331,069001001001,016170,饮料乳品,1282,203704949858.28,202424229427.42,33.41,-0.417287630402,6097125108,6058791662,30.79308758,31.63243327,8.01557461,23.6185901,24.52889279,2.45633818,3.82967964,2019-07-04
600887,600887.SH,伊利股份,10004331,069001001001,016170,饮料乳品,1282,204070777364.76,202787756927.14,33.47,0.179586950015,6097125108,6058791662,30.84838794,31.689241,8.02996953,23.66100601,24.57294348,2.46074945,3.83655724,2019-07-05
600887,600887.SH,伊利股份,10004331,069001001001,016170,饮料乳品,1282,201083186061.84,199818949012.76,32.98,-1.4639976098,6097125108,6058791662,30.39676828,31.22531126,7.91241097,23.31460944,24.21319617,2.42472413,3.78039013,2019-07-08
600887,600887.SH,伊利股份,10004331,069001001001,016170,饮料乳品,1282,202851352343.16,201575998594.74,33.27,0.879320800485,6097125108,6058791662,30.66405339,31.49988192,7.98198645,23.51961966,24.42610784,2.44604524,3.81363189,2019-07-09
600887,600887.SH,伊利股份,10004331,069001001001,016170,饮料乳品,1282,202180668581.28,200909531511.92,33.16,-0.330628193568,6097125108,6058791662,30.56266938,31.39573443,7.95559575,23.44185716,24.34534824,2.43795792,3.80102295,2019-07-10
600887,600887.SH,伊利股份,10004331,069001001001,016170,饮料乳品,1282,206570598659.04,205271861508.56,33.88,2.171290711701,6097125108,6058791662,31.22627378,32.0774271,8.12833486,23.95084803,24.87395653,2.49089307,3.88355421,2019-07-11
600887,600887.SH,伊利股份,10004331,069001001001,016170,饮料乳品,1282,206265742403.64,204968921925.46,33.83,-0.147579693034,6097125108,6058791662,31.18019014,32.03008733,8.11633909,23.91550144,24.83724762,2.48721702,3.87782287,2019-07-12
600887,600887.SH,伊利股份,10004331,069001001001,016170,饮料乳品,1282,205595058641.76,204302454842.64,33.72,-0.325155187703,6097125108,6058791662,31.07880614,31.92593984,8.08994839,23.83773895,24.75648802,2.47912971,3.86521393,2019-07-15
600887,600887.SH,伊利股份,10004331,069001001001,016170,饮料乳品,1282,199315019780.52,198061899430.78,32.69,-3.054567022539,6097125108,6058791662,30.12948317,30.95074061,7.84283549,23.10959923,24.0002845,2.40340303,3.74714838,2019-07-16
600887,600887.SH,伊利股份,10004331,069001001001,016170,饮料乳品,1282,198034623507.84,196789553181.76,32.48,-0.642398286938,6097125108,6058791662,29.93593189,30.75191358,7.79245325,22.96114356,23.84610709,2.38796361,3.72307676,2019-07-17
600887,600887.SH,伊利股份,10004331,069001001001,016170,饮料乳品,1282,195778687217.88,194547800266.82,32.11,-1.139162561576,6097125108,6058791662,29.59491296,30.40159929,7.70368454,22.69957881,23.57446116,2.36076082,3.68066486,2019-07-18
600887,600887.SH,伊利股份,10004331,069001001001,016170,饮料乳品,1282,196632284733.0,195396031099.5,32.25,0.436001245718,6097125108,6058791662,29.72394715,30.53415065,7.7372727,22.79854926,23.67724611,2.37105377,3.69671261,2019-07-19
600887,600887.SH,伊利股份,10004331,069001001001,016170,饮料乳品,1282,196693255984.08,195456619016.12,32.26,0.031007751938,6097125108,6058791662,29.73316388,30.5436186,7.73967186,22.80561858,23.68458789,2.37178898,3.69785888,2019-07-22
600887,600887.SH,伊利股份,10004331,069001001001,016170,饮料乳品,1282,195717715966.8,194487212350.2,32.1,-0.495970241785,6097125108,6058791662,29.58569623,30.39213134,7.70128539,22.6925095,23.56711938,2.36002561,3.6795186,2019-07-23
600887,600887.SH,伊利股份,10004331,069001001001,016170,饮料乳品,1282,197668796001.36,196426025682.04,32.42,0.996884735202,6097125108,6058791662,29.88063152,30.69510586,7.77805833,22.91872766,23.8020564,2.38355235,3.71619916,2019-07-24
600887,600887.SH,伊利股份,10004331,069001001001,016170,饮料乳品,1282,197546853499.2,196304849848.8,32.4,-0.061690314621,6097125108,6058791662,29.86219807,30.67616995,7.77326002,22.90458902,23.78737283,2.38208193,3.71390662,2019-07-25
600887,600887.SH,伊利股份,10004331,069001001001,016170,饮料乳品,1282,197181025992.72,195941322349.08,32.34,-0.185185185185,6097125108,6058791662,29.8068977,30.61936223,7.75886509,22.86217312,23.74332214,2.37767066,3.70702902,2019-07-26
600887,600887.SH,伊利股份,10004331,069001001001,016170,饮料乳品,1282,196571313481.92,195335443182.88,32.24,-0.309214594929,6097125108,6058791662,29.71473042,30.52468269,7.73487355,22.79147994,23.66990432,2.37031856,3.69556634,2019-07-29
600887,600887.SH,伊利股份,10004331,069001001001,016170,饮料乳品,1282,194803147200.6,193578393600.9,31.95,-0.899503722084,6097125108,6058791662,29.44744532,30.25011203,7.66529807,22.58646973,23.45699265,2.34899745,3.66232458,2019-07-30
600887,600887.SH,伊利股份,10004331,069001001001,016170,饮料乳品,1282,190230303369.6,189034299854.4,31.2,-2.347417840376,6097125108,6058791662,28.75619073,29.54001551,7.4853615,22.05627091,22.90635902,2.29385667,3.57635452,2019-07-31
600887,600887.SH,伊利股份,10004331,069001001001,016170,饮料乳品,1282,190961958382.56,189761354853.84,31.32,0.384615384615,6097125108,6058791662,28.86679147,29.65363095,7.51415135,22.14110272,22.9944604,2.30267919,3.59010973,2019-08-01
600887,600887.SH,伊利股份,10004331,069001001001,016170,饮料乳品,1282,189864475863.12,188670772354.68,31.14,-0.574712643678,6097125108,6058791662,28.70089037,29.48320779,7.47096657,22.01385501,22.86230833,2.28944541,3.56947692,2019-08-02
600887,600887.SH,伊利股份,10004331,069001001001,016170,饮料乳品,1282,187852424577.48,186671371106.22,30.81,-1.059730250482,6097125108,6058791662,28.39673835,29.17076531,7.39179448,21.78056753,22.62002954,2.26518346,3.53165009,2019-08-05
600887,600887.SH,伊利股份,10004331,069001001001,016170,饮料乳品,1282,171329215534.8,170252045702.2,28.1,-8.795845504706,6097125108,6058791662,25.89900512,26.60494986,6.74162366,19.86478246,20.63040668,2.06594142,3.22101161,2019-08-06
600887,600887.SH,伊利股份,10004331,069001001001,016170,饮料乳品,1282,171695043041.28,170615573201.92,28.16,0.213523131673,6097125108,6058791662,25.95430548,26.66175759,6.75601858,19.90719836,20.67445737,2.07035269,3.22788921,2019-08-07
600887,600887.SH,伊利股份,10004331,069001001001,016170,饮料乳品,1282,171085330530.48,170009694035.72,28.06,-0.355113636364,6097125108,6058791662,25.8621382,26.56707805,6.73202704,19.83650519,20.60103956,2.06300058,3.21642654,2019-08-08
600887,600887.SH,伊利股份,10004331,069001001001,016170,饮料乳品,1282,167061227959.2,166010891538.8,27.4,-2.352102637206,6097125108,6058791662,25.25383417,25.94219311,6.57368286,19.36993022,20.11648196,2.01447669,3.14077288,2019-08-09
600887,600887.SH,伊利股份,10004331,069001001001,016170,饮料乳品,1282,171573100539.12,170494397368.68,28.14,2.700729927007,6097125108,6058791662,25.93587203,26.64282168,6.75122028,19.89305973,20.65977381,2.06888226,3.22559668,2019-08-12
600887,600887.SH,伊利股份,10004331,069001001001,016170,饮料乳品,1282,171999899296.68,170918512785.02,28.21,0.248756218905,6097125108,6058791662,26.00038912,26.70909735,6.76801436,19.94254495,20.71116628,2.07402874,3.23362055,2019-08-13
600887,600887.SH,伊利股份,10004331,069001001001,016170,饮料乳品,1282,172121841798.84,171039688618.26,28.23,0.07089684509,6097125108,6058791662,26.01882258,26.72803326,6.77281267,19.95668358,20.72584985,2.07549916,3.23591308,2019-08-14
600887,600887.SH,伊利股份,10004331,069001001001,016170,饮料乳品,1282,171573100539.12,170494397368.68,28.14,-0.318809776833,6097125108,6058791662,25.93587203,26.64282168,6.75122028,19.89305973,20.65977381,2.06888226,3.22559668,2019-08-15
600887,600887.SH,伊利股份,10004331,069001001001,016170,饮料乳品,1282,174987490599.6,173887320699.4,28.7,1.990049751244,6097125108,6058791662,26.45200878,27.17302709,6.88557292,20.28894151,21.07091359,2.11005405,3.28978765,2019-08-16
600887,600887.SH,伊利股份,10004331,069001001001,016170,饮料乳品,1282,178036053153.6,176916716530.4,29.2,1.742160278746,6097125108,6058791662,26.91284517,27.64642477,7.00553063,20.64240739,21.43800268,2.14681457,3.34710103,2019-08-19
600887,600887.SH,伊利股份,10004331,069001001001,016170,饮料乳品,1282,176633714378.76,175523194448.14,28.97,-0.787671232877,6097125108,6058791662,26.70086043,27.42866184,6.95035009,20.47981309,21.2691417,2.12990473,3.32073688,2019-08-20
600887,600887.SH,伊利股份,10004331,069001001001,016170,饮料乳品,1282,171816985543.44,170736749035.16,28.18,-2.726958923024,6097125108,6058791662,25.97273894,26.68069349,6.76081689,19.921337,20.68914094,2.07182311,3.23018175,2019-08-21
600887,600887.SH,伊利股份,10004331,069001001001,016170,饮料乳品,1282,172487669305.32,171403216117.98,28.29,0.390347764372,6097125108,6058791662,26.07412294,26.78484098,6.78720759,19.99909949,20.76990054,2.07991042,3.24279069,2019-08-22
600887,600887.SH,伊利股份,10004331,069001001001,016170,饮料乳品,1282,174377778088.8,173281441533.2,28.6,1.095793566631,6097125108,6058791662,26.35984151,27.07834755,6.86158138,20.21824834,20.99749577,2.10270195,3.27832498,2019-08-23
600887,600887.SH,伊利股份,10004331,069001001001,016170,饮料乳品,1282,171756014292.36,170676161118.54,28.17,-1.503496503497,6097125108,6058791662,25.96352221,26.67122554,6.75841774,19.91426768,20.68179916,2.0710879,3.22903548,2019-08-26
600887,600887.SH,伊利股份,10004331,069001001001,016170,饮料乳品,1282,174682634344.2,173584381116.3,28.65,1.703940362087,6097125108,6058791662,26.40592514,27.12568732,6.87357715,20.25359492,21.03420468,2.106378,3.28405632,2019-08-27
600887,600887.SH,伊利股份,10004331,069001001001,016170,饮料乳品,1282,179743248183.84,178613178195.76,29.48,2.897033158813,6097125108,6058791662,27.17091355,27.91152747,7.07270696,20.84034828,21.64357256,2.16740047,3.37919652,2019-08-28
600887,600887.SH,伊利股份,10004331,069001001001,016170,饮料乳品,1282,177426340642.8,176310837364.2,29.1,-1.289009497965,6097125108,6058791662,26.8206779,27.55174523,6.98153909,20.57171422,21.36458486,2.13946247,3.33563835,2019-08-29
600887,600887.SH,伊利股份,10004331,069001001001,016170,饮料乳品,1282,174682634344.2,173584381116.3,28.65,-1.546391752577,6097125108,6058791662,25.78550712,27.12568732,6.87357715,20.25359492,24.57822804,2.06282553,3.28405632,2019-08-30
600887,600887.SH,伊利股份,10004331,069001001001,016170,饮料乳品,1282,174255835586.64,173160265699.96,28.58,-0.244328097731,6097125108,6058791662,25.72250588,27.05941164,6.85678307,20.2041097,24.51817652,2.05778546,3.27603244,2019-09-02
600887,600887.SH,伊利股份,10004331,069001001001,016170,饮料乳品,1282,173219324318.28,172130271117.42,28.41,-0.594821553534,6097125108,6058791662,25.56950287,26.89845643,6.81599744,20.0839313,24.37233712,2.04554531,3.2565459,2019-09-03
600887,600887.SH,伊利股份,10004331,069001001001,016170,饮料乳品,1282,173950979331.24,172857326116.86,28.53,0.422386483633,6097125108,6058791662,25.677505,27.01207187,6.84478729,20.16876311,24.47528258,2.05418542,3.27030111,2019-09-04
600887,600887.SH,伊利股份,10004331,069001001001,016170,饮料乳品,1282,176938570634.16,175826134031.24,29.02,1.717490361023,6097125108,6058791662,26.11851367,27.4760016,6.96234586,20.51515968,24.8956432,2.08946586,3.32646821,2019-09-05
600887,600887.SH,伊利股份,10004331,069001001001,016170,饮料乳品,1282,177609254396.04,176492601114.06,29.13,0.379048931771,6097125108,6058791662,26.21751562,27.58014909,6.98873655,20.59292217,24.99000987,2.09738595,3.33907716,2019-09-06
600887,600887.SH,伊利股份,10004331,069001001001,016170,饮料乳品,1282,181023644456.52,179885524444.78,29.69,1.922416752489,6097125108,6058791662,26.72152553,28.1103545,7.1230892,20.98880395,25.47042201,2.13770645,3.40326813,2019-09-09
600887,600887.SH,伊利股份,10004331,069001001001,016170,饮料乳品,1282,183279580746.48,182127277359.72,30.06,1.246210845402,6097125108,6058791662,27.05453208,28.46066879,7.21185791,21.25036871,25.78783717,2.16434678,3.44568003,2019-09-10
600887,600887.SH,伊利股份,10004331,069001001001,016170,饮料乳品,1282,181267529460.84,180127876111.26,29.73,-1.097804391218,6097125108,6058791662,26.75752624,28.14822632,7.13268581,21.01708122,25.50473716,2.14058649,3.4078532,2019-09-11
600887,600887.SH,伊利股份,10004331,069001001001,016170,饮料乳品,1282,181389471963.0,180249051944.5,29.75,0.067272115708,6097125108,6058791662,26.77552659,28.16716222,7.13748412,21.03121986,25.52189473,2.14202651,3.41014574,2019-09-12
600887,600887.SH,伊利股份,10004331,069001001001,016170,饮料乳品,1282,178767708166.56,177643771529.84,29.32,-1.445378151261,6097125108,6058791662,26.38851898,27.76004021,7.03432049,20.7272392,25.15300684,2.11106612,3.36085624,2019-09-16
600887,600887.SH,伊利股份,10004331,069001001001,016170,饮料乳品,1282,176328858123.36,175220254865.04,28.92,-1.364256480218,6097125108,6058791662,26.0285119,27.38132207,6.93835431,20.4444665,24.80985532,2.08226577,3.31500554,2019-09-17
600887,600887.SH,伊利股份,10004331,069001001001,016170,饮料乳品,1282,176816628132.0,175704958198.0,29.0,0.276625172891,6097125108,6058791662,26.10051332,27.4570657,6.95754755,20.50102104,24.87848562,2.08802584,3.32417568,2019-09-18
600887,600887.SH,伊利股份,10004331,069001001001,016170,饮料乳品,1282,175536231859.32,174432611948.98,28.79,-0.724137931034,6097125108,6058791662,25.9115096,27.25823867,6.90716531,20.35256537,24.69833107,2.07290565,3.30010406,2019-09-19
600887,600887.SH,伊利股份,10004331,069001001001,016170,饮料乳品,1282,176145944370.12,175038491115.18,28.89,0.347342827371,6097125108,6058791662,26.00151137,27.35291821,6.93115685,20.42325855,24.78411895,2.08010574,3.31156674,2019-09-20
600887,600887.SH,伊利股份,10004331,069001001001,016170,饮料乳品,1282,173097381816.12,172009095284.18,28.39,-1.730702665282,6097125108,6058791662,25.55150252,26.87952052,6.81119913,20.06979267,24.35517955,2.0441053,3.25425336,2019-09-23
600887,600887.SH,伊利股份,10004331,069001001001,016170,饮料乳品,1282,172548640556.4,171463804034.6,28.3,-0.317013032758,6097125108,6058791662,25.47050093,26.79430894,6.78960675,20.00616881,24.27797045,2.03762522,3.24393696,2019-09-24
600887,600887.SH,伊利股份,10004331,069001001001,016170,饮料乳品,1282,169743963006.72,168676759870.08,27.84,-1.625441696113,6097125108,6058791662,25.05649278,26.35878307,6.67924565,19.6809802,23.8833462,2.00450481,3.19120865,2019-09-25
600887,600887.SH,伊利股份,10004331,069001001001,016170,饮料乳品,1282,171024359279.4,169949106119.1,28.05,0.754310344828,6097125108,6058791662,25.2454965,26.5576101,6.72962789,19.82943587,24.06350075,2.01962499,3.21528027,2019-09-26
600887,600887.SH,伊利股份,10004331,069001001001,016170,饮料乳品,1282,172487669305.32,171403216117.98,28.29,0.855614973262,6097125108,6058791662,25.46150075,26.78484098,6.78720759,19.99909949,24.26939167,2.03690521,3.24279069,2019-09-27
600887,600887.SH,伊利股份,10004331,069001001001,016170,饮料乳品,1282,173890008080.16,172796738200.24,28.52,0.813008130081,6097125108,6058791662,25.66850482,27.00260392,7.14060589,20.1616938,24.46670379,2.05346541,3.26915484,2019-09-30
600887,600887.SH,伊利股份,10004331,069001001001,016170,饮料乳品,1282,174011950582.32,172917914033.48,28.54,0.070126227209,6097125108,6058791662,25.68650517,27.02153983,7.14561333,20.17583243,24.48386137,2.05490543,3.27144737,2019-10-08
600887,600887.SH,伊利股份,10004331,069001001001,016170,饮料乳品,1282,171938928045.6,170857924868.4,28.2,-1.191310441486,6097125108,6058791662,25.38049916,26.6996294,7.06048689,19.93547563,24.19218257,2.03042513,3.23247428,2019-10-09
600887,600887.SH,伊利股份,10004331,069001001001,016170,饮料乳品,1282,173585151824.76,172493798617.14,28.47,0.957446808511,6097125108,6058791662,25.62350394,26.95526415,7.1280873,20.12634721,24.42380985,2.04986537,3.2634235,2019-10-10
600887,600887.SH,伊利股份,10004331,069001001001,016170,饮料乳品,1282,172548640556.4,171463804034.6,28.3,-0.597119775202,6097125108,6058791662,25.47050093,26.79430894,7.08552408,20.00616881,24.27797045,2.03762522,3.24393696,2019-10-11
600887,600887.SH,伊利股份,10004331,069001001001,016170,饮料乳品,1282,173950979331.24,172857326116.86,28.53,0.812720848057,6097125108,6058791662,25.677505,27.01207187,7.14310961,20.16876311,24.47528258,2.05418542,3.27030111,2019-10-14
600887,600887.SH,伊利股份,10004331,069001001001,016170,饮料乳品,1282,174438749339.88,173342029449.82,28.61,0.280406589555,6097125108,6058791662,25.74950641,27.0878155,7.16313936,20.22531765,24.54391289,2.05994549,3.27947125,2019-10-15
600887,600887.SH,伊利股份,10004331,069001001001,016170,饮料乳品,1282,172426698054.24,171342628201.36,28.28,-1.15344285215,6097125108,6058791662,25.45250057,26.77537303,7.08051664,19.99203017,24.26081288,2.0361852,3.24164442,2019-10-16
600887,600887.SH,伊利股份,10004331,069001001001,016170,饮料乳品,1282,171816985543.44,170736749035.16,28.18,-0.35360678925,6097125108,6058791662,25.3624988,26.68069349,7.05547946,19.921337,24.175025,2.02898511,3.23018175,2019-10-17
600887,600887.SH,伊利股份,10004331,069001001001,016170,饮料乳品,1282,170780474275.08,169706754452.62,28.01,-0.603264726757,6097125108,6058791662,25.20949579,26.51973828,7.01291624,19.8011586,24.0291856,2.01674496,3.2106952,2019-10-18
600887,600887.SH,伊利股份,10004331,069001001001,016170,饮料乳品,1282,170048819262.12,168979699453.18,27.89,-0.428418421992,6097125108,6058791662,25.10149367,26.40612284,6.98287161,19.71632679,23.92624014,2.00810485,3.19693999,2019-10-21
600887,600887.SH,伊利股份,10004331,069001001001,016170,饮料乳品,1282,170536589270.76,169464402786.14,27.97,0.286841161707,6097125108,6058791662,25.17349508,26.48186647,7.00290136,19.77288133,23.99487044,2.01386492,3.20611013,2019-10-22
600887,600887.SH,伊利股份,10004331,069001001001,016170,饮料乳品,1282,168707451738.36,167646765287.54,27.67,-1.072577761888,6097125108,6058791662,24.90348977,26.19782786,6.9277898,19.5608018,23.7375068,1.99226465,3.1717221,2019-10-23
600887,600887.SH,伊利股份,10004331,069001001001,016170,饮料乳品,1282,165536946682.2,164496193623.3,27.15,-1.879291651608,6097125108,6058791662,24.43548057,25.70549426,6.79759642,19.19319728,23.29140982,1.95482419,3.1121162,2019-10-24
600887,600887.SH,伊利股份,10004331,069001001001,016170,饮料乳品,1282,166878314205.96,165829127788.94,27.37,0.810313075506,6097125108,6058791662,24.63348446,25.91378925,6.85267824,19.34872227,23.48014316,1.97066439,3.13733408,2019-10-25
600887,600887.SH,伊利股份,10004331,069001001001,016170,饮料乳品,1282,168341624231.88,167283237787.82,27.61,0.876872488126,6097125108,6058791662,24.84948871,26.14102013,6.91276749,19.51838589,23.68603407,1.9879446,3.1648445,2019-10-28
600887,600887.SH,伊利股份,10004331,069001001001,016170,饮料乳品,1282,170780474275.08,169706754452.62,28.01,1.448750452735,6097125108,6058791662,25.20949579,26.51973828,7.01291624,19.8011586,24.0291856,2.01674496,3.2106952,2019-10-29
600887,600887.SH,伊利股份,10004331,069001001001,016170,饮料乳品,1282,165354032928.96,164314429873.44,27.12,-3.177436629775,6097125108,6058791662,24.40848004,25.6770904,6.79008527,19.17198933,23.26567345,1.95266416,3.10867739,2019-10-30
600887,600887.SH,伊利股份,10004331,069001001001,016170,饮料乳品,1282,176816628132.0,175704958198.0,29.0,6.93215339233,6097125108,6058791662,25.17814679,27.4570657,7.26078439,20.50102104,25.07294812,2.03465377,3.32417568,2019-10-31
600887,600887.SH,伊利股份,10004331,069001001001,016170,饮料乳品,1282,179499363179.52,178370826529.28,29.44,1.51724137931,6097125108,6058791662,25.56016005,27.87365566,7.37094802,20.81207101,25.45336526,2.06552438,3.37461145,2019-11-01
600887,600887.SH,伊利股份,10004331,069001001001,016170,饮料乳品,1282,179560334430.6,178431414445.9,29.45,0.033967391304,6097125108,6058791662,25.56884217,27.88312361,7.37345174,20.81914033,25.46201111,2.06622599,3.37575772,2019-11-04
600887,600887.SH,伊利股份,10004331,069001001001,016170,饮料乳品,1282,182121126975.96,180976106943.94,29.87,1.426146010187,6097125108,6058791662,25.93349119,28.28077767,7.47860793,21.11605167,25.82513656,2.09569338,3.42390095,2019-11-05
600887,600887.SH,伊利股份,10004331,069001001001,016170,饮料乳品,1282,179682276932.76,178552590279.14,29.47,-1.339136257114,6097125108,6058791662,25.58620641,27.90205952,7.37845918,20.83327897,25.4793028,2.06762919,3.37805025,2019-11-06
600887,600887.SH,伊利股份,10004331,069001001001,016170,饮料乳品,1282,180779759452.2,179643172778.3,29.65,0.610790634544,6097125108,6058791662,25.74248456,28.07248269,7.42352611,20.96052668,25.63492799,2.08025808,3.39868306,2019-11-07
600887,600887.SH,伊利股份,10004331,069001001001,016170,饮料乳品,1282,179682276932.76,178552590279.14,29.47,-0.607082630691,6097125108,6058791662,25.58620641,27.90205952,7.37845918,20.83327897,25.4793028,2.06762919,3.37805025,2019-11-08
600887,600887.SH,伊利股份,10004331,069001001001,016170,饮料乳品,1282,176816628132.0,175704958198.0,29.0,-1.594842212419,6097125108,6058791662,25.17814679,27.4570657,7.26078439,20.50102104,25.07294812,2.03465377,3.32417568,2019-11-11
600887,600887.SH,伊利股份,10004331,069001001001,016170,饮料乳品,1282,177975081902.52,176856128613.78,29.19,0.655172413793,6097125108,6058791662,25.34310706,27.63695682,7.30835505,20.63533807,25.23721916,2.04798426,3.34595476,2019-11-12
600887,600887.SH,伊利股份,10004331,069001001001,016170,饮料乳品,1282,178036053153.6,176916716530.4,29.2,0.03425830764,6097125108,6058791662,25.35178918,27.64642477,7.31085877,20.64240739,25.245865,2.04868587,3.34710103,2019-11-13
600887,600887.SH,伊利股份,10004331,069001001001,016170,饮料乳品,1282,177426340642.8,176310837364.2,29.1,-0.342465753425,6097125108,6058791662,25.26496798,27.55174523,7.28582158,20.57171422,25.15940656,2.04166982,3.33563835,2019-11-14
600887,600887.SH,伊利股份,10004331,069001001001,016170,饮料乳品,1282,176511771876.6,175402018614.9,28.95,-0.515463917526,6097125108,6058791662,25.13473619,27.40972593,7.2482658,20.46567445,25.0297189,2.03114575,3.31844434,2019-11-15
600887,600887.SH,伊利股份,10004331,069001001001,016170,饮料乳品,1282,176816628132.0,175704958198.0,29.0,0.172711571675,6097125108,6058791662,25.17814679,27.4570657,7.26078439,20.50102104,25.07294812,2.03465377,3.32417568,2019-11-18
600887,600887.SH,伊利股份,10004331,069001001001,016170,饮料乳品,1282,181755299469.48,180612579444.22,29.81,2.793103448276,6097125108,6058791662,25.88139847,28.22396995,7.46358561,21.07363577,25.7732615,2.09148376,3.41702334,2019-11-19
600887,600887.SH,伊利股份,10004331,069001001001,016170,饮料乳品,1282,179316449426.28,178189062779.42,29.41,-1.341831600134,6097125108,6058791662,25.53411369,27.8452518,7.36343686,20.79086306,25.42742773,2.06341957,3.37117265,2019-11-20
600887,600887.SH,伊利股份,10004331,069001001001,016170,饮料乳品,1282,177731196898.2,172177146947.3,29.15,-0.884053043183,6097125108,5906591662,25.30837858,27.599085,7.29834018,20.6070608,25.20263578,2.04517784,3.34136969,2019-11-21
600887,600887.SH,伊利股份,10004331,069001001001,016170,饮料乳品,1282,176877599383.08,171350224114.62,29.01,-0.480274442539,6097125108,5906591662,25.18682891,27.46653365,7.26328811,20.50809036,25.08159396,2.03535538,3.32532195,2019-11-22
600887,600887.SH,伊利股份,10004331,069001001001,016170,饮料乳品,1282,177670225647.12,172118081030.68,29.14,0.44812133747,6097125108,5906591662,25.29969646,27.58961705,7.29583646,20.59999149,25.19398994,2.04447624,3.34022342,2019-11-25
600887,600887.SH,伊利股份,10004331,069001001001,016170,饮料乳品,1282,178950621919.8,173358465279.7,29.35,0.720658888126,6097125108,5906591662,25.48202097,27.78844408,7.34841455,20.74844716,25.37555266,2.05920994,3.36429504,2019-11-26
600887,600887.SH,伊利股份,10004331,069001001001,016170,饮料乳品,1282,179743248183.84,174126322195.76,29.48,0.442930153322,6097125108,5906591662,25.59488853,27.91152747,7.38096289,20.84034828,25.48794864,2.0683308,3.37919652,2019-11-27
600887,600887.SH,伊利股份,10004331,069001001001,016170,饮料乳品,1282,179255478175.2,173653794862.8,29.4,-0.271370420624,6097125108,5906591662,25.52543157,27.83578384,7.36093314,20.78379374,25.41878189,2.06271796,3.37002638,2019-11-28
600887,600887.SH,伊利股份,10004331,069001001001,016170,饮料乳品,1282,177365369391.72,171822751447.58,29.09,-1.054421768707,6097125108,5906591662,25.25628586,27.54227728,7.28331786,20.5646449,25.15076072,2.04096821,3.33449209,2019-11-29
600887,600887.SH,伊利股份,10004331,069001001001,016170,饮料乳品,1282,180901701954.36,175248574611.54,29.67,1.993812306635,6097125108,5906591662,25.7598488,28.09141859,7.42853355,20.97466532,25.65221968,2.08166129,3.4009756,2019-12-02
600887,600887.SH,伊利股份,10004331,069001001001,016170,饮料乳品,1282,185230660781.04,179442254691.56,30.38,2.392989551736,6097125108,5906591662,26.37627929,28.76364331,7.60629758,21.47658687,26.26607462,2.13147523,3.48236059,2019-12-03
600887,600887.SH,伊利股份,10004331,069001001001,016170,饮料乳品,1282,185779402040.76,179973847941.14,30.47,0.296247531271,6097125108,5906591662,26.45441836,28.84885489,7.62883105,21.54021073,26.34388721,2.13778967,3.492677,2019-12-04
600887,600887.SH,伊利股份,10004331,069001001001,016170,饮料乳品,1282,184255120763.76,178497200025.64,30.22,-0.820479159829,6097125108,5906591662,26.23736538,28.61215605,7.56623808,21.36347779,26.12774111,2.12024955,3.46402031,2019-12-05
600887,600887.SH,伊利股份,10004331,069001001001,016170,饮料乳品,1282,184438034517.0,178674397775.5,30.25,0.099272005295,6097125108,5906591662,26.26341173,28.64055991,7.57374924,21.38468574,26.15367864,2.12235436,3.46745911,2019-12-06
600887,600887.SH,伊利股份,10004331,069001001001,016170,饮料乳品,1282,188096309581.8,182218352772.7,30.85,1.98347107438,6097125108,5906591662,26.78433891,29.20863713,7.72397236,21.8088448,26.67242929,2.16445065,3.53623516,2019-12-09
600887,600887.SH,伊利股份,10004331,069001001001,016170,饮料乳品,1282,186572028304.8,180741704857.2,30.6,-0.810372771475,6097125108,5906591662,26.56728592,28.97193829,7.6613794,21.63211186,26.45628319,2.14691053,3.50757847,2019-12-10
600887,600887.SH,伊利股份,10004331,069001001001,016170,饮料乳品,1282,184255120763.76,178497200025.64,30.22,-1.241830065359,6097125108,5906591662,26.23736538,28.61215605,7.56623808,21.36347779,26.12774111,2.12024955,3.46402031,2019-12-11
600887,600887.SH,伊利股份,10004331,069001001001,016170,饮料乳品,1282,184559977019.16,178792529608.74,30.27,0.165453342158,6097125108,5906591662,26.28077597,28.65949581,7.57875668,21.39882438,26.17097033,2.12375757,3.46975165,2019-12-12
600887,600887.SH,伊利股份,10004331,069001001001,016170,饮料乳品,1282,186876884560.2,181037034440.3,30.65,1.255368351503,6097125108,5906591662,26.61069652,29.01927805,7.67389799,21.66745844,26.49951241,2.15041855,3.51330981,2019-12-13
600887,600887.SH,伊利股份,10004331,069001001001,016170,饮料乳品,1282,185596488287.52,179796650191.28,30.44,-0.68515497553,6097125108,5906591662,26.42837201,28.82045103,7.6213199,21.51900277,26.31794968,2.13568486,3.4892382,2019-12-16
600887,600887.SH,伊利股份,10004331,069001001001,016170,饮料乳品,1282,187730482075.32,181863957272.98,30.79,1.149802890933,6097125108,5906591662,26.73224619,29.15182941,7.70895005,21.76642889,26.62055423,2.16024102,3.52935756,2019-12-17
600887,600887.SH,伊利股份,10004331,069001001001,016170,饮料乳品,1282,185657459538.6,179855716107.9,30.45,-1.104254628126,6097125108,5906591662,26.43705413,28.82991898,7.62382361,21.52607209,26.32659552,2.13638646,3.49038446,2019-12-18
600887,600887.SH,伊利股份,10004331,069001001001,016170,饮料乳品,1282,182608896984.6,176902420276.9,29.95,-1.642036124795,6097125108,5906591662,26.00294815,28.3565213,7.49863768,21.17260621,25.89430332,2.10130622,3.43307109,2019-12-19
600887,600887.SH,伊利股份,10004331,069001001001,016170,饮料乳品,1282,182974724491.08,177256815776.62,30.01,0.200333889816,6097125108,5906591662,26.05504086,28.41332902,7.51365999,21.21502212,25.94617838,2.10551585,3.43994869,2019-12-20
600887,600887.SH,伊利股份,10004331,069001001001,016170,饮料乳品,1282,181999184473.8,176311761110.7,29.85,-0.533155614795,6097125108,5906591662,25.91612695,28.26184176,7.47360049,21.10191304,25.80784487,2.09429018,3.42160841,2019-12-23
600887,600887.SH,伊利股份,10004331,069001001001,016170,饮料乳品,1282,184377063265.92,178615331858.88,30.24,1.306532663317,6097125108,5906591662,26.25472961,28.63109195,7.57124552,21.37761642,26.1450328,2.12165276,3.46631285,2019-12-24
600887,600887.SH,伊利股份,10004331,069001001001,016170,饮料乳品,1282,182791810737.84,177079618026.76,29.98,-0.859788359788,6097125108,5906591662,26.02899451,28.38492516,7.50614883,21.19381416,25.92024085,2.10341104,3.43650989,2019-12-25
600887,600887.SH,伊利股份,10004331,069001001001,016170,饮料乳品,1282,183645408252.96,177906540859.44,30.12,0.466977985324,6097125108,5906591662,26.15054418,28.51747651,7.5412009,21.29278461,26.04128267,2.1132335,3.45255764,2019-12-26
600887,600887.SH,伊利股份,10004331,069001001001,016170,饮料乳品,1282,186815913309.12,180977968523.68,30.64,1.726427622842,6097125108,5906591662,26.6020144,29.0098101,7.67139427,21.66038913,26.49086656,2.14971695,3.51216354,2019-12-27
600887,600887.SH,伊利股份,10004331,069001001001,016170,饮料乳品,1282,187951360192.14,182100220939.46,30.83,0.620104438642,6096378858,5906591662,26.76369856,29.18612858,7.71802017,21.79203862,26.65187518,2.1627827,3.53351009,2019-12-30
600887,600887.SH,伊利股份,10004331,069001001001,016170,饮料乳品,1282,188621961866.52,182749946022.28,30.94,0.356795329225,6096378858,5906591662,26.85919019,27.20340314,7.21831469,22.30765794,26.74696783,2.1704994,3.54611749,2019-12-31
600887,600887.SH,伊利股份,10004331,069001001001,016170,饮料乳品,1282,193560028741.5,187534285268.5,31.75,2.617970265029,6096378858,5906591662,27.5623558,27.91558014,7.40728803,22.89166579,27.44719549,2.22732243,13.12973401,2020-01-02
600887,600887.SH,伊利股份,10004331,069001001001,016170,饮料乳品,1282,193499064952.92,187475219351.88,31.74,-0.031496062992,6096378858,5906591662,27.55367474,27.90678784,7.40495502,22.88445582,27.43855071,2.22662091,13.12559866,2020-01-03
600887,600887.SH,伊利股份,10004331,069001001001,016170,饮料乳品,1282,189536418695.22,183635934771.58,31.09,-2.047889098929,6096378858,5906591662,26.98940604,27.33528777,7.25330976,22.41580754,26.87663962,2.18102219,12.85680095,2020-01-06
600887,600887.SH,伊利股份,10004331,069001001001,016170,饮料乳品,1282,195998580284.7,189896921933.3,32.15,3.409456416854,6096378858,5906591662,27.90959808,28.26727249,7.50060819,23.18006473,27.79298693,2.25538319,13.29514798,2020-01-07
600887,600887.SH,伊利股份,10004331,069001001001,016170,饮料乳品,1282,196242435439.02,190133185599.78,32.19,0.124416796267,6096378858,5906591662,27.9443223,28.30244173,7.50994021,23.20890463,27.82756607,2.25818926,13.31168937,2020-01-08
600887,600887.SH,伊利股份,10004331,069001001001,016170,饮料乳品,1282,198071349096.42,191905163098.38,32.49,0.931966449208,6096378858,5906591662,28.20475401,28.56621099,7.57993033,23.42520383,28.08690965,2.27923483,13.43574985,2020-01-09
600887,600887.SH,伊利股份,10004331,069001001001,016170,饮料乳品,1282,197644602576.36,191491701682.04,32.42,-0.215450907972,6096378858,5906591662,28.14398661,28.50466483,7.5635993,23.37473402,28.02639615,2.2743242,13.40680241,2020-01-10
600887,600887.SH,伊利股份,10004331,069001001001,016170,饮料乳品,1282,201119538525.42,194858458929.38,32.99,1.758173966687,6096378858,5906591662,28.63880686,29.00582642,7.69658054,23.7857025,28.51914895,2.31431077,13.64251732,2020-01-13
600887,600887.SH,伊利股份,10004331,069001001001,016170,饮料乳品,1282,199534480022.34,193322745097.26,32.73,-0.788117611397,6096378858,5906591662,28.41309938,28.7772264,7.63592243,23.59824319,28.29438452,2.29607128,13.53499824,2020-01-14
600887,600887.SH,伊利股份,10004331,069001001001,016170,饮料乳品,1282,202826524605.66,196512304594.74,33.27,1.649862511457,6096378858,5906591662,28.88187645,29.25201107,7.76190465,23.98758176,28.76120296,2.3339533,13.7583071,2020-01-15
600887,600887.SH,伊利股份,10004331,069001001001,016170,饮料乳品,1282,204411583108.74,198250539626.86,33.53,0.78148482116,6096378858,5912631662,29.10758393,29.48061109,7.82256276,24.17504107,28.9859674,2.35219279,13.86582618,2020-01-16
600887,600887.SH,伊利股份,10004331,069001001001,016170,饮料乳品,1282,200448936851.04,194407329046.56,32.88,-1.93856248136,6096378858,5912631662,28.54331523,28.90911103,7.67091749,23.7063928,28.42405631,2.30659407,13.59702848,2020-01-17
600887,600887.SH,伊利股份,10004331,069001001001,016170,饮料乳品,1282,200509900639.62,194466455363.18,32.89,0.030413625304,6096378858,5912631662,28.55199629,28.91790334,7.67325049,23.71360277,28.43270109,2.30729559,13.60116382,2020-01-20
600887,600887.SH,伊利股份,10004331,069001001001,016170,饮料乳品,1282,196303399227.6,190386739516.4,32.2,-2.097902097902,6096378858,5912631662,27.95300336,28.31123404,7.51227321,23.2161146,27.83621086,2.25889078,13.31582472,2020-01-21
600887,600887.SH,伊利股份,10004331,069001001001,016170,饮料乳品,1282,197827493942.1,191864897431.9,32.45,0.776397515528,6096378858,5912631662,28.17002978,28.53104175,7.57059831,23.39636394,28.05233051,2.27642875,13.41920846,2020-01-22
600887,600887.SH,伊利股份,10004331,069001001001,016170,饮料乳品,1282,186793048209.12,181163034123.68,30.64,-5.57781201849,6096378858,5912631662,26.59875848,26.93963388,7.14832457,22.09135874,26.48762425,2.14945384,12.67071023,2020-01-23
600887,600887.SH,伊利股份,10004331,069001001001,016170,饮料乳品,1282,173015231990.04,167800486567.56,28.38,-7.375979112272,6096378858,5912631662,24.63683961,24.95257211,6.62106564,20.46190473,24.53390262,1.99091057,11.73612129,2020-02-03
600887,600887.SH,伊利股份,10004331,069001001001,016170,饮料乳品,1282,180087031465.32,174659139295.48,29.54,4.087385482734,6096378858,5912631662,25.64384221,25.97247992,6.89169412,21.29826165,25.53669779,2.07228676,12.21582181,2020-02-04
600887,600887.SH,伊利股份,10004331,069001001001,016170,饮料乳品,1282,180452814196.8,175013897195.2,29.6,0.203114421124,6096378858,5912631662,25.69592856,26.02523377,6.90569214,21.34152149,25.58856651,2.07649588,12.24063391,2020-02-05
600887,600887.SH,伊利股份,10004331,069001001001,016170,饮料乳品,1282,184720279397.4,179152739358.6,30.3,2.364864864865,6096378858,5912631662,26.30360254,26.64069538,7.06900243,21.84621964,26.19370152,2.1256022,12.53010836,2020-02-06
600887,600887.SH,伊利股份,10004331,069001001001,016170,饮料乳品,1282,187463649883.5,181813423606.5,30.75,1.485148514851,6096378858,5912631662,26.6942501,27.03634927,7.17398762,22.17066844,26.58271689,2.15717055,12.71619908,2020-02-07
600887,600887.SH,伊利股份,10004331,069001001001,016170,饮料乳品,1282,183927750145.86,178384097242.54,30.17,-1.886178861789,6096378858,5912631662,26.1907488,26.52639537,7.03867338,21.75248998,26.08131931,2.11648245,12.47634882,2020-02-10
600887,600887.SH,伊利股份,10004331,069001001001,016170,饮料乳品,1282,184293532877.34,178738855142.26,30.23,0.198873052701,6096378858,5912631662,26.24283514,26.57914922,7.0526714,21.79574982,26.13318802,2.12069156,12.50116091,2020-02-11
600887,600887.SH,伊利股份,10004331,069001001001,016170,饮料乳品,1282,184415460454.5,178857107775.5,30.25,0.066159444261,6096378858,5912631662,26.26019726,26.59673384,7.05733741,21.81016977,26.15047759,2.1220946,12.50943161,2020-02-12
600887,600887.SH,伊利股份,10004331,069001001001,016170,饮料乳品,1282,180879560716.86,175427781411.54,29.67,-1.917355371901,6096378858,5912631662,25.75669595,26.08677993,6.92202317,21.39199131,25.64908001,2.08140651,12.26958135,2020-02-13
600887,600887.SH,伊利股份,10004331,069001001001,016170,饮料乳品,1282,181062452082.6,175605160361.4,29.7,0.10111223458,6096378858,5912631662,25.78273912,26.11315686,6.92902219,21.41362123,25.67501437,2.08351106,12.2819874,2020-02-14
600887,600887.SH,伊利股份,10004331,069001001001,016170,饮料乳品,1282,183927750145.86,178384097242.54,30.17,1.582491582492,6096378858,5912631662,26.1907488,26.52639537,7.03867338,21.75248998,26.08131931,2.11648245,12.47634882,2020-02-17
600887,600887.SH,伊利股份,10004331,069001001001,016170,饮料乳品,1282,184110641511.6,178561476192.4,30.2,0.099436526351,6096378858,5912631662,26.21679197,26.55277229,7.04567239,21.7741199,26.10725366,2.11858701,12.48875486,2020-02-18
600887,600887.SH,伊利股份,10004331,069001001001,016170,饮料乳品,1282,186000518957.58,180394392007.62,30.51,1.026490066225,6096378858,5912631662,26.48590474,26.82533386,7.11799552,21.99762908,26.37524203,2.14033409,12.61695069,2020-02-19
600887,600887.SH,伊利股份,10004331,069001001001,016170,饮料乳品,1282,189536418695.22,183823718371.58,31.09,1.901016060308,6096378858,5912631662,26.98940604,27.33528777,7.25330976,22.41580754,26.87663962,2.18102219,12.85680095,2020-02-20
600887,600887.SH,伊利股份,10004331,069001001001,016170,饮料乳品,1282,187219794729.18,181576918340.02,30.71,-1.222257960759,6096378858,5912631662,26.65952588,27.00118004,7.1646556,22.14182855,26.54813775,2.15436447,12.69965768,2020-02-21
600887,600887.SH,伊利股份,10004331,069001001001,016170,饮料乳品,1282,182708474374.26,177201570910.14,29.97,-2.409638554217,6096378858,5912631662,26.01712766,26.35054919,6.9920133,21.60829051,25.90842359,2.10245207,12.39364183,2020-02-24
600887,600887.SH,伊利股份,10004331,069001001001,016170,饮料乳品,1282,181001488294.02,175546034044.78,29.69,-0.934267600934,6096378858,5912631662,25.77405807,26.10436455,6.92668918,21.40641126,25.66636958,2.08280954,12.27785205,2020-02-25
600887,600887.SH,伊利股份,10004331,069001001001,016170,饮料乳品,1282,179050647059.46,173653991912.94,29.37,-1.077803974402,6096378858,5912631662,25.49626425,25.82301067,6.85203305,21.1756921,25.38973643,2.06036094,12.14552087,2020-02-26
600887,600887.SH,伊利股份,10004331,069001001001,016170,饮料乳品,1282,182586546797.1,177083318276.9,29.95,1.974804221995,6096378858,5912631662,25.99976555,26.33296458,6.98734729,21.59387057,25.89113401,2.10104904,12.38537113,2020-02-27
600887,600887.SH,伊利股份,10004331,069001001001,016170,饮料乳品,1282,176246312784.78,170934181348.42,28.91,-3.47245409015,6096378858,5912631662,25.09693563,25.41856447,6.74471486,20.84403332,24.99207627,2.02809107,11.95529481,2020-02-28
600887,600887.SH,伊利股份,10004331,069001001001,016170,饮料乳品,1282,180391850408.22,174954770878.58,29.59,2.352127291595,6096378858,5912631662,25.6872475,26.01644146,6.90335914,21.33431152,25.57992172,2.07579436,12.23649856,2020-03-02
600887,600887.SH,伊利股份,10004331,069001001001,016170,饮料乳品,1282,181976908911.3,176492055110.7,29.85,0.878675228118,6096378858,5912631662,25.91295498,26.24504149,6.96401725,21.52177083,25.80468616,2.09403385,12.34401764,2020-03-03
600887,600887.SH,伊利股份,10004331,069001001001,016170,饮料乳品,1282,185086062128.88,179507497258.32,30.36,1.708542713568,6096378858,5912631662,26.35568888,26.69344923,7.08300046,21.88947948,26.24557024,2.12981131,12.55492045,2020-03-04
600887,600887.SH,伊利股份,10004331,069001001001,016170,饮料乳品,1282,188621961866.52,182936823622.28,30.94,1.910408432148,6096378858,5912631662,26.85919019,27.20340314,7.21831469,22.30765794,26.74696783,2.1704994,12.79477071,2020-03-05
600887,600887.SH,伊利股份,10004331,069001001001,016170,饮料乳品,1282,185147025917.46,179566623574.94,30.37,-1.842275371687,6096378858,5912631662,26.36436994,26.70224154,7.08533346,21.89668945,26.25421503,2.13051283,12.5590558,2020-03-06
600887,600887.SH,伊利股份,10004331,069001001001,016170,饮料乳品,1282,176977878247.74,171643697147.86,29.03,-4.412248929865,6096378858,5912631662,25.20110831,25.52407218,6.77271091,20.93055301,25.0958137,2.0365093,12.004919,2020-03-09
600887,600887.SH,伊利股份,10004331,069001001001,016170,饮料乳品,1282,182220764065.62,176728560377.18,29.89,2.962452635205,6096378858,5912631662,25.94767921,26.28021072,6.97334926,21.55061073,25.8392653,2.09683992,12.36055904,2020-03-10
600887,600887.SH,伊利股份,10004331,069001001001,016170,饮料乳品,1282,178380045385.08,173003602430.12,29.26,-2.107728337237,6096378858,5912631662,25.40077262,25.72629528,6.82637001,21.0963824,25.29464378,2.05264423,12.10003203,2020-03-11
600887,600887.SH,伊利股份,10004331,069001001001,016170,饮料乳品,1282,174173543973.06,168923886583.34,28.57,-2.358168147642,6096378858,5912631662,24.80177969,25.11962598,6.66539272,20.59889423,24.69815355,2.00423943,11.81469293,2020-03-12
600887,600887.SH,伊利股份,10004331,069001001001,016170,饮料乳品,1282,172283666527.08,167090970768.12,28.26,-1.085054252713,6096378858,5912631662,24.53266692,24.84706441,6.59306959,20.37538505,24.43016518,1.98249235,11.6864971,2020-03-13
600887,600887.SH,伊利股份,10004331,069001001001,016170,饮料乳品,1282,166126323880.5,161119212789.5,27.25,-3.573956121727,6096378858,5912631662,23.65588017,23.95904123,6.35743618,19.64717773,23.5570418,1.91163894,11.26882682,2020-03-16
600887,600887.SH,伊利股份,10004331,069001001001,016170,饮料乳品,1282,169357404675.24,164252907570.36,27.78,1.94495412844,6096378858,5912631662,24.11597619,24.42503359,6.4810854,20.02930632,24.01521546,1.94881944,11.48800034,2020-03-17
600887,600887.SH,伊利股份,10004331,069001001001,016170,饮料乳品,1282,168686803000.86,163602518087.54,27.67,-0.395968322534,6096378858,5912631662,24.02048456,24.32831819,6.45542235,19.94999661,23.92012281,1.94110273,11.44251149,2020-03-18
600887,600887.SH,伊利股份,10004331,069001001001,016170,饮料乳品,1282,169723187406.72,164607665470.08,27.84,0.61438380918,6096378858,5912631662,24.16806253,24.47778744,6.49508342,20.07256616,24.06708417,1.95302855,11.51281243,2020-03-19
600887,600887.SH,伊利股份,10004331,069001001001,016170,饮料乳品,1282,172832340624.3,167623107617.7,28.35,1.831896551724,6096378858,5912631662,24.61079644,24.92619518,6.61406663,20.44027481,24.50796826,1.98880602,11.72371525,2020-03-20
600887,600887.SH,伊利股份,10004331,069001001001,016170,饮料乳品,1282,167711382383.58,162656497021.62,27.51,-2.962962962963,6096378858,5912631662,23.88158765,24.18764125,6.41809429,19.83463704,23.78180624,1.92987843,11.3763459,2020-03-23
600887,600887.SH,伊利股份,10004331,069001001001,016170,饮料乳品,1282,172832340624.3,167623107617.7,28.35,3.053435114504,6096378858,5912631662,24.61079644,24.92619518,6.61406663,20.44027481,24.50796826,1.98880602,11.72371525,2020-03-24
600887,600887.SH,伊利股份,10004331,069001001001,016170,饮料乳品,1282,173726998897.12,168464479203.68,28.64,1.022927689594,6065886833,5882139637,24.73819304,25.05522443,6.64830403,20.54608291,24.63483257,1.99910097,11.78440249,2020-03-25
600887,600887.SH,伊利股份,10004331,069001001001,016170,饮料乳品,1282,172149868320.54,166935122898.06,28.38,-0.90782122905,6065886833,5882139637,24.51361447,24.82776778,6.58794931,20.3595612,24.41119233,1.98095271,11.67742118,2020-03-26
600887,600887.SH,伊利股份,10004331,069001001001,016170,饮料乳品,1282,174030293238.77,168758586185.53,28.69,1.092318534179,6065886833,5882139637,24.78138122,25.09896609,6.6599107,20.58195246,24.67784031,2.00259102,11.80497582,2020-03-27
600887,600887.SH,伊利股份,10004331,069001001001,016170,饮料乳品,1282,176092694761.99,170758513662.11,29.03,1.185081910073,6065886833,5882139637,25.07506089,25.3964094,6.7388361,20.82586546,24.97029293,2.02632337,11.94487445,2020-03-30
600887,600887.SH,伊利股份,10004331,069001001001,016170,饮料乳品,1282,181127380833.38,175640689560.82,29.86,2.859111264209,6065886833,5882139637,25.79198478,26.122521,6.74612508,21.42130013,25.68422139,2.08425821,12.2863917,2020-03-31
600887,600887.SH,伊利股份,10004331,069001001001,016170,饮料乳品,1282,177730484206.9,172346691364.1,29.3,-1.875418620228,6065886833,5882139637,25.30827709,25.63261438,6.619607,21.01956107,25.20253472,2.04516964,12.05597043,2020-04-01
600887,600887.SH,伊利股份,10004331,069001001001,016170,饮料乳品,1282,177305872128.59,171934941589.51,29.23,-0.238907849829,6065886833,5882139637,25.24781363,25.57137605,6.60379224,20.96934369,25.14232389,2.04028357,12.02716777,2020-04-02
600887,600887.SH,伊利股份,10004331,069001001001,016170,饮料乳品,1282,178519049495.19,173111369516.91,29.43,0.68422853233,6065886833,5882139637,25.42056638,25.7463427,6.64897727,21.11282193,25.31435484,2.05424377,12.10946108,2020-04-03
600887,600887.SH,伊利股份,10004331,069001001001,016170,饮料乳品,1282,183129123488.27,177581795641.03,30.19,2.582398912674,6065886833,5882139637,26.07702681,26.41121598,6.82068038,21.65803921,25.96807246,2.10729254,12.42217567,2020-04-07
600887,600887.SH,伊利股份,10004331,069001001001,016170,饮料乳品,1282,181551992911.69,176052439335.41,29.93,-0.861212321961,6065886833,5882139637,25.85244824,26.18375933,6.76193984,21.47151751,25.74443222,2.08914428,12.31519436,2020-04-08
600887,600887.SH,伊利股份,10004331,069001001001,016170,饮料乳品,1282,182886488014.95,177346510055.55,30.15,0.735048446375,6065886833,5882139637,26.04247626,26.37622265,6.81164338,21.62934356,25.93366627,2.1045005,12.40571701,2020-04-09
600887,600887.SH,伊利股份,10004331,069001001001,016170,饮料乳品,1282,183189782356.6,177640617037.4,30.2,0.16583747927,6065886833,5882139637,26.08566445,26.41996431,6.82293964,21.66521312,25.97667401,2.10799055,12.42629034,2020-04-10
600887,600887.SH,伊利股份,10004331,069001001001,016170,饮料乳品,1282,181127380833.38,175640689560.82,29.86,-1.12582781457,6065886833,5882139637,25.79198478,26.122521,6.74612508,21.42130013,25.68422139,2.08425821,12.2863917,2020-04-13
600887,600887.SH,伊利股份,10004331,069001001001,016170,饮料乳品,1282,185130866143.16,179522901721.24,30.52,2.210314802411,6065886833,5882139637,26.36206884,26.69991095,6.89523569,21.89477829,26.25192354,2.13032688,12.55795964,2020-04-14
600887,600887.SH,伊利股份,10004331,069001001001,016170,饮料乳品,1282,181855287253.34,176346546317.26,29.98,-1.769331585845,6065886833,5882139637,25.89563643,26.22750099,6.7732361,21.50738706,25.78743996,2.09263433,12.33576769,2020-04-15
600887,600887.SH,伊利股份,10004331,069001001001,016170,饮料乳品,1282,180763427623.4,175287761182.6,29.8,-0.600400266845,6065886833,5882139637,25.74015896,26.07003101,6.73256958,21.37825666,25.6326121,2.08007015,12.26170371,2020-04-16
600887,600887.SH,伊利股份,10004331,069001001001,016170,饮料乳品,1282,181673310648.35,176170082128.15,29.95,0.503355704698,6065886833,5882139637,25.86972352,26.20125599,6.76645835,21.48586533,25.76163532,2.0905403,12.3234237,2020-04-17
600887,600887.SH,伊利股份,10004331,069001001001,016170,饮料乳品,1282,185009548406.5,179405258928.5,30.5,1.836393989983,6065886833,5882139637,26.34479356,26.68241429,6.89071718,21.88043047,26.23472044,2.12893086,12.54973031,2020-04-20
600887,600887.SH,伊利股份,10004331,069001001001,016170,饮料乳品,1282,182158581594.99,176640653299.11,30.03,-1.540983606557,6065886833,5882139637,25.93882461,26.27124266,6.78453236,21.54325662,25.8304477,2.09612438,12.35634102,2020-04-21
600887,600887.SH,伊利股份,10004331,069001001001,016170,饮料乳品,1282,183978347644.89,178405295190.21,30.33,0.999000999001,6065886833,5882139637,26.19795373,26.53369263,6.85230991,21.75847397,26.08849413,2.11706468,12.47978099,2020-04-22
600887,600887.SH,伊利股份,10004331,069001001001,016170,饮料乳品,1282,186404702378.09,180758151045.01,30.73,1.318826244642,6065886833,5882139637,26.54345922,26.88362593,6.94267997,22.04543044,26.43255604,2.14498509,12.64436762,2020-04-23
600887,600887.SH,伊利股份,10004331,069001001001,016170,饮料乳品,1282,189255669189.6,183522756674.4,31.2,1.529450048812,6065886833,5882139637,26.94942817,27.29479756,7.04886479,22.38260428,26.83682878,2.17779156,12.8377569,2020-04-24
600887,600887.SH,伊利股份,10004331,069001001001,016170,饮料乳品,1282,188224468427.99,182522792936.11,31.03,-0.544871794872,6065886833,5882139637,26.80258834,27.14607591,7.01045751,22.26064779,26.69060247,2.16592539,12.76780759,2020-04-27
600887,600887.SH,伊利股份,10004331,069001001001,016170,饮料乳品,1282,190590164292.86,184816827394.54,31.42,1.256848211408,6065886833,5882139637,27.13945619,27.48726088,7.09856832,22.54043034,27.02606283,2.19314779,12.92827955,2020-04-28
600887,600887.SH,伊利股份,10004331,069001001001,016170,饮料乳品,1282,177669825338.57,172287869967.73,29.29,-6.779121578612,6065886833,5882139637,30.62823674,25.62386605,6.61734775,21.01238716,39.90188491,2.02483077,12.05185576,2020-04-29
600887,600887.SH,伊利股份,10004331,069001001001,016170,饮料乳品,1282,177366530996.92,171993762985.88,29.24,-0.170706725845,6065886833,5882139637,30.57595228,25.58012438,6.60605149,20.9765176,39.83376971,2.02137425,12.03128243,2020-04-30
600887,600887.SH,伊利股份,10004331,069001001001,016170,饮料乳品,1282,176941918918.61,171582013211.29,29.17,-0.239398084815,6065886833,5882139637,30.50275404,25.51888606,6.59023673,20.92630022,39.73840843,2.01653512,12.00247977,2020-05-06
600887,600887.SH,伊利股份,10004331,069001001001,016170,饮料乳品,1282,176274671366.98,170934977851.22,29.06,-0.377099760027,6065886833,5882139637,30.38772822,25.4226544,6.56538496,20.84738719,39.58855499,2.00893077,11.95721845,2020-05-07
600887,600887.SH,伊利股份,10004331,069001001001,016170,饮料乳品,1282,178579708363.52,173170190913.28,29.44,1.307639366827,6065886833,5882139637,30.78509012,25.75509103,6.65123652,21.11999584,40.10623052,2.03520034,12.11357575,2020-05-08
600887,600887.SH,伊利股份,10004331,069001001001,016170,饮料乳品,1282,177245213260.26,171876120193.14,29.22,-0.747282608696,6065886833,5882139637,30.5550385,25.56262772,6.60153299,20.96216978,39.80652363,2.01999164,12.0230531,2020-05-11
600887,600887.SH,伊利股份,10004331,069001001001,016170,饮料乳品,1282,176699283445.29,171346727625.81,29.13,-0.308008213552,6065886833,5882139637,30.46092647,25.48389273,6.58119972,20.89760458,39.68391627,2.0137699,11.98602111,2020-05-12
600887,600887.SH,伊利股份,10004331,069001001001,016170,饮料乳品,1282,178822343836.84,173405476498.76,29.48,1.201510470306,6065886833,5882139637,30.82691769,25.79008436,6.66027353,21.14869148,40.16072268,2.03796556,12.13003441,2020-05-13
600887,600887.SH,伊利股份,10004331,069001001001,016170,饮料乳品,1282,175910718157.0,170582049473.0,29.0,-1.628222523745,6065886833,5882139637,30.32498687,25.3701644,6.55182945,20.80434373,39.50681674,2.00478294,11.93253046,2020-05-14
600887,600887.SH,伊利股份,10004331,069001001001,016170,饮料乳品,1282,172756457003.84,167523336861.76,28.48,-1.793103448276,6065886833,5882139637,29.78122849,24.91525111,6.43434837,20.43130032,38.79841865,1.96883511,11.71856784,2020-05-15
600887,600887.SH,伊利股份,10004331,069001001001,016170,饮料乳品,1282,173969634370.44,168699764789.16,28.68,0.702247191011,6065886833,5882139637,29.99036633,25.09021776,6.4795334,20.57477855,39.07087946,1.9826612,11.80086115,2020-05-18
600887,600887.SH,伊利股份,10004331,069001001001,016170,饮料乳品,1282,175910718157.0,170582049473.0,29.0,1.115760111576,6065886833,5882139637,30.32498687,25.3701644,6.55182945,20.80434373,39.50681674,2.00478294,11.93253046,2020-05-19
600887,600887.SH,伊利股份,10004331,069001001001,016170,饮料乳品,1282,174212269843.76,168935050374.64,28.72,-0.965517241379,6065886833,5882139637,30.03219389,25.12521109,6.48857041,20.6034742,39.12537162,1.98542642,11.81731982,2020-05-20
600887,600887.SH,伊利股份,10004331,069001001001,016170,饮料乳品,1282,173363045687.14,168111550825.46,28.58,-0.487465181058,6065886833,5882139637,29.88579741,25.00273443,6.45694089,20.50303944,38.93464905,1.97574815,11.7597145,2020-05-21
600887,600887.SH,伊利股份,10004331,069001001001,016170,饮料乳品,1282,169177583772.37,164052874475.93,27.89,-2.414275717285,6065886833,5882139637,29.16427186,24.39909949,6.30105253,20.00803953,37.99465928,1.92804815,11.47580257,2020-05-22
600887,600887.SH,伊利股份,10004331,069001001001,016170,饮料乳品,1282,172877774740.5,167640979654.5,28.5,2.187163858014,6065886833,5882139637,29.80214227,24.93274777,6.43886688,20.44564814,38.82566473,1.97021772,11.72679717,2020-05-25
600887,600887.SH,伊利股份,10004331,069001001001,016170,饮料乳品,1282,173605681160.46,168346836410.94,28.62,0.421052631579,6065886833,5882139637,29.92762497,25.03772777,6.46597789,20.53173508,38.98914121,1.97851337,11.77617316,2020-05-26
600887,600887.SH,伊利股份,10004331,069001001001,016170,饮料乳品,1282,174272928712.09,168993871771.01,28.73,0.384346610762,6065886833,5882139637,30.04265079,25.13395942,6.49082966,20.61064811,39.13899466,1.98611772,11.82143448,2020-05-27
600887,600887.SH,伊利股份,10004331,069001001001,016170,饮料乳品,1282,172513821530.52,167288051276.28,28.44,-1.009397841977,6065886833,5882139637,29.73940092,24.88025778,6.42531137,20.40260467,38.74392649,1.96606989,11.70210918,2020-05-28
600887,600887.SH,伊利股份,10004331,069001001001,016170,饮料乳品,1282,172574480398.85,167346872672.65,28.45,0.035161744023,6065886833,5882139637,29.74985781,24.88900611,6.42757062,20.40977859,38.75754953,1.9667612,11.70622384,2020-05-29
600887,600887.SH,伊利股份,10004331,069001001001,016170,饮料乳品,1282,175425447210.36,170111478302.04,28.92,1.652021089631,6065886833,5882139637,30.24133174,25.30017774,6.53375544,20.74695243,39.39783242,1.99925251,11.89961313,2020-06-01
600887,600887.SH,伊利股份,10004331,069001001001,016170,饮料乳品,1282,174940176263.72,169640907131.08,28.84,-0.276625172891,6065886833,5882139637,30.1576766,25.23019108,6.51568143,20.68956114,39.2888481,1.99372207,11.86669581,2020-06-02
600887,600887.SH,伊利股份,10004331,069001001001,016170,饮料乳品,1282,174454905317.08,169170335960.12,28.76,-0.277392510402,6065886833,5882139637,30.07402146,25.16020442,6.49760742,20.63216985,39.17986378,1.98819163,11.83377848,2020-06-03
600887,600887.SH,伊利股份,10004331,069001001001,016170,饮料乳品,1282,175182811737.04,169876192716.56,28.88,0.417246175243,6065886833,5882139637,30.19950417,25.26518441,6.52471843,20.71825679,39.34334026,1.99648729,11.88315447,2020-06-04
600887,600887.SH,伊利股份,10004331,069001001001,016170,饮料乳品,1282,172756457003.84,167523336861.76,28.48,-1.385041551247,6065886833,5882139637,29.78122849,24.91525111,6.43434837,20.43130032,38.79841865,1.96883511,11.71856784,2020-06-05
600887,600887.SH,伊利股份,10004331,069001001001,016170,饮料乳品,1282,183675053303.24,178111188208.36,30.28,6.320224719101,6065886833,5882139637,31.66346905,26.48995097,6.84101365,21.72260441,41.2505659,2.09326991,12.45920766,2020-06-08
600887,600887.SH,伊利股份,10004331,069001001001,016170,饮料乳品,1282,185312842748.15,179699365910.35,30.55,0.891677675033,6065886833,5882139637,31.94580514,26.72615595,6.90201344,21.91630003,41.61838798,2.11193513,12.57030364,2020-06-09
600887,600887.SH,伊利股份,10004331,069001001001,016170,饮料乳品,1282,178033778548.55,172640798345.95,29.35,-1.311365164761,6065886833,5882139637,30.69097809,25.67635604,6.63090326,21.05543063,39.98362315,2.0289786,12.07654375,2020-06-10
600887,600887.SH,伊利股份,10004331,069001001001,016170,饮料乳品,1282,175243470605.37,169935014112.93,28.89,-1.567291311755,6065886833,5882139637,30.20996106,25.27393274,6.52697769,20.7254307,39.3569633,1.99717859,11.88726913,2020-06-11
600887,600887.SH,伊利股份,10004331,069001001001,016170,饮料乳品,1282,176517306840.3,171170263436.7,29.1,0.726895119418,6065886833,5882139637,30.42955579,25.45764773,6.57442197,20.87608284,39.64304715,2.01169599,11.97367711,2020-06-12
600887,600887.SH,伊利股份,10004331,069001001001,016170,饮料乳品,1282,173484363423.8,168229193618.2,28.6,-1.718213058419,6065886833,5882139637,29.90671119,25.0202311,6.46145939,20.51738726,38.96189513,1.97713076,11.76794383,2020-06-15
600887,600887.SH,伊利股份,10004331,069001001001,016170,饮料乳品,1282,175364788342.03,170052656905.67,28.91,1.083916083916,6065886833,5882139637,30.23087484,25.29142941,6.53149619,20.73977852,39.38420938,1.9985612,11.89549847,2020-06-16
600887,600887.SH,伊利股份,10004331,069001001001,016170,饮料乳品,1282,178276414021.87,172876083931.43,29.39,1.660325147008,6065886833,5882139637,30.73280566,25.71134937,6.63994026,21.08412628,40.03811531,2.03174382,12.09300242,2020-06-17
600887,600887.SH,伊利股份,10004331,069001001001,016170,饮料乳品,1282,177366530996.92,171993762985.88,29.24,-0.510377679483,6065886833,5882139637,30.57595228,25.58012438,6.60605149,20.9765176,39.83376971,2.02137425,12.03128243,2020-06-18
600887,600887.SH,伊利股份,10004331,069001001001,016170,饮料乳品,1282,181430675175.03,175934796542.67,29.91,2.291381668947,6065886833,5882139637,31.27656405,26.16626266,6.75742134,21.45716968,40.74651341,2.06769165,12.30696503,2020-06-19
600887,600887.SH,伊利股份,10004331,069001001001,016170,饮料乳品,1282,182522534804.97,176993581677.33,30.09,0.601805416249,6065886833,5882139637,31.4647881,26.32373265,6.79808787,21.58630009,40.99172813,2.08013513,12.38102901,2020-06-22
600887,600887.SH,伊利股份,10004331,069001001001,016170,饮料乳品,1282,183432417829.92,177875902622.88,30.24,0.49850448654,6065886833,5882139637,31.62164148,26.45495764,6.83197664,21.69390877,41.19607374,2.0905047,12.442749,2020-06-23
600887,600887.SH,伊利股份,10004331,069001001001,016170,饮料乳品,1282,186950632193.06,181287543612.34,30.82,1.917989417989,6065886833,5882139637,32.22814122,26.96236093,6.96301323,22.10999564,41.98621007,2.13060035,12.68139961,2020-06-24
600887,600887.SH,伊利股份,10004331,069001001001,016170,饮料乳品,1282,187314585403.04,181640471990.56,30.88,0.194678780013,6065886833,5882139637,32.29088257,27.01485092,6.97656874,22.15303911,42.06794831,2.13474818,12.7060876,2020-06-29
600887,600887.SH,伊利股份,10004331,069001001001,016170,饮料乳品,1282,189394082073.79,183674031862.31,31.13,0.809585492228,6083973083,5900225887,32.64936391,27.31475972,7.40369172,22.39897389,42.53497099,2.15844736,12.84714585,2020-06-30
600887,600887.SH,伊利股份,10004331,069001001001,016170,饮料乳品,1282,194017901616.87,188158203536.43,31.89,2.441374879537,6083973083,5900225887,33.44645728,27.9816154,7.58444359,22.94581681,43.57340908,2.21114315,13.16079284,2020-07-01
600887,600887.SH,伊利股份,10004331,069001001001,016170,饮料乳品,1282,194322100271.02,188453214830.78,31.94,0.156788962057,6083973083,5900225887,33.49889763,28.02548749,7.59633516,22.98179332,43.64172738,2.21460998,13.18142751,2020-07-02
600887,600887.SH,伊利股份,10004331,069001001001,016170,饮料乳品,1282,192192709691.97,186388135770.33,31.59,-1.095804633688,6083973083,5900225887,33.13181516,27.7183829,7.51309417,22.72995776,43.16349931,2.19034218,13.03698482,2020-07-03
600887,600887.SH,伊利股份,10004331,069001001001,016170,饮料乳品,1282,205638290205.4,199427634980.6,33.8,6.995884773663,6083973083,5900225887,35.44967877,29.65752903,8.03870158,24.32011942,46.18316798,2.343576,13.94903725,2020-07-06
600887,600887.SH,伊利股份,10004331,069001001001,016170,饮料乳品,1282,204421495588.8,198247589803.2,33.6,-0.591715976331,6083973083,5900225887,35.23991736,29.48204069,7.9911353,24.17621339,45.9098948,2.32970868,13.86649857,2020-07-07
600887,600887.SH,伊利股份,10004331,069001001001,016170,饮料乳品,1282,211965622211.72,205563869903.08,34.84,3.690476190476,6083973083,5900225887,36.54043812,30.57006838,8.28604624,25.06843078,47.60418854,2.41568603,14.3782384,2020-07-08
600887,600887.SH,伊利股份,10004331,069001001001,016170,饮料乳品,1282,213060737366.66,206625910562.74,35.02,0.516647531573,6083973083,5900225887,36.72922339,30.72800789,8.32885589,25.19794621,47.8501344,2.42816661,14.45252321,2020-07-09
600887,600887.SH,伊利股份,10004331,069001001001,016170,饮料乳品,1282,210262109748.48,203911806654.72,34.56,-1.313535122787,6083973083,5900225887,36.24677214,30.32438471,8.21945345,24.86696234,47.22160608,2.39627179,14.26268424,2020-07-10
600887,600887.SH,伊利股份,10004331,069001001001,016170,饮料乳品,1282,215676845792.35,209163007694.15,35.45,2.575231481481,6083973083,5900225887,37.18021042,31.10530781,8.4311234,25.50734418,48.43767175,2.45798133,14.62998138,2020-07-13
600887,600887.SH,伊利股份,10004331,069001001001,016170,饮料乳品,1282,213912493598.28,207451942186.92,35.16,-0.818053596615,6083973083,5900225887,36.87605638,30.85084972,8.36215229,25.29868044,48.04142563,2.43787373,14.51030029,2020-07-14
600887,600887.SH,伊利股份,10004331,069001001001,016170,饮料乳品,1282,215676845792.35,209163007694.15,35.45,0.824800910125,6083973083,5900225887,37.18021042,31.10530781,8.4311234,25.50734418,48.43767175,2.45798133,14.62998138,2020-07-15
600887,600887.SH,伊利股份,10004331,069001001001,016170,饮料乳品,1282,201379509047.3,195297476859.7,33.1,-6.629055007052,6083973083,5900225887,34.71551382,29.04331985,7.87221959,23.81644831,45.22671184,2.2950404,13.66015187,2020-07-16
600887,600887.SH,伊利股份,10004331,069001001001,016170,饮料乳品,1282,208984475401.05,202672759218.45,34.35,3.776435045317,6083973083,5900225887,36.02652265,30.14012195,8.16950885,24.71586101,46.93466924,2.38171111,14.17601863,2020-07-17
600887,600887.SH,伊利股份,10004331,069001001001,016170,饮料乳品,1282,203448059895.52,197303553661.28,33.44,-2.649199417758,6083973083,5900225887,35.07210823,29.34165002,7.95308227,24.06108856,45.69127625,2.31861483,13.80046763,2020-07-20
600887,600887.SH,伊利股份,10004331,069001001001,016170,饮料乳品,1282,207220123206.98,200961693711.22,34.06,1.854066985646,6083973083,5900225887,35.72236861,29.88566387,8.10053774,24.50719726,46.53842312,2.3616035,14.05633754,2020-07-21
600887,600887.SH,伊利股份,10004331,069001001001,016170,饮料乳品,1282,219023030988.0,212408131932.0,36.0,5.695830886671,6083973083,5900225887,37.75705431,31.58790074,8.56193067,25.90308577,49.189173,2.49611644,14.85696276,2020-07-22
600887,600887.SH,伊利股份,10004331,069001001001,016170,饮料乳品,1282,216224403369.82,209694028023.98,35.54,-1.277777777778,6083973083,5900225887,37.27460306,31.18427756,8.45252823,25.5721019,48.56064468,2.46422162,14.66712379,2020-07-23
600887,600887.SH,伊利股份,10004331,069001001001,016170,饮料乳品,1282,207037604014.49,200784686934.61,34.03,-4.248733821047,6083973083,5900225887,35.69090439,29.85934062,8.0934028,24.48561135,46.49743214,2.35952341,14.04395674,2020-07-24
600887,600887.SH,伊利股份,10004331,069001001001,016170,饮料乳品,1282,206246687513.7,200017657569.3,33.9,-0.382015868351,6083973083,5900225887,35.55455948,29.7452732,8.06248472,24.39207243,46.31980458,2.35050965,13.99030659,2020-07-27
600887,600887.SH,伊利股份,10004331,069001001001,016170,饮料乳品,1282,215110432494.88,208631987364.32,35.36,4.306784660767,6083439833,5900225887,37.08256728,31.02361865,8.40898148,25.44035647,48.31046411,2.45152615,14.59155993,2020-07-28
600887,600887.SH,伊利股份,10004331,069001001001,016170,饮料乳品,1282,218212986809.71,211641102566.69,35.87,1.442307692308,6083439833,5900225887,37.617412,31.47107469,8.53026486,25.80728469,49.00724965,2.4868847,14.80201513,2020-07-29
600887,600887.SH,伊利股份,10004331,069001001001,016170,饮料乳品,1282,219125502784.66,212526136449.74,36.02,0.418176749373,6083439833,5900225887,37.77471927,31.60267941,8.56593645,25.91520475,49.21218658,2.49728427,14.86391371,2020-07-30
600887,600887.SH,伊利股份,10004331,069001001001,016170,饮料乳品,1282,222836401082.79,216125274240.81,36.63,1.693503609106,6083439833,5900225887,38.4144355,32.13787192,8.71100089,26.35407968,50.04559673,2.53957587,15.11563463,2020-07-31
600887,600887.SH,伊利股份,10004331,069001001001,016170,饮料乳品,1282,231779057637.3,224798606294.7,38.1,4.013104013104,6083439833,5900225887,39.95604676,33.42759815,9.06058242,27.41169631,52.05397858,2.6414917,15.72224077,2020-08-03
600887,600887.SH,伊利股份,10004331,069001001001,016170,饮料乳品,1282,229771522492.41,222851531751.99,37.77,-0.866141732283,6083439833,5900225887,39.60997076,33.13806777,8.98210493,27.17427217,51.60311735,2.61861263,15.58606388,2020-08-04
600887,600887.SH,伊利股份,10004331,069001001001,016170,饮料乳品,1282,229519582459.09,222606920276.51,37.73,-0.105904156738,6083211833,5899997887,39.56653919,33.10173252,8.97225623,27.1444761,51.54653553,2.61574137,15.56897406,2020-08-05
600887,600887.SH,伊利股份,10004331,069001001001,016170,饮料乳品,1282,225869655359.29,219066921544.31,37.13,-1.590246488206,6083211833,5899997887,38.93733369,32.57533338,8.82957524,26.71281202,50.72681856,2.57414464,15.321389,2020-08-06
600887,600887.SH,伊利股份,10004331,069001001001,016170,饮料乳品,1282,221611407076.19,214936923023.41,36.43,-1.885267977377,6083211833,5899997887,38.20326061,31.96120106,8.66311408,26.20920393,49.77048209,2.52561512,15.03253976,2020-08-07
600887,600887.SH,伊利股份,10004331,069001001001,016170,饮料乳品,1282,221550574957.86,214877923044.54,36.42,-0.027449903925,6083211833,5899997887,38.19277385,31.95242774,8.66073606,26.20200953,49.75682014,2.52492184,15.02841334,2020-08-10
600887,600887.SH,伊利股份,10004331,069001001001,016170,饮料乳品,1282,218995625988.0,212399923932.0,36.0,-1.153212520593,6083211833,5899997887,37.75233,31.58394834,8.56085937,25.89984468,49.18301826,2.49580412,14.85510379,2020-08-11
600887,600887.SH,伊利股份,10004331,069001001001,016170,饮料乳品,1282,214859041941.56,208387925368.84,35.32,-1.888888888889,6083211833,5899997887,37.03923044,30.98736265,8.39915425,25.41062539,48.2540057,2.44866115,14.57450739,2020-08-12
600887,600887.SH,伊利股份,10004331,069001001001,016170,饮料乳品,1282,211939100261.72,205555926383.08,34.84,-1.359003397508,6083211833,5899997887,36.53586604,30.56624334,8.28500946,25.06529413,47.59823212,2.41538377,14.37643934,2020-08-13
600887,600887.SH,伊利股份,10004331,069001001001,016170,饮料乳品,1282,214372384994.92,207915925537.88,35.24,1.148105625718,6083211833,5899997887,36.95533637,30.9171761,8.38013012,25.35307018,48.1447101,2.44311492,14.54149605,2020-08-14
600887,600887.SH,伊利股份,10004331,069001001001,016170,饮料乳品,1282,215041538296.55,208564925305.45,35.35,0.312145289444,6083211833,5899997887,37.07069071,31.01368261,8.4062883,25.43220859,48.29499154,2.45074099,14.58688664,2020-08-17
600887,600887.SH,伊利股份,10004331,069001001001,016170,饮料乳品,1282,219847275644.62,213225923636.18,36.14,2.234794908062,6083211833,5899997887,37.89914462,31.70677481,8.5941516,26.0005663,49.37428556,2.50551003,14.91287364,2020-08-18
600887,600887.SH,伊利股份,10004331,069001001001,016170,饮料乳品,1282,212851582036.67,206440926066.13,34.99,-3.182069728832,6083211833,5899997887,36.69316741,30.69784312,8.32067971,25.17321015,47.80316136,2.42578295,14.43833561,2020-08-19
600887,600887.SH,伊利股份,10004331,069001001001,016170,饮料乳品,1282,207255027150.31,201012928010.09,34.07,-2.629322663618,6083211833,5899997887,35.72838564,29.89069778,8.10190219,24.51132523,46.54626201,2.36200129,14.05870517,2020-08-20
600887,600887.SH,伊利股份,10004331,069001001001,016170,饮料乳品,1282,212243260853.37,205850926277.43,34.89,2.406809509833,6083211833,5899997887,36.58829983,30.61010993,8.29689954,25.10126613,47.66654187,2.41885016,14.39707143,2020-08-21
600887,600887.SH,伊利股份,10004331,069001001001,016170,饮料乳品,1282,214250720758.26,207797925580.14,35.22,0.945829750645,6083211833,5899997887,36.93436285,30.89962946,8.37537409,25.33868138,48.1173862,2.44172837,14.53324321,2020-08-24
600887,600887.SH,伊利股份,10004331,069001001001,016170,饮料乳品,1282,214433217113.25,207974925516.75,35.25,0.085178875639,6083211833,5899997887,36.96582313,30.92594942,8.38250814,25.36026458,48.15837205,2.4438082,14.54562247,2020-08-25
600887,600887.SH,伊利股份,10004331,069001001001,016170,饮料乳品,1282,217900647858.06,211337924312.34,35.82,1.617021276596,6083211833,5899997887,37.56356835,31.4260286,8.51805508,25.77034545,48.93710317,2.4833251,14.78082828,2020-08-26
600887,600887.SH,伊利股份,10004331,069001001001,016170,饮料乳品,1282,224470516637.7,217709922030.3,36.9,3.015075376884,6083211833,5899997887,38.69613825,32.37354705,8.77488086,26.54734079,50.41259372,2.55819922,15.22648139,2020-08-27
600887,600887.SH,伊利股份,10004331,069001001001,016170,饮料乳品,1282,246917568301.47,239480914233.33,40.59,10.0,6083211833,5899997887,35.84503644,35.61090175,9.65236894,29.20207487,29.35230546,2.6641719,16.74912953,2020-08-28
600887,600887.SH,伊利股份,10004331,069001001001,016170,饮料乳品,1282,255129904276.02,247445911380.78,41.94,3.325942350333,6083211833,5899997887,37.03722168,36.79529982,9.97340117,30.17331905,30.32854622,2.75278073,17.30619592,2020-08-31
600887,600887.SH,伊利股份,10004331,069001001001,016170,饮料乳品,1282,252574955306.16,244967912268.24,41.52,-1.001430615165,6083211833,5899997887,36.66631961,36.42682042,9.87352448,29.87115419,30.02482687,2.72521354,17.13288638,2020-09-01
600887,600887.SH,伊利股份,10004331,069001001001,016170,饮料乳品,1282,253061612252.8,245439912099.2,41.6,0.19267822736,6083211833,5899997887,36.73696762,36.49700697,9.89254861,29.92870941,30.08267817,2.73046443,17.16589772,2020-09-02
600887,600887.SH,伊利股份,10004331,069001001001,016170,饮料乳品,1282,252757451661.15,245144912204.85,41.55,-0.120192307692,6083211833,5899997887,36.69281261,36.45314038,9.88065853,29.8927374,30.04652111,2.72718262,17.14526563,2020-09-03
600887,600887.SH,伊利股份,10004331,069001001001,016170,饮料乳品,1282,249290020916.34,241781913409.26,40.98,-1.371841155235,6083211833,5899997887,36.18944551,35.95306119,9.74511159,29.48265652,29.63433057,2.68977001,16.91005982,2020-09-04
600887,600887.SH,伊利股份,10004331,069001001001,016170,饮料乳品,1282,245640093816.54,238241914677.06,40.38,-1.464128843338,6083211833,5899997887,35.6595854,35.42666205,9.6024306,29.05099245,29.20044578,2.65038831,16.66247476,2020-09-07
600887,600887.SH,伊利股份,10004331,069001001001,016170,饮料乳品,1282,242598487900.04,235291915733.56,39.88,-1.238236750867,6083211833,5899997887,35.21803531,34.98799611,9.48352977,28.69127238,28.83887513,2.61757023,16.45615387,2020-09-08
600887,600887.SH,伊利股份,10004331,069001001001,016170,饮料乳品,1282,238279407498.61,231102917233.79,39.17,-1.780341023069,6083211833,5899997887,34.59103418,34.36509046,9.3146906,28.18046989,28.32544481,2.57096855,16.16317821,2020-09-09
600887,600887.SH,伊利股份,10004331,069001001001,016170,饮料乳品,1282,236150283357.06,229037917973.34,38.82,-0.893540975236,6083211833,5899997887,34.28194911,34.05802429,9.23146002,27.92866584,28.07234535,2.54799589,16.01875359,2020-09-10
600887,600887.SH,伊利股份,10004331,069001001001,016170,饮料乳品,1282,236271947593.72,229155917931.08,38.84,0.051519835137,6083211833,5899997887,34.29961112,34.07557093,9.23621606,27.94305465,28.08680818,2.54930862,16.02700643,2020-09-11
600887,600887.SH,伊利股份,10004331,069001001001,016170,饮料乳品,1282,237366925723.66,230217917550.74,39.02,0.463439752832,6083211833,5899997887,34.45856915,34.23349067,9.27902035,28.07255387,28.21697361,2.56112313,16.10128195,2020-09-14
600887,600887.SH,伊利股份,10004331,069001001001,016170,饮料乳品,1282,242902648491.69,235586915627.91,39.93,2.332137365454,6083211833,5899997887,35.26219032,35.0318627,9.49541985,28.72724439,28.8750322,2.62085204,16.47678596,2020-09-15
600887,600887.SH,伊利股份,10004331,069001001001,016170,饮料乳品,1282,237853582670.3,230689917381.7,39.1,-2.078637615828,6083211833,5899997887,34.52921716,34.30367722,9.29804448,28.13010908,28.27482492,2.56637402,16.13429329,2020-09-16
600887,600887.SH,伊利股份,10004331,069001001001,016170,饮料乳品,1282,232135363547.28,225143919367.92,38.16,-2.404092071611,6083211833,5899997887,33.69910299,33.47898524,9.07451093,27.45383536,27.59507209,2.50467603,15.74641002,2020-09-17
600887,600887.SH,伊利股份,10004331,069001001001,016170,饮料乳品,1282,239374385628.55,232164916853.45,39.35,3.118448637317,6083211833,5899997887,34.74999221,34.5230102,9.3574949,28.30996911,28.45561024,2.58278306,16.23745373,2020-09-18
600887,600887.SH,伊利股份,10004331,069001001001,016170,饮料乳品,1282,234507816162.15,227444918543.85,38.55,-2.033036848793,6083211833,5899997887,34.04351206,33.82114468,9.16725358,27.73441701,27.8770972,2.53027413,15.90734031,2020-09-21
600887,600887.SH,伊利股份,10004331,069001001001,016170,饮料乳品,1282,234994473108.79,227916918374.81,38.63,0.207522697795,6083211833,5899997887,34.11416008,33.89133123,9.18627771,27.79197222,27.93494851,2.53552502,15.94035166,2020-09-22
600887,600887.SH,伊利股份,10004331,069001001001,016170,饮料乳品,1282,236332779712.05,229214917909.95,38.85,0.569505565623,6083211833,5899997887,34.30844212,34.08434425,9.23859407,27.95024905,28.09403959,2.54996498,16.03113285,2020-09-23
600887,600887.SH,伊利股份,10004331,069001001001,016170,饮料乳品,1282,230553728470.7,223609919917.3,37.9,-2.445302445302,6083211833,5899997887,33.46949694,33.25087895,9.01268251,27.26678092,27.40705535,2.48761062,15.63912316,2020-09-24
600887,600887.SH,伊利股份,10004331,069001001001,016170,饮料乳品,1282,231831202955.63,224848919473.57,38.11,0.554089709763,6083211833,5899997887,33.65494798,33.43511865,9.06262085,27.41786335,27.55891503,2.50139422,15.72577793,2020-09-25
600887,600887.SH,伊利股份,10004331,069001001001,016170,饮料乳品,1282,232257027783.94,225261919325.66,38.18,0.183678824456,6083211833,5899997887,33.71676499,33.49653188,9.07926697,27.46822416,27.60953492,2.50598875,15.75466286,2020-09-28
600887,600887.SH,伊利股份,10004331,069001001001,016170,饮料乳品,1282,232926181085.57,225910919093.23,38.29,0.288108957569,6083211833,5899997887,33.81390601,33.59303839,9.10542515,27.54736257,27.68908046,2.51320873,15.80005345,2020-09-29
600887,600887.SH,伊利股份,10004331,069001001001,016170,饮料乳品,1282,234203655570.5,227149918649.5,38.5,0.54844606947,6083211833,5899997887,33.99935705,33.77727809,8.24630035,27.698445,27.84094014,2.52699232,15.88670823,2020-09-30
600887,600887.SH,伊利股份,10004331,069001001001,016170,饮料乳品,1282,245153436869.9,237769914846.1,40.3,4.675324675325,6083211833,5899997887,35.58893738,35.3564755,8.63184167,28.99343724,29.14259448,2.64513742,16.62946341,2020-10-09
600887,600887.SH,伊利股份,10004331,069001001001,016170,饮料乳品,1282,253609101317.77,245970911909.03,41.69,3.449131513648,6083211833,5899997887,36.81644664,36.57596684,8.92956524,29.99345902,30.14776089,2.73637169,17.20303548,2020-10-12
600887,600887.SH,伊利股份,10004331,069001001001,016170,饮料乳品,1282,252331626832.84,244731912352.76,41.48,-0.503717917966,6083211833,5899997887,36.6309956,36.39172714,8.88458542,29.84237659,29.99590122,2.72258809,17.11638071,2020-10-13
600887,600887.SH,伊利股份,10004331,069001001001,016170,饮料乳品,1282,254278254619.4,246619911676.6,41.8,0.771456123433,6083211833,5899997887,36.91358766,36.67247335,8.9531261,30.07259743,30.22730643,2.74359166,17.24842607,2020-10-14
600887,600887.SH,伊利股份,10004331,069001001001,016170,饮料乳品,1282,252270794714.51,244672912373.89,41.47,-0.789473684211,6083211833,5899997887,36.6221646,36.38295382,8.88244352,29.83518219,29.9886698,2.72193173,17.11225429,2020-10-15
600887,600887.SH,伊利股份,10004331,069001001001,016170,饮料乳品,1282,250689159637.93,243138912923.27,41.21,-0.626959247649,6083211833,5899997887,36.39255855,36.15484753,8.82675422,29.64812775,29.80065307,2.70486633,17.00496743,2020-10-16
600887,600887.SH,伊利股份,10004331,069001001001,016170,饮料乳品,1282,244423451449.94,237061915099.66,40.18,-2.499393351128,6083211833,5899997887,35.48296536,35.25119567,8.60613891,28.90710442,29.05581752,2.63726108,16.5799464,2020-10-19
600887,600887.SH,伊利股份,10004331,069001001001,016170,饮料乳品,1282,252453291069.5,244849912310.5,41.5,3.285216525635,6083211833,5899997887,36.6486576,36.40927378,8.88886921,29.85676539,30.01036404,2.72390081,17.12463354,2020-10-20
600887,600887.SH,伊利股份,10004331,069001001001,016170,饮料乳品,1282,254582415211.05,246914911570.95,41.85,0.843373493976,6083211833,5899997887,36.95774267,36.71633994,8.96383558,30.10856944,30.2634635,2.74687347,17.26905816,2020-10-21
600887,600887.SH,伊利股份,10004331,069001001001,016170,饮料乳品,1282,256346546642.62,249900190846.18,42.14,0.692951015532,6083211833,5930237087,37.21384172,36.9707662,9.02595057,30.31720708,30.47317448,2.76590796,17.38872428,2020-10-22
600887,600887.SH,伊利股份,10004331,069001001001,016170,饮料乳品,1282,246065918644.85,239878090169.15,40.45,-4.010441385857,6083211833,5930237087,35.72140241,35.48807529,8.66397011,29.10135326,29.25106568,2.65498284,16.69135968,2020-10-23
600887,600887.SH,伊利股份,10004331,069001001001,016170,饮料乳品,1282,251844969886.2,245511815401.8,41.4,2.348578491965,6083211833,5930237087,36.56034758,36.32154059,8.86745025,29.78482138,29.93804991,2.7173372,17.08336936,2020-10-26
600887,600887.SH,伊利股份,10004331,069001001001,016170,饮料乳品,1282,250749991756.26,244444372726.14,41.22,-0.434782608696,6083211833,5930237087,36.40138955,36.16362085,8.82889612,29.65532216,29.80788448,2.70552269,17.00909385,2020-10-27
600887,600887.SH,伊利股份,10004331,069001001001,016170,饮料乳品,1282,261517276700.67,254940892370.13,42.99,4.29403202329,6083211833,5930237087,37.96447688,37.71649831,9.20801174,30.92873119,31.08784458,2.8216987,17.73946978,2020-10-28
600887,600887.SH,伊利股份,10004331,069001001001,016170,饮料乳品,1282,268512970308.62,261760665020.18,44.14,2.675040707141,6083211833,5930237087,38.98004209,38.72542999,9.45432981,31.75608734,31.91945708,2.89718029,18.21400782,2020-10-29
600887,600887.SH,伊利股份,10004331,069001001001,016170,饮料乳品,1282,241686006125.09,235608319466.51,39.73,-9.990937924785,6083211833,5930237087,32.98366818,34.85639632,8.50975358,28.58335636,23.77133123,2.53560714,16.3942576,2020-10-30
600887,600887.SH,伊利股份,10004331,069001001001,016170,饮料乳品,1282,230553728470.7,224755985597.3,37.9,-4.606091115026,6083211833,5930237087,31.46441037,33.25087895,8.11778658,27.26678092,22.67640205,2.41881477,15.63912316,2020-11-02
600887,600887.SH,伊利股份,10004331,069001001001,016170,饮料乳品,1282,237914414788.63,231931572472.57,39.11,3.192612137203,6083211833,5930237087,32.46894695,34.31245054,8.37695602,28.13730348,23.40037162,2.49603814,16.13841971,2020-11-03
600887,600887.SH,伊利股份,10004331,069001001001,016170,饮料乳品,1282,240043538930.18,234007155453.02,39.46,0.894911787267,6083211833,5930237087,32.75951539,34.61951671,8.45192239,28.38910753,23.6097843,2.51837548,16.28284433,2020-11-04
600887,600887.SH,伊利股份,10004331,069001001001,016170,饮料乳品,1282,240165203166.84,234125760194.76,39.48,0.050684237202,6083211833,5930237087,32.7761193,34.63706335,8.45620618,28.40349633,23.62175074,2.5196519,16.29109716,2020-11-05
600887,600887.SH,伊利股份,10004331,069001001001,016170,饮料乳品,1282,236515276067.04,230567617942.56,38.88,-1.519756838906,6083211833,5930237087,32.27800198,34.11066421,8.32769241,27.97183225,23.26275757,2.48135932,16.0435121,2020-11-06
600887,600887.SH,伊利股份,10004331,069001001001,016170,饮料乳品,1282,240347699521.83,234303667307.37,39.51,1.62037037037,6083211833,5930237087,32.80102516,34.6633833,8.46263187,28.42507953,23.6397004,2.52156653,16.30347642,2020-11-09
600887,600887.SH,伊利股份,10004331,069001001001,016170,饮料乳品,1282,236880268777.02,230923432167.78,38.94,-1.442672741078,6083211833,5930237087,32.32781371,34.16330412,8.34054378,28.01499866,23.29865689,2.48518857,16.0682706,2020-11-10
600887,600887.SH,伊利股份,10004331,069001001001,016170,饮料乳品,1282,238826896563.58,232821108035.62,39.26,0.821777092964,6083211833,5930237087,32.59347628,34.44405033,8.40908446,28.2452195,23.49011991,2.50561128,16.20031597,2020-11-11
600887,600887.SH,伊利股份,10004331,069001001001,016170,饮料乳品,1282,237306093605.33,231338548763.87,39.01,-0.636780438105,6083211833,5930237087,32.3859274,34.22471735,8.35553706,28.06535947,23.34053942,2.48965604,16.09715553,2020-11-12
600887,600887.SH,伊利股份,10004331,069001001001,016170,饮料乳品,1282,233108677440.56,227246685173.84,38.32,-1.768777236606,6083211833,5930237087,31.81309249,33.61935834,8.20774622,27.56894578,22.92769727,2.44561957,15.81243271,2020-11-13
600887,600887.SH,伊利股份,10004331,069001001001,016170,饮料乳品,1282,232500356257.26,226653661465.14,38.22,-0.260960334029,6083211833,5930237087,31.73007294,33.53162515,8.18632726,27.49700177,22.86786508,2.43923748,15.77116853,2020-11-16
600887,600887.SH,伊利股份,10004331,069001001001,016170,饮料乳品,1282,230979553299.01,225171102193.39,37.97,-0.654107796965,6083211833,5930237087,31.52252405,33.31229218,8.13277985,27.31714173,22.71828459,2.42328223,15.66800809,2020-11-17
600887,600887.SH,伊利股份,10004331,069001001001,016170,饮料乳品,1282,233169509558.89,227305987544.71,38.33,0.948116934422,6083211833,5930237087,31.82139444,33.62813166,8.20988812,27.57614018,22.93368049,2.44625778,15.81655912,2020-11-18
600887,600887.SH,伊利股份,10004331,069001001001,016170,饮料乳品,1282,237731918433.64,231753665359.96,39.08,1.956691886251,6083211833,5930237087,32.44404109,34.28613059,8.37053033,28.11572028,23.38242196,2.49412351,16.12604045,2020-11-19
600887,600887.SH,伊利股份,10004331,069001001001,016170,饮料乳品,1282,238644400208.59,232643200923.01,39.23,0.383828045036,6083211833,5930237087,32.56857042,34.41773037,8.40265877,28.2236363,23.47217025,2.50369666,16.18793672,2020-11-20
600887,600887.SH,伊利股份,10004331,069001001001,016170,饮料乳品,1282,240347699521.83,234303667307.37,39.51,0.713739485088,6083211833,5930237087,32.80102516,34.6633833,8.46263187,28.42507953,23.6397004,2.52156653,16.30347642,2020-11-23
600887,600887.SH,伊利股份,10004331,069001001001,016170,饮料乳品,1282,235420297937.1,229500175266.9,38.7,-2.050113895216,6083211833,5930237087,32.12856679,33.95274447,8.28913828,27.84233303,23.15505962,2.46987154,15.96923658,2020-11-24
600887,600887.SH,伊利股份,10004331,069001001001,016170,饮料乳品,1282,229884575169.07,224103659517.73,37.79,-2.35142118863,6083211833,5930237087,31.37308886,33.15437244,8.09422572,27.18764251,22.61058664,2.41179446,15.59373257,2020-11-25
600887,600887.SH,伊利股份,10004331,069001001001,016170,饮料乳品,1282,231892035073.96,226060637756.44,38.12,0.873246890712,6083211833,5930237087,31.64705338,33.44389196,8.1649083,27.42505775,22.80803288,2.43285538,15.72990435,2020-11-26
600887,600887.SH,伊利股份,10004331,069001001001,016170,饮料乳品,1282,232987013203.9,227128080432.1,38.3,0.472193074502,6083211833,5930237087,31.79648858,33.60181171,8.20346243,27.55455698,22.91573084,2.44434315,15.80417987,2020-11-27
600887,600887.SH,伊利股份,10004331,069001001001,016170,饮料乳品,1282,229884575169.07,224103659517.73,37.79,-1.331592689295,6083211833,5930237087,31.37308886,33.15437244,8.09422572,27.18764251,22.61058664,2.41179446,15.59373257,2020-11-30
600887,600887.SH,伊利股份,10004331,069001001001,016170,饮料乳品,1282,234507816162.15,228610639703.85,38.55,2.011114051336,6083211833,5930237087,32.00403746,33.82114468,8.25700983,27.73441701,23.06531132,2.4602984,15.90734031,2020-12-01
600887,600887.SH,伊利股份,10004331,069001001001,016170,饮料乳品,1282,234446984043.82,228551337332.98,38.54,-0.025940337224,6083211833,5930237087,31.9957355,33.81237136,8.25486794,27.72722261,23.0593281,2.45966019,15.9032139,2020-12-02
600887,600887.SH,伊利股份,10004331,069001001001,016170,饮料乳品,1282,236880268777.02,230923432167.78,38.94,1.037882719253,6083211833,5930237087,32.32781371,34.16330412,8.34054378,28.01499866,23.29865689,2.48518857,16.0682706,2020-12-03
600887,600887.SH,伊利股份,10004331,069001001001,016170,饮料乳品,1282,242050998835.07,235964133691.73,39.79,2.182845403184,6083211833,5930237087,33.03347991,34.90903623,8.52260496,28.62652277,23.80723055,2.5394364,16.41901611,2020-12-04
600887,600887.SH,伊利股份,10004331,069001001001,016170,饮料乳品,1282,244423451449.94,238276926155.66,40.18,0.980145765268,6083211833,5930237087,33.35725616,35.25119567,8.60613891,28.90710442,24.04057611,2.56432658,16.5799464,2020-12-07
600887,600887.SH,伊利股份,10004331,069001001001,016170,饮料乳品,1282,247465057366.44,241242044699.16,40.68,1.244400199104,6083211833,5930237087,33.77235393,35.68986162,8.71323372,29.26682449,24.33973709,2.59623706,16.78626729,2020-12-08
600887,600887.SH,伊利股份,10004331,069001001001,016170,饮料乳品,1282,244788444159.92,238632740380.88,40.24,-1.081612586037,6083211833,5930237087,33.40706789,35.30383559,8.61899029,28.95027083,24.07647543,2.56815584,16.60470491,2020-12-09
600887,600887.SH,伊利股份,10004331,069001001001,016170,饮料乳品,1282,239861042575.19,233829248340.41,39.43,-2.012922465209,6083211833,5930237087,32.73460952,34.59319675,8.4454967,28.36752432,23.59183464,2.51646085,16.27046507,2020-12-10
600887,600887.SH,伊利股份,10004331,069001001001,016170,饮料乳品,1282,237488589960.32,231516455876.48,39.04,-0.989094598022,6083211833,5930237087,32.41083327,34.25103731,8.36196275,28.08694267,23.35848908,2.49157067,16.10953478,2020-12-11
600887,600887.SH,伊利股份,10004331,069001001001,016170,饮料乳品,1282,243693466029.98,237565297705.22,40.06,2.612704918033,6083211833,5930237087,33.2576327,35.14591585,8.58043616,28.8207716,23.96877747,2.55666806,16.53042939,2020-12-14
600887,600887.SH,伊利股份,10004331,069001001001,016170,饮料乳品,1282,245761758053.2,239581578314.8,40.4,0.848726909636,6083211833,5930237087,33.53989918,35.44420869,8.65326063,29.06538125,24.17220694,2.57836719,16.67072759,2020-12-15
600887,600887.SH,伊利股份,10004331,069001001001,016170,饮料乳品,1282,246309247118.17,240115299652.63,40.49,0.222772277228,6083211833,5930237087,33.61461678,35.52316856,8.67253769,29.13013086,24.22605591,2.58411108,16.70786535,2020-12-16
600887,600887.SH,伊利股份,10004331,069001001001,016170,饮料乳品,1282,251273231851.23,244978094063.97,41.31,2.025191405285,6082624833,5930237087,34.29206777,36.23908349,8.84731938,29.71720393,24.71429488,2.63618987,17.04458673,2020-12-17
600887,600887.SH,伊利股份,10004331,069001001001,016170,饮料乳品,1282,247562830703.1,241360649440.9,40.7,-1.476640038732,6082624833,5930237087,33.78569737,35.70396267,8.71667632,29.2783878,24.34935371,2.59726283,16.79289954,2020-12-18
600887,600887.SH,伊利股份,10004331,069001001001,016170,饮料乳品,1282,252428930569.5,246104839110.5,41.5,1.965601965602,6082624833,5930237087,34.4497897,36.40576046,8.88801148,29.85388436,24.82796508,2.64831468,17.1229811,2020-12-21
600887,600887.SH,伊利股份,10004331,069001001001,016170,饮料乳品,1282,249144313159.68,242902511083.52,40.96,-1.301204819277,6082624833,5930237087,34.00152738,35.93204696,8.77236024,29.46542418,24.5049024,2.61385469,16.90017604,2020-12-22
600887,600887.SH,伊利股份,10004331,069001001001,016170,饮料乳品,1282,252854714307.81,246519955706.59,41.57,1.4892578125,6082624833,5930237087,34.50789778,36.46716777,8.9030033,29.90424031,24.86984358,2.65278172,17.15186324,2020-12-23
600887,600887.SH,伊利股份,10004331,069001001001,016170,饮料乳品,1282,246407131984.83,240233904394.37,40.51,-2.549915804667,6082624833,5930237087,33.62797544,35.5372857,8.67598422,29.14170736,24.2356835,2.58513802,16.71450516,2020-12-24
600887,600887.SH,伊利股份,10004331,069001001001,016170,饮料乳品,1282,243304993320.0,237209483480.0,40.0,-1.258948407801,6082624833,5930237087,33.20461658,35.0898896,8.56675805,28.7748283,23.93056875,2.55259247,16.50407817,2020-12-25
600887,600887.SH,伊利股份,10004331,069001001001,016170,饮料乳品,1282,254801154254.37,248417631574.43,41.89,4.725,6082624833,5930237087,34.77353471,36.74788689,8.97153737,30.13443894,25.06128813,2.67320246,17.28389586,2020-12-28
600887,600887.SH,伊利股份,10004331,069001001001,016170,饮料乳品,1282,254679501757.71,248299026832.69,41.87,-0.047744091669,6082624833,5930237087,34.7569324,36.73034194,8.96725399,30.12005152,25.04932284,2.67192616,17.27564382,2020-12-29
600887,600887.SH,伊利股份,10004331,069001001001,016170,饮料乳品,1282,267392187658.68,260693222344.52,43.96,4.99164079293,6082624833,5930237087,36.49187362,38.56378868,9.4148671,31.6235363,26.29969506,2.80529912,18.13798191,2020-12-30
600887,600887.SH,伊利股份,10004331,069001001001,016170,饮料乳品,1282,269886063840.21,263124619550.19,44.37,0.932666060055,6082624833,5930237087,36.83222094,38.12931945,8.88253229,27.39504151,26.54498339,2.83146319,18.30714871,2020-12-31
600887,600887.SH,伊利股份,10004331,069001001001,016170,饮料乳品,1282,288073112090.88,280856028440.32,47.36,6.738787469011,6082624833,5930237087,39.31426603,40.69877325,9.48110726,29.24113513,28.3337934,3.02226948,1.4399317,2021-01-04
600887,600887.SH,伊利股份,10004331,069001001001,016170,饮料乳品,1282,309788082744.69,302026974840.91,50.93,7.538006756757,6082624833,5930237087,42.27777806,43.76664952,10.19579376,31.44533387,30.46959666,3.25008836,1.54847385,2021-01-05
600887,600887.SH,伊利股份,10004331,069001001001,016170,饮料乳品,1282,307537511556.48,299832787118.72,50.56,-0.726487335559,6082624833,5930237087,41.97063535,43.44869036,10.12172261,31.21688751,30.2482389,3.22647688,1.53722439,2021-01-06
600887,600887.SH,伊利股份,10004331,069001001001,016170,饮料乳品,1282,314410877617.77,306533955027.03,51.69,2.23496835443,6082624833,5930237087,42.90866577,44.41975484,10.34793991,31.91457506,30.92427747,3.29858761,1.57158086,2021-01-07
600887,600887.SH,伊利股份,10004331,069001001001,016170,饮料乳品,1282,299690925521.91,292182781276.49,49.27,-4.68175662604,6082624833,5930237087,40.89978647,42.34013002,9.86347455,30.42041233,29.47647806,3.14415577,1.49800327,2021-01-08
600887,600887.SH,伊利股份,10004331,069001001001,016170,饮料乳品,1282,295858871877.12,288446731911.68,48.64,-1.27866856099,6082624833,5930237087,40.37681376,41.79874009,9.7373534,30.03143608,29.0995716,3.10395244,1.47884878,2021-01-11
600887,600887.SH,伊利股份,10004331,069001001001,016170,饮料乳品,1282,302123975455.11,294554876111.29,49.67,2.117598684211,6082624833,5930237087,41.23183264,42.68386966,9.94355147,30.66738138,29.71578375,3.16968169,1.51016486,2021-01-12
600887,600887.SH,伊利股份,10004331,069001001001,016170,饮料乳品,1282,295554740635.47,288150220057.33,48.59,-2.174350714717,6082624833,5930237087,40.33530799,41.75577264,9.72734379,30.00056495,29.06965839,3.1007617,1.47732858,2021-01-13
600887,600887.SH,伊利股份,10004331,069001001001,016170,饮料乳品,1282,285579235909.35,278424631234.65,46.95,-3.375180078205,6082624833,5930237087,38.97391871,40.34644012,9.39902842,28.98799186,28.08850507,2.99610541,1.42746608,2021-01-14
600887,600887.SH,伊利股份,10004331,069001001001,016170,饮料乳品,1282,283754448459.45,276645560108.55,46.65,-0.638977635783,6082624833,5930237087,38.72488408,40.08863539,9.33897073,28.80276507,27.90902581,2.97696096,1.41834489,2021-01-15
600887,600887.SH,伊利股份,10004331,069001001001,016170,饮料乳品,1282,288985505815.83,281745564003.37,47.51,1.843515541265,6082624833,5930237087,39.43878334,40.82767561,9.5111361,29.33374853,28.42353304,3.0318417,1.4444923,2021-01-18
600887,600887.SH,伊利股份,10004331,069001001001,016170,饮料乳品,1282,280652309794.62,273621139194.18,46.14,-2.883603451905,6082624833,5930237087,38.30152522,39.65036735,9.23687265,28.48787954,27.60391106,2.94441541,1.40283887,2021-01-19
600887,600887.SH,伊利股份,10004331,069001001001,016170,饮料乳品,1282,280773962291.28,273739743935.92,46.16,0.043346337235,6082624833,5930237087,38.31812753,39.66755433,9.2408765,28.50022799,27.61587634,2.94569171,1.40344695,2021-01-20
600887,600887.SH,伊利股份,10004331,069001001001,016170,饮料乳品,1282,281321398526.25,274273465273.75,46.25,0.194974003466,6082624833,5930237087,38.39283792,39.74489575,9.25889381,28.55579603,27.66972012,2.95143504,1.4061833,2021-01-21
600887,600887.SH,伊利股份,10004331,069001001001,016170,饮料乳品,1282,280044047311.32,273028115485.48,46.04,-0.454054054054,6082624833,5930237087,38.21851368,39.56443244,9.21685342,28.42613728,27.54408463,2.93803393,1.39979847,2021-01-22
600887,600887.SH,伊利股份,10004331,069001001001,016170,饮料乳品,1282,297014570595.39,289573476958.21,48.83,6.059947871416,6082624833,5930237087,40.53453569,41.96201642,9.77538994,30.14874638,29.2132418,3.11607725,1.48462553,2021-01-25
600887,600887.SH,伊利股份,10004331,069001001001,016170,饮料乳品,1282,285822540902.67,278661840718.13,46.99,-3.768175302068,6082624833,5930237087,39.00712332,40.38081408,9.40703611,29.01268876,28.11243564,2.998658,1.42868224,2021-01-26
600887,600887.SH,伊利股份,10004331,069001001001,016170,饮料乳品,1282,281078093532.93,274036255790.27,46.21,-1.65992764418,6082624833,5930237087,38.3596333,39.71052179,9.25088612,28.53109912,27.64578955,2.94888245,1.40496715,2021-01-27
600887,600887.SH,伊利股份,10004331,069001001001,016170,饮料乳品,1282,267878797645.32,261167641311.48,44.04,-4.695953256871,6082624833,5930237087,36.55828285,37.84573424,8.81646883,27.19129205,26.3475562,2.81040431,1.33899055,2021-01-28
600887,600887.SH,伊利股份,10004331,069001001001,016170,饮料乳品,1282,268852017618.6,262116479245.4,44.2,0.363306085377,6082624833,5930237087,36.69110132,37.9832301,8.8484996,27.29007966,26.44327847,2.82061468,1.34385518,2021-01-29
600887,600887.SH,伊利股份,10004331,069001001001,016170,饮料乳品,1282,269156148860.25,262412991099.75,44.25,0.113122171946,6082624833,5930237087,36.73260709,38.02619755,8.85850921,27.32095079,26.47319168,2.82380542,1.34537538,2021-02-01
600887,600887.SH,伊利股份,10004331,069001001001,016170,饮料乳品,1282,273596464988.34,266742064173.26,44.98,1.649717514124,6082624833,5930237087,37.33859134,38.6535224,9.00464959,27.7716693,26.90992456,2.87039023,1.36757027,2021-02-02
600887,600887.SH,伊利股份,10004331,069001001001,016170,饮料乳品,1282,263256002772.24,256660661125.36,43.28,-3.779457536683,6082624833,5930237087,35.92739514,37.19262893,8.66432268,26.72205086,25.89287539,2.76190505,1.31588353,2021-02-03
600887,600887.SH,伊利股份,10004331,069001001001,016170,饮料乳品,1282,265993183947.09,259329267814.51,43.73,1.039741219963,6082624833,5930237087,36.30094707,37.57933602,8.75440922,26.99989103,26.16209429,2.79062171,1.32956532,2021-02-04
600887,600887.SH,伊利股份,10004331,069001001001,016170,饮料乳品,1282,268547886376.95,261819967391.05,44.15,0.960439057855,6082624833,5930237087,36.64959555,37.94026264,8.83848998,27.25920853,26.41336526,2.81742393,1.34233498,2021-02-05
600887,600887.SH,伊利股份,10004331,069001001001,016170,饮料乳品,1282,278097607364.76,271130439617.64,45.72,3.556058890147,6082624833,5930237087,37.95287675,39.28944073,9.15279189,28.22856204,27.35264008,2.91761319,1.3900692,2021-02-08
600887,600887.SH,伊利股份,10004331,069001001001,016170,饮料乳品,1282,279922394814.66,272909510743.74,46.02,0.656167979003,6082624833,5930237087,38.20191137,39.54724546,9.21284958,28.41378883,27.53211935,2.93675763,1.39919039,2021-02-09
600887,600887.SH,伊利股份,10004331,069001001001,016170,饮料乳品,1282,282781228486.17,275696722174.63,46.49,1.021295089092,6082624833,5930237087,38.59206562,39.95113953,9.30693996,28.70397746,27.81330353,2.96675059,1.41348026,2021-02-10
600887,600887.SH,伊利股份,10004331,069001001001,016170,饮料乳品,1282,278584217351.4,271604858584.6,45.8,-1.484190148419,6082624833,5930237087,38.01928598,39.35818866,9.16880727,28.27795585,27.40050122,2.92271837,1.39250152,2021-02-18
600887,600887.SH,伊利股份,10004331,069001001001,016170,饮料乳品,1282,293425821943.92,286074637076.88,48.24,5.327510917031,6082624833,5930237087,40.04476759,41.45500045,9.65727648,29.78446704,28.86026592,3.07842651,1.46668719,2021-02-19
600887,600887.SH,伊利股份,10004331,069001001001,016170,饮料乳品,1282,283328664721.14,276230443512.46,46.58,-3.441127694859,6082624833,5930237087,38.666776,40.02848095,9.32495727,28.75954549,27.86714731,2.97249393,1.41621661,2021-02-22
600887,600887.SH,伊利股份,10004331,069001001001,016170,饮料乳品,1282,273778943733.33,266919971285.87,45.01,-3.370545298411,6082624833,5930237087,37.3634948,38.67930287,9.01065536,27.79019198,26.92787249,2.87230467,1.36848239,2021-02-23
600887,600887.SH,伊利股份,10004331,069001001001,016170,饮料乳品,1282,268852017618.6,262116479245.4,44.2,-1.799600088869,6082624833,5930237087,36.69110132,37.9832301,8.8484996,27.29007966,26.44327847,2.82061468,1.34385518,2021-02-24
600887,600887.SH,伊利股份,10004331,069001001001,016170,饮料乳品,1282,268243755135.3,261523455536.7,44.1,-0.226244343891,6082624833,5930237087,36.60808978,37.89729519,8.82848037,27.2283374,26.38345205,2.81423319,1.34081478,2021-02-25
600887,600887.SH,伊利股份,10004331,069001001001,016170,饮料乳品,1282,262891045282.26,256304846900.14,43.22,-1.995464852608,6082624833,5930237087,35.87758821,37.14106798,8.65231114,26.6850055,25.85697954,2.75807616,1.3140593,2021-02-26
600887,600887.SH,伊利股份,10004331,069001001001,016170,饮料乳品,1282,266418967685.4,259744384410.6,43.8,1.341971309579,6082624833,5930237087,36.35905515,37.63949046,8.76842268,27.04311062,26.20397278,2.79508875,1.33169359,2021-03-01
600887,600887.SH,伊利股份,10004331,069001001001,016170,饮料乳品,1282,261552867819.0,255000194741.0,43.0,-1.826484018265,6082624833,5930237087,35.69496282,36.95201118,8.60826884,26.54917252,25.72536141,2.7440369,1.30737042,2021-03-02
600887,600887.SH,伊利股份,10004331,069001001001,016170,饮料乳品,1282,265628226457.11,258973453589.29,43.67,1.558139534884,6082624833,5930237087,36.25114015,37.52777508,8.74239768,26.96284568,26.12619844,2.78679282,1.32774108,2021-03-03
600887,600887.SH,伊利股份,10004331,069001001001,016170,饮料乳品,1282,252428930569.5,246104839110.5,41.5,-4.969086329288,6082624833,5930237087,34.4497897,35.66298754,8.30798039,25.6230386,24.82796508,2.64831468,1.26176448,2021-03-04
600887,600887.SH,伊利股份,10004331,069001001001,016170,饮料乳品,1282,252185625576.18,245867629627.02,41.46,-0.096385542169,6082624833,5930237087,34.41658508,35.62861357,8.2999727,25.59834169,24.80403451,2.64576209,1.26054832,2021-03-05
600887,600887.SH,伊利股份,10004331,069001001001,016170,饮料乳品,1282,242088468353.4,236023436062.6,39.8,-4.003859141341,6082624833,5930237087,33.03859349,34.20209407,7.96765348,24.57342015,23.81091591,2.5398295,1.21007774,2021-03-08
600887,600887.SH,伊利股份,10004331,069001001001,016170,饮料乳品,1282,230835612412.35,225052497451.65,37.95,-4.64824120603,6082624833,5930237087,31.50287998,32.61229824,7.59729773,23.43118831,22.7041271,2.4217721,1.15383041,2021-03-09
600887,600887.SH,伊利股份,10004331,069001001001,016170,饮料乳品,1282,233694446083.86,227839708882.54,38.42,1.238471673254,6082624833,5930237087,31.89303422,33.01619232,7.69138811,23.72137694,22.98531129,2.45176506,1.16812027,2021-03-10
600887,600887.SH,伊利股份,10004331,069001001001,016170,饮料乳品,1282,239047155936.9,233058317519.1,39.3,2.290473711609,6082624833,5930237087,32.62353579,33.77241952,7.86755733,24.26470884,23.5117838,2.5079221,1.19487576,2021-03-11
600887,600887.SH,伊利股份,10004331,069001001001,016170,饮料乳品,1282,240142028406.84,234125760194.76,39.48,0.458015267176,6082624833,5930237087,32.77295656,33.92710236,7.90359195,24.37584491,23.61947136,2.51940876,1.20034847,2021-03-12
600887,600887.SH,伊利股份,10004331,069001001001,016170,饮料乳品,1282,232842878607.24,227009475690.36,38.28,-3.039513677812,6082624833,5930237087,31.77681806,32.89588344,7.66336119,23.63493777,22.9015543,2.44283099,1.16386372,2021-03-15
600887,600887.SH,伊利股份,10004331,069001001001,016170,饮料乳品,1282,237344020983.66,231397851134.74,39.02,1.933124346917,6082624833,5930237087,32.39110347,33.53180178,7.81150349,24.09183051,23.34426982,2.49005395,1.18636265,2021-03-16
600887,600887.SH,伊利股份,10004331,069001001001,016170,饮料乳品,1282,240811117138.47,234778086274.33,39.59,1.460789338801,6082624833,5930237087,32.86426926,34.02163076,7.9256131,24.4437614,23.68528042,2.52642839,1.20369291,2021-03-17
600887,600887.SH,伊利股份,10004331,069001001001,016170,饮料乳品,1282,244217387044.95,238099019043.05,40.15,1.41449861076,6082624833,5930237087,33.32913389,34.50286626,8.03772079,24.78951807,24.02030839,2.56216469,1.22071913,2021-03-18
600887,600887.SH,伊利股份,10004331,069001001001,016170,饮料乳品,1282,236979063493.68,231042036909.52,38.96,-2.963885429639,6082624833,5930237087,32.34129655,33.48024083,7.79949195,24.05478515,23.30837396,2.48622506,1.18453841,2021-03-19
600887,600887.SH,伊利股份,10004331,069001001001,016170,饮料乳品,1282,238743024695.25,232761805664.75,39.25,0.744353182752,6082624833,5930237087,32.58203002,33.72945207,7.85754772,24.23383771,23.48187059,2.50473136,1.19335556,2021-03-22
600887,600887.SH,伊利股份,10004331,069001001001,016170,饮料乳品,1282,236979063493.68,231042036909.52,38.96,-0.738853503185,6082624833,5930237087,32.34129655,33.48024083,7.79949195,24.05478515,23.30837396,2.48622506,1.18453841,2021-03-23
600887,600887.SH,伊利股份,10004331,069001001001,016170,饮料乳品,1282,237830630970.3,231872270101.7,39.1,0.359342915811,6082624833,5930237087,32.4575127,33.6005497,7.82751887,24.14122432,23.39213096,2.49515914,1.18879497,2021-03-24
600887,600887.SH,伊利股份,10004331,069001001001,016170,饮料乳品,1282,238682198446.92,232702503293.88,39.24,0.358056265985,6082624833,5930237087,32.57372886,33.72085858,7.85554579,24.22766348,23.47588795,2.50409321,1.19305152,2021-03-25
600887,600887.SH,伊利股份,10004331,069001001001,016170,饮料乳品,1282,245616390756.54,239462973573.06,40.38,2.905198776758,6082624833,5930237087,33.52006043,34.70051655,8.08376501,24.93152527,24.15790916,2.57684209,1.22771204,2021-03-26
600887,600887.SH,伊利股份,10004331,069001001001,016170,饮料乳品,1282,245738043253.2,239581578314.8,40.4,0.049529470035,6082624833,5930237087,33.53666274,34.71770353,8.08776886,24.94387372,24.16987444,2.57811839,1.22832012,2021-03-29
600887,600887.SH,伊利股份,10004331,069001001001,016170,饮料乳品,1282,244886475776.58,238751345122.62,40.26,-0.346534653465,6082624833,5930237087,33.42044659,34.59739466,8.05974194,24.85743455,24.08611745,2.56918432,1.22406356,2021-03-30
600887,600887.SH,伊利股份,10004331,069001001001,016170,饮料乳品,1282,243487472064.99,237387390592.61,40.03,-0.57128663686,6082624833,5930237087,33.22952004,34.39974436,7.29126309,24.71542735,23.94851668,2.55450691,1.21707065,2021-03-31
600887,600887.SH,伊利股份,10004331,069001001001,016170,饮料乳品,1282,245129780769.9,238988554606.1,40.3,0.674494129403,6082624833,5930237087,33.4536512,34.63176862,7.34044223,24.88213146,24.11004802,2.57173691,1.22527972,2021-04-01
600887,600887.SH,伊利股份,10004331,069001001001,016170,饮料乳品,1282,246346305736.5,240174602023.5,40.5,0.496277915633,6082624833,5930237087,33.61967428,34.80363844,7.37687122,25.00561598,24.22970086,2.58449987,1.23136052,2021-04-02
600887,600887.SH,伊利股份,10004331,069001001001,016170,饮料乳品,1282,248049440689.74,241835068407.86,40.78,0.691358024691,6082624833,5930237087,33.8521066,35.04425619,7.42787182,25.17849431,24.39721484,2.60236802,1.23987362,2021-04-06
600887,600887.SH,伊利股份,10004331,069001001001,016170,饮料乳品,1282,240506985896.82,234481574419.98,39.54,-3.040706228543,6082624833,5930237087,32.82276349,33.97866331,7.20201205,24.41289027,23.65536721,2.52323765,1.20217271,2021-04-07
600887,600887.SH,伊利股份,10004331,069001001001,016170,饮料乳品,1282,249205139408.01,242961813454.39,40.97,3.616590794133,6082624833,5930237087,34.00982853,35.20753252,7.46247936,25.29580461,24.51088504,2.61449283,1.24565038,2021-04-08
600887,600887.SH,伊利股份,10004331,069001001001,016170,饮料乳品,1282,242088468353.4,236023436062.6,39.8,-2.855748108372,6082624833,5930237087,33.03859349,34.20209407,7.24936975,24.57342015,23.81091591,2.5398295,1.21007774,2021-04-09
600887,600887.SH,伊利股份,10004331,069001001001,016170,饮料乳品,1282,239107982185.23,233117619889.97,39.31,-1.231155778894,6082624833,5930237087,32.63183694,33.78101301,7.16011871,24.27088307,23.51776644,2.50856025,1.1951798,2021-04-12
600887,600887.SH,伊利股份,10004331,069001001001,016170,饮料乳品,1282,242088468353.4,236023436062.6,39.8,1.2465021623,6082624833,5930237087,33.03859349,34.20209407,7.24936975,24.57342015,23.81091591,2.5398295,1.21007774,2021-04-13
600887,600887.SH,伊利股份,10004331,069001001001,016170,饮料乳品,1282,241358553373.44,235311807612.16,39.68,-0.301507537688,6082624833,5930237087,32.93897964,34.09897218,7.22751235,24.49932944,23.7391242,2.53217173,1.20642927,2021-04-14
600887,600887.SH,伊利股份,10004331,069001001001,016170,饮料乳品,1282,236066669768.73,230152501346.47,38.81,-2.192540322581,6082624833,5930237087,32.21677923,33.35133847,7.06904623,23.96217176,23.21863433,2.47665284,1.17997782,2021-04-15
600887,600887.SH,伊利股份,10004331,069001001001,016170,饮料乳品,1282,237344020983.66,231397851134.74,39.02,0.541097655243,6082624833,5930237087,32.39110347,33.53180178,7.10729667,24.09183051,23.34426982,2.49005395,1.18636265,2021-04-16
600887,600887.SH,伊利股份,10004331,069001001001,016170,饮料乳品,1282,243913255803.3,237802507188.7,40.1,2.76781137878,6082624833,5930237087,33.28762812,34.4598988,7.30401324,24.75864693,23.99039517,2.55897395,1.21919893,2021-04-19
600887,600887.SH,伊利股份,10004331,069001001001,016170,饮料乳品,1282,243304993320.0,237209483480.0,40.0,-0.249376558603,6082624833,5930237087,33.20461658,34.37396389,7.28579874,24.69690467,23.93056875,2.55259247,1.21615853,2021-04-20
600887,600887.SH,伊利股份,10004331,069001001001,016170,饮料乳品,1282,241297727125.11,235252505241.29,39.67,-0.825,6082624833,5930237087,32.93067849,34.09037869,7.2256909,24.49315521,23.73314156,2.53153358,1.20612523,2021-04-21
600887,600887.SH,伊利股份,10004331,069001001001,016170,饮料乳品,1282,243183340823.34,237090878738.26,39.98,0.781446937232,6082624833,5930237087,33.18801427,34.35677691,7.28215584,24.68455622,23.91860347,2.55131617,1.21555045,2021-04-22
600887,600887.SH,伊利股份,10004331,069001001001,016170,饮料乳品,1282,246407131984.83,240233904394.37,40.51,1.325662831416,6082624833,5930237087,33.62797544,34.81223193,7.37869267,25.01179021,24.2356835,2.58513802,1.23166455,2021-04-23
600887,600887.SH,伊利股份,10004331,069001001001,016170,饮料乳品,1282,240993595883.46,234955993386.94,39.62,-2.196988397926,6082624833,5930237087,32.88917272,34.04741123,7.21658365,24.46228408,23.70322835,2.52834284,1.20460503,2021-04-26
600887,600887.SH,伊利股份,10004331,069001001001,016170,饮料乳品,1282,241662684615.09,235608319466.51,39.73,0.27763755679,6082624833,5930237087,32.98048542,34.14193963,7.2366196,24.53020057,23.76903741,2.53536247,1.20794946,2021-04-27
600887,600887.SH,伊利股份,10004331,069001001001,016170,饮料乳品,1282,238743024695.25,232761805664.75,39.25,-1.208155046564,6082624833,5930237087,32.58203002,33.72945207,7.14919001,24.23383771,23.48187059,2.50473136,1.19335556,2021-04-28
600887,600887.SH,伊利股份,10004331,069001001001,016170,饮料乳品,1282,255956852972.64,249544376620.96,42.08,7.210191082803,6082624833,5930237087,29.1987443,36.16141001,7.66466027,25.98114372,18.78417734,2.47072486,1.27939878,2021-04-29
600887,600887.SH,伊利股份,10004331,069001001001,016170,饮料乳品,1282,249083486911.35,242843208712.65,40.95,-2.68536121673,6082624833,5930237087,28.41465254,35.19034553,7.45883646,25.28345616,18.27975433,2.40437697,1.2450423,2021-04-30
600887,600887.SH,伊利股份,10004331,069001001001,016170,饮料乳品,1282,241176074628.45,235133900499.55,39.65,-3.174603174603,6082624833,5930237087,27.51260008,34.07319171,7.222048,24.48080676,17.69944467,2.32804754,1.20551715,2021-05-06
600887,600887.SH,伊利股份,10004331,069001001001,016170,饮料乳品,1282,234850144802.13,228966453929.07,38.61,-2.622950819672,6082624833,5930237087,26.79095811,33.17946865,7.03261723,23.83868724,17.23519694,2.266984,1.17389702,2021-05-07
600887,600887.SH,伊利股份,10004331,069001001001,016170,饮料乳品,1282,228280909982.49,222561797875.11,37.53,-2.797202797203,6082624833,5930237087,26.04156068,32.25137162,6.83590067,23.17187081,16.75309353,2.20357186,1.14106074,2021-05-10
600887,600887.SH,伊利股份,10004331,069001001001,016170,饮料乳品,1282,233511967338.87,227661801769.93,38.39,2.291500133227,6082624833,5930237087,26.63830308,32.99041184,6.99254534,23.70285426,17.13699069,2.25406671,1.16720815,2021-05-11
600887,600887.SH,伊利股份,10004331,069001001001,016170,饮料乳品,1282,233329488593.88,227483894657.32,38.36,-0.078145350352,6082624833,5930237087,26.61748649,32.96463137,6.98708099,23.68433158,17.12359893,2.25230526,1.16629603,2021-05-12
600887,600887.SH,伊利股份,10004331,069001001001,016170,饮料乳品,1282,235823364775.41,229915291862.99,38.77,1.06882168926,6082624833,5930237087,26.90197995,33.3169645,7.06176043,23.93747485,17.30661967,2.27637839,1.17876166,2021-05-13
600887,600887.SH,伊利股份,10004331,069001001001,016170,饮料乳品,1282,238864677191.91,232880410406.49,39.27,1.289656951251,6082624833,5930237087,27.24892321,33.74663905,7.15283291,24.24618616,17.52981569,2.30573586,1.19396364,2021-05-14
600887,600887.SH,伊利股份,10004331,069001001001,016170,饮料乳品,1282,241236900876.78,235193202870.42,39.66,0.993124522536,6082624833,5930237087,27.51953895,34.0817852,7.22386945,24.48698098,17.70390859,2.32863469,1.20582119,2021-05-17
600887,600887.SH,伊利股份,10004331,069001001001,016170,饮料乳品,1282,238317240956.94,232346689068.66,39.18,-1.210287443268,6082624833,5930237087,27.18647342,33.66929763,7.13643987,24.19061813,17.48964041,2.30045152,1.19122728,2021-05-18
600887,600887.SH,伊利股份,10004331,069001001001,016170,饮料乳品,1282,236005843520.4,230093198975.6,38.8,-0.96988259316,6082624833,5930237087,26.92279655,33.34274497,7.06722478,23.95599753,17.32001143,2.27813984,1.17967378,2021-05-19
600887,600887.SH,伊利股份,10004331,069001001001,016170,饮料乳品,1282,242818383333.36,236735064513.04,39.92,2.886597938144,6082624833,5930237087,27.69994944,34.30521596,7.27122714,24.64751086,17.81997052,2.34390058,1.21372622,2021-05-20
600887,600887.SH,伊利股份,10004331,069001001001,016170,饮料乳品,1282,237222368487.0,231279246393.0,39.0,-2.304609218437,6082624833,5930237087,27.06157385,33.51461479,7.10365377,24.07948206,17.40928984,2.28988283,1.18575457,2021-05-21
600887,600887.SH,伊利股份,10004331,069001001001,016170,饮料乳品,1282,237891457218.63,231931572472.57,39.11,0.282051282051,6082624833,5930237087,27.13790137,33.60914319,7.12368972,24.14739854,17.45839296,2.29634147,1.18909901,2021-05-24
600887,600887.SH,伊利股份,10004331,069001001001,016170,饮料乳品,1282,249448444401.33,243199022937.87,41.01,4.858092559448,6082624833,5930237087,28.45628574,35.24190648,7.46976516,25.32050152,18.30653785,2.40789987,1.24686654,2021-05-25
600887,600887.SH,伊利股份,10004331,069001001001,016170,饮料乳品,1282,249691749394.65,243436232421.35,41.05,0.097537186052,6082624833,5930237087,28.4840412,35.27628044,7.47705096,25.34519842,18.32439353,2.41024846,1.24808269,2021-05-26
600887,600887.SH,伊利股份,10004331,069001001001,016170,饮料乳品,1282,247562830703.1,241360649440.9,40.7,-0.852618757613,6082624833,5930237087,28.24118092,34.97550826,7.41330022,25.1291005,18.16815632,2.38969823,1.23744131,2021-05-27
600887,600887.SH,伊利股份,10004331,069001001001,016170,饮料乳品,1282,246711263226.48,240530416248.72,40.56,-0.34398034398,6082624833,5930237087,28.14403681,34.85519939,7.38779992,25.04266134,18.10566143,2.38147814,1.23318475,2021-05-28
600887,600887.SH,伊利股份,10004331,069001001001,016170,饮料乳品,1282,246285479488.17,240115299652.63,40.49,-0.17258382643,6082624833,5930237087,28.09546475,34.79504495,7.37504977,24.99944176,18.07441399,2.37736809,1.23105648,2021-05-31
600887,600887.SH,伊利股份,10004331,069001001001,016170,饮料乳品,1282,244886475776.58,238751345122.62,40.26,-0.568041491726,6082624833,5930237087,27.93587085,34.59739466,7.33315643,24.85743455,17.97174382,2.36386366,1.22406356,2021-06-01
600887,600887.SH,伊利股份,10004331,069001001001,016170,饮料乳品,1282,240020375910.18,234007155453.02,39.46,-1.987083954297,6082624833,5930237087,27.38076165,33.90991538,7.18744046,24.36349646,17.61463018,2.3168917,1.19974039,2021-06-02
600887,600887.SH,伊利股份,10004331,069001001001,016170,饮料乳品,1282,240263680903.5,234244364936.5,39.5,0.101368474404,6082624833,5930237087,27.40851711,33.94428934,7.19472626,24.38819336,17.63248586,2.3192403,1.20095655,2021-06-03
600887,600887.SH,伊利股份,10004331,069001001001,016170,饮料乳品,1282,240750290890.14,234718783903.46,39.58,0.20253164557,6082624833,5930237087,27.46402803,34.01303727,7.20929785,24.43758717,17.66819723,2.3239375,1.20338887,2021-06-04
600887,600887.SH,伊利股份,10004331,069001001001,016170,饮料乳品,1282,229254129955.77,223510635809.03,37.69,-4.77513895907,6082624833,5930237087,26.15258253,32.38886748,6.86504386,23.27065843,16.82451626,2.21296625,1.14592538,2021-06-07
600887,600887.SH,伊利股份,10004331,069001001001,016170,饮料乳品,1282,230288176177.38,224518776113.82,37.86,0.451048023348,6082624833,5930237087,26.27054323,32.53495682,6.89600851,23.37562027,16.9004029,2.22294779,1.15109405,2021-06-08
600887,600887.SH,伊利股份,10004331,069001001001,016170,饮料乳品,1282,242210120850.06,236142040804.34,39.82,5.176967776017,6082624833,5930237087,27.63056079,34.21928105,7.25301265,24.5857686,17.77533132,2.33802908,1.21068582,2021-06-09
600887,600887.SH,伊利股份,10004331,069001001001,016170,饮料乳品,1282,239716244668.53,233710643598.67,39.41,-1.029633350075,6082624833,5930237087,27.34606732,33.86694792,7.17833321,24.33262533,17.59231058,2.31395596,1.1982202,2021-06-10
600887,600887.SH,伊利股份,10004331,069001001001,016170,饮料乳品,1282,232721226110.58,226890870948.62,38.26,-0.855143819642,6082624833,5930237087,26.54809784,32.87869646,6.96886649,23.62258932,17.07895972,2.24643377,1.16325564,2021-06-11
600887,600887.SH,伊利股份,10004331,069001001001,016170,饮料乳品,1282,229558261197.42,223807147663.38,37.74,-1.359121798223,6082624833,5930237087,26.18727685,32.43183493,6.87415111,23.30152956,16.84683586,2.215902,1.14744558,2021-06-15
600887,600887.SH,伊利股份,10004331,069001001001,016170,饮料乳品,1282,234181056070.5,228314127849.5,38.5,2.013778484367,6082624833,5930237087,26.7146306,33.08494025,7.01258129,23.77077075,17.18609381,2.26052536,1.17055259,2021-06-16
600887,600887.SH,伊利股份,10004331,069001001001,016170,饮料乳品,1282,232356268620.6,226535056723.4,38.2,-0.779220779221,6082624833,5930237087,26.50646464,32.82713552,6.9579378,23.58554396,17.0521762,2.24291087,1.1614314,2021-06-17
600887,600887.SH,伊利股份,10004331,069001001001,016170,饮料乳品,1282,229436608700.76,223688542921.64,37.72,-1.256544502618,6082624833,5930237087,26.17339912,32.41464795,6.87050821,23.28918111,16.83790802,2.2147277,1.1468375,2021-06-18
600887,600887.SH,伊利股份,10004331,069001001001,016170,饮料乳品,1282,226760253774.24,221079238603.36,37.28,-1.166489925769,6082624833,5930237087,25.86808906,32.03653435,6.79036443,23.01751516,16.64149552,2.18889312,1.13345975,2021-06-21
600887,600887.SH,伊利股份,10004331,069001001001,016170,饮料乳品,1282,225178771317.66,219537376960.74,37.02,-0.697424892704,6082624833,5930237087,25.68767856,31.81310358,6.74300673,22.85698527,16.52543358,2.17362724,1.12555472,2021-06-22
600887,600887.SH,伊利股份,10004331,069001001001,016170,饮料乳品,1282,226273643787.6,220604819636.4,37.2,0.486223662885,6082624833,5930237087,25.81257814,31.96778642,6.77579283,22.96812135,16.60578415,2.18419593,1.13102744,2021-06-23
600887,600887.SH,伊利股份,10004331,069001001001,016170,饮料乳品,1282,225908686297.62,220249005411.18,37.14,-0.161290322581,6082624833,5930237087,25.77094495,31.91622547,6.76486413,22.93107599,16.57900063,2.18067303,1.1292032,2021-06-24
600887,600887.SH,伊利股份,10004331,069001001001,016170,饮料乳品,1282,227550995002.53,221850169424.67,37.41,0.726978998384,6082624833,5930237087,25.9582943,32.14824973,6.81404327,23.0977801,16.69952648,2.19652607,1.13741227,2021-06-25
600887,600887.SH,伊利股份,10004331,069001001001,016170,饮料乳品,1282,226881906270.9,221197843345.1,37.3,-0.294039026998,6082624833,5930237087,25.88196679,32.05372133,6.79400733,23.02986361,16.65042336,2.19006742,1.13406783,2021-06-28
600887,600887.SH,伊利股份,10004331,069001001001,016170,饮料乳品,1282,226881906270.9,221197843345.1,37.3,0.0,6082624833,5930237087,25.88196679,32.05372133,6.79400733,23.02986361,16.65042336,2.19006742,1.13406783,2021-06-29
600887,600887.SH,伊利股份,10004331,069001001001,016170,饮料乳品,1282,224023072599.39,218410631914.21,36.83,-1.260053619303,6082624833,5930237087,25.55584013,31.64982725,6.95492538,22.73967498,16.4406191,2.1624714,1.11977797,2021-06-30
600887,600887.SH,伊利股份,10004331,069001001001,016170,饮料乳品,1282,225057118821.0,219418772219.0,37.0,0.461580233505,6082624833,5930237087,25.67380083,31.7959166,6.98702794,22.84463682,16.51650574,2.17245294,1.12494664,2021-07-01
600887,600887.SH,伊利股份,10004331,069001001001,016170,饮料乳品,1282,221711675162.85,216157141821.15,36.45,-1.486486486486,6082624833,5930237087,25.29216325,31.3232746,6.88316672,22.50505438,16.27099012,2.14015972,1.10822446,2021-07-02
600887,600887.SH,伊利股份,10004331,069001001001,016170,饮料乳品,1282,214169220369.93,208803647833.27,35.21,-3.401920438957,6082624833,5930237087,24.43174398,30.25768172,6.64900686,21.73945034,15.71746398,2.06735319,1.07052355,2021-07-05
600887,600887.SH,伊利股份,10004331,069001001001,016170,饮料乳品,1282,213135174148.32,207795507528.48,35.04,-0.482817381426,6082624833,5930237087,24.31378328,30.11159237,6.6169043,21.63448849,15.64157733,2.05737165,1.06535488,2021-07-06
600887,600887.SH,伊利股份,10004331,069001001001,016170,饮料乳品,1282,213439305389.97,208092019382.83,35.09,0.142694063927,6082624833,5930237087,24.3484776,30.15455982,6.62634623,21.66535962,15.66389693,2.0603074,1.06687507,2021-07-07
600887,600887.SH,伊利股份,10004331,069001001001,016170,饮料乳品,1282,208086595536.93,202873410746.27,34.21,-2.507836990596,6082624833,5930237087,23.73785747,29.39833262,6.46016827,21.12202772,15.27107193,2.00863824,1.04011959,2021-07-08
600887,600887.SH,伊利股份,10004331,069001001001,016170,饮料乳品,1282,208694858020.23,203466434454.97,34.31,0.292312189418,6082624833,5930237087,23.80724612,29.48426753,6.47905213,21.18376998,15.31571114,2.01450974,1.04315998,2021-07-09
600887,600887.SH,伊利股份,10004331,069001001001,016170,饮料乳品,1282,210762950463.45,205482715064.55,34.65,0.990964733314,6082624833,5930237087,24.04316754,29.77644622,6.54325725,21.39369367,15.46748443,2.03447282,1.05349733,2021-07-12
600887,600887.SH,伊利股份,10004331,069001001001,016170,饮料乳品,1282,213986741624.94,208625740720.66,35.18,1.529581529582,6082624833,5930237087,24.41092739,30.23190124,6.6433417,21.72092766,15.70407222,2.06559174,1.06961143,2021-07-13
600887,600887.SH,伊利股份,10004331,069001001001,016170,饮料乳品,1282,214959961598.22,209574578654.58,35.34,0.454803865833,6082624833,5930237087,24.52194923,30.3693971,6.67355588,21.81971528,15.77549495,2.07498613,1.07447606,2021-07-14
600887,600887.SH,伊利股份,10004331,069001001001,016170,饮料乳品,1282,217757969021.4,212302487714.6,35.8,1.301641199774,6082624833,5930237087,24.84113702,30.76469768,6.76042163,22.10372968,15.98083529,2.10199501,1.08846189,2021-07-15
600887,600887.SH,伊利股份,10004331,069001001001,016170,饮料乳品,1282,213500131638.3,208151321753.7,35.1,-1.95530726257,6082624833,5930237087,24.35541647,30.16315331,6.62823462,21.67153385,15.66836085,2.06089455,1.06717911,2021-07-16
600887,600887.SH,伊利股份,10004331,069001001001,016170,饮料乳品,1282,213256826644.98,207914112270.22,35.06,-0.11396011396,6082624833,5930237087,24.32766101,30.12877935,6.62068107,21.64683695,15.65050517,2.05854595,1.06596295,2021-07-19
600887,600887.SH,伊利股份,10004331,069001001001,016170,饮料乳品,1282,212283606671.7,206965274336.3,34.9,-0.456360524815,6082624833,5930237087,24.21663916,29.9912835,6.5904669,21.54804933,15.57908244,2.04915156,1.06109832,2021-07-20
600887,600887.SH,伊利股份,10004331,069001001001,016170,饮料乳品,1282,212587737913.35,207261786190.65,34.95,0.143266475645,6082624833,5930237087,24.25133349,30.03425095,6.59990883,21.57892046,15.60140205,2.0520873,1.06261852,2021-07-21
600887,600887.SH,伊利股份,10004331,069001001001,016170,饮料乳品,1282,213256826644.98,207914112270.22,35.06,0.314735336195,6082624833,5930237087,24.32766101,30.12877935,6.62068107,21.64683695,15.65050517,2.05854595,1.06596295,2021-07-22
600887,600887.SH,伊利股份,10004331,069001001001,016170,饮料乳品,1282,207417506805.3,202221084666.7,34.1,-2.738163148888,6082624833,5930237087,23.66152996,29.30380422,6.43939602,21.05411123,15.22196881,2.0021796,1.03677515,2021-07-23
600887,600887.SH,伊利股份,10004331,069001001001,016170,饮料乳品,1282,201213229475.64,196172242837.96,33.08,-2.991202346041,6082624833,5930237087,22.95376572,28.42726814,6.24678066,20.42434016,14.76664892,1.94229036,1.00576311,2021-07-26
600887,600887.SH,伊利股份,10004331,069001001001,016170,饮料乳品,1282,191359377246.18,186565258757.02,31.46,-4.897218863362,6082624833,5930237087,21.82966957,27.0351226,5.94086214,19.42411553,14.0434938,1.84717215,0.95650869,2021-07-27
600887,600887.SH,伊利股份,10004331,069001001001,016170,饮料乳品,1282,196103824615.92,191190843684.88,32.24,2.479338842975,6082624833,5930237087,22.37090105,27.7054149,6.08815624,19.90570517,14.3916796,1.8929698,0.98022378,2021-07-28
600887,600887.SH,伊利股份,10004331,069001001001,016170,饮料乳品,1282,199205963280.75,194215264599.25,32.75,1.581885856079,6082624833,5930237087,22.72478317,28.14368294,6.18446392,20.2205907,14.61933954,1.92291443,0.9957298,2021-07-29
600887,600887.SH,伊利股份,10004331,069001001001,016170,饮料乳品,1282,203083911165.87,198010616334.93,33.39,1.954198473282,6082177633,5930237087,23.16716714,28.69155677,6.30485705,20.61422549,14.90393462,1.96034785,1.0151137,2021-07-30
600887,600887.SH,伊利股份,10004331,069001001001,016170,饮料乳品,1282,208618692811.9,203407132084.1,34.3,2.72536687631,6082177633,5930237087,23.79855744,29.47350696,6.47668754,21.17603876,15.31012152,2.01377452,1.04277927,2021-08-02
600887,600887.SH,伊利股份,10004331,069001001001,016170,饮料乳品,1282,215856484195.17,210464114217.63,35.49,3.469387755102,6082177633,5930237087,24.62422168,30.4960572,6.70138894,21.91071766,15.841289,2.08364017,1.07895733,2021-08-03
600887,600887.SH,伊利股份,10004331,069001001001,016170,饮料乳品,1282,211477316299.41,206194343514.99,34.77,-2.028740490279,6082177633,5930237087,24.12466012,29.87737134,6.56543515,21.46620606,15.51991036,2.04136852,1.05706808,2021-08-04
600887,600887.SH,伊利股份,10004331,069001001001,016170,饮料乳品,1282,212937038931.33,207617600415.87,35.01,0.690250215703,6082177633,5930237087,24.29118064,30.08359996,6.61075308,21.61437659,15.62703657,2.05545907,1.0643645,2021-08-05
600887,600887.SH,伊利股份,10004331,069001001001,016170,饮料乳品,1282,215309088208.2,209930392879.8,35.4,1.113967437875,6082177633,5930237087,24.56177648,30.41872147,6.68439472,21.85515371,15.80111667,2.07835621,1.07622117,2021-08-06
600887,600887.SH,伊利股份,10004331,069001001001,016170,饮料乳品,1282,219140860116.99,213666442244.61,36.03,1.779661016949,6082177633,5930237087,24.99889284,30.9600716,6.80335428,22.24410136,16.08232298,2.11534391,1.09537426,2021-08-09
600887,600887.SH,伊利股份,10004331,069001001001,016170,饮料乳品,1282,220539760972.58,215030396774.62,36.26,0.638356924785,6082177633,5930237087,25.15847501,31.15770736,6.84678397,22.38609812,16.18498561,2.12884735,1.10236666,2021-08-10
600887,600887.SH,伊利股份,10004331,069001001001,016170,饮料乳品,1282,216038949524.16,210642021330.24,35.52,-2.040816326531,6082177633,5930237087,24.64503674,30.52183578,6.70705368,21.92923897,15.85467978,2.08540149,1.07986938,2021-08-11
600887,600887.SH,伊利股份,10004331,069001001001,016170,饮料乳品,1282,213545256694.63,208210624124.57,35.11,-1.154279279279,6082177633,5930237087,24.36056419,30.16952855,6.62963555,21.67611431,15.67167249,2.06133013,1.06740467,2021-08-12
600887,600887.SH,伊利股份,10004331,069001001001,016170,饮料乳品,1282,214640048668.57,209278066800.23,35.29,0.512674451723,6082177633,5930237087,24.48545458,30.32420002,6.663624,21.78724221,15.75201716,2.07189805,1.07287698,2021-08-13
600887,600887.SH,伊利股份,10004331,069001001001,016170,饮料乳品,1282,214031830905.27,208685043091.53,35.19,-0.283366392746,6082177633,5930237087,24.41607103,30.23827143,6.64474153,21.72550449,15.70738123,2.06602698,1.06983681,2021-08-16
600887,600887.SH,伊利股份,10004331,069001001001,016170,饮料乳品,1282,206794039522.0,201628060958.0,34.0,-3.381642512077,6082177633,5930237087,23.59040679,29.21572118,6.42004012,20.99082559,15.17621375,1.99616134,1.03365875,2021-08-17
600887,600887.SH,伊利股份,10004331,069001001001,016170,饮料乳品,1282,205699247548.06,200560618282.34,33.82,-0.529411764706,6082177633,5930237087,23.4655164,29.06104972,6.38605168,20.87969769,15.09586909,1.98559342,1.02818644,2021-08-18
600887,600887.SH,伊利股份,10004331,069001001001,016170,饮料乳品,1282,203023089389.54,197951313964.06,33.38,-1.301005322295,6082177633,5930237087,23.16022879,28.68296392,6.3029688,20.60805172,14.89947103,1.95976075,1.01480968,2021-08-19
600887,600887.SH,伊利股份,10004331,069001001001,016170,饮料乳品,1282,202110762744.59,197061778401.01,33.23,-0.449370880767,6082177633,5930237087,23.05615346,28.55407103,6.2746451,20.51544513,14.83251715,1.95095415,1.01024942,2021-08-20
600887,600887.SH,伊利股份,10004331,069001001001,016170,饮料乳品,1282,202110762744.59,197061778401.01,33.23,0.0,6082177633,5930237087,23.05615346,28.55407103,6.2746451,20.51544513,14.83251715,1.95095415,1.01024942,2021-08-23
600887,600887.SH,伊利股份,10004331,069001001001,016170,饮料乳品,1282,202536515178.9,197476894997.1,33.3,0.210653024376,6082177633,5930237087,23.10472195,28.61422104,6.28786283,20.55866154,14.86376229,1.9550639,1.01237754,2021-08-24
600887,600887.SH,伊利股份,10004331,069001001001,016170,饮料乳品,1282,204786920903.11,199671082719.29,33.67,1.111111111111,6082177633,5930237087,23.36144108,28.93215683,6.35772797,20.78709111,15.02891521,1.97678683,1.02362618,2021-08-25
600887,600887.SH,伊利股份,10004331,069001001001,016170,饮料乳品,1282,201320079652.3,196290847579.7,33.1,-1.692901692902,6082177633,5930237087,22.96595485,28.44236386,6.25009788,20.43518609,14.77449045,1.94332177,1.0062972,2021-08-26
600887,600887.SH,伊利股份,10004331,069001001001,016170,饮料乳品,1282,203752950705.5,198662942414.5,33.5,1.208459214502,6082177633,5930237087,23.24348904,28.78607823,6.32562777,20.68213698,14.95303414,1.96680602,1.01845789,2021-08-27
600887,600887.SH,伊利股份,10004331,069001001001,016170,饮料乳品,1282,201502544981.29,196468754692.31,33.13,-1.10447761194,6082177633,5930237087,22.98676991,28.46814244,6.25576263,20.45370741,14.78788122,1.94508309,1.00720925,2021-08-30
600887,600887.SH,伊利股份,10004331,069001001001,016170,饮料乳品,1282,206854861298.33,201687363328.87,34.01,2.656202837308,6082177633,5930237087,23.87304959,29.22431404,6.42192837,20.99699937,16.59240077,1.9539916,1.03396277,2021-08-31
600887,600887.SH,伊利股份,10004331,069001001001,016170,饮料乳品,1282,220053186761.94,214555977807.66,36.18,6.380476330491,6082177633,5930237087,25.39626387,31.08896448,6.83167799,22.33670794,17.65107497,2.07866558,1.09993452,2021-09-01
600887,600887.SH,伊利股份,10004331,069001001001,016170,饮料乳品,1282,219080038340.66,213607139873.74,36.02,-0.442233278054,6082177633,5930237087,25.28395314,30.95147874,6.80146604,22.23792759,17.57301604,2.06947303,1.09507024,2021-09-02
600887,600887.SH,伊利股份,10004331,069001001001,016170,饮料乳品,1282,219931543209.28,214437373065.92,36.16,0.388672959467,6082177633,5930237087,25.38222503,31.07177876,6.8279015,22.3243604,17.6413176,2.07751651,1.09932648,2021-09-03
600887,600887.SH,伊利股份,10004331,069001001001,016170,饮料乳品,1282,222486057815.14,216928072642.46,36.58,1.161504424779,6082177633,5930237087,25.67704069,31.43267885,6.90720787,22.58365883,17.84622229,2.10164695,1.11209521,2021-09-06
600887,600887.SH,伊利股份,10004331,069001001001,016170,饮料乳品,1282,221695374722.85,216157141821.15,36.45,-0.355385456534,6082177633,5930237087,25.58578823,31.32097168,6.88266066,22.50339979,17.78279941,2.09417801,1.10814299,2021-09-07
600887,600887.SH,伊利股份,10004331,069001001001,016170,饮料乳品,1282,220053186761.94,214555977807.66,36.18,-0.740740740741,6082177633,5930237087,25.39626387,31.08896448,6.83167799,22.33670794,17.65107497,2.07866558,1.09993452,2021-09-08
600887,600887.SH,伊利股份,10004331,069001001001,016170,饮料乳品,1282,219019216564.33,213547837502.87,36.01,-0.469872857933,6082177633,5930237087,25.27693372,30.94288588,6.79957779,22.23175381,17.56813736,2.06889849,1.09476623,2021-09-09
600887,600887.SH,伊利股份,10004331,069001001001,016170,饮料乳品,1282,221391265841.2,215860629966.8,36.4,1.083032490975,6082177633,5930237087,25.55069112,31.27800738,6.87321943,22.47253093,17.75840599,2.09130533,1.1066229,2021-09-10
600887,600887.SH,伊利股份,10004331,069001001001,016170,饮料乳品,1282,217741959261.4,212302487714.6,35.8,-1.648351648352,6082177633,5930237087,25.12952588,30.76243583,6.7599246,22.1021046,17.46568502,2.05683327,1.08838186,2021-09-13
600887,600887.SH,伊利股份,10004331,069001001001,016170,饮料乳品,1282,215734840642.51,210345509475.89,35.47,-0.921787709497,6082177633,5930237087,24.897885,30.47887148,6.69761245,21.89837011,17.30468848,2.03787363,1.07834929,2021-09-14
600887,600887.SH,伊利股份,10004331,069001001001,016170,饮料乳品,1282,211720603404.73,206431552998.47,34.81,-1.860727375247,6082177633,5930237087,24.43460324,29.91174278,6.57298814,21.49090115,16.9826954,1.99995436,1.05828415,2021-09-15
600887,600887.SH,伊利股份,10004331,069001001001,016170,饮料乳品,1282,213180326036.65,207854809899.35,35.05,0.689457052571,6082177633,5930237087,24.60306934,30.1179714,6.61830607,21.63907168,17.09978379,2.01374319,1.06558057,2021-09-16
600887,600887.SH,伊利股份,10004331,069001001001,016170,饮料乳品,1282,215856484195.17,210464114217.63,35.49,1.255349500713,6082177633,5930237087,24.91192384,30.4960572,6.70138894,21.91071766,17.31444584,2.0390227,1.07895733,2021-09-17
600887,600887.SH,伊利股份,10004331,069001001001,016170,饮料乳品,1282,215004979326.55,209633881025.45,35.35,-0.394477317554,6082177633,5930237087,24.81365196,30.37575717,6.67495348,21.82428485,17.24614428,2.03097922,1.07470109,2021-09-22
600887,600887.SH,伊利股份,10004331,069001001001,016170,饮料乳品,1282,217194563274.43,211768766376.77,35.71,1.018387553041,6082177633,5930237087,25.0663511,30.6851001,6.74293038,22.04654065,17.42177687,2.05166246,1.08564571,2021-09-23
600887,600887.SH,伊利股份,10004331,069001001001,016170,饮料乳品,1282,225527146631.64,219893191185.96,37.08,3.836460375245,6082177633,5930237087,26.02801173,31.86232181,7.00162023,22.89234744,18.09015644,2.13037368,1.12729607,2021-09-24
600887,600887.SH,伊利股份,10004331,069001001001,016170,饮料乳品,1282,226743582158.24,221079238603.36,37.28,0.539374325782,6082177633,5930237087,26.16840014,32.03417899,7.03938517,23.01582289,18.1877301,2.14186436,1.13337642,2021-09-27
600887,600887.SH,伊利股份,10004331,069001001001,016170,饮料乳品,1282,228385770119.15,222680402616.85,37.55,0.724248927039,6082177633,5930237087,26.3579245,32.26618619,7.09036784,23.18251474,18.31945454,2.15737679,1.14158489,2021-09-28
600887,600887.SH,伊利股份,10004331,069001001001,016170,饮料乳品,1282,229298096764.1,223569938179.9,37.7,0.399467376831,6082177633,5930237087,26.46321581,32.39507908,7.11869155,23.27512132,18.39263478,2.16599481,1.14614515,2021-09-29
600887,600887.SH,伊利股份,10004331,069001001001,016170,饮料乳品,1282,229298096764.1,223569938179.9,37.7,0.0,6082177633,5930237087,26.46321581,32.39507908,6.56852393,23.27512132,18.39263478,2.16599481,1.14614515,2021-09-30
600887,600887.SH,伊利股份,10004331,069001001001,016170,饮料乳品,1282,240975877819.46,234955993386.94,39.62,5.092838196286,6082177633,5930237087,27.81094457,34.04490804,6.90304823,24.46048559,19.32934191,2.27630542,1.20451646,2021-10-08
600887,600887.SH,伊利股份,10004331,069001001001,016170,饮料乳品,1282,240063551174.51,234066457823.89,39.47,-0.378596668349,6082177633,5930237087,27.70565326,33.91601515,6.87691352,24.36787901,19.25616166,2.2676874,1.1999562,2021-10-11
600887,600887.SH,伊利股份,10004331,069001001001,016170,饮料乳品,1282,235927670384.07,230033896604.73,38.79,-1.722827463897,6082177633,5930237087,27.22833265,33.33170073,6.75843616,23.94806249,18.92441122,2.22861906,1.17928303,2021-10-12
600887,600887.SH,伊利股份,10004331,069001001001,016170,饮料乳品,1282,240915056043.13,234896691016.07,39.61,2.113946893529,6082177633,5930237087,27.80392515,34.03631518,6.90130591,24.45431182,19.32446323,2.27573089,1.20421245,2021-10-13
600887,600887.SH,伊利股份,10004331,069001001001,016170,饮料乳品,1282,237326571239.66,231397851134.74,39.02,-1.489522847766,6082177633,5930237087,27.38977933,33.52933649,6.79850939,24.09005926,19.03662093,2.24183336,1.18627543,2021-10-14
600887,600887.SH,伊利股份,10004331,069001001001,016170,饮料乳品,1282,237691501897.64,231753665359.96,39.08,0.153767298821,6082177633,5930237087,27.43189585,33.58089364,6.80896327,24.12710189,19.06589303,2.24528056,1.18809953,2021-10-15
600887,600887.SH,伊利股份,10004331,069001001001,016170,饮料乳品,1282,234772056633.8,228907151558.2,38.6,-1.228249744115,6082177633,5930237087,27.09496366,33.1684364,6.7253322,23.83076082,18.83171625,2.21770291,1.1735067,2021-10-18
600887,600887.SH,伊利股份,10004331,069001001001,016170,饮料乳品,1282,232886581567.57,227068778061.23,38.29,-0.80310880829,6082177633,5930237087,26.87736162,32.90205777,6.67132046,23.63937388,18.68047707,2.19989234,1.16408217,2021-10-19
600887,600887.SH,伊利股份,10004331,069001001001,016170,饮料乳品,1282,231122750054.0,225349009306.0,38.0,-0.757377905458,6082177633,5930237087,26.67379842,32.65286485,6.62079335,23.46033449,18.53899527,2.18323084,1.15526566,2021-10-20
600887,600887.SH,伊利股份,10004331,069001001001,016170,饮料乳品,1282,232217542027.94,226416451981.66,38.18,0.473684210526,6082177633,5930237087,26.800148,32.80753632,6.65215501,23.57146239,18.62681156,2.19357246,1.16073798,2021-10-21
600887,600887.SH,伊利股份,10004331,069001001001,016170,饮料乳品,1282,242618065780.37,237755819988.43,39.89,4.478784704034,6082177633,5960286287,28.00046893,34.27691524,6.95009071,24.62717744,19.46106635,2.29181785,1.21272493,2021-10-22
600887,600887.SH,伊利股份,10004331,069001001001,016170,饮料乳品,1282,246328194136.5,241391594623.5,40.5,1.529205314615,6082177633,5960286287,28.42865358,34.80107965,7.05637186,25.00377755,19.75866601,2.32686445,1.23126998,2021-10-25
600887,600887.SH,伊利股份,10004331,069001001001,016170,饮料乳品,1282,246693124794.48,241749211800.72,40.56,0.148148148148,6082177633,5960286287,28.47077011,34.8526368,7.06682575,25.04082018,19.78793811,2.33031166,1.23309409,2021-10-26
600887,600887.SH,伊利股份,10004331,069001001001,016170,饮料乳品,1282,244990115057.24,240080331640.36,40.28,-0.69033530572,6082177633,5960286287,28.27422633,34.61203674,7.01804095,24.86795456,19.65133498,2.31422469,1.2245816,2021-10-27
600887,600887.SH,伊利股份,10004331,069001001001,016170,饮料乳品,1282,247909560321.08,242941269058.12,40.76,1.191658391261,6082177633,5960286287,28.61115852,35.02449398,7.10167203,25.16429562,19.88551177,2.34180235,1.23917443,2021-10-28
600887,600887.SH,伊利股份,10004331,069001001001,016170,饮料乳品,1282,261533638219.0,256292310341.0,43.0,5.49558390579,6082177633,5960286287,29.06559495,36.94929444,7.49195037,26.5472206,18.21804111,2.41887277,1.3072743,2021-10-29
600887,600887.SH,伊利股份,10004331,069001001001,016170,饮料乳品,1282,258857480060.48,253669784374.72,42.56,-1.023255813953,6082177633,5960286287,28.76817956,36.57120863,7.41528856,26.27557463,18.03162395,2.39412151,1.29389754,2021-11-01
600887,600887.SH,伊利股份,10004331,069001001001,016170,饮料乳品,1282,261411994666.34,256173104615.26,42.98,0.986842105263,6082177633,5960286287,29.05207607,36.93210872,7.48846575,26.53487306,18.2095676,2.41774771,1.30666627,2021-11-02
600887,600887.SH,伊利股份,10004331,069001001001,016170,饮料乳品,1282,254295846835.73,249199569659.47,41.81,-2.722196370405,6082177633,5960286287,28.26122151,35.9267442,7.284615,25.81254171,17.71386742,2.35193187,1.27109625,2021-11-03
600887,600887.SH,伊利股份,10004331,069001001001,016170,饮料乳品,1282,260682133350.38,255457870260.82,42.86,2.511360918441,6082177633,5960286287,28.97096278,36.82899441,7.46755798,26.46078779,18.15872656,2.41099737,1.30301806,2021-11-04
600887,600887.SH,伊利股份,10004331,069001001001,016170,饮料乳品,1282,262993360850.92,257722779049.88,43.24,0.886607559496,6082177633,5960286287,29.22782152,37.15552306,7.53376591,26.69539114,18.3197232,2.43237345,1.31457072,2021-11-05
600887,600887.SH,伊利股份,10004331,069001001001,016170,饮料乳品,1282,258492549402.5,253312167197.5,42.5,-1.711378353377,6082177633,5960286287,28.72762291,36.51965148,7.40483467,26.23853199,18.00620343,2.39074634,1.29207344,2021-11-08
600887,600887.SH,伊利股份,10004331,069001001001,016170,饮料乳品,1282,256850361441.59,251702889900.01,42.23,-0.635294117647,6082177633,5960286287,28.54511801,36.28764428,7.35779219,26.07184014,17.89181107,2.37555807,1.28386497,2021-11-09
600887,600887.SH,伊利股份,10004331,069001001001,016170,饮料乳品,1282,249369282953.0,244371737767.0,41.0,-2.912621359223,6082177633,5960286287,27.71370681,35.2307226,7.14348757,25.31246616,17.37069036,2.30636706,1.24647085,2021-11-10
600887,600887.SH,伊利股份,10004331,069001001001,016170,饮料乳品,1282,256667896112.6,251524081311.4,42.2,2.926829268293,6082177633,5960286287,28.52483969,36.2618657,7.35256525,26.05331883,17.87910081,2.37387049,1.28295292,2021-11-11
600887,600887.SH,伊利股份,10004331,069001001001,016170,饮料乳品,1282,255451460586.0,250332024054.0,42.0,-0.473933649289,6082177633,5960286287,28.38965088,36.09000852,7.31771897,25.92984338,17.79436574,2.36261991,1.27687258,2021-11-12
600887,600887.SH,伊利股份,10004331,069001001001,016170,饮料乳品,1282,257154470323.24,252000904214.36,42.28,0.666666666667,6082177633,5960286287,28.57891522,36.33060858,7.36650376,26.102709,17.91299484,2.37837071,1.28538506,2021-11-15
600887,600887.SH,伊利股份,10004331,069001001001,016170,饮料乳品,1282,257154470323.24,252000904214.36,42.28,0.0,6082177633,5960286287,28.57891522,36.33060858,7.36650376,26.102709,17.91299484,2.37837071,1.28538506,2021-11-16
600887,600887.SH,伊利股份,10004331,069001001001,016170,饮料乳品,1282,252045441111.52,246994263733.28,41.44,-1.986754966887,6082177633,5960286287,28.0111222,35.60880841,7.22014938,25.58411214,17.55710753,2.33111832,1.25984761,2021-11-17
600887,600887.SH,伊利股份,10004331,069001001001,016170,饮料乳品,1282,250585718479.6,245563795024.4,41.2,-0.579150579151,6082177633,5960286287,27.84889562,35.40257979,7.17833385,25.4359416,17.45542544,2.31761763,1.25255119,2021-11-18
600887,600887.SH,伊利股份,10004331,069001001001,016170,饮料乳品,1282,248456956308.05,243477694823.95,40.85,-0.849514563107,6082177633,5960286287,27.6123152,35.10182972,7.11735285,25.21985957,17.30713906,2.29792913,1.24191059,2021-11-19
600887,600887.SH,伊利股份,10004331,069001001001,016170,饮料乳品,1282,244686006175.59,239782317326.01,40.23,-1.517747858017,6082177633,5960286287,27.19322988,34.56907245,7.00932938,24.8370857,17.04446032,2.26305236,1.22306152,2021-11-22
600887,600887.SH,伊利股份,10004331,069001001001,016170,饮料乳品,1282,243773679530.64,238888274382.96,40.08,-0.372856077554,6082177633,5960286287,27.09183827,34.44017956,6.98319467,24.74447911,16.98090902,2.25461443,1.21850126,2021-11-23
600887,600887.SH,伊利股份,10004331,069001001001,016170,饮料乳品,1282,242861352885.69,237994231439.91,39.93,-0.374251497006,6082177633,5960286287,26.99044666,34.31128667,6.95705996,24.65187253,16.91735771,2.2461765,1.213941,2021-11-24
600887,600887.SH,伊利股份,10004331,069001001001,016170,饮料乳品,1282,245233402162.56,240318743091.84,40.32,0.976709241172,6082177633,5960286287,27.25406484,34.64640818,7.02501021,24.89264965,17.08259111,2.26811512,1.22579767,2021-11-25
600887,600887.SH,伊利股份,10004331,069001001001,016170,饮料乳品,1282,238360541437.27,233583619587.53,39.19,-2.802579365079,6082177633,5960286287,26.49024805,33.67541509,6.82812872,24.19501338,16.60383793,2.20454939,1.19144372,2021-11-26
600887,600887.SH,伊利股份,10004331,069001001001,016170,饮料乳品,1282,241705739135.42,236861777045.38,39.74,1.403419239602,6082177633,5960286287,26.86201728,34.14802235,6.923956,24.53457086,16.83685939,2.23548846,1.20816467,2021-11-29
600887,600887.SH,伊利股份,10004331,069001001001,016170,饮料乳品,1282,238238897884.61,233464413861.79,39.17,-1.434323100151,6082177633,5960286287,26.47672916,33.65822938,6.8246441,24.18266584,16.59536443,2.20342433,1.19083569,2021-11-30
600887,600887.SH,伊利股份,10004331,069001001001,016170,饮料乳品,1282,235380274397.1,230663079306.9,38.7,-1.199897881031,6082177633,5960286287,26.15903545,33.25436499,6.74275534,23.89249854,16.396237,2.17698549,1.17654687,2021-12-01
600887,600887.SH,伊利股份,10004331,069001001001,016170,饮料乳品,1282,233433977554.54,228755787695.06,38.38,-0.826873385013,6082177633,5960286287,25.94273335,32.9793935,6.68700129,23.69493783,16.26066088,2.15898458,1.16681832,2021-12-02
600887,600887.SH,伊利股份,10004331,069001001001,016170,饮料乳品,1282,242678887556.7,237815422851.3,39.9,3.960396039604,6082177633,5960286287,26.97016833,34.2855081,6.95183302,24.63335121,16.90464745,2.24448892,1.21302895,2021-12-03
600887,600887.SH,伊利股份,10004331,069001001001,016170,饮料乳品,1282,242192313346.06,237338599948.34,39.82,-0.200501253133,6082177633,5960286287,26.91609281,34.21676522,6.93789451,24.58396103,16.87075342,2.23998869,1.21059681,2021-12-06
600887,600887.SH,伊利股份,10004331,069001001001,016170,饮料乳品,1282,243165461767.34,238292245754.26,39.98,0.401808136615,6082177633,5960286287,27.02424386,34.35425097,6.96577153,24.68274139,16.93854148,2.24898915,1.21546109,2021-12-07
600887,600887.SH,伊利股份,10004331,069001001001,016170,饮料乳品,1282,249916678939.97,244908163532.83,41.09,2.776388194097,6082177633,5960286287,27.77454178,35.30805834,7.15916839,25.36803011,17.40882115,2.31142982,1.249207,2021-12-08
600887,600887.SH,伊利股份,10004331,069001001001,016170,饮料乳品,1282,265029421314.38,246815455144.67,41.41,0.778778291555,6400130918,5960286287,29.45409952,37.4431763,7.59209135,26.90206339,18.46155212,2.45120457,1.32474796,2021-12-09
600887,600887.SH,伊利股份,10004331,069001001001,016170,饮料乳品,1282,270661536522.22,252060507077.23,42.29,2.125090557836,6400130918,5960286287,30.08002581,38.2388777,7.75343016,27.4737566,18.85387682,2.50329489,1.35290005,2021-12-10
600887,600887.SH,伊利股份,10004331,069001001001,016170,饮料乳品,1282,270725537831.4,252120109940.1,42.3,0.023646252069,6400130918,5960286287,30.08713861,38.24791976,7.75526356,27.48025311,18.85833506,2.50388683,1.35321996,2021-12-13
600887,600887.SH,伊利股份,10004331,069001001001,016170,饮料乳品,1282,268613494628.46,250153215465.39,41.97,-0.780141843972,6400130918,5960286287,29.85241625,37.94953173,7.6947615,27.26586816,18.71121329,2.48435296,1.34266292,2021-12-14
600887,600887.SH,伊利股份,10004331,069001001001,016170,饮料乳品,1282,264901418696.02,246696249418.93,41.39,-1.381939480581,6400130918,5960286287,29.43987393,37.42509217,7.58842456,26.88907036,18.45263565,2.4500207,1.32410813,2021-12-15
600887,600887.SH,伊利股份,10004331,069001001001,016170,饮料乳品,1282,264645413459.3,246457837967.45,41.35,-0.096641700894,6400130918,5960286287,29.41142273,37.38892393,7.58109097,26.86308431,18.43480271,2.44765296,1.32282849,2021-12-16
600887,600887.SH,伊利股份,10004331,069001001001,016170,饮料乳品,1282,262149362401.28,244133326315.52,40.96,-0.943168077388,6400130918,5960286287,29.13402358,37.03628353,7.50958854,26.60972027,18.26093154,2.42456748,1.310352,2021-12-17
600887,600887.SH,伊利股份,10004331,069001001001,016170,饮料乳品,1282,262085361092.1,244073723452.65,40.95,-0.0244140625,6400130918,5960286287,29.12691078,37.02724147,7.50775515,26.60322376,18.2564733,2.42397554,1.31003209,2021-12-20
600887,600887.SH,伊利股份,10004331,069001001001,016170,饮料乳品,1282,265989440952.08,247709498087.72,41.56,1.489621489621,6400130918,5960286287,29.5607915,37.57880722,7.61959228,26.9995111,18.52842565,2.46008361,1.32954661,2021-12-21
600887,600887.SH,伊利股份,10004331,069001001001,016170,饮料乳品,1282,265925439642.9,247649895224.85,41.55,-0.02406159769,6400130918,5960286287,29.55367871,37.56976515,7.61775889,26.99301458,18.52396741,2.45949167,1.3292267,2021-12-22
600887,600887.SH,伊利股份,10004331,069001001001,016170,饮料乳品,1282,265541431787.82,247292278047.63,41.49,-0.14440433213,6400130918,5960286287,29.51100191,37.51551279,7.60675851,26.9540355,18.497218,2.45594006,1.32730724,2021-12-23
600887,600887.SH,伊利股份,10004331,069001001001,016170,饮料乳品,1282,271173546995.66,252537329980.19,42.37,2.120993010364,6400130918,5960286287,30.1369282,38.31121419,7.76809733,27.52572871,18.8895427,2.50803037,1.35545933,2021-12-24
600887,600887.SH,伊利股份,10004331,069001001001,016170,饮料乳品,1282,268485492010.1,250034009739.65,41.95,-0.991267406184,6400130918,5960286287,29.83819065,37.93144761,7.69109471,27.25287513,18.70229682,2.48316909,1.3420231,2021-12-27
600887,600887.SH,伊利股份,10004331,069001001001,016170,饮料乳品,1282,268165485464.2,249735995425.3,41.9,-0.119189511323,6400130918,5960286287,29.80262666,37.8862373,7.68192773,27.22039256,18.68000565,2.48020941,1.34042355,2021-12-28
600887,600887.SH,伊利股份,10004331,069001001001,016170,饮料乳品,1282,263045380729.8,244967766395.7,41.1,-1.909307875895,6400130918,5960286287,29.23360276,37.16287239,7.53525608,26.70067147,18.32334683,2.43285458,1.31483074,2021-12-29
600887,600887.SH,伊利股份,10004331,069001001001,016170,饮料乳品,1282,264709414768.48,246517440830.32,41.36,0.632603406326,6400130918,5960286287,29.41853553,37.39796599,7.58292437,26.86958082,18.43926095,2.4482449,1.3231484,2021-12-30
600887,600887.SH,伊利股份,10004331,069001001001,016170,饮料乳品,1282,265349427860.28,247113469459.02,41.46,0.241779497099,6400130918,5960286287,29.48966352,30.48271289,5.56191207,17.08897708,18.4838433,2.45416425,1.32634751,2021-12-31
600887,600887.SH,伊利股份,10004331,069001001001,016170,饮料乳品,1282,260485328362.6,242583651880.9,40.7,-1.833092137,6400130918,5960286287,28.94909081,29.92393668,5.4599571,16.77572038,18.14501742,2.40917716,3.31101384,2022-01-04
600887,600887.SH,伊利股份,10004331,069001001001,016170,饮料乳品,1282,266885459280.6,248543938167.9,41.7,2.457002457002,6400130918,5960286287,29.66037069,30.65916854,5.59410838,17.18790024,18.59084094,2.4683707,3.39236553,2022-01-05
600887,600887.SH,伊利股份,10004331,069001001001,016170,饮料乳品,1282,255877234101.64,238292245754.26,39.98,-4.124700239808,6400130918,5960286287,28.43696931,29.39456974,5.36336818,16.47895088,17.82402448,2.36655781,3.25244062,2022-01-06
600887,600887.SH,伊利股份,10004331,069001001001,016170,饮料乳品,1282,256837253739.34,239186288697.31,40.13,0.375187593797,6400130918,5960286287,28.54366129,29.50485452,5.38349087,16.54077786,17.89089801,2.37543684,3.26464337,2022-01-07
600887,600887.SH,伊利股份,10004331,069001001001,016170,饮料乳品,1282,262597371565.54,244550546355.61,41.03,2.242711188637,6400130918,5960286287,29.18381317,30.16656319,5.50422702,16.91173974,18.29213918,2.42871103,3.33785989,2022-01-10
600887,600887.SH,伊利股份,10004331,069001001001,016170,饮料乳品,1282,254853213154.76,237338599948.34,39.82,-2.949061662198,6400130918,5960286287,28.32316453,29.27693264,5.34190398,16.4130021,17.75269272,2.35708684,3.23942435,2022-01-11
600887,600887.SH,伊利股份,10004331,069001001001,016170,饮料乳品,1282,255493226246.56,237934628577.04,39.92,0.251130085384,6400130918,5960286287,28.39429251,29.35045583,5.3553191,16.45422009,17.79727507,2.3630062,3.24755952,2022-01-12
600887,600887.SH,伊利股份,10004331,069001001001,016170,饮料乳品,1282,249605105802.0,232451165193.0,39.0,-2.304609218437,6400130918,5960286287,27.73991503,28.67404252,5.23189993,16.07501462,17.38711743,2.30854814,3.17271596,2022-01-13
600887,600887.SH,伊利股份,10004331,069001001001,016170,饮料乳品,1282,248709087473.48,231616725112.82,38.86,-0.358974358974,6400130918,5960286287,27.64033585,28.57111006,5.21311875,16.01730943,17.32470214,2.30026104,3.16132672,2022-01-14
600887,600887.SH,伊利股份,10004331,069001001001,016170,饮料乳品,1282,250629126748.88,233404810998.92,39.16,0.772002058672,6400130918,5960286287,27.85371981,28.79167962,5.25336413,16.14096339,17.45844919,2.3180191,3.18573223,2022-01-17
600887,600887.SH,伊利股份,10004331,069001001001,016170,饮料乳品,1282,252293160787.56,234954485433.54,39.42,0.663942798774,6400130918,5960286287,28.03865258,28.9828399,5.28824346,16.24813016,17.57436331,2.33340943,3.20688367,2022-01-18
600887,600887.SH,伊利股份,10004331,069001001001,016170,饮料乳品,1282,251589146386.58,234298853941.97,39.31,-0.279046169457,6400130918,5960286287,27.96041179,28.90196439,5.27348682,16.20279037,17.52532272,2.32689814,3.19793499,2022-01-19
600887,600887.SH,伊利股份,10004331,069001001001,016170,饮料乳品,1282,256389244575.08,238769068657.22,40.06,1.907911472908,6400130918,5960286287,28.4938717,29.45338829,5.37410028,16.51192527,17.85969036,2.37129329,3.25894875,2022-01-20
600887,600887.SH,伊利股份,10004331,069001001001,016170,饮料乳品,1282,256389244575.08,238769068657.22,40.06,0.0,6400130918,5960286287,28.4938717,29.45338829,5.37410028,16.51192527,17.85969036,2.37129329,3.25894875,2022-01-21
600887,600887.SH,伊利股份,10004331,069001001001,016170,饮料乳品,1282,252165158169.2,234835279707.8,39.4,-1.64752870694,6400130918,5960286287,28.02442698,28.96813526,5.28556044,16.23988656,17.56544684,2.33222555,3.20525664,2022-01-24
600887,600887.SH,伊利股份,10004331,069001001001,016170,饮料乳品,1282,247429061289.88,230424667855.42,38.66,-1.878172588832,6400130918,5960286287,27.49807987,28.42406369,5.18628849,15.93487346,17.23553743,2.28842233,3.14505639,2022-01-25
600887,600887.SH,伊利股份,10004331,069001001001,016170,饮料乳品,1282,248837090091.84,231735930838.56,38.88,0.569063631661,6400130918,5960286287,27.65456145,28.58581469,5.21580177,16.02555303,17.33361861,2.30144491,3.16295376,2022-01-26
600887,600887.SH,伊利股份,10004331,069001001001,016170,饮料乳品,1282,243972990594.16,227206113260.44,38.12,-1.954732510288,6400130918,5960286287,27.11398874,28.02703848,5.1138468,15.71229634,16.99479273,2.25645782,3.10112647,2022-01-27
600887,600887.SH,伊利股份,10004331,069001001001,016170,饮料乳品,1282,243652984048.26,226908098946.09,38.07,-0.131164742917,6400130918,5960286287,27.07842475,27.99027689,5.10713924,15.69168734,16.97250155,2.25349814,3.09705889,2022-01-28
600887,600887.SH,伊利股份,10004331,069001001001,016170,饮料乳品,1282,248069074381.68,231020696484.12,38.76,1.812450748621,6400130918,5960286287,27.56920786,28.49758687,5.19970362,15.97609145,17.28011978,2.29434169,3.15319156,2022-02-07
600887,600887.SH,伊利股份,10004331,069001001001,016170,饮料乳品,1282,247365059980.7,230365064992.55,38.65,-0.283797729618,6400130918,5960286287,27.49096708,28.41671137,5.18494698,15.93075166,17.2310792,2.2878304,3.14424287,2022-02-08
600887,600887.SH,伊利股份,10004331,069001001001,016170,饮料乳品,1282,255557227555.74,237994231439.91,39.93,3.311772315653,6400130918,5960286287,28.40140531,29.35780815,5.35666062,16.45834189,17.80173331,2.36359813,3.24837303,2022-02-09
600887,600887.SH,伊利股份,10004331,069001001001,016170,饮料乳品,1282,256069238029.18,238471054342.87,40.01,0.200350613574,6400130918,5960286287,28.4583077,29.4166267,5.36739272,16.49131628,17.83739919,2.36833362,3.25488117,2022-02-10
600887,600887.SH,伊利股份,10004331,069001001001,016170,饮料乳品,1282,254917214463.94,237398202811.21,39.83,-0.449887528118,6400130918,5960286287,28.33027732,29.28428496,5.34324549,16.4171239,17.75715095,2.35767878,3.24023786,2022-02-11
600887,600887.SH,伊利股份,10004331,069001001001,016170,饮料乳品,1282,256005236720.0,238411451480.0,40.0,0.426813959327,6400130918,5960286287,28.4511949,29.40927438,5.36605121,16.48719448,17.83294095,2.36774168,3.25406765,2022-02-14
600887,600887.SH,伊利股份,10004331,069001001001,016170,饮料乳品,1282,255237221009.84,237696217125.56,39.88,-0.3,6400130918,5960286287,28.36584132,29.32104655,5.34995305,16.43773289,17.77944213,2.36063845,3.24430545,2022-02-15
600887,600887.SH,伊利股份,10004331,069001001001,016170,饮料乳品,1282,257861274686.22,240139934503.23,40.29,1.028084252758,6400130918,5960286287,28.65746607,29.62249162,5.40495508,16.60672664,17.96222977,2.38490781,3.27765964,2022-02-16
600887,600887.SH,伊利股份,10004331,069001001001,016170,饮料乳品,1282,258757293014.74,240974374583.41,40.43,0.347480764458,6400130918,5960286287,28.75704525,29.72542408,5.42373626,16.66443182,18.02464507,2.3931949,3.28904888,2022-02-17
600887,600887.SH,伊利股份,10004331,069001001001,016170,饮料乳品,1282,259589310034.08,241749211800.72,40.56,0.32154340836,6400130918,5960286287,28.84951163,29.82100422,5.44117592,16.7180152,18.08260213,2.40089006,3.2996246,2022-02-18
600887,600887.SH,伊利股份,10004331,069001001001,016170,饮料乳品,1282,262469368947.18,244431340629.87,41.01,1.109467455621,6400130918,5960286287,29.16958757,30.15185855,5.501544,16.90349614,18.28322271,2.42752716,3.33623286,2022-02-21
600887,600887.SH,伊利股份,10004331,069001001001,016170,饮料乳品,1282,259141300869.82,241331991760.63,40.49,-1.267983418678,6400130918,5960286287,28.79972204,29.76953799,5.43178533,16.68916261,18.05139448,2.39674652,3.29392998,2022-02-22
600887,600887.SH,伊利股份,10004331,069001001001,016170,饮料乳品,1282,257541268140.32,239841920188.88,40.24,-0.61743640405,6400130918,5960286287,28.62190207,29.58573002,5.39824751,16.58611764,17.9399386,2.38194813,3.27359206,2022-02-23
600887,600887.SH,伊利股份,10004331,069001001001,016170,饮料乳品,1282,252933173879.36,235550514062.24,39.52,-1.789264413519,6400130918,5960286287,28.10978056,29.05636308,5.30165859,16.28934814,17.61894566,2.33932878,3.21501884,2022-02-24
600887,600887.SH,伊利股份,10004331,069001001001,016170,饮料乳品,1282,252805171261.0,235431308336.5,39.5,-0.050607287449,6400130918,5960286287,28.09555497,29.04165845,5.29897557,16.28110455,17.61002919,2.33814491,3.21339181,2022-02-25
600887,600887.SH,伊利股份,10004331,069001001001,016170,饮料乳品,1282,252933173879.36,235550514062.24,39.52,0.050632911392,6400130918,5960286287,28.10978056,29.05636308,5.30165859,16.28934814,17.61894566,2.33932878,3.21501884,2022-02-28
600887,600887.SH,伊利股份,10004331,069001001001,016170,饮料乳品,1282,252805171261.0,235431308336.5,39.5,-0.050607287449,6400130918,5960286287,28.09555497,29.04165845,5.29897557,16.28110455,17.61002919,2.33814491,3.21339181,2022-03-01
600887,600887.SH,伊利股份,10004331,069001001001,016170,饮料乳品,1282,251141137222.32,233881633901.88,39.24,-0.658227848101,6400130918,5960286287,27.9106222,28.85049816,5.26409623,16.17393778,17.49411507,2.32275459,3.19224037,2022-03-02
600887,600887.SH,伊利股份,10004331,069001001001,016170,饮料乳品,1282,251717149004.94,234418059667.71,39.33,0.229357798165,6400130918,5960286287,27.97463739,28.91666903,5.27616985,16.21103397,17.53423919,2.32808201,3.19956202,2022-03-03
600887,600887.SH,伊利股份,10004331,069001001001,016170,饮料乳品,1282,251845151623.3,234537265393.45,39.35,0.050851767099,6400130918,5960286287,27.98886299,28.93137367,5.27885287,16.21927757,17.54315566,2.32926588,3.20118905,2022-03-04
600887,600887.SH,伊利股份,10004331,069001001001,016170,饮料乳品,1282,240324915970.9,223808750076.85,37.55,-4.574332909784,6400130918,5960286287,26.70855922,27.60795632,5.03738057,15.47735382,16.74067332,2.2227175,3.05475601,2022-03-07
600887,600887.SH,伊利股份,10004331,069001001001,016170,饮料乳品,1282,234756802072.24,218623301007.16,36.68,-2.316910785619,6400130918,5960286287,26.08974573,26.9683046,4.92066896,15.11875734,16.35280685,2.17121912,2.98398004,2022-03-08
600887,600887.SH,伊利股份,10004331,069001001001,016170,饮料乳品,1282,234436795526.34,218325286692.81,36.63,-0.136314067612,6400130918,5960286287,26.05418173,26.93154301,4.91396139,15.09814834,16.33051568,2.16825944,2.97991245,2022-03-09
600887,600887.SH,伊利股份,10004331,069001001001,016170,饮料乳品,1282,235204811236.5,219040521047.25,36.75,0.3276003276,6400130918,5960286287,26.13953532,27.01977083,4.93005955,15.14760993,16.3840145,2.17536267,2.98967466,2022-03-10
600887,600887.SH,伊利股份,10004331,069001001001,016170,饮料乳品,1282,245125014159.4,228278964792.1,38.3,4.21768707483,6400130918,5960286287,27.24201912,28.15938022,5.13799403,15.78648871,17.07504096,2.26711266,3.11576978,2022-03-11
600887,600887.SH,伊利股份,10004331,069001001001,016170,饮料乳品,1282,238468878004.68,222080267053.62,37.26,-2.715404699739,6400130918,5960286287,26.50228805,27.39473908,4.9984767,15.35782166,16.6113845,2.20555137,3.03116402,2022-03-14
600887,600887.SH,伊利股份,10004331,069001001001,016170,饮料乳品,1282,226564634497.2,210994134559.8,35.4,-4.991948470209,6400130918,5960286287,25.17930749,26.02720782,4.74895532,14.59116711,15.78215274,2.09545139,2.87984987,2022-03-15
600887,600887.SH,伊利股份,10004331,069001001001,016170,饮料乳品,1282,237572859676.16,221245826973.44,37.12,4.858757062147,6400130918,5960286287,26.40270887,27.29180662,4.97969552,15.30011648,16.5489692,2.19726428,3.01977478,2022-03-16
600887,600887.SH,伊利股份,10004331,069001001001,016170,饮料乳品,1282,238084870149.6,221722649876.4,37.2,0.215517241379,6400130918,5960286287,26.45961126,27.35062517,4.99042762,15.33309086,16.58463509,2.20199976,3.02628292,2022-03-17
600887,600887.SH,伊利股份,10004331,069001001001,016170,饮料乳品,1282,241924948700.4,225298821648.6,37.8,1.612903225806,6400130918,5960286287,26.88637918,27.79176429,5.07091839,15.58039878,16.8521292,2.23751589,3.07509393,2022-03-18
600887,600887.SH,伊利股份,10004331,069001001001,016170,饮料乳品,1282,236804843966.0,220530592619.0,37.0,-2.116402116402,6400130918,5960286287,26.31735529,27.2035788,4.96359737,15.25065489,16.49547038,2.19016105,3.01001258,2022-03-21
600887,600887.SH,伊利股份,10004331,069001001001,016170,饮料乳品,1282,237572859676.16,221245826973.44,37.12,0.324324324324,6400130918,5960286287,26.40270887,27.29180662,4.97969552,15.30011648,16.5489692,2.19726428,3.01977478,2022-03-22
600887,600887.SH,伊利股份,10004331,069001001001,016170,饮料乳品,1282,235652820400.76,219457741087.34,36.82,-0.808189655172,6400130918,5960286287,26.18932491,27.07123706,4.93945013,15.17646252,16.41522215,2.17950622,2.99536927,2022-03-23
600887,600887.SH,伊利股份,10004331,069001001001,016170,饮料乳品,1282,233604778507.0,217550449475.5,36.5,-0.869092884302,6400130918,5960286287,25.96171535,26.83596287,4.89652173,15.04456496,16.27255862,2.16056428,2.96933673,2022-03-24
600887,600887.SH,伊利股份,10004331,069001001001,016170,饮料乳品,1282,228804680318.5,213080234760.25,35.75,-2.054794520548,6400130918,5960286287,25.42825544,26.28453897,4.79590827,14.73543006,15.93819098,2.11616913,2.90832296,2022-03-25
600887,600887.SH,伊利股份,10004331,069001001001,016170,饮料乳品,1282,230596716975.54,214749114920.61,36.03,0.783216783217,6400130918,5960286287,25.62741381,26.4904039,4.83347062,14.85084043,16.06302156,2.13274332,2.93110144,2022-03-28
600887,600887.SH,伊利股份,10004331,069001001001,016170,饮料乳品,1282,228484673772.6,212782220445.9,35.7,-0.915903413822,6400130918,5960286287,25.39269145,26.24777738,4.7892007,14.71482107,15.9158998,2.11320945,2.90425538,2022-03-29
600887,600887.SH,伊利股份,10004331,069001001001,016170,饮料乳品,1282,236420836110.92,220172975441.78,36.94,3.473389355742,6400130918,5960286287,26.27467849,27.15946489,4.95554829,15.2259241,16.46872097,2.18660944,3.00513148,2022-03-30
600887,600887.SH,伊利股份,10004331,069001001001,016170,饮料乳品,1282,236100829565.02,219874961127.43,36.89,-0.135354629128,6400130918,5960286287,26.2391145,27.12270329,4.61709636,15.20531511,16.44642979,2.18364976,3.00106389,2022-03-31
600887,600887.SH,伊利股份,10004331,069001001001,016170,饮料乳品,1282,238980888478.12,222557089956.58,37.34,1.21984277582,6400130918,5960286287,26.55919044,27.45355763,4.67341768,15.39079604,16.64705038,2.21028686,3.03767215,2022-04-01
600887,600887.SH,伊利股份,10004331,069001001001,016170,饮料乳品,1282,238084870149.6,221722649876.4,37.2,-0.37493304767,6400130918,5960286287,26.45961126,27.35062517,4.65589549,15.33309086,16.58463509,2.20199976,3.02628292,2022-04-06
600887,600887.SH,伊利股份,10004331,069001001001,016170,饮料乳品,1282,235588819091.58,219398138224.47,36.81,-1.048387096774,6400130918,5960286287,26.18221211,27.06388475,4.60708368,15.17234072,16.41076391,2.17891428,2.99455576,2022-04-07
600887,600887.SH,伊利股份,10004331,069001001001,016170,饮料乳品,1282,236548838729.28,220292181167.52,36.96,0.40749796251,6400130918,5960286287,26.28890409,27.17416952,4.62585746,15.2341677,16.47763744,2.18779331,3.00675851,2022-04-08
600887,600887.SH,伊利股份,10004331,069001001001,016170,饮料乳品,1282,233732781125.36,217669655201.24,36.52,-1.190476190476,6400130918,5960286287,25.97594095,26.85066751,4.57078772,15.05280856,16.28147509,2.16174815,2.97096377,2022-04-11
600887,600887.SH,伊利股份,10004331,069001001001,016170,饮料乳品,1282,239684902879.1,223212721448.15,37.45,2.546549835706,6400130918,5960286287,26.63743123,27.53443314,4.68718511,15.43613583,16.69609097,2.21679815,3.04662084,2022-04-12
600887,600887.SH,伊利股份,10004331,069001001001,016170,饮料乳品,1282,241156932990.24,224583587294.16,37.68,0.614152202937,6400130918,5960286287,26.8010256,27.70353646,4.71597156,15.5309372,16.79863038,2.23041266,3.06533173,2022-04-13
600887,600887.SH,伊利股份,10004331,069001001001,016170,饮料乳品,1282,247685066526.6,230663079306.9,38.7,2.707006369427,6400130918,5960286287,27.52653107,28.45347296,4.84363321,15.95136066,17.25337037,2.29079008,3.14831045,2022-04-14
600887,600887.SH,伊利股份,10004331,069001001001,016170,饮料乳品,1282,247109054743.98,230126653541.07,38.61,-0.232558139535,6400130918,5960286287,27.46251588,28.38730209,4.83236895,15.91426447,17.21324625,2.28546266,3.1409888,2022-04-15
600887,600887.SH,伊利股份,10004331,069001001001,016170,饮料乳品,1282,245317018086.94,228457773380.71,38.33,-0.725200725201,6400130918,5960286287,27.26335752,28.18143717,4.79732458,15.79885411,17.08841567,2.26888846,3.11821033,2022-04-18
600887,600887.SH,伊利股份,10004331,069001001001,016170,饮料乳品,1282,244164994521.7,227384921849.05,38.15,-0.4696060527,6400130918,5960286287,27.13532714,28.04909544,4.77479605,15.72466173,17.00816743,2.25823363,3.10356702,2022-04-19
600887,600887.SH,伊利股份,10004331,069001001001,016170,饮料乳品,1282,248517083545.94,231437916524.21,38.83,1.78243774574,6400130918,5960286287,27.61899745,28.5490531,4.85990382,16.00494404,17.31132743,2.29848524,3.15888617,2022-04-20
600887,600887.SH,伊利股份,10004331,069001001001,016170,饮料乳品,1282,245957031178.74,229053802009.41,38.43,-1.030131341746,6400130918,5960286287,27.3344855,28.25496036,4.80984042,15.84007209,17.13299802,2.27480782,3.1263455,2022-04-21
600887,600887.SH,伊利股份,10004331,069001001001,016170,饮料乳品,1282,245445020705.3,228576979106.45,38.35,-0.208170699974,6400130918,5960286287,27.27758311,28.19614181,4.79982774,15.80709771,17.09733214,2.27007234,3.11983736,2022-04-22
600887,600887.SH,伊利股份,10004331,069001001001,016170,饮料乳品,1282,238916887168.94,222497487093.71,37.33,-2.659713168188,6400130918,5960286287,26.55207764,27.44620531,4.67216609,15.38667425,16.64259214,2.20969492,3.03685864,2022-04-25
600887,600887.SH,伊利股份,10004331,069001001001,016170,饮料乳品,1282,242372957864.66,225716041688.69,37.87,1.446557728369,6400130918,5960286287,26.93616877,27.84323052,4.73975167,15.60925137,16.88333685,2.24165944,3.08078855,2022-04-26
600887,600887.SH,伊利股份,10004331,069001001001,016170,饮料乳品,1282,249605105802.0,232451165193.0,39.0,2.983892263005,6400130918,5960286287,27.73991503,28.67404252,4.88118076,16.07501462,17.38711743,2.30854814,3.17271596,2022-04-27
600887,600887.SH,伊利股份,10004331,069001001001,016170,饮料乳品,1282,243588982739.08,226848496083.22,38.06,-2.410256410256,6400130918,5960286287,25.93235169,27.98292457,4.76353179,15.68756555,16.40638159,2.13151239,3.09624537,2022-04-28
600887,600887.SH,伊利股份,10004331,069001001001,016170,饮料乳品,1282,246213036415.46,229292213460.89,38.47,1.077246452969,6400130918,5960286287,26.21170703,28.28436963,4.81484676,15.85655929,16.58311875,2.15447403,3.12959956,2022-04-29
600887,600887.SH,伊利股份,10004331,069001001001,016170,饮料乳品,1282,247813069144.96,230782285032.64,38.72,0.649857031453,6400130918,5960286287,26.38204565,28.4681776,4.84613638,15.95960425,16.69088532,2.16847503,3.14993749,2022-05-05
600887,600887.SH,伊利股份,10004331,069001001001,016170,饮料乳品,1282,241732944772.86,225120013059.99,37.77,-2.453512396694,6400130918,5960286287,25.73475889,27.76970733,4.72723583,15.56803339,16.28137237,2.11527123,3.07265338,2022-05-06
600887,600887.SH,伊利股份,10004331,069001001001,016170,饮料乳品,1282,242180953937.12,225537233100.08,37.84,0.185332274292,6400130918,5960286287,25.78245371,27.82117356,4.73599692,15.59688598,16.31154701,2.11919151,3.078348,2022-05-09
600887,600887.SH,伊利股份,10004331,069001001001,016170,饮料乳品,1282,249925112347.9,232749179507.35,39.05,3.197674418605,6400130918,5960286287,26.60689263,28.71080411,4.88743868,16.09562361,16.83313718,2.18695635,3.17678355,2022-05-10
600887,600887.SH,伊利股份,10004331,069001001001,016170,饮料乳品,1282,247685066526.6,230663079306.9,38.7,-0.89628681178,6400130918,5960286287,26.36841856,28.45347296,4.84363321,15.95136066,16.68226399,2.16735495,3.14831045,2022-05-11
600887,600887.SH,伊利股份,10004331,069001001001,016170,饮料乳品,1282,248133075690.86,231080299346.99,38.77,0.180878552972,6400130918,5960286287,26.41611338,28.50493919,4.85239431,15.98021325,16.71243863,2.17127523,3.15400507,2022-05-12
600887,600887.SH,伊利股份,10004331,069001001001,016170,饮料乳品,1282,246085033797.1,229173007735.15,38.45,-0.825380448801,6400130918,5960286287,26.19807994,28.26966499,4.81234359,15.84831569,16.57449743,2.15335395,3.12797253,2022-05-13
600887,600887.SH,伊利股份,10004331,069001001001,016170,饮料乳品,1282,238852885859.76,222437884230.84,37.32,-2.938881664499,6400130918,5960286287,25.42814938,27.43885299,4.67091451,15.38255245,16.08739256,2.09006942,3.03604512,2022-05-16
600887,600887.SH,伊利股份,10004331,069001001001,016170,饮料乳品,1282,240772925135.16,224225970116.94,37.62,0.8038585209,6400130918,5960286287,25.63255572,27.65942255,4.70846205,15.50620641,16.21671244,2.10687063,3.06045063,2022-05-17
600887,600887.SH,伊利股份,10004331,069001001001,016170,饮料乳品,1282,241348936917.78,224762395882.77,37.71,0.239234449761,6400130918,5960286287,25.69387762,27.72559342,4.71972632,15.54330259,16.2555084,2.11191099,3.06777228,2022-05-18
600887,600887.SH,伊利股份,10004331,069001001001,016170,饮料乳品,1282,236356834801.74,220113372578.91,36.93,-2.068416865553,6400130918,5960286287,25.16242113,27.15211257,4.6221027,15.2218023,15.91927672,2.06822786,3.00431796,2022-05-19
600887,600887.SH,伊利股份,10004331,069001001001,016170,饮料乳品,1282,241156932990.24,224583587294.16,37.68,2.030869212023,6400130918,5960286287,25.67343699,27.70353646,4.71597156,15.5309372,16.24257641,2.11023087,3.06533173,2022-05-20
600887,600887.SH,伊利股份,10004331,069001001001,016170,饮料乳品,1282,237956867531.24,221603444150.66,37.18,-1.326963906582,6400130918,5960286287,25.33275975,27.33592053,4.65339232,15.32484727,16.02704329,2.08222886,3.02465588,2022-05-23
600887,600887.SH,伊利股份,10004331,069001001001,016170,饮料乳品,1282,237444857057.8,221126621247.7,37.1,-0.215169445939,6400130918,5960286287,25.27825139,27.27710198,4.64337964,15.29187288,15.99255799,2.07774854,3.01814775,2022-05-24
600887,600887.SH,伊利股份,10004331,069001001001,016170,饮料乳品,1282,237700862294.52,221365032699.18,37.14,0.10781671159,6400130918,5960286287,25.30550557,27.30651126,4.64838598,15.30836007,16.00980064,2.0799887,3.02140182,2022-05-25
600887,600887.SH,伊利股份,10004331,069001001001,016170,饮料乳品,1282,239172892405.66,222735898545.19,37.37,0.619278406031,6400130918,5960286287,25.4622171,27.47561459,4.67717243,15.40316144,16.10894587,2.09286962,3.0401127,2022-05-26
600887,600887.SH,伊利股份,10004331,069001001001,016170,饮料乳品,1282,240580921207.62,224047161528.33,37.59,0.588707519401,6400130918,5960286287,25.61211509,27.6373656,4.7047073,15.49384101,16.20378045,2.10519051,3.05801008,2022-05-27
600887,600887.SH,伊利股份,10004331,069001001001,016170,饮料乳品,1282,241092931681.06,224523984431.29,37.67,0.212822559191,6400130918,5960286287,25.66662344,27.69618414,4.71471998,15.5268154,16.23826575,2.10967083,3.06451821,2022-05-30
600887,600887.SH,伊利股份,10004331,069001001001,016170,饮料乳品,1282,243204974884.0,226490878906.0,38.0,0.876028670029,6400130918,5960286287,25.89147042,27.93881066,4.75602228,15.66283475,16.38051761,2.12815215,3.09136427,2022-05-31
600887,600887.SH,伊利股份,10004331,069001001001,016170,饮料乳品,1282,234244791598.8,218146478104.2,36.6,-1.187904967603,6400130918,5960286287,24.93757415,26.90948605,4.5808004,15.08578295,15.77702486,2.04974654,2.9774719,2022-06-01
600887,600887.SH,伊利股份,10004331,069001001001,016170,饮料乳品,1282,231428733994.88,215523952137.92,36.16,-1.20218579235,6400130918,5960286287,24.63777817,26.58598404,4.52573067,14.90442381,15.58735571,2.02510478,2.94167716,2022-06-02
600887,600887.SH,伊利股份,10004331,069001001001,016170,饮料乳品,1282,231428733994.88,215523952137.92,36.16,0.0,6400130918,5960286287,24.63777817,26.58598404,4.52573067,14.90442381,15.58735571,2.02510478,2.94167716,2022-06-06
600887,600887.SH,伊利股份,10004331,069001001001,016170,饮料乳品,1282,232836762796.84,216835215121.06,36.38,0.608407079646,6400130918,5960286287,24.78767616,26.74773505,4.55326554,14.99510338,15.68219028,2.03742566,2.95957453,2022-06-07
600887,600887.SH,伊利股份,10004331,069001001001,016170,饮料乳品,1282,237508858366.98,221186224110.57,37.11,2.006597031336,6400130918,5960286287,25.28506493,27.2844543,4.64463123,15.29599468,15.99686865,2.07830858,3.01896126,2022-06-08
600887,600887.SH,伊利股份,10004331,069001001001,016170,饮料乳品,1282,236996847893.54,232483211351.16,37.03,-0.215575316626,6400130918,6278239572,25.23055657,27.22563575,4.63461855,15.26302029,15.96238335,2.07382826,3.01245313,2022-06-09
600887,600887.SH,伊利股份,10004331,069001001001,016170,饮料乳品,1282,238916887168.94,234366683222.76,37.33,0.810153929247,6400130918,6278239572,25.43496292,27.44620531,4.67216609,15.38667425,16.09170322,2.09062946,3.03685864,2022-06-10
600887,600887.SH,伊利股份,10004331,069001001001,016170,饮料乳品,1282,237252853130.26,232734340934.04,37.07,-0.696490758103,6400130918,6278239572,25.25781075,27.25504503,4.63962489,15.27950748,15.979626,2.07606842,3.0157072,2022-06-13
600887,600887.SH,伊利股份,10004331,069001001001,016170,饮料乳品,1282,241668943463.68,237066326238.72,37.76,1.86134340437,6400130918,6278239572,25.72794535,27.76235501,4.72598424,15.56391159,16.27706171,2.11471119,3.07183986,2022-06-14
600887,600887.SH,伊利股份,10004331,069001001001,016170,饮料乳品,1282,243652984048.26,239012580506.04,38.07,0.820974576271,6400130918,6278239572,25.93916524,27.99027689,4.76478337,15.69168734,16.41069225,2.13207243,3.09705889,2022-06-15
600887,600887.SH,伊利股份,10004331,069001001001,016170,饮料乳品,1282,243588982739.08,238949798110.32,38.06,-0.026267402154,6400130918,6278239572,25.93235169,27.98292457,4.76353179,15.68756555,16.40638159,2.13151239,3.09624537,2022-06-16
600887,600887.SH,伊利股份,10004331,069001001001,016170,饮料乳品,1282,245061012850.22,240393793211.88,38.29,0.604308985812,6400130918,6278239572,26.08906323,28.1520279,4.79231824,15.78236691,16.50552683,2.14439331,3.11495626,2022-06-17
600887,600887.SH,伊利股份,10004331,069001001001,016170,饮料乳品,1282,242564961792.2,237945279778.8,37.9,-1.018542700444,6400130918,6278239572,25.82333498,27.86528747,4.74350643,15.62161677,16.33741099,2.12255175,3.0832291,2022-06-20
600887,600887.SH,伊利股份,10004331,069001001001,016170,饮料乳品,1282,241540940845.32,236940761447.28,37.74,-0.422163588391,6400130918,6278239572,25.71431826,27.74765037,4.72348107,15.55566799,16.26844039,2.11359111,3.07021283,2022-06-21
600887,600887.SH,伊利股份,10004331,069001001001,016170,饮料乳品,1282,239620901569.92,235057289575.68,37.44,-0.794912559618,6400130918,6278239572,25.50991191,27.52708082,4.68593353,15.43201403,16.13912051,2.0967899,3.04580732,2022-06-22
600887,600887.SH,伊利股份,10004331,069001001001,016170,饮料乳品,1282,240644922516.8,236061807907.2,37.6,0.42735042735,6400130918,6278239572,25.61892863,27.64471791,4.70595888,15.49796281,16.20809111,2.10575055,3.05882359,2022-06-23
600887,600887.SH,伊利股份,10004331,069001001001,016170,饮料乳品,1282,243204974884.0,238573103736.0,38.0,1.063829787234,6400130918,6278239572,25.89147042,27.93881066,4.75602228,15.66283475,16.38051761,2.12815215,3.09136427,2022-06-24
600887,600887.SH,伊利股份,10004331,069001001001,016170,饮料乳品,1282,247685066526.6,242967871436.4,38.7,1.842105263158,6400130918,6278239572,26.36841856,28.45347296,4.84363321,15.95136066,16.68226399,2.16735495,3.14831045,2022-06-27
600887,600887.SH,伊利股份,10004331,069001001001,016170,饮料乳品,1282,248325079618.4,243595695393.6,38.8,0.258397932817,6400130918,6278239572,26.43655401,28.52699615,4.85614906,15.99257864,16.72537062,2.17295535,3.15644562,2022-06-28
600887,600887.SH,伊利股份,10004331,069001001001,016170,饮料乳品,1282,243524981429.9,238887015714.6,38.05,-1.932989690722,6400130918,6278239572,25.92553815,27.97557225,4.7622802,15.68344375,16.40207093,2.13095235,3.09543185,2022-06-29
600887,600887.SH,伊利股份,10004331,069001001001,016170,饮料乳品,1282,249285099256.1,244537431329.4,38.95,2.365308804205,6400130918,6278239572,26.53875719,28.63728092,5.32519501,16.05440562,16.79003055,2.18135595,3.16864838,2022-06-30
600887,600887.SH,伊利股份,10004331,069001001001,016170,饮料乳品,1282,246021032487.92,241335529147.68,38.44,-1.309370988447,6400130918,6278239572,26.1912664,28.26231268,5.25546845,15.84419389,16.57018676,2.15279391,3.12715901,2022-07-01
600887,600887.SH,伊利股份,10004331,069001001001,016170,饮料乳品,1282,242052951318.76,237443020613.04,37.82,-1.612903225806,6400130918,6278239572,25.76882662,27.80646892,5.17070283,15.58864238,16.30292569,2.11807143,3.07672097,2022-07-04
600887,600887.SH,伊利股份,10004331,069001001001,016170,饮料乳品,1282,239236893714.84,234680595201.36,37.38,-1.1634056055,6400130918,6278239572,25.46903064,27.48296691,5.11054658,15.40728324,16.11325654,2.09342966,3.04092622,2022-07-05
600887,600887.SH,伊利股份,10004331,069001001001,016170,饮料乳品,1282,236932846584.36,232420428955.44,37.02,-0.963081861958,6400130918,6278239572,25.22374303,27.21828344,5.06132783,15.25889849,15.95807268,2.07326822,3.01163961,2022-07-06
600887,600887.SH,伊利股份,10004331,069001001001,016170,饮料乳品,1282,234372794217.16,229909133126.64,36.62,-1.080497028633,6400130918,6278239572,24.95120124,26.92419069,5.00664034,15.09402654,15.78564618,2.05086662,2.97909894,2022-07-07
600887,600887.SH,伊利股份,10004331,069001001001,016170,饮料乳品,1282,232580757560.12,228151226046.48,36.34,-0.764609503004,6400130918,6278239572,24.76042198,26.71832577,4.96835909,14.97861618,15.66494763,2.0351855,2.95632046,2022-07-08
600887,600887.SH,伊利股份,10004331,069001001001,016170,饮料乳品,1282,231108727448.98,226707230944.92,36.11,-0.632911392405,6400130918,6278239572,24.60371045,26.54922244,4.93691378,14.88381481,15.56580239,2.02230458,2.93760957,2022-07-11
600887,600887.SH,伊利股份,10004331,069001001001,016170,饮料乳品,1282,232836762796.84,228402355629.36,36.38,0.747715314317,6400130918,6278239572,24.78767616,26.74773505,4.97382784,14.99510338,15.68219028,2.03742566,2.95957453,2022-07-12
600887,600887.SH,伊利股份,10004331,069001001001,016170,饮料乳品,1282,230148707811.28,225765495009.12,35.96,-1.154480483782,6400130918,6278239572,24.50150728,26.43893766,4.91640597,14.82198784,15.50114246,2.01390398,2.92540682,2022-07-13
600887,600887.SH,伊利股份,10004331,069001001001,016170,饮料乳品,1282,230980724830.62,226581666153.48,36.09,0.361512791991,6400130918,6278239572,24.59008336,26.53451781,4.9341794,14.87557122,15.55718107,2.0211845,2.93598254,2022-07-14
600887,600887.SH,伊利股份,10004331,069001001001,016170,饮料乳品,1282,228356671154.24,224007587928.96,35.68,-1.136048766971,6400130918,6278239572,24.31072802,26.23307274,4.87812472,14.70657747,15.38044391,1.99822286,2.90262835,2022-07-15
600887,600887.SH,伊利股份,10004331,069001001001,016170,饮料乳品,1282,230724719593.9,226330536570.6,36.05,1.036995515695,6400130918,6278239572,24.56282918,26.50510853,4.92871065,14.85908402,15.53993842,2.01894434,2.93272847,2022-07-18
600887,600887.SH,伊利股份,10004331,069001001001,016170,饮料乳品,1282,231428733994.88,227021142923.52,36.16,0.305131761442,6400130918,6278239572,24.63777817,26.58598404,4.94374971,14.90442381,15.58735571,2.02510478,2.94167716,2022-07-19
600887,600887.SH,伊利股份,10004331,069001001001,016170,饮料乳品,1282,233604778507.0,229155744378.0,36.5,0.940265486726,6400130918,6278239572,24.8694387,26.83596287,4.99023409,15.04456496,15.73391823,2.04414614,2.96933673,2022-07-20
600887,600887.SH,伊利股份,10004331,069001001001,016170,饮料乳品,1282,231172728758.16,226770013340.64,36.12,-1.041095890411,6400130918,6278239572,24.61052399,26.55657476,4.93828097,14.88793661,15.57011306,2.02286462,2.93842309,2022-07-21
600887,600887.SH,伊利股份,10004331,069001001001,016170,饮料乳品,1282,232196749705.04,227774531672.16,36.28,0.442967884828,6400130918,6278239572,24.71954071,26.67421186,4.96015596,14.95388539,15.63908366,2.03182526,2.95143936,2022-07-22
600887,600887.SH,伊利股份,10004331,069001001001,016170,饮料乳品,1282,234308792907.98,229846350730.92,36.61,0.909592061742,6400130918,6278239572,24.94438769,26.91683837,5.00527315,15.08990475,15.78133552,2.05030658,2.97828542,2022-07-25
600887,600887.SH,伊利股份,10004331,069001001001,016170,饮料乳品,1282,234116788980.44,229658003543.76,36.58,-0.081944823819,6400130918,6278239572,24.92394706,26.89478142,5.00117159,15.07753935,15.76840353,2.04862646,2.97584487,2022-07-26
600887,600887.SH,伊利股份,10004331,069001001001,016170,饮料乳品,1282,233028766724.38,228590702816.52,36.41,-0.464734827775,6400130918,6278239572,24.80811679,26.769792,4.9779294,15.00746877,15.69512227,2.03910578,2.96201508,2022-07-27
600887,600887.SH,伊利股份,10004331,069001001001,016170,饮料乳品,1282,235332813854.86,230850869062.44,36.77,0.988739357319,6400130918,6278239572,25.05340441,27.03447547,5.02714815,15.15585352,15.85030612,2.05926722,2.99130169,2022-07-28
600887,600887.SH,伊利股份,10004331,069001001001,016170,饮料乳品,1282,229288542743.94,224949323864.76,35.83,-2.55643187381,6399345318,6278239572,24.40993457,26.34012394,4.89803124,14.76659167,15.443208,2.00637715,2.91447331,2022-07-29
600887,600887.SH,伊利股份,10004331,069001001001,016170,饮料乳品,1282,229352536197.12,225012106260.48,35.84,0.027909572984,6399345318,6278239572,24.41674728,26.34747536,4.89939825,14.77071296,15.44751813,2.00693712,2.91528673,2022-08-01
600887,600887.SH,伊利股份,10004331,069001001001,016170,饮料乳品,1282,225896889725.4,221621856891.6,35.3,-1.506696428571,6399345318,6278239572,24.04886102,25.95049889,4.8255792,14.54816316,15.21477093,1.97669867,2.87136221,2022-08-02
600887,600887.SH,伊利股份,10004331,069001001001,016170,饮料乳品,1282,225000981380.88,220742903351.52,35.16,-0.396600566572,6399345318,6278239572,23.9534831,25.84757906,4.80644092,14.49046506,15.15442906,1.96885907,2.85997437,2022-08-03
600887,600887.SH,伊利股份,10004331,069001001001,016170,饮料乳品,1282,227688706414.44,223379763971.76,35.58,1.194539249147,6399345318,6278239572,24.23961685,26.15633854,4.86385574,14.66355935,15.33545466,1.99237787,2.89413789,2022-08-04
600887,600887.SH,伊利股份,10004331,069001001001,016170,饮料乳品,1282,232680195762.48,228276790837.92,36.36,2.192242833052,6399345318,6278239572,24.77100812,26.729749,4.97048327,14.98502018,15.67164507,2.03605563,2.95758442,2022-08-05
600887,600887.SH,伊利股份,10004331,069001001001,016170,饮料乳品,1282,232552208856.12,228151226046.48,36.34,-0.05500550055,6399345318,6278239572,24.7573827,26.71504616,4.96774923,14.9767776,15.6630248,2.03493569,2.95595758,2022-08-08
600887,600887.SH,伊利股份,10004331,069001001001,016170,饮料乳品,1282,232808182668.84,228402355629.36,36.38,0.110071546505,6399345318,6278239572,24.78463353,26.74445183,4.97321731,14.99326277,15.68026533,2.03717557,2.95921125,2022-08-09
600887,600887.SH,伊利股份,10004331,069001001001,016170,饮料乳品,1282,230056464182.1,225702712613.4,35.95,-1.181968114349,6399345318,6278239572,24.49168707,26.42834094,4.91443547,14.81604718,15.4949296,2.01309681,2.92423432,2022-08-10
600887,600887.SH,伊利股份,10004331,069001001001,016170,饮料乳品,1282,233576104107.0,229155744378.0,36.5,1.529902642559,6399345318,6278239572,24.86638604,26.83266882,4.98962155,15.04271828,15.73198693,2.04389523,2.96897225,2022-08-11
600887,600887.SH,伊利股份,10004331,069001001001,016170,饮料乳品,1282,234344025545.16,229909133126.64,36.62,0.328767123288,6399345318,6278239572,24.94813854,26.92088582,5.00602578,15.09217379,15.78370854,2.05061488,2.97873326,2022-08-12
600887,600887.SH,伊利股份,10004331,069001001001,016170,饮料乳品,1282,231976267777.5,227586184485.0,36.25,-1.010376843255,6399345318,6278239572,24.69606832,26.64888342,4.95544606,14.93968596,15.6242336,2.02989594,2.94863683,2022-08-15
600887,600887.SH,伊利股份,10004331,069001001001,016170,饮料乳品,1282,232360228496.58,227962878859.32,36.31,0.165517241379,6399345318,6278239572,24.73694457,26.69299192,4.96364818,14.96441372,15.6500944,2.03325577,2.95351733,2022-08-16
600887,600887.SH,伊利股份,10004331,069001001001,016170,饮料乳品,1282,232552208856.12,228151226046.48,36.34,0.082621867254,6399345318,6278239572,24.7573827,26.71504616,4.96774923,14.9767776,15.6630248,2.03493569,2.95595758,2022-08-17
600887,600887.SH,伊利股份,10004331,069001001001,016170,饮料乳品,1282,230376431448.0,226016624592.0,36.0,-0.935608145294,6399345318,6278239572,24.52575061,26.46509802,4.92127057,14.83665364,15.51648026,2.01589666,2.9283014,2022-08-18
600887,600887.SH,伊利股份,10004331,069001001001,016170,饮料乳品,1282,228968575478.04,224635411886.16,35.78,-0.611111111111,6399345318,6278239572,24.37587102,26.30336686,4.89119614,14.74598521,15.42165733,2.00357729,2.91040623,2022-08-19
600887,600887.SH,伊利股份,10004331,069001001001,016170,饮料乳品,1282,229544516556.66,225200453447.64,35.87,0.251537171604,6399345318,6278239572,24.4371854,26.36952961,4.90349931,14.78307684,15.46044853,2.00861704,2.91772698,2022-08-22
600887,600887.SH,伊利股份,10004331,069001001001,016170,饮料乳品,1282,226728804616.74,222438028035.96,35.43,-1.22665179816,6399345318,6278239572,24.13742623,26.0460673,4.84335045,14.60173996,15.27080266,1.9839783,2.88193663,2022-08-23
600887,600887.SH,伊利股份,10004331,069001001001,016170,饮料乳品,1282,225000981380.88,220742903351.52,35.16,-0.762066045724,6399345318,6278239572,23.9534831,25.84757906,4.80644092,14.49046506,15.15442906,1.96885907,2.85997437,2022-08-24
600887,600887.SH,伊利股份,10004331,069001001001,016170,饮料乳品,1282,229096562384.4,224760976677.6,35.8,1.820250284414,6399345318,6278239572,24.38949644,26.31806969,4.89393018,14.75422779,15.4302776,2.00469724,2.91203306,2022-08-25
600887,600887.SH,伊利股份,10004331,069001001001,016170,饮料乳品,1282,231592307058.42,227209490110.68,36.19,1.08938547486,6399345318,6278239572,24.65519207,26.60477492,4.94724394,14.91495821,15.5983728,2.02653612,2.94375633,2022-08-26
600887,600887.SH,伊利股份,10004331,069001001001,016170,饮料乳品,1282,230056464182.1,225702712613.4,35.95,-0.663166620613,6399345318,6278239572,24.49168707,26.42834094,4.91443547,14.81604718,15.4949296,2.01309681,2.92423432,2022-08-29
600887,600887.SH,伊利股份,10004331,069001001001,016170,饮料乳品,1282,231208346339.34,226832795736.36,36.13,0.500695410292,6399345318,6278239572,24.61431582,26.56066643,4.93904182,14.89023045,15.572512,2.02317629,2.93887582,2022-08-30
600887,600887.SH,伊利股份,10004331,069001001001,016170,饮料乳品,1282,228712601665.32,224384282303.28,35.74,-1.079435372267,6399345318,6278239572,24.03548207,26.2739612,4.88572806,14.72950003,15.53715346,1.94561238,2.90715256,2022-08-31
600887,600887.SH,伊利股份,10004331,069001001001,016170,饮料乳品,1282,221097380736.9,216913177212.6,34.55,-3.329602686066,6399345318,6278239572,23.23519602,25.39914268,4.72305273,14.23906621,15.01982798,1.88083122,2.81035593,2022-09-01
600887,600887.SH,伊利股份,10004331,069001001001,016170,饮料乳品,1282,216937806280.2,212832321490.8,33.9,-1.881331403763,6399345318,6278239572,22.79806498,24.92130063,4.63419645,13.97118218,14.73725524,1.84544655,2.75748382,2022-09-02
600887,600887.SH,伊利股份,10004331,069001001001,016170,饮料乳品,1282,213546153261.66,209504854517.64,33.37,-1.563421828909,6399345318,6278239572,22.44163505,24.53167558,4.56174441,13.75275367,14.50684977,1.81659444,2.71437272,2022-09-05
600887,600887.SH,伊利股份,10004331,069001001001,016170,饮料乳品,1282,215209983044.34,211137196806.36,33.63,0.779142942763,6399345318,6278239572,22.61648747,24.7228124,4.59728692,13.85990728,14.61987887,1.83074831,2.73552156,2022-09-06
600887,600887.SH,伊利股份,10004331,069001001001,016170,饮料乳品,1282,212586251463.96,208563118581.84,33.22,-1.219149568837,6399345318,6278239572,22.34075866,24.42140434,4.54123912,13.69093428,14.44164068,1.80842875,2.70217146,2022-09-07
600887,600887.SH,伊利股份,10004331,069001001001,016170,饮料乳品,1282,212906218729.86,208877030560.44,33.27,0.150511739916,6399345318,6278239572,22.37438412,24.45816142,4.54807422,13.71154074,14.46337704,1.81115064,2.70623855,2022-09-08
600887,600887.SH,伊利股份,10004331,069001001001,016170,饮料乳品,1282,215657937216.6,211576673576.4,33.7,1.292455665765,6399345318,6278239572,22.66356312,24.77427231,4.60685606,13.88875633,14.65030978,1.83455896,2.74121548,2022-09-09
600887,600887.SH,伊利股份,10004331,069001001001,016170,饮料乳品,1282,215913911029.32,211827803159.28,33.74,0.118694362018,6399345318,6278239572,22.69046349,24.80367797,4.61232414,13.9052415,14.66769887,1.83673648,2.74446915,2022-09-13
600887,600887.SH,伊利股份,10004331,069001001001,016170,饮料乳品,1282,215018002684.8,210948849619.2,33.6,-0.414937759336,6399345318,6278239572,22.59631219,24.70075815,4.59318586,13.8475434,14.60683705,1.82911517,2.73308131,2022-09-14
600887,600887.SH,伊利股份,10004331,069001001001,016170,饮料乳品,1282,215593943763.42,211513891180.68,33.69,0.267857142857,6399345318,6278239572,22.65683803,24.76692089,4.60548904,13.88463504,14.64596251,1.83401458,2.74040206,2022-09-15
600887,600887.SH,伊利股份,10004331,069001001001,016170,饮料乳品,1282,210410474055.84,206428517127.36,32.88,-2.404274265361,6399345318,6278239572,22.1121055,24.17145619,4.49476045,13.55081033,14.2938334,1.78991984,2.67451528,2022-09-16
600887,600887.SH,伊利股份,10004331,069001001001,016170,饮料乳品,1282,210538460962.2,206554081918.8,32.9,0.060827250608,6399345318,6278239572,22.12555569,24.18615902,4.49749449,13.55905291,14.30252794,1.7910086,2.67614211,2022-09-19
600887,600887.SH,伊利股份,10004331,069001001001,016170,饮料乳品,1282,209002618085.88,205047304421.52,32.66,-0.729483282675,6399345318,6278239572,21.96415346,24.00972503,4.46468602,13.46014189,14.19819339,1.77794349,2.6566201,2022-09-20
600887,600887.SH,伊利股份,10004331,069001001001,016170,饮料乳品,1282,207850735928.64,203917221298.56,32.48,-0.551132884262,6399345318,6278239572,21.84310178,23.87739954,4.44007967,13.38595862,14.11994248,1.76814466,2.6419786,2022-09-21
600887,600887.SH,伊利股份,10004331,069001001001,016170,饮料乳品,1282,204779050176.0,200903666304.0,32.0,-1.477832512315,6399345318,6278239572,21.52029732,23.52453157,4.37446273,13.18813657,13.91127338,1.74201445,2.60293458,2022-09-22
600887,600887.SH,伊利股份,10004331,069001001001,016170,饮料乳品,1282,207658755569.1,203728874111.4,32.45,1.40625,6399345318,6278239572,21.8229265,23.8553453,4.43597861,13.37359474,14.10690066,1.76651152,2.63953835,2022-09-23
600887,600887.SH,伊利股份,10004331,069001001001,016170,饮料乳品,1282,207082814490.48,203163832549.92,32.36,-0.277349768875,6399345318,6278239572,21.76240067,23.78918255,4.42367543,13.33650311,14.06777521,1.76161211,2.63221759,2022-09-26
600887,600887.SH,伊利股份,10004331,069001001001,016170,饮料乳品,1282,212586251463.96,208563118581.84,33.22,2.65760197775,6399345318,6278239572,22.34075866,24.42140434,4.54123912,13.69093428,14.44164068,1.80842875,2.70217146,2022-09-27
600887,600887.SH,伊利股份,10004331,069001001001,016170,饮料乳品,1282,212842225276.68,208814248164.72,33.26,0.120409391933,6399345318,6278239572,22.36765903,24.45081,4.5467072,13.70741945,14.45902977,1.81060626,2.70542513,2022-09-28
600887,600887.SH,伊利股份,10004331,069001001001,016170,饮料乳品,1282,213098199089.4,209065377747.6,33.3,0.120264582081,6399345318,6278239572,22.3945594,24.48021566,4.55217528,13.72390462,14.47641886,1.81278378,2.7086788,2022-09-29
600887,600887.SH,伊利股份,10004331,069001001001,016170,饮料乳品,1282,211050408587.64,207056341084.56,32.98,-0.960960960961,6399345318,6278239572,22.17935643,24.24497035,4.39646165,13.59202326,14.33730613,1.79536364,2.68264945,2022-09-30
600887,600887.SH,伊利股份,10004331,069001001001,016170,饮料乳品,1282,206698853771.4,202787138175.6,32.3,-2.061855670103,6399345318,6278239572,21.72205011,23.74507405,4.30581295,13.31177535,14.04169157,1.75834583,2.62733709,2022-10-10
600887,600887.SH,伊利股份,10004331,069001001001,016170,饮料乳品,1282,207082814490.48,203163832549.92,32.36,0.185758513932,6399345318,6278239572,21.76240067,23.78918255,4.31381137,13.33650311,14.06777521,1.76161211,2.63221759,2022-10-11
600887,600887.SH,伊利股份,10004331,069001001001,016170,饮料乳品,1282,208362683554.08,204419480464.32,32.56,0.61804697157,6399345318,6278239572,21.89690253,23.93621087,4.34047275,13.41892896,14.15472066,1.7724997,2.64848593,2022-10-12
600887,600887.SH,伊利股份,10004331,069001001001,016170,饮料乳品,1282,208362683554.08,204419480464.32,32.56,0.0,6399345318,6278239572,21.89690253,23.93621087,4.34047275,13.41892896,14.15472066,1.7724997,2.64848593,2022-10-13
600887,600887.SH,伊利股份,10004331,069001001001,016170,饮料乳品,1282,209962519883.58,205989040357.32,32.81,0.767813267813,6399345318,6278239572,22.06502985,24.11999628,4.37379947,13.52196128,14.26340249,1.78610919,2.66882136,2022-10-14
600887,600887.SH,伊利股份,10004331,069001001001,016170,饮料乳品,1282,211242388947.18,207244688271.72,33.01,0.609570252972,6399345318,6278239572,22.19953171,24.2670246,4.40046086,13.60438713,14.35034795,1.79699678,2.6850897,2022-10-17
600887,600887.SH,伊利股份,10004331,069001001001,016170,饮料乳品,1282,209706546070.86,205737910774.44,32.77,-0.727052408361,6399345318,6278239572,22.03812948,24.09059061,4.3684672,13.50547611,14.2460134,1.78393167,2.66556769,2022-10-18
600887,600887.SH,伊利股份,10004331,069001001001,016170,饮料乳品,1282,207978722835.0,204042786090.0,32.5,-0.823924321025,6399345318,6278239572,21.85655197,23.89210238,4.33247433,13.39420121,14.12863703,1.76923342,2.64360543,2022-10-19
600887,600887.SH,伊利股份,10004331,069001001001,016170,饮料乳品,1282,193900163135.4,190230659031.6,30.3,-6.769230769231,6399345318,6278239572,20.37703153,22.27479083,4.03919915,12.48751682,13.17223698,1.64946993,2.46465368,2022-10-20
600887,600887.SH,伊利股份,10004331,069001001001,016170,饮料乳品,1282,191596398820.92,187970492785.68,29.94,-1.188118811881,6399345318,6278239572,20.13492818,22.01013985,3.99120866,12.33915028,13.01573516,1.62987227,2.43537067,2022-10-21
600887,600887.SH,伊利股份,10004331,069001001001,016170,饮料乳品,1282,184941079690.2,181441123630.8,28.9,-3.473613894456,6399345318,6278239572,19.43551852,21.24559257,3.85256949,11.91053584,12.56361877,1.5732568,2.35077529,2022-10-24
600887,600887.SH,伊利股份,10004331,069001001001,016170,饮料乳品,1282,186540916019.7,183010683523.8,29.15,0.865051903114,6399345318,6278239572,19.60364584,21.42937798,3.88589621,12.01356816,12.67230059,1.58686628,2.37111072,2022-10-25
600887,600887.SH,伊利股份,10004331,069001001001,016170,饮料乳品,1282,186220948753.8,182696771545.2,29.1,-0.171526586621,6399345318,6278239572,19.57002038,21.3926209,3.87923087,11.9929617,12.65056423,1.58414439,2.36704363,2022-10-26
600887,600887.SH,伊利股份,10004331,069001001001,016170,饮料乳品,1282,184045171345.68,180562170090.72,28.76,-1.168384879725,6399345318,6278239572,19.34136722,21.14267275,3.83390652,11.85283774,12.50275695,1.56563548,2.33938745,2022-10-27
600887,600887.SH,伊利股份,10004331,069001001001,016170,饮料乳品,1282,165615056829.84,163250754595.36,25.88,-10.013908205841,6399345318,6307988972,18.77345345,19.02546491,3.44998264,10.66590545,13.82018714,1.38648238,2.10512334,2022-10-28
600887,600887.SH,伊利股份,10004331,069001001001,016170,饮料乳品,1282,161519475826.32,159213641653.28,25.24,-2.472952086553,6399345318,6307988972,18.30919494,18.55497428,3.36466622,10.40214272,13.47842054,1.35219533,2.05306465,2022-10-31
600887,600887.SH,伊利股份,10004331,069001001001,016170,饮料乳品,1282,169838624739.72,167414027316.88,26.54,5.150554675119,6399345318,6307988972,19.25222003,19.51065837,3.5379652,10.93791077,14.17263396,1.42184089,2.15880887,2022-11-01
600887,600887.SH,伊利股份,10004331,069001001001,016170,饮料乳品,1282,174958100994.12,172460418494.48,27.34,3.01431801055,6399345318,6307988972,19.83254317,20.09877166,3.64461072,11.26761418,14.59984221,1.4646997,2.22388223,2022-11-02
600887,600887.SH,伊利股份,10004331,069001001001,016170,饮料乳品,1282,170478559271.52,168044826214.08,26.64,-2.56035113387,6399345318,6307988972,19.32476043,19.58417253,3.55129589,10.9791237,14.22603499,1.42719824,2.16694304,2022-11-03
600887,600887.SH,伊利股份,10004331,069001001001,016170,饮料乳品,1282,177453845668.14,174920534193.56,27.73,4.091591591592,6399345318,6307988972,20.1154507,20.38547689,3.69660041,11.4283446,14.80810624,1.48559337,2.2556055,2022-11-04
600887,600887.SH,伊利股份,10004331,069001001001,016170,饮料乳品,1282,177325858761.78,174794374414.12,27.71,-0.072124053372,6399345318,6307988972,20.10094262,20.37077406,3.69393427,11.42010201,14.79742603,1.4845219,2.25397866,2022-11-07
600887,600887.SH,伊利股份,10004331,069001001001,016170,饮料乳品,1282,175086087900.48,172586578273.92,27.36,-1.263081919885,6399345318,6307988972,19.84705125,20.11347449,3.64727686,11.27585677,14.61052242,1.46577117,2.22550907,2022-11-08
600887,600887.SH,伊利股份,10004331,069001001001,016170,饮料乳品,1282,174126186102.78,171640379928.12,27.21,-0.548245614035,6399345318,6307988972,19.73824066,20.00320325,3.62728082,11.21403738,14.53042087,1.45773514,2.21330781,2022-11-09
600887,600887.SH,伊利股份,10004331,069001001001,016170,饮料乳品,1282,177325858761.78,174794374414.12,27.71,1.837559720691,6399345318,6307988972,20.10094262,20.37077406,3.69393427,11.42010201,14.79742603,1.4845219,2.25397866,2022-11-10
600887,600887.SH,伊利股份,10004331,069001001001,016170,饮料乳品,1282,181869393937.56,179273046584.24,28.42,2.562251894623,6399345318,6307988972,20.6159794,20.8927246,3.78858217,11.71271379,15.17657336,1.52255909,2.31173127,2022-11-11
600887,600887.SH,伊利股份,10004331,069001001001,016170,饮料乳品,1282,181485433218.48,178894567245.92,28.36,-0.211118930331,6399345318,6307988972,20.57245517,20.8486161,3.78058376,11.68798604,15.14453274,1.51934468,2.30685077,2022-11-14
600887,600887.SH,伊利股份,10004331,069001001001,016170,饮料乳品,1282,186860883285.6,184193277982.4,29.2,2.96191819464,6399345318,6307988972,21.18179446,21.46613506,3.89256156,12.03417462,15.59310141,1.56434642,2.3751778,2022-11-15
600887,600887.SH,伊利股份,10004331,069001001001,016170,饮料乳品,1282,186860883285.6,184193277982.4,29.2,0.0,6399345318,6307988972,21.18179446,21.46613506,3.89256156,12.03417462,15.59310141,1.56434642,2.3751778,2022-11-16
600887,600887.SH,伊利股份,10004331,069001001001,016170,饮料乳品,1282,187116857098.32,184445597541.28,29.24,0.13698630137,6399345318,6307988972,21.21081062,21.49554072,3.89789383,12.05065979,15.61446183,1.56648936,2.37843147,2022-11-17
600887,600887.SH,伊利股份,10004331,069001001001,016170,饮料乳品,1282,186348935660.16,183688638864.64,29.12,-0.410396716826,6399345318,6307988972,21.12376215,21.40732373,3.881897,12.00120428,15.55038059,1.56006054,2.36867047,2022-11-18
600887,600887.SH,伊利股份,10004331,069001001001,016170,饮料乳品,1282,183917184439.32,181291603055.28,28.74,-1.304945054945,6399345318,6307988972,20.84810866,21.12796992,3.83124038,11.84459516,15.34745667,1.53970261,2.33776062,2022-11-21
600887,600887.SH,伊利股份,10004331,069001001001,016170,饮料乳品,1282,183469230267.06,180850043827.24,28.67,-0.243562978427,6399345318,6307988972,20.79733038,21.07651,3.8219089,11.81574611,15.31007594,1.53595247,2.3320667,2022-11-22
600887,600887.SH,伊利股份,10004331,069001001001,016170,饮料乳品,1282,182189361203.46,179588446032.84,28.47,-0.697593303104,6399345318,6307988972,20.6522496,20.92948168,3.79524752,11.73332026,15.20327388,1.52523776,2.31579836,2022-11-23
600887,600887.SH,伊利股份,10004331,069001001001,016170,饮料乳品,1282,182253354656.64,179651525922.56,28.48,0.035124692659,6399345318,6307988972,20.65950364,20.9368331,3.79658059,11.73744155,15.20861398,1.5257735,2.31661178,2022-11-24
600887,600887.SH,伊利股份,10004331,069001001001,016170,饮料乳品,1282,182381341563.0,179777685702.0,28.5,0.070224719101,6399345318,6307988972,20.67401172,20.95153593,3.79924672,11.74568414,15.21929419,1.52684497,2.31823861,2022-11-25
600887,600887.SH,伊利股份,10004331,069001001001,016170,饮料乳品,1282,182189361203.46,179588446032.84,28.47,-0.105263157895,6399345318,6307988972,20.6522496,20.92948168,3.79524752,11.73332026,15.20327388,1.52523776,2.31579836,2022-11-28
600887,600887.SH,伊利股份,10004331,069001001001,016170,饮料乳品,1282,186284942206.98,183625558974.92,29.11,2.247980330172,6399345318,6307988972,21.11650811,21.39997231,3.88056393,11.99708299,15.54504049,1.55952481,2.36785705,2022-11-29
600887,600887.SH,伊利股份,10004331,069001001001,016170,饮料乳品,1282,184621112424.3,181985481842.2,28.85,-0.893163861216,6399345318,6307988972,20.92790309,21.20883549,3.84590414,11.88992938,15.4061978,1.5455957,2.34670821,2022-11-30
600887,600887.SH,伊利股份,10004331,069001001001,016170,饮料乳品,1282,191404418461.38,188671950152.52,29.91,3.67417677643,6399345318,6307988972,21.69683124,21.9880856,3.98720946,12.3267864,15.97224874,1.60238362,2.43293041,2022-12-01
600887,600887.SH,伊利股份,10004331,069001001001,016170,饮料乳品,1282,190316529757.32,187599592027.28,29.74,-0.568371782013,6399345318,6307988972,21.57351258,21.86311153,3.96454728,12.25672443,15.88146699,1.59327612,2.41910232,2022-12-02
600887,600887.SH,伊利股份,10004331,069001001001,016170,饮料乳品,1282,196075940543.52,193276782102.08,30.64,3.026227303295,6399345318,6307988972,22.22637611,22.52473898,4.0845235,12.62764077,16.36207628,1.64149228,2.49230986,2022-12-05
600887,600887.SH,伊利股份,10004331,069001001001,016170,饮料乳品,1282,199531587015.24,196683096146.96,31.18,1.762402088773,6399345318,6307988972,22.61809422,22.92171545,4.15650922,12.85019057,16.65044185,1.67042197,2.53623438,2022-12-06
600887,600887.SH,伊利股份,10004331,069001001001,016170,饮料乳品,1282,202091325142.44,199206291735.76,31.58,1.282873636947,6399345318,6307988972,22.90825579,23.21577209,4.20983198,13.01504228,16.86404598,1.69185137,2.56877106,2022-12-07
600887,600887.SH,伊利股份,10004331,069001001001,016170,饮料乳品,1282,199851554281.14,196998495595.56,31.23,-1.10829639012,6399345318,6307988972,22.65436442,22.95847253,4.16317457,12.87079704,16.67714237,1.67310065,2.54030147,2022-12-08
600887,600887.SH,伊利股份,10004331,069001001001,016170,饮料乳品,1282,204715056722.82,201792567214.28,31.99,2.433557476785,6399345318,6307988972,23.2056714,23.51718015,4.26448781,13.18401528,17.08299021,1.71381651,2.60212116,2022-12-09
600887,600887.SH,伊利股份,10004331,069001001001,016170,饮料乳品,1282,203179213846.5,200278649861.0,31.75,-0.750234448265,6399345318,6307988972,23.03157446,23.34074617,4.23249416,13.08510426,16.95482774,1.70095887,2.58259915,2022-12-12
600887,600887.SH,伊利股份,10004331,069001001001,016170,饮料乳品,1282,200235515000.22,197376974933.88,31.29,-1.448818897638,6399345318,6307988972,22.69788865,23.00258103,4.17117298,12.89552479,16.70918299,1.67631506,2.54518197,2022-12-13
600887,600887.SH,伊利股份,10004331,069001001001,016170,饮料乳品,1282,202987233486.96,200089410191.84,31.72,1.374240971556,6399345318,6307988972,23.00981234,23.31869192,4.22849495,13.07274038,16.93880743,1.69935166,2.5801589,2022-12-14
600887,600887.SH,伊利股份,10004331,069001001001,016170,饮料乳品,1282,200683469172.48,197818534161.92,31.36,-1.134930643127,6399345318,6307988972,22.74866693,23.05404094,4.18050447,12.92437384,16.74656371,1.6800652,2.55087589,2022-12-15
600887,600887.SH,伊利股份,10004331,069001001001,016170,饮料乳品,1282,201067429891.56,198197013500.24,31.42,0.191326530612,6399345318,6307988972,22.79219116,23.09814944,4.18850288,12.9491016,16.77860433,1.68327961,2.55575639,2022-12-16
600887,600887.SH,伊利股份,10004331,069001001001,016170,饮料乳品,1282,200875449532.02,198007773831.08,31.39,-0.095480585614,6399345318,6307988972,22.77042905,23.07609519,4.18450367,12.93673772,16.76258402,1.68167241,2.55331614,2022-12-19
600887,600887.SH,伊利股份,10004331,069001001001,016170,饮料乳品,1282,195180032199.0,192393663646.0,30.5,-2.835297865562,6399345318,6307988972,22.12481956,22.42181915,4.06586053,12.56994267,16.28731483,1.63399198,2.48092202,2022-12-20
600887,600887.SH,伊利股份,10004331,069001001001,016170,饮料乳品,1282,197931750685.74,195106098903.96,30.93,1.409836065574,6399345318,6307988972,22.43674324,22.73793005,4.1231825,12.74715826,16.51693927,1.65702859,2.51589895,2022-12-21
600887,600887.SH,伊利股份,10004331,069001001001,016170,饮料乳品,1282,197419803060.3,194601459786.2,30.85,-0.258648561267,6399345318,6307988972,22.37871093,22.67911872,4.11251795,12.71418791,16.47421845,1.65274271,2.50939162,2022-12-22
600887,600887.SH,伊利股份,10004331,069001001001,016170,饮料乳品,1282,199019639389.8,196178457029.2,31.1,0.810372771475,6399345318,6307988972,22.56006191,22.86290412,4.14584467,12.81722023,16.60772103,1.66613609,2.52972704,2022-12-23
600887,600887.SH,伊利股份,10004331,069001001001,016170,饮料乳品,1282,195627986371.26,192835222874.04,30.57,-1.704180064309,6399345318,6307988972,22.17559783,22.47327907,4.07519201,12.59879172,16.32469556,1.63774213,2.48661594,2022-12-26
600887,600887.SH,伊利股份,10004331,069001001001,016170,饮料乳品,1282,199403600108.88,196556936367.52,31.16,1.929996728819,6399345318,6307988972,22.60358614,22.90701262,4.15384309,12.84194799,16.63976165,1.6693505,2.53460755,2022-12-27
600887,600887.SH,伊利股份,10004331,069001001001,016170,饮料乳品,1282,197931750685.74,195106098903.96,30.93,-0.738125802311,6399345318,6307988972,22.43674324,22.73793005,4.1231825,12.74715826,16.51693927,1.65702859,2.51589895,2022-12-28
600887,600887.SH,伊利股份,10004331,069001001001,016170,饮料乳品,1282,197547789966.66,194727619565.64,30.87,-0.193986420951,6399345318,6307988972,22.39321901,22.69382155,4.11518408,12.7224305,16.48489865,1.65381418,2.51101845,2022-12-29
600887,600887.SH,伊利股份,10004331,069001001001,016170,饮料乳品,1282,198379704858.0,195547658132.0,31.0,0.421120829284,6399345318,6307988972,22.48752152,22.78938996,4.13251398,12.7760073,16.55431999,1.66077874,2.52159287,2022-12-30
600887,600887.SH,伊利股份,10004331,069001001001,016170,饮料乳品,1282,196459901262.6,193655261440.4,30.7,-0.967741935484,6399345318,6307988972,22.26990034,20.83114769,3.90825884,14.6389872,16.3941169,1.64470669,1.78118388,2023-01-03
600887,600887.SH,伊利股份,10004331,069001001001,016170,饮料乳品,1282,195691979824.44,192898302763.76,30.58,-0.390879478827,6399345318,6307988972,22.18285187,20.74972301,3.89298226,14.58176641,16.33003566,1.63827787,1.7742216,2023-01-04
600887,600887.SH,伊利股份,10004331,069001001001,016170,饮料乳品,1282,201835351329.72,198953972176.88,31.54,3.139306736429,6399345318,6307988972,22.87923963,21.40112047,4.01519491,15.03953278,16.84268557,1.68970843,1.82991986,2023-01-05
600887,600887.SH,伊利股份,10004331,069001001001,016170,饮料乳品,1282,201579377517.0,198701652618.0,31.5,-0.126823081801,6399345318,6307988972,22.85022348,21.3739789,4.01010272,15.02045918,16.82132516,1.68756549,1.82759909,2023-01-06
600887,600887.SH,伊利股份,10004331,069001001001,016170,饮料乳品,1282,202219312048.8,199332451515.2,31.6,0.31746031746,6399345318,6307988972,22.92276387,21.44183281,4.0228332,15.06814318,16.87472619,1.69292284,1.833401,2023-01-09
600887,600887.SH,伊利股份,10004331,069001001001,016170,饮料乳品,1282,208042716288.18,205072721479.72,32.51,2.879746835443,6399345318,6307988972,23.58288144,22.05930331,4.13868061,15.50206756,17.36067558,1.74167474,1.8861983,2023-01-10
600887,600887.SH,伊利股份,10004331,069001001001,016170,饮料乳品,1282,207658755569.1,204694242141.4,32.45,-0.184558597355,6399345318,6307988972,23.5393572,22.01859097,4.13104232,15.47345716,17.32863496,1.73846032,1.88271716,2023-01-11
600887,600887.SH,伊利股份,10004331,069001001001,016170,饮料乳品,1282,206250899599.14,203306484567.56,32.23,-0.677966101695,6399345318,6307988972,23.37976834,21.86931238,4.10303526,15.36855237,17.21115269,1.72667415,1.86995298,2023-01-12
600887,600887.SH,伊利股份,10004331,069001001001,016170,饮料乳品,1282,208554663913.62,205577360597.48,32.59,1.116971765436,6399345318,6307988972,23.64091375,22.11358643,4.148865,15.54021476,17.40339641,1.74596062,1.89083983,2023-01-13
600887,600887.SH,伊利股份,10004331,069001001001,016170,饮料乳品,1282,213738133621.2,210686831664.8,33.4,2.485424976987,6399345318,6307988972,24.22849092,22.66320303,4.25198193,15.92645514,17.83594477,1.78935516,1.93783523,2023-01-16
600887,600887.SH,伊利股份,10004331,069001001001,016170,饮料乳品,1282,215977904482.5,212894627805.0,33.75,1.047904191617,6399345318,6307988972,24.4823823,22.90069168,4.29653863,16.09334913,18.02284838,1.80810588,1.95814189,2023-01-17
600887,600887.SH,伊利股份,10004331,069001001001,016170,饮料乳品,1282,206250899599.14,203306484567.56,32.23,-4.503703703704,6399345318,6307988972,23.37976834,21.86931238,4.10303526,15.36855237,17.21115269,1.72667415,1.86995298,2023-01-18
600887,600887.SH,伊利股份,10004331,069001001001,016170,饮料乳品,1282,207466775209.56,204505002472.24,32.42,0.589512876202,6399345318,6307988972,23.51759508,21.9982348,4.12722318,15.45915196,17.31261465,1.73685312,1.88097659,2023-01-19
600887,600887.SH,伊利股份,10004331,069001001001,016170,饮料乳品,1282,206890834130.94,203937283464.76,32.33,-0.277606415793,6399345318,6307988972,23.45230873,21.93716629,4.11576574,15.41623636,17.26455372,1.7320315,1.87575488,2023-01-20
600887,600887.SH,伊利股份,10004331,069001001001,016170,饮料乳品,1282,212778231823.5,209740633319.0,33.25,2.845654191154,6399345318,6307988972,24.11968034,22.56142218,4.2328862,15.85492914,17.75584322,1.78131913,1.92913238,2023-01-30
600887,600887.SH,伊利股份,10004331,069001001001,016170,饮料乳品,1282,208490670460.44,205514280707.76,32.58,-2.015037593985,6399345318,6307988972,23.63365971,22.10680104,4.14759195,15.53544636,17.3980563,1.74542488,1.89025964,2023-01-31
600887,600887.SH,伊利股份,10004331,069001001001,016170,饮料乳品,1282,208490670460.44,205514280707.76,32.58,0.0,6399345318,6307988972,23.63365971,22.10680104,4.14759195,15.53544636,17.3980563,1.74542488,1.89025964,2023-02-01
600887,600887.SH,伊利股份,10004331,069001001001,016170,饮料乳品,1282,208106709741.36,205135801369.44,32.52,-0.184162062615,6399345318,6307988972,23.59013548,22.0660887,4.13995366,15.50683596,17.36601568,1.74221047,1.88677849,2023-02-02
600887,600887.SH,伊利股份,10004331,069001001001,016170,饮料乳品,1282,204971030535.54,202044886773.16,32.03,-1.506765067651,6399345318,6307988972,23.23468755,21.73360458,4.07757429,15.27318437,17.10435063,1.71595945,1.85834917,2023-02-03
600887,600887.SH,伊利股份,10004331,069001001001,016170,饮料乳品,1282,199147626296.16,196304616808.64,31.12,-2.841086481424,6399345318,6307988972,22.57456999,21.11613408,3.96172687,14.83925999,16.61840123,1.66720756,1.80555187,2023-02-06
600887,600887.SH,伊利股份,10004331,069001001001,016170,饮料乳品,1282,198507691764.36,195673817911.44,31.02,-0.321336760925,6399345318,6307988972,22.5020296,21.04828018,3.94899639,14.791576,16.5650002,1.66185021,1.79974997,2023-02-07
600887,600887.SH,伊利股份,10004331,069001001001,016170,饮料乳品,1282,200043534640.68,197187735264.72,31.26,0.773694390716,6399345318,6307988972,22.67612654,21.21112954,3.97954955,14.90601759,16.69316268,1.67470785,1.81367453,2023-02-08
600887,600887.SH,伊利股份,10004331,069001001001,016170,饮料乳品,1282,201579377517.0,198701652618.0,31.5,0.767754318618,6399345318,6307988972,22.85022348,21.3739789,4.01010272,15.02045918,16.82132516,1.68756549,1.82759909,2023-02-09
600887,600887.SH,伊利股份,10004331,069001001001,016170,饮料乳品,1282,201323403704.28,198449333059.12,31.46,-0.126984126984,6399345318,6307988972,22.82120732,21.34683734,4.00501052,15.00138559,16.79996474,1.68542255,1.82527833,2023-02-10
600887,600887.SH,伊利股份,10004331,069001001001,016170,饮料乳品,1282,202155318595.62,199269371625.48,31.59,0.413223140496,6399345318,6307988972,22.91550983,21.43504742,4.02156015,15.06337478,16.86938609,1.69238711,1.83282081,2023-02-13
600887,600887.SH,伊利股份,10004331,069001001001,016170,饮料乳品,1282,202411292408.34,199521691184.36,31.63,0.126622348845,6399345318,6307988972,22.94452599,21.46218898,4.02665235,15.08244838,16.8907465,1.69453005,1.83514157,2023-02-14
600887,600887.SH,伊利股份,10004331,069001001001,016170,饮料乳品,1282,199531587015.24,196683096146.96,31.18,-1.422699968384,6399345318,6307988972,22.61809422,21.15684642,3.96936517,14.86787039,16.65044185,1.67042197,1.80903301,2023-02-15
600887,600887.SH,伊利股份,10004331,069001001001,016170,饮料乳品,1282,197611783419.84,194790699455.36,30.88,-0.96215522771,6399345318,6307988972,22.40047305,20.95328472,3.93117371,14.7248184,16.49023876,1.65434992,1.7916273,2023-02-16
600887,600887.SH,伊利股份,10004331,069001001001,016170,饮料乳品,1282,196382815455.42,193592181550.68,30.69,-0.615284974093,6398918718,6307988972,22.26116221,20.82297409,3.90672534,14.63324324,16.38768427,1.64406135,1.78048499,2023-02-17
600887,600887.SH,伊利股份,10004331,069001001001,016170,饮料乳品,1282,200606101809.3,197755454272.2,31.35,2.150537634409,6398918718,6307988972,22.73989688,21.27077998,3.99074094,14.94793665,16.74010759,1.6794175,1.81877499,2023-02-20
600887,600887.SH,伊利股份,10004331,069001001001,016170,饮料乳品,1282,201501950429.82,198638572728.28,31.49,0.446570972887,6398918718,6307988972,22.84144666,21.36576911,4.00856243,15.01468979,16.81486405,1.68691729,1.82689711,2023-02-21
600887,600887.SH,伊利股份,10004331,069001001001,016170,饮料乳品,1282,198750415381.08,195926137470.32,31.06,-1.365512861226,6398918718,6307988972,22.52954376,21.07401679,3.95382499,14.80966227,16.58525492,1.66388222,1.80195059,2023-02-22
600887,600887.SH,伊利股份,10004331,069001001001,016170,饮料乳品,1282,198366480258.0,195547658132.0,31.0,-0.193174500966,6398918718,6307988972,22.48602243,21.03330716,3.94618721,14.78105378,16.55321643,1.66066803,1.79846969,2023-02-23
600887,600887.SH,伊利股份,10004331,069001001001,016170,饮料乳品,1282,195870901957.98,193087542432.92,30.61,-1.258064516129,6398918718,6307988972,22.20313376,20.76869459,3.89654163,14.59509859,16.34496629,1.63977575,1.77584378,2023-02-24
600887,600887.SH,伊利股份,10004331,069001001001,016170,饮料乳品,1282,195167020899.0,192393663646.0,30.5,-0.359359686377,6398918718,6307988972,22.12334465,20.69406027,3.88253903,14.54264969,16.28622907,1.63388306,1.76946211,2023-02-27
600887,600887.SH,伊利股份,10004331,069001001001,016170,饮料乳品,1282,194911064150.28,192141344087.12,30.46,-0.131147540984,6398918718,6307988972,22.09433043,20.66692052,3.87744717,14.52357736,16.26487008,1.63174026,1.7671415,2023-02-28
600887,600887.SH,伊利股份,10004331,069001001001,016170,饮料乳品,1282,199134350504.16,196304616808.64,31.12,2.166776099803,6398918718,6307988972,22.5730651,21.11472641,3.96146277,14.83827076,16.6172934,1.66709642,1.8054315,2023-03-01
600887,600887.SH,伊利股份,10004331,069001001001,016170,饮料乳品,1282,199262328878.52,196430776588.08,31.14,0.064267352185,6398918718,6307988972,22.58757221,21.12829629,3.9640087,14.84780693,16.62797289,1.66816782,1.80659181,2023-03-02
600887,600887.SH,伊利股份,10004331,069001001001,016170,饮料乳品,1282,198750415381.08,195926137470.32,31.06,-0.256904303147,6398918718,6307988972,22.52954376,21.07401679,3.95382499,14.80966227,16.58525492,1.66388222,1.80195059,2023-03-03
600887,600887.SH,伊利股份,10004331,069001001001,016170,饮料乳品,1282,196638772204.14,193844501109.56,30.73,-1.062459755312,6398918718,6307988972,22.29017643,20.85011384,3.91181719,14.65231557,16.40904326,1.64620414,1.7828056,2023-03-06
600887,600887.SH,伊利股份,10004331,069001001001,016170,饮料乳品,1282,191583626416.92,188861189821.68,29.94,-2.570777741621,6398918718,6307988972,21.71714553,20.31410375,3.81125307,14.2756371,15.98720323,1.60388389,1.73697363,2023-03-07
600887,600887.SH,伊利股份,10004331,069001001001,016170,饮料乳品,1282,191135702106.66,188419630593.64,29.87,-0.233800935204,6398918718,6307988972,21.66637064,20.26660919,3.80234232,14.24226053,15.949825,1.600134,1.73291257,2023-03-08
600887,600887.SH,伊利股份,10004331,069001001001,016170,饮料乳品,1282,189088048116.9,186401074122.6,29.55,-1.071309005691,6398918718,6307988972,21.43425686,20.04949118,3.76160749,14.08968191,15.77895308,1.58299162,1.71434772,2023-03-09
600887,600887.SH,伊利股份,10004331,069001001001,016170,饮料乳品,1282,186272523880.98,183625558974.92,29.11,-1.489001692047,6398918718,6307988972,21.11510042,19.75095392,3.70559709,13.87988631,15.54400421,1.55942085,1.68882105,2023-03-10
600887,600887.SH,伊利股份,10004331,069001001001,016170,饮料乳品,1282,188576134619.46,185896435004.84,29.47,1.236688423222,6398918718,6307988972,21.37622842,19.99521168,3.75142378,14.05153726,15.73623511,1.57870602,1.7097065,2023-03-13
600887,600887.SH,伊利股份,10004331,069001001001,016170,饮料乳品,1282,189024058929.72,186337994232.88,29.54,0.237529691211,6398918718,6307988972,21.42700331,20.04270624,3.76033452,14.08491383,15.77361334,1.58245592,1.71376757,2023-03-14
600887,600887.SH,伊利股份,10004331,069001001001,016170,饮料乳品,1282,186784437378.42,184130198092.68,29.19,-1.184834123223,6398918718,6307988972,21.17312886,19.80523342,3.7157808,13.91803096,15.58672218,1.56370644,1.69346226,2023-03-15
600887,600887.SH,伊利股份,10004331,069001001001,016170,饮料乳品,1282,186208534693.8,183562479085.2,29.1,-0.308324768756,6398918718,6307988972,21.10784686,19.74416898,3.70432412,13.87511823,15.53866446,1.55888515,1.6882409,2023-03-16
600887,600887.SH,伊利股份,10004331,069001001001,016170,饮料乳品,1282,184736783388.66,182111641621.64,28.87,-0.790378006873,6398918718,6307988972,20.94101508,19.58811541,3.67504596,13.76545234,15.41585027,1.54656406,1.67489741,2023-03-17
600887,600887.SH,伊利股份,10004331,069001001001,016170,饮料乳品,1282,182625140211.72,180030005260.88,28.54,-1.143055074472,6398918718,6307988972,20.70164775,19.36421246,3.63303816,13.60810564,15.23963861,1.52888598,1.65575241,2023-03-20
600887,600887.SH,伊利股份,10004331,069001001001,016170,饮料乳品,1282,185440664447.64,182805520408.56,28.98,1.541695865452,6398918718,6307988972,21.02080419,19.66274973,3.68904856,13.81790124,15.47458749,1.55245675,1.68127908,2023-03-21
600887,600887.SH,伊利股份,10004331,069001001001,016170,饮料乳品,1282,184800772575.84,182174721511.36,28.88,-0.345065562457,6398918718,6307988972,20.94826864,19.59490035,3.67631892,13.77022043,15.42119002,1.54709976,1.67547757,2023-03-22
600887,600887.SH,伊利股份,10004331,069001001001,016170,饮料乳品,1282,185632632009.18,182994760077.72,29.01,0.450138504155,6398918718,6307988972,21.04256486,19.68310454,3.69286745,13.83220549,15.49060673,1.55406385,1.68301954,2023-03-23
600887,600887.SH,伊利股份,10004331,069001001001,016170,饮料乳品,1282,186400502255.34,183751718754.36,29.13,0.413650465357,6398918718,6307988972,21.12960753,19.76452379,3.70814301,13.88942247,15.5546837,1.56049224,1.68998135,2023-03-24
600887,600887.SH,伊利股份,10004331,069001001001,016170,饮料乳品,1282,186336513068.16,183688638864.64,29.12,-0.03432887058,6398918718,6307988972,21.12235397,19.75773886,3.70687005,13.88465439,15.54934395,1.55995655,1.6894012,2023-03-27
600887,600887.SH,伊利股份,10004331,069001001001,016170,饮料乳品,1282,185568642822.0,182931680188.0,29.0,-0.412087912088,6398918718,6307988972,21.03531131,19.6763196,3.69159449,13.82743741,15.48526699,1.55352815,1.68243938,2023-03-28
600887,600887.SH,伊利股份,10004331,069001001001,016170,饮料乳品,1282,183648967206.6,181039283496.4,28.7,-1.034482758621,6398918718,6307988972,20.81770464,19.47277147,3.65340558,13.68439495,15.32507457,1.53745717,1.66503484,2023-03-29
600887,600887.SH,伊利股份,10004331,069001001001,016170,饮料乳品,1282,186848426565.6,184193277982.4,29.2,1.742160278746,6398918718,6307988972,21.18038242,19.81201836,3.71705376,13.92279905,15.59206193,1.56424214,1.69404241,2023-03-30
600887,600887.SH,伊利股份,10004331,069001001001,016170,饮料乳品,1282,186336513068.16,183688638864.64,29.12,-0.27397260274,6398918718,6307988972,21.12235397,19.75773886,3.48231929,13.88465439,15.54934395,1.55995655,1.6894012,2023-03-31
600887,600887.SH,伊利股份,10004331,069001001001,016170,饮料乳品,1282,185504653634.82,182868600298.28,28.99,-0.446428571429,6398918718,6307988972,21.02805775,19.66953466,3.46677322,13.82266933,15.47992724,1.55299245,1.68185923,2023-04-03
600887,600887.SH,伊利股份,10004331,069001001001,016170,饮料乳品,1282,186272523880.98,183625558974.92,29.11,0.413935839945,6398918718,6307988972,21.11510042,19.75095392,3.48112344,13.87988631,15.54400421,1.55942085,1.68882105,2023-04-04
600887,600887.SH,伊利股份,10004331,069001001001,016170,饮料乳品,1282,185056729324.56,182427041070.24,28.92,-0.652696667812,6398918718,6307988972,20.97728286,19.6220401,3.45840226,13.78929275,15.44254901,1.54924256,1.67779817,2023-04-06
600887,600887.SH,伊利股份,10004331,069001001001,016170,饮料乳品,1282,186464491442.52,183814798644.08,29.14,0.76071922545,6398918718,6307988972,21.13686108,19.77130873,3.48471099,13.89419055,15.56002345,1.56102794,1.6905615,2023-04-07
600887,600887.SH,伊利股份,10004331,069001001001,016170,饮料乳品,1282,184672794201.48,182048561731.92,28.86,-0.960878517502,6398918718,6307988972,20.93376153,19.58133047,3.45122715,13.76068426,15.41051052,1.54602836,1.67431726,2023-04-10
600887,600887.SH,伊利股份,10004331,069001001001,016170,饮料乳品,1282,182497161837.36,179903845481.44,28.52,-1.178101178101,6398918718,6307988972,20.68714064,19.35064259,3.4105682,13.59856948,15.22895912,1.52781458,1.65459211,2023-04-11
600887,600887.SH,伊利股份,10004331,069001001001,016170,饮料乳品,1282,180193551098.88,177632969451.52,28.16,-1.262272089762,6398918718,6307988972,20.42601263,19.10638483,3.36751755,13.42691853,15.03672822,1.50852941,1.63370666,2023-04-12
600887,600887.SH,伊利股份,10004331,069001001001,016170,饮料乳品,1282,179809615975.8,177254490113.2,28.1,-0.213068181818,6398918718,6307988972,20.3824913,19.0656752,3.36034245,13.39831004,15.00468973,1.50531521,1.63022575,2023-04-13
600887,600887.SH,伊利股份,10004331,069001001001,016170,饮料乳品,1282,178657810606.56,176119052098.24,27.92,-0.640569395018,6398918718,6307988972,20.2519273,18.94354632,3.33881712,13.31248457,14.90857428,1.49567262,1.61978302,2023-04-14
600887,600887.SH,伊利股份,10004331,069001001001,016170,饮料乳品,1282,180321529473.24,177759129230.96,28.18,0.931232091691,6398918718,6307988972,20.44051974,19.1199547,3.36990926,13.4364547,15.04740771,1.50960081,1.63486696,2023-04-17
600887,600887.SH,伊利股份,10004331,069001001001,016170,饮料乳品,1282,182305194275.82,179714605812.28,28.49,1.100070972321,6398918718,6307988972,20.66537997,19.33028777,3.40698065,13.58426523,15.21293988,1.52620749,1.65285166,2023-04-18
600887,600887.SH,伊利股份,10004331,069001001001,016170,饮料乳品,1282,180577486221.96,178011448789.84,28.22,-0.947700947701,6398918718,6307988972,20.46953397,19.14709445,3.37469266,13.45552702,15.0687667,1.5117436,1.63718757,2023-04-19
600887,600887.SH,伊利股份,10004331,069001001001,016170,饮料乳品,1282,179681637601.44,177128330333.76,28.08,-0.49610205528,6398918718,6307988972,20.36798419,19.05210532,3.35795074,13.38877388,14.99401024,1.50424381,1.62906544,2023-04-20
600887,600887.SH,伊利股份,10004331,069001001001,016170,饮料乳品,1282,179169724104.0,176623691216.0,28.0,-0.2849002849,6398918718,6307988972,20.30995574,18.99782582,3.34838393,13.35062922,14.95129226,1.49995822,1.62442423,2023-04-21
600887,600887.SH,伊利股份,10004331,069001001001,016170,饮料乳品,1282,175074416124.48,172586578273.92,27.36,-2.285714285714,6398918718,6307988972,19.84572818,18.5635898,3.27184944,13.04547198,14.60954844,1.46567346,1.58729454,2023-04-24
600887,600887.SH,伊利股份,10004331,069001001001,016170,饮料乳品,1282,176034253932.18,173532776619.72,27.51,0.548245614035,6398918718,6307988972,19.95453152,18.66536387,3.28978721,13.11699321,14.68964465,1.47370895,1.59599681,2023-04-25
600887,600887.SH,伊利股份,10004331,069001001001,016170,饮料乳品,1282,175714307996.28,173217377171.12,27.46,-0.181752090149,6398918718,6307988972,19.91826374,18.63143918,3.28380796,13.0931528,14.66294591,1.47103045,1.59309605,2023-04-26
600887,600887.SH,伊利股份,10004331,069001001001,016170,饮料乳品,1282,177889940360.4,175362093421.6,27.8,1.238164603059,6398918718,6307988972,20.16488463,18.86212707,3.3244669,13.25526758,14.84449732,1.48924423,1.6128212,2023-04-27
600887,600887.SH,伊利股份,10004331,069001001001,016170,饮料乳品,1282,189152037304.08,186464154012.32,29.56,6.330935251799,6398918718,6307988972,19.85420103,20.05627612,3.53493675,14.09444999,13.2644023,1.5064156,1.71492787,2023-04-28
600887,600887.SH,伊利股份,10004331,069001001001,016170,饮料乳品,1282,191007723732.3,188293470814.2,29.85,0.981055480379,6398918718,6307988972,20.04898175,20.25303931,3.56961644,14.23272437,13.39453345,1.52119437,1.73175226,2023-05-04
600887,600887.SH,伊利股份,10004331,069001001001,016170,饮料乳品,1282,190111875111.78,187410352358.12,29.71,-0.469011725293,6398918718,6307988972,19.95494968,20.15805018,3.55287452,14.16597122,13.33171151,1.51405979,1.72363014,2023-05-05
600887,600887.SH,伊利股份,10004331,069001001001,016170,饮料乳品,1282,192799420973.34,190059707726.36,30.13,1.413665432514,6398918718,6307988972,20.23704591,20.44301757,3.60310028,14.36623066,13.52017731,1.53546353,1.7479965,2023-05-08
600887,600887.SH,伊利股份,10004331,069001001001,016170,饮料乳品,1282,191327669668.2,188608870262.8,29.9,-0.763358778626,6398918718,6307988972,20.08256464,20.286964,3.5755957,14.25656478,13.41696985,1.52374244,1.73465302,2023-05-09
600887,600887.SH,伊利股份,10004331,069001001001,016170,饮料乳品,1282,190879745357.94,188167311034.76,29.83,-0.234113712375,6398918718,6307988972,20.0355486,20.23946944,3.56722474,14.2231882,13.38555888,1.52017515,1.73059196,2023-05-10
600887,600887.SH,伊利股份,10004331,069001001001,016170,饮料乳品,1282,189280015678.44,186590313791.76,29.58,-0.838082467315,6398918718,6307988972,19.86763418,20.06984599,3.53732845,14.10398616,13.27337686,1.50743483,1.71608817,2023-05-11
600887,600887.SH,伊利股份,10004331,069001001001,016170,饮料乳品,1282,190495810234.86,187788831696.44,29.77,0.642325895876,6398918718,6307988972,19.99524914,20.19875981,3.56004963,14.19457971,13.3586352,1.51711747,1.72711105,2023-05-12
600887,600887.SH,伊利股份,10004331,069001001001,016170,饮料乳品,1282,193631280406.68,190879746292.72,30.26,1.645952300974,6398918718,6307988972,20.3243614,20.53122176,3.61864635,14.42821572,13.57851196,1.5420885,1.75553847,2023-05-15
600887,600887.SH,伊利股份,10004331,069001001001,016170,饮料乳品,1282,192287507475.9,189555068608.6,30.05,-0.693985459352,6398918718,6307988972,20.18331329,20.38873807,3.59353347,14.328086,13.48427906,1.53138663,1.74335529,2023-05-16
600887,600887.SH,伊利股份,10004331,069001001001,016170,饮料乳品,1282,190815756170.76,188104231145.04,29.82,-0.765391014975,6398918718,6307988972,20.02883202,20.2326845,3.56602889,14.21842012,13.3810716,1.51966554,1.73001181,2023-05-17
600887,600887.SH,伊利股份,10004331,069001001001,016170,饮料乳品,1282,189855918363.06,187158032799.24,29.67,-0.503018108652,6398918718,6307988972,19.92808337,20.13091043,3.54809112,14.14689889,13.31376239,1.51202134,1.72130953,2023-05-18
600887,600887.SH,伊利股份,10004331,069001001001,016170,饮料乳品,1282,191007723732.3,188293470814.2,29.85,0.606673407482,6398918718,6307988972,20.04898175,20.25303931,3.56961644,14.23272437,13.39453345,1.52119437,1.73175226,2023-05-19
600887,600887.SH,伊利股份,10004331,069001001001,016170,饮料乳品,1282,194847074963.1,192078264197.4,30.45,2.010050251256,6398918718,6307988972,20.45197636,20.66013558,3.64136753,14.51880928,13.6637703,1.55177115,1.76656135,2023-05-22
600887,600887.SH,伊利股份,10004331,069001001001,016170,饮料乳品,1282,196254837081.06,193466021771.24,30.67,0.72249589491,6398918718,6307988972,20.59974105,20.80940421,3.66767626,14.62370708,13.76249048,1.56298263,1.77932469,2023-05-23
600887,600887.SH,伊利股份,10004331,069001001001,016170,饮料乳品,1282,191967561540.0,189239669160.0,30.0,-2.184545158135,6398918718,6307988972,20.14973041,20.35481338,3.58755421,14.30424559,13.46184266,1.52883857,1.74045453,2023-05-24
600887,600887.SH,伊利股份,10004331,069001001001,016170,饮料乳品,1282,190239853486.14,187536512137.56,29.73,-0.9,6398918718,6307988972,19.96838283,20.17162006,3.55526622,14.17550738,13.34068608,1.51507902,1.72479044,2023-05-25
600887,600887.SH,伊利股份,10004331,069001001001,016170,饮料乳品,1282,188576134619.46,185896435004.84,29.47,-0.874537504205,6398918718,6307988972,19.79375184,19.99521168,3.52417409,14.05153726,13.22401677,1.50182909,1.7097065,2023-05-26
600887,600887.SH,伊利股份,10004331,069001001001,016170,饮料乳品,1282,185773019899.9,183119689911.62,29.18,-0.984051577876,6366450305,6275520559,19.49952501,19.69799023,3.47178854,13.84266633,13.02744664,1.47950495,1.68429235,2023-05-29
600887,600887.SH,伊利股份,10004331,069001001001,016170,饮料乳品,1282,185836684402.95,183182445117.21,29.19,0.034270047978,6366450305,6275520559,19.50620751,19.70474074,3.47297832,13.84741022,13.03191115,1.48001198,1.68486956,2023-05-30
600887,600887.SH,伊利股份,10004331,069001001001,016170,饮料乳品,1282,183417433287.05,180797747304.79,28.81,-1.301815690305,6366450305,6275520559,19.25227264,19.44822133,3.42776655,13.66714246,12.86225969,1.46074495,1.66293566,2023-05-31
600887,600887.SH,伊利股份,10004331,069001001001,016170,饮料乳品,1282,185200039372.45,182554893061.31,29.09,0.971884762235,6366450305,6275520559,19.43938254,19.63723563,3.46108049,13.79997134,12.98726603,1.47494171,1.67909748,2023-06-01
600887,600887.SH,伊利股份,10004331,069001001001,016170,饮料乳品,1282,189465561076.8,186759491835.84,29.76,2.303196974905,6366450305,6275520559,19.88710981,20.08951985,3.54079599,14.11781186,13.28638835,1.50891252,1.7177704,2023-06-02
600887,600887.SH,伊利股份,10004331,069001001001,016170,饮料乳品,1282,187873948500.55,185190611696.09,29.51,-0.840053763441,6366450305,6275520559,19.7200474,19.92075708,3.5110514,13.99921465,13.17477554,1.49623684,1.7033402,2023-06-05
600887,600887.SH,伊利股份,10004331,069001001001,016170,饮料乳品,1282,187810283997.5,185127856490.5,29.5,-0.033886818028,6366450305,6275520559,19.7133649,19.91400657,3.50986161,13.99447076,13.17031103,1.49572982,1.702763,2023-06-06
600887,600887.SH,伊利股份,10004331,069001001001,016170,饮料乳品,1282,187810283997.5,185127856490.5,29.5,0.0,6366450305,6275520559,19.7133649,19.91400657,3.50986161,13.99447076,13.17031103,1.49572982,1.702763,2023-06-07
600887,600887.SH,伊利股份,10004331,069001001001,016170,饮料乳品,1282,188510593531.05,185818163751.99,29.61,0.372881355932,6366450305,6275520559,19.78687237,19.98826219,3.52294923,14.04665354,13.21942066,1.50130711,1.70911228,2023-06-08
600887,600887.SH,伊利股份,10004331,069001001001,016170,饮料乳品,1282,189974877101.2,187261533480.56,29.84,0.776764606552,6366450305,6275520559,19.94056979,20.14352393,3.55031426,14.15576297,13.32210444,1.51296874,1.72238806,2023-06-09
600887,600887.SH,伊利股份,10004331,069001001001,016170,饮料乳品,1282,190293199616.45,187575309508.51,29.89,0.167560321716,6366450305,6275520559,19.97398227,20.17727649,3.55626317,14.17948241,13.34442701,1.51550387,1.7252741,2023-06-12
600887,600887.SH,伊利股份,10004331,069001001001,016170,饮料乳品,1282,184181407323.65,181550809771.87,28.93,0.277296360485,6366450305,6275520559,19.3324626,19.52922746,3.44204395,13.72406912,12.91583383,1.46682927,1.66986215,2023-06-13
600887,600887.SH,伊利股份,10004331,069001001001,016170,饮料乳品,1282,185072710366.35,182429382650.13,29.07,0.483926719668,6366450305,6275520559,19.42601755,19.62373461,3.45870092,13.79048356,12.978337,1.47392765,1.67794306,2023-06-14
600887,600887.SH,伊利股份,10004331,069001001001,016170,饮料乳品,1282,186536993936.5,183872752378.7,29.3,0.791193670451,6366450305,6275520559,19.57971497,19.77899636,3.48606594,13.899593,13.08102078,1.48558927,1.69121884,2023-06-15
600887,600887.SH,伊利股份,10004331,069001001001,016170,饮料乳品,1282,186982645457.85,184312038817.83,29.37,0.238907849829,6366450305,6275520559,19.62649245,19.82624993,3.49439443,13.93280021,13.11227237,1.48913846,1.6952593,2023-06-16
600887,600887.SH,伊利股份,10004331,069001001001,016170,饮料乳品,1282,184945381360.25,182303872238.95,29.05,-1.089547156963,6366450305,6275520559,19.41265256,19.61023359,3.45632135,13.78099579,12.96940798,1.4729136,1.67678865,2023-06-19
600887,600887.SH,伊利股份,10004331,069001001001,016170,饮料乳品,1282,183481097790.1,180860502510.38,28.82,-0.7917383821,6366450305,6275520559,19.25895514,19.45497184,3.42895633,13.67188635,12.8667242,1.46125198,1.66351287,2023-06-20
600887,600887.SH,伊利股份,10004331,069001001001,016170,饮料乳品,1282,183353768784.0,180734992099.2,28.8,-0.069396252602,6366450305,6275520559,19.24559014,19.44147082,3.42657676,13.66239858,12.85779517,1.46023792,1.66235845,2023-06-21
600887,600887.SH,伊利股份,10004331,069001001001,016170,饮料乳品,1282,182908117262.65,180295705660.07,28.73,-0.243055555556,6366450305,6275520559,19.19881267,19.39421725,3.41824828,13.62919136,12.82654359,1.45668873,1.658318,2023-06-26
600887,600887.SH,伊利股份,10004331,069001001001,016170,饮料乳品,1282,182080478723.0,179479887987.4,28.6,-0.452488687783,6366450305,6275520559,19.11194021,19.30646061,3.40278109,13.56752081,12.76850493,1.45009738,1.6508143,2023-06-27
600887,600887.SH,伊利股份,10004331,069001001001,016170,饮料乳品,1282,181634827201.65,179040601548.27,28.53,-0.244755244755,6366450305,6275520559,19.06516274,19.25920703,3.39445261,13.53431359,12.73725334,1.44654819,1.64677384,2023-06-28
600887,600887.SH,伊利股份,10004331,069001001001,016170,饮料乳品,1282,179724892110.15,177157945380.57,28.23,-1.051524710831,6366450305,6275520559,18.86468784,19.05669171,3.3587591,13.39199694,12.60331798,1.43133738,1.62945761,2023-06-29
600887,600887.SH,伊利股份,10004331,069001001001,016170,饮料乳品,1282,180297872637.6,177722742230.88,28.32,0.318809776833,6366450305,6275520559,18.92483031,19.11744631,3.64766325,13.43469193,12.64349859,1.43590062,1.63465248,2023-06-30
600887,600887.SH,伊利股份,10004331,069001001001,016170,饮料乳品,1282,185454697384.65,182805913883.67,29.13,2.860169491525,6366450305,6275520559,19.46611253,19.66423767,3.7519926,13.81894689,13.00512408,1.47696981,1.68140631,2023-07-03
600887,600887.SH,伊利股份,10004331,069001001001,016170,饮料乳品,1282,185518361887.7,182868669089.26,29.14,0.03432887058,6366450305,6275520559,19.47279503,19.67098818,3.75328062,13.82369078,13.00958859,1.47747684,1.68198352,2023-07-04
600887,600887.SH,伊利股份,10004331,069001001001,016170,饮料乳品,1282,183162775274.85,180546726482.43,28.77,-1.269732326699,6366450305,6275520559,19.22554265,19.42121929,3.705624,13.64816691,12.84440164,1.45871684,1.66062683,2023-07-05
600887,600887.SH,伊利股份,10004331,069001001001,016170,饮料乳品,1282,182207807729.1,179605398398.58,28.62,-0.521376433785,6366450305,6275520559,19.1253052,19.31996163,3.68630375,13.57700858,12.77743395,1.45111143,1.65196871,2023-07-06
600887,600887.SH,伊利股份,10004331,069001001001,016170,饮料乳品,1282,182589794747.4,179981929632.12,28.68,0.20964360587,6366450305,6275520559,19.16540018,19.36046469,3.69403185,13.60547192,12.80422103,1.4541536,1.65543196,2023-07-07
600887,600887.SH,伊利股份,10004331,069001001001,016170,饮料乳品,1282,180679859655.9,178099273464.42,28.38,-1.046025104603,6366450305,6275520559,18.96492529,19.15794937,3.65539135,13.46315526,12.67028566,1.43894279,1.63811572,2023-07-10
600887,600887.SH,伊利股份,10004331,069001001001,016170,饮料乳品,1282,181443833692.5,178852335931.5,28.5,0.422832980973,6366450305,6275520559,19.04511525,19.2389555,3.67084755,13.52008192,12.72385981,1.44502711,1.64504222,2023-07-11
600887,600887.SH,伊利股份,10004331,069001001001,016170,饮料乳品,1282,180552530649.8,177973763053.24,28.36,-0.491228070175,6366450305,6275520559,18.95156029,19.14444835,3.65281532,13.45366749,12.66135664,1.43792873,1.63696131,2023-07-12
600887,600887.SH,伊利股份,10004331,069001001001,016170,饮料乳品,1282,184563394341.95,181927341005.41,28.99,2.22143864598,6366450305,6275520559,19.37255758,19.56973052,3.73396037,13.75253246,12.94262091,1.46987144,1.6733254,2023-07-13
600887,600887.SH,伊利股份,10004331,069001001001,016170,饮料乳品,1282,178706260061.35,176153862091.13,28.07,-3.173508106244,6366450305,6275520559,18.75776789,18.94868354,3.61546284,13.31609472,12.53188578,1.42322495,1.62022228,2023-07-14
600887,600887.SH,伊利股份,10004331,069001001001,016170,饮料乳品,1282,175395705902.75,172890591400.45,27.55,-1.852511578197,6366450305,6275520559,18.41027807,18.59765698,3.54848597,13.06941253,12.29973115,1.39685954,1.59020748,2023-07-17
600887,600887.SH,伊利股份,10004331,069001001001,016170,饮料乳品,1282,173804093326.5,171321711260.7,27.3,-0.907441016334,6366450305,6275520559,18.24321566,18.42889422,3.51628555,12.95081532,12.18811834,1.38418386,1.57577728,2023-07-18
600887,600887.SH,伊利股份,10004331,069001001001,016170,饮料乳品,1282,173422106308.2,170945180027.16,27.24,-0.21978021978,6366450305,6275520559,18.20312068,18.38839115,3.50855745,12.92235199,12.16133127,1.3811417,1.57231404,2023-07-19
600887,600887.SH,伊利股份,10004331,069001001001,016170,饮料乳品,1282,173040119289.9,170568648793.62,27.18,-0.220264317181,6366450305,6275520559,18.1630257,18.34788809,3.50082935,12.89388866,12.1345442,1.37809954,1.56885079,2023-07-20
600887,600887.SH,伊利股份,10004331,069001001001,016170,饮料乳品,1282,174568067363.1,172074773727.78,27.42,0.883002207506,6366450305,6275520559,18.32340562,18.50990034,3.53174175,13.00774198,12.24169249,1.39026819,1.58270378,2023-07-21
600887,600887.SH,伊利股份,10004331,069001001001,016170,饮料乳品,1282,173613099817.35,171133445643.93,27.27,-0.54704595186,6366450305,6275520559,18.22316817,18.40864268,3.5124215,12.93658365,12.17472481,1.38266278,1.57404566,2023-07-24
600887,600887.SH,伊利股份,10004331,069001001001,016170,饮料乳品,1282,176732660466.8,174208450717.84,27.76,1.796846351302,6366450305,6275520559,18.5506105,18.73941771,3.57553432,13.16903418,12.3934859,1.40750711,1.60232884,2023-07-25
600887,600887.SH,伊利股份,10004331,069001001001,016170,饮料乳品,1282,176478002454.6,173957429895.48,27.72,-0.14409221902,6366450305,6275520559,18.52388051,18.71241567,3.57038225,13.15005863,12.37562785,1.405479,1.60002001,2023-07-26
600887,600887.SH,伊利股份,10004331,069001001001,016170,饮料乳品,1282,176732660466.8,174208450717.84,27.76,0.1443001443,6366450305,6275520559,18.5506105,18.73941771,3.57553432,13.16903418,12.3934859,1.40750711,1.60232884,2023-07-27
600887,600887.SH,伊利股份,10004331,069001001001,016170,饮料乳品,1282,181316504686.4,178726825520.32,28.48,2.593659942363,6366450305,6275520559,19.03175025,19.22545448,3.66827152,13.51059415,12.71493078,1.44401306,1.6438878,2023-07-28
600887,600887.SH,伊利股份,10004331,069001001001,016170,饮料乳品,1282,182458304309.3,179856419220.94,28.66,0.63202247191,6366305105,6275520559,19.15159839,19.34652242,3.69137163,13.59567405,12.79500018,1.4531064,1.65423981,2023-07-31
600887,600887.SH,伊利股份,10004331,069001001001,016170,饮料乳品,1282,179848119216.25,177283455791.75,28.25,-1.430565247732,6366305105,6275520559,18.87762228,19.0697578,3.63856415,13.40117907,12.61195935,1.43231877,1.63057483,2023-08-01
600887,600887.SH,伊利股份,10004331,069001001001,016170,饮料乳品,1282,179848119216.25,177283455791.75,28.25,0.0,6366305105,6275520559,18.87762228,19.0697578,3.63856415,13.40117907,12.61195935,1.43231877,1.63057483,2023-08-02
600887,600887.SH,伊利股份,10004331,069001001001,016170,饮料乳品,1282,181503358543.55,178915091137.09,28.51,0.920353982301,6366305105,6275520559,19.05136323,19.24526707,3.67205182,13.52451735,12.72803402,1.44550117,1.64558189,2023-08-03
600887,600887.SH,伊利股份,10004331,069001001001,016170,饮料乳品,1282,180230097522.55,177659987025.29,28.31,-0.701508242722,6366305105,6275520559,18.91771634,19.11025994,3.64629207,13.42964175,12.63874582,1.43536086,1.634038,2023-08-04
600887,600887.SH,伊利股份,10004331,069001001001,016170,饮料乳品,1282,178956836501.55,176404882913.49,28.11,-0.706464146945,6366305105,6275520559,18.78406946,18.9752528,3.62053233,13.33476614,12.54945761,1.42522055,1.62249411,2023-08-07
600887,600887.SH,伊利股份,10004331,069001001001,016170,饮料乳品,1282,178829510399.45,176279372502.31,28.09,-0.071149057275,6366305105,6275520559,18.77070477,18.96175209,3.61795635,13.32527858,12.54052879,1.42420652,1.62133972,2023-08-08
600887,600887.SH,伊利股份,10004331,069001001001,016170,饮料乳品,1282,179275151756.8,176718658941.44,28.16,0.249199003204,6366305105,6275520559,18.81748118,19.00900459,3.62697226,13.35848504,12.57177966,1.42775563,1.62538008,2023-08-09
600887,600887.SH,伊利股份,10004331,069001001001,016170,饮料乳品,1282,177428923276.35,174898757979.33,27.87,-1.029829545455,6366305105,6275520559,18.6236932,18.81324424,3.58962063,13.22091542,12.44231176,1.41305218,1.60864144,2023-08-10
600887,600887.SH,伊利股份,10004331,069001001001,016170,饮料乳品,1282,175073390387.5,172576815372.5,27.5,-1.327592393254,6366305105,6275520559,18.37644647,18.56348104,3.5419651,13.04539555,12.27712857,1.3942926,1.58728524,2023-08-11
600887,600887.SH,伊利股份,10004331,069001001001,016170,饮料乳品,1282,174309433774.9,171823752905.42,27.38,-0.436363636364,6366305105,6275520559,18.29625834,18.48247676,3.52650925,12.98847019,12.22355565,1.38820842,1.5803589,2023-08-14
600887,600887.SH,伊利股份,10004331,069001001001,016170,饮料乳品,1282,174245770723.85,171760997699.83,27.37,-0.036523009496,6366305105,6275520559,18.28957599,18.4757264,3.52522127,12.98372641,12.21909124,1.3877014,1.57978171,2023-08-15
600887,600887.SH,伊利股份,10004331,069001001001,016170,饮料乳品,1282,172908846651.8,170443138382.44,27.16,-0.76726342711,6366305105,6275520559,18.14924676,18.33396891,3.49817353,12.88410702,12.12533862,1.37705408,1.56766062,2023-08-16
600887,600887.SH,伊利股份,10004331,069001001001,016170,饮料乳品,1282,173863792417.55,171384466466.29,27.31,0.552282768778,6366305105,6275520559,18.24948193,18.43522426,3.51749334,12.95526373,12.19230478,1.38465931,1.57631854,2023-08-17
600887,600887.SH,伊利股份,10004331,069001001001,016170,饮料乳品,1282,171571922579.75,169125279065.05,26.95,-1.318198462102,6366305105,6275520559,18.00891754,18.19221142,3.4711258,12.78448764,12.031586,1.36640675,1.55553953,2023-08-18
600887,600887.SH,伊利股份,10004331,069001001001,016170,饮料乳品,1282,169216389690.9,166803336458.22,26.58,-1.372912801484,6366305105,6275520559,17.7616708,17.94244822,3.42347027,12.60896777,11.86640282,1.34764718,1.53418333,2023-08-21
600887,600887.SH,伊利股份,10004331,069001001001,016170,饮料乳品,1282,170171335456.65,167744664542.07,26.73,0.564334085779,6366305105,6275520559,17.86190596,18.04370357,3.44279008,12.68012448,11.93336897,1.35525241,1.54284125,2023-08-22
600887,600887.SH,伊利股份,10004331,069001001001,016170,饮料乳品,1282,167815802567.8,165422721935.24,26.36,-1.384212495324,6366305105,6275520559,17.61465923,17.79394037,3.39513455,12.50460461,11.76818579,1.33649284,1.52148505,2023-08-23
600887,600887.SH,伊利股份,10004331,069001001001,016170,饮料乳品,1282,168707085282.5,166301294813.5,26.5,0.531107738998,6366305105,6275520559,17.70821205,17.88844537,3.41316637,12.57101753,11.83068754,1.34359105,1.52956577,2023-08-24
600887,600887.SH,伊利股份,10004331,069001001001,016170,饮料乳品,1282,170298661558.75,167870174953.25,26.75,0.943396226415,6366305105,6275520559,17.87527065,18.05720429,3.44536605,12.68961204,11.9422978,1.35626644,1.54399564,2023-08-25
600887,600887.SH,伊利股份,10004331,069001001001,016170,饮料乳品,1282,170744302916.1,168309461392.38,26.82,0.261682242991,6366305105,6275520559,17.92204706,18.10445678,3.45438196,12.7228185,11.97354867,1.35981555,1.548036,2023-08-28
600887,600887.SH,伊利股份,10004331,069001001001,016170,饮料乳品,1282,169471041895.1,167054357280.58,26.62,-0.745712155108,6366305105,6275520559,17.64646404,17.96944965,3.42862222,12.62794289,12.19021867,1.346022,1.53649211,2023-08-29
600887,600887.SH,伊利股份,10004331,069001001001,016170,饮料乳品,1282,169025400537.75,166615070841.45,26.55,-0.262960180316,6366305105,6275520559,17.60006086,17.92219715,3.41960631,12.59473643,12.15816325,1.3424825,1.53245175,2023-08-30
600887,600887.SH,伊利股份,10004331,069001001001,016170,饮料乳品,1282,165523932730.0,163163534534.0,26.0,-2.071563088512,6366305105,6275520559,17.2354645,17.55092753,3.348767,12.33382852,11.90629923,1.31467212,1.50070604,2023-08-31
600887,600887.SH,伊利股份,10004331,069001001001,016170,饮料乳品,1282,165842247985.25,163477310561.95,26.05,0.192307692308,6366305105,6275520559,17.26860962,17.58467931,3.35520694,12.35754742,11.92919596,1.31720034,1.50359201,2023-09-01
600887,600887.SH,伊利股份,10004331,069001001001,016170,饮料乳品,1282,168325106976.2,165924763579.96,26.44,1.497120921305,6366305105,6275520559,17.52714159,17.84794323,3.40543845,12.54255485,12.10779045,1.33692042,1.52610261,2023-09-04
600887,600887.SH,伊利股份,10004331,069001001001,016170,饮料乳品,1282,165714921883.15,163351800150.77,26.03,-1.550680786687,6366305105,6275520559,17.25535157,17.5711786,3.35263097,12.34805986,11.92003727,1.31618905,1.50243763,2023-09-05
600887,600887.SH,伊利股份,10004331,069001001001,016170,饮料乳品,1282,166733530699.95,164355883440.21,26.19,0.614675374568,6366305105,6275520559,17.36141597,17.67918431,3.37323876,12.42396034,11.9933068,1.32427934,1.51167274,2023-09-06
600887,600887.SH,伊利股份,10004331,069001001001,016170,饮料乳品,1282,164759976117.4,162410472066.92,25.88,-1.183657884689,6366305105,6275520559,17.1559162,17.46992325,3.33331116,12.27690316,11.85134708,1.30860441,1.49377971,2023-09-07
600887,600887.SH,伊利股份,10004331,069001001001,016170,饮料乳品,1282,164123345606.9,161782920011.02,25.78,-0.386398763524,6366305105,6275520559,17.08962595,17.40241968,3.32043128,12.22946536,11.80555362,1.30354797,1.48800776,2023-09-08
600887,600887.SH,伊利股份,10004331,069001001001,016170,饮料乳品,1282,166224226291.55,163853841795.49,26.11,1.280062063615,6366305105,6275520559,17.30838377,17.62518145,3.36293486,12.3860101,11.95667203,1.3202342,1.50705518,2023-09-11
600887,600887.SH,伊利股份,10004331,069001001001,016170,饮料乳品,1282,166860856802.05,164481393851.39,26.21,0.382995021065,6366305105,6275520559,17.37467402,17.69268502,3.37581474,12.4334479,12.00246549,1.32529063,1.51282713,2023-09-12
600887,600887.SH,伊利股份,10004331,069001001001,016170,饮料乳品,1282,166669867648.9,164293128234.62,26.18,-0.114460129721,6366305105,6275520559,17.35478694,17.67243395,3.37195078,12.41921656,11.98872745,1.3237737,1.51109554,2023-09-13
600887,600887.SH,伊利股份,10004331,069001001001,016170,饮料乳品,1282,167115509006.25,164732414673.75,26.25,0.267379679144,6366305105,6275520559,17.40119012,17.71968645,3.38096669,12.45242303,12.02078287,1.3273132,1.51513591,2023-09-14
600887,600887.SH,伊利股份,10004331,069001001001,016170,饮料乳品,1282,166351552393.65,163979352206.67,26.13,-0.457142857143,6366305105,6275520559,17.32164182,17.63868217,3.36551084,12.39549766,11.96583072,1.32124548,1.50820957,2023-09-15
600887,600887.SH,伊利股份,10004331,069001001001,016170,饮料乳品,1282,167306498159.4,164920680290.52,26.28,0.574052812859,6366305105,6275520559,17.42107719,17.73993752,3.38483065,12.46665437,12.03452091,1.32883013,1.51686749,2023-09-18
600887,600887.SH,伊利股份,10004331,069001001001,016170,饮料乳品,1282,166988182904.15,164606904262.57,26.23,-0.190258751903,6366305105,6275520559,17.38793207,17.70618574,3.37839071,12.44293547,12.01162418,1.32630192,1.51398152,2023-09-19
600887,600887.SH,伊利股份,10004331,069001001001,016170,饮料乳品,1282,166415215444.7,164042107412.26,26.14,-0.343118566527,6366305105,6275520559,17.32827084,17.64543252,3.36679883,12.40024144,11.97041007,1.32175113,1.50878677,2023-09-20
600887,600887.SH,伊利股份,10004331,069001001001,016170,饮料乳品,1282,164632650015.3,162284961655.74,25.86,-1.071155317521,6366305105,6275520559,17.14265815,17.45642254,3.33073518,12.2674156,11.84218839,1.30759312,1.49262532,2023-09-21
600887,600887.SH,伊利股份,10004331,069001001001,016170,饮料乳品,1282,169343715793.0,166928846869.4,26.6,2.861562258314,6366305105,6275520559,17.63320599,17.95594894,3.42604624,12.61845533,12.18105998,1.34501071,1.53533772,2023-09-22
600887,600887.SH,伊利股份,10004331,069001001001,016170,饮料乳品,1282,169725694099.3,167305378102.94,26.66,0.225563909774,6366305105,6275520559,17.67298013,17.99645108,3.43377417,12.64691801,12.20853605,1.34804457,1.53880089,2023-09-25
600887,600887.SH,伊利股份,10004331,069001001001,016170,饮料乳品,1282,170425987660.85,167995685364.43,26.77,0.412603150788,6366305105,6275520559,17.74589941,18.070705,3.44794203,12.6990996,12.25890886,1.35360664,1.54515003,2023-09-26
600887,600887.SH,伊利股份,10004331,069001001001,016170,饮料乳品,1282,169598367997.2,167179867691.76,26.64,-0.485618229361,6366305105,6275520559,17.65972209,17.98295036,3.43119819,12.63743045,12.19937736,1.34703328,1.5376465,2023-09-27
600887,600887.SH,伊利股份,10004331,069001001001,016170,饮料乳品,1282,168898074435.65,166489560430.27,26.53,-0.412912912913,6366305105,6275520559,17.58680281,17.90869644,3.41703033,12.58524887,12.14900456,1.34147121,1.53129736,2023-09-28
600887,600887.SH,伊利股份,10004331,069001001001,016170,饮料乳品,1282,169152726639.85,166740581252.63,26.57,0.150772710139,6366305105,6275520559,17.61331891,17.93569786,3.24619902,12.60422399,12.16732194,1.34349378,1.53360614,2023-10-09
600887,600887.SH,伊利股份,10004331,069001001001,016170,饮料乳品,1282,170553313762.95,168121195775.61,26.79,0.828001505457,6366305105,6275520559,17.75915746,18.08420571,3.27307759,12.70858716,12.26806755,1.35461793,1.54630442,2023-10-10
600887,600887.SH,伊利股份,10004331,069001001001,016170,饮料乳品,1282,172208553090.25,169752831120.95,27.05,0.970511384845,6366305105,6275520559,17.9315121,18.25971499,3.30484318,12.83192544,12.38713054,1.36776465,1.56131148,2023-10-11
600887,600887.SH,伊利股份,10004331,069001001001,016170,饮料乳品,1282,172526868345.5,170066607148.9,27.1,0.184842883549,6366305105,6275520559,17.96465723,18.29346677,3.31095195,12.85564434,12.41002727,1.37029287,1.56419745,2023-10-12
600887,600887.SH,伊利股份,10004331,069001001001,016170,饮料乳品,1282,170935292069.25,168497727009.15,26.85,-0.922509225092,6366305105,6275520559,17.79893161,18.12470785,3.28040811,12.73704984,12.29554363,1.35765179,1.54976758,2023-10-13
600887,600887.SH,伊利股份,10004331,069001001001,016170,饮料乳品,1282,168516096129.35,166113029196.73,26.47,-1.415270018622,6366305105,6275520559,17.54702866,17.8681943,3.23398148,12.55678619,12.12152848,1.33843735,1.52783419,2023-10-16
600887,600887.SH,伊利股份,10004331,069001001001,016170,饮料乳品,1282,170935292069.25,168497727009.15,26.85,1.435587457499,6366305105,6275520559,17.79893161,18.12470785,3.28040811,12.73704984,12.29554363,1.35765179,1.54976758,2023-10-17
600887,600887.SH,伊利股份,10004331,069001001001,016170,饮料乳品,1282,169280052741.95,166866091663.81,26.59,-0.96834264432,6366305105,6275520559,17.62657696,17.94919858,3.24864252,12.61371155,12.17648063,1.34450507,1.53476052,2023-10-18
600887,600887.SH,伊利股份,10004331,069001001001,016170,饮料乳品,1282,166542541546.8,164167617823.44,26.16,-1.61714930425,6366305105,6275520559,17.34152889,17.65893324,3.19610712,12.409729,11.97956876,1.32276241,1.50994116,2023-10-19
600887,600887.SH,伊利股份,10004331,069001001001,016170,饮料乳品,1282,165269280525.8,162912513711.64,25.96,-0.764525993884,6366305105,6275520559,17.2089484,17.5239261,3.17167205,12.3148534,11.88798184,1.31264955,1.49839726,2023-10-20
600887,600887.SH,伊利股份,10004331,069001001001,016170,饮料乳品,1282,162913747636.95,160590571104.81,25.59,-1.425269645609,6366305105,6275520559,16.96367448,17.2741629,3.12646718,12.13933353,11.71854605,1.29394076,1.47704106,2023-10-23
600887,600887.SH,伊利股份,10004331,069001001001,016170,饮料乳品,1282,163041073739.05,160716081515.99,25.61,0.078155529504,6366305105,6275520559,16.97693253,17.28766362,3.12891068,12.14882109,11.72770474,1.29495204,1.47819545,2023-10-24
600887,600887.SH,伊利股份,10004331,069001001001,016170,饮料乳品,1282,165842247985.25,164247702841.95,26.05,1.718078875439,6366305105,6305094159,17.26860962,17.58467931,3.18266784,12.35754742,11.92919596,1.31720034,1.50359201,2023-10-25
600887,600887.SH,伊利股份,10004331,069001001001,016170,饮料乳品,1282,165587595781.05,163995499075.59,26.01,-0.153550863724,6366305105,6305094159,17.24209352,17.55767789,3.17778082,12.3385723,11.91087857,1.31517777,1.50128324,2023-10-26
600887,600887.SH,伊利股份,10004331,069001001001,016170,饮料乳品,1282,171126281222.4,169480930993.92,26.88,3.344867358708,6366305105,6305094159,17.81881868,18.14495892,3.28407338,12.75128118,12.30928166,1.35916872,1.55149917,2023-10-27
600887,600887.SH,伊利股份,10004331,069001001001,016170,饮料乳品,1282,169789357150.35,168156861220.53,26.67,-0.78125,6366305105,6305094159,17.67960916,18.00320143,3.25841655,12.65166179,12.2131154,1.34855021,1.53937808,2023-10-30
600887,600887.SH,伊利股份,10004331,069001001001,016170,饮料乳品,1282,174564085979.1,172885681839.78,27.42,2.81214848144,6366305105,6305094159,16.23842714,18.50947819,3.35004806,13.00744531,10.7398289,1.37762185,1.58266768,2023-10-31
600887,600887.SH,伊利股份,10004331,069001001001,016170,饮料乳品,1282,173927455468.6,172255172423.88,27.32,-0.36469730124,6366305105,6305094159,16.17920604,18.44197462,3.33783053,12.96000751,10.70066104,1.3725977,1.57689573,2023-11-01
600887,600887.SH,伊利股份,10004331,069001001001,016170,饮料乳品,1282,174054781570.7,172381274307.06,27.34,0.073206442167,6366305105,6305094159,16.19105026,18.45547533,3.34027404,12.96949507,10.70849461,1.37360253,1.57805012,2023-11-02
600887,600887.SH,伊利股份,10004331,069001001001,016170,饮料乳品,1282,175710020898.0,174020598788.4,27.6,0.950987564009,6366305105,6305094159,16.34502513,18.63098461,3.37203963,13.09283335,10.81033106,1.38666531,1.59305718,2023-11-03
600887,600887.SH,伊利股份,10004331,069001001001,016170,饮料乳品,1282,175391705642.75,173705344080.45,27.55,-0.18115942029,6366305105,6305094159,16.31541458,18.59723283,3.36593086,13.06911445,10.79074713,1.38415324,1.59017121,2023-11-06
600887,600887.SH,伊利股份,10004331,069001001001,016170,饮料乳品,1282,175710020898.0,174020598788.4,27.6,0.181488203267,6366305105,6305094159,16.34502513,18.63098461,3.37203963,13.09283335,10.81033106,1.38666531,1.59305718,2023-11-07
600887,600887.SH,伊利股份,10004331,069001001001,016170,饮料乳品,1282,175582694795.9,173894496905.22,27.58,-0.072463768116,6366305105,6305094159,16.33318091,18.6174839,3.36959612,13.08334579,10.80249749,1.38566048,1.59190279,2023-11-08
600887,600887.SH,伊利股份,10004331,069001001001,016170,饮料乳品,1282,175901010051.15,174209751613.17,27.63,0.181290790428,6366305105,6305094159,16.36279146,18.65123568,3.37570489,13.10706469,10.82208142,1.38817256,1.59478877,2023-11-09
600887,600887.SH,伊利股份,10004331,069001001001,016170,饮料乳品,1282,175200716489.6,173516191255.68,27.52,-0.398117987695,6366305105,6305094159,16.29764825,18.57698176,3.3622656,13.05488311,10.77899677,1.382646,1.58843963,2023-11-10
600887,600887.SH,伊利股份,10004331,069001001001,016170,饮料乳品,1282,174627749030.15,172948732781.37,27.43,-0.327034883721,6366305105,6305094159,16.24434925,18.51622854,3.35126982,13.01218909,10.74374569,1.37812426,1.58324487,2023-11-13
600887,600887.SH,伊利股份,10004331,069001001001,016170,饮料乳品,1282,173609140213.35,171939917715.93,27.27,-0.583302952971,6366305105,6305094159,16.14959548,18.40822284,3.33172176,12.93628861,10.68107711,1.37008562,1.57400976,2023-11-14
600887,600887.SH,伊利股份,10004331,069001001001,016170,饮料乳品,1282,173545477162.3,171876866774.34,27.26,-0.0366703337,6366305105,6305094159,16.14367337,18.40147248,3.33050001,12.93154483,10.67716032,1.36958321,1.57343256,2023-11-15
600887,600887.SH,伊利股份,10004331,069001001001,016170,饮料乳品,1282,172017563937.1,170363644176.18,27.02,-0.880410858401,6366305105,6305094159,16.00154272,18.23946392,3.30117792,12.8176941,10.58315744,1.35752525,1.55957989,2023-11-16
600887,600887.SH,伊利股份,10004331,069001001001,016170,饮料乳品,1282,171566360099.75,169922287585.05,26.95,-0.259067357513,6366098705,6305094159,15.95957051,18.19162162,3.2925189,12.78407316,10.55539771,1.35396444,1.5554891,2023-11-17
600887,600887.SH,伊利股份,10004331,069001001001,016170,饮料乳品,1282,172903240827.8,171246357358.44,27.16,0.779220779221,6366098705,6305094159,16.0839308,18.33337451,3.31817489,12.88368931,10.63764756,1.36451482,1.56760979,2023-11-20
600887,600887.SH,伊利股份,10004331,069001001001,016170,饮料乳品,1282,174749409452.25,173074834664.55,27.45,1.067746686303,6366098705,6305094159,16.25566644,18.52912851,3.35360459,13.02125448,10.75123069,1.37908438,1.5843479,2023-11-21
600887,600887.SH,伊利股份,10004331,069001001001,016170,饮料乳品,1282,173157884776.0,171498561124.8,27.2,-0.910746812386,6366098705,6305094159,16.10761847,18.36037506,3.32306175,12.90266382,10.6533142,1.36652441,1.5699185,2023-11-22
600887,600887.SH,伊利股份,10004331,069001001001,016170,饮料乳品,1282,173858155633.55,172192121482.29,27.31,0.404411764706,6366098705,6305094159,16.17275958,18.43462658,3.3365006,12.95484371,10.69639746,1.3720508,1.57626743,2023-11-23
600887,600887.SH,伊利股份,10004331,069001001001,016170,饮料乳品,1282,174112799581.75,172444325248.65,27.35,0.146466495789,6366098705,6305094159,16.19644725,18.46162713,3.34138746,12.97381821,10.71206409,1.37406039,1.57857614,2023-11-24
600887,600887.SH,伊利股份,10004331,069001001001,016170,饮料乳品,1282,173030562801.9,171372459241.62,27.18,-0.621572212066,6366098705,6305094159,16.09577463,18.34687479,3.32061832,12.89317657,10.64548088,1.36551961,1.56876415,2023-11-27
600887,600887.SH,伊利股份,10004331,069001001001,016170,饮料乳品,1282,173603511685.35,171939917715.93,27.27,0.331125827815,6366098705,6305094159,16.1490719,18.40762603,3.33161374,12.9358692,10.68073082,1.3700412,1.57395873,2023-11-28
600887,600887.SH,伊利股份,10004331,069001001001,016170,饮料乳品,1282,172202969970.25,170552797000.95,27.05,-0.806747341401,6366098705,6305094159,16.01878969,18.259123,3.30473604,12.83150942,10.59456431,1.35898843,1.56126086,2023-11-29
600887,600887.SH,伊利股份,10004331,069001001001,016170,饮料乳品,1282,173476189711.25,171813815832.75,27.25,0.739371534196,6366098705,6305094159,16.13722806,18.39412575,3.32917032,12.92638195,10.6728975,1.3690364,1.57280438,2023-11-30
600887,600887.SH,伊利股份,10004331,069001001001,016170,饮料乳品,1282,172202969970.25,170552797000.95,27.05,-0.733944954128,6366098705,6305094159,16.01878969,18.259123,3.30473604,12.83150942,10.59456431,1.35898843,1.56126086,2023-12-01
600887,600887.SH,伊利股份,10004331,069001001001,016170,饮料乳品,1282,170611445294.0,168976523461.2,26.8,-0.924214417745,6366098705,6305094159,15.87074173,18.09036955,3.27419319,12.71291876,10.49664781,1.34642846,1.54683146,2023-12-04
600887,600887.SH,伊利股份,10004331,069001001001,016170,饮料乳品,1282,168255988773.15,166643638622.37,26.43,-1.380597014925,6366098705,6305094159,15.65163074,17.84061445,3.22898978,12.53740458,10.35173141,1.32783971,1.52547595,2023-12-05
600887,600887.SH,伊利股份,10004331,069001001001,016170,饮料乳品,1282,168255988773.15,166643638622.37,26.43,0.0,6366098705,6305094159,15.65163074,17.84061445,3.22898978,12.53740458,10.35173141,1.32783971,1.52547595,2023-12-06
600887,600887.SH,伊利股份,10004331,069001001001,016170,饮料乳品,1282,167746700876.75,166139231089.65,26.35,-0.302686341279,6366098705,6305094159,15.60425539,17.78661334,3.21921607,12.49945557,10.32039813,1.32382052,1.52085854,2023-12-07
600887,600887.SH,伊利股份,10004331,069001001001,016170,饮料乳品,1282,167810361863.8,166202282031.24,26.36,0.037950664137,6366098705,6305094159,15.61017731,17.79336348,3.22043778,12.5041992,10.32431479,1.32432292,1.52143572,2023-12-08
600887,600887.SH,伊利股份,10004331,069001001001,016170,饮料乳品,1282,167619378902.65,166013129206.47,26.33,-0.113808801214,6366098705,6305094159,15.59241156,17.77311307,3.21677264,12.48996832,10.31256481,1.32281573,1.51970419,2023-12-11
600887,600887.SH,伊利股份,10004331,069001001001,016170,饮料乳品,1282,168383310747.25,166769740505.55,26.45,0.455753892898,6366098705,6305094159,15.66347458,17.85411472,3.23143321,12.54689184,10.35956473,1.32884451,1.5266303,2023-12-12
600887,600887.SH,伊利股份,10004331,069001001001,016170,饮料乳品,1282,164436329550.15,162860582126.97,25.83,-2.34404536862,6366098705,6305094159,15.29631563,17.43560617,3.15568695,12.252787,10.11673183,1.29769579,1.4908454,2023-12-13
600887,600887.SH,伊利股份,10004331,069001001001,016170,饮料乳品,1282,164754634485.4,163175836834.92,25.88,0.193573364305,6366098705,6305094159,15.32592522,17.46935686,3.16179552,12.27650513,10.13631513,1.30020779,1.49373128,2023-12-14
600887,600887.SH,伊利股份,10004331,069001001001,016170,饮料乳品,1282,162399177964.55,160842951996.09,25.51,-1.429675425039,6366098705,6305094159,15.10681424,17.21960176,3.1165921,12.10099096,9.99139872,1.28161903,1.47237577,2023-12-15
600887,600887.SH,伊利股份,10004331,069001001001,016170,饮料乳品,1282,162972126848.0,161410410470.4,25.6,0.352802822423,6366098705,6305094159,15.1601115,17.280353,3.12758753,12.14368359,10.02664866,1.28614062,1.47757035,2023-12-18
600887,600887.SH,伊利股份,10004331,069001001001,016170,饮料乳品,1282,162017212042.25,160464646346.55,25.45,-0.5859375,6366098705,6305094159,15.07128272,17.17910093,3.10926182,12.0725292,9.96789876,1.27860464,1.46891271,2023-12-19
600887,600887.SH,伊利股份,10004331,069001001001,016170,饮料乳品,1282,161253280197.65,159708035047.47,25.33,-0.471512770138,6366098705,6305094159,15.0002197,17.09809928,3.09460125,12.01560568,9.92089885,1.27257586,1.4619866,2023-12-20
600887,600887.SH,伊利股份,10004331,069001001001,016170,饮料乳品,1282,163354092770.3,161788716119.94,25.66,1.302803000395,6366098705,6305094159,15.19564301,17.32085383,3.13491781,12.17214535,10.05014862,1.28915501,1.48103341,2023-12-21
600887,600887.SH,伊利股份,10004331,069001001001,016170,饮料乳品,1282,165518566330.0,163932448134.0,26.0,1.325019485581,6366098705,6305094159,15.39698825,17.55035852,3.17645608,12.33342865,10.18331504,1.30623657,1.50065739,2023-12-22
600887,600887.SH,伊利股份,10004331,069001001001,016170,饮料乳品,1282,166155176200.5,164562957549.9,26.1,0.384615384615,6366098705,6305094159,15.45620743,17.6178599,3.18867322,12.38086491,10.22248164,1.31126056,1.50642915,2023-12-25
600887,600887.SH,伊利股份,10004331,069001001001,016170,饮料乳品,1282,164309007576.05,162734480243.79,25.81,-1.111111111111,6366098705,6305094159,15.28447179,17.4221059,3.15324352,12.24329975,10.10889851,1.29669099,1.48969104,2023-12-26
600887,600887.SH,伊利股份,10004331,069001001001,016170,饮料乳品,1282,166346159161.65,164752110374.67,26.13,1.239829523441,6366098705,6305094159,15.47397319,17.63811031,3.19233836,12.39509579,10.23423162,1.31276775,1.50816067,2023-12-27
600887,600887.SH,伊利股份,10004331,069001001001,016170,饮料乳品,1282,170929750229.25,169291778169.15,26.85,2.755453501722,6366098705,6305094159,15.90035132,18.12412024,3.28030176,12.73663689,10.51623111,1.34894046,1.54971734,2023-12-28
600887,600887.SH,伊利股份,10004331,069001001001,016170,饮料乳品,1282,170293140358.75,168661268753.25,26.75,-0.372439478585,6366098705,6305094159,15.84113214,18.05661886,3.26808462,12.68920063,10.47706452,1.34391647,1.54394558,2023-12-29
600887,600887.SH,伊利股份,10004331,069001001001,016170,饮料乳品,1282,167237412980.35,165634823556.93,26.27,-1.794392523364,6366098705,6305094159,15.55688005,16.03651188,3.12363656,9.14347418,10.28906485,1.31980133,-1.0443272,2024-01-02
600887,600887.SH,伊利股份,10004331,069001001001,016170,饮料乳品,1282,165900532252.3,164310753783.54,26.06,-0.799390940236,6366098705,6305094159,15.43251976,15.90831746,3.09866649,9.07038208,10.206815,1.30925096,-1.03597894,2024-01-03
600887,600887.SH,伊利股份,10004331,069001001001,016170,饮料乳品,1282,165327583368.85,163743295309.23,25.97,-0.345356868764,6366098705,6305094159,15.37922249,15.85337699,3.08796503,9.03905689,10.17156506,1.30472937,-1.03240112,2024-01-04
600887,600887.SH,伊利股份,10004331,069001001001,016170,饮料乳品,1282,166282498174.6,164689059433.08,26.12,0.577589526377,6366098705,6305094159,15.46805127,15.94494444,3.1058008,9.09126554,10.23031496,1.31226535,-1.03836416,2024-01-05
600887,600887.SH,伊利股份,10004331,069001001001,016170,饮料乳品,1282,166473481135.75,164878212257.85,26.15,0.114854517611,6366098705,6305094159,15.48581702,15.96325793,3.10936795,9.10170727,10.24206494,1.31377255,-1.03955677,2024-01-08
600887,600887.SH,伊利股份,10004331,069001001001,016170,饮料乳品,1282,167492056928.55,165887027323.29,26.31,0.611854684512,6366098705,6305094159,15.58056772,16.06092987,3.12839276,9.15739649,10.30473149,1.32181093,-1.04591734,2024-01-09
600887,600887.SH,伊利股份,10004331,069001001001,016170,饮料乳品,1282,169147242591.85,167526351804.63,26.57,0.98821740783,6366098705,6305094159,15.7345376,16.21964677,3.15930808,9.24789148,10.40656464,1.33487329,-1.05625328,2024-01-10
600887,600887.SH,伊利股份,10004331,069001001001,016170,饮料乳品,1282,169338225553.0,167715504629.4,26.6,0.112909296199,6366098705,6305094159,15.75230336,16.23796026,3.16287524,9.2583332,10.41831462,1.33638049,-1.05744589,2024-01-11
600887,600887.SH,伊利股份,10004331,069001001001,016170,饮料乳品,1282,170293140358.75,168661268753.25,26.75,0.563909774436,6366098705,6305094159,15.84113214,16.32952771,3.180711,9.31054185,10.47706452,1.34391647,-1.06340893,2024-01-12
600887,600887.SH,伊利股份,10004331,069001001001,016170,饮料乳品,1282,170038496410.55,168409064986.89,26.71,-0.14953271028,6366098705,6305094159,15.81744446,16.30510972,3.1759548,9.29661954,10.46139788,1.34190688,-1.06181879,2024-01-15
600887,600887.SH,伊利股份,10004331,069001001001,016170,饮料乳品,1282,171248055164.5,169607032877.1,26.9,0.711344065893,6366098705,6305094159,15.92996092,16.42109515,3.19854676,9.3627505,10.53581441,1.35145245,-1.06937197,2024-01-16
600887,600887.SH,伊利股份,10004331,069001001001,016170,饮料乳品,1282,168065005812.0,166454485797.6,26.4,-1.85873605948,6366098705,6305094159,15.63386499,16.11587034,3.13909422,9.18872168,10.33998143,1.32633252,-1.04949517,2024-01-17
600887,600887.SH,伊利股份,10004331,069001001001,016170,饮料乳品,1282,170293140358.75,168661268753.25,26.75,1.325757575758,6366098705,6305094159,15.84113214,16.32952771,3.180711,9.31054185,10.47706452,1.34391647,-1.06340893,2024-01-18
600887,600887.SH,伊利股份,10004331,069001001001,016170,饮料乳品,1282,171057072203.35,169417880052.33,26.87,0.448598130841,6366098705,6305094159,15.91219516,16.40278166,3.19497961,9.35230877,10.52406443,1.34994525,-1.06817936,2024-01-19
600887,600887.SH,伊利股份,10004331,069001001001,016170,饮料乳品,1282,169847513449.4,168219912162.12,26.68,-0.707108299218,6366098705,6305094159,15.79967871,16.28679623,3.17238764,9.28617782,10.4496479,1.34039968,-1.06062618,2024-01-22
600887,600887.SH,伊利股份,10004331,069001001001,016170,饮料乳品,1282,168446971734.3,166832791447.14,26.46,-0.824587706147,6366098705,6305094159,15.6693965,16.15249731,3.14622853,9.20960513,10.36348139,1.32934691,-1.05188039,2024-01-23
600887,600887.SH,伊利股份,10004331,069001001001,016170,饮料乳品,1282,170611445294.0,168976523461.2,26.8,1.284958427816,6366098705,6305094159,15.87074173,16.36005019,3.18665625,9.32794473,10.49664781,1.34642846,-1.06539661,2024-01-24
600887,600887.SH,伊利股份,10004331,069001001001,016170,饮料乳品,1282,172330291944.35,170678898884.13,27.07,1.007462686567,6366098705,6305094159,16.03063353,16.52487159,3.21876063,9.42192029,10.60239762,1.35999323,-1.07613008,2024-01-25
600887,600887.SH,伊利股份,10004331,069001001001,016170,饮料乳品,1282,173157884776.0,171498561124.8,27.2,0.480236424086,6366098705,6305094159,16.10761847,16.60423004,3.23421829,9.46716779,10.6533142,1.36652441,-1.08129805,2024-01-26
600887,600887.SH,伊利股份,10004331,069001001001,016170,饮料乳品,1282,175004053400.45,173327038430.91,27.49,1.066176470588,6366098705,6305094159,16.27935411,16.78126044,3.26870076,9.5681045,10.76689733,1.38109397,-1.0928266,2024-01-29
600887,600887.SH,伊利股份,10004331,069001001001,016170,饮料乳品,1282,173667172672.4,172002968657.52,27.28,-0.7639141506,6366098705,6305094159,16.15499382,16.65306601,3.24373069,9.4950124,10.68464748,1.3705436,-1.08447834,2024-01-30
600887,600887.SH,伊利股份,10004331,069001001001,016170,饮料乳品,1282,172457613918.45,170805000767.31,27.09,-0.696480938416,6366098705,6305094159,16.04247737,16.53708058,3.22113873,9.42888145,10.61023094,1.36099803,-1.07692516,2024-01-31
600887,600887.SH,伊利股份,10004331,069001001001,016170,饮料乳品,1282,171630021086.8,169985338526.64,26.96,-0.479881875231,6366098705,6305094159,15.96549243,16.45772213,3.20568107,9.38363395,10.55931437,1.35446684,-1.07175719,2024-02-01
600887,600887.SH,伊利股份,10004331,069001001001,016170,饮料乳品,1282,171630021086.8,169985338526.64,26.96,0.0,6366098705,6305094159,15.96549243,16.45772213,3.20568107,9.38363395,10.55931437,1.35446684,-1.07175719,2024-02-02
600887,600887.SH,伊利股份,10004331,069001001001,016170,饮料乳品,1282,176022629193.25,174335853496.35,27.65,2.559347181009,6366098705,6305094159,16.37410481,16.87893238,3.28772558,9.62379373,10.82956388,1.38913235,-1.09918718,2024-02-05
600887,600887.SH,伊利股份,10004331,069001001001,016170,饮料乳品,1282,179142017558.7,177425349634.26,28.14,1.772151898734,6366098705,6305094159,16.66427882,17.1780527,3.34598907,9.79434197,11.02148021,1.41374989,-1.11866644,2024-02-06
600887,600887.SH,伊利股份,10004331,069001001001,016170,饮料乳品,1282,180033271377.4,178308062816.52,28.28,0.497512437811,6366098705,6305094159,16.74718568,17.26351565,3.36263578,9.84307004,11.07631344,1.42078347,-1.12423195,2024-02-07
600887,600887.SH,伊利股份,10004331,069001001001,016170,饮料乳品,1282,179396661506.9,177677553400.62,28.18,-0.35360678925,6366098705,6305094159,16.68796649,17.20247068,3.35074527,9.80826427,11.03714684,1.41575948,-1.12025659,2024-02-08
600887,600887.SH,伊利股份,10004331,069001001001,016170,饮料乳品,1282,180351576312.65,178623317524.47,28.33,0.532292405962,6366098705,6305094159,16.77679527,17.29403813,3.36858103,9.86047292,11.09589674,1.42329546,-1.12621963,2024-02-19
600887,600887.SH,伊利股份,10004331,069001001001,016170,饮料乳品,1282,182579710859.4,180830100480.12,28.68,1.235439463466,6366098705,6305094159,16.98406242,17.5076955,3.41019781,9.98229309,11.23297983,1.44087942,-1.14013339,2024-02-20
600887,600887.SH,伊利股份,10004331,069001001001,016170,饮料乳品,1282,183661947639.25,181901966487.15,28.85,0.592747559275,6366098705,6305094159,17.08473503,17.61147194,3.43041168,10.04146289,11.29956304,1.44942019,-1.1468915,2024-02-21
600887,600887.SH,伊利股份,10004331,069001001001,016170,饮料乳品,1282,184998828367.3,183226036260.54,29.06,0.727902946274,6366098705,6305094159,17.20909532,17.73966636,3.45538174,10.114555,11.38181289,1.45997057,-1.15523976,2024-02-22
600887,600887.SH,伊利股份,10004331,069001001001,016170,饮料乳品,1282,184489540470.9,182721628727.82,28.98,-0.275292498279,6366098705,6305094159,17.16171998,17.69083039,3.44586934,10.08671039,11.35047961,1.45595138,-1.15205947,2024-02-23
600887,600887.SH,伊利股份,10004331,069001001001,016170,饮料乳品,1282,182643371846.45,180893151421.71,28.69,-1.000690131125,6366098705,6305094159,16.98998434,17.5138,3.41138686,9.98577367,11.23689648,1.44138181,-1.14053092,2024-02-26
600887,600887.SH,伊利股份,10004331,069001001001,016170,饮料乳品,1282,180860864209.05,179127725057.19,28.41,-0.975949808296,6366098705,6305094159,16.82417062,17.3428741,3.37809344,9.88831753,11.12723002,1.42731465,-1.12939991,2024-02-27
600887,600887.SH,伊利股份,10004331,069001001001,016170,饮料乳品,1282,179523983481.0,177803655283.8,28.2,-0.739176346357,6366098705,6305094159,16.69981033,17.21467968,3.35312337,9.81522543,11.04498016,1.41676428,-1.12105166,2024-02-28
600887,600887.SH,伊利股份,10004331,069001001001,016170,饮料乳品,1282,180478898286.75,178749419407.65,28.35,0.531914893617,6366098705,6305094159,16.78863911,17.30624712,3.37095913,9.86743407,11.10373006,1.42430026,-1.1270147,2024-02-29
600887,600887.SH,伊利股份,10004331,069001001001,016170,饮料乳品,1282,179905949403.3,178181960933.34,28.26,-0.31746031746,6366098705,6305094159,16.73534184,17.25130665,3.36025768,9.83610889,11.06848012,1.41977867,-1.12343687,2024-03-01
600887,600887.SH,伊利股份,10004331,069001001001,016170,饮料乳品,1282,179142017558.7,177425349634.26,28.14,-0.424628450106,6366098705,6305094159,16.66427882,17.1780527,3.34598907,9.79434197,11.02148021,1.41374989,-1.11866644,2024-03-04
600887,600887.SH,伊利股份,10004331,069001001001,016170,饮料乳品,1282,183661947639.25,181901966487.15,28.85,2.523098791756,6366098705,6305094159,17.08473503,17.61147194,3.43041168,10.04146289,11.29956304,1.44942019,-1.1468915,2024-03-05
600887,600887.SH,伊利股份,10004331,069001001001,016170,饮料乳品,1282,181433813092.5,179695183531.5,28.5,-1.213171577123,6366098705,6305094159,16.87746788,17.39781457,3.3887949,9.91964272,11.16247995,1.43183624,-1.13297774,2024-03-06
600887,600887.SH,伊利股份,10004331,069001001001,016170,饮料乳品,1282,181752118027.75,180010438239.45,28.55,0.175438596491,6366098705,6305094159,16.90707748,17.42833705,3.39474015,9.9370456,11.18206325,1.43434823,-1.13496542,2024-03-07
600887,600887.SH,伊利股份,10004331,069001001001,016170,饮料乳品,1282,180160593351.5,178434164699.7,28.3,-0.875656742557,6366098705,6305094159,16.75902951,17.27572464,3.36501388,9.85003119,11.08414676,1.42178827,-1.12502702,2024-03-08
600887,600887.SH,伊利股份,10004331,069001001001,016170,饮料乳品,1282,181433813092.5,179695183531.5,28.5,0.706713780919,6366098705,6305094159,16.87746788,17.39781457,3.3887949,9.91964272,11.16247995,1.43183624,-1.13297774,2024-03-11
600887,600887.SH,伊利股份,10004331,069001001001,016170,饮料乳品,1282,182452388885.3,180703998596.94,28.66,0.561403508772,6366098705,6305094159,16.97221858,17.49548651,3.40781971,9.97533194,11.22514651,1.43987462,-1.13933832,2024-03-12
600887,600887.SH,伊利股份,10004331,069001001001,016170,饮料乳品,1282,179333000519.85,177614502459.03,28.17,-1.709699930216,6366098705,6305094159,16.68204457,17.19636619,3.34955622,9.8047837,11.03323018,1.41525708,-1.11985905,2024-03-13
600887,600887.SH,伊利股份,10004331,069001001001,016170,饮料乳品,1282,179269339532.8,177551451517.44,28.16,-0.035498757543,6366098705,6305094159,16.67612265,17.19026169,3.34836717,9.80130312,11.02931352,1.41475468,-1.11946151,2024-03-14
600887,600887.SH,伊利股份,10004331,069001001001,016170,饮料乳品,1282,183470964678.1,181712813662.38,28.82,2.34375,6366098705,6305094159,17.06696928,17.59315845,3.42684452,10.03102116,11.28781306,1.447913,-1.14569889,2024-03-15
600887,600887.SH,伊利股份,10004331,069001001001,016170,饮料乳品,1282,185317133302.55,183541290968.49,29.11,1.006245662734,6366098705,6305094159,17.23870492,17.77018884,3.461327,10.13195788,11.40139619,1.46248256,-1.15722744,2024-03-18
600887,600887.SH,伊利股份,10004331,069001001001,016170,饮料乳品,1282,185189811328.45,183415189085.31,29.09,-0.068704912401,6366098705,6305094159,17.22686108,17.75797985,3.4589489,10.12499673,11.39356287,1.46147776,-1.15643237,2024-03-19
600887,600887.SH,伊利股份,10004331,069001001001,016170,饮料乳品,1282,184616862445.0,182847730611.0,29.0,-0.309384668271,6366098705,6305094159,17.17356381,17.70303938,3.44824744,10.09367154,11.35831293,1.45695617,-1.15285454,2024-03-20
600887,600887.SH,伊利股份,10004331,069001001001,016170,饮料乳品,1282,183980252574.5,182217221195.1,28.9,-0.344827586207,6366098705,6305094159,17.11434463,17.64199442,3.43635693,10.05886577,11.31914634,1.45193219,-1.14887918,2024-03-21
600887,600887.SH,伊利股份,10004331,069001001001,016170,饮料乳品,1282,182388727898.25,180640947655.35,28.65,-0.865051903114,6366098705,6305094159,16.96629666,17.48938201,3.40663066,9.97185136,11.22122985,1.43937222,-1.13894078,2024-03-22
600887,600887.SH,伊利股份,10004331,069001001001,016170,饮料乳品,1282,180669881247.9,178938572232.42,28.38,-0.942408376963,6366098705,6305094159,16.80640486,17.32456061,3.37452629,9.8778758,11.11548004,1.42580746,-1.12820731,2024-03-25
600887,600887.SH,伊利股份,10004331,069001001001,016170,饮料乳品,1282,180224254338.55,178497215641.29,28.31,-0.246652572234,6366098705,6305094159,16.76495143,17.28182914,3.36620293,9.85351177,11.08806342,1.42229066,-1.12542455,2024-03-26
600887,600887.SH,伊利股份,10004331,069001001001,016170,饮料乳品,1282,179142017558.7,177425349634.26,28.14,-0.600494524903,6366098705,6305094159,16.66427882,17.1780527,3.34598907,9.79434197,11.02148021,1.41374989,-1.11866644,2024-03-27
600887,600887.SH,伊利股份,10004331,069001001001,016170,饮料乳品,1282,177041204986.05,175344668561.79,27.81,-1.172707889126,6366098705,6305094159,16.4688555,16.97660432,3.30675039,9.67948295,10.89223044,1.39717073,-1.10554775,2024-03-28
600887,600887.SH,伊利股份,10004331,069001001001,016170,饮料乳品,1282,177614153869.5,175912127036.1,27.9,0.323624595469,6366098705,6305094159,16.52215277,17.03154479,3.31745185,9.71080814,10.92748037,1.40169232,-1.10912558,2024-03-29
600887,600887.SH,伊利股份,10004331,069001001001,016170,饮料乳品,1282,179205678545.75,177488400575.85,28.15,0.89605734767,6366098705,6305094159,16.67020073,17.1841572,3.0323926,9.79782255,11.02539686,1.41425229,-1.11906398,2024-04-01
600887,600887.SH,伊利股份,10004331,069001001001,016170,饮料乳品,1282,176786561037.85,175092464795.43,27.77,-1.349911190053,6366098705,6305094159,16.44516783,16.95218633,2.991458,9.66556064,10.8765638,1.39516114,-1.10395761,2024-04-02
600887,600887.SH,伊利股份,10004331,069001001001,016170,饮料乳品,1282,176149951167.35,174461955379.53,27.67,-0.360100828232,6366098705,6305094159,16.38594864,16.89114137,2.98068573,9.63075488,10.8373972,1.39013715,-1.09998225,2024-04-03
600887,600887.SH,伊利股份,10004331,069001001001,016170,饮料乳品,1282,173603511685.35,171939917715.93,27.27,-1.445608962776,6366098705,6305094159,16.1490719,16.64696152,2.93759667,9.49153182,10.68073082,1.3700412,-1.08408081,2024-04-08
600887,600887.SH,伊利股份,10004331,069001001001,016170,饮料乳品,1282,174176460568.8,172507376190.24,27.36,0.3300330033,6366098705,6305094159,16.20236917,16.70190198,2.94729171,9.52285701,10.71598075,1.37456279,-1.08765863,2024-04-09
600887,600887.SH,伊利股份,10004331,069001001001,016170,饮料乳品,1282,173094223788.95,171435510183.21,27.19,-0.62134502924,6366098705,6305094159,16.10169655,16.59812555,2.92897886,9.46368721,10.64939754,1.36602201,-1.08090052,2024-04-10
600887,600887.SH,伊利股份,10004331,069001001001,016170,饮料乳品,1282,172011987009.1,170363644176.18,27.02,-0.625229863921,6366098705,6305094159,16.00102394,16.49434911,2.91066601,9.40451741,10.58281433,1.35748123,-1.0741424,2024-04-11
600887,600887.SH,伊利股份,10004331,069001001001,016170,饮料乳品,1282,169147242591.85,167526351804.63,26.57,-1.665433012583,6366098705,6305094159,15.7345376,16.21964677,2.86219081,9.24789148,10.40656464,1.33487329,-1.05625328,2024-04-12
600887,600887.SH,伊利股份,10004331,069001001001,016170,饮料乳品,1282,172139308983.2,170489746059.36,27.04,1.768912307113,6366098705,6305094159,16.01286778,16.5065581,2.91282046,9.41147857,10.59064765,1.35848603,-1.07493748,2024-04-15
600887,600887.SH,伊利股份,10004331,069001001001,016170,饮料乳品,1282,173348867737.15,171687713949.57,27.23,0.702662721893,6366098705,6305094159,16.12538423,16.62254353,2.93328776,9.47760952,10.66506418,1.36803161,-1.08249066,2024-04-16
600887,600887.SH,伊利股份,10004331,069001001001,016170,饮料乳品,1282,174176460568.8,172507376190.24,27.36,0.477414616232,6366098705,6305094159,16.20236917,16.70190198,2.94729171,9.52285701,10.71598075,1.37456279,-1.08765863,2024-04-17
600887,600887.SH,伊利股份,10004331,069001001001,016170,饮料乳品,1282,176340934128.5,174651108204.3,27.7,1.24269005848,6366098705,6305094159,16.4037144,16.90945486,2.98391741,9.64119661,10.84914718,1.39164434,-1.10117486,2024-04-18
600887,600887.SH,伊利股份,10004331,069001001001,016170,饮料乳品,1282,176086290180.3,174398904437.94,27.66,-0.14440433213,6366098705,6305094159,16.38002673,16.88503687,2.9796085,9.6272743,10.83348054,1.38963475,-1.09958471,2024-04-19
600887,600887.SH,伊利股份,10004331,069001001001,016170,饮料乳品,1282,177550492882.45,175849076094.51,27.89,0.831525668836,6366098705,6305094159,16.51623085,17.02544029,3.00438471,9.70732756,10.92356371,1.40118992,-1.10872804,2024-04-22
600887,600887.SH,伊利股份,10004331,069001001001,016170,饮料乳品,1282,177741475843.6,176038228919.28,27.92,0.10756543564,6366098705,6305094159,16.53399661,17.04375378,3.00761639,9.71776929,10.93531369,1.40269712,-1.10992065,2024-04-23
600887,600887.SH,伊利股份,10004331,069001001001,016170,饮料乳品,1282,178123441765.9,176416534568.82,27.98,0.214899713467,6366098705,6305094159,16.56952812,17.08038076,3.01407975,9.73865275,10.95881365,1.40571151,-1.11230586,2024-04-24
600887,600887.SH,伊利股份,10004331,069001001001,016170,饮料乳品,1282,178760051636.4,177047043984.72,28.08,0.35739814153,6366098705,6305094159,16.6287473,17.14142572,3.02485202,9.77345851,10.99798025,1.41073549,-1.11628123,2024-04-25
600887,600887.SH,伊利股份,10004331,069001001001,016170,饮料乳品,1282,178314424727.05,176605687393.59,28.01,-0.249287749288,6366098705,6305094159,16.58729388,17.09869425,3.01731143,9.74909448,10.97056363,1.4072187,-1.11349847,2024-04-26
600887,600887.SH,伊利股份,10004331,069001001001,016170,饮料乳品,1282,180096932364.45,178371113758.11,28.29,0.999642984648,6366098705,6305094159,16.75310759,17.26962014,3.04747377,9.84655061,11.0802301,1.42128587,-1.12462948,2024-04-29
600887,600887.SH,伊利股份,10004331,069001001001,016170,饮料乳品,1282,182134083950.05,180388743888.99,28.61,1.1311417462,6366098705,6305094159,14.3003544,17.46496403,3.08194502,9.95792906,9.44838915,1.45339833,-1.13735064,2024-04-30
600887,600887.SH,伊利股份,10004331,069001001001,016170,饮料乳品,1282,183343642704.0,181586711779.2,28.8,0.664103460329,6366098705,6305094159,14.39532354,17.58094946,3.10241232,10.02406001,9.51113623,1.4630504,-1.14490382,2024-05-06
600887,600887.SH,伊利股份,10004331,069001001001,016170,饮料乳品,1282,180478898286.75,178749419407.65,28.35,-1.5625,6366098705,6305094159,14.17039661,17.30624712,3.05393713,9.86743407,9.36252473,1.44019024,-1.1270147,2024-05-07
600887,600887.SH,伊利股份,10004331,069001001001,016170,饮料乳品,1282,179714966442.15,177992808108.57,28.23,-0.42328042328,6366098705,6305094159,14.1104161,17.23299317,3.04101041,9.82566716,9.32289499,1.43409419,-1.12224427,2024-05-08
600887,600887.SH,伊利股份,10004331,069001001001,016170,饮料乳品,1282,179651305455.1,177929757166.98,28.22,-0.035423308537,6366098705,6305094159,14.10541772,17.22688867,3.03993319,9.82218658,9.31959251,1.43358619,-1.12184673,2024-05-09
600887,600887.SH,伊利股份,10004331,069001001001,016170,饮料乳品,1282,177932458804.75,176227381744.05,27.95,-0.956768249468,6366098705,6305094159,13.97046156,17.06206727,3.01084807,9.72821102,9.23042561,1.41987009,-1.11111326,2024-05-10
600887,600887.SH,伊利股份,10004331,069001001001,016170,饮料乳品,1282,178250763740.0,176542636452.0,28.0,0.178890876565,6366098705,6305094159,13.99545345,17.09258975,3.0162342,9.7456139,9.246938,1.42241011,-1.11310094,2024-05-13
600887,600887.SH,伊利股份,10004331,069001001001,016170,饮料乳品,1282,177359509921.3,175659923269.74,27.86,-0.5,6366098705,6305094159,13.92547618,17.0071268,3.00115303,9.69688583,9.20070331,1.41529806,-1.10753543,2024-05-14
600887,600887.SH,伊利股份,10004331,069001001001,016170,饮料乳品,1282,176977543999.0,175281617620.2,27.8,-0.21536252692,6366098705,6305094159,13.89548592,16.97049982,2.99468967,9.67600237,9.18088844,1.41225004,-1.10515022,2024-05-15
600887,600887.SH,伊利股份,10004331,069001001001,016170,饮料乳品,1282,176786561037.85,175092464795.43,27.77,-0.107913669065,6366098705,6305094159,13.88049079,16.95218633,2.991458,9.66556064,9.17098101,1.41072603,-1.10395761,2024-05-16
600887,600887.SH,伊利股份,10004331,069001001001,016170,饮料乳品,1282,178951034597.55,177236196809.49,28.11,1.224342815988,6366098705,6305094159,14.05043558,17.15973921,3.0280837,9.78390024,9.28326526,1.42799815,-1.11747383,2024-05-17
600887,600887.SH,伊利股份,10004331,069001001001,016170,饮料乳品,1282,181815779014.8,180073489181.04,28.56,1.600853788687,6366098705,6305094159,14.27536251,17.43444155,3.07655889,9.94052618,9.43187676,1.45085831,-1.13536296,2024-05-20
600887,600887.SH,伊利股份,10004331,069001001001,016170,饮料乳品,1282,185635438237.8,183856545676.44,29.16,2.100840336134,6366098705,6305094159,14.57526509,17.80071133,3.14119248,10.14936076,9.63002543,1.48133853,-1.15921512,2024-05-21
600887,600887.SH,伊利股份,10004331,069001001001,016170,饮料乳品,1282,186081065147.15,184297902267.57,29.23,0.240054869684,6366098705,6305094159,14.61025372,17.8434428,3.14873306,10.1737248,9.65314278,1.48489455,-1.16199787,2024-05-22
600887,600887.SH,伊利股份,10004331,069001001001,016170,饮料乳品,1282,186463031069.45,184676207917.11,29.29,0.205268559699,6366098705,6305094159,14.64024398,17.88006978,3.15519642,10.19460825,9.67295764,1.48794258,-1.16438309,2024-05-23
600887,600887.SH,伊利股份,10004331,069001001001,016170,饮料乳品,1282,183852930600.4,182091119311.92,28.88,-1.399795151929,6366098705,6305094159,14.43531055,17.62978543,3.11103014,10.05190462,9.53755605,1.46711443,-1.14808411,2024-05-24
600887,600887.SH,伊利股份,10004331,069001001001,016170,饮料乳品,1282,184744184419.1,182973832494.18,29.02,0.484764542936,6366098705,6305094159,14.50528782,17.71524838,3.12611131,10.10063269,9.58379074,1.47422648,-1.15364961,2024-05-27
600887,600887.SH,伊利股份,10004331,069001001001,016170,饮料乳品,1282,183152659742.85,181397558954.43,28.77,-0.861474844935,6366098705,6305094159,14.38032841,17.56263597,3.09918065,10.01361828,9.5012288,1.46152639,-1.14371121,2024-05-28
600887,600887.SH,伊利股份,10004331,069001001001,016170,饮料乳品,1282,184298557509.75,182532475903.05,28.95,0.625651720542,6366098705,6305094159,14.47029919,17.6725169,3.11857072,10.07626866,9.5606734,1.47067045,-1.15086686,2024-05-29
600887,600887.SH,伊利股份,10004331,069001001001,016170,饮料乳品,1282,181497474079.55,179758234473.09,28.51,-1.519861830743,6366098705,6305094159,14.25037063,17.40391906,3.07117276,9.9231233,9.41536437,1.44831829,-1.13337528,2024-05-30
600887,600887.SH,伊利股份,10004331,069001001001,016170,饮料乳品,1282,180224254338.55,178497215641.29,28.31,-0.701508242722,6366098705,6305094159,14.15040311,17.28182914,3.04962823,9.85351177,9.34931481,1.43815822,-1.12542455,2024-05-31
600887,600887.SH,伊利股份,10004331,069001001001,016170,饮料乳品,1282,181943100988.9,180199591064.22,28.58,0.953726598375,6366098705,6305094159,14.28535927,17.44665054,3.07871334,9.94748733,9.43848172,1.45187432,-1.13615803,2024-06-03
600887,600887.SH,伊利股份,10004331,069001001001,016170,饮料乳品,1282,182197744937.1,180451794830.58,28.62,0.139958012596,6366098705,6305094159,14.30535277,17.47106852,3.08302225,9.96140964,9.45169163,1.45390633,-1.13774817,2024-06-04
600887,600887.SH,伊利股份,10004331,069001001001,016170,饮料乳品,1282,173921816620.6,172255172423.88,27.32,-0.36469730124,6366098705,6305094159,13.65556386,16.677484,2.9429828,9.5089347,9.02236951,1.38786586,-1.08606849,2024-06-05
600887,600887.SH,伊利股份,10004331,069001001001,016170,饮料乳品,1282,174876731426.35,173200936547.73,27.47,0.549048316252,6366098705,6305094159,13.73053951,16.76905144,2.9591412,9.56114335,9.07190667,1.39548592,-1.09203153,2024-06-06
600887,600887.SH,伊利股份,10004331,069001001001,016170,饮料乳品,1282,172266630957.3,170615847942.54,27.06,-1.492537313433,6366098705,6305094159,13.52560608,16.51876709,2.91497491,9.41843972,8.93650508,1.37465777,-1.07573255,2024-06-07
600887,600887.SH,伊利股份,10004331,069001001001,016170,饮料乳品,1282,170102157397.6,168472115928.48,26.72,-1.256467110126,6366098705,6305094159,13.35566129,16.31121422,2.87834921,9.30010012,8.82422084,1.35738565,-1.06221632,2024-06-11
600887,600887.SH,伊利股份,10004331,069001001001,016170,饮料乳品,1282,172011987009.1,170363644176.18,27.02,1.122754491018,6366098705,6305094159,13.50561257,16.49434911,2.91066601,9.40451741,8.92329517,1.37262576,-1.0741424,2024-06-12
600887,600887.SH,伊利股份,10004331,069001001001,016170,饮料乳品,1282,171057072203.35,169417880052.33,26.87,-0.555144337528,6366098705,6305094159,13.43063693,16.40278166,2.89450761,9.35230877,8.873758,1.3650057,-1.06817936,2024-06-13
600887,600887.SH,伊利股份,10004331,069001001001,016170,饮料乳品,1282,172966901814.85,171309408300.03,27.17,1.11648678824,6366098705,6305094159,13.58058822,16.58591655,2.92682441,9.45672606,8.97283234,1.38024581,-1.08010544,2024-06-14
600887,600887.SH,伊利股份,10004331,069001001001,016170,饮料乳品,1282,171120733190.4,169480930993.92,26.88,-1.067353698933,6366098705,6305094159,13.43563531,16.40888616,2.89558484,9.35578934,8.87706048,1.36551371,-1.0685769,2024-06-17
600887,600887.SH,伊利股份,10004331,069001001001,016170,饮料乳品,1282,168065005812.0,166454485797.6,26.4,-1.785714285714,6366098705,6305094159,13.19571325,16.11587034,2.84387796,9.18872168,8.71854154,1.34112953,-1.04949517,2024-06-18
600887,600887.SH,伊利股份,10004331,069001001001,016170,饮料乳品,1282,167555717915.6,165950078264.88,26.32,-0.30303030303,6366098705,6305094159,13.15572624,16.06703437,2.83526015,9.16087707,8.69212172,1.3370655,-1.04631488,2024-06-19
600887,600887.SH,伊利股份,10004331,069001001001,016170,饮料乳品,1282,163290431783.25,161725665178.35,25.65,-2.545592705167,6366098705,6305094159,12.82083503,15.65803311,2.76308598,8.92767845,8.4708557,1.30302926,-1.01967997,2024-06-20
600887,600887.SH,伊利股份,10004331,069001001001,016170,饮料乳品,1282,164118024614.9,162545327419.02,25.78,0.506822612086,6366098705,6305094159,12.88581392,15.73739156,2.77708992,8.97292594,8.51378792,1.30963331,-1.02484793,2024-06-21
600887,600887.SH,伊利股份,10004331,069001001001,016170,饮料乳品,1282,165327583368.85,163743295309.23,25.97,0.737005430566,6366098705,6305094159,12.98078307,15.85337699,2.79755722,9.03905689,8.576535,1.31928538,-1.03240112,2024-06-24
600887,600887.SH,伊利股份,10004331,069001001001,016170,饮料乳品,1282,164054363627.85,162482276477.43,25.77,-0.770119368502,6366098705,6305094159,12.88081555,15.73128707,2.77601269,8.96944536,8.51048544,1.3091253,-1.0244504,2024-06-25
600887,600887.SH,伊利股份,10004331,069001001001,016170,饮料乳品,1282,165454905342.95,163869397192.41,25.99,0.853705859527,6366098705,6305094159,12.99077982,15.86558599,2.79971168,9.04601804,8.58313995,1.32030138,-1.03319619,2024-06-26
600887,600887.SH,伊利股份,10004331,069001001001,016170,饮料乳品,1282,164054363627.85,162482276477.43,25.77,-0.84647941516,6366098705,6305094159,12.88081555,15.73128707,2.77601269,8.96944536,8.51048544,1.3091253,-1.0244504,2024-06-27
600887,600887.SH,伊利股份,10004331,069001001001,016170,饮料乳品,1282,164499990537.2,162923633068.56,25.84,0.271633682577,6366098705,6305094159,12.91580418,15.77401854,2.78355328,8.9938094,8.53360278,1.31268133,-1.02723315,2024-06-28
600887,600887.SH,伊利股份,10004331,069001001001,016170,饮料乳品,1282,165327583368.85,163743295309.23,25.97,0.503095975232,6366098705,6305094159,12.98078307,15.85337699,3.12010301,9.03905689,8.576535,1.31928538,-1.03240112,2024-07-01
600887,600887.SH,伊利股份,10004331,069001001001,016170,饮料乳品,1282,164054363627.85,162482276477.43,25.77,-0.770119368502,6366098705,6305094159,12.88081555,15.73128707,3.0960745,8.96944536,8.51048544,1.3091253,-1.0244504,2024-07-02
600887,600887.SH,伊利股份,10004331,069001001001,016170,饮料乳品,1282,164309007576.05,162734480243.79,25.81,0.155219247187,6366098705,6305094159,12.90080905,15.75570505,3.1008802,8.98336767,8.52369535,1.31115732,-1.02604054,2024-07-03
600887,600887.SH,伊利股份,10004331,069001001001,016170,饮料乳品,1282,163035787835.05,161473461411.99,25.61,-0.77489345215,6366098705,6305094159,12.80084153,15.63361513,3.07685168,8.91375614,8.45764579,1.30099725,-1.01808982,2024-07-04
600887,600887.SH,伊利股份,10004331,069001001001,016170,饮料乳品,1282,162017212042.25,160464646346.55,25.45,-0.624755954705,6366098705,6305094159,12.72086751,15.53594318,3.05762887,8.85806692,8.40480615,1.29286919,-1.01172924,2024-07-05
600887,600887.SH,伊利股份,10004331,069001001001,016170,饮料乳品,1282,160425687366.0,158888372806.8,25.2,-0.98231827112,6366098705,6305094159,12.5959081,15.38333078,3.02759322,8.77105251,8.3222442,1.2801691,-1.00179084,2024-07-08
600887,600887.SH,伊利股份,10004331,069001001001,016170,饮料乳品,1282,159152467625.0,157627353975.0,25.0,-0.793650793651,6366098705,6305094159,12.49594058,15.26124085,3.0035647,8.70144098,8.25619464,1.27000903,-0.99384012,2024-07-09
600887,600887.SH,伊利股份,10004331,069001001001,016170,饮料乳品,1282,159980060456.65,158447016215.67,25.13,0.52,6366098705,6305094159,12.56091947,15.3405993,3.01918324,8.74668847,8.29912686,1.27661307,-0.99900809,2024-07-10
600887,600887.SH,伊利股份,10004331,069001001001,016170,饮料乳品,1282,163608736718.5,162040919886.3,25.7,2.268205332272,6366098705,6305094159,12.84582691,15.68855559,3.08766451,8.94508133,8.48736809,1.30556928,-1.02166765,2024-07-11
600887,600887.SH,伊利股份,10004331,069001001001,016170,饮料乳品,1282,162335516977.5,160779901054.5,25.5,-0.778210116732,6366098705,6305094159,12.74585939,15.56646567,3.063636,8.8754698,8.42131854,1.29540921,-1.01371692,2024-07-12
600887,600887.SH,伊利股份,10004331,069001001001,016170,饮料乳品,1282,162271855990.45,160716850112.91,25.49,-0.039215686275,6366098705,6305094159,12.74086101,15.56036117,3.06243457,8.87198922,8.41801606,1.2949012,-1.01331939,2024-07-15
600887,600887.SH,伊利股份,10004331,069001001001,016170,饮料乳品,1282,162590160925.7,161032104820.86,25.54,0.196155355041,6366098705,6305094159,12.76585289,15.59088365,3.0684417,8.88939211,8.43452845,1.29744122,-1.01530707,2024-07-16
600887,600887.SH,伊利股份,10004331,069001001001,016170,饮料乳品,1282,165518566330.0,163932448134.0,26.0,1.801096319499,6366098705,6305094159,12.9957782,15.87169048,3.12370729,9.04949862,8.58644243,1.32080939,-1.03359373,2024-07-17
600887,600887.SH,伊利股份,10004331,069001001001,016170,饮料乳品,1282,166855447058.05,165256517907.39,26.21,0.807692307692,6366098705,6305094159,13.1007441,15.99988491,3.14893723,9.12259072,8.65579446,1.33147746,-1.04194198,2024-07-18
600887,600887.SH,伊利股份,10004331,069001001001,016170,饮料乳品,1282,168065005812.0,166454485797.6,26.4,0.724914154903,6366098705,6305094159,13.19571325,16.11587034,3.17176433,9.18872168,8.71854154,1.34112953,-1.04949517,2024-07-19
600887,600887.SH,伊利股份,10004331,069001001001,016170,饮料乳品,1282,166155176200.5,164562957549.9,26.1,-1.136363636364,6366098705,6305094159,13.04576196,15.93273545,3.13572155,9.08430438,8.61946721,1.32588942,-1.03756909,2024-07-22
600887,600887.SH,伊利股份,10004331,069001001001,016170,饮料乳品,1282,161826229081.1,160275493521.78,25.42,-2.605363984674,6366098705,6305094159,12.70587238,15.51762969,3.05402459,8.84762519,8.39489871,1.29134518,-1.01053664,2024-07-23
600887,600887.SH,伊利股份,10004331,069001001001,016170,饮料乳品,1282,159470772560.25,157942608682.95,25.05,-1.455546813533,6366098705,6305094159,12.52093246,15.29176333,3.00957183,8.71884386,8.27270703,1.27254904,-0.9958278,2024-07-24
600887,600887.SH,伊利股份,10004331,069001001001,016170,饮料乳品,1282,159407111573.2,157879557741.36,25.04,-0.039920159681,6366098705,6305094159,12.51593408,15.28565883,3.00837041,8.71536329,8.26940456,1.27204104,-0.99543027,2024-07-25
600887,600887.SH,伊利股份,10004331,069001001001,016170,饮料乳品,1282,159661755521.4,158131761507.72,25.08,0.159744408946,6366098705,6305094159,12.53592759,15.31007682,3.01317611,8.72928559,8.28261447,1.27407306,-0.99702041,2024-07-26
600887,600887.SH,伊利股份,10004331,069001001001,016170,饮料乳品,1282,157497281961.7,155988029493.66,24.74,-1.355661881978,6366098705,6305094159,12.36598279,15.10252394,2.97232763,8.610946,8.17033022,1.25680093,-0.98350419,2024-07-29
600887,600887.SH,伊利股份,10004331,069001001001,016170,饮料乳品,1282,155332808402.0,153844297479.6,24.4,-1.374292643492,6366098705,6305094159,12.196038,14.89497107,2.93147915,8.4926064,8.05804597,1.23952881,-0.96998796,2024-07-30
600887,600887.SH,伊利股份,10004331,069001001001,016170,饮料乳品,1282,159725416508.45,158194812449.31,25.09,2.827868852459,6366098705,6305094159,12.54092596,15.31618132,3.01437754,8.73276617,8.28591694,1.27458106,-0.99741795,2024-07-31
600887,600887.SH,伊利股份,10004331,069001001001,016170,饮料乳品,1282,155969418272.5,154474806895.5,24.5,-2.351534475887,6366098705,6305094159,12.24602176,14.95601603,2.94349341,8.52741216,8.09107075,1.24460885,-0.97396332,2024-08-01
600887,600887.SH,伊利股份,10004331,069001001001,016170,饮料乳品,1282,155587452350.2,154096501245.96,24.44,-0.244897959184,6366098705,6305094159,12.21603151,14.91938905,2.93628485,8.5065287,8.07125588,1.24156082,-0.9715781,2024-08-02
600887,600887.SH,伊利股份,10004331,069001001001,016170,饮料乳品,1282,154823520505.6,153339889946.88,24.32,-0.490998363339,6366098705,6305094159,12.15605099,14.8461351,2.92186774,8.46476179,8.03162615,1.23546478,-0.96680767,2024-08-05
600887,600887.SH,伊利股份,10004331,069001001001,016170,饮料乳品,1282,154759859518.55,153276839005.29,24.31,-0.041118421053,6366098705,6305094159,12.15105262,14.8400306,2.92066632,8.46128121,8.02832367,1.23495678,-0.96641013,2024-08-06
600887,600887.SH,伊利股份,10004331,069001001001,016170,饮料乳品,1282,153486639777.55,152015820173.49,24.11,-0.82270670506,6366098705,6305094159,12.05108509,14.71794067,2.8966378,8.39166968,7.96227411,1.22479671,-0.95845941,2024-08-07
600887,600887.SH,伊利股份,10004331,069001001001,016170,饮料乳品,1282,155269147414.95,153781246538.01,24.39,1.16134384073,6366098705,6305094159,12.19103963,14.88886657,2.93027772,8.48912582,8.05474349,1.23902081,-0.96959042,2024-08-08
600887,600887.SH,伊利股份,10004331,069001001001,016170,饮料乳品,1282,153995927673.95,152520227706.21,24.19,-0.820008200082,6366098705,6305094159,12.0910721,14.76677664,2.90624921,8.41951429,7.98869394,1.22886073,-0.9616397,2024-08-09
600887,600887.SH,伊利股份,10004331,069001001001,016170,饮料乳品,1282,155014503466.75,153529042771.65,24.35,0.661430343117,6366098705,6305094159,12.17104612,14.86444859,2.92547202,8.47520352,8.04153358,1.23698879,-0.96800028,2024-08-12
600887,600887.SH,伊利股份,10004331,069001001001,016170,饮料乳品,1282,153359317803.45,151889718290.31,24.09,-1.067761806982,6366098705,6305094159,12.04108834,14.70573168,2.89423495,8.38470853,7.95566916,1.2237807,-0.95766434,2024-08-13
600887,600887.SH,伊利股份,10004331,069001001001,016170,饮料乳品,1282,151767793127.2,150313444750.56,23.84,-1.037775010378,6366098705,6305094159,11.91612893,14.55311927,2.8641993,8.29769412,7.87310721,1.21108061,-0.94772594,2024-08-14
600887,600887.SH,伊利股份,10004331,069001001001,016170,饮料乳品,1282,153165053058.3,151700565465.54,24.06,0.922818791946,6365962305,6305094159,12.02583554,14.6871035,2.89056874,8.37408737,7.94559148,1.2222305,-0.95645124,2024-08-15
600887,600887.SH,伊利股份,10004331,069001001001,016170,饮料乳品,1282,152974074189.15,151511412640.77,24.03,-0.124688279302,6365962305,6305094159,12.01084073,14.6687904,2.88696453,8.36364587,7.93568426,1.22070652,-0.95525866,2024-08-16
600887,600887.SH,伊利股份,10004331,069001001001,016170,饮料乳品,1282,152210158712.55,150754801341.69,23.91,-0.499375780275,6365962305,6305094159,11.9508615,14.59553802,2.87254773,8.32187985,7.89605537,1.21461061,-0.95048833,2024-08-19
600887,600887.SH,伊利股份,10004331,069001001001,016170,饮料乳品,1282,149854752659.7,148421916502.86,23.54,-1.547469677959,6365962305,6305094159,11.76592554,14.36967649,2.82809593,8.19310128,7.77386631,1.19581488,-0.93577981,2024-08-20
600887,600887.SH,伊利股份,10004331,069001001001,016170,饮料乳品,1282,148899858313.95,147476152379.01,23.39,-0.637213254036,6365962305,6305094159,11.69095151,14.27811101,2.81007493,8.14089375,7.7243302,1.18819499,-0.9298169,2024-08-21
600887,600887.SH,伊利股份,10004331,069001001001,016170,饮料乳品,1282,146608111884.15,145206318481.77,23.03,-1.539119281744,6365962305,6305094159,11.51101382,14.05835385,2.76682452,8.01559569,7.60544355,1.16990725,-0.9155059,2024-08-22
600887,600887.SH,伊利股份,10004331,069001001001,016170,饮料乳品,1282,147626665852.95,146215133547.21,23.19,0.6947459835,6365962305,6305094159,11.59098612,14.1560237,2.78604692,8.07128372,7.65828206,1.17803513,-0.92186635,2024-08-23
600887,600887.SH,伊利股份,10004331,069001001001,016170,饮料乳品,1282,145398579046.2,144008350591.56,22.84,-1.509271237602,6365962305,6305094159,11.4160467,13.9423709,2.74399792,7.94946615,7.54269781,1.16025539,-0.90795288,2024-08-26
600887,600887.SH,伊利股份,10004331,069001001001,016170,饮料乳品,1282,144125386585.2,142747331759.76,22.64,-0.875656742557,6365962305,6305094159,11.31608132,13.82028359,2.71996992,7.87985612,7.47664967,1.15009553,-0.90000233,2024-08-27
600887,600887.SH,伊利股份,10004331,069001001001,016170,饮料乳品,1282,141642661286.25,140288345037.75,22.25,-1.722614840989,6365962305,6305094159,11.12114883,13.58221334,2.67311531,7.74411654,7.34785579,1.13028382,-0.88449876,2024-08-28
600887,600887.SH,伊利股份,10004331,069001001001,016170,饮料乳品,1282,145589557915.35,144197503416.33,22.87,2.786516853933,6365962305,6305094159,11.43104151,13.960684,2.74760212,7.95990766,7.55260503,1.16177936,-0.90914546,2024-08-29
600887,600887.SH,伊利股份,10004331,069001001001,016170,饮料乳品,1282,144061726962.15,142684280818.17,22.63,-1.04940970704,6365962305,6305094159,12.36104116,13.81417923,2.71876852,7.87637561,8.1834209,1.20154635,-0.8996048,2024-08-30
600887,600887.SH,伊利股份,10004331,069001001001,016170,饮料乳品,1282,137759424280.2,136442237600.76,21.64,-4.374723817941,6365962305,6305094159,11.82027975,13.20984704,2.5998299,7.53180593,7.82541883,1.14898202,-0.86024958,2024-09-02
600887,600887.SH,伊利股份,10004331,069001001001,016170,饮料乳品,1282,141388022794.05,140036141271.39,22.21,2.634011090573,6365962305,6305094159,12.13162723,13.55779587,2.66830971,7.73019454,8.03154123,1.17924633,-0.88290865,2024-09-03
600887,600887.SH,伊利股份,10004331,069001001001,016170,饮料乳品,1282,141133384301.85,139783937505.03,22.17,-0.18009905448,6365962305,6305094159,12.10977828,13.53337841,2.66350411,7.71627253,8.0170765,1.17712252,-0.88131854,2024-09-04
600887,600887.SH,伊利股份,10004331,069001001001,016170,饮料乳品,1282,143361471108.6,141990720460.68,22.52,1.578709968426,6365962305,6305094159,12.30095656,13.74703121,2.70555311,7.83809009,8.14364289,1.19570587,-0.895232,2024-09-05
600887,600887.SH,伊利股份,10004331,069001001001,016170,饮料乳品,1282,141706320909.3,140351395979.34,22.26,-1.154529307282,6365962305,6305094159,12.15893841,13.5883177,2.67431671,7.74759705,8.04962215,1.1819011,-0.88489628,2024-09-06
600887,600887.SH,伊利股份,10004331,069001001001,016170,饮料乳品,1282,140496788071.35,139153428089.13,22.07,-0.853548966757,6365962305,6305094159,12.05515592,13.47233476,2.65149011,7.68146751,7.98091468,1.17181299,-0.87734326,2024-09-09
600887,600887.SH,伊利股份,10004331,069001001001,016170,饮料乳品,1282,139732872594.75,138396816790.05,21.95,-0.543724512913,6365962305,6305094159,11.98960908,13.39908237,2.63707331,7.63970149,7.93752049,1.16544156,-0.87257293,2024-09-10
600887,600887.SH,伊利股份,10004331,069001001001,016170,饮料乳品,1282,141515342040.15,140162243154.57,22.23,1.27562642369,6365962305,6305094159,12.1425517,13.57000461,2.67071251,7.73715554,8.0387736,1.18030824,-0.8837037,2024-09-11
600887,600887.SH,伊利股份,10004331,069001001001,016170,饮料乳品,1282,139159935987.3,137829358315.74,21.86,-1.664417453891,6365962305,6305094159,11.94044895,13.34414308,2.6262607,7.60837697,7.90497485,1.16066298,-0.86899518,2024-09-12
600887,600887.SH,伊利股份,10004331,069001001001,016170,饮料乳品,1282,137313806918.85,136000881009.63,21.57,-1.326623970723,6365962305,6305094159,11.78204409,13.16711648,2.5914201,7.50744242,7.80010556,1.14526535,-0.85746689,2024-09-13
600887,600887.SH,伊利股份,10004331,069001001001,016170,饮料乳品,1282,136040614457.85,134739862177.83,21.37,-0.927213722763,6365962305,6305094159,11.67279936,13.04502917,2.5673921,7.43783238,7.72778191,1.13464629,-0.84951633,2024-09-18
600887,600887.SH,伊利股份,10004331,069001001001,016170,饮料乳品,1282,140305809202.2,138964275264.36,22.04,3.135236312588,6365962305,6305094159,12.03876921,13.45402166,2.64788591,7.67102601,7.97006613,1.17022013,-0.87615068,2024-09-19
600887,600887.SH,伊利股份,10004331,069001001001,016170,饮料乳品,1282,139923851463.9,138585969614.82,21.98,-0.2722323049,6365962305,6305094159,12.00599579,13.41739547,2.64067751,7.650143,7.94836904,1.16703442,-0.87376551,2024-09-20
600887,600887.SH,伊利股份,10004331,069001001001,016170,饮料乳品,1282,139350914856.45,138018511140.51,21.89,-0.409463148317,6365962305,6305094159,11.95683566,13.36245618,2.6298649,7.61881848,7.9158234,1.16225584,-0.87018777,2024-09-23
600887,600887.SH,伊利股份,10004331,069001001001,016170,饮料乳品,1282,148008623591.25,146593439196.75,23.25,6.212882594792,6365962305,6305094159,12.69969982,14.19264989,2.79325532,8.09216673,8.40762421,1.23446543,-0.92425151,2024-09-24
600887,600887.SH,伊利股份,10004331,069001001001,016170,饮料乳品,1282,149791093036.65,148358865561.27,23.53,1.204301075269,6365962305,6305094159,12.85264244,14.36357213,2.82689453,8.18962078,8.50887732,1.24933211,-0.93538228,2024-09-25
600887,600887.SH,伊利股份,10004331,069001001001,016170,饮料乳品,1282,162459358023.6,160906002937.68,25.52,8.457288567786,6365962305,6305094159,13.9396275,15.57834087,3.06597316,8.88224064,9.22849763,1.35499174,-1.01449026,2024-09-26
600887,600887.SH,伊利股份,10004331,069001001001,016170,饮料乳品,1282,175700559618.0,174020598788.4,27.6,8.150470219436,6365962305,6305094159,15.07577269,16.8480489,3.31586438,9.60618502,9.98066358,1.46542993,-1.09717599,2024-09-27
600887,600887.SH,伊利股份,10004331,069001001001,016170,饮料乳品,1282,185058524206.35,183289087202.13,29.07,5.326086956522,6365962305,6305094159,15.87872146,17.74539064,3.29125199,10.11781878,10.5122424,1.54348001,-1.15561253,2024-09-30
600887,600887.SH,伊利股份,10004331,069001001001,016170,饮料乳品,1282,184358268352.8,182595526844.64,28.96,-0.378396972824,6365962305,6305094159,15.81863685,17.67824262,3.278798,10.07953326,10.47246439,1.53763952,-1.15123973,2024-10-08
600887,600887.SH,伊利股份,10004331,069001001001,016170,饮料乳品,1282,168888979951.65,167274148038.27,26.53,-8.390883977901,6365962305,6305094159,14.49131339,16.19488179,3.00367786,9.23377132,9.59373205,1.40861798,-1.05464054,2024-10-09
600887,600887.SH,伊利股份,10004331,069001001001,016170,饮料乳品,1282,175827878864.1,174146700671.58,27.62,4.1085563513,6365962305,6305094159,15.08669717,16.86025763,3.12708566,9.61314602,9.98789594,1.46649184,-1.09797104,2024-10-10
600887,600887.SH,伊利股份,10004331,069001001001,016170,饮料乳品,1282,174109069041.75,172444325248.65,27.35,-0.97755249819,6365962305,6305094159,14.93921678,16.69543976,3.09651675,9.51917247,9.89025902,1.45215611,-1.0872378,2024-10-11
600887,600887.SH,伊利股份,10004331,069001001001,016170,饮料乳品,1282,174172728664.8,172507376190.24,27.36,0.036563071298,6365962305,6305094159,14.94467902,16.70154413,3.09764894,9.52265297,9.8938752,1.45268706,-1.08763533,2024-10-14
600887,600887.SH,伊利股份,10004331,069001001001,016170,饮料乳品,1282,168698001082.5,167084995213.5,26.5,-3.143274853801,6365962305,6305094159,14.47492668,16.17656869,3.00028132,9.22332982,9.58288351,1.40702512,-1.05344796,2024-10-15
600887,600887.SH,伊利股份,10004331,069001001001,016170,饮料乳品,1282,166469914275.75,164878212257.85,26.15,-1.320754716981,6365962305,6305094159,14.2837484,15.9629159,2.96065496,9.10151225,9.45631712,1.38844177,-1.03953449,2024-10-16
600887,600887.SH,伊利股份,10004331,069001001001,016170,饮料乳品,1282,162459358023.6,160906002937.68,25.52,-2.409177820268,6365962305,6305094159,13.9396275,15.57834087,2.88932752,8.88224064,9.22849763,1.35499174,-1.01449026,2024-10-17
600887,600887.SH,伊利股份,10004331,069001001001,016170,饮料乳品,1282,168061404852.0,166454485797.6,26.4,3.448275862069,6365962305,6305094159,14.42030432,16.11552504,2.9889595,9.1885248,9.54672168,1.40171559,-1.04947268,2024-10-18
600887,600887.SH,伊利股份,10004331,069001001001,016170,饮料乳品,1282,166851872014.05,165256517907.39,26.21,-0.719696969697,6365962305,6305094159,14.31652182,15.99954209,2.96744805,9.12239526,9.47801422,1.39162748,-1.04191966,2024-10-21
600887,600887.SH,伊利股份,10004331,069001001001,016170,饮料乳品,1282,169398256936.05,167778555570.99,26.61,1.526135062953,6365962305,6305094159,14.53501128,16.24371671,3.01273531,9.26161534,9.62266151,1.4128656,-1.05782076,2024-10-22
600887,600887.SH,伊利股份,10004331,069001001001,016170,饮料乳品,1282,171944641858.05,170300593234.59,27.01,1.503194287862,6365962305,6305094159,14.75350074,16.48789134,3.05802258,9.40083541,9.76730881,1.43410371,-1.07372186,2024-10-23
600887,600887.SH,伊利股份,10004331,069001001001,016170,饮料乳品,1282,168825320328.6,167211097096.68,26.52,-1.814142910033,6365962305,6305094159,14.48585115,16.18877742,3.00254568,9.23029082,9.59011587,1.40808702,-1.05424301,2024-10-24
600887,600887.SH,伊利股份,10004331,069001001001,016170,饮料乳品,1282,169843874297.4,169003653170.12,26.68,0.603318250377,6365962305,6334469759,14.57324694,16.28644727,3.02066059,9.28597885,9.64797479,1.41658227,-1.06060345,2024-10-25
600887,600887.SH,伊利股份,10004331,069001001001,016170,饮料乳品,1282,172644897711.6,171790819864.08,27.12,1.649175412294,6365962305,6334469759,14.81358534,16.55503936,3.07047658,9.43912093,9.80708682,1.4399442,-1.07809466,2024-10-28
600887,600887.SH,伊利股份,10004331,069001001001,016170,饮料乳品,1282,168825320328.6,167990138008.68,26.52,-2.212389380531,6365962305,6334469759,14.48585115,16.18877742,3.00254568,9.23029082,9.59011587,1.40808702,-1.05424301,2024-10-29
600887,600887.SH,伊利股份,10004331,069001001001,016170,饮料乳品,1282,168316043344.2,167483380427.96,26.44,-0.301659125189,6365962305,6334469759,14.44215326,16.1399425,2.99348823,9.20244681,9.56118641,1.4038394,-1.05106279,2024-10-30
600887,600887.SH,伊利股份,10004331,069001001001,016170,饮料乳品,1282,177674007932.55,176795050973.69,27.91,5.559757942511,6365962305,6334469759,14.90938265,17.03728423,3.15991893,9.71408057,8.68749938,1.50808434,-1.10949934,2024-10-31
600887,600887.SH,伊利股份,10004331,069001001001,016170,饮料乳品,1282,180156733231.5,179265494179.7,28.3,1.397348620566,6365962305,6334469759,15.1177187,17.27535449,3.20407401,9.84982014,8.80889403,1.52915753,-1.12500291,2024-11-01
600887,600887.SH,伊利股份,10004331,069001001001,016170,饮料乳品,1282,183530693253.15,182622763151.97,28.83,1.872791519435,6365962305,6334469759,15.40084205,17.59888586,3.26407964,10.03428674,8.97386625,1.55779547,-1.14607187,2024-11-04
600887,600887.SH,伊利股份,10004331,069001001001,016170,饮料乳品,1282,185058524206.35,184143035894.13,29.07,0.832466181061,6365962305,6334469759,15.52904885,17.74539064,3.29125199,10.11781878,9.04857066,1.57076359,-1.15561253,2024-11-05
600887,600887.SH,伊利股份,10004331,069001001001,016170,饮料乳品,1282,183976310614.5,183066176035.1,28.9,-0.584795321637,6365962305,6334469759,15.4382357,17.64161642,3.27200491,10.05865025,8.99565504,1.56157783,-1.14885457,2024-11-06
600887,600887.SH,伊利股份,10004331,069001001001,016170,饮料乳品,1282,192252061611.0,191300986721.8,30.2,4.498269896194,6365962305,6334469759,16.13268921,18.43518394,3.41918852,10.51111549,9.40030388,1.63182182,-1.20053314,2024-11-07
600887,600887.SH,伊利股份,10004331,069001001001,016170,饮料乳品,1282,191806444249.65,190857573838.67,30.13,-0.23178807947,6365962305,6334469759,16.09529556,18.39245339,3.41126325,10.48675198,9.3785151,1.62803945,-1.19775045,2024-11-08
600887,600887.SH,伊利股份,10004331,069001001001,016170,饮料乳品,1282,191042528773.05,190097437467.59,30.01,-0.39827414537,6365962305,6334469759,16.03119216,18.319201,3.39767707,10.44498596,9.3411629,1.62155539,-1.19298012,2024-11-11
600887,600887.SH,伊利股份,10004331,069001001001,016170,饮料乳品,1282,189705676689.0,188767198818.2,29.8,-0.699766744419,6365962305,6334469759,15.91901121,18.19100932,3.37390125,10.37189542,9.27579654,1.61020829,-1.18463204,2024-11-12
600887,600887.SH,伊利股份,10004331,069001001001,016170,饮料乳品,1282,191042528773.05,190097437467.59,30.01,0.704697986577,6365962305,6334469759,16.03119216,18.319201,3.39767707,10.44498596,9.3411629,1.62155539,-1.19298012,2024-11-13
600887,600887.SH,伊利股份,10004331,069001001001,016170,饮料乳品,1282,188496143851.05,187563649563.99,29.61,-1.332889036988,6365962305,6334469759,15.81751416,18.07502638,3.3523898,10.30576588,9.21665556,1.59994186,-1.17707902,2024-11-14
600887,600887.SH,伊利股份,10004331,069001001001,016170,饮料乳品,1282,186459035913.45,185536619241.11,29.29,-1.080715974333,6365962305,6334469759,15.64657176,17.87968668,3.31615999,10.19438982,9.11704969,1.58265103,-1.16435814,2024-11-15
600887,600887.SH,伊利股份,10004331,069001001001,016170,饮料乳品,1282,184485587598.9,183572933615.82,28.98,-1.058381700239,6365962305,6334469759,15.4809713,17.69045135,3.28106236,10.08649427,9.02055651,1.56590054,-1.15203479,2024-11-18
600887,600887.SH,伊利股份,10004331,069001001001,016170,饮料乳品,1282,183785331745.35,182876141942.33,28.87,-0.379572118703,6365962305,6334469759,15.42220985,17.62330333,3.26860836,10.04820875,8.98631699,1.55995682,-1.14766198,2024-11-19
600887,600887.SH,伊利股份,10004331,069001001001,016170,饮料乳品,1282,184867545337.2,183953001801.36,29.04,0.588846553516,6365962305,6334469759,15.513023,17.72707754,3.28785545,10.10737728,9.03923261,1.56914257,-1.15441995,2024-11-20
600887,600887.SH,伊利股份,10004331,069001001001,016170,饮料乳品,1282,185695120436.85,184776482870.03,29.17,0.447658402204,6365962305,6334469759,15.58246836,17.80643429,3.30257381,10.1526238,9.07969749,1.57616697,-1.15958781,2024-11-21
600887,600887.SH,伊利股份,10004331,069001001001,016170,饮料乳品,1282,180793329462.0,179898941155.6,28.4,-2.639698320192,6365962305,6334469759,15.1711382,17.33639815,3.21539583,9.88462516,8.84002087,1.53456092,-1.12897819,2024-11-22
600887,600887.SH,伊利股份,10004331,069001001001,016170,饮料乳品,1282,179647456247.1,178758736598.98,28.22,-0.633802816901,6365962305,6334469759,15.0749831,17.22651957,3.19501656,9.82197613,8.78399257,1.52483483,-1.12182269,2024-11-25
600887,600887.SH,伊利股份,10004331,069001001001,016170,饮料乳品,1282,181875543053.85,180975801014.63,28.57,1.2402551382,6365962305,6334469759,15.26195135,17.44017236,3.23464291,9.94379369,8.89293649,1.54374667,-1.13573616,2024-11-26
600887,600887.SH,伊利股份,10004331,069001001001,016170,饮料乳品,1282,183785331745.35,182876141942.33,28.87,1.050052502625,6365962305,6334469759,15.42220985,17.62330333,3.26860836,10.04820875,8.98631699,1.55995682,-1.14766198,2024-11-27
600887,600887.SH,伊利股份,10004331,069001001001,016170,饮料乳品,1282,181493585315.55,180595732829.09,28.51,-1.246969172151,6365962305,6334469759,15.22989965,17.40354617,3.22784982,9.92291068,8.87426039,1.54050464,-1.13335099,2024-11-28
600887,600887.SH,伊利股份,10004331,069001001001,016170,饮料乳品,1282,181939202676.9,181039145712.22,28.58,0.245527884953,6365962305,6334469759,15.2672933,17.44627673,3.23577509,9.9472742,8.89604917,1.54428701,-1.13613368,2024-11-29
600887,600887.SH,伊利股份,10004331,069001001001,016170,饮料乳品,1282,183467033630.1,182559418454.38,28.82,0.839748075577,6365962305,6334469759,15.3955001,17.5927815,3.26294745,10.03080624,8.97075357,1.55725513,-1.14567435,2024-12-02
600887,600887.SH,伊利股份,10004331,069001001001,016170,饮料乳品,1282,186268057044.3,185346585148.34,29.26,1.526717557252,6365962305,6334469759,15.63054591,17.86137358,3.31276345,10.18394832,9.10771164,1.58103001,-1.16316556,2024-12-03
600887,600887.SH,伊利股份,10004331,069001001001,016170,饮料乳品,1282,185313162698.55,184396414684.49,29.11,-0.512645249487,6365962305,6334469759,15.55041666,17.7698081,3.29578072,10.13174079,9.06102139,1.57292494,-1.15720264,2024-12-04
600887,600887.SH,伊利股份,10004331,069001001001,016170,饮料乳品,1282,183594352876.2,182686107849.56,28.84,-0.927516317417,6365962305,6334469759,15.406184,17.60499023,3.26521182,10.03776724,8.97697894,1.5583358,-1.1464694,2024-12-05
600887,600887.SH,伊利股份,10004331,069001001001,016170,饮料乳品,1282,186140737798.2,185219895753.16,29.24,1.386962552011,6365962305,6334469759,15.61986201,17.84916485,3.31049908,10.17698732,9.10148627,1.57994934,-1.1623705,2024-12-06
600887,600887.SH,伊利股份,10004331,069001001001,016170,饮料乳品,1282,183467033630.1,182559418454.38,28.82,-1.436388508892,6365962305,6334469759,15.3955001,17.5927815,3.26294745,10.03080624,8.97075357,1.55725513,-1.14567435,2024-12-09
600887,600887.SH,伊利股份,10004331,069001001001,016170,饮料乳品,1282,187923207243.6,186993547285.68,29.52,2.428868841083,6365962305,6334469759,15.76943661,18.02008709,3.34220017,10.27444137,9.18864141,1.59507881,-1.17350127,2024-12-10
600887,600887.SH,伊利股份,10004331,069001001001,016170,饮料乳品,1282,189514697819.85,188577164725.43,29.77,0.846883468835,6365962305,6334469759,15.90298536,18.17269623,3.37050471,10.36145391,9.26645849,1.60858727,-1.18343946,2024-12-11
600887,600887.SH,伊利股份,10004331,069001001001,016170,饮料乳品,1282,192443040480.15,191491020814.57,30.23,1.545179711119,6365962305,6334469759,16.14871506,18.45349704,3.42258506,10.521557,9.40964193,1.63344283,-1.20172573,2024-12-12
600887,600887.SH,伊利股份,10004331,069001001001,016170,饮料乳品,1282,186204397421.25,185283240450.75,29.25,-3.241812768773,6365962305,6334469759,15.62520396,17.85526922,3.31163126,10.18046782,9.10459896,1.58048968,-1.16276803,2024-12-13
600887,600887.SH,伊利股份,10004331,069001001001,016170,饮料乳品,1282,185886099306.0,184966516962.8,29.2,-0.17094017094,6365962305,6334469759,15.59849421,17.82474739,3.30597036,10.16306531,9.08903554,1.57778798,-1.16078039,2024-12-16
600887,600887.SH,伊利股份,10004331,069001001001,016170,饮料乳品,1282,188494319875.05,187563649563.99,29.61,1.404109589041,6365900705,6334469759,15.8173611,18.07485147,3.35235736,10.30566616,9.21656638,1.59992638,-1.17706763,2024-12-17
600887,600887.SH,伊利股份,10004331,069001001001,016170,饮料乳品,1282,188494319875.05,187563649563.99,29.61,0.0,6365900705,6334469759,15.8173611,18.07485147,3.35235736,10.30566616,9.21656638,1.59992638,-1.17706763,2024-12-18
600887,600887.SH,伊利股份,10004331,069001001001,016170,饮料乳品,1282,186966503705.85,186043376821.83,29.37,-0.81053698075,6365900705,6334469759,15.68915554,17.92834812,3.32518527,10.22213492,9.1418627,1.58695838,-1.16752706,2024-12-19
600887,600887.SH,伊利股份,10004331,069001001001,016170,饮料乳品,1282,185884300586.0,184966516962.8,29.2,-0.578821927137,6365900705,6334469759,15.59834327,17.82457491,3.30593837,10.16296697,9.08894759,1.57777272,-1.16076916,2024-12-20
600887,600887.SH,伊利股份,10004331,069001001001,016170,饮料乳品,1282,188430660868.0,187500304866.4,29.6,1.369863013699,6365900705,6334469759,15.8120192,18.06874717,3.35122519,10.30218569,9.21345372,1.59938604,-1.17667011,2024-12-23
600887,600887.SH,伊利股份,10004331,069001001001,016170,饮料乳品,1282,191613611220.5,190667539745.9,30.1,1.689189189189,6365900705,6334469759,16.07911412,18.37396249,3.40783373,10.4762091,9.36908639,1.6264027,-1.19654629,2024-12-24
600887,600887.SH,伊利股份,10004331,069001001001,016170,饮料乳品,1282,190531408100.65,189590679886.87,29.93,-0.564784053156,6365900705,6334469759,15.98830185,18.27018928,3.38858682,10.41704114,9.31617128,1.61721704,-1.18978839,2024-12-25
600887,600887.SH,伊利股份,10004331,069001001001,016170,饮料乳品,1282,190786044128.85,189844058677.23,29.97,0.133645172068,6365900705,6334469759,16.00966944,18.29460651,3.39311551,10.43096301,9.32862189,1.61937837,-1.19137848,2024-12-26
600887,600887.SH,伊利股份,10004331,069001001001,016170,饮料乳品,1282,191931906255.75,190984263233.85,30.15,0.600600600601,6365900705,6334469759,16.10582361,18.40448402,3.41349458,10.49361144,9.38464965,1.62910436,-1.19853391,2024-12-27
600887,600887.SH,伊利股份,10004331,069001001001,016170,饮料乳品,1282,191486293206.4,190540850350.72,30.08,-0.232172470978,6365900705,6334469759,16.06843032,18.36175388,3.40556938,10.46924816,9.36286108,1.62532203,-1.19575124,2024-12-30
600887,600887.SH,伊利股份,10004331,069001001001,016170,饮料乳品,1282,192122883276.9,191174297326.62,30.18,0.332446808511,6365900705,6334469759,16.12184931,22.7287431,3.61269495,8.83740467,9.39398761,1.63072536,-1.19972648,2024-12-31
600887,600887.SH,伊利股份,10004331,069001001001,016170,饮料乳品,1282,188176024839.8,187246926076.04,29.56,-2.054340622929,6365900705,6334469759,15.79065161,22.2618173,3.53847789,8.65585428,9.20100311,1.59722471,0.44190988,2025-01-02
600887,600887.SH,伊利股份,10004331,069001001001,016170,饮料乳品,1282,186520890656.5,185599963938.7,29.3,-0.879566982409,6365900705,6334469759,15.65176225,22.06600971,3.50735461,8.57972024,9.12007412,1.58317605,0.43802299,2025-01-03
600887,600887.SH,伊利股份,10004331,069001001001,016170,饮料乳品,1282,184865756473.2,183953001801.36,29.04,-0.887372013652,6365900705,6334469759,15.51287289,21.87020211,3.47623133,8.5035862,9.03914514,1.56912739,0.4341361,2025-01-06
600887,600887.SH,伊利股份,10004331,069001001001,016170,饮料乳品,1282,183847212360.4,182939486639.92,28.88,-0.550964187328,6365900705,6334469759,15.42740252,21.74970513,3.45707854,8.45673449,8.98934269,1.56048206,0.43174416,2025-01-07
600887,600887.SH,伊利股份,10004331,069001001001,016170,饮料乳品,1282,185566005550.75,184649793474.85,29.15,0.934903047091,6365900705,6334469759,15.57163378,21.95304379,3.48939887,8.53579676,9.07338432,1.57507105,0.43578055,2025-01-08
600887,600887.SH,伊利股份,10004331,069001001001,016170,饮料乳品,1282,184356484416.8,183446244220.64,28.96,-0.65180102916,6365900705,6334469759,15.47013771,21.80995362,3.46665493,8.48016035,9.01424391,1.56480472,0.43294013,2025-01-09
600887,600887.SH,伊利股份,10004331,069001001001,016170,饮料乳品,1282,181619147113.65,180722422224.27,28.53,-1.484806629834,6365900705,6334469759,15.24043608,21.48611798,3.41518181,8.35424636,8.88039982,1.5415704,0.42651181,2025-01-10
600887,600887.SH,伊利股份,10004331,069001001001,016170,饮料乳品,1282,181109875057.25,180215664643.55,28.45,-0.280406589555,6365900705,6334469759,15.19770089,21.42586949,3.40560541,8.33082051,8.85549859,1.53724773,0.42531584,2025-01-13
600887,600887.SH,伊利股份,10004331,069001001001,016170,饮料乳品,1282,182383055198.25,181482558595.35,28.65,0.702987697715,6365900705,6334469759,15.30453886,21.57649072,3.4295464,8.38938515,8.91775166,1.5480544,0.42830576,2025-01-14
600887,600887.SH,伊利股份,10004331,069001001001,016170,饮料乳品,1282,181173534064.3,180279009341.14,28.46,-0.663176265271,6365900705,6334469759,15.20304279,21.43340055,3.40680246,8.33374874,8.85861125,1.53778807,0.42546534,2025-01-15
600887,600887.SH,伊利股份,10004331,069001001001,016170,饮料乳品,1282,180345966972.65,179455528272.47,28.33,-0.456781447646,6365900705,6334469759,15.13359811,21.33549676,3.39124082,8.29568172,8.81814676,1.53076374,0.42352189,2025-01-16
600887,600887.SH,伊利股份,10004331,069001001001,016170,饮料乳品,1282,180791580022.0,179898941155.6,28.4,0.247087892693,6365900705,6334469759,15.1709914,21.38821419,3.39962017,8.31617934,8.83993533,1.53454607,0.42456836,2025-01-17
600887,600887.SH,伊利股份,10004331,069001001001,016170,饮料乳品,1282,176972039599.0,176098259300.2,27.8,-2.112676056338,6365900705,6334469759,14.85047749,20.93635051,3.32779721,8.14048542,8.65317613,1.50212608,0.41559861,2025-01-20
600887,600887.SH,伊利股份,10004331,069001001001,016170,饮料乳品,1282,175507882436.85,174641331255.63,27.57,-0.827338129496,6365900705,6334469759,14.72761383,20.7631361,3.30026507,8.07313608,8.58158511,1.48969842,0.4121602,2025-01-21
600887,600887.SH,伊利股份,10004331,069001001001,016170,饮料乳品,1282,174425679317.0,173564471396.6,27.4,-0.616612259703,6365900705,6334469759,14.63680156,20.63510805,3.27991523,8.02335613,8.52867,1.48051276,0.40961877,2025-01-22
600887,600887.SH,伊利股份,10004331,069001001001,016170,饮料乳品,1282,175444223429.8,174577986558.04,27.56,0.583941605839,6365900705,6334469759,14.72227193,20.75560503,3.29906802,8.07020784,8.57847245,1.48915809,0.4120107,2025-01-23
600887,600887.SH,伊利股份,10004331,069001001001,016170,饮料乳品,1282,175635200450.95,174768020650.81,27.59,0.10885341074,6365900705,6334469759,14.73829763,20.77819822,3.30265917,8.07899254,8.58781041,1.49077908,0.41245919,2025-01-24
600887,600887.SH,伊利股份,10004331,069001001001,016170,饮料乳品,1282,177163016620.15,176288293392.97,27.83,0.869880391446,6365900705,6334469759,14.86650319,20.95894369,3.33138835,8.14927011,8.66251409,1.50374708,0.41604709,2025-01-27
600887,600887.SH,伊利股份,10004331,069001001001,016170,饮料乳品,1282,170924433929.25,170080513029.15,26.85,-3.521379805965,6365900705,6334469759,14.34299715,20.22089968,3.21407752,7.86230336,8.35747407,1.45079443,0.4013965,2025-02-05
600887,600887.SH,伊利股份,10004331,069001001001,016170,饮料乳品,1282,172197614070.25,171347406980.95,27.05,0.744878957169,6365900705,6334469759,14.44983512,20.37152091,3.2380185,7.920868,8.41972713,1.4616011,0.40438641,2025-02-06
600887,600887.SH,伊利股份,10004331,069001001001,016170,饮料乳品,1282,173852748253.55,172994369118.29,27.31,0.961182994455,6365900705,6334469759,14.58872447,20.5673285,3.26914179,7.99700204,8.50065612,1.47564976,0.40827331,2025-02-07
600887,600887.SH,伊利股份,10004331,069001001001,016170,饮料乳品,1282,172706886126.65,171854164561.67,27.13,-0.659099231051,6365900705,6334469759,14.4925703,20.4317694,3.2475949,7.94429386,8.44462836,1.46592376,0.40558238,2025-02-10
600887,600887.SH,伊利股份,10004331,069001001001,016170,饮料乳品,1282,171561023999.75,170713960005.05,26.95,-0.663472171028,6365900705,6334469759,14.39641613,20.29621029,3.22604801,7.89158568,8.3886006,1.45619776,0.40289145,2025-02-11
600887,600887.SH,伊利股份,10004331,069001001001,016170,饮料乳品,1282,172770545133.7,171917509259.26,27.14,0.705009276438,6365900705,6334469759,14.4979122,20.43930046,3.24879195,7.94722209,8.44774101,1.46646409,0.40573188,2025-02-12
600887,600887.SH,伊利股份,10004331,069001001001,016170,饮料乳品,1282,175062269387.5,174197918372.5,27.5,1.32645541636,6365900705,6334469759,14.69022054,20.71041867,3.29188573,8.05263845,8.55979653,1.48591609,0.41111373,2025-02-13
600887,600887.SH,伊利股份,10004331,069001001001,016170,饮料乳品,1282,175826177472.1,174958054743.58,27.62,0.436363636364,6365900705,6334469759,14.75432332,20.8007914,3.30625032,8.08777724,8.59714837,1.49240008,0.41290768,2025-02-14
600887,600887.SH,伊利股份,10004331,069001001001,016170,饮料乳品,1282,174616656338.15,173754505489.37,27.43,-0.687907313541,6365900705,6334469759,14.65282725,20.65770124,3.28350638,8.03214082,8.53800796,1.48213375,0.41006726,2025-02-17
600887,600887.SH,伊利股份,10004331,069001001001,016170,饮料乳品,1282,173534453218.3,172677645630.34,27.26,-0.619759387532,6365900705,6334469759,14.56201498,20.52967319,3.26315654,7.98236088,8.48509285,1.47294809,0.40752583,2025-02-18
600887,600887.SH,伊利股份,10004331,069001001001,016170,饮料乳品,1282,178881809810.5,177998600227.9,28.1,3.081438004402,6365900705,6334469759,15.01073445,21.16228235,3.36370869,8.22833238,8.74655573,1.51833607,0.42008348,2025-02-19
600887,600887.SH,伊利股份,10004331,069001001001,016170,饮料乳品,1282,177163016620.15,176288293392.97,27.83,-0.960854092527,6365900705,6334469759,14.86650319,20.95894369,3.33138835,8.14927011,8.66251409,1.50374708,0.41604709,2025-02-20
600887,600887.SH,伊利股份,10004331,069001001001,016170,饮料乳品,1282,176271790521.45,175401467626.71,27.69,-0.503054257995,6365900705,6334469759,14.79171661,20.85350883,3.31462966,8.10827486,8.61893694,1.49618242,0.41395415,2025-02-21
600887,600887.SH,伊利股份,10004331,069001001001,016170,饮料乳品,1282,175189587401.6,174324607767.68,27.52,-0.61394005056,6365900705,6334469759,14.70090434,20.72548079,3.29427982,8.05849491,8.56602184,1.48699675,0.41141272,2025-02-24
600887,600887.SH,伊利股份,10004331,069001001001,016170,饮料乳品,1282,174171043288.8,173311092606.24,27.36,-0.581395348837,6365900705,6334469759,14.61543397,20.60498381,3.27512703,8.0116432,8.51621939,1.47835142,0.40902079,2025-02-25
600887,600887.SH,伊利股份,10004331,069001001001,016170,饮料乳品,1282,174616656338.15,173754505489.37,27.43,0.255847953216,6365900705,6334469759,14.65282725,20.65770124,3.28350638,8.03214082,8.53800796,1.48213375,0.41006726,2025-02-26
600887,600887.SH,伊利股份,10004331,069001001001,016170,饮料乳品,1282,179518399881.0,178632047203.8,28.2,2.807145461174,6365900705,6334469759,15.06415343,21.23759296,3.37567918,8.2576147,8.77768226,1.5237394,0.42157844,2025-02-27
600887,600887.SH,伊利股份,10004331,069001001001,016170,饮料乳品,1282,180027671937.4,179138804784.52,28.28,0.283687943262,6365900705,6334469759,15.10688862,21.29784145,3.38525558,8.28104056,8.80258349,1.52806207,0.42277441,2025-02-28
600887,600887.SH,伊利股份,10004331,069001001001,016170,饮料乳品,1282,177608629669.5,176731706276.1,27.9,-1.343705799151,6365900705,6334469759,14.90389648,21.01166112,3.3397677,8.16976774,8.68430266,1.50752941,0.41709356,2025-03-03
600887,600887.SH,伊利股份,10004331,069001001001,016170,饮料乳品,1282,176781062577.85,175908225207.43,27.77,-0.465949820789,6365900705,6334469759,14.8344518,20.91375732,3.32420606,8.13170072,8.64383817,1.50050508,0.41515012,2025-03-04
600887,600887.SH,伊利股份,10004331,069001001001,016170,饮料乳品,1282,176908380591.95,176034914602.61,27.79,0.072020165646,6365900705,6334469759,14.8451356,20.92881945,3.32660016,8.13755718,8.65006348,1.50158575,0.41544911,2025-03-05
600887,600887.SH,伊利股份,10004331,069001001001,016170,饮料乳品,1282,178181560732.95,177301808554.41,27.99,0.719683339331,6365900705,6334469759,14.95197356,21.07944067,3.35054114,8.19612183,8.71231654,1.51239241,0.41843903,2025-03-06
600887,600887.SH,伊利股份,10004331,069001001001,016170,饮料乳品,1282,176653744563.75,175781535812.25,27.75,-0.85744908896,6365900705,6334469759,14.823768,20.8986952,3.32181196,8.12584425,8.63761286,1.49942441,0.41485113,2025-03-07
600887,600887.SH,伊利股份,10004331,069001001001,016170,饮料乳品,1282,174234702295.85,173374437303.83,27.37,-1.369369369369,6365900705,6334469759,14.62077586,20.61251487,3.27632408,8.01457143,8.51933204,1.47889176,0.40917028,2025-03-10
600887,600887.SH,伊利股份,10004331,069001001001,016170,饮料乳品,1282,175953495486.2,175084744138.76,27.64,0.986481549141,6365900705,6334469759,14.76500712,20.81585353,3.30864442,8.0936337,8.60337368,1.49348075,0.41320667,2025-03-11
600887,600887.SH,伊利股份,10004331,069001001001,016170,饮料乳品,1282,174425679317.0,173564471396.6,27.4,-0.868306801737,6365900705,6334469759,14.63680156,20.63510805,3.27991523,8.02335613,8.52867,1.48051276,0.40961877,2025-03-12
600887,600887.SH,伊利股份,10004331,069001001001,016170,饮料乳品,1282,174362020309.95,173501126699.01,27.39,-0.036496350365,6365900705,6334469759,14.63145966,20.62757699,3.27871818,8.0204279,8.52555735,1.47997242,0.40946927,2025-03-13
600887,600887.SH,伊利股份,10004331,069001001001,016170,饮料乳品,1282,189385545973.75,188450475330.25,29.75,8.616283315078,6365900705,6334469759,15.89214768,22.40490747,3.56122183,8.71149069,9.26014352,1.60749104,0.44475031,2025-03-14
600887,600887.SH,伊利股份,10004331,069001001001,016170,饮料乳品,1282,185311369522.55,184396414684.49,29.11,-2.151260504202,6365900705,6334469759,15.55026618,21.92291954,3.48461067,8.52408383,9.06093371,1.57290972,0.43518257,2025-03-17
600887,600887.SH,伊利股份,10004331,069001001001,016170,饮料乳品,1282,183401599311.05,182496073756.79,28.81,-1.030573686019,6365900705,6334469759,15.39000923,21.6969877,3.44869919,8.43623686,8.96755411,1.55669973,0.43069769,2025-03-18
600887,600887.SH,伊利股份,10004331,069001001001,016170,饮料乳品,1282,182319396191.2,181419213897.76,28.64,-0.590072891357,6365900705,6334469759,15.29919696,21.56895966,3.42834935,8.38645692,8.91463901,1.54751406,0.42815626,2025-03-19
600887,600887.SH,伊利股份,10004331,069001001001,016170,饮料乳品,1282,180345966972.65,179455528272.47,28.33,-1.082402234637,6365900705,6334469759,15.13359811,21.33549676,3.39124082,8.29568172,8.81814676,1.53076374,0.42352189,2025-03-20
600887,600887.SH,伊利股份,10004331,069001001001,016170,饮料乳品,1282,176144472507.35,175274778231.53,27.67,-2.329685845394,6365900705,6334469759,14.78103282,20.83844671,3.31223556,8.1024184,8.61271164,1.49510175,0.41365516,2025-03-21
600887,600887.SH,伊利股份,10004331,069001001001,016170,饮料乳品,1282,178308878747.05,177428497949.59,28.01,1.228767618359,6365900705,6334469759,14.96265736,21.09450279,3.35293524,8.20197829,8.71854185,1.51347308,0.41873802,2025-03-24
600887,600887.SH,伊利股份,10004331,069001001001,016170,饮料乳品,1282,180664262007.9,179772251760.42,28.38,1.320956801142,6365900705,6334469759,15.1603076,21.37315206,3.39722607,8.31032288,8.83371002,1.5334654,0.42426937,2025-03-25
600887,600887.SH,伊利股份,10004331,069001001001,016170,饮料乳品,1282,180027671937.4,179138804784.52,28.28,-0.352360817477,6365900705,6334469759,15.10688862,21.29784145,3.38525558,8.28104056,8.80258349,1.52806207,0.42277441,2025-03-26
600887,600887.SH,伊利股份,10004331,069001001001,016170,饮料乳品,1282,180855239029.05,179962285853.19,28.41,0.459688826025,6365900705,6334469759,15.1763333,21.39574525,3.40081722,8.31910758,8.84304798,1.5350864,0.42471786,2025-03-27
600887,600887.SH,伊利股份,10004331,069001001001,016170,饮料乳品,1282,179645717895.1,178758736598.98,28.22,-0.668778599085,6365900705,6334469759,15.07483723,21.25265508,3.37807328,8.26347117,8.78390757,1.52482007,0.42187743,2025-03-28
600887,600887.SH,伊利股份,10004331,069001001001,016170,饮料乳品,1282,178754491796.4,177871910832.72,28.08,-0.49610205528,6365900705,6334469759,15.00005065,21.14722022,3.06420749,8.22247592,8.74033042,1.51725541,0.41978449,2025-03-31
600887,600887.SH,伊利股份,10004331,069001001001,016170,饮料乳品,1282,178690832789.35,177808566135.13,28.07,-0.035612535613,6365900705,6334469759,14.99470875,21.13968916,3.06311625,8.21954768,8.73721777,1.51671507,0.419635,2025-04-01
600887,600887.SH,伊利股份,10004331,069001001001,016170,饮料乳品,1282,177226675627.2,176351638090.56,27.84,-0.819380121126,6365900705,6334469759,14.87184509,20.96647475,3.03801768,8.15219834,8.66562674,1.50428741,0.41619659,2025-04-02
600887,600887.SH,伊利股份,10004331,069001001001,016170,饮料乳品,1282,180091330944.45,179202149482.11,28.29,1.616379310345,6365900705,6334469759,15.11223051,21.30537251,3.08712357,8.28396879,8.80569614,1.5286024,0.4229239,2025-04-03
600887,600887.SH,伊利股份,10004331,069001001001,016170,饮料乳品,1282,175635200450.95,174768020650.81,27.59,-2.474372569813,6365900705,6334469759,14.73829763,20.77819822,3.01073663,8.07899254,8.58781041,1.49077908,0.41245919,2025-04-07
600887,600887.SH,伊利股份,10004331,069001001001,016170,饮料乳品,1282,182892327254.65,181989316176.07,28.73,4.131931859369,6365900705,6334469759,15.34727404,21.63673921,3.13513822,8.41281101,8.94265289,1.55237706,0.42950172,2025-04-08
600887,600887.SH,伊利股份,10004331,069001001001,016170,饮料乳品,1282,187985047818.65,187056891983.27,29.53,2.784545770971,6365900705,6334469759,15.77462591,22.23922412,3.22243758,8.64706958,9.19166515,1.59560371,0.4414614,2025-04-09
600887,600887.SH,伊利股份,10004331,069001001001,016170,饮料乳品,1282,188939932924.4,188007062447.12,29.68,0.507958008805,6365900705,6334469759,15.85475439,22.35219004,3.23880621,8.69099306,9.23835495,1.60370871,0.44370384,2025-04-10
600887,600887.SH,伊利股份,10004331,069001001001,016170,饮料乳品,1282,186202595621.25,185283240450.75,29.25,-1.448787061995,6365900705,6334469759,15.62505276,22.0283544,3.1918828,8.56507908,9.10451086,1.58047438,0.43727551,2025-04-11
600887,600887.SH,伊利股份,10004331,069001001001,016170,饮料乳品,1282,186584549663.55,185663308636.29,29.31,0.205128205128,6365900705,6334469759,15.65710415,22.07354077,3.19843026,8.58264847,9.12318678,1.58371638,0.43817249,2025-04-14
600887,600887.SH,伊利股份,10004331,069001001001,016170,饮料乳品,1282,187030162712.9,186106721519.42,29.38,0.238826339133,6365900705,6334469759,15.69449744,22.1262582,3.20606895,8.6031461,9.14497535,1.58749871,0.43921896,2025-04-15
600887,600887.SH,伊利股份,10004331,069001001001,016170,饮料乳品,1282,189067250938.5,188133751842.3,29.7,1.089176310415,6365900705,6334469759,15.86543819,22.36725216,3.24098869,8.69684953,9.24458026,1.60478937,0.44400283,2025-04-16
600887,600887.SH,伊利股份,10004331,069001001001,016170,饮料乳品,1282,188939932924.4,188007062447.12,29.68,-0.06734006734,6365900705,6334469759,15.85475439,22.35219004,3.23880621,8.69099306,9.23835495,1.60370871,0.44370384,2025-04-17
600887,600887.SH,伊利股份,10004331,069001001001,016170,饮料乳品,1282,188494319875.05,187563649563.99,29.61,-0.235849056604,6365900705,6334469759,15.8173611,22.29947261,3.23116752,8.67049544,9.21656638,1.59992638,0.44265736,2025-04-18
600887,600887.SH,伊利股份,10004331,069001001001,016170,饮料乳品,1282,185120392501.4,184206380591.72,29.08,-1.789935832489,6365900705,6334469759,15.53424049,21.90032636,3.17333169,8.51529913,9.05159575,1.57128872,0.43473408,2025-04-21
600887,600887.SH,伊利股份,10004331,069001001001,016170,饮料乳品,1282,184165507395.65,183256210127.87,28.93,-0.515818431912,6365900705,6334469759,15.45411201,21.78736044,3.15696306,8.47137565,9.00490595,1.56318372,0.43249164,2025-04-22
600887,600887.SH,伊利股份,10004331,069001001001,016170,饮料乳品,1282,184611120445.0,183699623011.0,29.0,0.241963359834,6365900705,6334469759,15.4915053,21.84007787,3.16460175,8.49187327,9.02669453,1.56696605,0.43353811,2025-04-23
600887,600887.SH,伊利股份,10004331,069001001001,016170,饮料乳品,1282,185502346543.7,184586448777.26,29.14,0.48275862069,6365900705,6334469759,15.56629188,21.94551273,3.17987914,8.53286852,9.07027167,1.57453072,0.43563106,2025-04-24
600887,600887.SH,伊利股份,10004331,069001001001,016170,饮料乳品,1282,184420143423.85,183509588918.23,28.97,-0.583390528483,6365900705,6334469759,15.4754796,21.81748468,3.16132803,8.48308858,9.01735657,1.56534506,0.43308963,2025-04-25
600887,600887.SH,伊利股份,10004331,069001001001,016170,饮料乳品,1282,182064760163.0,181165835107.4,28.6,-1.277183293062,6365900705,6334469759,15.27782936,21.53883541,3.12095208,8.37474399,8.90218839,1.54535273,0.42755828,2025-04-28
600887,600887.SH,伊利股份,10004331,069001001001,016170,饮料乳品,1282,183274281296.95,182369384361.61,28.79,0.664335664336,6365900705,6334469759,15.37932543,21.68192558,3.14168567,8.4303804,8.96132881,1.55561906,0.4303987,2025-04-29
600887,600887.SH,伊利股份,10004331,069001001001,016170,饮料乳品,1282,189449204980.8,188513820027.84,29.76,3.369225425495,6365900705,6334469759,25.58689545,22.41243853,3.24753615,8.71441892,9.27753003,1.63008406,0.4448998,2025-04-30
600887,600887.SH,伊利股份,10004331,069001001001,016170,饮料乳品,1282,189067250938.5,188133751842.3,29.7,-0.201612903226,6365900705,6334469759,25.53530897,22.36725216,3.24098869,8.69684953,9.25882533,1.6267976,0.44400283,2025-05-06
600887,600887.SH,伊利股份,10004331,069001001001,016170,饮料乳品,1282,188303342853.9,187373615471.22,29.58,-0.40404040404,6365900705,6334469759,25.432136,22.27687942,3.22789379,8.66171074,9.22141594,1.62022468,0.44220888,2025-05-07
600887,600887.SH,伊利股份,10004331,069001001001,016170,饮料乳品,1282,188048706825.7,187120236680.86,29.54,-0.135226504395,6365900705,6334469759,25.39774501,22.24675518,3.22352882,8.64999781,9.20894614,1.61803371,0.44161089,2025-05-08
600887,600887.SH,伊利股份,10004331,069001001001,016170,饮料乳品,1282,187921388811.6,186993547285.68,29.52,-0.067704807041,6365900705,6334469759,25.38054952,22.23169306,3.22134634,8.64414135,9.20271124,1.61693822,0.4413119,2025-05-09
600887,600887.SH,伊利股份,10004331,069001001001,016170,饮料乳品,1282,189958477037.2,189020577608.56,29.84,1.084010840108,6365900705,6334469759,25.65567742,22.47268702,3.25626608,8.73784478,9.30246963,1.63446601,0.44609577,2025-05-12
600887,600887.SH,伊利股份,10004331,069001001001,016170,饮料乳品,1282,189385545973.75,188450475330.25,29.75,-0.301608579088,6365900705,6334469759,25.5782977,22.40490747,3.2464449,8.71149069,9.27441258,1.62953632,0.44475031,2025-05-13
600887,600887.SH,伊利股份,10004331,069001001001,016170,饮料乳品,1282,190658726114.75,189717369282.05,29.95,0.672268907563,6365900705,6334469759,25.75025264,22.55552869,3.26826974,8.77005533,9.33676158,1.64049118,0.44774022,2025-05-14
600887,600887.SH,伊利股份,10004331,069001001001,016170,饮料乳品,1282,191422634199.35,190477505653.13,30.07,0.400667779633,6365900705,6334469759,25.85342561,22.64590143,3.28136465,8.80519412,9.37417097,1.6470641,0.44953418,2025-05-15
600887,600887.SH,伊利股份,10004331,069001001001,016170,饮料乳品,1282,190913362142.95,189970748072.41,29.99,-0.266045892917,6365900705,6334469759,25.78464363,22.58565294,3.27263471,8.78176826,9.34923137,1.64268216,0.44833821,2025-05-16
600887,600887.SH,伊利股份,10004331,069001001001,016170,饮料乳品,1282,190595067107.7,189654024584.46,29.94,-0.166722240747,6365900705,6334469759,25.7416549,22.54799763,3.2671785,8.7671271,9.33364413,1.63994344,0.44759073,2025-05-19
600887,600887.SH,伊利股份,10004331,069001001001,016170,饮料乳品,1282,193556036410.2,192594249462.6,30.6,2.204408817635,6325360667,6293929721,26.14156163,22.89828964,3.3179354,8.90332786,9.47864596,1.6654206,0.45454423,2025-05-20
600887,600887.SH,伊利股份,10004331,069001001001,016170,饮料乳品,1282,192290964276.8,191335463518.4,30.4,-0.653594771242,6325360667,6293929721,25.97070175,22.74862762,3.29624955,8.84513618,9.41669402,1.6545355,0.45157335,2025-05-21
600887,600887.SH,伊利股份,10004331,069001001001,016170,饮料乳品,1282,193303021983.52,192342492273.76,30.56,0.526315789474,6325360667,6293929721,26.10738965,22.86835724,3.31359823,8.89168953,9.46625557,1.66324358,0.45395005,2025-05-22
600887,600887.SH,伊利股份,10004331,069001001001,016170,饮料乳品,1282,193556036410.2,192594249462.6,30.6,0.130890052356,6325360667,6293929721,26.14156163,22.89828964,3.3179354,8.90332786,9.47864596,1.6654206,0.45454423,2025-05-23
600887,600887.SH,伊利股份,10004331,069001001001,016170,饮料乳品,1282,194694601330.26,193727156812.38,30.78,0.588235294118,6325360667,6293929721,26.29533552,23.03298546,3.33745267,8.95570038,9.5344027,1.6752172,0.45721802,2025-05-26
600887,600887.SH,伊利股份,10004331,069001001001,016170,饮料乳品,1282,193745797230.21,192783067354.23,30.63,-0.487329434698,6325360667,6293929721,26.16719061,22.92073894,3.32118828,8.91205662,9.48793875,1.66705337,0.45498986,2025-05-27
600887,600887.SH,伊利股份,10004331,069001001001,016170,饮料乳品,1282,195959673463.66,194985942756.58,30.98,1.142670584394,6325360667,6293929721,26.4661954,23.18264749,3.35913852,9.01389207,9.59635463,1.6861023,0.46018889,2025-05-28
600887,600887.SH,伊利股份,10004331,069001001001,016170,饮料乳品,1282,192354217883.47,191398402815.61,30.41,-1.839896707553,6325360667,6293929721,25.97924474,22.75611072,3.29733384,8.84804576,9.41979162,1.65507976,0.45172189,2025-05-29
600887,600887.SH,伊利股份,10004331,069001001001,016170,饮料乳品,1282,191658428210.1,190706070546.3,30.3,-0.361723117396,6325360667,6293929721,25.88527181,22.6737966,3.28540663,8.81604034,9.38571806,1.64909295,0.45008791,2025-05-30
600887,600887.SH,伊利股份,10004331,069001001001,016170,饮料乳品,1282,193366275590.19,192405431570.97,30.57,0.891089108911,6325360667,6293929721,26.11593264,22.87584034,3.31468253,8.89459911,9.46935317,1.66378784,0.4540986,2025-06-03
600887,600887.SH,伊利股份,10004331,069001001001,016170,饮料乳品,1282,193492782803.53,192531310165.39,30.59,0.065423617926,6325360667,6293929721,26.13301863,22.89080654,3.31685111,8.90041828,9.47554836,1.66487635,0.45439568,2025-06-04
600887,600887.SH,伊利股份,10004331,069001001001,016170,饮料乳品,1282,191025892143.4,190076677574.2,30.2,-1.274926446551,6325360667,6293929721,25.79984187,22.59896559,3.2745637,8.78694449,9.35474209,1.6436504,0.44860247,2025-06-05
600887,600887.SH,伊利股份,10004331,069001001001,016170,饮料乳品,1282,181284836716.22,180384025803.86,28.66,-1.104209799862,6325360667,6293929721,24.48422079,21.44656801,3.10758264,8.33886852,8.87771219,1.55983512,0.42572672,2025-06-06
600887,600887.SH,伊利股份,10004331,069001001001,016170,饮料乳品,1282,182170387209.6,181265175964.8,28.8,0.488485694348,6325360667,6293929721,24.60382271,21.55133143,3.12276273,8.3796027,8.92107855,1.56745469,0.42780633,2025-06-09
600887,600887.SH,伊利股份,10004331,069001001001,016170,饮料乳品,1282,180589047042.85,179691693534.55,28.55,-0.868055555556,6325360667,6293929721,24.39024786,21.3642539,3.09565542,8.30686309,8.84363863,1.55384831,0.42409273,2025-06-10
600887,600887.SH,伊利股份,10004331,069001001001,016170,饮料乳品,1282,179893257369.48,178999361265.24,28.44,-0.385288966725,6325360667,6293929721,24.29627492,21.28193978,3.0837282,8.27485766,8.80956507,1.5478615,0.42245875,2025-06-11
600887,600887.SH,伊利股份,10004331,069001001001,016170,饮料乳品,1282,178438424416.07,177551757429.41,28.21,-0.808720112518,6325360667,6293929721,24.09978606,21.10982846,3.05878947,8.20793722,8.73832034,1.53534364,0.41904224,2025-06-12
600887,600887.SH,伊利股份,10004331,069001001001,016170,饮料乳品,1282,177110098676.0,176230032188.0,28.0,-0.744416873449,6325360667,6293929721,23.92038319,20.95268333,3.03601932,8.14683595,8.67327081,1.52391428,0.41592282,2025-06-13
600887,600887.SH,伊利股份,10004331,069001001001,016170,饮料乳品,1282,177489620316.02,176607667971.26,28.06,0.214285714286,6325360667,6293929721,23.97164115,20.99758194,3.04252508,8.16429346,8.69185639,1.52717981,0.41681408,2025-06-16
600887,600887.SH,伊利股份,10004331,069001001001,016170,饮料乳品,1282,177552873922.69,176670607268.47,28.07,0.035637918746,6325360667,6293929721,23.98018414,21.00506504,3.04360937,8.16720304,8.69495399,1.52772406,0.41696263,2025-06-17
600887,600887.SH,伊利股份,10004331,069001001001,016170,饮料乳品,1282,176604069822.64,175726517810.32,27.92,-0.534378339865,6325360667,6293929721,23.85203923,20.89281852,3.02734498,8.12355928,8.64849004,1.51956024,0.41473447,2025-06-18
600887,600887.SH,伊利股份,10004331,069001001001,016170,饮料乳品,1282,175275744082.57,174404792568.91,27.71,-0.752148997135,6325360667,6293929721,23.67263636,20.7356734,3.00457484,8.06245801,8.58344051,1.50813088,0.41161505,2025-06-19
600887,600887.SH,伊利股份,10004331,069001001001,016170,饮料乳品,1282,176604069822.64,175726517810.32,27.92,0.757849151931,6325360667,6293929721,23.85203923,20.89281852,3.02734498,8.12355928,8.64849004,1.51956024,0.41473447,2025-06-20
600887,600887.SH,伊利股份,10004331,069001001001,016170,饮料乳品,1282,174390193589.19,173523642407.97,27.57,-1.253581661891,6325360667,6293929721,23.55303445,20.63090998,2.98939474,8.02172383,8.54007415,1.50051131,0.40953544,2025-06-23
600887,600887.SH,伊利股份,10004331,069001001001,016170,饮料乳品,1282,175022729655.89,174153035380.07,27.67,0.362713093943,6325360667,6293929721,23.63846438,20.70574099,3.00023767,8.05081967,8.57105012,1.50595386,0.41102087,2025-06-24
600887,600887.SH,伊利股份,10004331,069001001001,016170,饮料乳品,1282,175655265722.59,174782428352.17,27.77,0.361402240694,6325360667,6293929721,23.72389432,20.780572,3.01108059,8.07991552,8.60202609,1.51139641,0.41250631,2025-06-25
600887,600887.SH,伊利股份,10004331,069001001001,016170,饮料乳品,1282,177110098676.0,176230032188.0,28.0,0.828231904933,6325360667,6293929721,23.92038319,20.95268333,3.03601932,8.14683595,8.67327081,1.52391428,0.41592282,2025-06-26
600887,600887.SH,伊利股份,10004331,069001001001,016170,饮料乳品,1282,176604069822.64,175726517810.32,27.92,-0.285714285714,6325360667,6293929721,23.85203923,20.89281852,3.02734498,8.12355928,8.64849004,1.51956024,0.41473447,2025-06-27
600887,600887.SH,伊利股份,10004331,069001001001,016170,饮料乳品,1282,176351055395.96,175474760621.48,27.88,-0.143266475645,6325360667,6293929721,23.81786726,20.86288612,3.30864218,8.11192094,8.63609965,1.51738322,0.4141403,2025-06-30
600887,600887.SH,伊利股份,10004331,069001001001,016170,饮料乳品,1282,175022729655.89,174153035380.07,27.67,-0.753228120516,6325360667,6293929721,23.63846438,20.70574099,3.28372056,8.05081967,8.57105012,1.50595386,0.41102087,2025-07-01
600887,600887.SH,伊利股份,10004331,069001001001,016170,饮料乳品,1282,175908280149.27,175034185541.01,27.81,0.505963136971,6325360667,6293929721,23.7580663,20.81050441,3.30033498,8.09155385,8.61441647,1.51357343,0.41310049,2025-07-02
600887,600887.SH,伊利股份,10004331,069001001001,016170,饮料乳品,1282,175528758509.25,174656549757.75,27.75,-0.215749730313,6325360667,6293929721,23.70680834,20.7656058,3.29321451,8.07409635,8.59583089,1.5103079,0.41220923,2025-07-03
600887,600887.SH,伊利股份,10004331,069001001001,016170,饮料乳品,1282,175655265722.59,174782428352.17,27.77,0.072072072072,6325360667,6293929721,23.72389432,20.780572,3.295588,8.07991552,8.60202609,1.51139641,0.41250631,2025-07-04
600887,600887.SH,伊利股份,10004331,069001001001,016170,饮料乳品,1282,173125121455.79,172264856463.77,27.37,-1.440403312928,6325360667,6293929721,23.38217457,20.48124796,3.24811824,7.96353215,8.47812222,1.48962621,0.40656456,2025-07-07
600887,600887.SH,伊利股份,10004331,069001001001,016170,饮料乳品,1282,173884164735.83,173020128030.29,27.49,0.438436244063,6325360667,6293929721,23.48469049,20.57104517,3.26235917,7.99844716,8.51529338,1.49615727,0.40834708,2025-07-08
600887,600887.SH,伊利股份,10004331,069001001001,016170,饮料乳品,1282,175149236869.23,174278913974.49,27.69,0.727537286286,6325360667,6293929721,23.65555037,20.72070719,3.28609405,8.05663884,8.57724531,1.50704237,0.41131796,2025-07-09
600887,600887.SH,伊利股份,10004331,069001001001,016170,饮料乳品,1282,174959476049.22,174090096082.86,27.66,-0.108342361863,6325360667,6293929721,23.62992139,20.69825789,3.28253382,8.04791009,8.56795252,1.50540961,0.41087233,2025-07-10
600887,600887.SH,伊利股份,10004331,069001001001,016170,饮料乳品,1282,175149236869.23,174278913974.49,27.69,0.108459869848,6325360667,6293929721,23.65555037,20.72070719,3.28609405,8.05663884,8.57724531,1.50704237,0.41131796,2025-07-11
600887,600887.SH,伊利股份,10004331,069001001001,016170,饮料乳品,1282,173884164735.83,173020128030.29,27.49,-0.722282412423,6325360667,6293929721,23.48469049,20.57104517,3.26235917,7.99844716,8.51529338,1.49615727,0.40834708,2025-07-14
600887,600887.SH,伊利股份,10004331,069001001001,016170,饮料乳品,1282,173188375062.46,172327795760.98,27.38,-0.400145507457,6325360667,6293929721,23.39071756,20.48873106,3.24930499,7.96644173,8.48121981,1.49017046,0.4067131,2025-07-15
600887,600887.SH,伊利股份,10004331,069001001001,016170,饮料乳品,1282,174073925555.84,173208945921.92,27.52,0.511322132944,6325360667,6293929721,23.51031948,20.59349447,3.2659194,8.00717591,8.52458617,1.49779003,0.40879272,2025-07-16
600887,600887.SH,伊利股份,10004331,069001001001,016170,饮料乳品,1282,177742634742.7,176859425160.1,28.1,2.107558139535,6325360667,6293929721,24.00581313,21.02751434,3.33475055,8.1759318,8.70424678,1.52935683,0.41740826,2025-07-17
600887,600887.SH,伊利股份,10004331,069001001001,016170,饮料乳品,1282,177552873922.69,176670607268.47,28.07,-0.106761565836,6325360667,6293929721,23.98018414,21.00506504,3.33119032,8.16720304,8.69495399,1.52772406,0.41696263,2025-07-18
600887,600887.SH,伊利股份,10004331,069001001001,016170,饮料乳品,1282,178311917202.73,177425878834.99,28.19,0.427502671892,6325360667,6293929721,24.08270007,21.09486225,3.34543125,8.20211806,8.73212515,1.53425513,0.41874516,2025-07-21
600887,600887.SH,伊利股份,10004331,069001001001,016170,饮料乳品,1282,179450482122.79,178558786184.77,28.37,0.638524299397,6325360667,6293929721,24.23647396,21.22955807,3.36679264,8.25449057,8.78788189,1.54405172,0.42141894,2025-07-22
600887,600887.SH,伊利股份,10004331,069001001001,016170,饮料乳品,1282,178944453269.43,178055271807.09,28.29,-0.281988015509,6325360667,6293929721,24.16813001,21.16969327,3.35729869,8.2312139,8.76310111,1.53969768,0.42023059,2025-07-23
600887,600887.SH,伊利股份,10004331,069001001001,016170,饮料乳品,1282,178628185236.08,177740575321.04,28.24,-0.176740897844,6325360667,6293929721,24.12541504,21.13227776,3.35136497,8.21666598,8.74761313,1.5369764,0.41948787,2025-07-24
600887,600887.SH,伊利股份,10004331,069001001001,016170,饮料乳品,1282,176034787362.61,175160064135.43,27.83,-1.451841359773,6325360667,6293929721,23.77515229,20.82547061,3.30270846,8.09737302,8.62061167,1.51466194,0.41339758,2025-07-25
600887,600887.SH,伊利股份,10004331,069001001001,016170,饮料乳品,1282,175402251295.91,174530671163.33,27.73,-0.359324469996,6325360667,6293929721,23.68972235,20.7506396,3.29084102,8.06827718,8.5896357,1.50921939,0.41191214,2025-07-28
600887,600887.SH,伊利股份,10004331,069001001001,016170,饮料乳品,1282,174073925555.84,173208945921.92,27.52,-0.757302560404,6325360667,6293929721,23.51031948,20.59349447,3.2659194,8.00717591,8.52458617,1.49779003,0.40879272,2025-07-29
600887,600887.SH,伊利股份,10004331,069001001001,016170,饮料乳品,1282,176351055395.96,175474760621.48,27.88,1.308139534884,6325360667,6293929721,23.81786726,20.86288612,3.30864218,8.11192094,8.63609965,1.51738322,0.4141403,2025-07-30
600887,600887.SH,伊利股份,10004331,069001001001,016170,饮料乳品,1282,173378135882.47,172516613652.61,27.41,-1.685796269727,6325360667,6293929721,23.41634654,20.51118036,3.25286522,7.97517048,8.4905126,1.49180323,0.40715873,2025-07-31
600887,600887.SH,伊利股份,10004331,069001001001,016170,饮料乳品,1282,174010671949.17,173146006624.71,27.51,0.364830353885,6325360667,6293929721,23.50177648,20.58601137,3.26473266,8.00426633,8.52148857,1.49724578,0.40864417,2025-08-01
600887,600887.SH,伊利股份,10004331,069001001001,016170,饮料乳品,1282,173820911129.16,172957188733.08,27.48,-0.109051254089,6325360667,6293929721,23.4761475,20.56356207,3.26117242,7.99553757,8.51219578,1.49561301,0.40819854,2025-08-04
600887,600887.SH,伊利股份,10004331,069001001001,016170,饮料乳品,1282,174263686375.85,173397763813.55,27.55,0.254730713246,6325360667,6293929721,23.53594846,20.61594378,3.26947963,8.01590466,8.53387896,1.4994228,0.40923835,2025-08-05
600887,600887.SH,伊利股份,10004331,069001001001,016170,饮料乳品,1282,174390193589.19,173523642407.97,27.57,0.072595281307,6325360667,6293929721,23.55303445,20.63090998,3.27185312,8.02172383,8.54007415,1.50051131,0.40953544,2025-08-06
600887,600887.SH,伊利股份,10004331,069001001001,016170,饮料乳品,1282,174390193589.19,173523642407.97,27.57,0.0,6325360667,6293929721,23.55303445,20.63090998,3.27185312,8.02172383,8.54007415,1.50051131,0.40953544,2025-08-07
600887,600887.SH,伊利股份,10004331,069001001001,016170,饮料乳品,1282,172682346209.1,171824281383.3,27.3,-0.979325353645,6325360667,6293929721,23.32237361,20.42886625,3.23981103,7.94316506,8.45643904,1.48581642,0.40552475,2025-08-08
600887,600887.SH,伊利股份,10004331,069001001001,016170,饮料乳品,1282,174390193589.19,173523642407.97,27.57,0.989010989011,6325360667,6293929721,23.55303445,20.63090998,3.27185312,8.02172383,8.54007415,1.50051131,0.40953544,2025-08-11
600887,600887.SH,伊利股份,10004331,069001001001,016170,饮料乳品,1282,173757657522.49,172894249435.87,27.47,-0.362713093943,6325360667,6293929721,23.46760451,20.55607897,3.25998568,7.99262799,8.50909818,1.49506876,0.40805,2025-08-12
600887,600887.SH,伊利股份,10004331,069001001001,016170,饮料乳品,1282,173820911129.16,172957188733.08,27.48,0.036403349108,6325360667,6293929721,23.4761475,20.56356207,3.26117242,7.99553757,8.51219578,1.49561301,0.40819854,2025-08-13
600887,600887.SH,伊利股份,10004331,069001001001,016170,饮料乳品,1282,172049810142.4,171194888411.2,27.2,-1.018922852984,6325360667,6293929721,23.23694367,20.35403524,3.22794359,7.91406921,8.42546307,1.48037387,0.40403931,2025-08-14
600887,600887.SH,伊利股份,10004331,069001001001,016170,饮料乳品,1282,171796795715.72,170943131222.36,27.16,-0.147058823529,6325360667,6293929721,23.20277169,20.32410283,3.22319662,7.90243088,8.41307269,1.47819685,0.40344514,2025-08-15
600887,600887.SH,伊利股份,10004331,069001001001,016170,饮料乳品,1282,172049810142.4,171194888411.2,27.2,0.147275405007,6325360667,6293929721,23.23694367,20.35403524,3.22794359,7.91406921,8.42546307,1.48037387,0.40403931,2025-08-18
600887,600887.SH,伊利股份,10004331,069001001001,016170,饮料乳品,1282,172113063749.07,171257827708.41,27.21,0.036764705882,6325360667,6293929721,23.24548666,20.36151834,3.22913034,7.9169788,8.42856067,1.48091813,0.40418786,2025-08-19
600887,600887.SH,伊利股份,10004331,069001001001,016170,饮料乳品,1282,173694403915.82,172831310138.66,27.46,0.918779860345,6325360667,6293929721,23.45906151,20.54859587,3.25879894,7.9897184,8.50600059,1.4945245,0.40790145,2025-08-20
600887,600887.SH,伊利股份,10004331,069001001001,016170,饮料乳品,1282,174832968835.88,173964217488.44,27.64,0.655498907502,6325360667,6293929721,23.6128354,20.68329169,3.28016033,8.04209092,8.56175733,1.5043211,0.41057524,2025-08-21
600887,600887.SH,伊利股份,10004331,069001001001,016170,饮料乳品,1282,175149236869.23,174278913974.49,27.69,0.180897250362,6325360667,6293929721,23.65555037,20.72070719,3.28609405,8.05663884,8.57724531,1.50704237,0.41131796,2025-08-22
600887,600887.SH,伊利股份,10004331,069001001001,016170,饮料乳品,1282,178185409989.39,177300000240.57,28.17,1.733477789816,6325360667,6293929721,24.06561408,21.07989605,3.34305776,8.19629889,8.72592995,1.53316662,0.41844807,2025-08-25
600887,600887.SH,伊利股份,10004331,069001001001,016170,饮料乳品,1282,179197467696.11,178307028995.93,28.33,0.567980120696,6325360667,6293929721,24.20230199,21.19962567,3.36204566,8.24285224,8.7754915,1.5418747,0.42082477,2025-08-26
600887,600887.SH,伊利股份,10004331,069001001001,016170,饮料乳品,1282,175908280149.27,175034185541.01,27.81,-1.835510060007,6325360667,6293929721,23.7580663,20.81050441,3.30033498,8.09155385,8.61441647,1.51357343,0.41310049,2025-08-27
600887,600887.SH,伊利股份,10004331,069001001001,016170,饮料乳品,1282,175149236869.23,174278913974.49,27.69,-0.431499460626,6325360667,6293929721,23.65555037,20.72070719,3.28609405,8.05663884,8.57724531,1.50704237,0.41131796,2025-08-28
600887,600887.SH,伊利股份,10004331,069001001001,016170,饮料乳品,1282,180715554256.19,179817572128.97,28.57,3.178042614662,6325360667,6293929721,22.24957239,21.3792201,3.39052752,8.31268226,9.3256121,1.53412064,0.42438982,2025-08-29
600887,600887.SH,伊利股份,10004331,069001001001,016170,饮料乳品,1282,178817946056.09,177929393212.67,28.27,-1.050052502625,6325360667,6293929721,22.0159402,21.15472706,3.3549252,8.22539473,9.22768827,1.51801157,0.41993351,2025-09-01
600887,600887.SH,伊利股份,10004331,069001001001,016170,饮料乳品,1282,178754692449.42,177866453915.46,28.26,-0.035373187124,6325360667,6293929721,22.00815246,21.14724396,3.35373845,8.22248515,9.22442415,1.5174746,0.41978496,2025-09-02
600887,600887.SH,伊利股份,10004331,069001001001,016170,饮料乳品,1282,176540816215.97,175663578513.11,27.91,-1.238499646143,6325360667,6293929721,21.73558157,20.88533542,3.31220242,8.1206497,9.11017969,1.49868068,0.41458593,2025-09-03
600887,600887.SH,伊利股份,10004331,069001001001,016170,饮料乳品,1282,178122156382.72,177237060943.36,28.16,0.895736295235,6325360667,6293929721,21.93027507,21.07241295,3.34187101,8.1933893,9.19178287,1.51210491,0.41829952,2025-09-04
600887,600887.SH,伊利股份,10004331,069001001001,016170,饮料乳品,1282,178248663596.06,177362939537.78,28.18,0.071022727273,6325360667,6293929721,21.94585055,21.08737915,3.3442445,8.19920847,9.19831113,1.51317885,0.41859661,2025-09-05
600887,600887.SH,伊利股份,10004331,069001001001,016170,饮料乳品,1282,178438424416.07,177551757429.41,28.21,0.106458481192,6325360667,6293929721,21.96921376,21.10982846,3.34780473,8.20793722,9.20810351,1.51478975,0.41904224,2025-09-08
600887,600887.SH,伊利股份,10004331,069001001001,016170,饮料乳品,1282,180652300649.52,179754632831.76,28.56,1.240694789082,6325360667,6293929721,22.24178466,21.371737,3.38934077,8.30977267,9.32234797,1.53358367,0.42424128,2025-09-09
600887,600887.SH,伊利股份,10004331,069001001001,016170,饮料乳品,1282,179830003762.81,178936421968.03,28.43,-0.455182072829,6325360667,6293929721,22.14054404,21.27445668,3.3739131,8.27194808,9.27991431,1.52660307,0.42231021,2025-09-10
600887,600887.SH,伊利股份,10004331,069001001001,016170,饮料乳品,1282,181664358356.24,180761661587.12,28.72,1.020049243757,6325360667,6293929721,22.36638849,21.49146662,3.40832868,8.35632602,9.37457401,1.54217518,0.42661798,2025-09-11
600887,600887.SH,伊利股份,10004331,069001001001,016170,饮料乳品,1282,178691438842.75,177803514618.25,28.25,-1.636490250696,6325360667,6293929721,22.00036472,21.13976086,3.35255171,8.21957556,9.22116002,1.51693763,0.41963642,2025-09-12
600887,600887.SH,伊利股份,10004331,069001001001,016170,饮料乳品,1282,178564931629.41,177677636023.83,28.23,-0.070796460177,6325360667,6293929721,21.98478924,21.12479466,3.35017822,8.21375639,9.21463176,1.51586369,0.41933933,2025-09-15
600887,600887.SH,伊利股份,10004331,069001001001,016170,饮料乳品,1282,177616127529.36,176733546565.68,28.08,-0.531349628055,6325360667,6293929721,21.86797315,21.01254814,3.33237706,8.17011263,9.16566985,1.50780916,0.41711117,2025-09-16
600887,600887.SH,伊利股份,10004331,069001001001,016170,饮料乳品,1282,177616127529.36,176733546565.68,28.08,0.0,6325360667,6293929721,21.86797315,21.01254814,3.33237706,8.17011263,9.16566985,1.50780916,0.41711117,2025-09-17
600887,600887.SH,伊利股份,10004331,069001001001,016170,饮料乳品,1282,175592012115.92,174719489054.96,27.76,-1.139601139601,6325360667,6293929721,21.61876548,20.7730889,3.29440126,8.07700593,9.06121777,1.49062615,0.41235777,2025-09-18
600887,600887.SH,伊利股份,10004331,069001001001,016170,饮料乳品,1282,175212490475.9,174341853271.7,27.7,-0.21613832853,6325360667,6293929721,21.57203904,20.7281903,3.28728079,8.05954843,9.04163301,1.48740433,0.41146651,2025-09-19
600887,600887.SH,伊利股份,10004331,069001001001,016170,饮料乳品,1282,174263686375.85,173397763813.55,27.55,-0.541516245487,6325360667,6293929721,21.45522294,20.61594378,3.26947963,8.01590466,8.9926711,1.47934979,0.40923835,2025-09-22
600887,600887.SH,伊利股份,10004331,069001001001,016170,饮料乳品,1282,173188375062.46,172327795760.98,27.38,-0.617059891107,6325360667,6293929721,21.32283137,20.48873106,3.24930499,7.96644173,8.93718093,1.47022132,0.4067131,2025-09-23
600887,600887.SH,伊利股份,10004331,069001001001,016170,饮料乳品,1282,173378135882.47,172516613652.61,27.41,0.109569028488,6325360667,6293929721,21.34619459,20.51118036,3.25286522,7.97517048,8.94697331,1.47183223,0.40715873,2025-09-24
600887,600887.SH,伊利股份,10004331,069001001001,016170,饮料乳品,1282,170594977188.99,169747284575.37,26.97,-1.605253557096,6325360667,6293929721,21.00353404,20.18192391,3.20064848,7.84714877,8.80335171,1.44820559,0.4006228,2025-09-25
600887,600887.SH,伊利股份,10004331,069001001001,016170,饮料乳品,1282,172429331782.42,171572524194.46,27.26,1.075268817204,6325360667,6293929721,21.22937849,20.39893384,3.23506406,7.93152672,8.8980114,1.46377769,0.40493058,2025-09-26
600887,600887.SH,伊利股份,10004331,069001001001,016170,饮料乳品,1282,171986556535.73,171131949113.99,27.19,-0.256786500367,6325360667,6293929721,21.17486431,20.34655213,3.22675685,7.91115963,8.87516251,1.46001891,0.40389077,2025-09-29
600887,600887.SH,伊利股份,10004331,069001001001,016170,饮料乳品,1282,172555838995.76,171698402788.88,27.28,0.331004045605,6325360667,6293929721,21.24495397,20.41390005,3.06435702,7.93734589,8.90453966,1.46485163,0.40522766,2025-09-30
600887,600887.SH,伊利股份,10004331,069001001001,016170,饮料乳品,1282,174769715229.21,173901278191.23,27.63,1.282991202346,6325360667,6293929721,21.51752486,20.67580859,3.10367245,8.03918134,9.01878412,1.48364555,0.4104267,2025-10-09
600887,600887.SH,伊利股份,10004331,069001001001,016170,饮料乳品,1282,175528758509.25,174656549757.75,27.75,0.43431053203,6325360667,6293929721,21.61097774,20.7656058,3.11715203,8.07409635,9.05795365,1.49008918,0.41220923,2025-10-10
600887,600887.SH,伊利股份,10004331,069001001001,016170,饮料乳品,1282,174263686375.85,173397763813.55,27.55,-0.720720720721,6325360667,6293929721,21.45522294,20.61594378,3.09468607,8.01590466,8.9926711,1.47934979,0.40923835,2025-10-13
600887,600887.SH,伊利股份,10004331,069001001001,016170,饮料乳品,1282,175149236869.23,174278913974.49,27.69,0.508166969147,6325360667,6293929721,21.5642513,20.72070719,3.11041224,8.05663884,9.03836888,1.48686736,0.41131796,2025-10-14
600887,600887.SH,伊利股份,10004331,069001001001,016170,饮料乳品,1282,174896222442.55,174027156785.65,27.65,-0.144456482485,6325360667,6293929721,21.53310034,20.69077479,3.10591905,8.0450005,9.02531237,1.48471949,0.41072379,2025-10-15
600887,600887.SH,伊利股份,10004331,069001001001,016170,饮料乳品,1282,175908280149.27,175034185541.01,27.81,0.578661844485,6325360667,6293929721,21.65770418,20.81050441,3.12389182,8.09155385,9.07753841,1.49331099,0.41310049,2025-10-16
600887,600887.SH,伊利股份,10004331,069001001001,016170,饮料乳品,1282,172998614242.45,172138977869.35,27.35,-1.654081265732,6325360667,6293929721,21.29946815,20.46628175,3.07222011,7.95771298,8.92738855,1.46861041,0.40626747,2025-10-17
600887,600887.SH,伊利股份,10004331,069001001001,016170,饮料乳品,1282,173757657522.49,172894249435.87,27.47,0.438756855576,6325360667,6293929721,21.39292103,20.55607897,3.08569969,7.99262799,8.96655808,1.47505404,0.40805,2025-10-20
600887,600887.SH,伊利股份,10004331,069001001001,016170,饮料乳品,1282,173378135882.47,172516613652.61,27.41,-0.218420094649,6325360667,6293929721,21.34619459,20.51118036,3.0789599,7.97517048,8.94697331,1.47183223,0.40715873,2025-10-21
600887,600887.SH,伊利股份,10004331,069001001001,016170,饮料乳品,1282,172366078175.75,171509584897.25,27.25,-0.583728566217,6325360667,6293929721,21.22159075,20.39145074,3.06098713,7.92861713,8.89474727,1.46324072,0.40478203,2025-10-22
600887,600887.SH,伊利股份,10004331,069001001001,016170,饮料乳品,1282,173125121455.79,172264856463.77,27.37,0.440366972477,6325360667,6293929721,21.31504363,20.48124796,3.07446671,7.96353215,8.9339168,1.46968435,0.40656456,2025-10-23
600887,600887.SH,伊利股份,10004331,069001001001,016170,饮料乳品,1282,172555838995.76,171698402788.88,27.28,-0.328827183047,6325360667,6293929721,21.24495397,20.41390005,3.06435702,7.93734589,8.90453966,1.46485163,0.40522766,2025-10-24
600887,600887.SH,伊利股份,10004331,069001001001,016170,饮料乳品,1282,173378135882.47,172516613652.61,27.41,0.476539589443,6325360667,6293929721,21.34619459,20.51118036,3.0789599,7.97517048,8.94697331,1.47183223,0.40715873,2025-10-27
600887,600887.SH,伊利股份,10004331,069001001001,016170,饮料乳品,1282,172492585389.09,171635463491.67,27.27,-0.51076249544,6325360667,6293929721,21.23716623,20.40641694,3.06323373,7.9344363,8.90127553,1.46431466,0.40507912,2025-10-28
600887,600887.SH,伊利股份,10004331,069001001001,016170,饮料乳品,1282,171923302929.06,171069009816.78,27.18,-0.3300330033,6325360667,6293929721,21.16707657,20.33906903,3.05312404,7.90825004,8.87189838,1.45948194,0.40374222,2025-10-29
600887,600887.SH,伊利股份,10004331,069001001001,016170,饮料乳品,1282,173061867849.12,172201917166.56,27.36,0.662251655629,6325360667,6293929721,21.30725589,20.47376485,3.07334341,7.96062256,8.93065268,1.46914738,0.40641601,2025-10-30
600887,600887.SH,伊利股份,10004331,069001001001,016170,饮料乳品,1282,173378135882.47,172516613652.61,27.41,0.182748538012,6325360667,6293929721,21.64390734,20.51118036,3.0789599,7.97517048,10.03927167,1.47802681,0.40715873,2025-10-31
600887,600887.SH,伊利股份,10004331,069001001001,016170,饮料乳品,1282,173631150309.15,172768370841.45,27.45,0.145932141554,6325360667,6293929721,21.67549276,20.54111277,3.08345309,7.98680882,10.05392219,1.48018373,0.40775291,2025-11-03
600887,600887.SH,伊利股份,10004331,069001001001,016170,饮料乳品,1282,171227513255.69,170376677547.47,27.07,-1.384335154827,6325360667,6293929721,21.37543129,20.25675492,3.04076776,7.87624462,9.91474221,1.45969302,0.40210824,2025-11-04
600887,600887.SH,伊利股份,10004331,069001001001,016170,饮料乳品,1282,172366078175.75,171509584897.25,27.25,0.664942741042,6325360667,6293929721,21.51756567,20.39145074,3.06098713,7.92861713,9.98066957,1.46939915,0.40478203,2025-11-05
600887,600887.SH,伊利股份,10004331,069001001001,016170,饮料乳品,1282,172176317355.74,171320767005.62,27.22,-0.110091743119,6325360667,6293929721,21.49387661,20.36900144,3.05761724,7.91988838,9.96968168,1.46778146,0.4043364,2025-11-06
600887,600887.SH,伊利股份,10004331,069001001001,016170,饮料乳品,1282,172619092602.43,171761342086.09,27.29,0.25716385011,6325360667,6293929721,21.54915109,20.42138315,3.06548032,7.94025547,9.99532009,1.47155606,0.40537621,2025-11-07
600887,600887.SH,伊利股份,10004331,069001001001,016170,饮料乳品,1282,178817946056.09,177929393212.67,28.27,3.591058995969,6325360667,6293929721,22.32299382,21.15472706,3.17556353,8.22539473,10.35425794,1.52440051,0.41993351,2025-11-10
600887,600887.SH,伊利股份,10004331,069001001001,016170,饮料乳品,1282,179323974909.45,178432907590.35,28.35,0.282985496993,6325360667,6293929721,22.38616465,21.21459187,3.18454991,8.2486714,10.38355898,1.52871434,0.42112186,2025-11-11
600887,600887.SH,伊利股份,10004331,069001001001,016170,饮料乳品,1282,180146271796.16,179251118454.08,28.48,0.458553791887,6325360667,6293929721,22.48881726,21.31187219,3.19915279,8.286496,10.43117319,1.53572432,0.42305293,2025-11-12
600887,600887.SH,伊利股份,10004331,069001001001,016170,饮料乳品,1282,180778807862.86,179880511426.18,28.58,0.351123595506,6325360667,6293929721,22.5677808,21.3867032,3.21038577,8.31559184,10.4677995,1.54111661,0.42453837,2025-11-13
600887,600887.SH,伊利股份,10004331,069001001001,016170,饮料乳品,1282,179323974909.45,178432907590.35,28.35,-0.804758572428,6325360667,6293929721,22.38616465,21.21459187,3.18454991,8.2486714,10.38355898,1.52871434,0.42112186,2025-11-14
600887,600887.SH,伊利股份,10004331,069001001001,016170,饮料乳品,1282,180715554256.19,179817572128.97,28.57,0.776014109347,6325360667,6293929721,22.55988445,21.3792201,3.20926247,8.31268226,10.46413687,1.54057738,0.42438982,2025-11-17
600887,600887.SH,伊利股份,10004331,069001001001,016170,饮料乳品,1282,186724646889.84,185796805363.92,29.52,3.325166258313,6325360667,6293929721,23.31003811,22.09011471,3.31597578,8.58909276,10.81208682,1.59180414,0.43850149,2025-11-18
600887,600887.SH,伊利股份,10004331,069001001001,016170,饮料乳品,1282,187104168529.86,186174441147.18,29.58,0.20325203252,6325360667,6293929721,23.35741624,22.13501332,3.32271557,8.60655027,10.8340626,1.59503951,0.43939275,2025-11-19
600887,600887.SH,伊利股份,10004331,069001001001,016170,饮料乳品,1282,185965603609.8,185041533797.4,29.4,-0.608519269777,6325360667,6293929721,23.21528186,22.0003175,3.30249621,8.55417775,10.76813524,1.58533339,0.43671896,2025-11-20
600887,600887.SH,伊利股份,10004331,069001001001,016170,饮料乳品,1282,184067995409.7,183153354881.1,29.1,-1.020408163265,6325360667,6293929721,22.97839123,21.77582446,3.26879726,8.46689022,10.65825631,1.56915652,0.43226265,2025-11-21
600887,600887.SH,伊利股份,10004331,069001001001,016170,饮料乳品,1282,182866176882.97,181957508234.11,28.91,-0.652920962199,6325360667,6293929721,22.8283605,21.63364554,3.2474546,8.41160812,10.58866632,1.55891117,0.42944031,2025-11-24
600887,600887.SH,伊利股份,10004331,069001001001,016170,饮料乳品,1282,184447517049.72,183530990664.36,29.16,0.864752680733,6325360667,6293929721,23.02576935,21.82072307,3.27553705,8.48434773,10.6802321,1.57239189,0.43315391,2025-11-25
600887,600887.SH,伊利股份,10004331,069001001001,016170,饮料乳品,1282,184574024263.06,183656869258.78,29.18,0.068587105624,6325360667,6293929721,23.04156206,21.83568927,3.27778365,8.4901669,10.68755736,1.57347035,0.433451,2025-11-26
600887,600887.SH,伊利股份,10004331,069001001001,016170,饮料乳品,1282,183751727376.35,182838658395.05,29.05,-0.445510623715,6325360667,6293929721,22.93890946,21.73840896,3.26318077,8.4523423,10.63994316,1.56646038,0.43151993,2025-11-27
600887,600887.SH,伊利股份,10004331,069001001001,016170,饮料乳品,1282,185839096396.46,184915655202.98,29.38,1.135972461274,6325360667,6293929721,23.19948915,21.98535129,3.30024961,8.54835858,10.76080998,1.58425493,0.43642188,2025-11-28
600887,600887.SH,伊利股份,10004331,069001001001,016170,饮料乳品,1282,186155364429.81,185230351689.03,29.43,0.170183798502,6325360667,6293929721,23.23897092,22.0227668,3.3058661,8.5629065,10.77912314,1.58695108,0.43716459,2025-12-01
600887,600887.SH,伊利股份,10004331,069001001001,016170,饮料乳品,1282,185649335576.45,184726837311.35,29.35,-0.271831464492,6325360667,6293929721,23.17580009,21.96290199,3.29687972,8.53962983,10.74982209,1.58263725,0.43597624,2025-12-02
600887,600887.SH,伊利股份,10004331,069001001001,016170,饮料乳品,1282,185143306723.09,184223322933.67,29.27,-0.272572402044,6325360667,6293929721,23.11262925,21.90303718,3.28789333,8.51635316,10.72052104,1.57832341,0.43478789,2025-12-03
600887,600887.SH,伊利股份,10004331,069001001001,016170,饮料乳品,1282,183372205736.33,182461022611.79,28.99,-0.956610864366,6325360667,6293929721,22.89153133,21.69351035,3.25644099,8.4348848,10.61796737,1.563225,0.43062866,2025-12-04
600887,600887.SH,伊利股份,10004331,069001001001,016170,饮料乳品,1282,182929430489.64,182020447531.32,28.92,-0.241462573301,6325360667,6293929721,22.83625685,21.64112864,3.2485779,8.41451771,10.59232895,1.5594504,0.42958886,2025-12-05
600887,600887.SH,伊利股份,10004331,069001001001,016170,饮料乳品,1282,182423401636.28,181516933153.64,28.84,-0.276625172891,6325360667,6293929721,22.77308601,21.58126383,3.23959152,8.39124103,10.56302791,1.55513657,0.42840051,2025-12-08
600887,600887.SH,伊利股份,10004331,069001001001,016170,饮料乳品,1282,181917372782.92,181013418775.96,28.76,-0.277392510402,6325360667,6293929721,22.70991518,21.52139902,3.23060513,8.36796436,10.53372686,1.55082273,0.42721216,2025-12-09
600887,600887.SH,伊利股份,10004331,069001001001,016170,饮料乳品,1282,180652300649.52,179754632831.76,28.56,-0.695410292072,6325360667,6293929721,22.55198809,21.371737,3.20813917,8.30977267,10.46047424,1.54003815,0.42424128,2025-12-10
600887,600887.SH,伊利股份,10004331,069001001001,016170,饮料乳品,1282,179576989336.13,178684664779.19,28.39,-0.595238095238,6325360667,6293929721,22.41775007,21.24452428,3.1890431,8.26030974,10.39820951,1.53087126,0.42171603,2025-12-11
600887,600887.SH,伊利股份,10004331,069001001001,016170,饮料乳品,1282,181537851142.9,180635782992.7,28.7,1.0919337795,6325360667,6293929721,22.66253705,21.47650041,3.22386534,8.35050685,10.51175107,1.54758736,0.42632089,2025-12-12
600887,600887.SH,伊利股份,10004331,069001001001,016170,饮料乳品,1282,182360148029.61,181453993856.43,28.83,0.452961672474,6325360667,6293929721,22.76518966,21.57378073,3.23846822,8.38833145,10.55936527,1.55459734,0.42825196,2025-12-15
600887,600887.SH,伊利股份,10004331,069001001001,016170,饮料乳品,1282,183119191309.65,182209265422.95,28.95,0.416233090531,6325360667,6293929721,22.85994591,21.66357794,3.25194779,8.42324646,10.60331685,1.56106808,0.43003449,2025-12-16
600887,600887.SH,伊利股份,10004331,069001001001,016170,饮料乳品,1282,182486655242.95,181579872450.85,28.85,1.33473832104,6325360667,6293929721,22.78098237,21.58874693,3.24071481,8.39415062,10.56669054,1.55567579,0.42854905,2025-12-17
600887,600887.SH,伊利股份,10004331,069001001001,016170,饮料乳品,1282,183245698522.99,182335144017.37,28.97,0.415944540728,6325360667,6293929721,22.87573862,21.67854415,3.25419439,8.42906563,10.61064211,1.56214654,0.43033158,2025-12-18
600887,600887.SH,伊利股份,10004331,069001001001,016170,饮料乳品,1282,184574024263.06,183656869258.78,29.18,0.724887814981,6325360667,6293929721,23.04156206,21.83568927,3.27778365,8.4901669,10.68755736,1.57347035,0.433451,2025-12-19
600887,600887.SH,伊利股份,10004331,069001001001,016170,饮料乳品,1282,184067995409.7,183153354881.1,29.1,-0.274160383825,6325360667,6293929721,22.97839123,21.77582446,3.26879726,8.46689022,10.65825631,1.56915652,0.43226265,2025-12-22
600887,600887.SH,伊利股份,10004331,069001001001,016170,饮料乳品,1282,182992684096.31,182083386828.53,28.93,-0.584192439863,6325360667,6293929721,22.8441532,21.64861174,3.2497012,8.41742729,10.59599158,1.55998963,0.4297374,2025-12-23
600887,600887.SH,伊利股份,10004331,069001001001,016170,饮料乳品,1282,182676416062.96,181768690342.48,28.88,-0.17283097131,6325360667,6293929721,22.80467143,21.61119624,3.24408471,8.40287937,10.57767843,1.55729348,0.42899468,2025-12-24
600887,600887.SH,伊利股份,10004331,069001001001,016170,饮料乳品,1282,184700531476.4,183782747853.2,29.2,1.108033240997,6325360667,6293929721,23.05735477,21.85065547,3.28003024,8.49598607,10.69488262,1.57454881,0.43374809,2025-12-25
600887,600887.SH,伊利股份,10004331,069001001001,016170,饮料乳品,1282,184067995409.7,183153354881.1,29.1,-0.342465753425,6325360667,6293929721,22.97839123,21.77582446,3.26879726,8.46689022,10.65825631,1.56915652,0.43226265,2025-12-26
600887,600887.SH,伊利股份,10004331,069001001001,016170,饮料乳品,1282,182613162456.29,181705751045.27,28.87,-0.790378006873,6325360667,6293929721,22.79677508,21.60371313,3.24296141,8.39996979,10.5740158,1.55675425,0.42884614,2025-12-29
600887,600887.SH,伊利股份,10004331,069001001001,016170,饮料乳品,1282,181474597536.23,180572843695.49,28.69,-0.623484586076,6325360667,6293929721,22.6546407,21.46901731,3.22274205,8.34759727,10.50808844,1.54704813,0.42617235,2025-12-30
600887,600887.SH,伊利股份,10004331,069001001001,016170,饮料乳品,1282,180905315076.2,180006390020.6,28.6,-0.313698152666,6325360667,6293929721,22.58357351,15.64225773,3.30990814,12.61198535,10.47512476,1.54219507,0.42483545,2025-12-31
600887,600887.SH,伊利股份,10004331,069001001001,016170,饮料乳品,1282,180968568682.87,180069329317.81,28.61,0.034965034965,6325360667,6293929721,22.59146986,15.64772705,3.31106546,12.61639513,10.47878739,1.5427343,0.424983993781,2026-01-05
600887,600887.SH,伊利股份,10004331,069001001001,016170,饮料乳品,1282,181031822289.54,180132268615.02,28.62,0.034952813702,6325360667,6293929721,22.59936622,15.65319637,3.31222277,12.62080492,10.48245002,1.54327353,0.425132537751,2026-01-06
600887,600887.SH,伊利股份,10004331,069001001001,016170,饮料乳品,1282,179766750156.14,178873482670.82,28.42,-0.698812019567,6325360667,6293929721,22.44143913,15.54380996,3.28907656,12.53260922,10.4091974,1.53248895,0.422161660431,2026-01-07
600887,600887.SH,伊利股份,10004331,069001001001,016170,饮料乳品,1282,172429331782.42,171572524194.46,27.26,-4.081632653061,6325360667,6293929721,21.52546202,14.90936873,3.15482853,12.02107415,9.9843322,1.46993838,0.4049305722,2026-01-08
600887,600887.SH,伊利股份,10004331,069001001001,016170,饮料乳品,1282,175085983262.56,174215974677.28,27.68,1.540719002201,6325360667,6293929721,21.85710891,15.13908021,3.20343558,12.20628512,10.13816271,1.492586,0.411169414591,2026-01-09
600887,600887.SH,伊利股份,10004331,069001001001,016170,饮料乳品,1282,175465504902.58,174593610460.54,27.74,0.21676300578,6325360667,6293929721,21.90448703,15.17189614,3.21037944,12.23274383,10.16013849,1.49582137,0.412060677655,2026-01-12
600887,600887.SH,伊利股份,10004331,069001001001,016170,饮料乳品,1282,174137179162.51,173271885219.13,27.53,-0.757029560202,6325360667,6293929721,21.73866359,15.0570404,3.18607592,12.14013835,10.08322324,1.48449756,0.408941256554,2026-01-13
600887,600887.SH,伊利股份,10004331,069001001001,016170,饮料乳品,1282,173314882275.8,172453674355.4,27.4,-0.472212132219,6325360667,6293929721,21.63601098,14.98593923,3.17103088,12.08281114,10.03560904,1.47748758,0.407010186268,2026-01-14
600887,600887.SH,伊利股份,10004331,069001001001,016170,饮料乳品,1282,172176317355.74,171320767005.62,27.22,-0.656934306569,6325360667,6293929721,21.49387661,14.88749145,3.15019929,12.00343501,9.96968168,1.46778146,0.404336396886,2026-01-15
600887,600887.SH,伊利股份,10004331,069001001001,016170,饮料乳品,1282,170594977188.99,169747284575.37,26.97,-0.918442321822,6325360667,6293929721,21.29646775,14.75075843,3.12126653,11.89319038,9.8781159,1.45430073,0.400622800283,2026-01-16
600887,600887.SH,伊利股份,10004331,069001001001,016170,饮料乳品,1282,171354020469.03,170502556141.89,27.09,0.444938820912,6325360667,6293929721,21.391224,14.81639028,3.13515425,11.9461078,9.92206747,1.46077148,0.4024053266,2026-01-19
600887,600887.SH,伊利股份,10004331,069001001001,016170,饮料乳品,1282,171923302929.06,171069009816.78,27.18,0.332225913621,6325360667,6293929721,21.46229119,14.86561417,3.14557005,11.98579587,9.95503115,1.46562454,0.403742221385,2026-01-20
600887,600887.SH,伊利股份,10004331,069001001001,016170,饮料乳品,1282,169772680302.28,168929073711.64,26.84,-1.250919793966,6325360667,6293929721,21.19381514,14.67965726,3.10622149,11.83586317,9.8305017,1.44729076,0.398691729997,2026-01-21
600887,600887.SH,伊利股份,10004331,069001001001,016170,饮料乳品,1282,169582919482.27,168740255820.01,26.81,-0.111773472429,6325360667,6293929721,21.17012608,14.66324929,3.10274956,11.82263382,9.81951381,1.44567307,0.398246098465,2026-01-22
600887,600887.SH,伊利股份,10004331,069001001001,016170,饮料乳品,1282,169646173088.94,168803195117.22,26.82,0.037299515106,6325360667,6293929721,21.17802243,14.66871861,3.10390687,11.8270436,9.82317644,1.4462123,0.398394642246,2026-01-23
600887,600887.SH,伊利股份,10004331,069001001001,016170,饮料乳品,1282,168760622595.56,167922044956.28,26.68,-0.521998508576,6325360667,6293929721,21.06747347,14.59214812,3.08770452,11.76530661,9.7718996,1.43866309,0.396315028179,2026-01-26
600887,600887.SH,伊利股份,10004331,069001001001,016170,饮料乳品,1282,166799760788.79,165970926742.77,26.37,-1.16191904048,6325360667,6293929721,20.82268648,14.42259917,3.05182789,11.62860327,9.65835804,1.42194699,0.391710168323,2026-01-27
600887,600887.SH,伊利股份,10004331,069001001001,016170,饮料乳品,1282,165344927835.38,164523322906.94,26.14,-0.872203261282,6325360667,6293929721,20.64107033,14.29680479,3.02520975,11.52717822,9.57411753,1.40954472,0.388293659471,2026-01-28
600887,600887.SH,伊利股份,10004331,069001001001,016170,饮料乳品,1282,169709426695.61,168866134414.43,26.83,2.639632746748,6325360667,6293929721,21.18591879,14.67418794,3.10506418,11.83145339,9.82683907,1.44675153,0.398543186216,2026-01-29
600887,600887.SH,伊利股份,10004331,069001001001,016170,饮料乳品,1282,166609999968.78,165782108851.14,26.34,-1.826313827805,6325360667,6293929721,20.79899742,14.40619121,3.04835596,11.61537392,9.64737015,1.4203293,0.391264536791,2026-01-30
600887,600887.SH,伊利股份,10004331,069001001001,016170,饮料乳品,1282,167305789642.15,166474441120.45,26.45,0.41761579347,6325360667,6293929721,20.88585732,14.46635374,3.06108638,11.66388156,9.68765909,1.42626082,0.392898519326,2026-02-02
600887,600887.SH,伊利股份,10004331,069001001001,016170,饮料乳品,1282,168254593742.2,167418530578.6,26.6,0.567107750473,6325360667,6293929721,21.00430263,14.54839356,3.07844604,11.73002833,9.74259855,1.43434926,0.395126677175,2026-02-03
600887,600887.SH,伊利股份,10004331,069001001001,016170,饮料乳品,1282,170847991615.67,169999041764.21,27.01,1.541353383459,6325360667,6293929721,21.32805316,14.77263571,3.12589577,11.91082952,9.89276643,1.45645765,0.401216975597,2026-02-04
600887,600887.SH,伊利股份,10004331,069001001001,016170,饮料乳品,1282,172113063749.07,171257827708.41,27.21,0.740466493891,6325360667,6293929721,21.48598025,14.88202213,3.14904198,11.99902522,9.96601905,1.46724223,0.404187852917,2026-02-05
600887,600887.SH,伊利股份,10004331,069001001001,016170,饮料乳品,1282,171290766862.36,170439616844.68,27.08,-0.47776552738,6325360667,6293929721,21.38332764,14.81092096,3.13399694,11.94169802,9.91840484,1.46023225,0.402256782631,2026-02-06
600887,600887.SH,伊利股份,10004331,069001001001,016170,饮料乳品,1282,171290766862.36,170439616844.68,27.08,0.0,6325360667,6293929721,21.38332764,14.81092096,3.13399694,11.94169802,9.91840484,1.46023225,0.402256782631,2026-02-09
600887,600887.SH,伊利股份,10004331,069001001001,016170,饮料乳品,1282,169203397842.25,168362620036.75,26.75,-1.218611521418,6325360667,6293929721,21.12274795,14.63043337,3.0958057,11.79617511,9.79753802,1.4424377,0.397354835212,2026-02-10
600887,600887.SH,伊利股份,10004331,069001001001,016170,饮料乳品,1282,169962441122.29,169117891603.27,26.87,0.448598130841,6325360667,6293929721,21.2175042,14.69606522,3.10969342,11.84909253,9.84148959,1.44890844,0.399137361529,2026-02-11
600887,600887.SH,伊利股份,10004331,069001001001,016170,饮料乳品,1282,168317847348.87,167481469875.81,26.61,-0.967621883141,6325360667,6293929721,21.01219899,14.55386288,3.07960335,11.73443812,9.74626118,1.43488849,0.395275221145,2026-02-12
600887,600887.SH,伊利股份,10004331,069001001001,016170,饮料乳品,1282,167495550462.16,166663259012.08,26.48,-0.488538143555,6325360667,6293929721,20.90954638,14.4827617,3.06455831,11.67711091,9.69864698,1.42787851,0.393344150859,2026-02-13
600887,600887.SH,伊利股份,10004331,069001001001,016170,饮料乳品,1282,166799760788.79,165970926742.77,26.37,-0.415407854985,6325360667,6293929721,20.82268648,14.42259917,3.05182789,11.62860327,9.65835804,1.42194699,0.391710168323,2026-02-24
600887,600887.SH,伊利股份,10004331,069001001001,016170,饮料乳品,1282,166356985542.1,165530351662.3,26.3,-0.265453166477,6325360667,6293929721,20.767412,14.38431393,3.04372672,11.59773478,9.63271962,1.41817239,0.390670361289,2026-02-25
600887,600887.SH,伊利股份,10004331,069001001001,016170,饮料乳品,1282,165218420622.04,164397444312.52,26.12,-0.684410646388,6325360667,6293929721,20.62527762,14.28586615,3.02289513,11.51835865,9.56679226,1.40846627,0.38799657172,2026-02-26
600887,600887.SH,伊利股份,10004331,069001001001,016170,饮料乳品,1282,164965406195.36,164145687123.68,26.08,-0.153139356815,6325360667,6293929721,20.59369221,14.26398887,3.01826589,11.50071951,9.55214174,1.40630935,0.387402396407,2026-02-27
600887,600887.SH,伊利股份,10004331,069001001001,016170,饮料乳品,1282,164459377342.0,163642172746.0,26.0,-0.306748466258,6325360667,6293929721,20.53052137,14.2202343,3.0090074,11.46544123,9.52284069,1.40199552,0.386214045403,2026-03-02
600887,600887.SH,伊利股份,10004331,069001001001,016170,饮料乳品,1282,164016602095.31,163201597665.53,25.93,-0.269230769231,6325360667,6293929721,20.47524689,14.18194906,3.00090623,11.43457273,9.49720227,1.39822091,0.385174238369,2026-03-03
600887,600887.SH,伊利股份,10004331,069001001001,016170,饮料乳品,1282,162055740288.54,161250479452.02,25.62,-1.195526417277,6325360667,6293929721,20.23045991,14.01240011,2.9650296,11.29786939,9.38366071,1.38150481,0.380569378702,2026-03-04
600887,600887.SH,伊利股份,10004331,069001001001,016170,饮料乳品,1282,162372008321.89,161565175938.07,25.67,0.195160031226,6325360667,6293929721,20.26994168,14.03974671,2.97081616,11.31991832,9.40197387,1.38420096,0.381312097985,2026-03-05
600887,600887.SH,伊利股份,10004331,069001001001,016170,饮料乳品,1282,165787703082.07,164963897987.41,26.21,2.103622906116,6325360667,6293929721,20.69634481,14.33509004,3.03331093,11.55804671,9.59975594,1.41331933,0.389333466505,2026-03-06
600887,600887.SH,伊利股份,10004331,069001001001,016170,饮料乳品,1282,166230478328.76,165404473067.88,26.28,0.267073636017,6325360667,6293929721,20.75161929,14.37337529,3.0414121,11.58891521,9.62539436,1.41709393,0.390373273538,2026-03-09
600887,600887.SH,伊利股份,10004331,069001001001,016170,饮料乳品,1282,166989521608.8,166159744634.4,26.4,0.456621004566,6325360667,6293929721,20.84637555,14.43900714,3.05529983,11.64183263,9.66934593,1.42356468,0.392155800043,2026-03-10
600887,600887.SH,伊利股份,10004331,069001001001,016170,饮料乳品,1282,167242536035.48,166411501823.24,26.44,0.151515151515,6325360667,6293929721,20.87796096,14.46088442,3.05992907,11.65947177,9.68399646,1.42572159,0.392749975357,2026-03-11
600887,600887.SH,伊利股份,10004331,069001001001,016170,饮料乳品,1282,168950383415.57,168110862847.91,26.71,1.021180030257,6325360667,6293929721,21.09116253,14.60855608,3.09117645,11.77853597,9.78288749,1.44028078,0.396760659711,2026-03-12
600887,600887.SH,伊利股份,10004331,069001001001,016170,饮料乳品,1282,168950383415.57,168110862847.91,26.71,0.0,6325360667,6293929721,21.09116253,14.60855608,3.09117645,11.77853597,9.78288749,1.44028078,0.396760659711,2026-03-13
600887,600887.SH,伊利股份,10004331,069001001001,016170,饮料乳品,1282,169772680302.28,168929073711.64,26.84,0.486709097716,6325360667,6293929721,21.19381514,14.67965726,3.10622149,11.83586317,9.8305017,1.44729076,0.398691729997,2026-03-16
600887,600887.SH,伊利股份,10004331,069001001001,016170,饮料乳品,1282,169962441122.29,169117891603.27,26.87,0.111773472429,6325360667,6293929721,21.2175042,14.69606522,3.10969342,11.84909253,9.84148959,1.44890844,0.399137361529,2026-03-17
600887,600887.SH,伊利股份,10004331,069001001001,016170,饮料乳品,1282,168760622595.56,167922044956.28,26.68,-0.707108299218,6325360667,6293929721,21.06747347,14.59214812,3.08770452,11.76530661,9.7718996,1.43866309,0.396315028179,2026-03-18
600887,600887.SH,伊利股份,10004331,069001001001,016170,饮料乳品,1282,167242536035.48,166411501823.24,26.44,-0.899550224888,6325360667,6293929721,20.87796096,14.46088442,3.05992907,11.65947177,9.68399646,1.42572159,0.392749975357,2026-03-19
600887,600887.SH,伊利股份,10004331,069001001001,016170,饮料乳品,1282,166926268002.13,166096805337.19,26.39,-0.189107413011,6325360667,6293929721,20.83847919,14.43353782,3.05414252,11.63742285,9.6656833,1.42302545,0.392007256074,2026-03-20
600887,600887.SH,伊利股份,10004331,069001001001,016170,饮料乳品,1282,161233443401.83,160432268588.29,25.49,-3.410382720728,6325360667,6293929721,20.1278073,13.94129894,2.94998457,11.24054219,9.33604651,1.37449484,0.378638308416,2026-03-23
600887,600887.SH,伊利股份,10004331,069001001001,016170,饮料乳品,1282,162561769141.9,161753993829.7,25.7,0.823852491173,6325360667,6293929721,20.29363074,14.05615468,2.97428809,11.33314767,9.41296176,1.38581865,0.381757729517,2026-03-24
600887,600887.SH,伊利股份,10004331,069001001001,016170,饮料乳品,1282,163700334061.96,162886901179.48,25.88,0.700389105058,6325360667,6293929721,20.43576512,14.15460245,2.99511968,11.41252381,9.47888912,1.39552477,0.384431519086,2026-03-25
600887,600887.SH,伊利股份,10004331,069001001001,016170,饮料乳品,1282,164143109308.65,163327476259.95,25.95,0.270479134467,6325360667,6293929721,20.4910396,14.1928877,3.00322085,11.4433923,9.50452754,1.39929937,0.38547132612,2026-03-26
600887,600887.SH,伊利股份,10004331,069001001001,016170,饮料乳品,1282,165471435048.72,164649201501.36,26.16,0.809248554913,6325360667,6293929721,20.65686304,14.30774344,3.02752437,11.53599779,9.58144279,1.41062318,0.388590747222,2026-03-27
600887,600887.SH,伊利股份,10004331,069001001001,016170,饮料乳品,1282,166989521608.8,166159744634.4,26.4,0.917431192661,6325360667,6293929721,20.84637555,14.43900714,3.05529983,11.64183263,9.66934593,1.42356468,0.392155800043,2026-03-30
600887,600887.SH,伊利股份,10004331,069001001001,016170,饮料乳品,1282,166673253575.45,165845048148.35,26.35,-0.189393939394,6325360667,6293929721,20.80689378,14.41166053,2.79708873,11.6197837,9.65103278,1.42086853,0.39141308076,2026-03-31
600887,600887.SH,伊利股份,10004331,069001001001,016170,饮料乳品,1282,166546746362.11,165719169553.93,26.33,-0.075901328273,6325360667,6293929721,20.79110107,14.40072189,2.7949657,11.61096413,9.64370752,1.41979008,0.39111599301,2026-04-01
600887,600887.SH,伊利股份,10004331,069001001001,016170,饮料乳品,1282,167179282428.81,166348562526.03,26.43,0.379794910748,6325360667,6293929721,20.87006461,14.4554151,2.80558084,11.65506199,9.68033383,1.42518237,0.392601431576,2026-04-02
600887,600887.SH,伊利股份,10004331,069001001001,016170,饮料乳品,1282,166420239148.77,165593290959.51,26.31,-0.454029511918,6325360667,6293929721,20.77530836,14.38978325,2.79284267,11.60214456,9.63638225,1.41871162,0.390818905259,2026-04-03
600887,600887.SH,伊利股份,10004331,069001001001,016170,饮料乳品,1282,166546746362.11,165719169553.93,26.33,0.076016723679,6325360667,6293929721,20.79110107,14.40072189,2.7949657,11.61096413,9.64370752,1.41979008,0.39111599301,2026-04-07
600887,600887.SH,伊利股份,10004331,069001001001,016170,饮料乳品,1282,167242536035.48,166411501823.24,26.44,0.417774401823,6325360667,6293929721,20.87796096,14.46088442,2.80664235,11.65947177,9.68399646,1.42572159,0.392749975357,2026-04-08
600887,600887.SH,伊利股份,10004331,069001001001,016170,饮料乳品,1282,165218420622.04,164397444312.52,26.12,-1.210287443268,6325360667,6293929721,20.62527762,14.28586615,2.77267391,11.51835865,9.56679226,1.40846627,0.38799657172,2026-04-09
600887,600887.SH,伊利股份,10004331,069001001001,016170,饮料乳品,1282,165344927835.38,164523322906.94,26.14,0.076569678407,6325360667,6293929721,20.64107033,14.29680479,2.77479694,11.52717822,9.57411753,1.40954472,0.388293659471,2026-04-10
600887,600887.SH,伊利股份,10004331,069001001001,016170,饮料乳品,1282,164206362915.32,163390415557.16,25.96,-0.688599846978,6325360667,6293929721,20.49893595,14.19835702,2.75568969,11.44780209,9.50819017,1.3998386,0.385619869902,2026-04-13
600887,600887.SH,伊利股份,10004331,069001001001,016170,饮料乳品,1282,164396123735.33,163579233448.79,25.99,0.115562403698,6325360667,6293929721,20.52262502,14.21476498,2.75887423,11.46103144,9.51917806,1.40145629,0.386065501622,2026-04-14
600887,600887.SH,伊利股份,10004331,069001001001,016170,饮料乳品,1282,162498515535.23,161691054532.49,25.69,-1.154290111581,6325360667,6293929721,20.28573439,14.05068535,2.72702882,11.32873789,9.40929913,1.38527942,0.381609185736,2026-04-15
600887,600887.SH,伊利股份,10004331,069001001001,016170,饮料乳品,1282,161929233075.2,161124600857.6,25.6,-0.350330868042,6325360667,6293929721,20.2146672,14.00146147,2.7174752,11.28904982,9.37633545,1.38042635,0.380272290951,2026-04-16
600887,600887.SH,伊利股份,10004331,069001001001,016170,饮料乳品,1282,160600907335.13,159802875616.19,25.39,-0.8203125,6325360667,6293929721,20.04884376,13.88660573,2.69518341,11.19644434,9.2994202,1.36910254,0.37715286985,2026-04-17
600887,600887.SH,伊利股份,10004331,069001001001,016170,饮料乳品,1282,161359950615.17,160558147182.71,25.51,0.472627018511,6325360667,6293929721,20.14360001,13.95223758,2.70792157,11.24936176,9.34337177,1.37557329,0.378935396167,2026-04-20
600887,600887.SH,伊利股份,10004331,069001001001,016170,饮料乳品,1282,161676218648.52,160872843668.76,25.56,0.196001568013,6325360667,6293929721,20.18308178,13.97958418,2.71322914,11.27141068,9.36168493,1.37826944,0.37967811545,2026-04-21
600887,600887.SH,伊利股份,10004331,069001001001,016170,饮料乳品,1282,159968371268.43,159173482644.09,25.29,-1.056338028169,6325360667,6293929721,19.96988021,13.83191252,2.68456827,11.15234649,9.26279389,1.36371025,0.375667431096,2026-04-22
600887,600887.SH,伊利股份,10004331,069001001001,016170,饮料乳品,1282,159841864055.09,159047604049.67,25.27,-0.07908264136,6325360667,6293929721,19.9540875,13.82097388,2.68244524,11.14352692,9.25546863,1.3626318,0.375370343345,2026-04-23
600887,600887.SH,伊利股份,10004331,069001001001,016170,饮料乳品,1282,159715356841.75,158921725455.25,25.25,-0.0791452315,6325360667,6293929721,19.93829479,13.81003524,2.68032222,11.13470735,9.24814336,1.36155334,0.375073255594,2026-04-24
600887,600887.SH,伊利股份,10004331,069001001001,016170,饮料乳品,1282,159715356841.75,158921725455.25,25.25,0.0,6325360667,6293929721,19.93829479,13.81003524,2.68032222,11.13470735,9.24814336,1.36155334,0.375073255594,2026-04-27
600887,600887.SH,伊利股份,10004331,069001001001,016170,饮料乳品,1282,161233443401.83,160432268588.29,25.49,0.950495049505,6325360667,6293929721,20.1278073,13.94129894,2.70579854,11.24054219,9.33604651,1.37449484,0.378638308416,2026-04-28
600887,600887.SH,伊利股份,10004331,069001001001,016170,饮料乳品,1282,168064832922.19,167229712686.97,26.57,4.23695566889,6325360667,6293929721,20.98061357,14.53198559,2.82044203,11.71679898,9.73161066,1.43273157,0.394681045643,2026-04-29
600887,600887.SH,伊利股份,10004331,069001001001,016170,饮料乳品,1282,173694403915.82,172831310138.66,27.46,3.349642453895,6325360667,6293929721,14.37187827,15.01875515,2.91491675,12.10926985,10.13948894,1.47526419,0.270359488036,2026-04-30
600887,600887.SH,伊利股份,10004331,069001001001,016170,饮料乳品,1282,173631150309.15,172768370841.45,27.45,-0.036416605972,6325360667,6293929721,14.36664451,15.01328583,2.91385524,12.10486006,10.13579648,1.47472695,0.270261032103,2026-05-06
600887,600887.SH,伊利股份,10004331,069001001001,016170,饮料乳品,1282,174137179162.51,173271885219.13,27.53,0.291438979964,6325360667,6293929721,14.40851452,15.0570404,2.92234735,12.14013835,10.16533614,1.47902488,0.271048678245,2026-05-07
600887,600887.SH,伊利股份,10004331,069001001001,016170,饮料乳品,1282,174073925555.84,173208945921.92,27.52,-0.036324010171,6325360667,6293929721,14.40328077,15.05157108,2.92128584,12.13572856,10.16164368,1.47848764,0.270950222501,2026-05-08
600887,600887.SH,伊利股份,10004331,069001001001,016170,饮料乳品,1282,177489620316.02,176607667971.26,28.06,1.962209302326,6325360667,6293929721,14.68590328,15.3469144,2.97860758,12.37385695,10.3610364,1.50749866,0.276266832875,2026-05-11
600887,600887.SH,伊利股份,10004331,069001001001,016170,饮料乳品,1282,177173352282.67,176292971485.21,28.01,-0.178189593728,6325360667,6293929721,14.65973453,15.3195678,2.97330001,12.35180803,10.34257411,1.50481245,0.275774554154,2026-05-12
600887,600887.SH,伊利股份,10004331,069001001001,016170,饮料乳品,1282,176477562609.3,175600639215.9,27.9,-0.392716886826,6325360667,6293929721,14.60216328,15.25940527,2.96162336,12.30330039,10.30195708,1.4989028,0.274691540968,2026-05-13
600887,600887.SH,伊利股份,10004331,069001001001,016170,饮料乳品,1282,175718519329.26,174845367649.38,27.78,-0.430107526882,6325360667,6293929721,14.53935827,15.19377342,2.94888519,12.25038297,10.25764758,1.4924559,0.27351007185,2026-05-14
600887,600887.SH,伊利股份,10004331,069001001001,016170,饮料乳品,1282,174643208015.87,173775399596.81,27.61,-0.611951043916,6325360667,6293929721,14.45038452,15.10079496,2.93083946,12.17541663,10.1948758,1.48332281,0.271836324199,2026-05-15
600887,600887.SH,伊利股份,10004331,069001001001,016170,饮料乳品,1282,172619092602.43,171761342086.09,27.29,-1.159000362188,6325360667,6293929721,14.28290451,14.9257767,2.89687102,12.0343035,10.07671716,1.46613109,0.268685740196,2026-05-18
600887,600887.SH,伊利股份,10004331,069001001001,016170,饮料乳品,1282,172239570962.41,171383706302.83,27.23,-0.219860754855,6325360667,6293929721,14.25150201,14.89296077,2.89050194,12.00784479,10.05456241,1.46290764,0.268095005731,2026-05-19
600887,600887.SH,伊利股份,10004331,069001001001,016170,饮料乳品,1282,171543781289.04,170691374033.52,27.12,-0.403966213735,6325360667,6293929721,14.19393076,14.83279824,2.87882529,11.95933716,10.01394537,1.45699799,0.267011992545,2026-05-20
600887,600887.SH,伊利股份,10004331,069001001001,016170,饮料乳品,1282,169266651448.92,168425559333.96,26.76,-1.327433628319,6325360667,6293929721,14.00551575,14.63590269,2.84061079,11.80058489,9.8810169,1.43765731,0.263467585566,2026-05-21
600887,600887.SH,伊利股份,10004331,069001001001,016170,饮料乳品,1282,165724449475.4,164900958690.2,26.2,-2.092675635277,6325360667,6293929721,13.71242573,14.32962072,2.78116602,11.55363693,9.67423926,1.4075718,0.257954063515,2026-05-22
600887,600887.SH,伊利股份,10004331,069001001001,016170,饮料乳品,1282,166167224722.09,165341533770.67,26.27,0.267175572519,6325360667,6293929721,13.74906198,14.36790597,2.78859662,11.58450542,9.70008647,1.41133249,0.258643253724,2026-05-25
600887,600887.SH,伊利股份,10004331,069001001001,016170,饮料乳品,1282,168128086528.86,167292651984.18,26.58,1.180053292729,6325360667,6293929721,13.91130824,14.53745491,2.82150354,11.72120876,9.81455266,1.42798697,0.261695381982,2026-05-26
600887,600887.SH,伊利股份,10004331,069001001001,016170,饮料乳品,1282,168381100955.54,167544409173.02,26.62,0.150489089541,6325360667,6293929721,13.93224324,14.5593322,2.8257496,11.7388479,9.82932249,1.43013593,0.262089204959,2026-05-27
600887,600887.SH,伊利股份,10004331,069001001001,016170,饮料乳品,1282,164459377342.0,163642172746.0,26.0,-2.329075882795,6325360667,6293929721,13.60775072,14.2202343,2.75993575,11.46544123,9.60039011,1.39682698,0.255984948443,2026-05-28
600887,600887.SH,伊利股份,10004331,069001001001,016170,饮料乳品,1282,170278709155.64,169432588089.32,26.92,3.538461538462,6325360667,6293929721,14.08925575,14.72341182,2.85759501,11.87114145,9.94009622,1.44625317,0.265042877473,2026-05-29
600887,600887.SH,伊利股份,10004331,069001001001,016170,饮料乳品,1282,170784738009.0,169936102467.0,27.0,0.297176820208,6325360667,6293929721,14.13112575,14.76716639,2.86608712,11.90641974,9.96963588,1.4505511,0.265830523427,2026-06-01
600887,600887.SH,伊利股份,10004331,069001001001,016170,饮料乳品,1282,169899187515.62,169054952306.06,26.86,-0.518518518519,6325360667,6293929721,14.05785325,14.6905959,2.85122593,11.84468274,9.91794147,1.44302972,0.264452143008,2026-06-02
600887,600887.SH,伊利股份,10004331,069001001001,016170,饮料乳品,1282,169013637022.24,168173802145.12,26.72,-0.521221146687,6325360667,6293929721,13.98458074,14.61402541,2.83636474,11.78294575,9.86624706,1.43550834,0.263073762401,2026-06-03
600887,600887.SH,伊利股份,10004331,069001001001,016170,饮料乳品,1282,168001579315.52,167166773389.76,26.56,-0.59880239521,6325360667,6293929721,13.90084074,14.52651627,2.81938052,11.71238919,9.80716774,1.42691248,0.261498470494,2026-06-04
600887,600887.SH,伊利股份,10004331,069001001001,016170,饮料乳品,1282,162372008321.89,161565175938.07,25.67,0.038971161341,6325360667,6293929721,13.43503697,14.03974671,2.72490579,11.31991832,9.478539,1.37909802,0.252735908885,2026-06-05
600887,600887.SH,伊利股份,10004331,069001001001,016170,饮料乳品,1282,160474400121.79,159676997021.77,25.37,-1.168679392287,6325360667,6293929721,13.27802446,13.87566709,2.69306038,11.18762477,9.36776527,1.36298079,0.249782236371,2026-06-08
600887,600887.SH,伊利股份,10004331,069001001001,016170,饮料乳品,1282,158893059955.04,158103514591.52,25.12,-0.985415845487,6325360667,6293929721,13.1471807,13.73893406,2.66652254,11.07738014,9.27545383,1.34954976,0.247320842578,2026-06-09
600887,600887.SH,伊利股份,10004331,069001001001,016170,饮料乳品,1282,161802725861.86,160998722263.18,25.58,1.831210191083,6325360667,6293929721,13.38793321,13.99052282,2.71535217,11.28023025,9.44530688,1.37426285,0.251849806999,2026-06-10
600887,600887.SH,伊利股份,10004331,069001001001,016170,饮料乳品,1282,161992486681.87,161187540154.81,25.61,0.117279124316,6325360667,6293929721,13.40363446,14.00693079,2.71853671,11.29345961,9.45638426,1.37587458,0.252145174232,2026-06-11
600887,600887.SH,伊利股份,10004331,069001001001,016170,饮料乳品,1282,162625022748.57,161816933126.91,25.71,0.390472471691,6325360667,6293929721,13.45597197,14.061624,2.72915185,11.33755746,9.49330883,1.38124699,0.253129731862,2026-06-12
600887,600887.SH,伊利股份,10004331,069001001001,016170,饮料乳品,1282,160727414548.47,159928754210.61,25.41,-1.166861143524,6325360667,6293929721,13.29895946,13.89754437,2.69730643,11.20526391,9.3825351,1.36512975,0.250176059348,2026-06-15
600887,600887.SH,伊利股份,10004331,069001001001,016170,饮料乳品,1282,156868944541.6,156089457080.8,24.8,-2.400629673357,6325360667,6293929721,12.97970069,13.5639158,2.6325541,10.93626702,9.15729518,1.33235804,0.244170258576,2026-06-16
600887,600887.SH,伊利股份,10004331,069001001001,016170,饮料乳品,1282,156046647654.89,155271246217.07,24.67,-0.524193548387,6325360667,6293929721,12.91166194,13.49281462,2.61875442,10.87893981,9.10929323,1.32537391,0.242890333901,2026-06-17
600887,600887.SH,伊利股份,10004331,069001001001,016170,饮料乳品,1282,153453249781.42,152690735031.46,24.26,-1.661937576003,6325360667,6293929721,12.69707818,13.26857247,2.57523235,10.69813862,8.95790246,1.30334702,0.238853648201,2026-06-18
600887,600887.SH,伊利股份,10004331,069001001001,016170,饮料乳品,1282,155793633228.21,155019489028.23,24.63,1.525144270404,6325360667,6293929721,12.89072694,13.47093734,2.61450836,10.86130067,9.0945234,1.32322494,0.242496510925,2026-06-22
600887,600887.SH,伊利股份,10004331,069001001001,016170,饮料乳品,1282,154718321914.82,153949520975.66,24.46,-0.690215184734,6325360667,6293929721,12.80175318,13.37795889,2.59646263,10.78633432,9.03175162,1.31409184,0.240822763085,2026-06-23
600887,600887.SH,伊利股份,10004331,069001001001,016170,饮料乳品,1282,154338800274.8,153571885192.4,24.4,-0.245298446443,6325360667,6293929721,12.77035068,13.34514296,2.59009355,10.75987561,9.00959687,1.3108684,0.24023202862,2026-06-24
600887,600887.SH,伊利股份,10004331,069001001001,016170,饮料乳品,1282,155667126014.87,154893610433.81,24.61,0.860655737705,6325360667,6293929721,12.88025944,13.4599987,2.61238534,10.8524811,9.08713848,1.32215046,0.242299599436,2026-06-25
600887,600887.SH,伊利股份,10004331,069001001001,016170,饮料乳品,1282,153516503388.09,152753674328.67,24.27,-1.381552214547,6325360667,6293929721,12.70231193,13.27404179,2.57629387,10.70254841,8.96159492,1.30388426,0.238952103945,2026-06-26
600887,600887.SH,伊利股份,10004331,069001001001,016170,饮料乳品,1282,155477365194.86,154704792542.18,24.58,1.277297074578,6325360667,6293929721,12.86455818,13.44359074,2.60920079,10.83925174,9.07606111,1.32053874,0.242004232015,2026-06-29
600887,600887.SH,伊利股份,10004331,069001001001,016170,饮料乳品,1282,151555641581.32,150802556115.16,23.96,-2.522375915378,6325360667,6293929721,12.54006567,13.10449284,2.54338694,10.56584507,8.84712873,1.28722979,0.235899975687,2026-06-30
600887,600887.SH,伊利股份,10004331,069001001001,016170,饮料乳品,1282,153769517814.77,153005431517.51,24.31,1.460767946578,6325360667,6293929721,12.72324693,13.29591907,2.58053992,10.72018755,8.97636475,1.30603323,0.239345926922,2026-07-01
600887,600887.SH,伊利股份,10004331,069001001001,016170,饮料乳品,1282,154655068308.15,153886581678.45,24.45,0.575894693542,6325360667,6293929721,12.79651943,13.37248956,2.59540112,10.78192454,9.02805916,1.3135546,0.240724307341,2026-07-02
600887,600887.SH,伊利股份,10004331,069001001001,016170,饮料乳品,1282,155603872408.2,154830671136.6,24.6,0.613496932515,6325360667,6293929721,12.87502569,13.45452938,2.61132382,10.84807131,9.08344603,1.32161322,0.242201143692,2026-07-03
600887,600887.SH,伊利股份,10004331,069001001001,016170,饮料乳品,1282,158576791921.69,157788818105.47,25.07,1.910569105691,6325360667,6293929721,13.12101195,13.71158746,2.66121497,11.05533121,9.25699154,1.34686355,0.246828563857,2026-07-06
600887,600887.SH,伊利股份,10004331,069001001001,016170,饮料乳品,1282,158576791921.69,157788818105.47,25.07,0.0,6325360667,6293929721,13.12101195,13.71158746,2.66121497,11.05533121,9.25699154,1.34686355,0.246828563857,2026-07-07
600887,600887.SH,伊利股份,10004331,069001001001,016170,饮料乳品,1282,159525596021.74,158732907563.62,25.22,0.598324690866,6325360667,6293929721,13.1995182,13.79362727,2.67713767,11.12147799,9.3123784,1.35492217,0.24830540002,2026-07-08
600887,600887.SH,伊利股份,10004331,069001001001,016170,饮料乳品,1282,157185212574.95,156404153566.85,24.85,-1.46708961142,6325360667,6293929721,13.00586944,13.5912624,2.63786167,10.95831594,9.17575747,1.33504425,0.244662537297,2026-07-09
600887,600887.SH,伊利股份,10004331,069001001001,016170,饮料乳品,1282,157374973394.96,156592971458.48,24.88,0.120724346076,6325360667,6293929721,13.02157069,13.60767036,2.64104621,10.9715453,9.18683484,1.33665597,0.244957904529,2026-07-10
600887,600887.SH,伊利股份,10004331,069001001001,016170,饮料乳品,1282,158323777495.01,157537060916.63,25.03,0.602893890675,6325360667,6293929721,13.10007695,13.68971018,2.65696891,11.03769207,9.24222171,1.34471459,0.24643474088,2026-07-13
600887,600887.SH,伊利股份,10004331,069001001001,016170,饮料乳品,1282,159905117661.76,159110543346.88,25.28,0.998801438274,6325360667,6293929721,13.2309207,13.8264432,2.68350676,11.1479367,9.33453315,1.35814562,0.248896134485,2026-07-14
600887,600887.SH,伊利股份,10004331,069001001001,016170,饮料乳品,1282,164016602095.31,163201597665.53,25.93,2.571202531646,6325360667,6293929721,13.57111447,14.18194906,2.75250515,11.43457273,9.5745429,1.39306629,0.255295758234,2026-07-15
600887,600887.SH,伊利股份,10004331,069001001001,016170,饮料乳品,1282,164649138162.01,163830990637.63,26.03,0.385653682993,6325360667,6293929721,13.62345198,14.23664226,2.76312029,11.47867058,9.61146748,1.3984387,0.256280315864,2026-07-16
