SECURITY_CODE,SECUCODE,SECURITY_NAME_ABBR,ORG_CODE,TRADE_MARKET,BOARD_CODE,BOARD_NAME,ORIG_BOARD_CODE,TOTAL_MARKET_CAP,NOTLIMITED_MARKETCAP_A,CLOSE_PRICE,CHANGE_RATE,TOTAL_SHARES,FREE_SHARES_A,PE_TTM,PE_LAR,PB_MRQ,PCF_OCF_LAR,PCF_OCF_TTM,PS_TTM,PEG_CAR,TRADE_DATE
600809,600809.SH,山西汾酒,10634767,069001001001,016165,白酒Ⅱ,1277,48781891306.44,48781891306.44,56.34,-1.140550973855,865848266,865848266,50.84189801,51.67016403,9.31631357,54.4166238,57.56207807,8.32415191,0.60080033,2018-01-02 00:00:00
600809,600809.SH,山西汾酒,10634767,069001001001,016165,白酒Ⅱ,1277,49067621234.22,49067621234.22,56.67,0.585729499468,865848266,865848266,51.13969401,51.97281143,9.37088196,54.73535801,57.89923614,8.37290892,0.6043194,2018-01-03 00:00:00
600809,600809.SH,山西汾酒,10634767,069001001001,016165,白酒Ⅱ,1277,51007121350.06,51007121350.06,58.91,3.952708664196,865848266,865848266,53.16109712,54.02714525,9.74128563,56.89888725,60.18782427,8.70386562,0.62820638,2018-01-04 00:00:00
600809,600809.SH,山西汾酒,10634767,069001001001,016165,白酒Ⅱ,1277,50608831147.7,50608831147.7,58.45,-0.780852147343,865848266,865848266,52.74598756,53.60527312,9.66522059,56.45459107,59.71784635,8.6359013,0.62330102,2018-01-05 00:00:00
600809,600809.SH,山西汾酒,10634767,069001001001,016165,白酒Ⅱ,1277,49665056537.76,49665056537.76,57.36,-1.864841745081,865848266,865848266,51.76235836,52.60561961,9.48497952,55.40180229,58.60420302,8.4748554,0.61167744,2018-01-08 00:00:00
600809,600809.SH,山西汾酒,10634767,069001001001,016165,白酒Ⅱ,1277,51223583416.56,51223583416.56,59.16,3.138075313808,865848266,865848266,53.38670015,54.25642357,9.78262532,57.14035257,60.44324705,8.74080275,0.63087234,2018-01-09 00:00:00
600809,600809.SH,山西汾酒,10634767,069001001001,016165,白酒Ⅱ,1277,51171632520.6,51171632520.6,59.1,-0.101419878296,865848266,865848266,53.33255542,54.20139678,9.7727038,57.08240089,60.38194558,8.73193784,0.63023251,2018-01-10 00:00:00
600809,600809.SH,山西汾酒,10634767,069001001001,016165,白酒Ⅱ,1277,51007121350.06,51007121350.06,58.91,-0.321489001692,865848266,865848266,53.16109712,54.02714525,9.74128563,56.89888725,60.18782427,8.70386562,0.62820638,2018-01-11 00:00:00
600809,600809.SH,山西汾酒,10634767,069001001001,016165,白酒Ⅱ,1277,51344802173.8,51344802173.8,59.3,0.662026820574,865848266,865848266,53.51303785,54.38481944,9.80577555,57.27557315,60.58628381,8.76148754,0.63236528,2018-01-12 00:00:00
600809,600809.SH,山西汾酒,10634767,069001001001,016165,白酒Ⅱ,1277,53085157188.46,53085157188.46,61.31,3.389544688027,865848266,865848266,55.32688618,56.2282172,10.1381467,59.21695429,62.63988297,9.05846208,0.65379958,2018-01-15 00:00:00
600809,600809.SH,山西汾酒,10634767,069001001001,016165,白酒Ⅱ,1277,54981364891,54981364891,63.5,3.572011091176,865848266,865848266,57.30316869,58.23669535,10.50028242,61.33219047,64.87738654,9.38203135,0.67715337,2018-01-16 00:00:00
600809,600809.SH,山西汾酒,10634767,069001001001,016165,白酒Ⅱ,1277,53223692911.02,53223692911.02,61.47,-3.196850393701,865848266,865848266,55.47127211,56.37495533,10.1646041,59.3714921,62.80335355,9.08210184,0.65550579,2018-01-17 00:00:00
600809,600809.SH,山西汾酒,10634767,069001001001,016165,白酒Ⅱ,1277,56418673012.56,56418673012.56,65.16,6.002928257687,865848266,865848266,58.80117278,59.75910345,10.77477799,62.93552017,66.57339381,9.6272939,0.69485534,2018-01-18 00:00:00
600809,600809.SH,山西汾酒,10634767,069001001001,016165,白酒Ⅱ,1277,56643793561.72,56643793561.72,65.42,0.399017802333,865848266,865848266,59.03579993,59.99755291,10.81777127,63.1866441,66.8390335,9.66570852,0.69762793,2018-01-19 00:00:00
600809,600809.SH,山西汾酒,10634767,069001001001,016165,白酒Ⅱ,1277,56643793561.72,56643793561.72,65.42,0,865848266,865848266,59.03579993,59.99755291,10.81777127,63.1866441,66.8390335,9.66570852,0.69762793,2018-01-22 00:00:00
600809,600809.SH,山西汾酒,10634767,069001001001,016165,白酒Ⅱ,1277,56643793561.72,56643793561.72,65.42,0,865848266,865848266,59.03579993,59.99755291,10.81777127,63.1866441,66.8390335,9.66570852,0.69762793,2018-01-23 00:00:00
600809,600809.SH,山西汾酒,10634767,069001001001,016165,白酒Ⅱ,1277,56643793561.72,56643793561.72,65.42,0,865848266,865848266,59.03579993,59.99755291,10.81777127,63.1866441,66.8390335,9.66570852,0.69762793,2018-01-24 00:00:00
600809,600809.SH,山西汾酒,10634767,069001001001,016165,白酒Ⅱ,1277,56643793561.72,56643793561.72,65.42,0,865848266,865848266,59.03579993,59.99755291,10.81777127,63.1866441,66.8390335,9.66570852,0.69762793,2018-01-25 00:00:00
600809,600809.SH,山西汾酒,10634767,069001001001,016165,白酒Ⅱ,1277,56643793561.72,56643793561.72,65.42,0,865848266,865848266,59.03579993,59.99755291,10.81777127,63.1866441,66.8390335,9.66570852,0.69762793,2018-01-26 00:00:00
600809,600809.SH,山西汾酒,10634767,069001001001,016165,白酒Ⅱ,1277,56643793561.72,56643793561.72,65.42,0,865848266,865848266,59.03579993,59.99755291,10.81777127,63.1866441,66.8390335,9.66570852,0.69762793,2018-01-29 00:00:00
600809,600809.SH,山西汾酒,10634767,069001001001,016165,白酒Ⅱ,1277,56643793561.72,56643793561.72,65.42,0,865848266,865848266,59.03579993,59.99755291,10.81777127,63.1866441,66.8390335,9.66570852,0.69762793,2018-01-30 00:00:00
600809,600809.SH,山西汾酒,10634767,069001001001,016165,白酒Ⅱ,1277,56643793561.72,56643793561.72,65.42,0,865848266,865848266,59.03579993,59.99755291,10.81777127,63.1866441,66.8390335,9.66570852,0.69762793,2018-01-31 00:00:00
600809,600809.SH,山西汾酒,10634767,069001001001,016165,白酒Ⅱ,1277,56643793561.72,56643793561.72,65.42,0,865848266,865848266,59.03579993,59.99755291,10.81777127,63.1866441,66.8390335,9.66570852,0.69762793,2018-02-01 00:00:00
600809,600809.SH,山西汾酒,10634767,069001001001,016165,白酒Ⅱ,1277,56643793561.72,56643793561.72,65.42,0,865848266,865848266,59.03579993,59.99755291,10.81777127,63.1866441,66.8390335,9.66570852,0.69762793,2018-02-02 00:00:00
600809,600809.SH,山西汾酒,10634767,069001001001,016165,白酒Ⅱ,1277,50981145902.08,50981145902.08,58.88,-9.996942830939,865848266,865848266,53.13402476,53.99963185,9.73632486,56.86991141,60.15717353,8.69943316,0.62788647,2018-02-05 00:00:00
600809,600809.SH,山西汾酒,10634767,069001001001,016165,白酒Ⅱ,1277,45881299615.34,45881299615.34,52.99,-10.00339673913,865848266,865848266,47.81881746,48.59783444,8.76236166,51.18098855,54.1394128,7.82919435,0.56507649,2018-02-06 00:00:00
600809,600809.SH,山西汾酒,10634767,069001001001,016165,白酒Ⅱ,1277,45153987071.9,45153987071.9,52.15,-1.585204755614,865848266,865848266,47.06079129,47.82745925,8.62346029,50.36966509,53.28119225,7.70508559,0.55611887,2018-02-07 00:00:00
600809,600809.SH,山西汾酒,10634767,069001001001,016165,白酒Ⅱ,1277,46374833126.96,46374833126.96,53.56,2.703739213806,865848266,865848266,48.33319236,49.12058902,8.85661616,51.73152947,54.72177674,7.91341101,0.57115488,2018-02-08 00:00:00
600809,600809.SH,山西汾酒,10634767,069001001001,016165,白酒Ⅱ,1277,47058853257.1,47058853257.1,54.35,1.47498132935,865848266,865848266,49.04609792,49.84510854,8.9872496,52.49455987,55.52891273,8.03013234,0.57957931,2018-02-09 00:00:00
600809,600809.SH,山西汾酒,10634767,069001001001,016165,白酒Ⅱ,1277,49673715020.42,49673715020.42,57.37,5.556577736891,865848266,865848266,51.77138248,52.61479075,9.48663311,55.4114609,58.61441993,8.47633289,0.61178408,2018-02-12 00:00:00
600809,600809.SH,山西汾酒,10634767,069001001001,016165,白酒Ⅱ,1277,50894561075.48,50894561075.48,58.78,2.457730521178,865848266,865848266,53.04378355,53.90792052,9.71978899,56.77332529,60.05500442,8.68465831,0.62682008,2018-02-13 00:00:00
600809,600809.SH,山西汾酒,10634767,069001001001,016165,白酒Ⅱ,1277,50626148113.02,50626148113.02,58.47,-0.527390268799,865848266,865848266,52.7640358,53.62361539,9.66852777,56.47390829,59.73828017,8.63885627,0.6235143,2018-02-14 00:00:00
600809,600809.SH,山西汾酒,10634767,069001001001,016165,白酒Ⅱ,1277,51007121350.06,51007121350.06,58.91,0.752522661194,865848266,865848266,53.16109712,54.02714525,9.74128563,56.89888725,60.18782427,8.70386562,0.62820638,2018-02-22 00:00:00
600809,600809.SH,山西汾酒,10634767,069001001001,016165,白酒Ⅱ,1277,50158590049.38,50158590049.38,57.93,-1.663554574775,865848266,865848266,52.27673326,53.1283742,9.57923403,55.95234321,59.18656696,8.55907206,0.61775583,2018-02-23 00:00:00
600809,600809.SH,山西汾酒,10634767,069001001001,016165,白酒Ⅱ,1277,49214815439.44,49214815439.44,56.84,-1.881581218712,865848266,865848266,51.29310407,52.12872069,9.39899296,54.89955443,58.07292363,8.39802617,0.60613225,2018-02-26 00:00:00
600809,600809.SH,山西汾酒,10634767,069001001001,016165,白酒Ⅱ,1277,48747257375.8,48747257375.8,56.3,-0.950035186488,865848266,865848266,50.80580153,51.6334795,9.30969922,54.37798934,57.52121043,8.31824197,0.60037378,2018-02-27 00:00:00
600809,600809.SH,山西汾酒,10634767,069001001001,016165,白酒Ⅱ,1277,47448484976.8,47448484976.8,54.8,-2.664298401421,865848266,865848266,49.45218337,50.25780953,9.06166105,52.92919744,55.98867374,8.09661918,0.58437803,2018-02-28 00:00:00
600809,600809.SH,山西汾酒,10634767,069001001001,016165,白酒Ⅱ,1277,48470185930.68,48470185930.68,55.98,2.153284671533,865848266,865848266,50.51702966,51.34000324,9.25678441,54.06891374,57.19426927,8.27096244,0.59696135,2018-03-01 00:00:00
600809,600809.SH,山西汾酒,10634767,069001001001,016165,白酒Ⅱ,1277,48106529658.96,48106529658.96,55.56,-0.75026795284,865848266,865848266,50.13801657,50.95481565,9.18733372,53.66325201,56.76515899,8.20890806,0.59248254,2018-03-02 00:00:00
600809,600809.SH,山西汾酒,10634767,069001001001,016165,白酒Ⅱ,1277,46963609947.84,46963609947.84,54.24,-2.375809935205,865848266,865848266,48.94683259,49.74422608,8.96906013,52.38831513,55.41652671,8.01388,0.57840628,2018-03-05 00:00:00
600809,600809.SH,山西汾酒,10634767,069001001001,016165,白酒Ⅱ,1277,47569703734.04,47569703734.04,54.94,1.290560471976,865848266,865848266,49.57852107,50.3862054,9.08481128,53.06441802,56.13171049,8.11730397,0.58587097,2018-03-06 00:00:00
600809,600809.SH,山西汾酒,10634767,069001001001,016165,白酒Ⅱ,1277,49136889095.5,49136889095.5,56.75,3.294503094285,865848266,865848266,51.21188698,52.04618049,9.38411067,54.81262691,57.98097143,8.3847288,0.6051725,2018-03-07 00:00:00
600809,600809.SH,山西汾酒,10634767,069001001001,016165,白酒Ⅱ,1277,49197498474.12,49197498474.12,56.82,0.123348017621,865848266,865848266,51.27505582,52.11037842,9.39568578,54.8802372,58.05248981,8.3950712,0.60591897,2018-03-08 00:00:00
600809,600809.SH,山西汾酒,10634767,069001001001,016165,白酒Ⅱ,1277,49717007433.72,49717007433.72,57.42,1.055966209081,865848266,865848266,51.81650309,52.66064641,9.49490105,55.45975396,58.66550449,8.48372031,0.61231727,2018-03-09 00:00:00
600809,600809.SH,山西汾酒,10634767,069001001001,016165,白酒Ⅱ,1277,48591404687.92,48591404687.92,56.12,-2.264019505399,865848266,865848266,50.64336735,51.4683991,9.27993464,54.20413432,57.33730602,8.29164723,0.59845429,2018-03-12 00:00:00
600809,600809.SH,山西汾酒,10634767,069001001001,016165,白酒Ⅱ,1277,47656288560.64,47656288560.64,55.04,-1.924447612259,865848266,865848266,49.66876228,50.47791673,9.10134716,53.16100415,56.23387961,8.13207882,0.58693735,2018-03-13 00:00:00
600809,600809.SH,山西汾酒,10634767,069001001001,016165,白酒Ⅱ,1277,48314333242.8,48314333242.8,55.8,1.380813953488,865848266,865848266,50.35459548,51.17492284,9.22701983,53.89505871,57.01036486,8.2443677,0.59504186,2018-03-14 00:00:00
600809,600809.SH,山西汾酒,10634767,069001001001,016165,白酒Ⅱ,1277,50738708387.6,50738708387.6,58.6,5.017921146953,865848266,865848266,52.88134937,53.74284012,9.69002441,56.59947026,59.87110002,8.65806357,0.62490059,2018-03-15 00:00:00
600809,600809.SH,山西汾酒,10634767,069001001001,016165,白酒Ⅱ,1277,50548221769.08,50548221769.08,58.38,-0.37542662116,865848266,865848266,52.68281871,53.54107519,9.65364548,56.38698078,59.64632797,8.6255589,0.62255455,2018-03-16 00:00:00
600809,600809.SH,山西汾酒,10634767,069001001001,016165,白酒Ⅱ,1277,51422728517.74,51422728517.74,59.39,1.7300445358,865848266,865848266,53.59425493,54.46735964,9.82065784,57.36250066,60.67823601,8.77478491,0.63332502,2018-03-19 00:00:00
600809,600809.SH,山西汾酒,10634767,069001001001,016165,白酒Ⅱ,1277,51258217347.2,51258217347.2,59.2,-0.319919178313,865848266,865848266,53.42279663,54.29310811,9.78923967,57.17898702,60.48411469,8.74671269,0.63129889,2018-03-20 00:00:00
600809,600809.SH,山西汾酒,10634767,069001001001,016165,白酒Ⅱ,1277,49820909225.64,49820909225.64,57.54,-2.804054054054,865848266,865848266,51.92479254,52.77070001,9.5147441,55.57565732,58.78810742,8.50145014,0.61359693,2018-03-21 00:00:00
600809,600809.SH,山西汾酒,10634767,069001001001,016165,白酒Ⅱ,1277,50167248532.04,50167248532.04,57.94,0.69516857838,865848266,865848266,52.28575738,53.13754533,9.58088761,55.96200182,59.19678387,8.56054955,0.61786246,2018-03-22 00:00:00
600809,600809.SH,山西汾酒,10634767,069001001001,016165,白酒Ⅱ,1277,48435552000.04,48435552000.04,55.94,-3.451846738005,865848266,865848266,50.48093317,51.30331871,9.25017006,54.03027929,57.15340162,8.2650525,0.5965348,2018-03-23 00:00:00
600809,600809.SH,山西汾酒,10634767,069001001001,016165,白酒Ⅱ,1277,49154206060.82,49154206060.82,56.77,1.483732570611,865848266,865848266,51.22993522,52.06452276,9.38741784,54.83194414,58.00140526,8.38768377,0.60538578,2018-03-26 00:00:00
600809,600809.SH,山西汾酒,10634767,069001001001,016165,白酒Ⅱ,1277,48487502896,48487502896,56,-1.356350184957,865848266,865848266,50.5350779,51.35834551,9.26009158,54.08823096,57.21470309,8.27391741,0.59717463,2018-03-27 00:00:00
600809,600809.SH,山西汾酒,10634767,069001001001,016165,白酒Ⅱ,1277,46063127751.2,46063127751.2,53.2,-5,865848266,865848266,48.008324,48.79042823,8.797087,51.38381942,54.35396793,7.86022154,0.5673159,2018-03-28 00:00:00
600809,600809.SH,山西汾酒,10634767,069001001001,016165,白酒Ⅱ,1277,47465801942.12,47465801942.12,54.82,3.045112781955,865848266,865848266,49.47023161,50.2761518,9.06496822,52.94851467,56.00910756,8.09957415,0.58459131,2018-03-29 00:00:00
600809,600809.SH,山西汾酒,10634767,069001001001,016165,白酒Ⅱ,1277,47595679182.02,47595679182.02,54.97,0.273622765414,865848266,865848266,49.60559343,50.4137188,9.08977204,53.09339386,56.16236123,8.12173643,0.58619088,2018-03-30 00:00:00
600809,600809.SH,山西汾酒,10634767,069001001001,016165,白酒Ⅱ,1277,45803373271.4,45803373271.4,52.9,-3.765690376569,865848266,865848266,47.73760037,48.51529424,7.70065108,51.09406104,54.0474606,7.81589698,0.56411675,2018-04-02 00:00:00
600809,600809.SH,山西汾酒,10634767,069001001001,016165,白酒Ⅱ,1277,47024219326.46,47024219326.46,54.31,2.665406427221,865848266,865848266,49.01000144,49.80842401,7.90590472,52.45592542,55.48804508,8.0242224,0.57915275,2018-04-03 00:00:00
600809,600809.SH,山西汾酒,10634767,069001001001,016165,白酒Ⅱ,1277,50323101219.92,50323101219.92,58.12,7.015282636715,865848266,865848266,52.44819156,53.30262573,8.46052629,56.13585685,59.38068828,8.58714428,0.61978195,2018-04-04 00:00:00
600809,600809.SH,山西汾酒,10634767,069001001001,016165,白酒Ⅱ,1277,50383710598.54,50383710598.54,58.19,0.120440467997,865848266,865848266,52.51136041,53.36682366,8.47071618,56.20346714,59.45220666,8.59748668,0.62052842,2018-04-09 00:00:00
600809,600809.SH,山西汾酒,10634767,069001001001,016165,白酒Ⅱ,1277,50219199428,50219199428,58,-0.326516583605,865848266,865848266,52.33990211,53.19257213,8.44305789,56.0199535,59.25808534,8.56941446,0.61850229,2018-04-10 00:00:00
600809,600809.SH,山西汾酒,10634767,069001001001,016165,白酒Ⅱ,1277,49041645786.24,49041645786.24,56.64,-2.344827586207,865848266,865848266,51.11262165,51.94529803,8.24508274,54.70638218,57.86858541,8.36847646,0.60399948,2018-04-11 00:00:00
600809,600809.SH,山西汾酒,10634767,069001001001,016165,白酒Ⅱ,1277,49587130193.82,49587130193.82,57.27,1.112288135593,865848266,865848266,51.68114127,52.52307941,8.33679182,55.31487477,58.51225082,8.46155804,0.6107177,2018-04-12 00:00:00
600809,600809.SH,山西汾酒,10634767,069001001001,016165,白酒Ⅱ,1277,48842500685.06,48842500685.06,56.41,-1.50165880915,865848266,865848266,50.90506686,51.73436197,8.21160165,54.48423408,57.63359645,8.3344943,0.6015468,2018-04-13 00:00:00
600809,600809.SH,山西汾酒,10634767,069001001001,016165,白酒Ⅱ,1277,47500435872.76,47500435872.76,54.86,-2.747739762453,865848266,865848266,49.5063281,50.31283633,7.9859682,52.98714912,56.0499752,8.10548409,0.58501786,2018-04-16 00:00:00
600809,600809.SH,山西汾酒,10634767,069001001001,016165,白酒Ⅱ,1277,46669221537.4,46669221537.4,53.9,-1.749908858914,865848266,865848266,48.64001248,49.43240755,7.84622104,52.0599223,55.06915172,7.96364551,0.57478058,2018-04-17 00:00:00
600809,600809.SH,山西汾酒,10634767,069001001001,016165,白酒Ⅱ,1277,46236297404.4,46236297404.4,53.4,-0.927643784787,865848266,865848266,48.18880642,48.97385089,7.77343606,51.57699167,54.55830616,7.88977124,0.56944866,2018-04-18 00:00:00
600809,600809.SH,山西汾酒,10634767,069001001001,016165,白酒Ⅱ,1277,46842391190.6,46842391190.6,54.1,1.310861423221,865848266,865848266,48.8204949,49.61583021,7.87533503,52.25309456,55.27348995,7.99319521,0.57691335,2018-04-19 00:00:00
600809,600809.SH,山西汾酒,10634767,069001001001,016165,白酒Ⅱ,1277,46556661262.82,46556661262.82,53.77,-0.609981515712,865848266,865848266,48.5226989,49.31318282,7.82729694,51.93436034,54.93633188,7.9444382,0.57339428,2018-04-20 00:00:00
600809,600809.SH,山西汾酒,10634767,069001001001,016165,白酒Ⅱ,1277,46296906783.02,46296906783.02,53.47,-0.557931932304,865848266,865848266,48.25197527,49.03804883,7.78362596,51.64460196,54.62982454,7.90011364,0.57019513,2018-04-23 00:00:00
600809,600809.SH,山西汾酒,10634767,069001001001,016165,白酒Ⅱ,1277,48106529658.96,48106529658.96,55.56,3.90873386946,865848266,865848266,50.13801657,50.95481565,8.08786718,53.66325201,56.76515899,8.20890806,0.59248254,2018-04-24 00:00:00
600809,600809.SH,山西汾酒,10634767,069001001001,016165,白酒Ⅱ,1277,48340308690.78,48340308690.78,55.83,0.48596112311,865848266,865848266,50.38166784,51.20243624,8.12717107,53.92403455,57.0410156,8.24880016,0.59536178,2018-04-25 00:00:00
600809,600809.SH,山西汾酒,10634767,069001001001,016165,白酒Ⅱ,1277,47015560843.8,47015560843.8,54.3,-2.740462117141,865848266,865848266,49.00097732,49.79925288,7.90444902,52.44626681,55.47782817,8.02274492,0.57904611,2018-04-26 00:00:00
600809,600809.SH,山西汾酒,10634767,069001001001,016165,白酒Ⅱ,1277,46054469268.54,46054469268.54,53.19,-2.044198895028,865848266,865848266,38.81661017,48.7812571,7.74286637,51.3741608,38.47056606,6.48977746,0.56720926,2018-04-27 00:00:00
600809,600809.SH,山西汾酒,10634767,069001001001,016165,白酒Ⅱ,1277,46920317534.54,46920317534.54,54.19,1.880052641474,865848266,865848266,39.54638288,49.69837041,7.88843633,52.34002207,39.19383295,6.61178869,0.57787309,2018-05-02 00:00:00
600809,600809.SH,山西汾酒,10634767,069001001001,016165,白酒Ⅱ,1277,48002627867.04,48002627867.04,55.44,2.306698652888,865848266,865848266,40.45859876,50.84476205,8.07039878,53.54734865,40.09791657,6.76430273,0.59120288,2018-05-03 00:00:00
600809,600809.SH,山西汾酒,10634767,069001001001,016165,白酒Ⅱ,1277,48383601104.08,48383601104.08,55.88,0.793650793651,865848266,865848266,40.77969875,51.24829191,8.13444957,53.97232761,40.416154,6.81798767,0.59589497,2018-05-04 00:00:00
600809,600809.SH,山西汾酒,10634767,069001001001,016165,白酒Ⅱ,1277,51561264240.3,51561264240.3,59.55,6.567644953472,865848266,865848266,43.45796458,54.61409777,8.66869133,57.51703846,43.0705435,7.2657689,0.63503123,2018-05-07 00:00:00
600809,600809.SH,山西汾酒,10634767,069001001001,016165,白酒Ⅱ,1277,51647849066.9,51647849066.9,59.65,0.16792611251,865848266,865848266,43.53094185,54.7058091,8.68324833,57.61362459,43.14287019,7.27797002,0.63609762,2018-05-08 00:00:00
600809,600809.SH,山西汾酒,10634767,069001001001,016165,白酒Ⅱ,1277,52808085743.34,52808085743.34,60.99,2.246437552389,865848266,865848266,44.50883727,55.93474094,8.87831208,58.90787869,44.11204783,7.44146507,0.65038715,2018-05-09 00:00:00
600809,600809.SH,山西汾酒,10634767,069001001001,016165,白酒Ⅱ,1277,53396862564.22,53396862564.22,61.67,1.114936874898,865848266,865848266,45.00508271,56.55837799,8.97729966,59.56466435,44.60386932,7.52443271,0.65763856,2018-05-10 00:00:00
600809,600809.SH,山西汾酒,10634767,069001001001,016165,白酒Ⅱ,1277,52193333474.48,52193333474.48,60.28,-2.25393221988,865848266,865848266,43.99069865,55.28359049,8.77495741,58.22211719,43.59852834,7.3548371,0.64281583,2018-05-11 00:00:00
600809,600809.SH,山西汾酒,10634767,069001001001,016165,白酒Ⅱ,1277,53916371523.82,53916371523.82,62.27,3.301260783013,865848266,865848266,45.44294633,57.10864598,9.06464164,60.14418111,45.03782945,7.59763945,0.66403686,2018-05-14 00:00:00
600809,600809.SH,山西汾酒,10634767,069001001001,016165,白酒Ⅱ,1277,54271369312.88,54271369312.88,62.68,0.658422996628,865848266,865848266,45.74215314,57.48466244,9.12432532,60.54018423,45.33436888,7.64766406,0.66840903,2018-05-15 00:00:00
600809,600809.SH,山西汾酒,10634767,069001001001,016165,白酒Ⅱ,1277,54063565729.04,54063565729.04,62.44,-0.382897255903,865848266,865848266,45.56700769,57.26455524,9.08938853,60.30837753,45.16078482,7.61838136,0.66584971,2018-05-16 00:00:00
600809,600809.SH,山西汾酒,10634767,069001001001,016165,白酒Ⅱ,1277,51691141480.2,51691141480.2,59.7,-4.388212684177,865848266,865848266,43.56743048,54.75166476,8.69052683,57.66191765,43.17903354,7.28407058,0.63663081,2018-05-17 00:00:00
600809,600809.SH,山西汾酒,10634767,069001001001,016165,白酒Ⅱ,1277,51517971827,51517971827,59.5,-0.335008375209,865848266,865848266,43.42147594,54.5682421,8.66141284,57.4687454,43.03438016,7.25966834,0.63449804,2018-05-18 00:00:00
600809,600809.SH,山西汾酒,10634767,069001001001,016165,白酒Ⅱ,1277,51440045483.06,51440045483.06,59.41,-0.151260504202,865848266,865848266,43.3557964,54.4857019,8.64831154,57.38181789,42.96928614,7.24868733,0.6335383,2018-05-21 00:00:00
600809,600809.SH,山西汾酒,10634767,069001001001,016165,白酒Ⅱ,1277,51864311133.4,51864311133.4,59.9,0.824776973573,865848266,865848266,43.71338502,54.93508743,8.71964082,57.85508991,43.32368692,7.30847283,0.63876358,2018-05-22 00:00:00
600809,600809.SH,山西汾酒,10634767,069001001001,016165,白酒Ⅱ,1277,51007121350.06,51007121350.06,58.91,-1.652754590985,865848266,865848266,42.99091005,54.02714525,8.57552656,56.89888725,42.60765269,7.18768171,0.62820638,2018-05-23 00:00:00
600809,600809.SH,山西汾酒,10634767,069001001001,016165,白酒Ⅱ,1277,50470295425.14,50470295425.14,58.29,-1.052452894245,865848266,865848266,42.53845097,53.45853499,8.48527318,56.30005327,42.15922722,7.11203474,0.62159481,2018-05-24 00:00:00
600809,600809.SH,山西汾酒,10634767,069001001001,016165,白酒Ⅱ,1277,51136998589.96,51136998589.96,59.06,1.320981300395,865848266,865848266,43.10037595,54.16471224,8.59736205,57.04376644,42.71614273,7.20598339,0.62980596,2018-05-25 00:00:00
600809,600809.SH,山西汾酒,10634767,069001001001,016165,白酒Ⅱ,1277,53578690700.08,53578690700.08,61.88,4.774805282763,865848266,865848266,45.15833498,56.75097179,9.00786935,59.76749522,44.75575536,7.55005507,0.65987796,2018-05-28 00:00:00
600809,600809.SH,山西汾酒,10634767,069001001001,016165,白酒Ⅱ,1277,51751750858.82,51751750858.82,59.77,-3.409825468649,865848266,865848266,43.61851457,54.8158627,8.70071673,57.72952794,43.22966222,7.29261137,0.63737728,2018-05-29 00:00:00
600809,600809.SH,山西汾酒,10634767,069001001001,016165,白酒Ⅱ,1277,52418454023.64,52418454023.64,60.54,1.288271708215,865848266,865848266,44.18043955,55.52203995,8.8128056,58.47324112,43.78657773,7.38656002,0.64558843,2018-05-30 00:00:00
600809,600809.SH,山西汾酒,10634767,069001001001,016165,白酒Ⅱ,1277,55803920743.7,55803920743.7,64.45,6.458539808391,865848266,865848266,47.03385083,59.107953,9.38198416,62.24975867,46.61455128,7.86362394,0.68728401,2018-05-31 00:00:00
600809,600809.SH,山西汾酒,10634767,069001001001,016165,白酒Ⅱ,1277,53795152766.58,53795152766.58,62.13,-3.599689681924,865848266,865848266,45.34077816,56.98025011,9.04426184,60.00896053,44.93657209,7.58055788,0.66254392,2018-06-01 00:00:00
600809,600809.SH,山西汾酒,10634767,069001001001,016165,白酒Ⅱ,1277,56695744457.68,56695744457.68,65.48,5.391920167391,865848266,865848266,47.78551672,60.05257971,9.53192122,63.24459578,47.35951618,7.98929551,0.69826776,2018-06-04 00:00:00
600809,600809.SH,山西汾酒,10634767,069001001001,016165,白酒Ⅱ,1277,58107077131.26,58107077131.26,67.11,2.489309712889,865848266,865848266,48.97504623,61.54747441,9.76920026,64.81894964,48.53844122,8.18817382,0.71564981,2018-06-05 00:00:00
600809,600809.SH,山西汾酒,10634767,069001001001,016165,白酒Ⅱ,1277,57475007897.08,57475007897.08,66.38,-1.087766353748,865848266,865848266,48.44231215,60.87798169,9.66293419,64.11387092,48.01045639,8.09910562,0.70786521,2018-06-06 00:00:00
600809,600809.SH,山西汾酒,10634767,069001001001,016165,白酒Ⅱ,1277,56340746668.62,56340746668.62,65.07,-1.973485989756,865848266,865848266,47.48630991,59.67656325,9.47223753,62.84859266,47.06297675,7.9392709,0.69389559,2018-06-07 00:00:00
600809,600809.SH,山西汾酒,10634767,069001001001,016165,白酒Ⅱ,1277,56098309154.14,56098309154.14,64.79,-0.430305824497,865848266,865848266,47.28197355,59.41977152,9.43147794,62.5781515,46.86046202,7.90510776,0.69090972,2018-06-08 00:00:00
600809,600809.SH,山西汾酒,10634767,069001001001,016165,白酒Ⅱ,1277,54955389443.02,54955389443.02,63.47,-2.037351443124,865848266,865848266,46.31867358,58.20918195,9.23932559,61.30321463,45.90574973,7.74405293,0.67683346,2018-06-11 00:00:00
600809,600809.SH,山西汾酒,10634767,069001001001,016165,白酒Ⅱ,1277,57674152998.26,57674152998.26,66.61,4.947219158658,865848266,865848266,48.61015987,61.08891775,9.69641528,64.33601901,48.17680777,8.1271682,0.71031789,2018-06-12 00:00:00
600809,600809.SH,山西汾酒,10634767,069001001001,016165,白酒Ⅱ,1277,57189277969.3,57189277969.3,66.05,-0.840714607416,865848266,865848266,48.20148716,60.5753343,9.6148961,63.7951367,47.77177831,8.05884191,0.70434615,2018-06-13 00:00:00
600809,600809.SH,山西汾酒,10634767,069001001001,016165,白酒Ⅱ,1277,56193552463.4,56193552463.4,64.9,-1.741105223316,865848266,865848266,47.36224855,59.52065399,9.44749064,62.68439624,46.94002138,7.91852899,0.69208274,2018-06-14 00:00:00
600809,600809.SH,山西汾酒,10634767,069001001001,016165,白酒Ⅱ,1277,55440264471.98,55440264471.98,64.03,-1.340523882897,865848266,865848266,46.72734629,58.72276541,9.32084477,61.84409694,46.31077919,7.81237922,0.68280521,2018-06-15 00:00:00
600809,600809.SH,山西汾酒,10634767,069001001001,016165,白酒Ⅱ,1277,51717116928.18,51717116928.18,59.73,-6.715602061534,865848266,865848266,43.58932366,54.77917816,8.69489393,57.69089349,43.20073154,7.28773092,0.63695072,2018-06-19 00:00:00
600809,600809.SH,山西汾酒,10634767,069001001001,016165,白酒Ⅱ,1277,54124175107.66,54124175107.66,62.51,4.654277582454,865848266,865848266,45.61809178,57.32875317,9.09957843,60.37598781,45.21141351,7.62692215,0.66659618,2018-06-20 00:00:00
600809,600809.SH,山西汾酒,10634767,069001001001,016165,白酒Ⅱ,1277,54245393864.9,54245393864.9,62.65,0.223964165733,865848266,865848266,45.72025996,57.45714904,9.11995822,60.51120839,45.31267087,7.64400372,0.66808912,2018-06-21 00:00:00
600809,600809.SH,山西汾酒,10634767,069001001001,016165,白酒Ⅱ,1277,53440154977.52,53440154977.52,61.72,-1.484437350359,865848266,865848266,45.04157135,56.60423366,8.98457816,59.61295741,44.64003266,7.53053327,0.65817175,2018-06-22 00:00:00
600809,600809.SH,山西汾酒,10634767,069001001001,016165,白酒Ⅱ,1277,54409905035.44,54409905035.44,62.84,1.814646791964,865848266,865848266,45.85891678,57.63140057,9.14761651,60.69472203,45.45009158,7.66718585,0.67011524,2018-06-25 00:00:00
600809,600809.SH,山西汾酒,10634767,069001001001,016165,白酒Ⅱ,1277,54609050136.62,54609050136.62,63.07,0.366008911521,865848266,865848266,46.0267645,57.84233663,9.18109761,60.91687012,45.61644297,7.69524844,0.67256793,2018-06-26 00:00:00
600809,600809.SH,山西汾酒,10634767,069001001001,016165,白酒Ⅱ,1277,53180400497.72,53180400497.72,61.42,-2.616140795941,865848266,865848266,44.82263953,56.32909966,8.94090717,59.32319903,44.42305259,7.4939299,0.6549726,2018-06-27 00:00:00
600809,600809.SH,山西汾酒,10634767,069001001001,016165,白酒Ⅱ,1277,52548331263.54,52548331263.54,60.69,-1.188537935526,865848266,865848266,44.28990546,55.65960694,8.83464109,58.61812031,43.89506776,7.4048617,0.647188,2018-06-28 00:00:00
600809,600809.SH,山西汾酒,10634767,069001001001,016165,白酒Ⅱ,1277,54453197448.74,54453197448.74,62.89,3.624979403526,865848266,865848266,45.89540541,57.67725623,9.15489501,60.7430151,45.48625493,7.67328641,0.67064844,2018-06-29 00:00:00
600809,600809.SH,山西汾酒,10634767,069001001001,016165,白酒Ⅱ,1277,56037699775.52,56037699775.52,64.72,2.909842582287,865848266,865848266,47.23088946,59.35557359,9.90328063,62.51054121,46.80983334,7.89656697,0.69016325,2018-07-02 00:00:00
600809,600809.SH,山西汾酒,10634767,069001001001,016165,白酒Ⅱ,1277,53085157188.46,53085157188.46,61.31,-5.268850432633,865848266,865848266,44.74236454,56.2282172,9.38149158,59.21695429,44.34349324,7.48050867,0.65379958,2018-07-03 00:00:00
600809,600809.SH,山西汾酒,10634767,069001001001,016165,白酒Ⅱ,1277,53596007665.4,53596007665.4,61.9,0.962322622737,865848266,865848266,45.17293043,56.76931405,9.4717718,59.78681244,44.7702207,7.55249529,0.66009124,2018-07-04 00:00:00
600809,600809.SH,山西汾酒,10634767,069001001001,016165,白酒Ⅱ,1277,52505038850.24,52505038850.24,60.64,-2.035541195477,865848266,865848266,44.25341683,55.61375128,9.27896998,58.56982724,43.85890442,7.39876114,0.64665481,2018-07-05 00:00:00
600809,600809.SH,山西汾酒,10634767,069001001001,016165,白酒Ⅱ,1277,52115407130.54,52115407130.54,60.19,-0.742084432718,865848266,865848266,43.92501911,55.20105029,9.21011219,58.13518967,43.53343431,7.34385609,0.64185609,2018-07-06 00:00:00
600809,600809.SH,山西汾酒,10634767,069001001001,016165,白酒Ⅱ,1277,53102474153.78,53102474153.78,61.33,1.894002325968,865848266,865848266,44.75695999,56.24655946,9.38455193,59.23627152,44.35795857,7.48294889,0.65401286,2018-07-09 00:00:00
600809,600809.SH,山西汾酒,10634767,069001001001,016165,白酒Ⅱ,1277,52617599124.82,52617599124.82,60.77,-0.913093102886,865848266,865848266,44.34828728,55.73297601,9.29886223,58.69538921,43.95292911,7.4146226,0.64804111,2018-07-10 00:00:00
600809,600809.SH,山西汾酒,10634767,069001001001,016165,白酒Ⅱ,1277,51699799962.86,51699799962.86,59.71,-1.744281717953,865848266,865848266,43.57472821,54.7608359,9.13666388,57.67157627,43.18626621,7.2852907,0.63673745,2018-07-11 00:00:00
600809,600809.SH,山西汾酒,10634767,069001001001,016165,白酒Ⅱ,1277,52877353604.62,52877353604.62,61.07,2.277675431251,865848266,865848266,44.56721909,56.00811,9.34476743,58.98514759,44.16990918,7.45122597,0.65124026,2018-07-12 00:00:00
600809,600809.SH,山西汾酒,10634767,069001001001,016165,白酒Ⅱ,1277,55353679645.38,55353679645.38,63.93,4.683150483052,865848266,865848266,46.65436902,58.63105408,9.78239695,61.74751081,46.2384525,7.8001781,0.68173882,2018-07-13 00:00:00
600809,600809.SH,山西汾酒,10634767,069001001001,016165,白酒Ⅱ,1277,55890505570.3,55890505570.3,64.55,0.969810730486,865848266,865848266,47.1068281,59.19966433,9.87726768,62.3463448,46.68687797,7.87582506,0.6883504,2018-07-16 00:00:00
600809,600809.SH,山西汾酒,10634767,069001001001,016165,白酒Ⅱ,1277,55821237709.02,55821237709.02,64.47,-0.12393493416,865848266,865848266,47.04844628,59.12629526,9.8650263,62.2690759,46.62901662,7.86606416,0.68749729,2018-07-17 00:00:00
600809,600809.SH,山西汾酒,10634767,069001001001,016165,白酒Ⅱ,1277,55682701986.46,55682701986.46,64.31,-0.248177446875,865848266,865848266,46.93168265,58.97955713,9.84054353,62.1145381,46.51329392,7.84654236,0.68579108,2018-07-18 00:00:00
600809,600809.SH,山西汾酒,10634767,069001001001,016165,白酒Ⅱ,1277,54106858142.34,54106858142.34,62.49,-2.830041984139,865848266,865848266,45.60349633,57.31041091,9.56205201,60.35667059,45.19694817,7.62448192,0.6663829,2018-07-19 00:00:00
600809,600809.SH,山西汾酒,10634767,069001001001,016165,白酒Ⅱ,1277,54002956350.42,54002956350.42,62.37,-0.192030724916,865848266,865848266,45.5159236,57.20035731,9.54368994,60.24076724,45.11015614,7.60984057,0.66510324,2018-07-20 00:00:00
600809,600809.SH,山西汾酒,10634767,069001001001,016165,白酒Ⅱ,1277,52357844645.02,52357844645.02,60.47,-3.04633637967,865848266,865848266,44.12935547,55.45784201,9.25295704,58.40563083,43.73594904,7.37801923,0.64484196,2018-07-23 00:00:00
600809,600809.SH,山西汾酒,10634767,069001001001,016165,白酒Ⅱ,1277,54790878272.48,54790878272.48,63.28,4.646932363155,865848266,865848266,46.18001677,58.03493042,9.68293569,61.11970099,45.76832902,7.7208708,0.67480733,2018-07-24 00:00:00
600809,600809.SH,山西汾酒,10634767,069001001001,016165,白酒Ⅱ,1277,54020273315.74,54020273315.74,62.39,-1.406447534766,865848266,865848266,45.53051906,57.21869957,9.54675028,60.26008446,45.12462148,7.6122808,0.66531652,2018-07-25 00:00:00
600809,600809.SH,山西汾酒,10634767,069001001001,016165,白酒Ⅱ,1277,53301619254.96,53301619254.96,61.56,-1.330341400866,865848266,865848266,44.92480771,56.45749553,9.41974591,59.45841961,44.52430996,7.51101148,0.65646554,2018-07-26 00:00:00
600809,600809.SH,山西汾酒,10634767,069001001001,016165,白酒Ⅱ,1277,53310277737.62,53310277737.62,61.57,0.01624431449,865848266,865848266,44.93210544,56.46666666,9.42127608,59.46807822,44.53154263,7.51223159,0.65657218,2018-07-27 00:00:00
600809,600809.SH,山西汾酒,10634767,069001001001,016165,白酒Ⅱ,1277,52435770988.96,52435770988.96,60.56,-1.640409290239,865848266,865848266,44.19503501,55.54038221,9.2667286,58.49255834,43.80104307,7.38900024,0.64580171,2018-07-30 00:00:00
600809,600809.SH,山西汾酒,10634767,069001001001,016165,白酒Ⅱ,1277,52790768778.02,52790768778.02,60.97,0.677014531044,865848266,865848266,44.49424182,55.91639867,9.32946569,58.88856146,44.09758249,7.43902485,0.65017388,2018-07-31 00:00:00
600809,600809.SH,山西汾酒,10634767,069001001001,016165,白酒Ⅱ,1277,51994188373.3,51994188373.3,60.05,-1.508938822372,865848266,865848266,43.82285093,55.07265442,9.18868976,57.9999691,43.43217695,7.32677451,0.64036315,2018-08-01 00:00:00
600809,600809.SH,山西汾酒,10634767,069001001001,016165,白酒Ⅱ,1277,47690922491.28,47690922491.28,55.08,-8.276436303081,865848266,865848266,40.19588059,50.51460126,8.42819371,53.1996386,39.83754049,6.72037869,0.5873639,2018-08-02 00:00:00
600809,600809.SH,山西汾酒,10634767,069001001001,016165,白酒Ⅱ,1277,45612886652.88,45612886652.88,52.68,-4.357298474946,865848266,865848266,38.44442609,48.31352931,8.06095215,50.88157156,38.10169995,6.42755173,0.5617707,2018-08-03 00:00:00
600809,600809.SH,山西汾酒,10634767,069001001001,016165,白酒Ⅱ,1277,44063018256.74,44063018256.74,50.89,-3.397873955961,865848266,865848266,37.13813295,46.67189648,7.78705116,49.15267989,36.80705221,6.20915162,0.54268244,2018-08-06 00:00:00
600809,600809.SH,山西汾酒,10634767,069001001001,016165,白酒Ⅱ,1277,45777397823.42,45777397823.42,52.87,3.890744743565,865848266,865848266,38.58308291,48.48778084,8.09002544,51.0650852,38.23912065,6.45073386,0.56379683,2018-08-07 00:00:00
600809,600809.SH,山西汾酒,10634767,069001001001,016165,白酒Ⅱ,1277,43292413300,43292413300,50,-5.428409305845,865848266,865848266,36.48863524,45.85566563,7.65086575,48.29306336,36.16334467,6.10056163,0.53319163,2018-08-08 00:00:00
600809,600809.SH,山西汾酒,10634767,069001001001,016165,白酒Ⅱ,1277,44703745973.58,44703745973.58,51.63,3.26,865848266,865848266,37.67816475,47.35056033,7.90028397,49.86741723,37.34226971,6.29943994,0.55057368,2018-08-09 00:00:00
600809,600809.SH,山西汾酒,10634767,069001001001,016165,白酒Ⅱ,1277,45301181277.12,45301181277.12,52.32,1.336432306798,865848266,865848266,38.18170792,47.98336852,8.00586592,50.5338615,37.84132386,6.38362769,0.55793172,2018-08-10 00:00:00
600809,600809.SH,山西汾酒,10634767,069001001001,016165,白酒Ⅱ,1277,44591185699,44591185699,51.5,-1.567278287462,865848266,865848266,37.5832943,47.2313356,7.88039172,49.74185526,37.24824501,6.28357848,0.54918738,2018-08-13 00:00:00
600809,600809.SH,山西汾酒,10634767,069001001001,016165,白酒Ⅱ,1277,44695087490.92,44695087490.92,51.62,0.233009708738,865848266,865848266,37.67086703,47.3413892,7.8987538,49.85775861,37.33503704,6.29821982,0.55046704,2018-08-14 00:00:00
600809,600809.SH,山西汾酒,10634767,069001001001,016165,白酒Ⅱ,1277,43041317302.86,43041317302.86,49.71,-3.700116234018,865848266,865848266,36.27700116,45.58970277,7.60649073,48.01296359,35.95359727,6.06517837,0.53009912,2018-08-15 00:00:00
600809,600809.SH,山西汾酒,10634767,069001001001,016165,白酒Ⅱ,1277,41422181045.44,41422181045.44,47.84,-3.761818547576,865848266,865848266,34.9123262,43.87470088,7.32034835,46.20680302,34.60108818,5.83701736,0.51015775,2018-08-16 00:00:00
600809,600809.SH,山西汾酒,10634767,069001001001,016165,白酒Ⅱ,1277,40772794845.94,40772794845.94,47.09,-0.317527519052,865848266,865848266,34.36499667,43.18686589,7.20558536,45.48240707,34.05863801,5.74550894,0.50215988,2018-08-17 00:00:00
600809,600809.SH,山西汾酒,10634767,069001001001,016165,白酒Ⅱ,1277,39612558169.5,39612558169.5,45.75,-2.845614780208,865848266,865848266,33.38710125,41.95793405,7.00054216,44.18815298,33.08946037,5.58201389,0.48787034,2018-08-20 00:00:00
600809,600809.SH,山西汾酒,10634767,069001001001,016165,白酒Ⅱ,1277,41552058285.34,41552058285.34,47.99,4.896174863388,865848266,865848266,35.02179211,44.01226787,7.34330095,46.35168221,34.70957822,5.85531905,0.51175733,2018-08-21 00:00:00
600809,600809.SH,山西汾酒,10634767,069001001001,016165,白酒Ⅱ,1277,40954622981.8,40954622981.8,47.3,-1.437799541571,865848266,865848266,34.51824894,43.37945969,7.237719,45.68523794,34.21052406,5.7711313,0.50439928,2018-08-22 00:00:00
600809,600809.SH,山西汾酒,10634767,069001001001,016165,白酒Ⅱ,1277,40894013603.18,40894013603.18,47.23,-0.14799154334,865848266,865848266,34.46716485,43.31526176,7.22700779,45.61762765,34.15989538,5.76259051,0.50365282,2018-08-23 00:00:00
600809,600809.SH,山西汾酒,10634767,069001001001,016165,白酒Ⅱ,1277,40911330568.5,40911330568.5,47.25,0.042345966547,865848266,865848266,34.48176031,43.33360402,7.23006813,45.63694488,34.17436071,5.76503074,0.50386609,2018-08-24 00:00:00
600809,600809.SH,山西汾酒,10634767,069001001001,016165,白酒Ⅱ,1277,42400589586.02,42400589586.02,48.97,3.640211640212,865848266,865848266,35.73696936,44.91103892,7.49325791,47.29822626,35.41837977,5.97489006,0.52220789,2018-08-27 00:00:00
600809,600809.SH,山西汾酒,10634767,069001001001,016165,白酒Ⅱ,1277,42114859658.24,42114859658.24,48.64,-0.673881968552,865848266,865848266,32.91320404,44.60839153,7.4427622,46.97949204,59.25895311,5.49929305,0.51868882,2018-08-28 00:00:00
600809,600809.SH,山西汾酒,10634767,069001001001,016165,白酒Ⅱ,1277,42019616348.98,42019616348.98,48.53,-0.226151315789,865848266,865848266,32.83877039,44.50750906,7.4259303,46.8732473,59.1249382,5.48685633,0.5175158,2018-08-29 00:00:00
600809,600809.SH,山西汾酒,10634767,069001001001,016165,白酒Ⅱ,1277,41578033733.32,41578033733.32,48.02,-1.050896352771,865848266,865848266,32.49366895,44.03978127,7.34789147,46.38065805,58.50359638,5.42919516,0.51207724,2018-08-30 00:00:00
600809,600809.SH,山西汾酒,10634767,069001001001,016165,白酒Ⅱ,1277,40954622981.8,40954622981.8,47.3,-1.499375260308,865848266,865848266,32.00646692,43.37945969,7.237719,45.68523794,57.62640793,5.34779115,0.50439928,2018-08-31 00:00:00
600809,600809.SH,山西汾酒,10634767,069001001001,016165,白酒Ⅱ,1277,40244627403.68,40244627403.68,46.48,-1.733615221987,865848266,865848266,31.45159794,42.62742677,7.1122448,44.8932317,56.62738775,5.25508103,0.49565494,2018-09-03 00:00:00
600809,600809.SH,山西汾酒,10634767,069001001001,016165,白酒Ⅱ,1277,41249011392.24,41249011392.24,47.64,2.49569707401,865848266,865848266,32.23653455,43.69127821,7.28974489,46.01363077,58.04063581,5.38623193,0.50802499,2018-09-04 00:00:00
600809,600809.SH,山西汾酒,10634767,069001001001,016165,白酒Ⅱ,1277,39993531406.54,39993531406.54,46.19,-3.043660789253,865848266,865848266,31.25536379,42.36146391,7.06786978,44.61313193,56.27407574,5.2222933,0.49256243,2018-09-05 00:00:00
600809,600809.SH,山西汾酒,10634767,069001001001,016165,白酒Ⅱ,1277,38599515698.28,38599515698.28,44.58,-3.48560294436,865848266,865848266,30.16592591,40.88491148,6.8215119,43.05809529,54.3125849,5.04026489,0.47539366,2018-09-06 00:00:00
600809,600809.SH,山西汾酒,10634767,069001001001,016165,白酒Ⅱ,1277,39681826030.78,39681826030.78,45.83,2.803947958726,865848266,865848266,31.01176277,42.03130312,7.01278355,44.26542188,55.83548151,5.18159129,0.48872345,2018-09-07 00:00:00
600809,600809.SH,山西汾酒,10634767,069001001001,016165,白酒Ⅱ,1277,39387437620.34,39387437620.34,45.49,-0.741872136155,865848266,865848266,30.78169514,41.71948459,6.96075766,43.93702905,55.42125363,5.14315051,0.48509775,2018-09-10 00:00:00
600809,600809.SH,山西汾酒,10634767,069001001001,016165,白酒Ⅱ,1277,39179634036.5,39179634036.5,45.25,-0.527588480985,865848266,865848266,30.61929446,41.4993774,6.9240335,43.70522234,55.12885748,5.11601584,0.48253843,2018-09-11 00:00:00
600809,600809.SH,山西汾酒,10634767,069001001001,016165,白酒Ⅱ,1277,37924154050.8,37924154050.8,43.8,-3.204419889503,865848266,865848266,29.6381237,40.16956309,6.7021584,42.3047235,53.36229741,4.95207721,0.46707587,2018-09-12 00:00:00
600809,600809.SH,山西汾酒,10634767,069001001001,016165,白酒Ⅱ,1277,37413303573.86,37413303573.86,43.21,-1.34703196347,865848266,865848266,29.2388887,39.62846624,6.61187818,41.73486536,52.64349021,4.88537115,0.46078421,2018-09-13 00:00:00
600809,600809.SH,山西汾酒,10634767,069001001001,016165,白酒Ⅱ,1277,37257450885.98,37257450885.98,43.03,-0.416570238371,865848266,865848266,29.11708819,39.46338584,6.58433506,41.56101033,52.42419309,4.86502015,0.45886472,2018-09-14 00:00:00
600809,600809.SH,山西汾酒,10634767,069001001001,016165,白酒Ⅱ,1277,37110256680.76,37110256680.76,42.86,-0.395073204741,865848266,865848266,29.00205438,39.30747658,6.55832212,41.39681391,52.21707916,4.84579976,0.45705187,2018-09-17 00:00:00
600809,600809.SH,山西汾酒,10634767,069001001001,016165,白酒Ⅱ,1277,37750984397.6,37750984397.6,43.6,1.726551563229,865848266,865848266,29.5027898,39.98614043,6.67155493,42.11155125,53.11863395,4.92946499,0.4649431,2018-09-18 00:00:00
600809,600809.SH,山西汾酒,10634767,069001001001,016165,白酒Ⅱ,1277,38616832663.6,38616832663.6,44.6,2.293577981651,865848266,865848266,30.1794593,40.90325374,6.82457225,43.07741252,54.33695124,5.04252611,0.47560694,2018-09-19 00:00:00
600809,600809.SH,山西汾酒,10634767,069001001001,016165,白酒Ⅱ,1277,38201225495.92,38201225495.92,44.12,-1.076233183857,865848266,865848266,29.85465794,40.46303935,6.75112394,42.61379911,53.75215894,4.98825677,0.4704883,2018-09-20 00:00:00
600809,600809.SH,山西汾酒,10634767,069001001001,016165,白酒Ⅱ,1277,39439388516.3,39439388516.3,45.55,3.241160471442,865848266,865848266,30.82229531,41.77451139,6.9699387,43.99498072,55.49435267,5.14993418,0.48573758,2018-09-21 00:00:00
600809,600809.SH,山西汾酒,10634767,069001001001,016165,白酒Ⅱ,1277,38980488935.32,38980488935.32,45.02,-1.163556531284,865848266,865848266,30.46366048,41.28844133,6.88883952,43.48307425,54.84864451,5.09001178,0.48008575,2018-09-25 00:00:00
600809,600809.SH,山西汾酒,10634767,069001001001,016165,白酒Ⅱ,1277,40746819397.96,40746819397.96,47.06,4.531319413594,865848266,865848266,31.84406624,43.15935249,7.20099484,45.45343124,57.33401178,5.32065648,0.50183996,2018-09-26 00:00:00
600809,600809.SH,山西汾酒,10634767,069001001001,016165,白酒Ⅱ,1277,40954622981.8,40954622981.8,47.3,0.509987250319,865848266,865848266,32.00646692,43.37945969,7.237719,45.68523794,57.62640793,5.34779115,0.50439928,2018-09-27 00:00:00
600809,600809.SH,山西汾酒,10634767,069001001001,016165,白酒Ⅱ,1277,40945964499.14,40945964499.14,47.29,-0.021141649049,865848266,865848266,31.99970023,43.37028855,7.23618883,45.67557933,57.61422476,5.34666054,0.50429265,2018-09-28 00:00:00
600809,600809.SH,山西汾酒,10634767,069001001001,016165,白酒Ⅱ,1277,37638424123.02,37638424123.02,43.47,-8.077817720448,865848266,865848266,29.41482277,39.8669157,6.28554125,41.98598929,52.9602527,4.91476704,0.46355681,2018-10-08 00:00:00
600809,600809.SH,山西汾酒,10634767,069001001001,016165,白酒Ⅱ,1277,36997696406.18,36997696406.18,42.73,-1.702323441454,865848266,865848266,28.91408735,39.18825185,6.178541,41.27125195,52.05869791,4.83110181,0.45566557,2018-10-09 00:00:00
600809,600809.SH,山西汾酒,10634767,069001001001,016165,白酒Ⅱ,1277,34694540018.62,34694540018.62,40.07,-6.225134565879,865848266,865848266,27.1141465,36.74873044,5.79391851,38.70206098,48.81797391,4.53035922,0.42729977,2018-10-10 00:00:00
600809,600809.SH,山西汾酒,10634767,069001001001,016165,白酒Ⅱ,1277,32252847908.5,32252847908.5,37.25,-7.037684052907,865848266,865848266,25.20593854,34.1624709,5.38616083,35.9783322,45.38231914,4.21152685,0.39722777,2018-10-11 00:00:00
600809,600809.SH,山西汾酒,10634767,069001001001,016165,白酒Ⅱ,1277,32902234108,32902234108,38,2.013422818792,865848266,865848266,25.71344066,34.85030588,5.49460702,36.70272815,46.29605711,4.2963227,0.40522564,2018-10-12 00:00:00
600809,600809.SH,山西汾酒,10634767,069001001001,016165,白酒Ⅱ,1277,32157604599.24,32157604599.24,37.14,-2.263157894737,865848266,865848266,25.13150489,34.06158843,5.37025539,35.87208746,45.24830424,4.19909013,0.39605474,2018-10-15 00:00:00
600809,600809.SH,山西汾酒,10634767,069001001001,016165,白酒Ⅱ,1277,32148946116.58,32148946116.58,37.13,-0.026925148088,865848266,865848266,25.1247382,34.0524173,5.36880944,35.86242885,45.23612107,4.19795952,0.39594811,2018-10-16 00:00:00
600809,600809.SH,山西汾酒,10634767,069001001001,016165,白酒Ⅱ,1277,31473584469.1,31473584469.1,36.35,-2.100727174791,865848266,865848266,24.596936,33.33706891,5.2560254,35.10905706,44.28583358,4.10977184,0.38763032,2018-10-17 00:00:00
600809,600809.SH,山西汾酒,10634767,069001001001,016165,白酒Ⅱ,1277,31066635784.08,31066635784.08,35.88,-1.292984869326,865848266,865848266,24.27890133,32.90602566,5.18806579,34.65510227,43.71322445,4.05663311,0.38261832,2018-10-18 00:00:00
600809,600809.SH,山西汾酒,10634767,069001001001,016165,白酒Ⅱ,1277,32348091217.76,32348091217.76,37.36,4.1248606466,865848266,865848266,25.28037218,34.26335336,5.40206627,36.08457694,45.51633405,4.22396358,0.39840079,2018-10-19 00:00:00
600809,600809.SH,山西汾酒,10634767,069001001001,016165,白酒Ⅱ,1277,34590638226.7,34590638226.7,39.95,6.932548179872,865848266,865848266,27.03294616,36.63867684,5.77656712,38.58615763,48.67177583,4.51679189,0.42602011,2018-10-22 00:00:00
600809,600809.SH,山西汾酒,10634767,069001001001,016165,白酒Ⅱ,1277,31863216188.8,31863216188.8,36.8,-7.884856070088,865848266,865848266,24.90143727,33.7497699,5.32109312,35.54369463,44.83407636,4.16064935,0.39242904,2018-10-23 00:00:00
600809,600809.SH,山西汾酒,10634767,069001001001,016165,白酒Ⅱ,1277,31603461709,31603461709,36.5,-0.815217391304,865848266,865848266,24.69843642,33.47463591,5.27771464,35.25393625,44.46858118,4.12673101,0.38922989,2018-10-24 00:00:00
600809,600809.SH,山西汾酒,10634767,069001001001,016165,白酒Ⅱ,1277,31456267503.78,31456267503.78,36.33,-0.465753424658,865848266,865848266,24.58340261,33.31872665,5.2531335,35.08973984,44.26146724,4.10751062,0.38741704,2018-10-25 00:00:00
600809,600809.SH,山西汾酒,10634767,069001001001,016165,白酒Ⅱ,1277,30261396896.7,30261396896.7,34.95,-3.798513625103,865848266,865848266,21.57873563,32.05311028,5.05359251,33.75685129,74.53102756,3.73735967,0.37270095,2018-10-26 00:00:00
600809,600809.SH,山西汾酒,10634767,069001001001,016165,白酒Ⅱ,1277,27239586448.36,27239586448.36,31.46,-9.985693848355,865848266,865848266,19.42394915,28.85238482,4.54895624,30.38599547,67.08858733,3.36415838,0.33548418,2018-10-29 00:00:00
600809,600809.SH,山西汾酒,10634767,069001001001,016165,白酒Ⅱ,1277,27274220379,27274220379,31.5,0.127145581691,865848266,865848266,19.44864585,28.88906935,4.55474003,30.42462992,67.1738875,3.36843575,0.33591073,2018-10-30 00:00:00
600809,600809.SH,山西汾酒,10634767,069001001001,016165,白酒Ⅱ,1277,28001532922.44,28001532922.44,32.34,2.666666666667,865848266,865848266,19.9672764,29.65944453,4.67619977,31.23595338,68.96519117,3.45826071,0.34486835,2018-10-31 00:00:00
600809,600809.SH,山西汾酒,10634767,069001001001,016165,白酒Ⅱ,1277,28659577604.6,28659577604.6,33.1,2.350030921459,865848266,865848266,20.43651357,30.35645065,4.78609191,31.97000795,70.58589449,3.5395309,0.35297286,2018-11-01 00:00:00
600809,600809.SH,山西汾酒,10634767,069001001001,016165,白酒Ⅱ,1277,30166153587.44,30166153587.44,34.84,5.256797583082,865848266,865848266,21.51081972,31.95222781,5.03768707,33.65060655,74.29645208,3.72559688,0.37152793,2018-11-02 00:00:00
600809,600809.SH,山西汾酒,10634767,069001001001,016165,白酒Ⅱ,1277,29300305321.44,29300305321.44,33.84,-2.870264064294,865848266,865848266,20.8934024,31.0351145,4.89309215,32.68474528,72.16394772,3.61866241,0.3608641,2018-11-05 00:00:00
600809,600809.SH,山西汾酒,10634767,069001001001,016165,白酒Ⅱ,1277,29135794150.9,29135794150.9,33.65,-0.56146572104,865848266,865848266,20.7760931,30.86086297,4.86561911,32.50123164,71.75877189,3.59834486,0.35883797,2018-11-06 00:00:00
600809,600809.SH,山西汾酒,10634767,069001001001,016165,白酒Ⅱ,1277,28997258428.34,28997258428.34,33.49,-0.475482912333,865848266,865848266,20.67730633,30.71412484,4.84248393,32.34669384,71.41757119,3.58123535,0.35713176,2018-11-07 00:00:00
600809,600809.SH,山西汾酒,10634767,069001001001,016165,白酒Ⅱ,1277,29049209324.3,29049209324.3,33.55,0.179157957599,865848266,865848266,20.71435137,30.76915164,4.85115962,32.40464552,71.54552145,3.58765142,0.35777159,2018-11-08 00:00:00
600809,600809.SH,山西汾酒,10634767,069001001001,016165,白酒Ⅱ,1277,28702870017.9,28702870017.9,33.15,-1.192250372578,865848266,865848266,20.46738444,30.40230631,4.79332165,32.01830101,70.6925197,3.54487763,0.35350605,2018-11-09 00:00:00
600809,600809.SH,山西汾酒,10634767,069001001001,016165,白酒Ⅱ,1277,28754820913.86,28754820913.86,33.21,0.180995475113,865848266,865848266,20.50442948,30.45733311,4.80199735,32.07625268,70.82046997,3.5512937,0.35414588,2018-11-12 00:00:00
600809,600809.SH,山西汾酒,10634767,069001001001,016165,白酒Ⅱ,1277,29300305321.44,29300305321.44,33.84,1.89701897019,865848266,865848266,20.8934024,31.0351145,4.89309215,32.68474528,72.16394772,3.61866241,0.3608641,2018-11-13 00:00:00
600809,600809.SH,山西汾酒,10634767,069001001001,016165,白酒Ⅱ,1277,28728845465.88,28728845465.88,33.18,-1.950354609929,865848266,865848266,20.48590696,30.42981971,4.7976595,32.04727685,70.75649484,3.54808566,0.35382597,2018-11-14 00:00:00
600809,600809.SH,山西汾酒,10634767,069001001001,016165,白酒Ⅱ,1277,28927990567.06,28927990567.06,33.41,0.693188667872,865848266,865848266,20.62791294,30.64075577,4.83091633,32.26942494,71.24697084,3.57268059,0.35627865,2018-11-15 00:00:00
600809,600809.SH,山西汾酒,10634767,069001001001,016165,白酒Ⅱ,1277,29083843254.94,29083843254.94,33.59,0.538760850045,865848266,865848266,20.73904806,30.80583617,4.85694342,32.44327997,71.63082163,3.59192879,0.35819814,2018-11-16 00:00:00
600809,600809.SH,山西汾酒,10634767,069001001001,016165,白酒Ⅱ,1277,29863106694.34,29863106694.34,34.49,2.67936885978,865848266,865848266,21.29472366,31.63123815,4.98707885,33.31255511,73.55007555,3.68816982,0.36779559,2018-11-19 00:00:00
600809,600809.SH,山西汾酒,10634767,069001001001,016165,白酒Ⅱ,1277,28867381188.44,28867381188.44,33.34,-3.334299797043,865848266,865848266,20.58469373,30.57655784,4.82079469,32.20181465,71.09769553,3.56519518,0.35553218,2018-11-20 00:00:00
600809,600809.SH,山西汾酒,10634767,069001001001,016165,白酒Ⅱ,1277,29023233876.32,29023233876.32,33.52,0.539892021596,865848266,865848266,20.69582885,30.74163824,4.84682177,32.37566968,71.48154632,3.58444338,0.35745167,2018-11-21 00:00:00
600809,600809.SH,山西汾酒,10634767,069001001001,016165,白酒Ⅱ,1277,28962624497.7,28962624497.7,33.45,-0.208830548926,865848266,865848266,20.65260964,30.67744031,4.83670013,32.30805939,71.33227101,3.57695797,0.3567052,2018-11-22 00:00:00
600809,600809.SH,山西汾酒,10634767,069001001001,016165,白酒Ⅱ,1277,28131410162.34,28131410162.34,32.49,-2.869955156951,865848266,865848266,20.059889,29.79701153,4.69788901,31.38083257,69.28506682,3.47430088,0.34646792,2018-11-23 00:00:00
600809,600809.SH,山西汾酒,10634767,069001001001,016165,白酒Ⅱ,1277,27845680234.56,27845680234.56,32.16,-1.015697137581,865848266,865848266,19.85614128,29.49436413,4.65017268,31.06209835,68.58134038,3.4390125,0.34294886,2018-11-26 00:00:00
600809,600809.SH,山西汾酒,10634767,069001001001,016165,白酒Ⅱ,1277,27966898991.8,27966898991.8,32.3,0.435323383085,865848266,865848266,19.94257971,29.62276,4.67041597,31.19731893,68.87989099,3.45398333,0.34444179,2018-11-27 00:00:00
600809,600809.SH,山西汾酒,10634767,069001001001,016165,白酒Ⅱ,1277,28434457055.44,28434457055.44,32.84,1.671826625387,865848266,865848266,20.27598507,30.11800119,4.74849723,31.71888402,70.03144335,3.51172794,0.35020026,2018-11-28 00:00:00
600809,600809.SH,山西汾酒,10634767,069001001001,016165,白酒Ⅱ,1277,29179086564.2,29179086564.2,33.7,2.618757612667,865848266,865848266,20.80696397,30.90671864,4.87284886,32.54952471,71.86539711,3.60369159,0.35937116,2018-11-29 00:00:00
600809,600809.SH,山西汾酒,10634767,069001001001,016165,白酒Ⅱ,1277,31040660336.1,31040660336.1,35.85,6.379821958457,865848266,865848266,22.13441123,32.87851226,5.18372794,34.62612643,76.45028149,3.83360069,0.3822984,2018-11-30 00:00:00
600809,600809.SH,山西汾酒,10634767,069001001001,016165,白酒Ⅱ,1277,32971501969.28,32971501969.28,38.08,6.220362622036,865848266,865848266,23.51125187,34.92367494,5.50617462,36.77999706,81.20576622,4.07206456,0.40607875,2018-12-03 00:00:00
600809,600809.SH,山西汾酒,10634767,069001001001,016165,白酒Ⅱ,1277,33014794382.58,33014794382.58,38.13,0.131302521008,865848266,865848266,23.54212274,34.96953061,5.51340436,36.82829012,81.31239144,4.07741128,0.40661194,2018-12-04 00:00:00
600809,600809.SH,山西汾酒,10634767,069001001001,016165,白酒Ⅱ,1277,34391493125.52,34391493125.52,39.72,4.169944925256,865848266,865848266,24.52381629,36.42774078,5.74331029,38.36400953,84.70307338,4.24743709,0.42356743,2018-12-05 00:00:00
600809,600809.SH,山西汾酒,10634767,069001001001,016165,白酒Ⅱ,1277,33473693963.56,33473693963.56,38.66,-2.668680765358,865848266,865848266,23.86935392,35.45560067,5.59003967,37.34019659,82.44261876,4.13408655,0.41226377,2018-12-06 00:00:00
600809,600809.SH,山西汾酒,10634767,069001001001,016165,白酒Ⅱ,1277,33196622518.44,33196622518.44,38.34,-0.827728918779,865848266,865848266,23.67178037,35.16212441,5.5437693,37.03112099,81.76021736,4.09986752,0.40885134,2018-12-07 00:00:00
600809,600809.SH,山西汾酒,10634767,069001001001,016165,白酒Ⅱ,1277,32806990798.74,32806990798.74,37.89,-1.173708920188,865848266,865848266,23.39394258,34.74942342,5.47870158,36.59648342,80.8005904,4.05174701,0.40405262,2018-12-10 00:00:00
600809,600809.SH,山西汾酒,10634767,069001001001,016165,白酒Ⅱ,1277,33023452865.24,33023452865.24,38.14,0.659804697809,865848266,865848266,23.54829691,34.97870174,5.51485031,36.83794873,81.33371649,4.07848063,0.40671858,2018-12-11 00:00:00
600809,600809.SH,山西汾酒,10634767,069001001001,016165,白酒Ⅱ,1277,32902234108,32902234108,38,-0.367068694284,865848266,865848266,23.46185848,34.85030588,5.49460702,36.70272815,81.03516588,4.0635098,0.40522564,2018-12-12 00:00:00
600809,600809.SH,山西汾酒,10634767,069001001001,016165,白酒Ⅱ,1277,33265890379.72,33265890379.72,38.42,1.105263157895,865848266,865848266,23.72117376,35.23549347,5.55533689,37.10838989,81.93081771,4.10842228,0.40970445,2018-12-13 00:00:00
600809,600809.SH,山西汾酒,10634767,069001001001,016165,白酒Ⅱ,1277,33794057821.98,33794057821.98,39.03,1.58771473191,865848266,865848266,24.09779833,35.79493259,5.64353979,37.69756526,83.23164537,4.1736523,0.41620939,2018-12-14 00:00:00
600809,600809.SH,山西汾酒,10634767,069001001001,016165,白酒Ⅱ,1277,33551620307.5,33551620307.5,38.75,-0.717396874199,865848266,865848266,23.92492148,35.53814086,5.60305321,37.4271241,82.63454415,4.14371065,0.41322352,2018-12-17 00:00:00
600809,600809.SH,山西汾酒,10634767,069001001001,016165,白酒Ⅱ,1277,33084062243.86,33084062243.86,38.21,-1.393548387097,865848266,865848266,23.59151612,35.04289968,5.52497196,36.90555902,81.48299179,4.08596604,0.40746505,2018-12-18 00:00:00
600809,600809.SH,山西汾酒,10634767,069001001001,016165,白酒Ⅱ,1277,32815649281.4,32815649281.4,37.9,-0.811305940853,865848266,865848266,23.40011675,34.75859455,5.48014753,36.60614203,80.82191544,4.05281635,0.40415926,2018-12-19 00:00:00
600809,600809.SH,山西汾酒,10634767,069001001001,016165,白酒Ⅱ,1277,32694430524.16,32694430524.16,37.76,-0.369393139842,865848266,865848266,23.31367832,34.63019868,5.45990424,36.47092145,80.52336483,4.03784553,0.40266632,2018-12-20 00:00:00
600809,600809.SH,山西汾酒,10634767,069001001001,016165,白酒Ⅱ,1277,31690046535.6,31690046535.6,36.6,-3.072033898305,865848266,865848266,22.59747422,33.56634724,5.29217413,35.35052238,78.04965976,3.91380154,0.39029628,2018-12-21 00:00:00
600809,600809.SH,山西汾酒,10634767,069001001001,016165,白酒Ⅱ,1277,31906508602.1,31906508602.1,36.85,0.68306010929,865848266,865848266,22.75182855,33.79562557,5.32832286,35.5919877,78.58278586,3.94053516,0.39296223,2018-12-24 00:00:00
600809,600809.SH,山西汾酒,10634767,069001001001,016165,白酒Ⅱ,1277,31551510813.04,31551510813.04,36.44,-1.112618724559,865848266,865848266,22.49868745,33.41960911,5.26903895,35.19598458,77.70845907,3.89669203,0.38859006,2018-12-25 00:00:00
600809,600809.SH,山西汾酒,10634767,069001001001,016165,白酒Ⅱ,1277,30876149165.56,30876149165.56,35.66,-2.140504939627,865848266,865848266,22.01710193,32.70426073,5.15625491,34.44261279,76.04510566,3.81328314,0.38027227,2018-12-26 00:00:00
600809,600809.SH,山西汾酒,10634767,069001001001,016165,白酒Ⅱ,1277,30330664757.98,30330664757.98,35.03,-1.76668536175,865848266,865848266,21.62812902,32.12647934,5.06516011,33.83412019,74.70162791,3.74591443,0.37355406,2018-12-27 00:00:00
600809,600809.SH,山西汾酒,10634767,069001001001,016165,白酒Ⅱ,1277,30347981723.3,30347981723.3,35.05,0.057093919498,865848266,865848266,21.64047736,32.14482161,5.068052,33.85343742,74.744278,3.74805312,0.37376733,2018-12-28 00:00:00
600809,600809.SH,山西汾酒,10634767,069001001001,016165,白酒Ⅱ,1277,29612010697.2,29612010697.2,34.2,-2.425106990014,865848266,865848266,21.11567263,20.18908429,4.7652469,30.65676502,72.93164929,3.65715882,0.47491975,2019-01-02 00:00:00
600809,600809.SH,山西汾酒,10634767,069001001001,016165,白酒Ⅱ,1277,28642260639.28,28642260639.28,33.08,-3.27485380117,865848266,865848266,20.42416523,19.5279213,4.60919203,29.65280078,70.5432444,3.53739221,0.45936682,2019-01-03 00:00:00
600809,600809.SH,山西汾酒,10634767,069001001001,016165,白酒Ⅱ,1277,29534084353.26,29534084353.26,34.11,3.113663845224,865848266,865848266,21.06010507,20.13595512,4.75270677,30.57608932,72.73972389,3.64753472,0.47366996,2019-01-04 00:00:00
600809,600809.SH,山西汾酒,10634767,069001001001,016165,白酒Ⅱ,1277,29317622286.76,29317622286.76,33.86,-0.732922896511,865848266,865848266,20.90575074,19.9883741,4.7178731,30.35199016,72.2065978,3.6208011,0.47019833,2019-01-07 00:00:00
600809,600809.SH,山西汾酒,10634767,069001001001,016165,白酒Ⅱ,1277,29291646838.78,29291646838.78,33.83,-0.088600118133,865848266,865848266,20.88722822,19.97066437,4.71369306,30.32509826,72.14262267,3.61759307,0.46978173,2019-01-08 00:00:00
600809,600809.SH,山西汾酒,10634767,069001001001,016165,白酒Ⅱ,1277,30313347792.66,30313347792.66,35.01,3.48802837718,865848266,865848266,21.61578067,20.66724682,4.87810801,31.38284629,74.65897782,3.74377574,0.48616785,2019-01-09 00:00:00
600809,600809.SH,山西汾酒,10634767,069001001001,016165,白酒Ⅱ,1277,30027617864.88,30027617864.88,34.68,-0.942587832048,865848266,865848266,21.41203295,20.47243986,4.83212755,31.0870354,73.95525138,3.70848736,0.48158529,2019-01-10 00:00:00
600809,600809.SH,山西汾酒,10634767,069001001001,016165,白酒Ⅱ,1277,30625053168.42,30625053168.42,35.37,1.989619377163,865848266,865848266,21.83805091,20.87976349,4.9282685,31.70554908,75.42667939,3.78227215,0.49116701,2019-01-11 00:00:00
600809,600809.SH,山西汾酒,10634767,069001001001,016165,白酒Ⅱ,1277,29759204902.42,29759204902.42,34.37,-2.827254735652,865848266,865848266,21.22063358,20.28943939,4.7889338,30.80915245,73.29417503,3.67533768,0.47728046,2019-01-14 00:00:00
600809,600809.SH,山西汾酒,10634767,069001001001,016165,白酒Ⅱ,1277,32737722937.46,32737722937.46,37.81,10.008728542333,865848266,865848266,23.34454919,22.3201543,5.26824518,33.89275688,80.62999005,4.04319225,0.52505017,2019-01-15 00:00:00
600809,600809.SH,山西汾酒,10634767,069001001001,016165,白酒Ⅱ,1277,31941142532.74,31941142532.74,36.89,-2.433218725205,865848266,865848266,22.77652525,21.77705613,5.14005725,33.06807197,78.66808603,3.94481254,0.51227455,2019-01-16 00:00:00
600809,600809.SH,山西汾酒,10634767,069001001001,016165,白酒Ⅱ,1277,31932484050.08,31932484050.08,36.88,-0.02710761724,865848266,865848266,22.77035107,21.77115289,5.1386639,33.05910801,78.64676099,3.94374319,0.51213569,2019-01-17 00:00:00
600809,600809.SH,山西汾酒,10634767,069001001001,016165,白酒Ⅱ,1277,32555894801.6,32555894801.6,37.6,1.952277657267,865848266,865848266,23.21489155,22.19618624,5.23898489,33.70451359,80.18216413,4.02073601,0.522134,2019-01-18 00:00:00
600809,600809.SH,山西汾酒,10634767,069001001001,016165,白酒Ⅱ,1277,33092720726.52,33092720726.52,38.22,1.648936170213,865848266,865848266,23.59769029,22.56218718,5.32537241,34.2602795,81.50431684,4.08703538,0.53074365,2019-01-21 00:00:00
600809,600809.SH,山西汾酒,10634767,069001001001,016165,白酒Ⅱ,1277,32114312185.94,32114312185.94,37.09,-2.956567242282,865848266,865848266,22.90000871,21.89512095,5.16792419,33.2473513,79.0945869,3.96619943,0.51505186,2019-01-22 00:00:00
600809,600809.SH,山西汾酒,10634767,069001001001,016165,白酒Ⅱ,1277,32036385842,32036385842,37,-0.242653006201,865848266,865848266,22.84444115,21.84199178,5.15538407,33.1666756,78.90266151,3.95657533,0.51380207,2019-01-23 00:00:00
600809,600809.SH,山西汾酒,10634767,069001001001,016165,白酒Ⅱ,1277,32902234108,32902234108,38,2.702702702703,865848266,865848266,23.46185848,22.43231588,5.29471877,34.06307224,81.03516588,4.0635098,0.52768861,2019-01-24 00:00:00
600809,600809.SH,山西汾酒,10634767,069001001001,016165,白酒Ⅱ,1277,33023452865.24,33023452865.24,38.14,0.368421052632,865848266,865848266,23.54829691,22.51496125,5.31422563,34.18856777,81.33371649,4.07848063,0.52963273,2019-01-25 00:00:00
600809,600809.SH,山西汾酒,10634767,069001001001,016165,白酒Ⅱ,1277,33283207345.04,33283207345.04,38.44,0.786575773466,865848266,865848266,23.73352211,22.69205849,5.35602604,34.45748676,81.9734678,4.11056097,0.53379869,2019-01-28 00:00:00
600809,600809.SH,山西汾酒,10634767,069001001001,016165,白酒Ⅱ,1277,34616613674.68,34616613674.68,39.98,4.006243496358,865848266,865848266,24.68434479,23.6011576,5.57060149,35.83793759,85.25752452,4.27524005,0.55518397,2019-01-29 00:00:00
600809,600809.SH,山西汾酒,10634767,069001001001,016165,白酒Ⅱ,1277,34140397128.38,34140397128.38,39.43,-1.375687843922,865848266,865848266,24.34476526,23.27647935,5.4939674,35.34491943,84.08464712,4.21642609,0.54754637,2019-01-30 00:00:00
600809,600809.SH,山西汾酒,10634767,069001001001,016165,白酒Ⅱ,1277,34581979744.04,34581979744.04,39.94,1.293431397413,865848266,865848266,24.6596481,23.57754464,5.5650281,35.80208172,85.17222434,4.27096267,0.55462851,2019-01-31 00:00:00
600809,600809.SH,山西汾酒,10634767,069001001001,016165,白酒Ⅱ,1277,34616613674.68,34616613674.68,39.98,0.100150225338,865848266,865848266,24.68434479,23.6011576,5.57060149,35.83793759,85.25752452,4.27524005,0.55518397,2019-02-01 00:00:00
600809,600809.SH,山西汾酒,10634767,069001001001,016165,白酒Ⅱ,1277,36079897244.22,36079897244.22,41.67,4.227113556778,865848266,865848266,25.72778008,24.59880534,5.80607714,37.3528479,88.8614569,4.4559593,0.57865222,2019-02-11 00:00:00
600809,600809.SH,山西汾酒,10634767,069001001001,016165,白酒Ⅱ,1277,37603790192.38,37603790192.38,43.43,4.223662107031,865848266,865848266,26.81443458,25.63777576,6.05130622,38.93050599,92.61466458,4.64416396,0.60309254,2019-02-12 00:00:00
600809,600809.SH,山西汾酒,10634767,069001001001,016165,白酒Ⅱ,1277,38045372808.04,38045372808.04,43.94,1.174303476859,865848266,865848266,27.12931741,25.93884105,6.12236692,39.38766827,93.7022418,4.69870054,0.61017468,2019-02-13 00:00:00
600809,600809.SH,山西汾酒,10634767,069001001001,016165,白酒Ⅱ,1277,38850611695.42,38850611695.42,44.87,2.116522530724,865848266,865848266,27.70351553,26.48784246,6.25194819,40.22131714,95.68547086,4.7981496,0.62308916,2019-02-14 00:00:00
600809,600809.SH,山西汾酒,10634767,069001001001,016165,白酒Ⅱ,1277,38460979975.72,38460979975.72,44.42,-1.002897258747,865848266,865848266,27.42567773,26.22219662,6.18924758,39.81793866,94.7258439,4.75002909,0.61684022,2019-02-15 00:00:00
600809,600809.SH,山西汾酒,10634767,069001001001,016165,白酒Ⅱ,1277,40997915395.1,40997915395.1,47.35,6.596127870329,865848266,865848266,29.2347105,27.95184624,6.59749826,42.44438081,100.97408169,5.06334708,0.65752779,2019-02-18 00:00:00
600809,600809.SH,山西汾酒,10634767,069001001001,016165,白酒Ⅱ,1277,40513040366.14,40513040366.14,46.79,-1.182682154171,865848266,865848266,28.8889568,27.62126474,6.51947083,41.94239869,99.77987924,5.00346378,0.64975132,2019-02-19 00:00:00
600809,600809.SH,山西汾酒,10634767,069001001001,016165,白酒Ⅱ,1277,41240352909.58,41240352909.58,47.63,1.795255396452,865848266,865848266,29.40758736,28.11713698,6.63651198,42.69537187,101.57118291,5.09328873,0.66141602,2019-02-20 00:00:00
600809,600809.SH,山西汾酒,10634767,069001001001,016165,白酒Ⅱ,1277,41041207808.4,41041207808.4,47.4,-0.482888935545,865848266,865848266,29.26558137,27.98136244,6.604465,42.48920064,101.08070691,5.0686938,0.65822211,2019-02-21 00:00:00
600809,600809.SH,山西汾酒,10634767,069001001001,016165,白酒Ⅱ,1277,40694868502,40694868502,47,-0.84388185654,865848266,865848266,29.01861444,27.7452328,6.54873111,42.13064198,100.22770516,5.02592002,0.6526675,2019-02-22 00:00:00
600809,600809.SH,山西汾酒,10634767,069001001001,016165,白酒Ⅱ,1277,42314004759.42,42314004759.42,48.87,3.978723404255,865848266,865848266,30.17318484,28.84913887,6.80928701,43.8069037,104.21548832,5.22588747,0.67863533,2019-02-25 00:00:00
600809,600809.SH,山西汾酒,10634767,069001001001,016165,白酒Ⅱ,1277,41274986840.22,41274986840.22,47.67,-2.455494168201,865848266,865848266,29.43228405,28.14074995,6.64208537,42.73122773,101.65648309,5.09756611,0.66197148,2019-02-26 00:00:00
600809,600809.SH,山西汾酒,10634767,069001001001,016165,白酒Ⅱ,1277,41829129730.46,41829129730.46,48.31,1.342563457101,865848266,865848266,29.82743114,28.51855737,6.73125958,43.30492158,103.02128588,5.16600417,0.67085887,2019-02-27 00:00:00
600809,600809.SH,山西汾酒,10634767,069001001001,016165,白酒Ⅱ,1277,42937415510.94,42937415510.94,49.59,2.649554957566,865848266,865848266,30.61772532,29.27417222,6.909608,44.45230928,105.75089147,5.30288029,0.68863364,2019-02-28 00:00:00
600809,600809.SH,山西汾酒,10634767,069001001001,016165,白酒Ⅱ,1277,45465692447.66,45465692447.66,52.51,5.888283928211,865848266,865848266,32.42058392,30.9979186,7.31646534,47.06978746,111.97780421,5.61512894,0.72918234,2019-03-01 00:00:00
600809,600809.SH,山西汾酒,10634767,069001001001,016165,白酒Ⅱ,1277,46972268430.5,46972268430.5,54.25,3.313654541992,865848266,865848266,33.49489007,32.02508254,7.55890772,48.62951761,115.68836181,5.80119491,0.75334493,2019-03-04 00:00:00
600809,600809.SH,山西汾酒,10634767,069001001001,016165,白酒Ⅱ,1277,47881409109.8,47881409109.8,55.3,1.935483870968,865848266,865848266,34.14317827,32.64492285,7.70520916,49.57073408,117.92749139,5.9134761,0.7679258,2019-03-05 00:00:00
600809,600809.SH,山西汾酒,10634767,069001001001,016165,白酒Ⅱ,1277,47708239456.6,47708239456.6,55.1,-0.361663652803,865848266,865848266,34.0196948,32.52685803,7.67734222,49.39145475,117.50099052,5.89208921,0.76514849,2019-03-06 00:00:00
600809,600809.SH,山西汾酒,10634767,069001001001,016165,白酒Ⅱ,1277,45690812996.82,45690812996.82,52.77,-4.228675136116,865848266,865848266,32.58111242,31.15140287,7.35269236,47.30285058,112.53225535,5.6429319,0.73279285,2019-03-07 00:00:00
600809,600809.SH,山西汾酒,10634767,069001001001,016165,白酒Ⅱ,1277,44331431219.2,44331431219.2,51.2,-2.97517528899,865848266,865848266,31.61176722,30.22459403,7.13393687,45.89550786,109.1842235,5.47504478,0.71099097,2019-03-08 00:00:00
600809,600809.SH,山西汾酒,10634767,069001001001,016165,白酒Ⅱ,1277,46755806364,46755806364,54,5.46875,865848266,865848266,33.34053574,31.87750151,7.52407405,48.40541845,115.15523572,5.77446129,0.74987329,2019-03-11 00:00:00
600809,600809.SH,山西汾酒,10634767,069001001001,016165,白酒Ⅱ,1277,46097761681.84,46097761681.84,53.24,-1.407407407407,865848266,865848266,32.87129857,31.4288552,7.41817967,47.724157,113.5345324,5.6931911,0.73931952,2019-03-12 00:00:00
600809,600809.SH,山西汾酒,10634767,069001001001,016165,白酒Ⅱ,1277,45327156725.1,45327156725.1,52.35,-1.671675432006,865848266,865848266,32.32179715,30.90346675,7.29417178,46.926364,111.63660352,5.59801942,0.7269605,2019-03-13 00:00:00
600809,600809.SH,山西汾酒,10634767,069001001001,016165,白酒Ⅱ,1277,46045810785.88,46045810785.88,53.18,1.585482330468,865848266,865848266,32.83425353,31.39343575,7.40981959,47.67037321,113.40658214,5.68677503,0.73848633,2019-03-14 00:00:00
600809,600809.SH,山西汾酒,10634767,069001001001,016165,白酒Ⅱ,1277,47630313112.66,47630313112.66,55.01,3.44114328695,865848266,865848266,33.96412724,32.47372886,7.6648021,49.31077905,117.30906513,5.88246511,0.7638987,2019-03-15 00:00:00
600809,600809.SH,山西汾酒,10634767,069001001001,016165,白酒Ⅱ,1277,51950895960,51950895960,60,9.071077985821,865848266,865848266,37.04503971,35.41944613,8.36008227,53.78379828,127.95026191,6.4160681,0.83319255,2019-03-18 00:00:00
600809,600809.SH,山西汾酒,10634767,069001001001,016165,白酒Ⅱ,1277,50660782043.66,50660782043.66,58.51,-2.483333333333,865848266,865848266,36.12508789,34.53986322,8.15247356,52.44816729,124.7728304,6.25673575,0.8125016,2019-03-19 00:00:00
600809,600809.SH,山西汾酒,10634767,069001001001,016165,白酒Ⅱ,1277,49959444948.2,49959444948.2,57.7,-1.384378738677,865848266,865848266,35.62497985,34.06170069,8.03961245,51.72208601,123.04550187,6.17011883,0.8012535,2019-03-20 00:00:00
600809,600809.SH,山西汾酒,10634767,069001001001,016165,白酒Ⅱ,1277,49206156956.78,49206156956.78,56.83,-1.507798960139,865848266,865848266,35.08782678,33.54811872,7.91839126,50.94222093,121.19022307,6.07708584,0.78917221,2019-03-21 00:00:00
600809,600809.SH,山西汾酒,10634767,069001001001,016165,白酒Ⅱ,1277,49950786465.54,49950786465.54,57.69,1.513285236671,865848266,865848266,35.61880568,34.05579745,8.03821911,51.71312204,123.02417682,6.16904948,0.80111463,2019-03-22 00:00:00
600809,600809.SH,山西汾酒,10634767,069001001001,016165,白酒Ⅱ,1277,48790549789.1,48790549789.1,56.35,-2.32275957705,865848266,865848266,34.79146646,33.26476315,7.8515106,50.51195055,120.16662098,6.02575729,0.78250667,2019-03-25 00:00:00
600809,600809.SH,山西汾酒,10634767,069001001001,016165,白酒Ⅱ,1277,49266766335.4,49266766335.4,56.9,0.976042590949,865848266,865848266,35.13104599,33.58944141,7.92814469,51.0049687,121.33949838,6.08457125,0.79014427,2019-03-26 00:00:00
600809,600809.SH,山西汾酒,10634767,069001001001,016165,白酒Ⅱ,1277,50193223980.02,50193223980.02,57.97,1.880492091388,865848266,865848266,35.79168253,34.2210882,8.07723282,51.9641131,123.62127805,6.19899113,0.80500287,2019-03-27 00:00:00
600809,600809.SH,山西汾酒,10634767,069001001001,016165,白酒Ⅱ,1277,50323101219.92,50323101219.92,58.12,0.258754528204,865848266,865848266,35.88429513,34.30963682,8.09813303,52.0985726,123.9411537,6.2150313,0.80708585,2019-03-28 00:00:00
600809,600809.SH,山西汾酒,10634767,069001001001,016165,白酒Ⅱ,1277,52357844645.02,52357844645.02,60.47,4.043358568479,865848266,865848266,37.33522585,35.69689846,8.42556958,54.2051047,128.95253896,6.4663273,0.83971922,2019-03-29 00:00:00
600809,600809.SH,山西汾酒,10634767,069001001001,016165,白酒Ⅱ,1277,52764793330.04,52764793330.04,60.94,0.777244914834,865848266,865848266,37.625412,35.97435078,7.43255814,54.62641112,129.95481601,6.5165865,0.8462459,2019-04-01 00:00:00
600809,600809.SH,山西汾酒,10634767,069001001001,016165,白酒Ⅱ,1277,51725775410.84,51725775410.84,59.74,-1.96914998359,865848266,865848266,36.8845112,35.26596186,7.28619992,53.55073515,127.39581077,6.38826514,0.82958205,2019-04-02 00:00:00
600809,600809.SH,山西汾酒,10634767,069001001001,016165,白酒Ⅱ,1277,51431387000.4,51431387000.4,59.4,-0.569132909274,865848266,865848266,36.67458931,35.06525167,7.24473176,53.24596029,126.67075929,6.35190742,0.82486062,2019-04-03 00:00:00
600809,600809.SH,山西汾酒,10634767,069001001001,016165,白酒Ⅱ,1277,53189058980.38,53189058980.38,61.43,3.417508417508,865848266,865848266,37.92794649,36.26360959,7.49232108,55.06564547,130.99974315,6.56898439,0.8530503,2019-04-04 00:00:00
600809,600809.SH,山西汾酒,10634767,069001001001,016165,白酒Ⅱ,1277,52816744226,52816744226,61,-0.699983721309,865848266,865848266,37.66245704,36.00977023,7.43987605,54.68019491,130.08276627,6.52300257,0.84707909,2019-04-08 00:00:00
600809,600809.SH,山西汾酒,10634767,069001001001,016165,白酒Ⅱ,1277,52643574572.8,52643574572.8,60.8,-0.327868852459,865848266,865848266,37.53897357,35.89170541,7.41548302,54.50091559,129.6562654,6.50161568,0.84430178,2019-04-09 00:00:00
600809,600809.SH,山西汾酒,10634767,069001001001,016165,白酒Ⅱ,1277,53466130425.5,53466130425.5,61.75,1.5625,865848266,865848266,38.12552003,36.45251331,7.53134994,55.35249239,131.68214455,6.60320342,0.857494,2019-04-10 00:00:00
600809,600809.SH,山西汾酒,10634767,069001001001,016165,白酒Ⅱ,1277,49881518604.26,49881518604.26,57.61,-6.704453441296,865848266,865848266,35.56941229,34.00857152,7.02641409,51.64141031,122.85357648,6.16049473,0.80000371,2019-04-11 00:00:00
600809,600809.SH,山西汾酒,10634767,069001001001,016165,白酒Ⅱ,1277,49249449370.08,49249449370.08,56.88,-1.267141121333,865848266,865848266,35.11869764,33.57763493,6.93737951,50.98704077,121.29684829,6.08243256,0.78986654,2019-04-12 00:00:00
600809,600809.SH,山西汾酒,10634767,069001001001,016165,白酒Ⅱ,1277,49448594471.26,49448594471.26,57.11,0.404360056259,865848266,865848266,35.26070363,33.71340947,6.9654315,51.19321199,121.78732429,6.10702749,0.79306044,2019-04-15 00:00:00
600809,600809.SH,山西汾酒,10634767,069001001001,016165,白酒Ⅱ,1277,50825293214.2,50825293214.2,58.7,2.784100857993,865848266,865848266,36.24239718,34.65202479,7.15935614,52.61848265,125.17800623,6.2770533,0.81514004,2019-04-16 00:00:00
600809,600809.SH,山西汾酒,10634767,069001001001,016165,白酒Ⅱ,1277,51301509760.5,51301509760.5,59.25,0.936967632027,865848266,865848266,36.58197671,34.97670305,7.22643699,53.1115008,126.35088363,6.33586725,0.82277764,2019-04-17 00:00:00
600809,600809.SH,山西汾酒,10634767,069001001001,016165,白酒Ⅱ,1277,51959554442.66,51959554442.66,60.01,1.282700421941,865848266,865848266,37.05121388,35.42534937,7.31913052,53.79276224,127.97158695,6.41713745,0.83333141,2019-04-18 00:00:00
600809,600809.SH,山西汾酒,10634767,069001001001,016165,白酒Ⅱ,1277,51621873618.92,51621873618.92,59.62,-0.649891684719,865848266,865848266,36.81042112,35.19512297,7.2715641,53.44316755,127.13991025,6.37543301,0.82791566,2019-04-19 00:00:00
600809,600809.SH,山西汾酒,10634767,069001001001,016165,白酒Ⅱ,1277,50678099008.98,50678099008.98,58.53,-1.828245555183,865848266,865848266,36.13743624,34.5516697,7.13862206,52.46609522,124.81548049,6.25887444,0.81277933,2019-04-22 00:00:00
600809,600809.SH,山西汾酒,10634767,069001001001,016165,白酒Ⅱ,1277,50409686046.52,50409686046.52,58.22,-0.529642918162,865848266,865848266,35.94603686,34.36866923,7.10081285,52.18821226,124.15440414,6.22572475,0.8084745,2019-04-23 00:00:00
600809,600809.SH,山西汾酒,10634767,069001001001,016165,白酒Ⅱ,1277,49699690468.4,49699690468.4,57.4,-1.408450704225,865848266,865848266,35.43975466,33.88460346,7.0008014,51.45316702,122.40575056,6.13803849,0.79708754,2019-04-24 00:00:00
600809,600809.SH,山西汾酒,10634767,069001001001,016165,白酒Ⅱ,1277,50253833358.64,50253833358.64,58.04,1.114982578397,865848266,865848266,35.83490175,34.26241089,7.07885912,52.02686087,123.77055335,6.20647655,0.80597492,2019-04-25 00:00:00
600809,600809.SH,山西汾酒,10634767,069001001001,016165,白酒Ⅱ,1277,49786275295,49786275295,57.5,-0.930392832529,865848266,865848266,35.50149639,33.94363587,7.01299792,51.54280668,122.619001,6.14873193,0.79847619,2019-04-26 00:00:00
600809,600809.SH,山西汾酒,10634767,069001001001,016165,白酒Ⅱ,1277,48141163589.6,48141163589.6,55.6,-3.304347826087,865848266,865848266,29.56397867,32.82202008,6.78126407,49.83965307,15.01758088,4.78458764,0.77209176,2019-04-29 00:00:00
600809,600809.SH,山西汾酒,10634767,069001001001,016165,白酒Ⅱ,1277,49725665916.38,49725665916.38,57.43,3.291366906475,865848266,865848266,30.53703768,33.90231318,7.00446036,51.48005892,15.51186457,4.94206597,0.79750413,2019-04-30 00:00:00
600809,600809.SH,山西汾酒,10634767,069001001001,016165,白酒Ⅱ,1277,45301181277.12,45301181277.12,52.32,-8.897788612224,865848266,865848266,27.81991661,30.88575702,6.38121828,46.8994721,14.13165165,4.50233139,0.7265439,2019-05-06 00:00:00
600809,600809.SH,山西汾酒,10634767,069001001001,016165,白酒Ⅱ,1277,46980926913.16,46980926913.16,54.26,3.707951070336,865848266,865848266,28.85146551,32.03098578,6.61783073,48.63848158,14.65564638,4.66927563,0.75348379,2019-05-07 00:00:00
600809,600809.SH,山西汾酒,10634767,069001001001,016165,白酒Ⅱ,1277,48686647997.18,48686647997.18,56.23,3.630667158128,865848266,865848266,29.89896619,33.19392426,6.85810214,50.40438295,15.18774412,4.83880149,0.78084028,2019-05-08 00:00:00
600809,600809.SH,山西汾酒,10634767,069001001001,016165,白酒Ⅱ,1277,46288248300.36,46288248300.36,53.46,-4.926195980793,865848266,865848266,28.42608452,31.5587265,6.52025859,47.92136426,14.43956608,4.60043264,0.74237456,2019-05-09 00:00:00
600809,600809.SH,山西汾酒,10634767,069001001001,016165,白酒Ⅱ,1277,48718430069.4,48400918069.4,55.9,4.564160119716,871528266,865848266,29.91848389,33.21559287,6.86257903,50.43728634,15.1976585,4.8419602,0.78135001,2019-05-10 00:00:00
600809,600809.SH,山西汾酒,10634767,069001001001,016165,白酒Ⅱ,1277,49755548705.94,49431277505.94,57.09,2.128801431127,871528266,865848266,30.555389,33.92268688,7.00866971,51.51099601,15.52118647,4.94503592,0.7979834,2019-05-13 00:00:00
600809,600809.SH,山西汾酒,10634767,069001001001,016165,白酒Ⅱ,1277,48997319114.52,48677989514.52,56.22,-1.523909616395,871528266,865848266,30.08975249,33.4057358,6.90186392,50.72601499,15.28465762,4.86967804,0.78582285,2019-05-14 00:00:00
600809,600809.SH,山西汾酒,10634767,069001001001,016165,白酒Ⅱ,1277,51655480325.82,51318826725.82,59.27,5.425115617218,871528266,865848266,31.72215635,35.21803558,7.27629801,53.47795995,16.11386797,5.13386371,0.82845465,2019-05-15 00:00:00
600809,600809.SH,山西汾酒,10634767,069001001001,016165,白酒Ⅱ,1277,53259092335.26,52911987535.26,61.11,3.104437320736,871528266,865848266,32.70695081,36.31135743,7.50218612,55.1381497,16.6141129,5.29324129,0.8541735,2019-05-16 00:00:00
600809,600809.SH,山西汾酒,10634767,069001001001,016165,白酒Ⅱ,1277,52030237480.2,51691141480.2,59.7,-2.307314678449,871528266,865848266,31.95229853,35.47354015,7.32908708,53.86593908,16.23077303,5.17110955,0.83446503,2019-05-17 00:00:00
600809,600809.SH,山西汾酒,10634767,069001001001,016165,白酒Ⅱ,1277,50374333774.8,50046029774.8,57.8,-3.182579564489,871528266,865848266,30.93539121,34.34456651,7.09583305,52.15161271,15.71421577,5.00653488,0.80790752,2019-05-20 00:00:00
600809,600809.SH,山西汾酒,10634767,069001001001,016165,白酒Ⅱ,1277,50531208862.68,50201882462.68,57.98,0.311418685121,871528266,865848266,31.0317298,34.4515219,7.1179308,52.31402258,15.76315277,5.02212616,0.81042349,2019-05-21 00:00:00
600809,600809.SH,山西汾酒,10634767,069001001001,016165,白酒Ⅱ,1277,49738118140.62,49413960540.62,57.07,-1.569506726457,871528266,865848266,30.54468471,33.91080295,7.0062144,51.49295047,15.51574903,4.94330355,0.79770384,2019-05-22 00:00:00
600809,600809.SH,山西汾酒,10634767,069001001001,016165,白酒Ⅱ,1277,48613846677.48,48297016277.48,55.78,-2.260381987033,871528266,865848266,29.85425816,33.14428927,6.84784719,50.3290131,15.16503383,4.83156601,0.77967269,2019-05-23 00:00:00
600809,600809.SH,山西汾酒,10634767,069001001001,016165,白酒Ⅱ,1277,48901451005.26,48582746205.26,56.11,0.59160989602,871528266,865848266,30.03087891,33.34037416,6.88835974,50.62676452,15.25475167,4.86015003,0.78428531,2019-05-24 00:00:00
600809,600809.SH,山西汾酒,10634767,069001001001,016165,白酒Ⅱ,1277,49241347029,48920427029,56.5,0.69506326858,871528266,865848266,30.23961252,33.57211086,6.93623819,50.97865256,15.36078185,4.89393115,0.78973659,2019-05-27 00:00:00
600809,600809.SH,山西汾酒,10634767,069001001001,016165,白酒Ⅱ,1277,49851416815.2,49526520815.2,57.2,1.238938053097,871528266,865848266,30.61426258,33.98804851,7.02217389,51.61024649,15.55109242,4.95456393,0.79952094,2019-05-28 00:00:00
600809,600809.SH,山西汾酒,10634767,069001001001,016165,白酒Ⅱ,1277,49694541727.32,49370668127.32,57.02,-0.314685314685,871528266,865848266,30.51792399,33.88109312,7.00007614,51.44783662,15.50215541,4.93897264,0.79700496,2019-05-29 00:00:00
600809,600809.SH,山西汾酒,10634767,069001001001,016165,白酒Ⅱ,1277,48918881570.58,48600063170.58,56.13,-1.560855840056,871528266,865848266,30.04158319,33.3522581,6.89081504,50.64481006,15.26018912,4.8618824,0.78456486,2019-05-30 00:00:00
600809,600809.SH,山西汾酒,10634767,069001001001,016165,白酒Ⅱ,1277,49258777594.32,48937743994.32,56.52,0.694815606627,871528266,865848266,30.2503168,33.58399479,6.9386935,50.9966981,15.36621929,4.89566352,0.79001614,2019-05-31 00:00:00
600809,600809.SH,山西汾酒,10634767,069001001001,016165,白酒Ⅱ,1277,48605131394.82,48288357794.82,55.77,-1.326963906582,871528266,865848266,29.84890602,33.1383473,6.84661954,50.31999033,15.16231511,4.83069983,0.77953291,2019-06-03 00:00:00
600809,600809.SH,山西汾酒,10634767,069001001001,016165,白酒Ⅱ,1277,46888220710.8,46582636710.8,53.8,-3.532365070827,871528266,865848266,28.79453369,31.9677799,6.60477194,48.54250456,14.62672679,4.66006188,0.75199696,2019-06-04 00:00:00
600809,600809.SH,山西汾酒,10634767,069001001001,016165,白酒Ⅱ,1277,47062526364,46755806364,54,0.371747211896,871528266,865848266,28.90157656,32.08661923,6.629325,48.72295997,14.68110123,4.67738553,0.75479249,2019-06-05 00:00:00
600809,600809.SH,山西汾酒,10634767,069001001001,016165,白酒Ⅱ,1277,46966658254.74,46660563054.74,53.89,-0.203703703704,871528266,865848266,28.84270298,32.0212576,6.61582082,48.6237095,14.65119529,4.66785752,0.75325495,2019-06-06 00:00:00
600809,600809.SH,山西汾酒,10634767,069001001001,016165,白酒Ⅱ,1277,48875305157.28,48556770757.28,56.08,4.063833735387,871528266,865848266,30.01482248,33.32254826,6.88467678,50.59969621,15.2465955,4.85755149,0.78386598,2019-06-10 00:00:00
600809,600809.SH,山西汾酒,10634767,069001001001,016165,白酒Ⅱ,1277,52187112568.08,51846994168.08,59.88,6.776034236805,871528266,865848266,32.04863712,35.58049554,7.35118483,54.02834895,16.27971004,5.18670084,0.83698101,2019-06-11 00:00:00
600809,600809.SH,山西汾酒,10634767,069001001001,016165,白酒Ⅱ,1277,52256834829.36,51916262029.36,59.96,0.133600534402,871528266,865848266,32.09145427,35.62803127,7.36100605,54.10053111,16.30145981,5.1936303,0.83809922,2019-06-12 00:00:00
600809,600809.SH,山西汾酒,10634767,069001001001,016165,白酒Ⅱ,1277,51768779000.4,51431387000.4,59.4,-0.933955970647,871528266,865848266,31.79173422,35.29528115,7.2922575,53.59525597,16.14921136,5.14512408,0.83027174,2019-06-13 00:00:00
600809,600809.SH,山西汾酒,10634767,069001001001,016165,白酒Ⅱ,1277,51141278648.88,50807976248.88,58.68,-1.212121212121,871528266,865848266,31.40637987,34.86745956,7.2038665,52.9456165,15.95346334,5.08275894,0.82020784,2019-06-14 00:00:00
600809,600809.SH,山西汾酒,10634767,069001001001,016165,白酒Ⅱ,1277,51594473347.2,51258217347.2,59.2,0.886162235855,871528266,865848266,31.68469134,35.17644182,7.26770444,53.41480056,16.09483691,5.12780043,0.82747621,2019-06-17 00:00:00
600809,600809.SH,山西汾酒,10634767,069001001001,016165,白酒Ⅱ,1277,51411452411.34,51076389211.34,58.99,-0.35472972973,871528266,865848266,31.57229632,35.05166052,7.24192374,53.22532238,16.03774374,5.1096106,0.82454091,2019-06-18 00:00:00
600809,600809.SH,山西汾酒,10634767,069001001001,016165,白酒Ⅱ,1277,51699056739.12,51362119139.12,59.32,0.559416850314,871528266,865848266,31.74891707,35.24774542,7.28243628,53.52307381,16.12746158,5.13819462,0.82915353,2019-06-19 00:00:00
600809,600809.SH,山西汾酒,10634767,069001001001,016165,白酒Ⅱ,1277,54296210971.8,53942346971.8,62.3,5.023600809171,871528266,865848266,33.34385592,37.01845144,7.6482768,56.21185937,16.93764087,5.396317,0.87080689,2019-06-20 00:00:00
600809,600809.SH,山西汾酒,10634767,069001001001,016165,白酒Ⅱ,1277,54052183057.32,53699909457.32,62.02,-0.449438202247,871528266,865848266,33.1939959,36.85207638,7.61390253,55.9592218,16.86151664,5.37206389,0.86689316,2019-06-21 00:00:00
600809,600809.SH,山西汾酒,10634767,069001001001,016165,白酒Ⅱ,1277,55037009997.9,54678317997.9,63.15,1.821992905514,871528266,865848266,33.79878815,37.5235186,7.75262729,56.97879486,17.16873228,5.46994252,0.88268789,2019-06-24 00:00:00
600809,600809.SH,山西汾酒,10634767,069001001001,016165,白酒Ⅱ,1277,56431455223.5,56063675223.5,64.75,2.533650039588,871528266,865848266,34.65513116,38.47423324,7.94905174,58.42243811,17.60372787,5.60853172,0.90505211,2019-06-25 00:00:00
600809,600809.SH,山西汾酒,10634767,069001001001,016165,白酒Ⅱ,1277,55647079784.1,55284411784.1,63.85,-1.389961389961,871528266,865848266,34.17343821,37.93945625,7.83856299,57.61038878,17.35904285,5.53057529,0.89247223,2019-06-26 00:00:00
600809,600809.SH,山西汾酒,10634767,069001001001,016165,白酒Ⅱ,1277,59298783218.64,58912316018.64,68.04,6.562255285826,871528266,865848266,36.41598647,40.42914023,8.3529495,61.39092956,18.49818756,5.89350576,0.95103854,2019-06-27 00:00:00
600809,600809.SH,山西汾酒,10634767,069001001001,016165,白酒Ⅱ,1277,60179026767.3,59786822767.3,69.05,1.484420928865,871528266,865848266,36.95655299,41.02927884,8.47694243,62.30222937,18.77277852,5.9809902,0.96515596,2019-06-28 00:00:00
600809,600809.SH,山西汾酒,10634767,069001001001,016165,白酒Ⅱ,1277,62314271019,61908151019,71.5,3.548153511948,871528266,865848266,38.26782823,42.48506064,9.29655396,64.51280811,19.43886552,6.19320491,0.99940117,2019-07-01 00:00:00
600809,600809.SH,山西汾酒,10634767,069001001001,016165,白酒Ⅱ,1277,61930798581.96,61527177781.96,71.06,-0.615384615385,871528266,865848266,38.0323339,42.22361412,9.2393444,64.11580621,19.31924174,6.15509288,0.99325101,2019-07-02 00:00:00
600809,600809.SH,山西汾酒,10634767,069001001001,016165,白酒Ⅱ,1277,60536353356.36,60141820556.36,69.46,-2.25161835069,871528266,865848266,37.17599089,41.27289947,9.03130962,62.67216296,18.88424614,6.01650368,0.97088679,2019-07-03 00:00:00
600809,600809.SH,山西汾酒,10634767,069001001001,016165,白酒Ⅱ,1277,59612533394.4,59224021394.4,68.4,-1.526058162971,871528266,865848266,36.60866365,40.64305102,8.89348658,61.7157493,18.59606156,5.92468833,0.95607049,2019-07-04 00:00:00
600809,600809.SH,山西汾酒,10634767,069001001001,016165,白酒Ⅱ,1277,62471146106.88,62064003706.88,71.68,4.795321637427,871528266,865848266,38.36416682,42.59201604,9.31995787,64.67521798,19.48780253,6.20879619,1.00191715,2019-07-05 00:00:00
600809,600809.SH,山西汾酒,10634767,069001001001,016165,白酒Ⅱ,1277,60789096553.5,60392916553.5,69.75,-2.692522321429,871528266,865848266,37.33120306,41.4452165,9.06901592,62.9338233,18.96308909,6.04162297,0.9749403,2019-07-08 00:00:00
600809,600809.SH,山西汾酒,10634767,069001001001,016165,白酒Ⅱ,1277,60780381270.84,60384258070.84,69.74,-0.014336917563,871528266,865848266,37.32585092,41.43927453,9.06771571,62.92480053,18.96037037,6.04075679,0.97480053,2019-07-09 00:00:00
600809,600809.SH,山西汾酒,10634767,069001001001,016165,白酒Ⅱ,1277,61094131446.6,60695963446.6,70.1,0.516203039862,871528266,865848266,37.51852809,41.65318533,9.11452353,63.24962026,19.05824438,6.07193936,0.97983248,2019-07-10 00:00:00
600809,600809.SH,山西汾酒,10634767,069001001001,016165,白酒Ⅱ,1277,60562499204.34,60167796004.34,69.49,-0.870185449358,871528266,865848266,37.19204732,41.29072537,9.03521027,62.69923127,18.89240231,6.01910223,0.97130612,2019-07-11 00:00:00
600809,600809.SH,山西汾酒,10634767,069001001001,016165,白酒Ⅱ,1277,61712916515.46,61310715715.46,70.81,1.899553892646,871528266,865848266,37.89853031,42.07506495,9.20683896,63.89023696,19.25127367,6.13343832,0.9897566,2019-07-12 00:00:00
600809,600809.SH,山西汾酒,10634767,069001001001,016165,白酒Ⅱ,1277,60701943726.9,60306331726.9,69.65,-1.638186696794,871528266,865848266,37.27768162,41.38579684,9.05601375,62.84359559,18.93590187,6.03296115,0.97354254,2019-07-15 00:00:00
600809,600809.SH,山西汾酒,10634767,069001001001,016165,白酒Ⅱ,1277,60039582244.74,59648287044.74,68.89,-1.091170136396,871528266,865848266,36.87091869,40.93420738,8.95719723,62.15786505,18.72927896,5.96713128,0.96291953,2019-07-16 00:00:00
600809,600809.SH,山西汾酒,10634767,069001001001,016165,白酒Ⅱ,1277,60388193551.14,59994626351.14,69.29,0.580635796197,871528266,865848266,37.08500445,41.17188604,9.00920593,62.51877586,18.83802786,6.00177858,0.96851059,2019-07-17 00:00:00
600809,600809.SH,山西汾酒,10634767,069001001001,016165,白酒Ⅱ,1277,59176769261.4,58791097261.4,67.9,-2.006061480733,871528266,865848266,36.34105646,40.34595269,8.82847572,61.26461078,18.46012544,5.88137921,0.94908167,2019-07-18 00:00:00
600809,600809.SH,山西汾酒,10634767,069001001001,016165,白酒Ⅱ,1277,60562499204.34,60167796004.34,69.49,2.341678939617,871528266,865848266,37.19204732,41.29072537,9.03521027,62.69923127,18.89240231,6.01910223,0.97130612,2019-07-19 00:00:00
600809,600809.SH,山西汾酒,10634767,069001001001,016165,白酒Ⅱ,1277,59490519437.16,59102802637.16,68.26,-1.770038854511,871528266,865848266,36.53373363,40.55986349,8.87528354,61.58943051,18.55799945,5.91256178,0.95411362,2019-07-22 00:00:00
600809,600809.SH,山西汾酒,10634767,069001001001,016165,白酒Ⅱ,1277,59525380567.8,59137436567.8,68.3,0.058599472605,871528266,865848266,36.55514221,40.58363136,8.88048441,61.62552159,18.56887434,5.91602651,0.95467273,2019-07-23 00:00:00
600809,600809.SH,山西汾酒,10634767,069001001001,016165,白酒Ⅱ,1277,59525380567.8,59137436567.8,68.3,0,871528266,865848266,36.55514221,40.58363136,8.88048441,61.62552159,18.56887434,5.91602651,0.95467273,2019-07-24 00:00:00
600809,600809.SH,山西汾酒,10634767,069001001001,016165,白酒Ⅱ,1277,59568956981.1,59180728981.1,68.35,0.073206442167,871528266,865848266,36.58190293,40.61334119,8.8869855,61.67063545,18.58246795,5.92035742,0.95537161,2019-07-25 00:00:00
600809,600809.SH,山西汾酒,10634767,069001001001,016165,白酒Ⅱ,1277,59839130743.56,59449141943.56,68.66,0.453547915143,871528266,865848266,36.74781939,40.79754215,8.92729223,61.95034133,18.66674835,5.94720908,0.95970468,2019-07-26 00:00:00
600809,600809.SH,山西汾酒,10634767,069001001001,016165,白酒Ⅱ,1277,60675797878.92,60280356278.92,69.62,1.398193999417,871528266,865848266,37.26162519,41.36797094,9.0521131,62.81652728,18.9277457,6.0303626,0.97312321,2019-07-29 00:00:00
600809,600809.SH,山西汾酒,10634767,069001001001,016165,白酒Ⅱ,1277,59961144700.8,59570360700.8,68.8,-1.177822464809,871528266,865848266,36.8227494,40.88072968,8.94549528,62.07666011,18.70481046,5.95933563,0.96166155,2019-07-30 00:00:00
600809,600809.SH,山西汾酒,10634767,069001001001,016165,白酒Ⅱ,1277,59080901152.14,58695853952.14,67.79,-1.468023255814,871528266,865848266,36.28218288,40.28059106,8.81417333,61.16536031,18.43021949,5.8718512,0.94754413,2019-07-31 00:00:00
600809,600809.SH,山西汾酒,10634767,069001001001,016165,白酒Ⅱ,1277,58261664582.1,57881956582.1,66.85,-1.386635196932,871528266,865848266,35.77908136,39.72204621,8.6919529,60.31721989,18.17465958,5.79043004,0.93440515,2019-08-01 00:00:00
600809,600809.SH,山西汾酒,10634767,069001001001,016165,白酒Ⅱ,1277,57259407076.2,56886231076.2,65.7,-1.720269259536,871528266,865848266,35.16358482,39.03872006,8.5424279,59.2796013,17.8620065,5.69081906,0.91833087,2019-08-02 00:00:00
600809,600809.SH,山西汾酒,10634767,069001001001,016165,白酒Ⅱ,1277,56457601071.48,56089650671.48,64.78,-1.400304414003,871528266,865848266,34.67118759,38.49205914,8.42280791,58.44950643,17.61188404,5.61113027,0.90547144,2019-08-05 00:00:00
600809,600809.SH,山西汾酒,10634767,069001001001,016165,白酒Ⅱ,1277,56780066529.9,56410014529.9,65.15,0.571163939487,871528266,865848266,34.86921691,38.7119119,8.47091595,58.78334893,17.71247677,5.64317902,0.91064316,2019-08-06 00:00:00
600809,600809.SH,山西汾酒,10634767,069001001001,016165,白酒Ⅱ,1277,56780066529.9,56410014529.9,65.15,0,871528266,865848266,34.86921691,38.7119119,8.47091595,58.78334893,17.71247677,5.64317902,0.91064316,2019-08-07 00:00:00
600809,600809.SH,山西汾酒,10634767,069001001001,016165,白酒Ⅱ,1277,57608018382.6,57232570382.6,66.1,1.458173445894,871528266,865848266,35.37767057,39.27639872,8.5944366,59.64051211,17.9707554,5.72546636,0.92392192,2019-08-08 00:00:00
600809,600809.SH,山西汾酒,10634767,069001001001,016165,白酒Ⅱ,1277,56213573157,55847213157,64.5,-2.420574886536,871528266,865848266,34.52132756,38.32568408,8.38640182,58.19686886,17.53575981,5.58687716,0.9015577,2019-08-09 00:00:00
600809,600809.SH,山西汾酒,10634767,069001001001,016165,白酒Ⅱ,1277,58104789494.22,57726103894.22,66.67,3.364341085271,871528266,865848266,35.68274277,39.61509081,8.66854898,60.15481002,18.12572258,5.77483876,0.93188918,2019-08-12 00:00:00
600809,600809.SH,山西汾酒,10634767,069001001001,016165,白酒Ⅱ,1277,59455658306.52,59068168706.52,68.22,2.324883755812,871528266,865848266,36.51232506,40.53609562,8.87008267,61.55333943,18.54712456,5.90909705,0.95355452,2019-08-13 00:00:00
600809,600809.SH,山西汾酒,10634767,069001001001,016165,白酒Ⅱ,1277,60309756007.2,59916700007.2,69.2,1.436528877162,871528266,865848266,37.03683515,41.11840834,8.99750397,62.43757093,18.81355936,5.99398293,0.9672526,2019-08-14 00:00:00
600809,600809.SH,山西汾酒,10634767,069001001001,016165,白酒Ⅱ,1277,59568956981.1,59180728981.1,68.35,-1.228323699422,871528266,865848266,36.58190293,40.61334119,8.8869855,61.67063545,18.58246795,5.92035742,0.95537161,2019-08-15 00:00:00
600809,600809.SH,山西汾酒,10634767,069001001001,016165,白酒Ⅱ,1277,60754235422.86,60358282622.86,69.71,1.989758595465,871528266,865848266,37.30979449,41.42144864,9.06381505,62.89773222,18.9522142,6.03815824,0.9743812,2019-08-16 00:00:00
600809,600809.SH,山西汾酒,10634767,069001001001,016165,白酒Ⅱ,1277,60972117489.36,60574744689.36,69.96,0.358628604217,871528266,865848266,37.44359808,41.5699978,9.09632049,63.12330147,19.02018227,6.0598128,0.97787561,2019-08-19 00:00:00
600809,600809.SH,山西汾酒,10634767,069001001001,016165,白酒Ⅱ,1277,61878506886,61475226886,71,1.486563750715,871528266,865848266,38.00022104,42.18796232,9.23154309,64.06166959,19.3029294,6.14989578,0.99241235,2019-08-20 00:00:00
600809,600809.SH,山西汾酒,10634767,069001001001,016165,白酒Ⅱ,1277,60118019788.68,59726213388.68,68.98,-1.807829181495,871528266,865848266,36.91908799,40.98768508,8.96889919,62.23906998,18.75374747,5.97492692,0.96417752,2019-08-21 00:00:00
600809,600809.SH,山西汾酒,10634767,069001001001,016165,白酒Ⅱ,1277,61512465014.28,61111570614.28,70.58,2.319512902291,871528266,865848266,37.775431,41.93839972,9.17693396,63.68271324,19.18874306,6.11351612,0.98654174,2019-08-22 00:00:00
600809,600809.SH,山西汾酒,10634767,069001001001,016165,白酒Ⅱ,1277,62235833475.06,61830224675.06,71.41,1.175970529895,871528266,865848266,38.21965893,42.43158294,9.284852,64.43160318,19.41439702,6.18540927,0.99814318,2019-08-23 00:00:00
600809,600809.SH,山西汾酒,10634767,069001001001,016165,白酒Ⅱ,1277,61216145403.84,60817182203.84,70.24,-1.638425990758,871528266,865848266,37.59345811,41.73637286,9.13272657,63.37593904,19.09630649,6.08406591,0.98178935,2019-08-26 00:00:00
600809,600809.SH,山西汾酒,10634767,069001001001,016165,白酒Ⅱ,1277,64928855817,64505695817,74.5,6.064920273349,871528266,865848266,37.87255139,44.2676506,9.68661916,67.21963922,24.19727294,6.15748014,1.04133409,2019-08-27 00:00:00
600809,600809.SH,山西汾酒,10634767,069001001001,016165,白酒Ⅱ,1277,65233890710.1,64808742710.1,74.85,0.469798657718,871528266,865848266,38.05047613,44.47561943,9.73212677,67.53543618,24.31095141,6.18640789,1.04622626,2019-08-28 00:00:00
600809,600809.SH,山西汾酒,10634767,069001001001,016165,白酒Ⅱ,1277,65373335232.66,64947278432.66,75.01,0.213760855043,871528266,865848266,38.13181315,44.57069089,9.75293024,67.67980051,24.3629187,6.19963201,1.04846268,2019-08-29 00:00:00
600809,600809.SH,山西汾酒,10634767,069001001001,016165,白酒Ⅱ,1277,66889794415.5,66453854415.5,76.75,2.319690707906,871528266,865848266,39.01635328,45.60459307,9.97916806,69.24976255,24.92806307,6.3434443,1.07278377,2019-08-30 00:00:00
600809,600809.SH,山西汾酒,10634767,069001001001,016165,白酒Ⅱ,1277,68937885840.6,68488597840.6,79.1,3.061889250814,871528266,865848266,40.21099081,47.0009552,10.28471913,71.37011359,25.69133275,6.53767354,1.10563123,2019-09-02 00:00:00
600809,600809.SH,山西汾酒,10634767,069001001001,016165,白酒Ⅱ,1277,69242920733.7,68791644733.7,79.45,0.442477876106,871528266,865848266,40.38891555,47.20892403,10.33022674,71.68591055,25.80501121,6.5666013,1.1105234,2019-09-03 00:00:00
600809,600809.SH,山西汾酒,10634767,069001001001,016165,白酒Ⅱ,1277,66532467826.44,66098856626.44,76.34,-3.91441157961,871528266,865848266,38.80792716,45.36097244,9.92585915,68.87982897,24.79489687,6.3095575,1.06705294,2019-09-04 00:00:00
600809,600809.SH,山西汾酒,10634767,069001001001,016165,白酒Ⅱ,1277,66096703693.44,65665932493.44,75.84,-0.65496463191,871528266,865848266,38.55374896,45.06387411,9.86084828,68.42869045,24.63249906,6.26823213,1.06006412,2019-09-05 00:00:00
600809,600809.SH,山西汾酒,10634767,069001001001,016165,白酒Ⅱ,1277,66236148216,65804468216,76,0.210970464135,871528266,865848266,38.63508598,45.15894558,9.88165176,68.57305478,24.68446636,6.28145625,1.06230055,2019-09-06 00:00:00
600809,600809.SH,山西汾酒,10634767,069001001001,016165,白酒Ⅱ,1277,67072815351.36,66635682551.36,76.96,1.263157894737,871528266,865848266,39.12310812,45.72937436,10.00647262,69.43924073,24.99627014,6.36080096,1.07571908,2019-09-09 00:00:00
600809,600809.SH,山西汾酒,10634767,069001001001,016165,白酒Ⅱ,1277,66148995389.4,65717883389.4,75.9,-1.377338877339,871528266,865848266,38.58425035,45.09952591,9.86864959,68.48282707,24.6519868,6.27319117,1.06090278,2019-09-10 00:00:00
600809,600809.SH,山西汾酒,10634767,069001001001,016165,白酒Ⅱ,1277,62863333826.58,62453635426.58,72.13,-4.967061923584,871528266,865848266,36.66774674,42.85940453,9.37846765,65.08124264,23.42750735,5.96159788,1.00820708,2019-09-11 00:00:00
600809,600809.SH,山西汾酒,10634767,069001001001,016165,白酒Ⅱ,1277,65399481080.64,64973253880.64,75.04,4.034382365174,871528266,865848266,38.14706385,44.58851679,9.7568309,67.70686882,24.37266257,6.20211154,1.04888201,2019-09-12 00:00:00
600809,600809.SH,山西汾酒,10634767,069001001001,016165,白酒Ⅱ,1277,64981147512.96,64557646712.96,74.56,-0.639658848614,871528266,865848266,37.90305278,44.3033024,9.69442046,67.27377584,24.21676068,6.16243918,1.04217275,2019-09-16 00:00:00
600809,600809.SH,山西汾酒,10634767,069001001001,016165,白酒Ⅱ,1277,64510522249.32,64090088649.32,74.02,-0.724248927039,871528266,865848266,37.62854032,43.98243621,9.62420873,66.78654624,24.04137105,6.11780778,1.03462482,2019-09-17 00:00:00
600809,600809.SH,山西汾酒,10634767,069001001001,016165,白酒Ⅱ,1277,68223232662.48,67778602262.48,78.28,5.755201296947,871528266,865848266,39.79413856,46.51371395,10.17810131,70.63024642,25.42500035,6.46989993,1.09416956,2019-09-18 00:00:00
600809,600809.SH,山西汾酒,10634767,069001001001,016165,白酒Ⅱ,1277,67595732310.96,67155191510.96,77.56,-0.919775166071,871528266,865848266,39.42812196,46.08589236,10.08448566,69.98060695,25.19114751,6.4103914,1.08410566,2019-09-19 00:00:00
600809,600809.SH,山西汾酒,10634767,069001001001,016165,白酒Ⅱ,1277,67865906073.42,67423604473.42,77.87,0.399690562145,871528266,865848266,39.58571244,46.27009332,10.1247924,70.26031283,25.29183415,6.43601313,1.08843873,2019-09-20 00:00:00
600809,600809.SH,山西汾酒,10634767,069001001001,016165,白酒Ⅱ,1277,67072815351.36,66635682551.36,76.96,-1.168614357262,871528266,865848266,39.12310812,45.72937436,10.00647262,69.43924073,24.99627014,6.36080096,1.07571908,2019-09-23 00:00:00
600809,600809.SH,山西汾酒,10634767,069001001001,016165,白酒Ⅱ,1277,69452087517.54,68999448317.54,79.69,3.547297297297,871528266,865848266,40.51092108,47.35153123,10.36143196,71.90245704,25.88296216,6.58643748,1.11387803,2019-09-24 00:00:00
600809,600809.SH,山西汾酒,10634767,069001001001,016165,白酒Ⅱ,1277,69251636016.36,68800303216.36,79.46,-0.288618396286,871528266,865848266,40.39399911,47.214866,10.33152696,71.69493332,25.80825917,6.56742781,1.11066318,2019-09-25 00:00:00
600809,600809.SH,山西汾酒,10634767,069001001001,016165,白酒Ⅱ,1277,67691600420.22,67250434820.22,77.67,-2.252705763906,871528266,865848266,39.48404116,46.15125399,10.09878805,70.07985743,25.22687503,6.41948298,1.0856432,2019-09-26 00:00:00
600809,600809.SH,山西汾酒,10634767,069001001001,016165,白酒Ⅱ,1277,67508579484.36,67068606684.36,77.46,-0.270374662032,871528266,865848266,39.37728632,46.02647269,10.07148349,69.89037925,25.15866795,6.40212633,1.0827079,2019-09-27 00:00:00
600809,600809.SH,山西汾酒,10634767,069001001001,016165,白酒Ⅱ,1277,67377850244.46,66938729444.46,77.31,-0.193648334624,871528266,865848266,39.30103286,45.93734319,9.28969813,69.75503769,25.10994861,6.38972872,1.08061125,2019-09-30 00:00:00
600809,600809.SH,山西汾酒,10634767,069001001001,016165,白酒Ⅱ,1277,67369134961.8,66930070961.8,77.3,-0.012934937266,871528266,865848266,39.2959493,45.93140123,9.28849651,69.74601492,25.10670065,6.38890221,1.08047148,2019-10-08 00:00:00
600809,600809.SH,山西汾酒,10634767,069001001001,016165,白酒Ⅱ,1277,67351704396.48,66912753996.48,77.28,-0.025873221216,871528266,865848266,39.28578217,45.91951729,9.28609328,69.72796938,25.10020474,6.38724919,1.08019192,2019-10-09 00:00:00
600809,600809.SH,山西汾酒,10634767,069001001001,016165,白酒Ⅱ,1277,68606705099.52,68159575499.52,78.72,1.863354037267,871528266,865848266,40.01781538,46.77516047,9.45912607,71.02724831,25.56791042,6.50626626,1.10031972,2019-10-10 00:00:00
600809,600809.SH,山西汾酒,10634767,069001001001,016165,白酒Ⅱ,1277,69704830714.68,69250544314.68,79.98,1.600609756098,871528266,865848266,40.65834443,47.52384826,9.61052977,72.16411738,25.97715289,6.61040619,1.11793155,2019-10-11 00:00:00
600809,600809.SH,山西汾酒,10634767,069001001001,016165,白酒Ⅱ,1277,69635108453.4,69181276453.4,79.9,-0.100025006252,871528266,865848266,40.61767592,47.47631252,9.60091684,72.09193522,25.95116924,6.60379413,1.11681334,2019-10-14 00:00:00
600809,600809.SH,山西汾酒,10634767,069001001001,016165,白酒Ⅱ,1277,75212889355.8,74722705355.8,86.3,8.010012515645,871528266,865848266,43.87115685,51.2791711,10.36995148,77.86650825,28.02986114,7.13275887,1.20627022,2019-10-15 00:00:00
600809,600809.SH,山西汾酒,10634767,069001001001,016165,白酒Ⅱ,1277,74934000310.68,74445633910.68,85.98,-0.370799536501,871528266,865848266,43.7084828,51.08902817,10.33149974,77.5777796,27.92592655,7.10631063,1.20179738,2019-10-16 00:00:00
600809,600809.SH,山西汾酒,10634767,069001001001,016165,白酒Ⅱ,1277,74515666743,74030026743,85.5,-0.558269364969,871528266,865848266,43.46447173,50.80381378,10.27382215,77.14468662,27.77002465,7.06663828,1.19508811,2019-10-17 00:00:00
600809,600809.SH,山西汾酒,10634767,069001001001,016165,白酒Ⅱ,1277,72859763037.6,72384915037.6,83.6,-2.222222222222,871528266,865848266,42.49859458,49.67484014,10.04551499,75.43036025,27.15291299,6.90960187,1.1685306,2019-10-18 00:00:00
600809,600809.SH,山西汾酒,10634767,069001001001,016165,白酒Ⅱ,1277,74794555788.12,74307098188.12,85.82,2.655502392344,871528266,865848266,43.62714578,50.9939567,10.31227388,77.43341527,27.87395925,7.09308651,1.19956096,2019-10-21 00:00:00
600809,600809.SH,山西汾酒,10634767,069001001001,016165,白酒Ⅱ,1277,74541812590.98,74056002190.98,85.53,-0.337916569564,871528266,865848266,43.47972242,50.82163968,10.27742699,77.17175493,27.77976852,7.0691178,1.19550744,2019-10-22 00:00:00
600809,600809.SH,山西汾酒,10634767,069001001001,016165,白酒Ⅱ,1277,73992749783.4,73510517783.4,84.9,-0.736583654858,871528266,865848266,43.1594579,50.44729578,10.20172515,76.6033204,27.57514729,7.01704783,1.18670153,2019-10-23 00:00:00
600809,600809.SH,山西汾酒,10634767,069001001001,016165,白酒Ⅱ,1277,72554728144.5,72081868144.5,83.25,-1.943462897527,871528266,865848266,42.32066984,49.46687131,10.0034584,75.11456329,27.03923453,6.88067411,1.16363843,2019-10-24 00:00:00
600809,600809.SH,山西汾酒,10634767,069001001001,016165,白酒Ⅱ,1277,73077645104.1,72601377104.1,83.85,0.720720720721,871528266,865848266,42.62568368,49.8233893,10.0755554,75.65592951,27.2341119,6.93026456,1.17202501,2019-10-25 00:00:00
600809,600809.SH,山西汾酒,10634767,069001001001,016165,白酒Ⅱ,1277,74777125222.8,74289781222.8,85.8,2.325581395349,871528266,865848266,39.5447333,50.98207277,10.30987064,77.41536973,29.70684169,6.64731889,1.19928141,2019-10-28 00:00:00
600809,600809.SH,山西汾酒,10634767,069001001001,016165,白酒Ⅱ,1277,77260980780.9,76757448780.9,88.65,3.321678321678,871528266,865848266,40.85828213,52.67553323,10.65233138,79.98685929,30.69360741,6.86812144,1.23911768,2019-10-29 00:00:00
600809,600809.SH,山西汾酒,10634767,069001001001,016165,白酒Ⅱ,1277,77844904719.12,77337567119.12,89.32,0.755781161873,871528266,865848266,41.16708133,53.07364499,10.7328397,80.5913849,30.92558391,6.92002941,1.24848269,2019-10-30 00:00:00
600809,600809.SH,山西汾酒,10634767,069001001001,016165,白酒Ⅱ,1277,77566015674,77060495674,89,-0.358262427228,871528266,865848266,41.01959514,52.88350206,10.69438796,80.30265625,30.81478917,6.89523755,1.24400985,2019-10-31 00:00:00
600809,600809.SH,山西汾酒,10634767,069001001001,016165,白酒Ⅱ,1277,81034698172.68,80506571772.68,92.98,4.47191011236,871528266,865848266,42.85395457,55.24840474,11.17263138,83.89371886,32.19279884,7.20358637,1.29964085,2019-11-01 00:00:00
600809,600809.SH,山西汾酒,10634767,069001001001,016165,白酒Ⅱ,1277,80267753298.6,79744625298.6,92.1,-0.946440094644,871528266,865848266,42.44836756,54.72551168,11.06688912,83.09971506,31.88811328,7.13540874,1.28734053,2019-11-04 00:00:00
600809,600809.SH,山西汾酒,10634767,069001001001,016165,白酒Ⅱ,1277,80616364605,80090964605,92.5,0.43431053203,871528266,865848266,42.63272529,54.96319034,11.11495378,83.46062588,32.02660672,7.16639857,1.29293158,2019-11-05 00:00:00
600809,600809.SH,山西汾酒,10634767,069001001001,016165,白酒Ⅱ,1277,79047613726.2,78532437726.2,90.7,-1.945945945946,871528266,865848266,41.8031155,53.89363637,10.89866279,81.83652721,31.40338626,7.02694433,1.26777183,2019-11-06 00:00:00
600809,600809.SH,山西汾酒,10634767,069001001001,016165,白酒Ⅱ,1277,79657683512.4,79138531512.4,91.4,0.77177508269,871528266,865848266,42.12574153,54.30957402,10.98277595,82.46812114,31.64574977,7.08117654,1.27755618,2019-11-07 00:00:00
600809,600809.SH,山西汾酒,10634767,069001001001,016165,白酒Ⅱ,1277,79108620704.82,78593047104.82,90.77,-0.689277899344,871528266,865848266,41.8353781,53.93523013,10.90707411,81.8996866,31.42762261,7.03236755,1.26875027,2019-11-08 00:00:00
600809,600809.SH,山西汾酒,10634767,069001001001,016165,白酒Ⅱ,1277,79256780510.04,78740241310.04,90.94,0.187286548419,871528266,865848266,41.91373014,54.03624356,10.92750159,82.0530737,31.48648232,7.04553823,1.27112647,2019-11-11 00:00:00
600809,600809.SH,山西汾酒,10634767,069001001001,016165,白酒Ⅱ,1277,81583760980.26,81052056180.26,93.61,2.936001759402,871528266,865848266,43.14431799,55.62274863,11.24833323,84.46215339,32.410926,7.25239536,1.30844676,2019-11-12 00:00:00
600809,600809.SH,山西汾酒,10634767,069001001001,016165,白酒Ⅱ,1277,82446573963.6,81909245963.6,94.6,1.057579318449,871528266,865848266,43.60060338,56.21100331,11.36729327,85.35540765,32.75369725,7.32909519,1.32228463,2019-11-13 00:00:00
600809,600809.SH,山西汾酒,10634767,069001001001,016165,白酒Ⅱ,1277,85200603284.16,84645326484.16,97.76,3.340380549683,871528266,865848266,45.05702945,58.08866473,11.74700413,88.20660309,33.84779538,7.57391486,1.36645396,2019-11-14 00:00:00
600809,600809.SH,山西汾酒,10634767,069001001001,016165,白酒Ⅱ,1277,85932687027.6,85372639027.6,98.6,0.859247135843,871528266,865848266,45.44418069,58.58778992,11.84793992,88.9645158,34.13863159,7.63899351,1.37819518,2019-11-15 00:00:00
600809,600809.SH,山西汾酒,10634767,069001001001,016165,白酒Ⅱ,1277,84207061060.92,83658259460.92,96.62,-2.008113590264,871528266,865848266,44.53160992,57.41128055,11.61001983,87.17800727,33.45308909,7.48559384,1.35051946,2019-11-18 00:00:00
600809,600809.SH,山西汾酒,10634767,069001001001,016165,白酒Ⅱ,1277,85836818918.34,85277395718.34,98.49,1.935417097909,871528266,865848266,45.39348231,58.52242829,11.83472214,88.86526533,34.1005459,7.6304713,1.37665764,2019-11-19 00:00:00
600809,600809.SH,山西汾酒,10634767,069001001001,016165,白酒Ⅱ,1277,86019839854.2,85459223854.2,98.7,0.213219616205,871528266,865848266,45.49027012,58.64720959,11.85995609,89.0547435,34.17325495,7.64674096,1.37959294,2019-11-20 00:00:00
600809,600809.SH,山西汾酒,10634767,069001001001,016165,白酒Ⅱ,1277,85801957787.7,85242761787.7,98.45,-0.253292806484,871528266,865848266,45.37504654,58.49866042,11.82991567,88.82917424,34.08669656,7.62737232,1.37609854,2019-11-21 00:00:00
600809,600809.SH,山西汾酒,10634767,069001001001,016165,白酒Ⅱ,1277,82350705854.34,81814002654.34,94.49,-4.022346368715,871528266,865848266,43.549905,56.14564168,11.35407549,85.25615718,32.71561155,7.32057299,1.32074709,2019-11-22 00:00:00
600809,600809.SH,山西汾酒,10634767,069001001001,016165,白酒Ⅱ,1277,80982406476.72,80454620876.72,92.92,-1.66155148693,871528266,865848266,42.82630091,55.21275294,11.16542168,83.83958223,32.17202482,7.1989379,1.29880219,2019-11-25 00:00:00
600809,600809.SH,山西汾酒,10634767,069001001001,016165,白酒Ⅱ,1277,81923657004,81389737004,94,1.162290142058,871528266,865848266,43.32406678,55.85448532,11.29519628,84.81404143,32.5459571,7.28261044,1.31389804,2019-11-26 00:00:00
600809,600809.SH,山西汾酒,10634767,069001001001,016165,白酒Ⅱ,1277,81548899849.62,81017422249.62,93.57,-0.457446808511,871528266,865848266,43.12588222,55.59898076,11.24352676,84.42606231,32.39707665,7.24929637,1.30788766,2019-11-27 00:00:00
600809,600809.SH,山西汾酒,10634767,069001001001,016165,白酒Ⅱ,1277,81243864956.52,80714375356.52,93.22,-0.374051512237,871528266,865848266,42.96456921,55.39101193,11.20147018,84.11026534,32.2758949,7.22218027,1.30299548,2019-11-28 00:00:00
600809,600809.SH,山西汾酒,10634767,069001001001,016165,白酒Ⅱ,1277,77862335284.44,77354884084.44,89.34,-4.162196953443,871528266,865848266,41.17629921,53.08552892,10.73524293,80.60943044,30.93250859,6.9215789,1.24876225,2019-11-29 00:00:00
600809,600809.SH,山西汾酒,10634767,069001001001,016165,白酒Ⅱ,1277,76973376453.12,76471718853.12,88.32,-1.141705842848,871528266,865848266,40.706187,52.47944834,10.61267803,79.68910787,30.57935033,6.84255483,1.23450505,2019-12-02 00:00:00
600809,600809.SH,山西汾酒,10634767,069001001001,016165,白酒Ⅱ,1277,76851362495.88,76350500095.88,88.18,-0.158514492754,871528266,865848266,40.64166179,52.3962608,10.5958554,79.56278908,30.53087763,6.83170839,1.23254819,2019-12-03 00:00:00
600809,600809.SH,山西汾酒,10634767,069001001001,016165,白酒Ⅱ,1277,76764209669.28,76263915269.28,88.08,-0.113404400091,871528266,865848266,40.59557236,52.33684114,10.58383923,79.47256138,30.49625427,6.82396093,1.23115042,2019-12-04 00:00:00
600809,600809.SH,山西汾酒,10634767,069001001001,016165,白酒Ⅱ,1277,76851362495.88,76350500095.88,88.18,0.11353315168,871528266,865848266,40.64166179,52.3962608,10.5958554,79.56278908,30.53087763,6.83170839,1.23254819,2019-12-05 00:00:00
600809,600809.SH,山西汾酒,10634767,069001001001,016165,白酒Ⅱ,1277,78097647916.26,77588663116.26,89.61,1.621682921297,871528266,865848266,41.30074068,53.24596202,10.76768658,80.85304524,31.02599165,6.94249704,1.25253621,2019-12-06 00:00:00
600809,600809.SH,山西汾酒,10634767,069001001001,016165,白酒Ⅱ,1277,76354591384.26,75856966584.26,87.61,-2.231893761857,871528266,865848266,40.37895203,52.05756871,10.52736325,79.04849117,30.33352448,6.78754788,1.22458093,2019-12-09 00:00:00
600809,600809.SH,山西汾酒,10634767,069001001001,016165,白酒Ⅱ,1277,76720633255.98,76220622855.98,88.03,0.479397329072,871528266,865848266,40.57252765,52.30713131,10.57783115,79.42744752,30.47894259,6.8200872,1.23045154,2019-12-10 00:00:00
600809,600809.SH,山西汾酒,10634767,069001001001,016165,白酒Ⅱ,1277,75997264795.2,75501968795.2,87.2,-0.942860388504,871528266,865848266,40.18998535,51.81394809,10.47809697,78.67855758,30.19156871,6.7557833,1.2188501,2019-12-11 00:00:00
600809,600809.SH,山西汾酒,10634767,069001001001,016165,白酒Ⅱ,1277,75822959142,75328799142,87,-0.229357798165,871528266,865848266,40.09780649,51.69510875,10.45406464,78.49810218,30.12232199,6.74028839,1.21605457,2019-12-12 00:00:00
600809,600809.SH,山西汾酒,10634767,069001001001,016165,白酒Ⅱ,1277,77304557194.2,76800741194.2,88.7,1.954022988506,871528266,865848266,40.88132685,52.70524306,10.65833947,80.03197314,30.71091909,6.87199517,1.23981656,2019-12-13 00:00:00
600809,600809.SH,山西汾酒,10634767,069001001001,016165,白酒Ⅱ,1277,76703202690.66,76203305890.66,88.01,-0.777903043968,871528266,865848266,40.56330976,52.29524737,10.57542792,79.40940198,30.47201792,6.81853771,1.23017199,2019-12-16 00:00:00
600809,600809.SH,山西汾酒,10634767,069001001001,016165,白酒Ⅱ,1277,77217404367.6,76714156367.6,88.6,0.670378366095,871528266,865848266,40.83523741,52.6458234,10.6463233,79.94174544,30.67629573,6.86424771,1.23841879,2019-12-17 00:00:00
600809,600809.SH,山西汾酒,10634767,069001001001,016165,白酒Ⅱ,1277,77330703042.18,76826716642.18,88.73,0.146726862302,871528266,865848266,40.89515367,52.72306896,10.66194432,80.05904145,30.7213061,6.87431941,1.24023589,2019-12-18 00:00:00
600809,600809.SH,山西汾酒,10634767,069001001001,016165,白酒Ⅱ,1277,75822959142,75328799142,87,-1.949735151583,871528266,865848266,40.09780649,51.69510875,10.45406464,78.49810218,30.12232199,6.74028839,1.21605457,2019-12-19 00:00:00
600809,600809.SH,山西汾酒,10634767,069001001001,016165,白酒Ⅱ,1277,74846847484.08,74359049084.08,85.88,-1.287356321839,871528266,865848266,39.58160484,51.0296085,10.31948358,77.4875519,29.73454038,6.65351686,1.20039962,2019-12-20 00:00:00
600809,600809.SH,山西汾酒,10634767,069001001001,016165,白酒Ⅱ,1277,74541812590.98,74056002190.98,85.53,-0.407545412203,871528266,865848266,39.42029183,50.82163968,10.27742699,77.17175493,29.61335862,6.62640076,1.19550744,2019-12-23 00:00:00
600809,600809.SH,山西汾酒,10634767,069001001001,016165,白酒Ⅱ,1277,74210631849.9,73726979849.9,85.15,-0.444288553724,871528266,865848266,39.24515198,50.59584495,10.23176556,76.82888966,29.48178986,6.59696042,1.19019594,2019-12-24 00:00:00
600809,600809.SH,山西汾酒,10634767,069001001001,016165,白酒Ⅱ,1277,72458860035.24,71986624835.24,83.14,-2.360540223136,871528266,865848266,38.31875438,49.40150968,9.99024062,75.01531282,28.78586035,6.44123651,1.16210089,2019-12-25 00:00:00
600809,600809.SH,山西汾酒,10634767,069001001001,016165,白酒Ⅱ,1277,74384937503.1,73900149503.1,85.35,2.658166947318,871528266,865848266,39.33733085,50.71468428,10.2557979,77.00934507,29.55103658,6.61245533,1.19299147,2019-12-26 00:00:00
600809,600809.SH,山西汾酒,10634767,069001001001,016165,白酒Ⅱ,1277,76764209669.28,76263915269.28,88.08,3.198594024605,871528266,865848266,40.59557236,52.33684114,10.58383923,79.47256138,30.49625427,6.82396093,1.23115042,2019-12-27 00:00:00
600809,600809.SH,山西汾酒,10634767,069001001001,016165,白酒Ⅱ,1277,78629280158.52,78116830558.52,90.22,2.429609445958,871528266,865848266,41.58188622,53.60842198,10.84098519,81.40343423,31.23719414,6.98975653,1.26106257,2019-12-30 00:00:00
600809,600809.SH,山西汾酒,10634767,069001001001,016165,白酒Ⅱ,1277,78176085460.2,77666589460.2,89.7,-0.576368876081,871528266,865848266,41.34222117,40.32801941,10.49773796,25.41029982,31.05715268,6.94946975,1.2537942,2019-12-31 00:00:00
600809,600809.SH,山西汾酒,10634767,069001001001,016165,白酒Ⅱ,1277,77391710020.8,76887326020.8,88.8,-1.003344481605,871528266,865848266,40.92741628,39.92339045,10.39240948,25.15534698,30.74554245,6.87974263,0.42710694,2020-01-02 00:00:00
600809,600809.SH,山西汾酒,10634767,069001001001,016165,白酒Ⅱ,1277,76380737232.24,75882942032.24,87.64,-1.306306306306,871528266,865848266,40.39277886,39.40186869,10.25665278,24.8267411,30.34391149,6.78987212,0.42152761,2020-01-03 00:00:00
600809,600809.SH,山西汾酒,10634767,069001001001,016165,白酒Ⅱ,1277,75387195009,74895875009,86.5,-1.300775901415,871528266,865848266,39.86735932,38.88933867,10.12323671,24.50380083,29.9492052,6.7015511,0.41604448,2020-01-06 00:00:00
600809,600809.SH,山西汾酒,10634767,069001001001,016165,白酒Ⅱ,1277,75753236880.72,75259531280.72,86.92,0.485549132948,871528266,865848266,40.06093494,39.07816552,10.17239,24.62277882,30.09462331,6.73409042,0.41806458,2020-01-07 00:00:00
600809,600809.SH,山西汾酒,10634767,069001001001,016165,白酒Ⅱ,1277,76433028928.2,75934892928.2,87.7,0.897376898297,871528266,865848266,40.42043252,39.42884395,10.26367468,24.84373795,30.3646855,6.79452059,0.4218162,2020-01-08 00:00:00
600809,600809.SH,山西汾酒,10634767,069001001001,016165,白酒Ⅱ,1277,79727405773.68,79207799373.68,91.48,4.310148232611,871528266,865848266,42.16261308,41.12828557,10.70605427,25.91453988,31.67344846,7.0873745,0.4399971,2020-01-09 00:00:00
600809,600809.SH,山西汾酒,10634767,069001001001,016165,白酒Ⅱ,1277,82097962657.2,81562906657.2,94.2,2.973327503279,871528266,865848266,43.41624565,42.3511642,11.02438033,26.68506403,32.61520381,7.29810536,0.45307965,2020-01-10 00:00:00
600809,600809.SH,山西汾酒,10634767,069001001001,016165,白酒Ⅱ,1277,82969490923.2,82428754923.2,95.2,1.061571125265,871528266,865848266,43.87713997,42.80075193,11.14141197,26.96834496,32.9614374,7.37557994,0.45788942,2020-01-13 00:00:00
600809,600809.SH,山西汾酒,10634767,069001001001,016165,白酒Ⅱ,1277,82324560006.36,81788027206.36,94.46,-0.77731092437,871528266,865848266,43.53607817,42.46805701,11.05480856,26.75871707,32.70522455,7.31824875,0.45433019,2020-01-14 00:00:00
600809,600809.SH,山西汾酒,10634767,069001001001,016165,白酒Ⅱ,1277,83797442775.9,83251310775.9,96.15,1.789117086598,871528266,865848266,44.31498958,43.22786027,11.25259202,27.23746185,33.29035931,7.44918079,0.46245869,2020-01-15 00:00:00
600809,600809.SH,山西汾酒,10634767,069001001001,016165,白酒Ⅱ,1277,84965290652.34,84411547452.34,97.49,1.39365574623,871528266,865848266,44.93258798,43.83030783,11.40941442,27.6170583,33.75431231,7.55299672,0.46890377,2020-01-16 00:00:00
600809,600809.SH,山西汾酒,10634767,069001001001,016165,白酒Ⅱ,1277,84268068039.54,83718868839.54,96.69,-0.820596984306,871528266,865848266,44.56387252,43.47063765,11.31578911,27.39043355,33.47732544,7.49101706,0.46505596,2020-01-17 00:00:00
600809,600809.SH,山西汾酒,10634767,069001001001,016165,白酒Ⅱ,1277,83579560709.4,83034848709.4,95.9,-0.817044161754,871528266,865848266,44.199766,43.11546334,11.22333411,27.16664161,33.20380091,7.42981214,0.46125625,2020-01-20 00:00:00
600809,600809.SH,山西汾酒,10634767,069001001001,016165,白酒Ⅱ,1277,82359421137,81822661137,94.5,-1.459854014599,871528266,865848266,43.55451394,42.48604052,11.05948982,26.77004831,32.71907389,7.32134773,0.45452258,2020-01-21 00:00:00
600809,600809.SH,山西汾酒,10634767,069001001001,016165,白酒Ⅱ,1277,83213518837.68,82671192437.68,95.48,1.037037037037,871528266,865848266,44.00619039,42.92663649,11.17418083,27.04766362,33.0583828,7.39727282,0.45923615,2020-01-22 00:00:00
600809,600809.SH,山西汾酒,10634767,069001001001,016165,白酒Ⅱ,1277,79901711426.88,79380969026.88,91.68,-3.979891076665,871528266,865848266,42.25479194,41.21820312,10.7294606,25.97119607,31.74269518,7.10286942,0.44095905,2020-01-23 00:00:00
600809,600809.SH,山西汾酒,10634767,069001001001,016165,白酒Ⅱ,1277,71909797227.66,71441140427.66,82.51,-10.002181500873,871528266,865848266,38.02839096,37.09548363,9.65628048,23.3735099,28.56773319,6.39242753,0.39685353,2020-02-03 00:00:00
600809,600809.SH,山西汾酒,10634767,069001001001,016165,白酒Ⅱ,1277,69504379213.5,69051399213.5,79.75,-3.345049084959,871528266,865848266,36.75632261,35.85462149,9.33327316,22.59165452,27.61212849,6.17859769,0.38357858,2020-02-04 00:00:00
600809,600809.SH,山西汾酒,10634767,069001001001,016165,白酒Ⅱ,1277,70837817460.48,70376147060.48,81.28,1.918495297806,871528266,865848266,37.46149094,36.54249072,9.51233156,23.02507435,28.14186588,6.29713379,0.39093752,2020-02-05 00:00:00
600809,600809.SH,山西汾酒,10634767,069001001001,016165,白酒Ⅱ,1277,71822644401.06,71354555601.06,82.41,1.390255905512,871528266,865848266,37.98230153,37.05052486,9.64457731,23.34518181,28.53310983,6.38468007,0.39637255,2020-02-06 00:00:00
600809,600809.SH,山西汾酒,10634767,069001001001,016165,白酒Ⅱ,1277,74262923545.86,73778930745.86,85.21,3.397645916758,871528266,865848266,36.68513498,38.3093705,9.9722659,24.13836843,29.50256387,6.23304278,0.40983989,2020-02-07 00:00:00
600809,600809.SH,山西汾酒,10634767,069001001001,016165,白酒Ⅱ,1277,74777125222.8,74289781222.8,85.8,0.692406994484,871528266,865848266,36.93914542,38.57462726,10.04131457,24.30550418,29.70684169,6.27620081,0.41267765,2020-02-10 00:00:00
600809,600809.SH,山西汾酒,10634767,069001001001,016165,白酒Ⅱ,1277,76171570448.4,75675138448.4,87.4,1.864801864802,871528266,865848266,37.62798729,39.29396763,10.22856519,24.75875367,30.26081543,6.39323952,0.42037327,2020-02-11 00:00:00
600809,600809.SH,山西汾酒,10634767,069001001001,016165,白酒Ⅱ,1277,76337160818.94,75839649618.94,87.59,0.217391304348,871528266,865848266,37.70978726,39.3793893,10.2508012,24.81257705,30.32659981,6.40713786,0.42128712,2020-02-12 00:00:00
600809,600809.SH,山西汾酒,10634767,069001001001,016165,白酒Ⅱ,1277,76563758168.1,76064770168.1,87.85,0.296837538532,871528266,865848266,37.82172407,39.49628211,10.28122943,24.88623009,30.41662054,6.42615665,0.42253766,2020-02-13 00:00:00
600809,600809.SH,山西汾酒,10634767,069001001001,016165,白酒Ⅱ,1277,76127994035.1,75631846035.1,87.35,-0.569151963574,871528266,865848266,37.60646098,39.27148824,10.22271361,24.74458963,30.24350375,6.38958206,0.42013278,2020-02-14 00:00:00
600809,600809.SH,山西汾酒,10634767,069001001001,016165,白酒Ⅱ,1277,76171570448.4,75675138448.4,87.4,0.057240984545,871528266,865848266,37.62798729,39.29396763,10.22856519,24.75875367,30.26081543,6.39323952,0.42037327,2020-02-17 00:00:00
600809,600809.SH,山西汾酒,10634767,069001001001,016165,白酒Ⅱ,1277,75526639531.56,75034410731.56,86.66,-0.846681922197,871528266,865848266,37.30939793,38.96127271,10.14196178,24.54912578,30.00460257,6.33910911,0.41681404,2020-02-18 00:00:00
600809,600809.SH,山西汾酒,10634767,069001001001,016165,白酒Ⅱ,1277,76563758168.1,76064770168.1,87.85,1.373182552504,871528266,865848266,37.82172407,39.49628211,10.28122943,24.88623009,30.41662054,6.42615665,0.42253766,2020-02-19 00:00:00
600809,600809.SH,山西汾酒,10634767,069001001001,016165,白酒Ⅱ,1277,79509523707.18,78991337307.18,91.23,3.847467273762,871528266,865848266,39.27690252,41.01588864,10.67679636,25.84371965,31.58689006,6.67340093,0.43879466,2020-02-20 00:00:00
600809,600809.SH,山西汾酒,10634767,069001001001,016165,白酒Ⅱ,1277,78664141289.16,78151464489.16,90.26,-1.063246739011,871528266,865848266,38.85929214,40.57978854,10.56327567,25.56893714,31.25104348,6.60244621,0.43412919,2020-02-21 00:00:00
600809,600809.SH,山西汾酒,10634767,069001001001,016165,白酒Ⅱ,1277,77243550215.58,76740131815.58,88.63,-1.805894083758,871528266,865848266,38.15753448,39.84696054,10.3725141,25.10718922,30.68668274,6.48321303,0.42628928,2020-02-24 00:00:00
600809,600809.SH,山西汾酒,10634767,069001001001,016165,白酒Ⅱ,1277,75892681403.28,75398067003.28,87.08,-1.748843506713,871528266,865848266,37.49021892,39.15009956,10.19111506,24.66810377,30.15002068,6.36983178,0.41883414,2020-02-25 00:00:00
600809,600809.SH,山西汾酒,10634767,069001001001,016165,白酒Ⅱ,1277,75953688381.9,75458676381.9,87.15,0.08038585209,871528266,865848266,37.52035575,39.1815707,10.19930728,24.68793344,30.17425703,6.37495222,0.41917083,2020-02-26 00:00:00
600809,600809.SH,山西汾酒,10634767,069001001001,016165,白酒Ⅱ,1277,78385252244.04,77874393044.04,89.94,3.201376936317,871528266,865848266,38.72152376,40.43592047,10.52582555,25.47828725,31.14024874,6.57903847,0.43259006,2020-02-27 00:00:00
600809,600809.SH,山西汾酒,10634767,069001001001,016165,白酒Ⅱ,1277,75169312942.5,74679412942.5,86.25,-4.102735156771,871528266,865848266,37.1328822,38.77694174,10.0939788,24.4329806,29.8626468,6.30911794,0.41484204,2020-02-28 00:00:00
600809,600809.SH,山西汾酒,10634767,069001001001,016165,白酒Ⅱ,1277,77914626980.4,77406834980.4,89.4,3.652173913043,871528266,865848266,38.48903963,40.19314309,10.46262847,25.32531554,30.9532826,6.5395379,0.42999279,2020-03-02 00:00:00
600809,600809.SH,山西汾酒,10634767,069001001001,016165,白酒Ⅱ,1277,79744836339,79225116339,91.5,2.348993288591,871528266,865848266,39.39314459,41.13727732,10.70839491,25.9202055,31.68037313,6.69315121,0.44009329,2020-03-03 00:00:00
600809,600809.SH,山西汾酒,10634767,069001001001,016165,白酒Ⅱ,1277,79361363901.96,78844143101.96,91.06,-0.48087431694,871528266,865848266,39.20371307,40.93945872,10.65690099,25.79556189,31.52803035,6.66096557,0.437977,2020-03-04 00:00:00
600809,600809.SH,山西汾酒,10634767,069001001001,016165,白酒Ⅱ,1277,87300986405.22,86732020805.22,100.17,10.004392708105,871528266,865848266,43.12580649,45.03520295,11.72305921,28.37625121,34.68221832,7.32735472,0.48179394,2020-03-05 00:00:00
600809,600809.SH,山西汾酒,10634767,069001001001,016165,白酒Ⅱ,1277,83841019189.2,83294603189.2,96.2,-3.963262453828,871528266,865848266,41.41661759,43.25033966,11.25844361,27.2516259,33.30767099,7.03695242,0.46269918,2020-03-06 00:00:00
600809,600809.SH,山西汾酒,10634767,069001001001,016165,白酒Ⅱ,1277,78437543940,77926343940,90,-6.444906444906,871528266,865848266,38.74735533,40.46289573,10.53284745,25.4952841,31.16102275,6.58342742,0.43287865,2020-03-09 00:00:00
600809,600809.SH,山西汾酒,10634767,069001001001,016165,白酒Ⅱ,1277,82228691897.1,81692783897.1,94.35,4.833333333333,871528266,865848266,40.62014418,42.41860236,11.04193508,26.72755617,32.66713885,6.90162641,0.45380112,2020-03-10 00:00:00
600809,600809.SH,山西汾酒,10634767,069001001001,016165,白酒Ⅱ,1277,81749351350.8,81216567350.8,93.8,-0.582935877054,871528266,865848266,40.38335478,42.1713291,10.97756767,26.57175165,32.47671038,6.86139436,0.45115575,2020-03-11 00:00:00
600809,600809.SH,山西汾酒,10634767,069001001001,016165,白酒Ⅱ,1277,79309072206,78792192206,91,-2.985074626866,871528266,865848266,39.1778815,40.91248346,10.64987909,25.77856504,31.50725634,6.65657661,0.43768841,2020-03-12 00:00:00
600809,600809.SH,山西汾酒,10634767,069001001001,016165,白酒Ⅱ,1277,79065044291.52,78549754691.52,90.72,-0.307692307692,871528266,865848266,39.05733418,40.7865989,10.61711023,25.69924637,31.41031093,6.63609484,0.43634168,2020-03-13 00:00:00
600809,600809.SH,山西汾酒,10634767,069001001001,016165,白酒Ⅱ,1277,75849104989.98,75354774589.98,87.03,-4.06746031746,871528266,865848266,37.46869261,39.12762017,10.18526348,24.65393973,30.132709,6.36617432,0.41859366,2020-03-16 00:00:00
600809,600809.SH,山西汾酒,10634767,069001001001,016165,白酒Ⅱ,1277,74628965417.58,74142587017.58,85.63,-1.60864069861,871528266,865848266,36.86595597,38.49819735,10.02141919,24.25734642,29.64798198,6.26376544,0.41185999,2020-03-17 00:00:00
600809,600809.SH,山西汾酒,10634767,069001001001,016165,白酒Ⅱ,1277,73042783973.46,72566743173.46,83.81,-2.125423332944,871528266,865848266,36.08239834,37.67994768,9.80842161,23.74177512,29.01783685,6.13063391,0.40310622,2020-03-18 00:00:00
600809,600809.SH,山西汾酒,10634767,069001001001,016165,白酒Ⅱ,1277,69896566933.2,69441030933.2,80.2,-4.307361889989,871528266,865848266,34.52819886,36.05693597,9.38593739,22.71913094,27.76793361,5.86656532,0.38574298,2020-03-19 00:00:00
600809,600809.SH,山西汾酒,10634767,069001001001,016165,白酒Ⅱ,1277,72528582296.52,72055892696.52,83.22,3.765586034913,871528266,865848266,35.8283879,37.41469092,9.73937294,23.57463937,28.81355904,6.08747589,0.40026846,2020-03-20 00:00:00
600809,600809.SH,山西汾酒,10634767,069001001001,016165,白酒Ⅱ,1277,70585074263.34,70125051063.34,80.99,-2.67964431627,871528266,865848266,34.86831454,36.41211028,9.47839239,22.94292288,28.04145814,5.92435319,0.38954269,2020-03-23 00:00:00
600809,600809.SH,山西汾酒,10634767,069001001001,016165,白酒Ⅱ,1277,73321673018.58,72843814618.58,84.13,3.87702185455,871528266,865848266,36.22016671,37.82381575,9.84587173,23.83242502,29.1286316,6.15404165,0.40464534,2020-03-24 00:00:00
600809,600809.SH,山西汾酒,10634767,069001001001,016165,白酒Ⅱ,1277,75735806315.4,75242214315.4,86.9,3.292523475574,871528266,865848266,37.41272421,39.06917377,10.17004937,24.6171132,30.08769864,6.35666492,0.41796839,2020-03-25 00:00:00
600809,600809.SH,山西汾酒,10634767,069001001001,016165,白酒Ⅱ,1277,77321987759.52,76818058159.52,88.72,2.094361334868,871528266,865848266,38.19628184,39.88742343,10.38304695,25.13268451,30.71784376,6.48979645,0.42672215,2020-03-26 00:00:00
600809,600809.SH,山西汾酒,10634767,069001001001,016165,白酒Ⅱ,1277,78725148267.78,78212073867.78,90.33,1.81469792606,871528266,865848266,38.88942897,40.61125968,10.57146789,25.58876681,31.27527984,6.60756665,0.43446587,2020-03-27 00:00:00
600809,600809.SH,山西汾酒,10634767,069001001001,016165,白酒Ⅱ,1277,76746779103.96,76246598303.96,88.06,-2.513007860069,871528266,865848266,37.91213456,39.59069553,10.30580607,24.94571909,30.4893296,6.44151799,0.42354771,2020-03-30 00:00:00
600809,600809.SH,山西汾酒,10634767,069001001001,016165,白酒Ⅱ,1277,78594419027.88,78082196627.88,90.18,2.407449466273,871528266,865848266,38.82485004,40.54382152,9.05795156,25.54627467,31.2233448,6.59659428,0.43374441,2020-03-31 00:00:00
600809,600809.SH,山西汾酒,10634767,069001001001,016165,白酒Ⅱ,1277,78916884486.3,78402560486.3,90.55,0.410290530051,871528266,865848266,38.98414473,40.71016898,9.09511548,25.65108862,31.35145122,6.62365948,0.43552402,2020-04-01 00:00:00
600809,600809.SH,山西汾酒,10634767,069001001001,016165,白酒Ⅱ,1277,79492093141.86,78974020341.86,91.21,0.728879072336,871528266,865848266,39.268292,41.00689688,9.16140787,25.83805403,31.57996539,6.67193794,0.43869846,2020-04-02 00:00:00
600809,600809.SH,山西汾酒,10634767,069001001001,016165,白酒Ⅱ,1277,79126051270.14,78610364070.14,90.79,-0.460475825019,871528266,865848266,39.08747101,40.81807004,9.1192218,25.71907604,31.43454729,6.64121528,0.43667836,2020-04-03 00:00:00
600809,600809.SH,山西汾酒,10634767,069001001001,016165,白酒Ⅱ,1277,79570530685.8,79051946685.8,91.3,0.561735873995,871528266,865848266,39.30703936,41.04735978,9.17044774,25.86354932,31.61112641,6.67852137,0.43913134,2020-04-07 00:00:00
600809,600809.SH,山西汾酒,10634767,069001001001,016165,白酒Ⅱ,1277,80555357626.38,80030355226.38,92.43,1.237677984666,871528266,865848266,39.79353393,41.55539391,9.28394835,26.18365677,32.00237037,6.76117996,0.44456637,2020-04-08 00:00:00
600809,600809.SH,山西汾酒,10634767,069001001001,016165,白酒Ⅱ,1277,81749351350.8,81216567350.8,93.8,1.482202748026,871528266,865848266,40.38335478,42.1713291,9.42155529,26.57175165,32.47671038,6.86139436,0.45115575,2020-04-09 00:00:00
600809,600809.SH,山西汾酒,10634767,069001001001,016165,白酒Ⅱ,1277,81470462305.68,80939495905.68,93.48,-0.341151385928,871528266,865848266,40.24558641,42.02746103,9.38941353,26.48110175,32.36591563,6.83798661,0.44961663,2020-04-10 00:00:00
600809,600809.SH,山西汾酒,10634767,069001001001,016165,白酒Ⅱ,1277,81670913806.86,81138641006.86,93.71,0.246041934104,871528266,865848266,40.34460743,42.13086621,9.41251542,26.54625637,32.44554936,6.85481093,0.45072287,2020-04-13 00:00:00
600809,600809.SH,山西汾酒,10634767,069001001001,016165,白酒Ⅱ,1277,83753866362.6,83208018362.6,96.1,2.550421513179,871528266,865848266,41.37356497,43.20538088,9.65257424,27.2232978,33.27304763,7.0296375,0.4622182,2020-04-14 00:00:00
600809,600809.SH,山西汾酒,10634767,069001001001,016165,白酒Ⅱ,1277,83727720514.62,83182042914.62,96.07,-0.03121748179,871528266,865848266,41.36064919,43.19189325,9.64956095,27.21479937,33.26266062,7.02744303,0.46207391,2020-04-15 00:00:00
600809,600809.SH,山西汾酒,10634767,069001001001,016165,白酒Ⅱ,1277,83370393925.56,82827045125.56,95.66,-0.426772145311,871528266,865848266,41.18413346,43.00756228,9.60837931,27.09865419,33.12070485,6.99745186,0.46010191,2020-04-16 00:00:00
600809,600809.SH,山西汾酒,10634767,069001001001,016165,白酒Ⅱ,1277,84930429521.7,84376913521.7,97.45,1.87121053732,871528266,865848266,41.9547753,43.81232432,9.78817232,27.60572706,33.74046297,7.12838891,0.46871138,2020-04-17 00:00:00
600809,600809.SH,山西汾酒,10634767,069001001001,016165,白酒Ⅱ,1277,85575360438.54,85017641238.54,98.19,0.759363776296,871528266,865848266,42.27336467,44.14501924,9.86250015,27.81535495,33.99667582,7.18251932,0.47227061,2020-04-20 00:00:00
600809,600809.SH,山西汾酒,10634767,069001001001,016165,白酒Ⅱ,1277,84259352756.88,83710210356.88,96.68,-1.537834810062,871528266,865848266,41.62327015,43.46614177,9.71083119,27.38760074,33.47386311,7.07206403,0.46500787,2020-04-21 00:00:00
600809,600809.SH,山西汾酒,10634767,069001001001,016165,白酒Ⅱ,1277,86804215293.6,86238487293.6,99.6,3.020273065784,871528266,865848266,42.88040657,44.77893794,10.00412481,28.21478107,34.48486518,7.28565968,0.47905237,2020-04-22 00:00:00
600809,600809.SH,山西汾酒,10634767,069001001001,016165,白酒Ⅱ,1277,86385881725.92,85822880125.92,99.12,-0.481927710843,871528266,865848266,42.67375401,44.56313583,9.95591216,28.07880622,34.31867306,7.25054807,0.47674369,2020-04-23 00:00:00
600809,600809.SH,山西汾酒,10634767,069001001001,016165,白酒Ⅱ,1277,87152826600,86584826600,100,0.88781275222,871528266,865848266,43.05261704,44.95877303,10.04430202,28.32809345,34.62335861,7.31491936,0.48097628,2020-04-24 00:00:00
600809,600809.SH,山西汾酒,10634767,069001001001,016165,白酒Ⅱ,1277,86560187379.12,85996049779.12,99.32,-0.68,871528266,865848266,42.75985924,44.65305338,9.97600076,28.13546241,34.38791978,7.2651779,0.47770564,2020-04-27 00:00:00
600809,600809.SH,山西汾酒,10634767,069001001001,016165,白酒Ⅱ,1277,95214463060.5,94593923060.5,109.25,9.997986306887,871528266,865848266,41.67937853,49.11745954,10.97339995,30.94844209,133.76798856,7.96789727,0.52546658,2020-04-28 00:00:00
600809,600809.SH,山西汾酒,10634767,069001001001,016165,白酒Ⅱ,1277,90194460248.34,89606637048.34,103.49,-5.272311212815,871528266,865848266,39.48191198,46.52783421,10.39484816,29.31674391,126.7153239,7.54780493,0.49776235,2020-04-29 00:00:00
600809,600809.SH,山西汾酒,10634767,069001001001,016165,白酒Ⅱ,1277,93523698224.46,92914177424.46,107.31,3.691177891584,871528266,865848266,40.93925959,48.24525934,10.77854049,30.39887708,131.39261192,7.82640784,0.51613564,2020-04-30 00:00:00
600809,600809.SH,山西汾酒,10634767,069001001001,016165,白酒Ⅱ,1277,92626024110.48,92022353710.48,106.28,-0.95983598919,871528266,865848266,40.54630984,47.78218398,10.67508418,30.10709771,130.13145835,7.75128716,0.51118159,2020-05-06 00:00:00
600809,600809.SH,山西汾酒,10634767,069001001001,016165,白酒Ⅱ,1277,94560816861,93944536861,108.5,2.088821979676,871528266,865848266,41.39325007,48.78026874,10.89806769,30.73598139,132.84967285,7.91319775,0.52185926,2020-05-07 00:00:00
600809,600809.SH,山西汾酒,10634767,069001001001,016165,白酒Ⅱ,1277,94430087621.1,93814659621.1,108.35,-0.138248847926,871528266,865848266,41.33602438,48.71283058,10.88300124,30.69348925,132.66600971,7.90225784,0.5211378,2020-05-08 00:00:00
600809,600809.SH,山西汾酒,10634767,069001001001,016165,白酒Ⅱ,1277,93340677288.6,92732349288.6,107.1,-1.153668666359,871528266,865848266,40.85914362,48.15084592,10.75744746,30.33938808,131.13548352,7.81109197,0.51512559,2020-05-11 00:00:00
600809,600809.SH,山西汾酒,10634767,069001001001,016165,白酒Ⅱ,1277,96992380723.14,96360253523.14,111.29,3.91223155929,871528266,865848266,42.45764793,50.03461851,11.17830371,31.5263352,136.26580729,8.11667997,0.5352785,2020-05-12 00:00:00
600809,600809.SH,山西汾酒,10634767,069001001001,016165,白酒Ⅱ,1277,102195404471.16,101529367671.16,117.26,5.364363374966,871528266,865848266,44.73523045,52.71865726,11.77794855,33.21752237,143.57560035,8.55208818,0.56399278,2020-05-13 00:00:00
600809,600809.SH,山西汾酒,10634767,069001001001,016165,白酒Ⅱ,1277,101733494490.18,101070468090.18,116.73,-0.451987037353,871528266,865848266,44.53303301,52.48037576,11.72471374,33.06738348,142.92665725,8.51343385,0.56144361,2020-05-14 00:00:00
600809,600809.SH,山西汾酒,10634767,069001001001,016165,白酒Ⅱ,1277,100382625677.88,99728403277.88,115.18,-1.327850595391,871528266,865848266,43.94170086,51.78351478,11.56902706,32.62829803,141.02880478,8.40038817,0.55398848,2020-05-15 00:00:00
600809,600809.SH,山西汾酒,10634767,069001001001,016165,白酒Ⅱ,1277,103964606851.14,103287039651.14,119.29,3.568327834694,871528266,865848266,45.50968481,53.63132035,11.98184788,33.79258267,146.06117488,8.70014156,0.5737566,2020-05-18 00:00:00
600809,600809.SH,山西汾酒,10634767,069001001001,016165,白酒Ⅱ,1277,105019156053,104334716053,120.5,1.014334814318,871528266,865848266,45.97130538,54.1753215,12.10338393,34.1353526,147.54272422,8.78839012,0.57957642,2020-05-19 00:00:00
600809,600809.SH,山西汾酒,10634767,069001001001,016165,白酒Ⅱ,1277,104679260029.26,103997035229.26,120.11,-0.323651452282,871528266,865848266,45.82251859,53.99998229,12.06421115,34.02487304,147.06520006,8.75994637,0.57770061,2020-05-20 00:00:00
600809,600809.SH,山西汾酒,10634767,069001001001,016165,白酒Ⅱ,1277,106282872038.7,105590196038.7,121.95,1.531929065024,871528266,865848266,46.52448707,54.82722371,12.24902631,34.54610996,149.3181346,8.89414254,0.58655057,2020-05-21 00:00:00
600809,600809.SH,山西汾酒,10634767,069001001001,016165,白酒Ⅱ,1277,102753182561.4,102083510561.4,117.9,-3.321033210332,871528266,865848266,44.9793934,53.00639341,11.84223208,33.39882217,144.35922976,8.59876511,0.56707103,2020-05-22 00:00:00
600809,600809.SH,山西汾酒,10634767,069001001001,016165,白酒Ⅱ,1277,106282872038.7,105590196038.7,121.95,3.435114503817,871528266,865848266,46.52448707,54.82722371,12.24902631,34.54610996,149.3181346,8.89414254,0.58655057,2020-05-25 00:00:00
600809,600809.SH,山西汾酒,10634767,069001001001,016165,白酒Ⅱ,1277,107093393326.08,106395434926.08,122.88,0.762607626076,871528266,865848266,46.87928635,55.2453403,12.34243832,34.80956123,150.45684608,8.96196995,0.59102365,2020-05-26 00:00:00
600809,600809.SH,山西汾酒,10634767,069001001001,016165,白酒Ⅱ,1277,106518184670.52,105823975070.52,122.22,-0.537109375,871528266,865848266,46.62749331,54.9486124,12.27614593,34.62259581,149.64872826,8.91383436,0.58784921,2020-05-27 00:00:00
600809,600809.SH,山西汾酒,10634767,069001001001,016165,白酒Ⅱ,1277,108505269117,107798109117,124.5,1.865488463427,871528266,865848266,47.49732382,55.97367243,12.50515601,35.26847634,152.44040802,9.08012092,0.59881547,2020-05-28 00:00:00
600809,600809.SH,山西汾酒,10634767,069001001001,016165,白酒Ⅱ,1277,111651486157.26,110923821357.26,128.11,2.899598393574,871528266,865848266,48.87455546,57.59668413,12.86775531,36.29112051,156.86056764,9.34340796,0.61617871,2020-05-29 00:00:00
600809,600809.SH,山西汾酒,10634767,069001001001,016165,白酒Ⅱ,1277,114911001872.1,114162093872.1,131.85,2.919366169698,871528266,865848266,50.30138269,59.27814224,13.24341221,37.35059121,161.43990198,9.61617625,0.63416722,2020-06-01 00:00:00
600809,600809.SH,山西汾酒,10634767,069001001001,016165,白酒Ⅱ,1277,113237667601.38,112499665201.38,129.93,-1.456200227531,871528266,865848266,49.56889385,58.4149338,13.05056161,36.80669181,159.08901376,9.47614547,0.62493248,2020-06-02 00:00:00
600809,600809.SH,山西汾酒,10634767,069001001001,016165,白酒Ⅱ,1277,113272528732.02,112534299132.02,129.97,0.030785807743,871528266,865848266,49.58415403,58.43291731,13.05457933,36.81802305,159.1379906,9.47906277,0.62512487,2020-06-03 00:00:00
600809,600809.SH,山西汾酒,10634767,069001001001,016165,白酒Ⅱ,1277,116070134465.88,115313672065.88,133.18,2.469800723244,871528266,865848266,50.80878382,59.87609392,13.37700143,37.72735485,163.06838184,9.71317674,0.64056421,2020-06-04 00:00:00
600809,600809.SH,山西汾酒,10634767,069001001001,016165,白酒Ⅱ,1277,117307704603.6,116543176603.6,134.6,1.066226160084,871528266,865848266,51.35052037,60.5145085,13.51963051,38.12961378,164.80705959,9.81674117,0.64739407,2020-06-05 00:00:00
600809,600809.SH,山西汾酒,10634767,069001001001,016165,白酒Ⅱ,1277,117978781368.42,117209879768.42,135.37,0.5720653789,871528266,865848266,51.64427892,60.86069105,13.59697164,38.3477401,165.74986372,9.87289934,0.65109759,2020-06-08 00:00:00
600809,600809.SH,山西汾酒,10634767,069001001001,016165,白酒Ⅱ,1277,117647600627.34,116880857427.34,134.99,-0.280712122331,871528266,865848266,51.49930717,60.68984772,13.55880329,38.24009334,165.28458376,9.84518492,0.64926988,2020-06-09 00:00:00
600809,600809.SH,山西汾酒,10634767,069001001001,016165,白酒Ⅱ,1277,117778329867.24,117010734667.24,135.14,0.111119342173,871528266,865848266,51.55653286,60.75728588,13.57386975,38.28258548,165.4682469,9.85612482,0.64999134,2020-06-10 00:00:00
600809,600809.SH,山西汾酒,10634767,069001001001,016165,白酒Ⅱ,1277,116767357078.68,116006350678.68,133.98,-0.858369098712,871528266,865848266,51.11398751,60.23576411,13.45735584,37.9539796,164.0479186,9.77152289,0.64441202,2020-06-11 00:00:00
600809,600809.SH,山西汾酒,10634767,069001001001,016165,白酒Ⅱ,1277,117917774389.8,117149270389.8,135.3,0.985221674877,871528266,865848266,51.6175736,60.82921991,13.58994063,38.32791043,165.66415425,9.86779406,0.6507609,2020-06-12 00:00:00
600809,600809.SH,山西汾酒,10634767,069001001001,016165,白酒Ⅱ,1277,116192148423.12,115434890823.12,133.32,-1.463414634146,871528266,865848266,50.86219447,59.93903621,13.39106345,37.76701418,163.23980078,9.72338731,0.64123757,2020-06-15 00:00:00
600809,600809.SH,山西汾酒,10634767,069001001001,016165,白酒Ⅱ,1277,116784787644,116023667644,134,0.510051005101,871528266,865848266,51.1216176,60.24475586,13.4593647,37.95964522,164.07240702,9.77298155,0.64450821,2020-06-16 00:00:00
600809,600809.SH,山西汾酒,10634767,069001001001,016165,白酒Ⅱ,1277,116227009553.76,115469524753.76,133.36,-0.477611940299,871528266,865848266,50.87745465,59.95701972,13.39508117,37.77834542,163.28877762,9.72630462,0.64142997,2020-06-17 00:00:00
600809,600809.SH,山西汾酒,10634767,069001001001,016165,白酒Ⅱ,1277,116253155401.74,115495500201.74,133.39,0.0224955009,871528266,865848266,50.88889979,59.97050735,13.39809446,37.78684385,163.32551024,9.7284926,0.64157426,2020-06-18 00:00:00
600809,600809.SH,山西汾酒,10634767,069001001001,016165,白酒Ⅱ,1277,120114025620.12,119331208020.12,137.82,4.022945127934,871528266,865848266,52.57896521,61.96218099,13.84305704,39.04177839,168.74969504,10.05158446,0.66288151,2020-06-19 00:00:00
600809,600809.SH,山西汾酒,10634767,069001001001,016165,白酒Ⅱ,1277,118353538522.8,117582194522.8,135.8,-1.465679872297,871528266,865848266,51.8083259,61.05401378,13.64016214,38.4695509,166.27636473,9.9042604,0.65316579,2020-06-22 00:00:00
600809,600809.SH,山西汾酒,10634767,069001001001,016165,白酒Ⅱ,1277,120706664841,119919984841,138.5,1.988217967599,871528266,865848266,52.83838834,62.26790065,13.91135829,39.23440942,169.58230129,10.10117869,0.66615215,2020-06-23 00:00:00
600809,600809.SH,山西汾酒,10634767,069001001001,016165,白酒Ⅱ,1277,120427775795.88,119642913395.88,138.18,-0.231046931408,871528266,865848266,52.71630687,62.12403258,13.87921653,39.14375952,169.19048658,10.07784023,0.66461302,2020-06-24 00:00:00
600809,600809.SH,山西汾酒,10634767,069001001001,016165,白酒Ⅱ,1277,125299618802.82,124483005202.82,143.77,4.045447966421,871528266,865848266,54.84891763,64.63722799,14.44069301,40.72729995,176.03499968,10.48553401,0.6914996,2020-06-29 00:00:00
600809,600809.SH,山西汾酒,10634767,069001001001,016165,白酒Ⅱ,1277,126371598570,125547998570,145,0.855533143215,871528266,865848266,55.3181683,65.1902209,15.25722886,41.0757355,177.54103745,10.57524123,0.6974156,2020-06-30 00:00:00
600809,600809.SH,山西汾酒,10634767,069001001001,016165,白酒Ⅱ,1277,131827365515.16,130968208715.16,151.26,4.31724137931,871528266,865848266,57.70638716,68.00464009,15.91592026,42.84907415,185.20591258,11.03179992,0.72752472,2020-07-01 00:00:00
600809,600809.SH,山西汾酒,10634767,069001001001,016165,白酒Ⅱ,1277,132071393429.64,131210646229.64,151.54,0.18511172815,871528266,865848266,57.81320845,68.13052465,15.94538249,42.92839281,185.54875045,11.05222107,0.72887145,2020-07-02 00:00:00
600809,600809.SH,山西汾酒,10634767,069001001001,016165,白酒Ⅱ,1277,128593995648.3,127755911648.3,147.55,-2.632968193216,871528266,865848266,56.29100506,66.33666961,15.52554565,41.79810188,180.66331087,10.76121961,0.7096805,2020-07-03 00:00:00
600809,600809.SH,山西汾酒,10634767,069001001001,016165,白酒Ⅱ,1277,128201807928.6,127366279928.6,147.1,-0.30498136225,871528266,865848266,56.11932798,66.13435513,15.47819562,41.67062546,180.11232144,10.72839989,0.70751611,2020-07-06 00:00:00
600809,600809.SH,山西汾酒,10634767,069001001001,016165,白酒Ⅱ,1277,132515872845.3,131652228845.3,152.05,3.365057783821,871528266,865848266,58.0077758,68.3598144,15.99904585,43.07286608,186.17320513,11.08941675,0.73132443,2020-07-07 00:00:00
600809,600809.SH,山西汾酒,10634767,069001001001,016165,白酒Ⅱ,1277,130528788398.82,129678094798.82,149.77,-1.499506741204,871528266,865848266,57.13794529,67.33475437,15.75913908,42.42698555,183.38152537,10.9231302,0.72035817,2020-07-08 00:00:00
600809,600809.SH,山西汾酒,10634767,069001001001,016165,白酒Ⅱ,1277,131775073819.2,130916257819.2,151.2,0.954797355946,871528266,865848266,57.68349688,67.97766483,15.90960692,42.83207729,185.13244733,11.02742396,0.72723613,2020-07-09 00:00:00
600809,600809.SH,山西汾酒,10634767,069001001001,016165,白酒Ⅱ,1277,134563964270.4,133686972270.4,154.4,2.116402116402,871528266,865848266,58.90431163,69.41634556,16.24631818,43.73857628,189.05059436,11.26080859,0.74262737,2020-07-10 00:00:00
600809,600809.SH,山西汾酒,10634767,069001001001,016165,白酒Ⅱ,1277,142895774493.36,141964481693.36,163.96,6.19170984456,871528266,865848266,62.55149569,73.71440426,17.25224306,46.44674201,200.75605862,11.95804518,0.78860871,2020-07-13 00:00:00
600809,600809.SH,山西汾酒,10634767,069001001001,016165,白酒Ⅱ,1277,144307650284.28,143367155884.28,165.58,0.988045864845,871528266,865848266,63.16953316,74.44273639,17.42270314,46.90565713,202.73962056,12.07619615,0.79640052,2020-07-14 00:00:00
600809,600809.SH,山西汾酒,10634767,069001001001,016165,白酒Ⅱ,1277,151628487718.68,150640281318.68,173.98,5.073076458509,871528266,865848266,66.37417187,78.21927332,18.30657019,49.28521698,213.02475652,12.68883082,0.83680253,2020-07-15 00:00:00
600809,600809.SH,山西汾酒,10634767,069001001001,016165,白酒Ⅱ,1277,136463895890.28,135574521490.28,156.58,-10.00114955742,871528266,865848266,59.73599168,70.39644681,16.47570273,44.35612872,191.71983203,11.41980187,0.75311266,2020-07-16 00:00:00
600809,600809.SH,山西汾酒,10634767,069001001001,016165,白酒Ⅱ,1277,136437750042.3,135548546042.3,156.55,-0.019159535062,871528266,865848266,59.72454654,70.38295918,16.47254606,44.34763029,191.6830994,11.41761389,0.75296836,2020-07-17 00:00:00
600809,600809.SH,山西汾酒,10634767,069001001001,016165,白酒Ⅱ,1277,133169519044.8,132301615044.8,152.8,-2.395400830406,871528266,865848266,58.29390425,68.69700519,16.07796255,43.28532679,187.09152084,11.14411627,0.73493175,2020-07-20 00:00:00
600809,600809.SH,山西汾酒,10634767,069001001001,016165,白酒Ⅱ,1277,138546848446.02,137643898846.02,158.97,4.037958115183,871528266,865848266,60.64778769,71.47096149,16.72718395,45.03317015,194.64619809,11.59411102,0.76460799,2020-07-21 00:00:00
600809,600809.SH,山西汾酒,10634767,069001001001,016165,白酒Ⅱ,1277,145370914768.8,144423490768.8,166.8,4.925457633516,871528266,865848266,63.63496878,74.99123342,17.5510743,47.25125987,204.23341411,12.16517405,0.80226843,2020-07-22 00:00:00
600809,600809.SH,山西汾酒,10634767,069001001001,016165,白酒Ⅱ,1277,147724041087,146761281087,169.5,1.618705035971,871528266,865848266,64.66503122,76.20512029,17.83517443,48.01611839,207.53935067,12.36209233,0.81525479,2020-07-23 00:00:00
600809,600809.SH,山西汾酒,10634767,069001001001,016165,白酒Ⅱ,1277,141954523966.08,141029365566.08,162.88,-3.905604719764,871528266,865848266,62.13947071,73.22884952,17.13860301,46.14079861,199.433684,11.87927787,0.78341416,2020-07-24 00:00:00
600809,600809.SH,山西汾酒,10634767,069001001001,016165,白酒Ⅱ,1277,142808621666.76,141877896866.76,163.86,0.601669941061,871528266,865848266,62.51334523,73.66944549,17.24172084,46.41841392,200.63361653,11.95075191,0.78812773,2020-07-27 00:00:00
600809,600809.SH,山西汾酒,10634767,069001001001,016165,白酒Ⅱ,1277,151645918284,150657598284,174,6.188209447089,871528266,865848266,66.38180196,78.22826508,18.30867463,49.2908826,213.04924494,12.69028947,0.83689872,2020-07-28 00:00:00
600809,600809.SH,山西汾酒,10634767,069001001001,016165,白酒Ⅱ,1277,151645918284,150657598284,174,0,871528266,865848266,66.38180196,78.22826508,18.30867463,49.2908826,213.04924494,12.69028947,0.83689872,2020-07-29 00:00:00
600809,600809.SH,山西汾酒,10634767,069001001001,016165,白酒Ⅱ,1277,156081997157.94,155064765957.94,179.09,2.925287356322,871528266,865848266,68.32366042,80.51666662,18.84425598,50.73278255,219.28154756,13.06151691,0.86138042,2020-07-30 00:00:00
600809,600809.SH,山西汾酒,10634767,069001001001,016165,白酒Ⅱ,1277,157171407490.44,156147076290.44,180.34,0.697973086158,871528266,865848266,68.80054118,81.07865129,18.97578381,51.08688372,220.81207375,13.15268278,0.86739262,2020-07-31 00:00:00
600809,600809.SH,山西汾酒,10634767,069001001001,016165,白酒Ⅱ,1277,156883803162.66,155861346362.66,180.01,-0.182987689919,871528266,865848266,68.67464466,80.93028734,18.94106046,50.99340101,220.40801484,13.12861499,0.8658054,2020-08-03 00:00:00
600809,600809.SH,山西汾酒,10634767,069001001001,016165,白酒Ⅱ,1277,155637517742.28,154623183342.28,178.58,-0.794400311094,871528266,865848266,68.12909307,80.28737688,18.79059262,50.58830928,218.65709288,13.02432123,0.85892744,2020-08-04 00:00:00
600809,600809.SH,山西汾酒,10634767,069001001001,016165,白酒Ⅱ,1277,155149461913.32,154138308313.32,178.02,-0.313584947922,871528266,865848266,67.91545049,80.03560775,18.73166815,50.42967195,217.97141715,12.98347892,0.85623397,2020-08-05 00:00:00
600809,600809.SH,山西汾酒,10634767,069001001001,016165,白酒Ⅱ,1277,148290534459.9,147324082459.9,170.15,-4.420851589709,871528266,865848266,64.91300922,76.49735232,17.9035689,48.200251,208.33522429,12.40949859,0.81838114,2020-08-06 00:00:00
600809,600809.SH,山西汾酒,10634767,069001001001,016165,白酒Ⅱ,1277,145754387205.84,144804464005.84,167.24,-1.710255656773,871528266,865848266,63.80283081,75.18905202,17.5973721,47.37590348,204.77215933,12.19726443,0.80438473,2020-08-07 00:00:00
600809,600809.SH,山西汾酒,10634767,069001001001,016165,白酒Ⅱ,1277,145431921747.42,144484100147.42,166.87,-0.221238938053,871528266,865848266,63.6616741,75.02270456,17.55843986,47.27108953,204.31912358,12.17027934,0.80260512,2020-08-10 00:00:00
600809,600809.SH,山西汾酒,10634767,069001001001,016165,白酒Ⅱ,1277,144856713091.86,143912640291.86,166.21,-0.395517468688,871528266,865848266,63.40988106,74.72597666,17.48899317,47.08412412,203.51100575,12.12214375,0.79943067,2020-08-11 00:00:00
600809,600809.SH,山西汾酒,10634767,069001001001,016165,白酒Ⅱ,1277,140612370436.44,139695959236.44,161.34,-2.93002827748,871528266,865848266,61.55195361,72.53648441,16.97656072,45.70454597,197.54807574,11.76696151,0.77600713,2020-08-12 00:00:00
600809,600809.SH,山西汾酒,10634767,069001001001,016165,白酒Ⅱ,1277,141501329267.76,140579124467.76,162.36,0.632205280774,871528266,865848266,61.94108831,72.9950639,17.08388743,45.99349252,198.7969851,11.84135287,0.78091309,2020-08-13 00:00:00
600809,600809.SH,山西汾酒,10634767,069001001001,016165,白酒Ⅱ,1277,145458067595.4,144510075595.4,166.9,2.79625523528,871528266,865848266,63.67311924,75.03619219,17.56159653,47.27958796,204.35585621,12.17246732,0.80274941,2020-08-14 00:00:00
600809,600809.SH,山西汾酒,10634767,069001001001,016165,白酒Ⅱ,1277,149467097619,148492977619,171.5,2.756141402037,871528266,865848266,65.42804044,77.10429575,18.04561896,48.58268026,209.98819257,12.50795773,0.82487432,2020-08-17 00:00:00
600809,600809.SH,山西汾酒,10634767,069001001001,016165,白酒Ⅱ,1277,150356056450.32,149376142850.32,172.52,0.594752186589,871528266,865848266,65.81717514,77.56287524,18.15294568,48.87162681,211.23710194,12.58234908,0.82978028,2020-08-18 00:00:00
600809,600809.SH,山西汾酒,10634767,069001001001,016165,白酒Ⅱ,1277,149406090640.38,148432368240.38,171.43,-0.631810804544,871528266,865848266,65.40133512,77.07282461,18.03825341,48.56285059,209.9024831,12.50285244,0.82453763,2020-08-19 00:00:00
600809,600809.SH,山西汾酒,10634767,069001001001,016165,白酒Ⅱ,1277,145597512117.96,144648611317.96,167.06,-2.549145423788,871528266,865848266,63.73415998,75.10812623,17.57843209,47.32491291,204.55176356,12.18413655,0.80351897,2020-08-20 00:00:00
600809,600809.SH,山西汾酒,10634767,069001001001,016165,白酒Ⅱ,1277,150007445143.92,149029803543.92,172.12,3.028851909494,871528266,865848266,65.6645733,77.38304014,18.11085677,48.75831444,210.74733356,12.553176,0.82785637,2020-08-21 00:00:00
600809,600809.SH,山西汾酒,10634767,069001001001,016165,白酒Ⅱ,1277,154949010412.14,153939163212.14,177.79,3.294213339531,871528266,865848266,67.82770443,79.93220257,18.70746703,50.36451734,217.68980033,12.9667044,0.85512773,2020-08-24 00:00:00
600809,600809.SH,山西汾酒,10634767,069001001001,016165,白酒Ⅱ,1277,162592313304.96,161532652504.96,186.56,4.932785870971,871528266,865848266,69.56760468,83.87508697,19.63026632,52.84889113,62.10117035,13.133974,0.89730935,2020-08-25 00:00:00
600809,600809.SH,山西汾酒,10634767,069001001001,016165,白酒Ⅱ,1277,163934466834.6,162866058834.6,188.1,0.825471698113,871528266,865848266,70.14186557,84.56745207,19.79230861,53.28514377,62.61379794,13.24239124,0.90471638,2020-08-26 00:00:00
600809,600809.SH,山西汾酒,10634767,069001001001,016165,白酒Ⅱ,1277,165999988825.02,164918119225.02,190.47,1.259968102073,871528266,865848266,71.0256307,85.632975,20.04168539,53.95651959,63.40271182,13.40924114,0.91611552,2020-08-27 00:00:00
600809,600809.SH,山西汾酒,10634767,069001001001,016165,白酒Ⅱ,1277,168536136079.08,167437737679.08,193.38,1.527799653489,871528266,865848266,72.11076004,86.94127529,20.34788219,54.78086711,64.37137823,13.61410748,0.93011193,2020-08-28 00:00:00
600809,600809.SH,山西汾酒,10634767,069001001001,016165,白酒Ⅱ,1277,171882804620.52,170762595020.52,197.22,1.985727582997,871528266,865848266,73.5426833,88.66769218,20.7519357,55.86866589,65.64961844,13.88444657,0.94858142,2020-08-31 00:00:00
600809,600809.SH,山西汾酒,10634767,069001001001,016165,白酒Ⅱ,1277,169948011870,168840411870,195,-1.125646486158,871528266,865848266,72.71485267,87.66960741,20.51834226,55.23978222,64.91063582,13.72815678,0.93790374,2020-09-01 00:00:00
600809,600809.SH,山西汾酒,10634767,069001001001,016165,白酒Ⅱ,1277,170976415223.88,169862112823.88,196.18,0.605128205128,871528266,865848266,73.15487075,88.20012094,20.64250454,55.57405372,65.30342838,13.81122973,0.94357926,2020-09-02 00:00:00
600809,600809.SH,山西汾酒,10634767,069001001001,016165,白酒Ⅱ,1277,172571311950.66,171446615150.66,198.01,0.932816800897,871528266,865848266,73.83727167,89.02286648,20.83506129,56.09245783,65.91258974,13.9400632,0.95238113,2020-09-03 00:00:00
600809,600809.SH,山西汾酒,10634767,069001001001,016165,白酒Ⅱ,1277,168971900212.08,167870661812.08,193.88,-2.085753244786,871528266,865848266,72.29720838,87.16606916,20.40049332,54.92250757,64.53781576,13.64930788,0.93251681,2020-09-04 00:00:00
600809,600809.SH,山西汾酒,10634767,069001001001,016165,白酒Ⅱ,1277,165808252606.5,164727632606.5,190.25,-1.872292139468,871528266,865848266,70.94359344,85.53406569,20.01853649,53.89419778,63.3294793,13.39375296,0.91505737,2020-09-07 00:00:00
600809,600809.SH,山西汾酒,10634767,069001001001,016165,白酒Ⅱ,1277,163786307029.38,162718864629.38,187.93,-1.219448094612,871528266,865848266,70.07847314,84.49102216,19.77442083,53.23698601,62.55720918,13.2304231,0.90389872,2020-09-08 00:00:00
600809,600809.SH,山西汾酒,10634767,069001001001,016165,白酒Ⅱ,1277,163917036269.28,162848741869.28,188.08,0.079816953121,871528266,865848266,70.13440764,84.55846032,19.79020417,53.27947815,62.60714043,13.24098322,0.90462018,2020-09-09 00:00:00
600809,600809.SH,山西汾酒,10634767,069001001001,016165,白酒Ⅱ,1277,171403464074.22,170286378474.22,196.67,4.567205444492,871528266,865848266,73.33759012,88.42041892,20.69406345,55.71286138,65.46653716,13.84572613,0.94593605,2020-09-10 00:00:00
600809,600809.SH,山西汾酒,10634767,069001001001,016165,白酒Ⅱ,1277,183038366425.32,181845452825.32,210.02,6.788020542025,871528266,865848266,78.31576081,94.42241512,22.09878073,59.49466186,69.91041915,14.78557686,1.01014638,2020-09-11 00:00:00
600809,600809.SH,山西汾酒,10634767,069001001001,016165,白酒Ⅱ,1277,184415381085.6,183213493085.6,211.6,0.752309303876,871528266,865848266,78.90493756,95.13276374,22.26503191,59.94224573,70.43636174,14.89681013,1.01774581,2020-09-14 00:00:00
600809,600809.SH,山西汾酒,10634767,069001001001,016165,白酒Ⅱ,1277,182890206620.1,181698258620.1,209.85,-0.827032136106,871528266,865848266,78.25236837,94.34598521,22.08089294,59.4465041,69.85383039,14.77360872,1.00932872,2020-09-15 00:00:00
600809,600809.SH,山西汾酒,10634767,069001001001,016165,白酒Ⅱ,1277,181269164045.34,180087780845.34,207.99,-0.886347390994,871528266,865848266,77.55878054,93.50975203,21.88517952,58.91960156,69.23468279,14.64266323,1.00038256,2020-09-16 00:00:00
600809,600809.SH,山西汾酒,10634767,069001001001,016165,白酒Ⅱ,1277,172379575732.14,171256128532.14,197.79,-4.904081927016,871528266,865848266,73.7552344,88.92395718,20.81191239,56.03013603,65.83935722,13.92457503,0.95132298,2020-09-17 00:00:00
600809,600809.SH,山西汾酒,10634767,069001001001,016165,白酒Ⅱ,1277,173373117955.38,172243195555.38,198.93,0.576368876081,871528266,865848266,74.18033662,89.43648719,20.93186578,56.35307629,66.21883479,14.00483194,0.95680611,2020-09-18 00:00:00
600809,600809.SH,山西汾酒,10634767,069001001001,016165,白酒Ⅱ,1277,172815339865.14,171689052665.14,198.29,-0.321721208465,871528266,865848266,73.94168274,89.14875105,20.86452352,56.17177649,66.00579475,13.95977543,0.95372786,2020-09-21 00:00:00
600809,600809.SH,山西汾酒,10634767,069001001001,016165,白酒Ⅱ,1277,171333741812.94,170217110612.94,196.59,-0.857330172979,871528266,865848266,73.30775839,88.3844519,20.68564567,55.69019891,65.43990716,13.84009406,0.94555127,2020-09-22 00:00:00
600809,600809.SH,山西汾酒,10634767,069001001001,016165,白酒Ⅱ,1277,172832770430.46,171706369630.46,198.31,0.874917340658,871528266,865848266,73.94914068,89.1577428,20.86662797,56.17744211,66.01245225,13.96118345,0.95382406,2020-09-23 00:00:00
600809,600809.SH,山西汾酒,10634767,069001001001,016165,白酒Ⅱ,1277,172771763451.84,171645760251.84,198.24,-0.035298270385,871528266,865848266,73.92303791,89.12627166,20.85926241,56.15761245,65.989151,13.95625539,0.95348737,2020-09-24 00:00:00
600809,600809.SH,山西汾酒,10634767,069001001001,016165,白酒Ⅱ,1277,171638776706.04,170520157506.04,196.94,-0.655770782889,871528266,865848266,73.43827223,88.54180761,20.72247346,55.78934723,65.55641343,13.86473434,0.94723468,2020-09-25 00:00:00
600809,600809.SH,山西汾酒,10634767,069001001001,016165,白酒Ⅱ,1277,171342457095.6,170225769095.6,196.6,-0.172641413629,871528266,865848266,73.31148736,88.38894778,20.68669789,55.69303172,65.44323591,13.84079807,0.94559936,2020-09-28 00:00:00
600809,600809.SH,山西汾酒,10634767,069001001001,016165,白酒Ⅱ,1277,171412179356.88,170295036956.88,196.68,0.040691759919,871528266,865848266,73.34131909,88.4249148,20.69511567,55.71569419,65.46986591,13.84643013,0.94598414,2020-09-29 00:00:00
600809,600809.SH,山西汾酒,10634767,069001001001,016165,白酒Ⅱ,1277,172728187038.54,171602467838.54,198.19,0.767744559691,871528266,865848266,73.90439308,89.10379227,18.88896273,56.1434484,65.97250725,13.95273535,0.95324689,2020-09-30 00:00:00
600809,600809.SH,山西汾酒,10634767,069001001001,016165,白酒Ⅱ,1277,174079055850.84,172944532650.84,199.74,0.782077804127,871528266,865848266,74.48238293,89.80065326,19.03668912,56.58253385,66.48846358,14.06185659,0.96070202,2020-10-09 00:00:00
600809,600809.SH,山西汾酒,10634767,069001001001,016165,白酒Ⅱ,1277,188729446002.3,187499442002.3,216.55,8.41594072294,871528266,865848266,80.75077613,97.358223,20.63880559,61.34448636,72.08409326,15.24529411,1.04155413,2020-10-12 00:00:00
600809,600809.SH,山西汾酒,10634767,069001001001,016165,白酒Ⅱ,1277,191126148733.8,189880524733.8,219.3,1.269914569384,871528266,865848266,81.776242,98.59458926,20.90090079,62.12350893,72.99949967,15.43889632,1.05478098,2020-10-13 00:00:00
600809,600809.SH,山西汾酒,10634767,069001001001,016165,白酒Ⅱ,1277,192912781679.1,191655513679.1,221.35,0.93479252166,871528266,865848266,82.54068019,99.51624411,21.09628085,62.70423484,73.68189353,15.58321797,1.06464099,2020-10-14 00:00:00
600809,600809.SH,山西汾酒,10634767,069001001001,016165,白酒Ⅱ,1277,193235247137.52,191975877537.52,221.72,0.167156087644,871528266,865848266,82.67865197,99.68259157,21.13154456,62.80904879,73.8050573,15.60926627,1.0664206,2020-10-15 00:00:00
600809,600809.SH,山西汾酒,10634767,069001001001,016165,白酒Ⅱ,1277,188197813760.04,186971274560.04,215.94,-2.606891574959,871528266,865848266,80.52330915,97.08397449,20.58066811,61.17168499,71.88103948,15.20234962,1.03862018,2020-10-16 00:00:00
600809,600809.SH,山西汾酒,10634767,069001001001,016165,白酒Ⅱ,1277,181487046111.84,180304242911.84,208.24,-3.565805316292,871528266,865848266,77.65200471,93.62214896,19.84680155,58.99042179,69.31790155,14.66026343,1.001585,2020-10-19 00:00:00
600809,600809.SH,山西汾酒,10634767,069001001001,016165,白酒Ⅱ,1277,186507048924,185291528924,214,2.766039185555,871528266,865848266,79.79988959,96.21177429,20.39577186,60.62211997,71.23526187,15.06577206,1.02928924,2020-10-20 00:00:00
600809,600809.SH,山西汾酒,10634767,069001001001,016165,白酒Ⅱ,1277,185766249897.9,184555557897.9,213.15,-0.397196261682,871528266,865848266,79.48292741,95.82962472,20.31476062,60.38133118,70.95231808,15.00593138,1.02520094,2020-10-21 00:00:00
600809,600809.SH,山西汾酒,10634767,069001001001,016165,白酒Ⅱ,1277,185452499722.14,184243852522.14,212.79,-0.168895144265,871528266,865848266,79.34868461,95.66777314,20.28044997,60.27935004,70.83248306,14.98058709,1.02346942,2020-10-22 00:00:00
600809,600809.SH,山西汾酒,10634767,069001001001,016165,白酒Ⅱ,1277,181277879328,180096439328,208,-2.251045631844,871528266,865848266,77.56250951,93.51424791,19.82392779,58.92243437,69.23801154,14.64336724,1.00043066,2020-10-23 00:00:00
600809,600809.SH,山西汾酒,10634767,069001001001,016165,白酒Ⅱ,1277,177356002131,176200122131,203.5,-2.163461538462,871528266,865848266,75.88447445,91.49110312,19.39504474,57.64767016,67.74007379,14.32656362,0.97878673,2020-10-26 00:00:00
600809,600809.SH,山西汾酒,10634767,069001001001,016165,白酒Ⅱ,1277,181948956092.82,180763142492.82,208.77,2.589680589681,871528266,865848266,77.84963995,93.86043046,19.89731444,59.14056069,69.49432533,14.69757586,1.00413418,2020-10-27 00:00:00
600809,600809.SH,山西汾酒,10634767,069001001001,016165,白酒Ⅱ,1277,194786567451,193517087451,223.5,7.055611438425,871528266,865848266,83.34240806,100.48285773,21.30119164,63.31328885,74.3975749,15.7345797,1.07498198,2020-10-28 00:00:00
600809,600809.SH,山西汾酒,10634767,069001001001,016165,白酒Ⅱ,1277,200974418139.6,199664610139.6,230.6,3.176733780761,871528266,865848266,85.98997449,103.67493061,21.97787379,65.32458349,76.76098779,16.23442541,1.1091313,2020-10-29 00:00:00
600809,600809.SH,山西汾酒,10634767,069001001001,016165,白酒Ⅱ,1277,196198443241.92,194919761641.92,225.12,-2.376409366869,871528266,865848266,72.99355711,101.21118985,21.45558954,63.77220397,75.42519874,15.00242377,1.0827738,2020-10-30 00:00:00
600809,600809.SH,山西汾酒,10634767,069001001001,016165,白酒Ⅱ,1277,200085459308.28,198781444908.28,229.58,1.981165600569,871528266,865848266,74.43968036,103.21635113,21.8806603,65.03563693,76.91949683,15.29964663,1.10422534,2020-11-02 00:00:00
600809,600809.SH,山西汾酒,10634767,069001001001,016165,白酒Ⅱ,1277,196956672833.34,195673049633.34,225.99,-1.563725063159,871528266,865848266,73.27564842,101.60233118,21.53850693,64.01865838,75.71668738,15.06040222,1.08695829,2020-11-03 00:00:00
600809,600809.SH,山西汾酒,10634767,069001001001,016165,白酒Ⅱ,1277,201741363013.68,200426556613.68,231.48,2.429311031462,871528266,865848266,75.05574183,104.07056782,22.06174425,65.57387071,77.55608122,15.42626623,1.11336389,2020-11-04 00:00:00
600809,600809.SH,山西汾酒,10634767,069001001001,016165,白酒Ⅱ,1277,204103204614.54,202773005414.54,234.19,1.170727492656,871528266,865848266,75.93444003,105.28895057,22.32002716,66.34156204,78.46405159,15.60686577,1.12639835,2020-11-05 00:00:00
600809,600809.SH,山西汾酒,10634767,069001001001,016165,白酒Ⅱ,1277,204582545160.84,203249221960.84,234.74,0.234852043213,871528266,865848266,76.11277362,105.53622382,22.3724462,66.49736656,78.64832602,15.64351881,1.12904372,2020-11-06 00:00:00
600809,600809.SH,山西汾酒,10634767,069001001001,016165,白酒Ⅱ,1277,205236191360.34,203898608160.34,235.49,0.319502428218,871528266,865848266,76.35595578,105.87341461,22.44392671,66.70982726,78.89960933,15.69350023,1.13265104,2020-11-09 00:00:00
600809,600809.SH,山西汾酒,10634767,069001001001,016165,白酒Ⅱ,1277,217707760846.8,216288896846.8,249.8,6.076691154614,871528266,865848266,80.99587139,112.30701504,23.80777482,70.76357743,83.69409491,16.64714578,1.20147874,2020-11-10 00:00:00
600809,600809.SH,山西汾酒,10634767,069001001001,016165,白酒Ⅱ,1277,219232935312.3,217804131312.3,251.55,0.700560448359,871528266,865848266,81.56329643,113.09379356,23.97456267,71.25931906,84.28042264,16.76376909,1.20989583,2020-11-11 00:00:00
600809,600809.SH,山西汾酒,10634767,069001001001,016165,白酒Ⅱ,1277,222239707830,220791307830,255,1.371496720334,871528266,865848266,82.68193436,114.64487123,24.30337301,72.23663829,85.43632587,16.99368364,1.22648951,2020-11-12 00:00:00
600809,600809.SH,山西汾酒,10634767,069001001001,016165,白酒Ⅱ,1277,217969219326.6,216548651326.6,250.1,-1.921568627451,871528266,865848266,81.09314425,112.44189135,23.83636702,70.84856171,83.79460823,16.66713834,1.20292167,2020-11-13 00:00:00
600809,600809.SH,山西汾酒,10634767,069001001001,016165,白酒Ⅱ,1277,238110237553.86,236558404753.86,273.21,9.240303878449,871528266,865848266,88.5863972,122.8318638,26.03891977,77.3951841,91.53748467,18.20723258,1.31407529,2020-11-16 00:00:00
600809,600809.SH,山西汾酒,10634767,069001001001,016165,白酒Ⅱ,1277,232523741368.8,231008317368.8,266.8,-2.346180593683,871528266,865848266,86.50800034,119.95000645,25.42799968,75.57935331,89.38984997,17.78005802,1.28324471,2020-11-17 00:00:00
600809,600809.SH,山西汾酒,10634767,069001001001,016165,白酒Ⅱ,1277,225708390328.68,224237383928.68,258.98,-2.931034482759,871528266,865848266,83.97242102,116.4342304,24.68269624,73.36409641,86.76980264,17.25891839,1.24563237,2020-11-18 00:00:00
600809,600809.SH,山西汾酒,10634767,069001001001,016165,白酒Ⅱ,1277,226536342181.38,225059939781.38,259.93,0.366823692949,871528266,865848266,84.28045176,116.86133874,24.77323822,73.63321329,87.08809483,17.32222819,1.25020164,2020-11-19 00:00:00
600809,600809.SH,山西汾酒,10634767,069001001001,016165,白酒Ⅱ,1277,234441103554,232913183554,269,3.489400992575,871528266,865848266,87.22133468,120.93909946,25.63767584,76.20257137,90.12694768,17.92667019,1.29382619,2020-11-20 00:00:00
600809,600809.SH,山西汾酒,10634767,069001001001,016165,白酒Ⅱ,1277,232619609478.06,231103560678.06,266.91,-0.776951672862,871528266,865848266,86.54366706,119.9994611,25.43848349,75.61051422,89.42670485,17.78738863,1.28377378,2020-11-23 00:00:00
600809,600809.SH,山西汾酒,10634767,069001001001,016165,白酒Ⅱ,1277,231626067254.82,230116493654.82,265.77,-0.427110261886,871528266,865848266,86.17403018,119.48693109,25.32983312,75.28757395,89.04475422,17.71141686,1.27829066,2020-11-24 00:00:00
600809,600809.SH,山西汾酒,10634767,069001001001,016165,白酒Ⅱ,1277,222753909506.94,221302158306.94,255.59,-3.830379651578,871528266,865848266,82.87323766,114.91012799,24.35960434,72.40377404,85.63400207,17.03300236,1.22932727,2020-11-25 00:00:00
600809,600809.SH,山西汾酒,10634767,069001001001,016165,白酒Ⅱ,1277,222370437069.9,220921185069.9,255.15,-0.172150710122,871528266,865848266,82.73057079,114.71230939,24.31766911,72.27913043,85.48658253,17.00367992,1.22721097,2020-11-26 00:00:00
600809,600809.SH,山西汾酒,10634767,069001001001,016165,白酒Ⅱ,1277,223337833445.16,221882276645.16,256.26,0.435038212816,871528266,865848266,83.09048039,115.21135177,24.42346027,72.59357227,85.85848183,17.07765243,1.23254981,2020-11-27 00:00:00
600809,600809.SH,山西汾酒,10634767,069001001001,016165,白酒Ⅱ,1277,209759423060.88,208392360660.88,240.68,-6.079762740966,871528266,865848266,78.03877632,108.20677494,22.93857183,68.18005531,80.63848984,16.03937168,1.15761371,2020-11-30 00:00:00
600809,600809.SH,山西汾酒,10634767,069001001001,016165,白酒Ⅱ,1277,217725191412.12,216306213812.12,249.82,3.797573541632,871528266,865848266,81.00235624,112.31600679,23.80968096,70.76924305,83.7007958,16.64847861,1.20157494,2020-12-01 00:00:00
600809,600809.SH,山西汾酒,10634767,069001001001,016165,白酒Ⅱ,1277,217385295388.38,215968532988.38,249.43,-0.156112400929,871528266,865848266,80.87590152,112.14066758,23.7725111,70.65876348,83.57012848,16.62248827,1.19969913,2020-12-02 00:00:00
600809,600809.SH,山西汾酒,10634767,069001001001,016165,白酒Ⅱ,1277,224279083972.44,222817392772.44,257.34,3.171230405324,871528266,865848266,83.4406627,115.69690652,24.5263922,72.89951567,86.2203298,17.14962568,1.23774436,2020-12-03 00:00:00
600809,600809.SH,山西汾酒,10634767,069001001001,016165,白酒Ⅱ,1277,229159642262.04,227666143062.04,262.94,2.176109427217,871528266,865848266,85.25642283,118.21459781,25.06011333,74.48588891,88.09657852,17.5228203,1.26467903,2020-12-04 00:00:00
600809,600809.SH,山西汾酒,10634767,069001001001,016165,白酒Ⅱ,1277,227538599687.28,226055665287.28,261.08,-0.707385715372,871528266,865848266,84.65333107,117.37836463,24.88284167,73.95898637,87.47339591,17.39886637,1.25573287,2020-12-07 00:00:00
600809,600809.SH,山西汾酒,10634767,069001001001,016165,白酒Ⅱ,1277,231042143316.6,229536375316.6,265.1,1.539757928604,871528266,865848266,85.95678745,119.18570731,25.2659772,75.09777573,88.82027446,17.66676679,1.27506811,2020-12-08 00:00:00
600809,600809.SH,山西汾酒,10634767,069001001001,016165,白酒Ⅱ,1277,236968535525.4,235424143525.4,271.9,2.565069784987,871528266,865848266,88.16163903,122.24290388,25.91406714,77.02408608,91.09857648,18.11993169,1.3077745,2020-12-09 00:00:00
600809,600809.SH,山西汾酒,10634767,069001001001,016165,白酒Ⅱ,1277,243661872608.28,242073858208.28,279.58,2.824567855829,871528266,865848266,90.65182435,125.69573764,26.64602755,79.19968366,93.67171759,18.63174146,1.34471348,2020-12-10 00:00:00
600809,600809.SH,山西汾酒,10634767,069001001001,016165,白酒Ⅱ,1277,254486253672,252827693672,292,4.442377852493,871528266,865848266,94.67892092,131.27961726,27.82974478,82.71803286,97.83296923,19.45943381,1.40445073,2020-12-11 00:00:00
600809,600809.SH,山西汾酒,10634767,069001001001,016165,白酒Ⅱ,1277,257632470712.26,255953405912.26,295.61,1.236301369863,871528266,865848266,95.84943771,132.90262896,28.1738043,83.74067704,99.04247957,19.70001106,1.42181398,2020-12-14 00:00:00
600809,600809.SH,山西汾酒,10634767,069001001001,016165,白酒Ⅱ,1277,257100838470,255425238470,295,-0.206352965055,871528266,865848266,95.65164956,132.62838045,28.11566682,83.56787567,98.83810247,19.6593595,1.41888002,2020-12-15 00:00:00
600809,600809.SH,山西汾酒,10634767,069001001001,016165,白酒Ⅱ,1277,261458479800,259754479800,300,1.694915254237,871528266,865848266,97.27286396,134.8763191,28.59220354,84.98428034,100.51332455,19.99256899,1.44292884,2020-12-16 00:00:00
600809,600809.SH,山西汾酒,10634767,069001001001,016165,白酒Ⅱ,1277,282688908359.76,280846543559.76,324.36,8.12,871528266,865848266,105.17142051,145.82827621,30.91389047,91.8850039,108.6750065,21.61596559,1.56009466,2020-12-17 00:00:00
600809,600809.SH,山西汾酒,10634767,069001001001,016165,白酒Ⅱ,1277,287900647390.44,286024316190.44,330.34,1.843630533975,871528266,865848266,107.11039293,148.51681084,31.48382839,93.57902389,110.67857211,22.01448413,1.58885704,2020-12-18 00:00:00
600809,600809.SH,山西汾酒,10634767,069001001001,016165,白酒Ⅱ,1277,279978455452.5,278153755452.5,321.25,-2.751710359024,871528266,865848266,104.16302515,144.43005837,30.61748463,91.0040002,107.63301837,21.40870929,1.54513629,2020-12-21 00:00:00
600809,600809.SH,山西汾酒,10634767,069001001001,016165,白酒Ⅱ,1277,285739257290.76,283877012490.76,327.86,2.057587548638,871528266,865848266,106.30627059,147.40183327,31.24746618,92.87648717,109.84766196,21.84921223,1.57692883,2020-12-22 00:00:00
600809,600809.SH,山西汾酒,10634767,069001001001,016165,白酒Ⅱ,1277,284205367542.6,282353119542.6,326.1,-0.536814493991,871528266,865848266,105.73560312,146.61055886,31.07972525,92.37791273,109.25798379,21.73192249,1.56846364,2020-12-23 00:00:00
600809,600809.SH,山西汾酒,10634767,069001001001,016165,白酒Ⅱ,1277,277677620830.26,275867916030.26,318.61,-2.296841459675,871528266,865848266,103.30702395,143.24314676,30.36587324,90.25613853,106.74850112,21.23277468,1.53243852,2020-12-24 00:00:00
600809,600809.SH,山西汾酒,10634767,069001001001,016165,白酒Ⅱ,1277,285434222397.66,283573965597.66,327.51,2.793383760711,871528266,865848266,106.19278558,147.24447756,31.21410861,92.77733885,109.73039641,21.82588756,1.57524541,2020-12-25 00:00:00
600809,600809.SH,山西汾酒,10634767,069001001001,016165,白酒Ⅱ,1277,312268577707.8,310233433707.8,358.3,9.401239656804,871528266,865848266,116.17622385,161.08728378,34.14862176,101.49955882,120.04641395,23.87779156,1.72333801,2020-12-28 00:00:00
600809,600809.SH,山西汾酒,10634767,069001001001,016165,白酒Ⅱ,1277,313750175760,311705375760,360,0.47446274072,871528266,865848266,116.72743675,161.85158292,34.31064425,101.98113641,120.61598946,23.99108278,1.7315146,2020-12-29 00:00:00
600809,600809.SH,山西汾酒,10634767,069001001001,016165,白酒Ⅱ,1277,317131705432.08,315064867032.08,363.88,1.077777777778,871528266,865848266,117.98549912,163.59598331,34.68043675,103.08026643,121.91596179,24.24965334,1.75017648,2020-12-30 00:00:00
600809,600809.SH,山西汾酒,10634767,069001001001,016165,白酒Ⅱ,1277,327075842947.14,324944195747.14,375.29,3.135649115093,871528266,865848266,121.68511038,106.21988299,33.45373716,162.73884091,125.73881857,25.01003738,1.80505588,2020-12-31 00:00:00
600809,600809.SH,山西汾酒,10634767,069001001001,016165,白酒Ⅱ,1277,325629106025.58,323506887625.58,373.63,-0.442324602308,871528266,865848266,121.1468672,105.75004631,33.30576305,162.01900698,125.18264484,24.89941183,0.84453824,2021-01-04 00:00:00
600809,600809.SH,山西汾酒,10634767,069001001001,016165,白酒Ⅱ,1277,336104875782.9,333914383782.9,385.65,3.217086422396,871528266,865848266,125.04426661,109.1521167,34.37723823,167.23129845,129.20987871,25.70044743,0.87170776,2021-01-05 00:00:00
600809,600809.SH,山西汾酒,10634767,069001001001,016165,白酒Ⅱ,1277,344253665070,342010065070,395,2.424478153766,871528266,865848266,128.07593754,111.79848592,35.21070686,171.28578475,132.34254399,26.32354916,0.89284213,2021-01-06 00:00:00
600809,600809.SH,山西汾酒,10634767,069001001001,016165,白酒Ⅱ,1277,369257811021.54,366851251821.54,423.69,7.263291139241,871528266,865848266,137.37846576,119.91873544,37.76816301,183.72676998,141.95496826,28.23550518,0.95769185,2021-01-07 00:00:00
600809,600809.SH,山西汾酒,10634767,069001001001,016165,白酒Ⅱ,1277,359060930309.34,356720827109.34,411.99,-2.76145294909,871528266,865848266,133.58482407,116.60723598,36.72521296,178.65324167,138.03494861,27.45579499,0.93124564,2021-01-08 00:00:00
600809,600809.SH,山西汾酒,10634767,069001001001,016165,白酒Ⅱ,1277,338850189820.8,336641805820.8,388.8,-5.62877739751,871528266,865848266,126.06563169,110.04367424,34.65803247,168.59724838,130.26526862,25.91036941,0.8788279,2021-01-11 00:00:00
600809,600809.SH,山西汾酒,10634767,069001001001,016165,白酒Ⅱ,1277,347530611350.16,345265654550.16,398.76,2.561728395062,871528266,865848266,129.29509077,112.86269429,35.54587713,172.91625197,133.60231099,26.5741227,0.90134108,2021-01-12 00:00:00
600809,600809.SH,山西汾酒,10634767,069001001001,016165,白酒Ⅱ,1277,345996721602,343741761602,397,-0.441368241549,871528266,865848266,128.7244233,112.3645542,35.38898892,172.15305455,133.01263282,26.45683296,0.89736285,2021-01-13 00:00:00
600809,600809.SH,山西汾酒,10634767,069001001001,016165,白酒Ⅱ,1277,339198801127.2,336988145127.2,389.2,-1.964735516373,871528266,865848266,126.19532884,110.1568879,34.69368888,168.77070234,130.39928638,25.93702616,0.87973204,2021-01-14 00:00:00
600809,600809.SH,山西汾酒,10634767,069001001001,016165,白酒Ⅱ,1277,323868618928.26,321757874128.26,371.61,-4.519527235355,871528266,865848266,120.49189658,105.17831735,33.12569816,161.14306448,124.50585512,24.7647952,0.83997231,2021-01-15 00:00:00
600809,600809.SH,山西汾酒,10634767,069001001001,016165,白酒Ⅱ,1277,325515807351,323394327351,373.5,0.50859772342,871528266,865848266,121.10471562,105.71325188,33.29417471,161.96263444,125.13908907,24.89074839,0.84424439,2021-01-18 00:00:00
600809,600809.SH,山西汾酒,10634767,069001001001,016165,白酒Ⅱ,1277,312007119228,309973679228,358,-4.149933065596,871528266,865848266,116.07895099,101.32622268,31.91248875,155.24129352,119.94590063,23.85779899,0.80920882,2021-01-19 00:00:00
600809,600809.SH,山西汾酒,10634767,069001001001,016165,白酒Ⅱ,1277,314621704026,312571224026,361,0.837988826816,871528266,865848266,117.05167963,102.17532511,32.17991184,156.54219821,120.95103388,24.05772468,0.81598989,2021-01-20 00:00:00
600809,600809.SH,山西汾酒,10634767,069001001001,016165,白酒Ⅱ,1277,329437684548,327290644548,378,4.709141274238,871528266,865848266,122.56380858,106.98690551,33.69530935,163.91399148,126.64678893,25.19063692,0.85441601,2021-01-21 00:00:00
600809,600809.SH,山西汾酒,10634767,069001001001,016165,白酒Ⅱ,1277,326439627312.96,324312126512.96,374.56,-0.910052910053,871528266,865848266,121.44841308,106.01326807,33.3886642,162.42228743,125.49423615,24.9613888,0.84664037,2021-01-22 00:00:00
600809,600809.SH,山西汾酒,10634767,069001001001,016165,白酒Ⅱ,1277,340845989549.94,338624598349.94,391.09,4.413178129005,871528266,865848266,126.80814788,110.69182243,34.86216543,169.5902723,131.03252033,26.06297935,0.88400412,2021-01-25 00:00:00
600809,600809.SH,山西汾酒,10634767,069001001001,016165,白酒Ⅱ,1277,320286637755,318199237755,367.5,-6.031859674244,871528266,865848266,119.15925834,104.01504703,32.75932853,159.36082505,123.12882257,24.49089701,0.83068223,2021-01-26 00:00:00
600809,600809.SH,山西汾酒,10634767,069001001001,016165,白酒Ⅱ,1277,316364760558,314302920558,363,-1.224489795918,871528266,865848266,117.70016539,102.74139339,32.3581939,157.40946801,121.62112271,24.19100847,0.82051061,2021-01-27 00:00:00
600809,600809.SH,山西汾酒,10634767,069001001001,016165,白酒Ⅱ,1277,312007119228,309973679228,358,-1.37741046832,871528266,865848266,116.07895099,101.32622268,31.91248875,155.24129352,119.94590063,23.85779899,0.80920882,2021-01-28 00:00:00
600809,600809.SH,山西汾酒,10634767,069001001001,016165,白酒Ⅱ,1277,326317613355.72,324190907755.72,374.42,4.586592178771,871528266,865848266,121.40301907,105.97364329,33.37618446,162.36157855,125.44732993,24.95205893,0.84632392,2021-01-29 00:00:00
600809,600809.SH,山西汾酒,10634767,069001001001,016165,白酒Ⅱ,1277,328740461935.2,326597965935.2,377.2,0.742481705037,871528266,865848266,122.30441428,106.7604782,33.62399652,163.56708356,126.3787534,25.1373234,0.85260772,2021-02-01 00:00:00
600809,600809.SH,山西汾酒,10634767,069001001001,016165,白酒Ⅱ,1277,351225891198,348936851198,403,6.839872746554,871528266,865848266,130.66988058,114.06275905,35.9238351,174.75486393,135.02289931,26.85668434,0.91092501,2021-02-02 00:00:00
600809,600809.SH,山西汾酒,10634767,069001001001,016165,白酒Ⅱ,1277,352132280594.64,349837333394.64,404.04,0.258064516129,871528266,865848266,131.00709317,114.35711456,36.01654177,175.20584423,135.3713455,26.92599191,0.91327578,2021-02-03 00:00:00
600809,600809.SH,山西汾酒,10634767,069001001001,016165,白酒Ⅱ,1277,341255607834.96,339031547034.96,391.56,-3.088803088803,871528266,865848266,126.96054203,110.82484847,34.90406171,169.7940807,131.1899912,26.09430104,0.88506649,2021-02-04 00:00:00
600809,600809.SH,山西汾酒,10634767,069001001001,016165,白酒Ⅱ,1277,345125193336,342875913336,396,1.133925835121,871528266,865848266,128.40018042,112.08152006,35.29984789,171.71941965,132.67758841,26.39019106,0.89510249,2021-02-05 00:00:00
600809,600809.SH,山西汾酒,10634767,069001001001,016165,白酒Ⅱ,1277,344253665070,342010065070,395,-0.252525252525,871528266,865848266,128.07593754,111.79848592,35.21070686,171.28578475,132.34254399,26.32354916,0.89284213,2021-02-08 00:00:00
600809,600809.SH,山西汾酒,10634767,069001001001,016165,白酒Ⅱ,1277,351417627416.52,349127337816.52,403.22,2.081012658228,871528266,865848266,130.74121401,114.12502656,35.94344612,174.85026361,135.09660908,26.87134555,0.91142229,2021-02-09 00:00:00
600809,600809.SH,山西汾酒,10634767,069001001001,016165,白酒Ⅱ,1277,386557647101.64,384038339901.64,443.54,9.999503992857,871528266,865848266,143.81468693,125.53696315,39.53761245,192.3344227,148.6055999,29.55834683,1.00255999,2021-02-10 00:00:00
600809,600809.SH,山西汾酒,10634767,069001001001,016165,白酒Ⅱ,1277,397416889296,394826809296,456,2.809216756099,871528266,865848266,147.85475321,129.06356856,40.64830969,197.73751353,152.78025332,30.38870486,1.03072408,2021-02-18 00:00:00
600809,600809.SH,山西汾酒,10634767,069001001001,016165,白酒Ⅱ,1277,369362394413.46,366955153613.46,423.81,-7.059210526316,871528266,865848266,137.41737491,119.95269954,37.77885993,183.77880616,141.99517359,28.24350221,0.95796309,2021-02-19 00:00:00
600809,600809.SH,山西汾酒,10634767,069001001001,016165,白酒Ⅱ,1277,332427026500.38,330260504100.38,381.43,-9.999764045209,871528266,865848266,123.67596166,107.95771262,34.00106308,165.40135918,127.79599128,25.41921863,0.86216905,2021-02-22 00:00:00
600809,600809.SH,山西汾酒,10634767,069001001001,016165,白酒Ⅱ,1277,324208514952,322095554952,372,-2.472275384736,871528266,865848266,120.6183513,105.28870066,33.16046317,161.31218209,124.63652244,24.79078554,0.84085385,2021-02-23 00:00:00
600809,600809.SH,山西汾酒,10634767,069001001001,016165,白酒Ⅱ,1277,302028120582.3,300059716582.3,346.55,-6.841397849462,871528266,865848266,112.36637001,98.08548176,30.89182395,150.27617394,116.10964208,23.09474927,0.7833277,2021-02-24 00:00:00
600809,600809.SH,山西汾酒,10634767,069001001001,016165,白酒Ⅱ,1277,293705025642,291790865642,337,-2.75573510316,871528266,865848266,109.26985051,95.38250571,30.04052712,146.13496066,112.90996791,22.45831916,0.76174126,2021-02-25 00:00:00
600809,600809.SH,山西汾酒,10634767,069001001001,016165,白酒Ⅱ,1277,272875500084.6,271097092084.6,313.1,-7.091988130564,871528266,865848266,101.52044568,88.61798973,27.9100565,135.77108659,104.90240639,20.86557783,0.70771866,2021-02-26 00:00:00
600809,600809.SH,山西汾酒,10634767,069001001001,016165,白酒Ⅱ,1277,270626957158.32,268863203558.32,310.52,-0.82401788566,871528266,865848266,100.68389905,87.88776164,27.68007264,134.65230856,104.0379918,20.69364174,0.70188693,2021-03-01 00:00:00
600809,600809.SH,山西汾酒,10634767,069001001001,016165,白酒Ⅱ,1277,269145359106.12,267391261506.12,308.82,-0.547468762077,871528266,865848266,100.13268616,87.4066036,27.52853289,133.91512923,103.46841629,20.58035051,0.69804432,2021-03-02 00:00:00
600809,600809.SH,山西汾酒,10634767,069001001001,016165,白酒Ⅱ,1277,275856126754.32,274058293154.32,316.52,2.493361828897,871528266,865848266,102.62935633,89.58596649,28.21491882,137.25411795,106.04825829,21.09349312,0.71544909,2021-03-03 00:00:00
600809,600809.SH,山西汾酒,10634767,069001001001,016165,白酒Ⅱ,1277,262957508417.52,261243738817.52,301.72,-4.675849867307,871528266,865848266,97.83056171,85.39706119,26.89563158,130.83632145,101.08960094,20.10719305,0.68199576,2021-03-04 00:00:00
600809,600809.SH,山西汾酒,10634767,069001001001,016165,白酒Ⅱ,1277,270853554507.48,269088324107.48,310.78,3.002784038181,871528266,865848266,100.7682022,87.96135052,27.70324931,134.76505363,104.12510335,20.71096863,0.70247462,2021-03-05 00:00:00
600809,600809.SH,山西汾酒,10634767,069001001001,016165,白酒Ⅱ,1277,243766456000.2,242177760000.2,279.7,-10.000643542055,871528266,865848266,90.69073349,79.1646494,24.9327461,121.287681,93.71192292,18.63973848,0.63222264,2021-03-08 00:00:00
600809,600809.SH,山西汾酒,10634767,069001001001,016165,白酒Ⅱ,1277,224767139801.4,223302267801.4,257.9,-7.794065069718,871528266,865848266,83.62223871,72.99450511,22.98947164,111.83444022,86.40795467,17.18694514,0.5829468,2021-03-09 00:00:00
600809,600809.SH,山西汾酒,10634767,069001001001,016165,白酒Ⅱ,1277,247243853781.54,245632494581.54,283.69,10,871528266,865848266,79.60475176,80.29395562,25.28841881,123.01788424,95.04875014,17.66490983,0.64124148,2021-03-10 00:00:00
600809,600809.SH,山西汾酒,10634767,069001001001,016165,白酒Ⅱ,1277,262321292783.34,260611669583.34,300.99,6.098205788008,871528266,865848266,84.45921334,85.19044627,26.83055862,130.51976798,100.84501852,18.74215238,0.6803457,2021-03-11 00:00:00
600809,600809.SH,山西汾酒,10634767,069001001001,016165,白酒Ⅱ,1277,272614041604.8,270837337604.8,312.8,3.92371839596,871528266,865848266,87.77315504,88.53307948,27.88331419,135.64099613,104.80189306,19.47754166,0.70704055,2021-03-12 00:00:00
600809,600809.SH,山西汾酒,10634767,069001001001,016165,白酒Ⅱ,1277,248960764465.56,247338215665.56,285.66,-8.676470588235,871528266,865848266,80.15754305,80.85153288,25.46402663,123.87214499,95.70878764,17.78757849,0.64569439,2021-03-15 00:00:00
600809,600809.SH,山西汾酒,10634767,069001001001,016165,白酒Ⅱ,1277,263227682179.98,261512151779.98,302.03,5.730588811874,871528266,865848266,84.75104225,85.48480178,26.9232653,130.97074827,101.19346471,18.80691147,0.68269648,2021-03-16 00:00:00
600809,600809.SH,山西汾酒,10634767,069001001001,016165,白酒Ⅱ,1277,267428448422.1,265685540422.1,306.85,1.595867960136,871528266,865848266,86.10355698,86.84902634,27.35292506,133.06086848,102.80837879,19.10704494,0.69359141,2021-03-17 00:00:00
600809,600809.SH,山西汾酒,10634767,069001001001,016165,白酒Ⅱ,1277,280727969761.26,278898384961.26,322.11,4.973113899299,871528266,865848266,90.38558494,91.16812734,28.71321718,139.67813703,107.92115657,20.05726005,0.7280845,2021-03-18 00:00:00
600809,600809.SH,山西汾酒,10634767,069001001001,016165,白酒Ⅱ,1277,272788347258,271010507258,313,-2.828226382292,871528266,865848266,87.82927598,88.58968631,27.9011424,135.72772311,104.86890195,19.48999533,0.70749262,2021-03-19 00:00:00
600809,600809.SH,山西汾酒,10634767,069001001001,016165,白酒Ⅱ,1277,275228626402.8,273434882402.8,315.8,0.894568690096,871528266,865848266,88.61496918,89.38218191,28.15073728,136.94190082,105.80702631,19.66434673,0.71382163,2021-03-22 00:00:00
600809,600809.SH,山西汾酒,10634767,069001001001,016165,白酒Ⅱ,1277,274452966246.06,272664277446.06,314.91,-0.281823939202,871528266,865848266,88.36523099,89.13028152,28.07140176,136.55596576,105.50883678,19.60892789,0.71180991,2021-03-23 00:00:00
600809,600809.SH,山西汾酒,10634767,069001001001,016165,白酒Ⅱ,1277,277145988588,275339748588,318,0.981232733162,871528266,865848266,89.23229956,90.00485702,28.34684755,137.8958976,106.54412402,19.80133711,0.71879442,2021-03-24 00:00:00
600809,600809.SH,山西汾酒,10634767,069001001001,016165,白酒Ⅱ,1277,277843211200.8,276032427200.8,318.8,0.251572327044,871528266,865848266,89.45678333,90.23128433,28.41816037,138.24280551,106.81215956,19.85115179,0.72060271,2021-03-25 00:00:00
600809,600809.SH,山西汾酒,10634767,069001001001,016165,白酒Ⅱ,1277,292450024938.96,290544044138.96,335.56,5.25721455458,871528266,865848266,94.15971836,94.97493654,29.91216403,145.51052641,112.42750395,20.89476944,0.75848634,2021-03-26 00:00:00
600809,600809.SH,山西汾酒,10634767,069001001001,016165,白酒Ⅱ,1277,298402562995.74,296457787795.74,342.39,2.035403504589,871528266,865848266,96.07624857,96.90805973,30.52099727,148.47225276,114.71585731,21.3200623,0.7739246,2021-03-29 00:00:00
600809,600809.SH,山西汾酒,10634767,069001001001,016165,白酒Ⅱ,1277,298367701865.1,296423153865.1,342.35,-0.011682584188,871528266,865848266,96.06502438,96.89673837,30.51743163,148.45490736,114.70245553,21.31757157,0.77383418,2021-03-30 00:00:00
600809,600809.SH,山西汾酒,10634767,069001001001,016165,白酒Ⅱ,1277,290044606924.8,288154302924.8,332.8,-2.789542865489,871528266,865848266,93.38524935,94.19376231,24.24164383,144.31369409,111.50278137,20.72290877,0.75224775,2021-03-31 00:00:00
600809,600809.SH,山西汾酒,10634767,069001001001,016165,白酒Ⅱ,1277,298829611846.08,296882053446.08,342.88,3.028846153846,871528266,865848266,96.21374488,97.04674646,24.97588593,148.68473386,114.88002907,21.3505738,0.77503217,2021-04-01 00:00:00
600809,600809.SH,山西汾酒,10634767,069001001001,016165,白酒Ⅱ,1277,320975145085.14,318883257885.14,368.29,7.410755949603,871528266,865848266,103.3439107,104.238644,26.82678788,159.70339662,123.39350766,22.93281272,0.83246792,2021-04-02 00:00:00
600809,600809.SH,山西汾酒,10634767,069001001001,016165,白酒Ⅱ,1277,320809554714.6,318718746714.6,368.1,-0.051589779793,871528266,865848266,103.29059581,104.18486751,26.812948,159.62100599,123.32984922,22.92098173,0.83203845,2021-04-06 00:00:00
600809,600809.SH,山西汾酒,10634767,069001001001,016165,白酒Ⅱ,1277,301592356449.3,299626792449.3,346.05,-5.9902200489,871528266,865848266,97.10326183,97.94396469,25.20679342,150.05935649,115.94211987,21.54796449,0.78219752,2021-04-07 00:00:00
600809,600809.SH,山西汾酒,10634767,069001001001,016165,白酒Ⅱ,1277,318107817090,316034617090,365,5.476087270626,871528266,865848266,102.42072119,103.30746167,26.58713942,158.27673781,122.29121154,22.72794983,0.82503133,2021-04-08 00:00:00
600809,600809.SH,山西汾酒,10634767,069001001001,016165,白酒Ⅱ,1277,303291836568,301315196568,348,-4.657534246575,871528266,865848266,97.65044102,98.49588127,25.3488343,150.90494454,116.59545648,21.66938778,0.78660522,2021-04-09 00:00:00
600809,600809.SH,山西汾酒,10634767,069001001001,016165,白酒Ⅱ,1277,305644962886.2,303652986886.2,350.7,0.775862068966,871528266,865848266,98.40807376,99.26007345,25.54550629,152.07575876,117.5000764,21.83751234,0.79270819,2021-04-12 00:00:00
600809,600809.SH,山西汾酒,10634767,069001001001,016165,白酒Ⅱ,1277,301548780036,299583500036,346,-1.340176789279,871528266,865848266,97.08923159,97.92981298,25.20315134,150.03767474,115.92536765,21.54485107,0.7820845,2021-04-13 00:00:00
600809,600809.SH,山西汾酒,10634767,069001001001,016165,白酒Ⅱ,1277,307666908463.32,305661754863.32,353.02,2.028901734104,871528266,865848266,99.0590767,99.91671266,25.71449852,153.08179173,118.27737944,21.98197493,0.79795222,2021-04-14 00:00:00
600809,600809.SH,山西汾酒,10634767,069001001001,016165,白酒Ⅱ,1277,306769234349.34,304769931149.34,351.99,-0.291768171775,871528266,865848266,98.77005384,99.62518749,25.63947179,152.63514778,117.93228369,21.91783852,0.79562405,2021-04-15 00:00:00
600809,600809.SH,山西汾酒,10634767,069001001001,016165,白酒Ⅱ,1277,305906421366,303912741366,351,-0.281257990284,871528266,865848266,98.49225517,99.34498369,25.56735873,152.20584923,117.60058972,21.85619285,0.7933863,2021-04-16 00:00:00
600809,600809.SH,山西汾酒,10634767,069001001001,016165,白酒Ⅱ,1277,308974200862.32,306960527262.32,354.52,1.002849002849,871528266,865848266,99.47998377,100.34126387,25.82376073,153.73224407,118.77994607,22.07537746,0.80134276,2021-04-19 00:00:00
600809,600809.SH,山西汾酒,10634767,069001001001,016165,白酒Ⅱ,1277,313009376733.9,310969404733.9,359.15,1.305991199368,871528266,865848266,100.7791836,101.65171194,26.16101678,155.73997365,120.33120171,22.36367995,0.81180823,2021-04-20 00:00:00
600809,600809.SH,山西汾酒,10634767,069001001001,016165,白酒Ⅱ,1277,333132964395.84,330961841195.84,382.24,6.429068634275,871528266,865848266,107.25834649,108.18697027,27.8429265,165.75260345,128.06737725,23.80145628,0.86399994,2021-04-21 00:00:00
600809,600809.SH,山西汾酒,10634767,069001001001,016165,白酒Ⅱ,1277,338152967208,335949127208,388,1.506906655504,871528266,865848266,108.87462965,109.81724693,28.26249341,168.25034046,129.99723309,24.16012201,0.87701961,2021-04-22 00:00:00
600809,600809.SH,山西汾酒,10634767,069001001001,016165,白酒Ⅱ,1277,340323072590.34,338105089390.34,390.49,0.64175257732,871528266,865848266,109.57333539,110.52200194,28.44386869,169.33009136,130.83149368,24.31517021,0.88264791,2021-04-23 00:00:00
600809,600809.SH,山西汾酒,10634767,069001001001,016165,白酒Ⅱ,1277,341185885573.68,338962279173.68,391.48,0.253527619145,871528266,865848266,109.85113406,110.80220574,28.51598176,169.75938991,131.16318765,24.37681589,0.88488566,2021-04-26 00:00:00
600809,600809.SH,山西汾酒,10634767,069001001001,016165,白酒Ⅱ,1277,354084503910.48,351776833510.48,406.28,3.780525186472,871528266,865848266,87.78636,114.99111104,29.59403563,176.1771864,167.78035744,20.61003305,0.91833899,2021-04-27 00:00:00
600809,600809.SH,山西汾酒,10634767,069001001001,016165,白酒Ⅱ,1277,373929202527.3,371492198527.3,429.05,5.604509205474,871528266,865848266,92.70635463,121.43579844,31.25263608,186.05105303,177.18362301,21.76512425,0.96980738,2021-04-28 00:00:00
600809,600809.SH,山西汾酒,10634767,069001001001,016165,白酒Ⅱ,1277,362555758656,360192878656,416,-3.041603542711,871528266,865848266,89.88659486,117.74220289,30.30205479,180.39211761,171.79439966,21.10311546,0.94030968,2021-04-29 00:00:00
600809,600809.SH,山西汾酒,10634767,069001001001,016165,白酒Ⅱ,1277,357544471126.5,355214251126.5,410.25,-1.382211538462,871528266,865848266,88.64417198,116.11475658,29.88321629,177.89871695,169.41983765,20.81142576,0.92731262,2021-04-30 00:00:00
600809,600809.SH,山西汾酒,10634767,069001001001,016165,白酒Ⅱ,1277,354154226171.76,351846101371.76,406.36,-0.948202315661,871528266,865848266,87.80364588,115.01375377,29.59986295,176.21187719,167.81339482,20.61409134,0.91851982,2021-05-06 00:00:00
600809,600809.SH,山西汾酒,10634767,069001001001,016165,白酒Ⅱ,1277,349674570884.52,347395641284.52,401.22,-1.264888276405,871528266,865848266,86.69302786,113.55895828,29.22545775,173.98299382,165.69074286,20.35334612,0.90690157,2021-05-07 00:00:00
600809,600809.SH,山西汾酒,10634767,069001001001,016165,白酒Ⅱ,1277,345125193336,343770873336,396,-1.301031852849,871528266,868108266,85.56512395,112.08152006,28.84522524,171.71941965,163.53505352,20.0885426,0.89510249,2021-05-10 00:00:00
600809,600809.SH,山西汾酒,10634767,069001001001,016165,白酒Ⅱ,1277,355400511592.14,354005869792.14,407.79,2.977272727273,871528266,868108266,88.11263105,115.41849259,29.70402626,176.8319751,168.40393807,20.6866333,0.92175213,2021-05-11 00:00:00
600809,600809.SH,山西汾酒,10634767,069001001001,016165,白酒Ⅱ,1277,369963748917,368511958917,424.5,4.097697344221,871528266,868108266,91.72322,120.1479931,30.92120735,184.07801424,175.30462177,21.53430893,0.95952274,2021-05-12 00:00:00
600809,600809.SH,山西汾酒,10634767,069001001001,016165,白酒Ⅱ,1277,370451804745.96,368998099545.96,425.06,0.131919905771,871528266,868108266,91.84422118,120.30649222,30.96199858,184.32084979,175.53588346,21.56271697,0.96078854,2021-05-13 00:00:00
600809,600809.SH,山西汾酒,10634767,069001001001,016165,白酒Ⅱ,1277,378818476099.56,377331938899.56,434.66,2.258504681692,871528266,868108266,93.91852722,123.02361997,31.66127677,188.48374481,179.50036961,22.04971194,0.982488,2021-05-14 00:00:00
600809,600809.SH,山西汾酒,10634767,069001001001,016165,白酒Ⅱ,1277,386322334469.82,384806351069.82,443.27,1.980858602126,871528266,868108266,95.77892044,125.46054393,32.28844189,192.21734128,183.05601812,22.48648555,1.0019497,2021-05-17 00:00:00
600809,600809.SH,山西汾酒,10634767,069001001001,016165,白酒Ⅱ,1277,387830078370,386308178370,445,0.390281318384,871528266,868108266,96.15272768,125.950193,32.41445765,192.96752965,183.77045156,22.57424611,1.00586012,2021-05-18 00:00:00
600809,600809.SH,山西汾酒,10634767,069001001001,016165,白酒Ⅱ,1277,382313304446.22,380813053046.22,438.67,-1.422471910112,871528266,868108266,94.78498213,124.15858688,31.9533711,190.22262075,181.15636851,22.2531338,0.99155204,2021-05-19 00:00:00
600809,600809.SH,山西汾酒,10634767,069001001001,016165,白酒Ⅱ,1277,394540846018.2,392992612018.2,452.7,3.198303964256,871528266,868108266,97.81649398,128.12955589,32.97533703,196.30651837,186.95029982,22.96485666,1.02326489,2021-05-20 00:00:00
600809,600809.SH,山西汾酒,10634767,069001001001,016165,白酒Ⅱ,1277,390444663168,388912503168,448,-1.038215153523,871528266,868108266,96.80094831,126.79929542,32.63298208,194.26843435,185.00935348,22.72643203,1.0126412,2021-05-21 00:00:00
600809,600809.SH,山西汾酒,10634767,069001001001,016165,白酒Ⅱ,1277,389764871120.52,388235378720.52,447.22,-0.174107142857,871528266,868108266,96.63241095,126.57852879,32.57616573,193.93019913,184.68723898,22.68686369,1.01087812,2021-05-24 00:00:00
600809,600809.SH,山西汾酒,10634767,069001001001,016165,白酒Ⅱ,1277,399726439200.9,398157856200.9,458.65,2.555789097089,871528266,868108266,99.10213157,129.81360903,33.40874382,198.88664601,189.4074553,23.26669208,1.03671403,2021-05-25 00:00:00
600809,600809.SH,山西汾酒,10634767,069001001001,016165,白酒Ⅱ,1277,391316191434,389780611434,449,-2.104000872125,871528266,868108266,97.01702186,127.08232956,32.70582356,194.70206925,185.42232079,22.77716068,1.01490156,2021-05-26 00:00:00
600809,600809.SH,山西汾酒,10634767,069001001001,016165,白酒Ⅱ,1277,386522785971,385006015971,443.5,-1.224944320713,871528266,868108266,95.82861736,125.52564179,32.30519543,192.31707731,183.1510006,22.49815314,1.00246958,2021-05-27 00:00:00
600809,600809.SH,山西汾酒,10634767,069001001001,016165,白酒Ⅱ,1277,394279387538.4,392732179538.4,452.4,2.006764374295,871528266,868108266,97.75167191,128.04464565,32.95348459,196.1764279,186.82640963,22.94963806,1.02258678,2021-05-28 00:00:00
600809,600809.SH,山西汾酒,10634767,069001001001,016165,白酒Ⅱ,1277,403404288483.42,401821273083.42,462.87,2.314323607427,871528266,868108266,100.01396193,131.00801311,33.71613486,200.71658528,191.15017733,23.48076695,1.04625275,2021-05-31 00:00:00
600809,600809.SH,山西汾酒,10634767,069001001001,016165,白酒Ⅱ,1277,400885571794.68,399312440194.68,459.98,-0.624365372567,871528266,868108266,99.38950939,130.19004444,33.50562299,199.46338043,189.95670182,23.33416118,1.03972031,2021-06-01 00:00:00
600809,600809.SH,山西汾酒,10634767,069001001001,016165,白酒Ⅱ,1277,396109596897,394555206897,454.5,-1.191356145919,871528266,868108266,98.20542636,128.63901734,33.10645169,197.08706119,187.69364097,23.05616821,1.02733354,2021-06-02 00:00:00
600809,600809.SH,山西汾酒,10634767,069001001001,016165,白酒Ⅱ,1277,411195751181.46,409582160981.46,471.81,3.808580858086,871528266,868108266,101.94565943,133.53833833,34.36733767,204.59328127,194.84210506,23.93428102,1.06646037,2021-06-03 00:00:00
600809,600809.SH,山西汾酒,10634767,069001001001,016165,白酒Ⅱ,1277,417636345067.2,415997481067.2,479.2,1.566308471631,871528266,868108266,103.54244293,135.62996064,34.90563619,207.79784317,197.89393345,24.30916569,1.08316443,2021-06-04 00:00:00
600809,600809.SH,山西汾酒,10634767,069001001001,016165,白酒Ⅱ,1277,434796736624.74,433090532824.74,498.89,4.108931552588,871528266,868108266,107.79693103,141.20290289,36.33988489,216.33611431,206.02525973,25.30801267,1.12767091,2021-06-07 00:00:00
600809,600809.SH,山西汾酒,10634767,069001001001,016165,白酒Ⅱ,1277,402959809067.76,401378537867.76,462.36,-7.322255407004,871528266,868108266,99.90376442,130.8636657,33.67898571,200.49543149,190.93956401,23.45489535,1.04509997,2021-06-08 00:00:00
600809,600809.SH,山西汾酒,10634767,069001001001,016165,白酒Ⅱ,1277,406132171956,404538451956,466,0.787265334371,871528266,868108266,100.69027213,131.89390997,33.94412869,202.07386251,192.442765,23.63954761,1.05332768,2021-06-09 00:00:00
600809,600809.SH,山西汾酒,10634767,069001001001,016165,白酒Ⅱ,1277,424704439304.46,423037839104.46,487.31,4.572961373391,871528266,868108266,105.29479938,137.92536753,35.49638058,211.31462219,201.24309831,24.72057499,1.10149594,2021-06-10 00:00:00
600809,600809.SH,山西汾酒,10634767,069001001001,016165,白酒Ⅱ,1277,409827702586.5,408227912086.5,470.25,-3.500851613962,871510266,868108266,101.60648614,133.09405617,34.25299751,203.91259926,194.19386522,23.85465165,1.06291225,2021-06-11 00:00:00
600809,600809.SH,山西汾酒,10634767,069001001001,016165,白酒Ⅱ,1277,423553989276,421900617276,486,3.349282296651,871510266,868108266,105.00957419,137.55175184,35.40022709,210.74220785,200.69796597,24.65361127,1.09851218,2021-06-15 00:00:00
600809,600809.SH,山西汾酒,10634767,069001001001,016165,白酒Ⅱ,1277,419179007740.68,417542713780.68,480.98,-1.0329218107,871510266,868108266,103.92490739,136.13094979,35.03457043,208.56540562,198.6249129,24.39895875,1.08716541,2021-06-16 00:00:00
600809,600809.SH,山西汾酒,10634767,069001001001,016165,白酒Ⅱ,1277,433323619357.86,431632110937.86,497.21,3.374360680278,871510266,868108266,107.43170861,140.72449903,36.2167632,215.60315466,205.32723386,25.22226762,1.12385029,2021-06-17 00:00:00
600809,600809.SH,山西汾酒,10634767,069001001001,016165,白酒Ⅱ,1277,426220810689.96,424557028569.96,489.06,-1.639146437119,871510266,868108266,105.67074558,138.41781842,35.62311741,212.06910323,201.96161983,24.80883772,1.10542874,2021-06-18 00:00:00
600809,600809.SH,山西汾酒,10634767,069001001001,016165,白酒Ⅱ,1277,410742788365.8,409139425765.8,471.3,-3.631456263035,871510266,868108266,101.83335867,133.39123589,34.32947948,204.3679065,194.62747193,23.90791563,1.06528558,2021-06-21 00:00:00
600809,600809.SH,山西汾酒,10634767,069001001001,016165,白酒Ⅱ,1277,413095866084,411483318084,474,0.572883513686,871510266,868108266,102.4167452,134.15541228,34.52614741,205.53869654,195.74246063,24.04488013,1.07138843,2021-06-22 00:00:00
600809,600809.SH,山西汾酒,10634767,069001001001,016165,白酒Ⅱ,1277,378270315854.64,376793711774.64,434.04,-8.430379746835,871510266,868108266,93.78262465,122.84560158,31.61546207,188.2110039,179.24062788,22.01780543,0.98106631,2021-06-23 00:00:00
600809,600809.SH,山西汾酒,10634767,069001001001,016165,白酒Ⅱ,1277,386601953997.6,385092826797.6,443.6,2.202561975855,871510266,868108266,95.84824508,125.55135209,32.31181222,192.3564679,183.18851379,22.50276124,1.00267491,2021-06-24 00:00:00
600809,600809.SH,山西汾酒,10634767,069001001001,016165,白酒Ⅱ,1277,389312350924.86,387792643504.86,446.71,0.701082055906,871510266,868108266,96.52021993,126.43157009,32.53834454,193.70504458,184.47281559,22.66052406,1.00970448,2021-06-25 00:00:00
600809,600809.SH,山西汾酒,10634767,069001001001,016165,白酒Ⅱ,1277,388798159867.92,387280459627.92,446.12,-0.132076738824,871510266,868108266,96.39273917,126.26458339,32.49536895,193.44920528,184.22916991,22.63059478,1.0083709,2021-06-28 00:00:00
600809,600809.SH,山西汾酒,10634767,069001001001,016165,白酒Ⅱ,1277,391046656354.2,389520178954.2,448.7,0.578319734601,871510266,868108266,96.9501974,126.9947964,32.68329608,194.56796021,185.29460356,22.76147197,1.0142025,2021-06-29 00:00:00
600809,600809.SH,山西汾酒,10634767,069001001001,016165,白酒Ⅱ,1277,390436599168,388912503168,448,-0.15600624025,871510266,868108266,96.79894905,126.79667659,29.58677112,194.26442205,185.00553241,22.72596266,1.01262028,2021-06-30 00:00:00
600809,600809.SH,山西汾酒,10634767,069001001001,016165,白酒Ⅱ,1277,402637742892,401066018892,462,3.125,871510266,868108266,99.8239162,130.75907273,30.51135772,200.33518524,190.7869553,23.43614899,1.04426467,2021-07-01 00:00:00
600809,600809.SH,山西汾酒,10634767,069001001001,016165,白酒Ⅱ,1277,378130874212.08,376654814452.08,433.88,-6.08658008658,871510266,868108266,93.7480536,122.80031705,28.6542595,188.14162375,179.17455447,22.00968901,0.98070466,2021-07-02 00:00:00
600809,600809.SH,山西汾酒,10634767,069001001001,016165,白酒Ⅱ,1277,401124800938.72,399558982810.72,328.76,6.130354779352,1220114372,1215351572,99.44882024,130.26773557,30.39670897,199.58241054,190.0700588,23.34808588,1.04034076,2021-07-05 00:00:00
600809,600809.SH,山西汾酒,10634767,069001001001,016165,白酒Ⅱ,1277,391656713412,390127854612,321,-2.360384474997,1220114372,1215351572,97.10144573,127.19291616,29.67922977,194.8714983,185.58367464,22.79698128,1.01578472,2021-07-06 00:00:00
600809,600809.SH,山西汾酒,10634767,069001001001,016165,白酒Ⅱ,1277,400185312872.28,398623162100.28,327.99,2.177570093458,1220114372,1215351572,99.21589777,129.96263107,30.3255158,199.11496177,189.62488924,23.29340153,1.03790415,2021-07-07 00:00:00
600809,600809.SH,山西汾酒,10634767,069001001001,016165,白酒Ⅱ,1277,413618772108,412004182908,339,3.356809658831,1220114372,1215351572,102.54638661,134.32522922,31.34348565,205.79887204,195.99023584,24.07531668,1.07274461,2021-07-08 00:00:00
600809,600809.SH,山西汾酒,10634767,069001001001,016165,白酒Ⅱ,1277,386410221612.4,384901842852.4,316.7,-6.578171091445,1220114372,1215351572,95.80070985,125.48908582,29.28165753,192.26107013,183.0976628,22.49160116,1.00217764,2021-07-09 00:00:00
600809,600809.SH,山西汾酒,10634767,069001001001,016165,白酒Ⅱ,1277,379455569692,377974338892,311,-1.799810546258,1220114372,1215351572,94.07647857,123.23052002,28.75464317,188.80073512,179.80225175,22.08679495,0.98414034,2021-07-12 00:00:00
600809,600809.SH,山西汾酒,10634767,069001001001,016165,白酒Ⅱ,1277,416303023726.4,414677956366.4,341.2,9.710610932476,1220114372,1215351572,103.21187939,135.19695637,31.5468947,207.13443994,197.26214887,24.23155767,1.07970638,2021-07-13 00:00:00
600809,600809.SH,山西汾酒,10634767,069001001001,016165,白酒Ⅱ,1277,433787262677.16,432093944393.16,355.53,4.199882766706,1220114372,1215351572,107.54665732,140.87507004,32.87182729,215.83384359,205.54692787,25.24925469,1.12505278,2021-07-14 00:00:00
600809,600809.SH,山西汾酒,10634767,069001001001,016165,白酒Ⅱ,1277,456505792283.8,454723790663.8,374.15,5.237251427446,1220114372,1215351572,113.17914617,148.25305166,34.59340754,227.13760464,216.31193728,26.57162164,1.18397462,2021-07-15 00:00:00
600809,600809.SH,山西汾酒,10634767,069001001001,016165,白酒Ⅱ,1277,451576530220.92,449813770312.92,370.11,-1.079780836563,1220114372,1215351572,111.95705944,146.65224362,34.21987455,224.68501632,213.97624243,26.28470636,1.17119029,2021-07-16 00:00:00
600809,600809.SH,山西汾酒,10634767,069001001001,016165,白酒Ⅱ,1277,456078752253.6,454298417613.6,373.8,0.997000891627,1220114372,1215351572,113.07327232,148.11436779,34.561047,226.92512793,216.10958748,26.54676512,1.18286707,2021-07-19 00:00:00
600809,600809.SH,山西汾酒,10634767,069001001001,016165,白酒Ⅱ,1277,453272489198,451503108998,371.5,-0.615302300696,1220114372,1215351572,112.37752987,147.20301668,34.34839209,225.5288524,214.77986021,26.38342226,1.17558886,2021-07-20 00:00:00
600809,600809.SH,山西汾酒,10634767,069001001001,016165,白酒Ⅱ,1277,448880077458.8,447127843338.8,367.9,-0.969044414536,1220114372,1215351572,111.28854169,145.77655407,34.01554091,223.34337765,212.69854798,26.12775518,1.16419688,2021-07-21 00:00:00
600809,600809.SH,山西汾酒,10634767,069001001001,016165,白酒Ⅱ,1277,438850737320.96,437137653416.96,359.68,-2.234302799674,1220114372,1215351572,108.80201869,142.51946444,33.25553073,218.35321031,207.94621836,25.54398202,1.1381852,2021-07-22 00:00:00
600809,600809.SH,山西汾酒,10634767,069001001001,016165,白酒Ⅱ,1277,432859975754.44,431170277198.44,354.77,-1.365102313167,1220114372,1215351572,107.31675982,140.57392793,32.80155871,215.37246559,205.10753973,25.19528053,1.12264781,2021-07-23 00:00:00
600809,600809.SH,山西汾酒,10634767,069001001001,016165,白酒Ⅱ,1277,390436599040,388912503040,320,-9.800715956817,1220114372,1215351572,96.79894901,126.79667655,29.58677111,194.26442199,185.00553235,22.72596265,1.01262028,2021-07-26 00:00:00
600809,600809.SH,山西汾酒,10634767,069001001001,016165,白酒Ⅱ,1277,392095954585.92,390565381177.92,321.36,0.425,1220114372,1215351572,97.21034455,127.33556242,29.71251489,195.09004578,185.79180586,22.82254799,1.01692392,2021-07-27 00:00:00
600809,600809.SH,山西汾酒,10634767,069001001001,016165,白酒Ⅱ,1277,392693810628.2,391160903448.2,321.85,0.152476972865,1220114372,1215351572,97.35856794,127.52971983,29.75781963,195.38751318,186.07509559,22.85734712,1.0184745,2021-07-28 00:00:00
600809,600809.SH,山西汾酒,10634767,069001001001,016165,白酒Ⅱ,1277,384336027180,382835745180,315,-2.128320646264,1220114372,1215351572,95.28646544,124.81547848,29.12447781,191.22904039,182.11482091,22.37086948,0.99679809,2021-07-29 00:00:00
600809,600809.SH,山西汾酒,10634767,069001001001,016165,白酒Ⅱ,1277,348952710392,347590549592,286,-9.206349206349,1220114372,1215351572,86.51406068,113.32452966,26.44317668,173.62382715,165.34869454,20.31132912,0.90502938,2021-07-30 00:00:00
600809,600809.SH,山西汾酒,10634767,069001001001,016165,白酒Ⅱ,1277,379492173123.16,378010799439.16,311.03,8.751748251748,1220114372,1215351572,94.08555347,123.24240721,28.75741693,188.81894741,179.81959602,22.08892551,0.98423527,2021-08-02 00:00:00
600809,600809.SH,山西汾酒,10634767,069001001001,016165,白酒Ⅱ,1277,382725476208.96,381231481104.96,313.68,0.852007844902,1220114372,1215351572,94.88716977,124.29244219,29.00243238,190.42769965,181.35167309,22.27712489,0.99262103,2021-08-03 00:00:00
600809,600809.SH,山西汾酒,10634767,069001001001,016165,白酒Ⅱ,1277,377015340948,375543635748,309,-1.491966335119,1220114372,1215351572,93.47148514,122.43804079,28.56972585,187.58658248,178.64596718,21.94475768,0.97781146,2021-08-04 00:00:00
600809,600809.SH,山西汾酒,10634767,069001001001,016165,白酒Ⅱ,1277,377320369541,375847473641,309.25,0.080906148867,1220114372,1215351572,93.54710932,122.53710069,28.59284052,187.73835156,178.79050275,21.96251234,0.97860257,2021-08-05 00:00:00
600809,600809.SH,山西汾酒,10634767,069001001001,016165,白酒Ⅱ,1277,376868927223.36,375397793559.36,308.88,-0.119644300728,1220114372,1215351572,93.43518554,122.39049204,28.55863082,187.51373332,178.5765901,21.93623545,0.97743173,2021-08-06 00:00:00
600809,600809.SH,山西汾酒,10634767,069001001001,016165,白酒Ⅱ,1277,378223254176.28,376746833804.28,309.99,0.359362859363,1220114372,1215351572,93.77095689,122.83031801,28.66125993,188.18758804,179.21832804,22.01506613,0.98094426,2021-08-09 00:00:00
600809,600809.SH,山西汾酒,10634767,069001001001,016165,白酒Ⅱ,1277,405675827546.28,404092244174.28,332.49,7.258298654795,1220114372,1215351572,100.57713299,131.74570933,30.74157977,201.84680521,192.22652954,23.61298538,1.05214412,2021-08-10 00:00:00
600809,600809.SH,山西汾酒,10634767,069001001001,016165,白酒Ⅱ,1277,395561079402.4,394016979642.4,324.2,-2.493308069416,1220114372,1215351572,98.06943522,128.46088293,29.97509748,196.81414252,187.43372996,23.02424091,1.02591093,2021-08-11 00:00:00
600809,600809.SH,山西汾酒,10634767,069001001001,016165,白酒Ⅱ,1277,391656713412,390127854612,321,-0.98704503393,1220114372,1215351572,97.10144573,127.19291616,29.67922977,194.8714983,185.58367464,22.79698128,1.01578472,2021-08-12 00:00:00
600809,600809.SH,山西汾酒,10634767,069001001001,016165,白酒Ⅱ,1277,393730907844.4,392193952284.4,322.7,0.529595015576,1220114372,1215351572,97.61569015,127.86652351,29.83640949,195.90352805,186.56651653,22.91771296,1.02116427,2021-08-13 00:00:00
600809,600809.SH,山西汾酒,10634767,069001001001,016165,白酒Ⅱ,1277,399709468267.2,398149174987.2,327.6,1.518438177874,1220114372,1215351572,99.09792405,129.80809762,30.28945693,198.87820201,189.39941375,23.26570426,1.03667002,2021-08-16 00:00:00
600809,600809.SH,山西汾酒,10634767,069001001001,016165,白酒Ⅱ,1277,371659038854.92,370208242346.92,304.61,-7.017704517705,1220114372,1215351572,92.14352456,120.69854888,28.16383234,184.92151744,176.10792253,21.63298588,0.96391958,2021-08-17 00:00:00
600809,600809.SH,山西汾酒,10634767,069001001001,016165,白酒Ⅱ,1277,371463820555.4,370013786095.4,304.45,-0.052526181018,1220114372,1215351572,92.09512509,120.63515055,28.14903895,184.82438523,176.01541976,21.6216229,0.96341327,2021-08-18 00:00:00
600809,600809.SH,山西汾酒,10634767,069001001001,016165,白酒Ⅱ,1277,364948409808.92,363523808700.92,299.11,-1.753982591559,1220114372,1215351572,90.47979262,118.51923101,27.65530971,181.58259769,172.92813994,21.2423834,0.94651517,2021-08-19 00:00:00
600809,600809.SH,山西汾酒,10634767,069001001001,016165,白酒Ⅱ,1277,331919913758.88,330624241646.88,272.04,-9.050182207215,1220114372,1215351572,82.29120653,107.79302465,25.15245379,165.14904174,157.27782819,19.319909,0.86085382,2021-08-20 00:00:00
600809,600809.SH,山西汾酒,10634767,069001001001,016165,白酒Ⅱ,1277,329674903314.4,328387994754.4,270.2,-0.676371121894,1220114372,1215351572,81.73461257,107.06394376,24.98232986,164.03202131,156.21404638,19.18923471,0.85503125,2021-08-23 00:00:00
600809,600809.SH,山西汾酒,10634767,069001001001,016165,白酒Ⅱ,1277,339313806853.2,337989272173.2,278.1,2.923760177646,1220114372,1215351572,84.12433663,110.19423671,25.71275327,168.82792423,160.78137046,19.75028191,0.88003032,2021-08-24 00:00:00
600809,600809.SH,山西汾酒,10634767,069001001001,016165,白酒Ⅱ,1277,347183544552.6,345828289812.6,284.55,2.319309600863,1220114372,1215351572,86.07544044,112.74998222,26.30911162,172.74356649,164.51038822,20.2083521,0.90044094,2021-08-25 00:00:00
600809,600809.SH,山西汾酒,10634767,069001001001,016165,白酒Ⅱ,1277,336507543797.6,335193963557.6,275.8,-3.075030750308,1220114372,1215351572,83.42859418,109.2828856,25.50009835,167.4316487,159.4516432,19.58693906,0.87275211,2021-08-26 00:00:00
600809,600809.SH,山西汾酒,10634767,069001001001,016165,白酒Ⅱ,1277,342852138532,341513791732,281,1.88542422045,1220114372,1215351572,68.65450951,111.34333159,25.98088338,170.58844556,126.66792045,17.8534818,0.88920719,2021-08-27 00:00:00
600809,600809.SH,山西汾酒,10634767,069001001001,016165,白酒Ⅱ,1277,341595420728.84,340261979612.84,279.97,-0.366548042705,1220114372,1215351572,68.40285775,110.93520479,25.88565096,169.96315695,126.20362167,17.78804021,0.88594782,2021-08-30 00:00:00
600809,600809.SH,山西汾酒,10634767,069001001001,016165,白酒Ⅱ,1277,338606140517.44,337284368261.44,277.52,-0.875093760046,1220114372,1215351572,67.80426861,109.96441774,25.65912725,168.47581997,125.09922165,17.63237818,0.87819494,2021-08-31 00:00:00
600809,600809.SH,山西汾酒,10634767,069001001001,016165,白酒Ⅱ,1277,340399708644.28,339070935072.28,278.99,0.529691553762,1220114372,1215351572,68.1634221,110.54688997,25.79504148,169.36822216,125.76186166,17.7257754,0.88284667,2021-09-01 00:00:00
600809,600809.SH,山西汾酒,10634767,069001001001,016165,白酒Ⅱ,1277,327015053983.44,325738528327.44,268.02,-3.932040574931,1220114372,1215351572,65.48320868,106.2001414,24.78076998,162.70859494,120.81685423,17.02879071,0.84813278,2021-09-02 00:00:00
600809,600809.SH,山西汾酒,10634767,069001001001,016165,白酒Ⅱ,1277,325941353336.08,324669018944.08,267.14,-0.32833370644,1220114372,1215351572,65.26820524,105.85145054,24.69940636,162.17436778,120.42017178,16.97287945,0.84534807,2021-09-03 00:00:00
600809,600809.SH,山西汾酒,10634767,069001001001,016165,白酒Ⅱ,1277,342571512226.44,341234260870.44,280.77,5.102193606349,1220114372,1215351572,68.59831543,111.25219648,25.95961789,170.448818,126.56424208,17.83886863,0.88847937,2021-09-06 00:00:00
600809,600809.SH,山西汾酒,10634767,069001001001,016165,白酒Ⅱ,1277,347952216606.96,346593961302.96,285.18,1.570680628272,1220114372,1215351572,69.67577588,112.99961318,26.36736058,173.12602457,128.55216211,18.11906028,0.90243454,2021-09-07 00:00:00
600809,600809.SH,山西汾酒,10634767,069001001001,016165,白酒Ⅱ,1277,336092704911.12,334780744023.12,275.46,-3.408373658742,1220114372,1215351572,67.30096509,109.14816413,25.46866241,167.22524275,124.17062408,17.501495,0.8716762,2021-09-08 00:00:00
600809,600809.SH,山西汾酒,10634767,069001001001,016165,白酒Ⅱ,1277,336019498048.8,334707822928.8,275.4,-0.021781746896,1220114372,1215351572,67.28630576,109.12438975,25.46311489,167.18881817,124.14357755,17.49768287,0.87148633,2021-09-09 00:00:00
600809,600809.SH,山西汾酒,10634767,069001001001,016165,白酒Ⅱ,1277,353467133568.4,352087350408.4,289.7,5.19244734931,1220114372,1215351572,70.78011176,114.79061624,26.78527372,175.87000953,130.58966745,18.40624084,0.9167378,2021-09-10 00:00:00
600809,600809.SH,山西汾酒,10634767,069001001001,016165,白酒Ⅱ,1277,357761936157.84,356365387941.84,293.22,1.215050051778,1220114372,1215351572,71.64012555,116.18537968,27.1107282,178.00691817,132.17639728,18.62988588,0.92787662,2021-09-13 00:00:00
600809,600809.SH,山西汾酒,10634767,069001001001,016165,白酒Ⅱ,1277,365534064707.48,364107177455.48,299.59,2.172430257145,1220114372,1215351572,73.19645731,118.70942602,27.69968987,181.87399432,135.04783732,19.03460716,0.9480341,2021-09-14 00:00:00
600809,600809.SH,山西汾酒,10634767,069001001001,016165,白酒Ⅱ,1277,353808765592.56,352427648848.56,289.98,-3.207717213525,1220114372,1215351572,70.84852195,114.90156333,26.81116215,176.0399909,130.7158846,18.42403079,0.91762384,2021-09-15 00:00:00
600809,600809.SH,山西汾酒,10634767,069001001001,016165,白酒Ⅱ,1277,362678997077,361263254777,297.25,2.507069453066,1220114372,1215351572,72.6247436,117.78222532,27.4833366,180.45343574,133.99302261,18.88593403,0.94062931,2021-09-16 00:00:00
600809,600809.SH,山西汾酒,10634767,069001001001,016165,白酒Ⅱ,1277,386605439911.92,385096299103.92,316.86,6.597140454163,1220114372,1215351572,77.41589994,125.55248416,29.29645092,192.35820235,142.83273051,20.13186563,1.00268395,2021-09-17 00:00:00
600809,600809.SH,山西汾酒,10634767,069001001001,016165,白酒Ⅱ,1277,379455569692,377974338892,311,-1.849397210124,1220114372,1215351572,75.98417245,123.23052002,28.75464317,188.80073512,140.19118598,19.75954747,0.98414034,2021-09-22 00:00:00
600809,600809.SH,山西汾酒,10634767,069001001001,016165,白酒Ⅱ,1277,380565873770.52,379080308822.52,311.91,0.292604501608,1220114372,1215351572,76.20650556,123.59109807,28.83878055,189.35317457,140.6013917,19.81736479,0.98701998,2021-09-23 00:00:00
600809,600809.SH,山西汾酒,10634767,069001001001,016165,白酒Ⅱ,1277,392522994616.12,390990754228.12,321.71,3.141931967555,1220114372,1215351572,78.60086212,127.47424629,29.74487542,195.30252249,145.01899177,20.44001291,1.01803147,2021-09-24 00:00:00
600809,600809.SH,山西汾酒,10634767,069001001001,016165,白酒Ⅱ,1277,396415159462.8,394867725742.8,324.9,0.991576264337,1220114372,1215351572,79.38024961,128.73825066,30.03981854,197.23909595,146.45696567,20.64269123,1.02812603,2021-09-27 00:00:00
600809,600809.SH,山西汾酒,10634767,069001001001,016165,白酒Ⅱ,1277,386776255924,385266448324,317,-2.431517389966,1220114372,1215351572,77.45010504,125.60795771,29.30939513,192.44319303,142.89583908,20.1407606,1.00312697,2021-09-28 00:00:00
600809,600809.SH,山西汾酒,10634767,069001001001,016165,白酒Ⅱ,1277,387996370296,386481799896,318,0.315457413249,1220114372,1215351572,77.69442714,126.00419732,29.40185379,193.05026935,143.3466146,20.20429612,1.00629141,2021-09-29 00:00:00
600809,600809.SH,山西汾酒,10634767,069001001001,016165,白酒Ⅱ,1277,384946084366,383443420966,315.5,-0.786163522013,1220114372,1215351572,77.08362189,125.01359828,26.415689,191.53257855,142.21967581,20.04545732,0.99838031,2021-09-30 00:00:00
600809,600809.SH,山西汾酒,10634767,069001001001,016165,白酒Ⅱ,1277,396537170900,394989260900,325,3.011093502377,1220114372,1215351572,79.40468182,128.77787462,27.21109009,197.29980358,146.50204323,20.64904478,1.02844248,2021-10-08 00:00:00
600809,600809.SH,山西汾酒,10634767,069001001001,016165,白酒Ⅱ,1277,387508324547.2,385995659267.2,317.6,-2.276923076923,1220114372,1215351572,77.5966983,125.84570147,26.5915145,192.80743882,143.1663044,20.17888192,1.00502563,2021-10-11 00:00:00
600809,600809.SH,山西汾酒,10634767,069001001001,016165,白酒Ⅱ,1277,389216484668,387697151468,319,0.44080604534,1220114372,1215351572,77.93874923,126.40043693,26.70873151,193.65734567,143.79739012,20.26783165,1.00945585,2021-10-12 00:00:00
600809,600809.SH,山西汾酒,10634767,069001001001,016165,白酒Ⅱ,1277,407274177373.6,405684354733.6,333.8,4.639498432602,1220114372,1215351572,81.55471628,132.26478322,27.94788269,202.64207518,150.46886778,21.20815738,1.05628953,2021-10-13 00:00:00
600809,600809.SH,山西汾酒,10634767,069001001001,016165,白酒Ⅱ,1277,415387937947.4,413766442687.4,340.45,1.992210904733,1220114372,1215351572,83.17945823,134.89977666,28.50466345,206.6791327,153.46652497,21.6306686,1.07733305,2021-10-14 00:00:00
600809,600809.SH,山西汾酒,10634767,069001001001,016165,白酒Ⅱ,1277,423135664209.6,421483925169.6,346.8,1.8651784403,1220114372,1215351572,84.73090355,137.41589821,29.03632629,210.53406733,156.32894951,22.03411917,1.09742723,2021-10-15 00:00:00
600809,600809.SH,山西汾酒,10634767,069001001001,016165,白酒Ⅱ,1277,380822097788.64,379335532652.64,312.12,-10,1220114372,1215351572,76.2578132,123.67430839,26.13269366,189.48066059,140.69605456,19.83070725,0.98768451,2021-10-18 00:00:00
600809,600809.SH,山西汾酒,10634767,069001001001,016165,白酒Ⅱ,1277,402625541616.28,401053865244.28,329.99,5.725362040241,1220114372,1215351572,80.62384909,130.75511029,27.62888499,200.32911441,148.75141306,20.96608704,1.04423302,2021-10-19 00:00:00
600809,600809.SH,山西汾酒,10634767,069001001001,016165,白酒Ⅱ,1277,402393719885.6,400822948445.6,329.8,-0.057577502349,1220114372,1215351572,80.57742789,130.67982477,27.61297696,200.21376991,148.66576571,20.95401529,1.04363178,2021-10-20 00:00:00
600809,600809.SH,山西汾酒,10634767,069001001001,016165,白酒Ⅱ,1277,398513756182.64,396958130446.64,326.62,-0.964220739842,1220114372,1215351572,79.80048362,129.41978279,27.34672691,198.28326722,147.23229956,20.75197233,1.03356887,2021-10-21 00:00:00
600809,600809.SH,山西汾酒,10634767,069001001001,016165,白酒Ⅱ,1277,400356128884.36,398793311320.36,328.13,0.46231094238,1220114372,1215351572,80.16940999,130.01810461,27.47315382,199.19995246,147.9129706,20.84791097,1.03834717,2021-10-22 00:00:00
600809,600809.SH,山西汾酒,10634767,069001001001,016165,白酒Ⅱ,1277,394841211922.92,393299922214.92,323.61,-1.377502819005,1220114372,1215351572,79.0650741,128.22710155,27.09471036,196.4559675,145.87546526,20.5607304,1.02404391,2021-10-25 00:00:00
600809,600809.SH,山西汾酒,10634767,069001001001,016165,白酒Ⅱ,1277,390302386459.08,388778814367.08,319.89,-1.149531843886,1220114372,1215351572,78.1561959,126.75309019,26.78324803,194.19764359,144.19858033,20.32437826,1.0122722,2021-10-26 00:00:00
600809,600809.SH,山西汾酒,10634767,069001001001,016165,白酒Ⅱ,1277,378723501068.8,377245127948.8,310.4,-2.966644784145,1220114372,1215351572,75.83757919,122.99277625,25.9886842,188.43648933,139.92072067,19.72142615,0.98224168,2021-10-27 00:00:00
600809,600809.SH,山西汾酒,10634767,069001001001,016165,白酒Ⅱ,1277,374697123641.2,373234467761.2,307.1,-1.063144329897,1220114372,1215351572,75.03131627,121.68518552,25.71238698,186.43313747,138.43316146,19.51175893,0.97179903,2021-10-28 00:00:00
600809,600809.SH,山西汾酒,10634767,069001001001,016165,白酒Ⅱ,1277,367864483158,366428498958,301.5,-1.823510257245,1220114372,1215351572,67.40179547,119.46624368,25.24351896,183.03351009,60.45832069,17.63010518,0.95407817,2021-10-29 00:00:00
600809,600809.SH,山西汾酒,10634767,069001001001,016165,白酒Ⅱ,1277,349806790452.4,348441295692.4,286.7,-4.908789386401,1220114372,1215351572,64.09318329,113.60189739,24.00436778,174.04878057,57.49054906,16.76468044,0.90724449,2021-11-01 00:00:00
600809,600809.SH,山西汾酒,10634767,069001001001,016165,白酒Ⅱ,1277,348830698954.8,347469014434.8,285.9,-0.279037321242,1220114372,1215351572,63.91433939,113.2849057,23.93738664,173.56311952,57.33012897,16.71790073,0.90471294,2021-11-02 00:00:00
600809,600809.SH,山西汾酒,10634767,069001001001,016165,白酒Ⅱ,1277,344194264341.2,342850678461.2,282.1,-1.32913606156,1220114372,1215351572,63.06483085,111.77919517,23.6192262,171.25622951,56.56813355,16.49569708,0.89268807,2021-11-03 00:00:00
600809,600809.SH,山西汾酒,10634767,069001001001,016165,白酒Ⅱ,1277,357883947595.04,356486923099.04,293.32,3.977313009571,1220114372,1215351572,65.57311657,116.22500364,24.55863676,178.0676258,58.81802529,17.15178259,0.92819307,2021-11-04 00:00:00
600809,600809.SH,山西汾酒,10634767,069001001001,016165,白酒Ⅱ,1277,360275371764.16,358869012180.16,295.28,0.668212191463,1220114372,1215351572,66.01128413,117.00163328,24.72274056,179.25749539,59.2110545,17.26639289,0.93439537,2021-11-05 00:00:00
600809,600809.SH,山西汾酒,10634767,069001001001,016165,白酒Ⅱ,1277,365912300162.8,364483936442.8,299.9,1.564616635058,1220114372,1215351572,67.04410767,118.8322603,25.10955667,182.06218798,60.13748051,17.53654574,0.94901507,2021-11-08 00:00:00
600809,600809.SH,山西汾酒,10634767,069001001001,016165,白酒Ⅱ,1277,368486741487.72,367048328259.72,302.01,0.703567855952,1220114372,1215351572,67.51580846,119.66832589,25.28621944,183.34311901,60.56058849,17.65992724,0.95569204,2021-11-09 00:00:00
600809,600809.SH,山西汾酒,10634767,069001001001,016165,白酒Ⅱ,1277,363472071418.8,362053233298.8,297.9,-1.360882089997,1220114372,1215351572,66.59699791,118.03978107,24.94210381,180.84803534,59.73643029,17.41959646,0.9426862,2021-11-10 00:00:00
600809,600809.SH,山西汾酒,10634767,069001001001,016165,白酒Ⅱ,1277,359933739740,358528713740,295,-0.973481033904,1220114372,1215351572,65.94868877,116.89068619,24.69929716,179.08751402,59.15490747,17.25001999,0.93350932,2021-11-11 00:00:00
600809,600809.SH,山西汾酒,10634767,069001001001,016165,白酒Ⅱ,1277,356139184043.08,354748970351.08,291.89,-1.054237288136,1220114372,1215351572,65.2534331,115.65838099,24.43890796,177.19950667,58.53127438,17.06816385,0.92366792,2021-11-12 00:00:00
600809,600809.SH,山西汾酒,10634767,069001001001,016165,白酒Ⅱ,1277,361458882705,360047903205,296.25,1.493713385179,1220114372,1215351572,66.22813237,117.38598571,24.8039552,179.84635942,59.40556386,17.32311329,0.93746487,2021-11-15 00:00:00
600809,600809.SH,山西汾酒,10634767,069001001001,016165,白酒Ⅱ,1277,379089535380.4,377609733420.4,310.7,4.877637130802,1220114372,1215351572,69.45850034,123.11164814,26.01380213,188.61861222,62.3031517,18.1680719,0.98319101,2021-11-16 00:00:00
600809,600809.SH,山西汾酒,10634767,069001001001,016165,白酒Ⅱ,1277,378174449601.4,376698219741.4,309.95,-0.241390408754,1220114372,1215351572,69.29083418,122.81446842,25.95100731,188.16330498,62.15275787,18.12421592,0.98081768,2021-11-17 00:00:00
600809,600809.SH,山西汾酒,10634767,069001001001,016165,白酒Ⅱ,1277,379601983416.64,378120181080.64,311.12,0.377480238748,1220114372,1215351572,69.55239339,123.27806877,26.04896723,188.87358428,62.38737225,18.19263125,0.98452007,2021-11-18 00:00:00
600809,600809.SH,山西汾酒,10634767,069001001001,016165,白酒Ⅱ,1277,380309649752.4,378825084992.4,311.7,0.18642324505,1220114372,1215351572,69.68205522,123.50788775,26.09752856,189.22568854,62.50367681,18.22654654,0.98635545,2021-11-19 00:00:00
600809,600809.SH,山西汾酒,10634767,069001001001,016165,白酒Ⅱ,1277,378479478194.4,377002057634.4,310.2,-0.481231953802,1220114372,1215351572,69.3467229,122.91352833,25.97193891,188.31507406,62.20288915,18.13883458,0.98160879,2021-11-22 00:00:00
600809,600809.SH,山西汾酒,10634767,069001001001,016165,白酒Ⅱ,1277,376002646019.24,374534893943.24,308.17,-0.65441650548,1220114372,1215351572,68.8929065,122.10916191,25.80197426,187.08270914,61.79582317,18.02013105,0.97518498,2021-11-23 00:00:00
600809,600809.SH,山西汾酒,10634767,069001001001,016165,白酒Ⅱ,1277,388008571439.72,386493953411.72,318.01,3.193042801051,1220114372,1215351572,71.09268649,126.00815972,26.62584234,193.05634011,63.76899025,18.59552155,1.00632305,2021-11-24 00:00:00
600809,600809.SH,山西汾酒,10634767,069001001001,016165,白酒Ⅱ,1277,384555647766.96,383054508462.96,315.18,-0.889909122355,1220114372,1215351572,70.46002619,124.88680161,26.38889654,191.33831413,63.20150419,18.43003831,0.99736769,2021-11-25 00:00:00
600809,600809.SH,山西汾酒,10634767,069001001001,016165,白酒Ⅱ,1277,384336027180,382835745180,315,-0.05711022273,1220114372,1215351572,70.41978631,124.81547848,26.37382578,191.22904039,63.16540967,18.41951287,0.99679809,2021-11-26 00:00:00
600809,600809.SH,山西汾酒,10634767,069001001001,016165,白酒Ⅱ,1277,384458038617.2,382957280337.2,315.1,0.031746031746,1220114372,1215351572,70.4421418,124.85510244,26.38219843,191.28974802,63.18546218,18.42536033,0.99711454,2021-11-29 00:00:00
600809,600809.SH,山西汾酒,10634767,069001001001,016165,白酒Ⅱ,1277,378259857607.44,376783294351.44,310.02,-1.612186607426,1220114372,1215351572,69.30648302,122.8422052,25.95686816,188.20580033,62.16679463,18.12830914,0.98103919,2021-11-30 00:00:00
600809,600809.SH,山西汾酒,10634767,069001001001,016165,白酒Ⅱ,1277,381188132100.24,379700138124.24,312.42,0.774143603638,1220114372,1215351572,69.84301473,123.79318027,26.15781159,189.66278349,62.64805489,18.26864829,0.98863384,2021-12-01 00:00:00
600809,600809.SH,山西汾酒,10634767,069001001001,016165,白酒Ⅱ,1277,384311624892.56,382811438148.56,314.98,0.819409768901,1220114372,1215351572,70.41531521,124.80755368,26.37215126,191.21689887,63.16139917,18.41834338,0.9967348,2021-12-02 00:00:00
600809,600809.SH,山西汾酒,10634767,069001001001,016165,白酒Ⅱ,1277,395939314857.72,394393738629.72,324.51,3.025588926281,1220114372,1215351572,72.54579319,128.58371721,27.17006414,197.00233618,65.07240347,18.97560673,1.0268919,2021-12-03 00:00:00
600809,600809.SH,山西汾酒,10634767,069001001001,016165,白酒Ⅱ,1277,391656713412,390127854612,321,-1.081630766386,1220114372,1215351572,71.76111558,127.19291616,26.87618437,194.8714983,64.36856033,18.77036073,1.01578472,2021-12-06 00:00:00
600809,600809.SH,山西汾酒,10634767,069001001001,016165,白酒Ⅱ,1277,388850450356.4,387332545996.4,318.7,-0.716510903427,1220114372,1215351572,71.24693936,126.28156505,26.68361358,193.47522277,63.90735258,18.63586905,1.00850651,2021-12-07 00:00:00
600809,600809.SH,山西汾酒,10634767,069001001001,016165,白酒Ⅱ,1277,403662638832.48,402086914080.48,330.84,3.809224976467,1220114372,1215351572,73.96089557,131.09191397,27.70005245,200.84512928,66.34172742,19.34575123,1.0469228,2021-12-08 00:00:00
600809,600809.SH,山西汾酒,10634767,069001001001,016165,白酒Ⅱ,1277,407518200248,405927425048,334,0.955144480716,1220114372,1215351572,74.66732898,132.34403115,27.96462797,202.76349045,66.97538676,19.53053111,1.05692242,2021-12-09 00:00:00
600809,600809.SH,山西汾酒,10634767,069001001001,016165,白酒Ⅱ,1277,407652412828.92,406061113720.92,334.11,0.032934131737,1220114372,1215351572,74.69192002,132.3876175,27.97383788,202.83026884,66.99744453,19.53696332,1.05727051,2021-12-10 00:00:00
600809,600809.SH,山西汾酒,10634767,069001001001,016165,白酒Ⅱ,1277,414436248737.24,412818468461.24,339.67,1.664122594355,1220114372,1215351572,75.93488513,134.59070976,28.43935684,206.20561318,68.11236414,19.86208234,1.07486479,2021-12-13 00:00:00
600809,600809.SH,山西汾酒,10634767,069001001001,016165,白酒Ⅱ,1277,415973592845.96,414349811441.96,340.93,0.370948273324,1220114372,1215351572,76.21656428,135.08997167,28.54485214,206.97052934,68.36502578,19.93576039,1.07885198,2021-12-14 00:00:00
600809,600809.SH,山西汾酒,10634767,069001001001,016165,白酒Ⅱ,1277,408738314620,407142776620,335,-1.739359985921,1220114372,1215351572,74.89088386,132.74027076,28.0483544,203.37056677,67.17591188,19.58900575,1.06008686,2021-12-15 00:00:00
600809,600809.SH,山西汾酒,10634767,069001001001,016165,白酒Ⅱ,1277,381895798436,380405042036,313,-6.567164179104,1220114372,1215351572,69.97267656,124.02299925,26.20637292,190.01488776,62.76435945,18.30256358,0.99046922,2021-12-16 00:00:00
600809,600809.SH,山西汾酒,10634767,069001001001,016165,白酒Ⅱ,1277,371280803399.6,369831483359.6,304.3,-2.779552715655,1220114372,1215351572,68.02774913,120.5757146,25.47795297,184.73332378,61.019791,17.79383418,0.9629386,2021-12-17 00:00:00
600809,600809.SH,山西汾酒,10634767,069001001001,016165,白酒Ⅱ,1277,379333558254.8,377852803734.8,310.9,2.16891225764,1220114372,1215351572,69.50321132,123.19089606,26.03054742,188.74002749,62.34325672,18.17976683,0.98382389,2021-12-20 00:00:00
600809,600809.SH,山西汾酒,10634767,069001001001,016165,白酒Ⅱ,1277,370719550788.48,369272421636.48,303.84,-2.270826632358,1220114372,1215351572,67.92491388,120.39344438,25.43943881,184.45406868,60.92754945,17.76693584,0.96148296,2021-12-21 00:00:00
600809,600809.SH,山西汾酒,10634767,069001001001,016165,白酒Ⅱ,1277,364826398371.72,363402273543.72,299.01,-1.589652448657,1220114372,1215351572,66.84514383,118.47960705,25.03504015,181.52189006,59.95901316,17.48450331,0.94619872,2021-12-22 00:00:00
600809,600809.SH,山西汾酒,10634767,069001001001,016165,白酒Ⅱ,1277,373452606981.76,371994809157.76,306.08,2.364469415739,1220114372,1215351572,68.42567681,121.28102112,25.62698602,185.81391963,61.37672569,17.89791904,0.9685713,2021-12-23 00:00:00
600809,600809.SH,山西汾酒,10634767,069001001001,016165,白酒Ⅱ,1277,375124163671.4,373659840811.4,307.45,0.447595399895,1220114372,1215351572,68.73194699,121.82386939,25.74169123,186.64561419,61.65144509,17.97802931,0.97290658,2021-12-24 00:00:00
600809,600809.SH,山西汾酒,10634767,069001001001,016165,白酒Ⅱ,1277,392156960304.52,390626148756.52,321.41,4.540575703366,1220114372,1215351572,71.85277307,127.3553744,26.91051221,195.1203996,64.45077563,18.79433534,1.01708214,2021-12-27 00:00:00
600809,600809.SH,山西汾酒,10634767,069001001001,016165,白酒Ⅱ,1277,397757285272,396204612472,326,1.428082511434,1220114372,1215351572,72.87888996,129.17411423,27.29481653,197.9068799,65.37118588,19.06273395,1.03160691,2021-12-28 00:00:00
600809,600809.SH,山西汾酒,10634767,069001001001,016165,白酒Ⅱ,1277,384982687797.16,383479881513.16,315.53,-3.211656441718,1220114372,1215351572,70.5382704,125.02548547,26.41820079,191.55079084,63.27168798,18.45050443,0.99847524,2021-12-29 00:00:00
600809,600809.SH,山西汾酒,10634767,069001001001,016165,白酒Ⅱ,1277,390900242501.36,389374336637.36,320.38,1.537096314138,1220114372,1215351572,71.62251155,126.9472476,26.82427398,194.49511099,64.24423477,18.73410645,1.01382277,2021-12-30 00:00:00
600809,600809.SH,山西汾酒,10634767,069001001001,016165,白酒Ⅱ,1277,385287716390.16,383783719406.16,315.78,-1.435794993445,1220114372,1215351572,70.59415912,72.50956886,25.31003459,50.39665413,63.32181926,18.46512309,0.99926635,2021-12-31 00:00:00
600809,600809.SH,山西汾酒,10634767,069001001001,016165,白酒Ⅱ,1277,378845512506,377366663106,310.5,-1.672050161505,1220114372,1215351572,69.41378936,71.29717249,24.88683811,49.55399679,62.26304668,18.15637697,0.89370664,2022-01-04 00:00:00
600809,600809.SH,山西汾酒,10634767,069001001001,016165,白酒Ⅱ,1277,372147084603.72,370694382975.72,305.01,-1.768115942029,1220114372,1215351572,68.18647309,70.03655582,24.44680996,48.67782467,61.16216382,17.83535118,0.87790487,2022-01-05 00:00:00
600809,600809.SH,山西汾酒,10634767,069001001001,016165,白酒Ⅱ,1277,368230517469.6,366793104429.6,301.8,-1.052424510672,1220114372,1215351572,67.46886193,69.29947394,24.18952574,48.16552732,60.51847822,17.64764757,0.86866559,2022-01-06 00:00:00
600809,600809.SH,山西汾酒,10634767,069001001001,016165,白酒Ⅱ,1277,359933739740,358528713740,295,-2.253147779987,1220114372,1215351572,65.94868877,67.73805438,23.64449998,47.08028681,59.15490747,17.25001999,0.84909327,2022-01-07 00:00:00
600809,600809.SH,山西汾酒,10634767,069001001001,016165,白酒Ⅱ,1277,351880984884.8,350507393364.8,288.4,-2.237288135593,1220114372,1215351572,64.47322658,66.22255893,23.11550439,46.02696514,57.83144175,16.86408734,0.8300966,2022-01-10 00:00:00
600809,600809.SH,山西汾酒,10634767,069001001001,016165,白酒Ⅱ,1277,353833167880,352451955880,290,0.554785020804,1220114372,1215351572,64.83091438,66.58995177,23.24374574,46.28231584,58.15228192,16.95764677,0.83470186,2022-01-11 00:00:00
600809,600809.SH,山西汾酒,10634767,069001001001,016165,白酒Ⅱ,1277,348013222325.56,346654728881.56,285.23,-1.644827586207,1220114372,1215351572,63.76455762,65.49466187,22.8614262,45.52105155,57.19577715,16.67872272,0.82097245,2022-01-12 00:00:00
600809,600809.SH,山西汾酒,10634767,069001001001,016165,白酒Ⅱ,1277,342705724807.36,341367949543.36,280.88,-1.525085019107,1220114372,1215351572,62.7920939,64.49581259,22.51277001,44.82681681,56.32349292,16.42435802,0.80845192,2022-01-13 00:00:00
600809,600809.SH,山西汾酒,10634767,069001001001,016165,白酒Ⅱ,1277,336629555234.8,335315498714.8,275.9,-1.772999145543,1220114372,1215351572,61.67879061,63.35230239,22.11361879,44.03203773,55.32487787,16.13315429,0.79411808,2022-01-14 00:00:00
600809,600809.SH,山西汾酒,10634767,069001001001,016165,白酒Ⅱ,1277,340863352105.64,339532768669.64,279.37,1.257702065966,1220114372,1215351572,62.45452604,64.1490856,22.39174223,44.58582958,56.0207,16.3360613,0.80410572,2022-01-17 00:00:00
600809,600809.SH,山西汾酒,10634767,069001001001,016165,白酒Ⅱ,1277,345633999300.16,344284793316.16,283.28,1.399577621076,1220114372,1215351572,63.32862561,65.04690185,22.70513205,45.20984287,56.80475318,16.56469716,0.8153598,2022-01-18 00:00:00
600809,600809.SH,山西汾酒,10634767,069001001001,016165,白酒Ⅱ,1277,338886766823,337563899123,277.75,-1.952132166055,1220114372,1215351572,62.09236714,63.77710036,22.26189786,44.32728699,55.69584932,16.24133238,0.7994429,2022-01-19 00:00:00
600809,600809.SH,山西汾酒,10634767,069001001001,016165,白酒Ⅱ,1277,339167393128.56,337843429984.56,277.98,0.082808280828,1220114372,1215351572,62.14378476,63.82991308,22.28033256,44.36399365,55.7419701,16.25478155,0.8001049,2022-01-20 00:00:00
600809,600809.SH,山西汾酒,10634767,069001001001,016165,白酒Ⅱ,1277,341912650465.56,340577971021.56,280.23,0.809410748975,1220114372,1215351572,62.64678323,64.34655925,22.46067196,44.72308058,56.1931516,16.3863495,0.80658104,2022-01-21 00:00:00
600809,600809.SH,山西汾酒,10634767,069001001001,016165,白酒Ⅱ,1277,335226423707,333917844407,274.75,-1.95553652357,1220114372,1215351572,61.42170251,63.08823879,22.02144532,43.84850441,55.09427399,16.06590845,0.79080805,2022-01-24 00:00:00
600809,600809.SH,山西汾酒,10634767,069001001001,016165,白酒Ⅱ,1277,327393289438.76,326115287314.76,268.33,-2.336669699727,1220114372,1215351572,59.98648019,61.61407503,21.50687688,42.82390969,53.80690279,15.69050123,0.77232948,2022-01-25 00:00:00
600809,600809.SH,山西汾酒,10634767,069001001001,016165,白酒Ⅱ,1277,348464664643.2,347104408963.2,285.6,6.436104796333,1220114372,1215351572,63.84727292,65.57962146,22.89108201,45.5801014,57.26997144,16.70035834,0.82203741,2022-01-26 00:00:00
600809,600809.SH,山西汾酒,10634767,069001001001,016165,白酒Ⅱ,1277,349465158428.24,348100997252.24,286.42,0.287114845938,1220114372,1215351572,64.03058792,65.76791029,22.95680571,45.71096863,57.43440203,16.74830754,0.82439761,2022-01-27 00:00:00
600809,600809.SH,山西汾酒,10634767,069001001001,016165,白酒Ⅱ,1277,335714469455.8,334403985035.8,275.15,-3.934781090706,1220114372,1215351572,61.51112446,63.18008699,22.05350566,43.91234208,55.17448404,16.08929831,0.79195936,2022-01-28 00:00:00
600809,600809.SH,山西汾酒,10634767,069001001001,016165,白酒Ⅱ,1277,327356686007.6,326078826767.6,268.3,-2.489551153916,1220114372,1215351572,59.97977355,61.60718641,21.50447235,42.81912187,53.80088703,15.68874699,0.77224313,2022-02-07 00:00:00
600809,600809.SH,山西汾酒,10634767,069001001001,016165,白酒Ⅱ,1277,312959336418,311737678218,256.5,-4.39806187104,1220114372,1215351572,57.341826,58.89766423,20.55869236,40.93591039,51.43469073,14.99874619,0.7382794,2022-02-08 00:00:00
600809,600809.SH,山西汾酒,10634767,069001001001,016165,白酒Ⅱ,1277,330650994812,329360276012,271,5.653021442495,1220114372,1215351572,60.58337172,62.22716182,21.72087964,43.25002619,54.34230483,15.84662853,0.78001449,2022-02-09 00:00:00
600809,600809.SH,山西汾酒,10634767,069001001001,016165,白酒Ⅱ,1277,329308869002.8,328023389282.8,269.9,-0.405904059041,1220114372,1215351572,60.33746135,61.97457925,21.63271371,43.07447257,54.12172721,15.78230642,0.77684838,2022-02-10 00:00:00
600809,600809.SH,山西汾酒,10634767,069001001001,016165,白酒Ⅱ,1277,344804321527.2,343458354247.2,282.6,4.705446461652,1220114372,1215351572,63.17660829,64.89075989,22.65062947,45.10131882,56.66839611,16.5249344,0.81340257,2022-02-11 00:00:00
600809,600809.SH,山西汾酒,10634767,069001001001,016165,白酒Ⅱ,1277,357615522433.2,356219545753.2,293.1,3.715498938429,1220114372,1215351572,65.5239345,67.30177539,23.49221337,46.77705784,58.77390976,17.13891817,0.84362453,2022-02-14 00:00:00
600809,600809.SH,山西汾酒,10634767,069001001001,016165,白酒Ⅱ,1277,365265639545.64,363839800109.64,299.37,2.139201637666,1220114372,1215351572,66.92562358,68.74149607,23.99475918,47.77771343,60.0312022,17.50555418,0.86167136,2022-02-15 00:00:00
600809,600809.SH,山西汾酒,10634767,069001001001,016165,白酒Ⅱ,1277,365009415527.52,363584576279.52,299.16,-0.07014730935,1220114372,1215351572,66.87867706,68.69327576,23.9779275,47.74419865,59.98909193,17.49327451,0.86106692,2022-02-16 00:00:00
600809,600809.SH,山西汾酒,10634767,069001001001,016165,白酒Ⅱ,1277,362581387927.24,361166026651.24,297.17,-0.665195881802,1220114372,1215351572,66.43380285,68.23633092,23.81842732,47.4266062,59.59004696,17.37690997,0.85533914,2022-02-17 00:00:00
600809,600809.SH,山西汾酒,10634767,069001001001,016165,白酒Ⅱ,1277,364411559485.24,362989054009.24,298.67,0.504761584278,1220114372,1215351572,66.76913517,68.5807617,23.93865359,47.66599749,59.89083463,17.46462193,0.85965656,2022-02-18 00:00:00
600809,600809.SH,山西汾酒,10634767,069001001001,016165,白酒Ⅱ,1277,360324176339.04,358917626243.04,295.32,-1.121639267419,1220114372,1215351572,66.02022633,67.81153295,23.67014825,47.13135695,59.21907551,17.26873188,0.85001432,2022-02-21 00:00:00
600809,600809.SH,山西汾酒,10634767,069001001001,016165,白酒Ⅱ,1277,354760454802.72,353375623074.72,290.76,-1.5440877692,1220114372,1215351572,65.00081609,66.76446336,23.30466039,46.40360743,58.30468101,17.0020875,0.83688935,2022-02-22 00:00:00
600809,600809.SH,山西汾酒,10634767,069001001001,016165,白酒Ⅱ,1277,359701918009.32,358297796941.32,294.81,1.392901361948,1220114372,1215351572,65.90621334,67.69442648,23.62927132,47.04996391,59.1168077,17.23890981,0.84854639,2022-02-23 00:00:00
600809,600809.SH,山西汾酒,10634767,069001001001,016165,白酒Ⅱ,1277,354309012485.08,352925942993.08,290.39,-1.499270716733,1220114372,1215351572,64.91810078,66.67950377,23.27500457,46.34455758,58.23048671,16.98045188,0.83582439,2022-02-24 00:00:00
600809,600809.SH,山西汾酒,10634767,069001001001,016165,白酒Ⅱ,1277,353589145005.6,352208885565.6,289.8,-0.203175040463,1220114372,1215351572,64.78620341,66.54402766,23.22771557,46.25039701,58.1121769,16.94595184,0.8341262,2022-02-25 00:00:00
600809,600809.SH,山西汾酒,10634767,069001001001,016165,白酒Ⅱ,1277,356554022929.56,355162189885.56,292.23,0.83850931677,1220114372,1215351572,65.32944176,67.10200553,23.42248213,46.63821089,58.59945292,17.08804523,0.84112043,2022-02-28 00:00:00
600809,600809.SH,山西汾酒,10634767,069001001001,016165,白酒Ⅱ,1277,362703399364.44,361287561808.44,297.27,1.724668925162,1220114372,1215351572,66.45615834,68.25929297,23.8264424,47.44256562,59.61009947,17.38275743,0.85562697,2022-03-01 00:00:00
600809,600809.SH,山西汾酒,10634767,069001001001,016165,白酒Ⅱ,1277,364972812096.36,363548115732.36,299.13,0.625693813705,1220114372,1215351572,66.87197041,68.68638714,23.97552298,47.73941082,59.98307618,17.49152027,0.86098057,2022-03-02 00:00:00
600809,600809.SH,山西汾酒,10634767,069001001001,016165,白酒Ⅱ,1277,349928801889.6,348562830849.6,286.8,-4.12195366563,1220114372,1215351572,64.11553878,65.85516609,22.98726303,45.77161443,57.51060157,16.77052791,0.82549135,2022-03-03 00:00:00
600809,600809.SH,山西汾酒,10634767,069001001001,016165,白酒Ⅱ,1277,345292367276,343944494876,283,-1.324965132497,1220114372,1215351572,63.26603024,64.9826081,22.68268981,45.1651565,56.74860615,16.54832426,0.81455388,2022-03-04 00:00:00
600809,600809.SH,山西汾酒,10634767,069001001001,016165,白酒Ⅱ,1277,332359154932.8,331061768212.8,272.4,-3.745583038869,1220114372,1215351572,60.89634854,62.54863056,21.83309083,43.47345805,54.62303998,15.92849303,0.78404409,2022-03-07 00:00:00
600809,600809.SH,山西汾酒,10634767,069001001001,016165,白酒Ⅱ,1277,334238131065.68,332933409633.68,273.94,0.565345080764,1220114372,1215351572,61.24062306,62.90224616,21.95652313,43.71923311,54.93184865,16.01854399,0.78847664,2022-03-08 00:00:00
600809,600809.SH,山西汾酒,10634767,069001001001,016165,白酒Ⅱ,1277,334250332209.4,332945563149.4,273.95,0.003650434402,1220114372,1215351572,61.2428586,62.90454237,21.95732464,43.72082905,54.9338539,16.01912873,0.78850543,2022-03-09 00:00:00
600809,600809.SH,山西汾酒,10634767,069001001001,016165,白酒Ⅱ,1277,358713625368,357313362168,294,7.318853805439,1220114372,1215351572,65.72513389,67.50843386,23.56434913,46.92069261,58.95438236,17.19154535,0.84621499,2022-03-10 00:00:00
600809,600809.SH,山西汾酒,10634767,069001001001,016165,白酒Ⅱ,1277,350319238488.64,348951743352.64,287.12,-2.340136054422,1220114372,1215351572,64.18707634,65.92864466,23.0129113,45.82268457,57.5747696,16.78923979,0.8264124,2022-03-11 00:00:00
600809,600809.SH,山西汾酒,10634767,069001001001,016165,白酒Ⅱ,1277,326990651696,325714221296,268,-6.659236556144,1220114372,1215351572,59.91270708,61.53830025,21.4804271,42.77124361,53.7407295,15.6712046,0.77137965,2022-03-14 00:00:00
600809,600809.SH,山西汾酒,10634767,069001001001,016165,白酒Ⅱ,1277,315948616629.4,314715289569.4,258.95,-3.376865671642,1220114372,1215351572,57.88953545,59.46023452,20.75506193,41.32691616,51.92597725,15.14200907,0.74533119,2022-03-15 00:00:00
600809,600809.SH,山西汾酒,10634767,069001001001,016165,白酒Ⅱ,1277,329796914751.6,328509529911.6,270.3,4.383085537749,1220114372,1215351572,60.4268833,62.06642746,21.66477405,43.13831025,54.20193725,15.80569628,0.7779997,2022-03-16 00:00:00
600809,600809.SH,山西汾酒,10634767,069001001001,016165,白酒Ⅱ,1277,341632024160,340298440160,280,3.588605253422,1220114372,1215351572,62.59536561,64.29374653,22.44223727,44.68637392,56.14703082,16.37290033,0.80591903,2022-03-17 00:00:00
600809,600809.SH,山西汾酒,10634767,069001001001,016165,白酒Ⅱ,1277,334726176814.48,333419550262.48,274.34,-2.021428571429,1220114372,1215351572,61.33004501,62.99409437,21.98858347,43.78307079,55.0120587,16.04193384,0.78962796,2022-03-18 00:00:00
600809,600809.SH,山西汾酒,10634767,069001001001,016165,白酒Ⅱ,1277,334787182533.08,333480317841.08,274.39,0.018225559525,1220114372,1215351572,61.34122275,63.0055754,21.99259101,43.7910505,55.02208495,16.04485758,0.78977187,2022-03-21 00:00:00
600809,600809.SH,山西汾酒,10634767,069001001001,016165,白酒Ⅱ,1277,330284960500.4,328995670540.4,270.7,-1.344801195379,1220114372,1215351572,60.51630525,62.15827567,21.69683439,43.20214793,54.2821473,15.82908614,0.77915101,2022-03-22 00:00:00
600809,600809.SH,山西汾酒,10634767,069001001001,016165,白酒Ⅱ,1277,331224448566.84,329931491250.84,271.47,0.284447728112,1220114372,1215351572,60.68844251,62.33508347,21.75855054,43.32503546,54.43655163,15.87411161,0.78136729,2022-03-23 00:00:00
600809,600809.SH,山西汾酒,10634767,069001001001,016165,白酒Ⅱ,1277,321378125584.8,320123604064.8,263.4,-2.972704166206,1220114372,1215351572,58.88435465,60.48204585,21.1117332,42.03711032,52.81831399,15.40222124,0.75813955,2022-03-24 00:00:00
600809,600809.SH,山西汾酒,10634767,069001001001,016165,白酒Ⅱ,1277,314545485101.6,313317635261.6,257.8,-2.126044039484,1220114372,1215351572,57.63244734,59.19617091,20.66288846,41.14338284,51.69537338,15.07476323,0.74202117,2022-03-25 00:00:00
600809,600809.SH,山西汾酒,10634767,069001001001,016165,白酒Ⅱ,1277,294352592245,293203566745,241.25,-6.419705197828,1220114372,1215351572,53.93261412,55.39595125,19.33639193,38.50209896,48.37668281,14.10700787,0.6943856,2022-03-28 00:00:00
600809,600809.SH,山西汾酒,10634767,069001001001,016165,白酒Ⅱ,1277,296353579815.08,295196743323.08,242.89,0.679792746114,1220114372,1215351572,54.29924412,55.77252891,19.46783932,38.76383343,48.70554399,14.20290629,0.69910598,2022-03-29 00:00:00
600809,600809.SH,山西汾酒,10634767,069001001001,016165,白酒Ⅱ,1277,310641119111.2,309428510231.2,254.6,4.821112437729,1220114372,1215351572,56.91707173,58.46138524,20.40640575,40.63268143,51.05369303,14.88764437,0.73281066,2022-03-30 00:00:00
600809,600809.SH,山西汾酒,10634767,069001001001,016165,白酒Ⅱ,1277,311007153422.8,309793115702.8,254.9,0.117831893166,1220114372,1215351572,56.98413819,58.5302714,16.41758279,40.68055969,51.11385056,14.90518676,0.73367415,2022-03-31 00:00:00
600809,600809.SH,山西汾酒,10634767,069001001001,016165,白酒Ⅱ,1277,315777800617.32,314545140349.32,258.81,1.533934876422,1220114372,1215351572,57.85823776,59.42808764,16.66941782,41.30457298,51.89790374,15.13382262,0.74492823,2022-04-01 00:00:00
600809,600809.SH,山西汾酒,10634767,069001001001,016165,白酒Ⅱ,1277,306065690216.2,304870941836.2,250.85,-3.075615316255,1220114372,1215351572,56.07874094,57.60030828,16.15673065,40.03420321,50.30172386,14.66836446,0.72201711,2022-04-06 00:00:00
600809,600809.SH,山西汾酒,10634767,069001001001,016165,白酒Ⅱ,1277,305541041036.24,304348340660.24,250.42,-0.171417181583,1220114372,1215351572,55.98261234,57.50157145,16.12903524,39.9655777,50.21549806,14.64322036,0.72077944,2022-04-07 00:00:00
600809,600809.SH,山西汾酒,10634767,069001001001,016165,白酒Ⅱ,1277,301978307070,300799514070,247.5,-1.166041051034,1220114372,1215351572,55.3298321,56.83107952,15.94096406,39.49956266,49.62996474,14.4724744,0.71237486,2022-04-08 00:00:00
600809,600809.SH,山西汾酒,10634767,069001001001,016165,白酒Ⅱ,1277,280418886116.76,279324251792.76,229.83,-7.139393939394,1220114372,1215351572,51.37961742,52.77368488,14.80287584,36.67953328,46.08668605,13.43922744,0.66151561,2022-04-11 00:00:00
600809,600809.SH,山西汾酒,10634767,069001001001,016165,白酒Ⅱ,1277,308457114385.32,307253030917.32,252.81,9.998694687378,1220114372,1215351572,56.5169085,58.0503645,16.2829702,40.34700782,50.69475308,14.78297476,0.72765854,2022-04-12 00:00:00
600809,600809.SH,山西汾酒,10634767,069001001001,016165,白酒Ⅱ,1277,312837324980.8,311616143060.8,256.4,1.420038764289,1220114372,1215351572,57.31947051,58.87470218,16.51419469,40.91995097,51.41463822,14.99289873,0.73799157,2022-04-13 00:00:00
600809,600809.SH,山西汾酒,10634767,069001001001,016165,白酒Ⅱ,1277,332505568657.44,331207610401.44,272.52,6.287051482059,1220114372,1215351572,60.92317513,62.57618502,17.55245061,43.49260936,54.647103,15.93550999,0.78438948,2022-04-14 00:00:00
600809,600809.SH,山西汾酒,10634767,069001001001,016165,白酒Ⅱ,1277,324184388640.4,322918912680.4,265.7,-2.502568618817,1220114372,1215351572,59.39853087,61.01017305,17.11318849,42.40417696,53.27952175,15.53671292,0.7647596,2022-04-15 00:00:00
600809,600809.SH,山西汾酒,10634767,069001001001,016165,白酒Ⅱ,1277,322366418226.12,321108038838.12,264.21,-0.560782837787,1220114372,1215351572,59.0654341,60.66803847,17.01722067,42.16638162,52.98073933,15.4495857,0.76047096,2022-04-18 00:00:00
600809,600809.SH,山西汾酒,10634767,069001001001,016165,白酒Ⅱ,1277,318620667104.08,317376909512.08,261.14,-1.161954505885,1220114372,1215351572,58.37912063,59.96310346,16.81948831,41.67642745,52.36512724,15.27006854,0.75163463,2022-04-19 00:00:00
600809,600809.SH,山西汾酒,10634767,069001001001,016165,白酒Ⅱ,1277,322122395351.72,320864968523.72,264.01,1.099027341656,1220114372,1215351572,59.02072312,60.62211436,17.00433908,42.13446278,52.94063431,15.43789077,0.7598953,2022-04-20 00:00:00
600809,600809.SH,山西汾酒,10634767,069001001001,016165,白酒Ⅱ,1277,319669965464,318422111864,262,-0.761334797924,1220114372,1215351572,58.57137782,60.16057711,16.87487913,41.81367845,52.53757884,15.32035674,0.75410995,2022-04-21 00:00:00
600809,600809.SH,山西汾酒,10634767,069001001001,016165,白酒Ⅱ,1277,318547460241.76,317303988417.76,261.08,-0.351145038168,1220114372,1215351572,58.36570733,59.94932623,16.81562383,41.6668518,52.35309574,15.26656006,0.75146193,2022-04-22 00:00:00
600809,600809.SH,山西汾酒,10634767,069001001001,016165,白酒Ⅱ,1277,309298993302,308091623502,253.5,-2.903324651448,1220114372,1215351572,56.67116137,58.20880266,16.32741168,40.45712782,50.8331154,14.82332226,0.72964455,2022-04-25 00:00:00
600809,600809.SH,山西汾酒,10634767,069001001001,016165,白酒Ⅱ,1277,314191651933.72,312965183305.72,257.51,1.581854043393,1220114372,1215351572,57.56761642,59.12958096,16.5856875,41.09710053,51.6372211,15.05780558,0.74118647,2022-04-26 00:00:00
600809,600809.SH,山西汾酒,10634767,069001001001,016165,白酒Ⅱ,1277,328027748912.2,326747270132.2,268.85,4.403712477185,1220114372,1215351572,60.10272873,61.7334777,17.31607349,42.90689867,53.91117584,15.72090805,0.77382619,2022-04-27 00:00:00
600809,600809.SH,山西汾酒,10634767,069001001001,016165,白酒Ⅱ,1277,331871109184,330575627584,272,1.171657057839,1220114372,1215351572,48.50738725,62.45678235,17.51895849,43.40962038,30.34334845,14.32379537,0.78289278,2022-04-28 00:00:00
600809,600809.SH,山西汾酒,10634767,069001001001,016165,白酒Ⅱ,1277,331871109184,330575627584,272,0,1220114372,1215351572,48.50738725,62.45678235,17.51895849,43.40962038,30.34334845,14.32379537,0.78289278,2022-04-29 00:00:00
600809,600809.SH,山西汾酒,10634767,069001001001,016165,白酒Ⅱ,1277,325843744186.32,324571790818.32,267.06,-1.816176470588,1220114372,1215351572,47.6264075,61.32245696,17.20078328,42.62122507,29.79225969,14.06364997,0.76867406,2022-05-05 00:00:00
600809,600809.SH,山西汾酒,10634767,069001001001,016165,白酒Ⅱ,1277,309494211601.52,308286079753.52,253.66,-5.017599041414,1220114372,1215351572,45.23670533,58.24554195,16.33771695,40.48266289,28.29740355,13.35799241,0.73010508,2022-05-06 00:00:00
600809,600809.SH,山西汾酒,10634767,069001001001,016165,白酒Ⅱ,1277,299379463457.64,298790244208.14,245.37,-3.268154222187,1220114372,1217713022,43.75830003,56.34198781,15.80377516,39.15962703,27.37260077,12.92143261,0.70624412,2022-05-09 00:00:00
600809,600809.SH,山西汾酒,10634767,069001001001,016165,白酒Ⅱ,1277,306334115378.04,305731208433.54,251.07,2.323022374373,1220114372,1217713022,44.77481514,57.65082479,16.17090039,40.06931393,28.00847241,13.22160039,0.72265033,2022-05-10 00:00:00
600809,600809.SH,山西汾酒,10634767,069001001001,016165,白酒Ⅱ,1277,313313169585.88,312696526919.38,256.79,2.278249093878,1220114372,1217713022,45.79489696,58.96425419,16.53931379,40.98219271,28.64657517,13.52282138,0.7391141,2022-05-11 00:00:00
600809,600809.SH,山西汾酒,10634767,069001001001,016165,白酒Ⅱ,1277,315777800617.32,315156307223.82,258.81,0.786634993575,1220114372,1217713022,46.15513564,59.42808764,16.66941782,41.30457298,28.87191916,13.62919662,0.74492823,2022-05-12 00:00:00
600809,600809.SH,山西汾酒,10634767,069001001001,016165,白酒Ⅱ,1277,315289754868.52,314669222015.02,258.41,-0.15455353348,1220114372,1217713022,46.08380125,59.33623943,16.64365464,41.2407353,28.82729659,13.60813222,0.74377692,2022-05-13 00:00:00
600809,600809.SH,山西汾酒,10634767,069001001001,016165,白酒Ⅱ,1277,311068159141.4,310455934958.9,254.95,-1.338957470686,1220114372,1217713022,45.46675875,58.54175242,16.42080318,40.68853939,28.44131135,13.42592511,0.73381806,2022-05-16 00:00:00
600809,600809.SH,山西汾酒,10634767,069001001001,016165,白酒Ⅱ,1277,314789507976,314169959676,258,1.19631300255,1220114372,1217713022,46.01068349,59.24209502,16.61724739,41.17530168,28.78155845,13.5865412,0.74259682,2022-05-17 00:00:00
600809,600809.SH,山西汾酒,10634767,069001001001,016165,白酒Ⅱ,1277,315021329706.68,314401325150.18,258.19,0.073643410853,1220114372,1217713022,46.04456733,59.28572292,16.6294849,41.20562458,28.80275417,13.59654679,0.7431437,2022-05-18 00:00:00
600809,600809.SH,山西汾酒,10634767,069001001001,016165,白酒Ⅱ,1277,308688936116,308081394566,253,-2.010147565746,1220114372,1217713022,45.11900358,58.0939924,16.29520771,40.37733072,28.22377631,13.32323614,0.72820541,2022-05-19 00:00:00
600809,600809.SH,山西汾酒,10634767,069001001001,016165,白酒Ⅱ,1277,320865677548.56,320234170525.56,262.98,3.944664031621,1220114372,1217713022,46.89879669,60.38560523,16.93799891,41.97008076,29.33710946,13.84879304,0.75693067,2022-05-20 00:00:00
600809,600809.SH,山西汾酒,10634767,069001001001,016165,白酒Ⅱ,1277,311129164860,310516820610,255,-3.034451289071,1220114372,1217713022,45.47567555,58.55323345,16.42402358,40.6965191,28.44688917,13.42855816,0.73396198,2022-05-23 00:00:00
600809,600809.SH,山西汾酒,10634767,069001001001,016165,白酒Ⅱ,1277,307517626318.88,306912390064.88,252.04,-1.160784313725,1220114372,1217713022,44.94780104,57.8735567,16.23337609,40.22412029,28.11668214,13.27268157,0.72544226,2022-05-24 00:00:00
600809,600809.SH,山西汾酒,10634767,069001001001,016165,白酒Ⅱ,1277,302905593992.72,302309434841.72,248.26,-1.499761942549,1220114372,1217713022,44.27369102,57.00559112,15.9899141,39.62085425,27.69499884,13.07362294,0.71456235,2022-05-25 00:00:00
600809,600809.SH,山西汾酒,10634767,069001001001,016165,白酒Ⅱ,1277,299660089763.2,299070318203.2,245.6,-1.071457343108,1220114372,1217713022,43.79931731,56.39480053,15.81858899,39.19633369,27.39825874,12.93354465,0.70690612,2022-05-26 00:00:00
600809,600809.SH,山西汾酒,10634767,069001001001,016165,白酒Ⅱ,1277,306602540539.88,305999105298.38,251.29,2.3167752443,1220114372,1217713022,44.81404905,57.70134131,16.18507014,40.10442465,28.03301482,13.23318581,0.72328355,2022-05-27 00:00:00
600809,600809.SH,山西汾酒,10634767,069001001001,016165,白酒Ⅱ,1277,318754879685,318127526997.5,261.25,3.963548091846,1220114372,1217713022,46.59027544,59.98836172,16.82657318,41.69398281,29.14411684,13.75768949,0.75195124,2022-05-30 00:00:00
600809,600809.SH,山西汾酒,10634767,069001001001,016165,白酒Ⅱ,1277,332481166370,331826798495,272.5,4.306220095694,1220114372,1217713022,48.59655524,62.57159261,17.55116245,43.48941747,30.39912666,14.35012588,0.78433192,2022-05-31 00:00:00
600809,600809.SH,山西汾酒,10634767,069001001001,016165,白酒Ⅱ,1277,331383063435.2,330730856775.2,271.6,-0.330275229358,1220114372,1217713022,48.43605286,62.36493414,17.49319531,43.3457827,30.29872587,14.30273097,0.78174146,2022-06-01 00:00:00
600809,600809.SH,山西汾酒,10634767,069001001001,016165,白酒Ⅱ,1277,329735909033,329086944195.5,270.25,-0.4970544919,1220114372,1217713022,48.19529928,62.05494643,17.4062446,43.13033054,30.1481247,14.2316386,0.77785578,2022-06-02 00:00:00
600809,600809.SH,山西汾酒,10634767,069001001001,016165,白酒Ⅱ,1277,337703255882.16,337038610229.16,276.78,2.416281221092,1220114372,1217713022,49.35983325,63.55436845,17.82682842,44.17248062,30.87658817,14.57551501,0.79665096,2022-06-06 00:00:00
600809,600809.SH,山西汾酒,10634767,069001001001,016165,白酒Ⅱ,1277,349074721829.2,348387695594.2,286.1,3.367295324807,1220114372,1217713022,51.0219246,65.69443173,18.42711038,45.65989849,31.91629408,15.06631565,0.82347656,2022-06-07 00:00:00
600809,600809.SH,山西汾酒,10634767,069001001001,016165,白酒Ⅱ,1277,349562767578,348874780803,286.5,0.139811254806,1220114372,1217713022,51.093259,65.78627993,18.45287355,45.72373617,31.96091665,15.08738005,0.82462787,2022-06-08 00:00:00
600809,600809.SH,山西汾酒,10634767,069001001001,016165,白酒Ⅱ,1277,345743809593.64,345063339044.14,283.37,-1.092495636998,1220114372,1217713022,50.53506737,65.0675677,18.25127671,45.22420635,31.61174503,14.92255109,0.81561884,2022-06-09 00:00:00
600809,600809.SH,山西汾酒,10634767,069001001001,016165,白酒Ⅱ,1277,350136221332.84,349447105923.34,286.97,1.270423827505,1220114372,1217713022,51.17707691,65.89420158,18.48314528,45.79874544,32.01334817,15.11213073,0.82598066,2022-06-10 00:00:00
600809,600809.SH,山西汾酒,10634767,069001001001,016165,白酒Ⅱ,1277,337605646732.4,336941193187.4,276.7,-3.578771300136,1220114372,1217713022,49.34556637,63.53599881,17.82167578,44.15971308,30.86766366,14.57130213,0.7964207,2022-06-13 00:00:00
600809,600809.SH,山西汾酒,10634767,069001001001,016165,白酒Ⅱ,1277,341986580186.6,341324960066.6,280.3,1.301048066498,1220073422,1217713022,49.9858982,64.36047252,18.05293843,44.73275079,31.26821733,14.76038637,0.80675544,2022-06-14 00:00:00
600809,600809.SH,山西汾酒,10634767,069001001001,016165,白酒Ⅱ,1277,348953199426.22,348278101422.22,286.01,2.037103103817,1220073422,1217713022,51.00416248,65.67156171,18.4206954,45.64400304,31.90518315,15.06107066,0.82318988,2022-06-15 00:00:00
600809,600809.SH,山西汾酒,10634767,069001001001,016165,白酒Ⅱ,1277,345280778426,344612785226,283,-1.052410754869,1220073422,1217713022,50.46738919,64.98042713,18.22683402,45.16364064,31.56940957,14.90256633,0.81452654,2022-06-16 00:00:00
600809,600809.SH,山西汾酒,10634767,069001001001,016165,白酒Ⅱ,1277,351234736725.36,350555224773.36,287.88,1.724381625442,1220073422,1217713022,51.33763958,66.10093767,18.5411342,45.94243416,32.11378667,15.15954344,0.82857209,2022-06-17 00:00:00
600809,600809.SH,山西汾酒,10634767,069001001001,016165,白酒Ⅱ,1277,364557938493.6,363852650973.6,298.8,3.793247186328,1220073422,1217713022,53.28500315,68.60830963,19.24444525,47.68514426,33.33194198,15.7345824,0.86000188,2022-06-20 00:00:00
600809,600809.SH,山西汾酒,10634767,069001001001,016165,白酒Ⅱ,1277,361812773294.1,361112796674.1,296.55,-0.753012048193,1220073422,1217713022,52.88376065,68.0916808,19.09953226,47.32606937,33.08094844,15.6160991,0.85352596,2022-06-21 00:00:00
600809,600809.SH,山西汾酒,10634767,069001001001,016165,白酒Ⅱ,1277,357554717051.32,356862978227.32,293.06,-1.176867307368,1220073422,1217713022,52.26138896,67.29033206,18.87475611,46.76910434,32.69162957,15.43231833,0.84348109,2022-06-22 00:00:00
600809,600809.SH,山西汾酒,10634767,069001001001,016165,白酒Ⅱ,1277,366363647158.16,365654866246.16,300.28,2.463659318911,1220073422,1217713022,53.54893154,68.9481366,19.33976579,47.92133573,33.49703995,15.81251808,0.86426159,2022-06-23 00:00:00
600809,600809.SH,山西汾酒,10634767,069001001001,016165,白酒Ⅱ,1277,369438232181.6,368723503061.6,302.8,0.839216731051,1220073422,1217713022,53.99832314,69.5267609,19.50206834,48.3234996,33.77815272,15.94521938,0.87151462,2022-06-24 00:00:00
600809,600809.SH,山西汾酒,10634767,069001001001,016165,白酒Ⅱ,1277,389813458329,389059310529,319.5,5.515191545575,1220073422,1217713022,56.97643409,73.36129494,20.57764477,50.98863317,35.64108254,16.82462877,0.91958032,2022-06-27 00:00:00
600809,600809.SH,山西汾酒,10634767,069001001001,016165,白酒Ⅱ,1277,387495318827.2,386745655787.2,317.6,-0.031476235442,1220073422,1217713022,56.63760709,72.92503059,20.4552738,50.68541438,35.42913244,16.7245762,0.91411177,2022-06-28 00:00:00
600809,600809.SH,山西汾酒,10634767,069001001001,016165,白酒Ⅱ,1277,385469996946.68,384724252170.68,315.94,-0.522670025189,1220073422,1217713022,56.3415793,72.54387331,20.34836021,50.42049691,35.24395498,16.63716186,0.90933398,2022-06-29 00:00:00
600809,600809.SH,山西汾酒,10634767,069001001001,016165,白酒Ⅱ,1277,396279847465.6,395513189545.6,324.8,2.804329936064,1220073422,1217713022,57.92158307,74.57824287,21.89728393,51.834454,36.23231176,17.10372277,0.9348347,2022-06-30 00:00:00
600809,600809.SH,山西汾酒,10634767,069001001001,016165,白酒Ⅱ,1277,380845918677.3,380109119817.3,312.15,-3.894704433498,1220073422,1217713022,55.66570861,71.67364074,21.04444944,49.81565522,34.82117031,16.43758332,0.89842565,2022-07-01 00:00:00
600809,600809.SH,山西汾酒,10634767,069001001001,016165,白酒Ⅱ,1277,376880680055.8,376151552495.8,308.9,-1.041166106039,1220073422,1217713022,55.08613612,70.92739908,20.82534176,49.2969915,34.45862409,16.26644077,0.88907155,2022-07-04 00:00:00
600809,600809.SH,山西汾酒,10634767,069001001001,016165,白酒Ⅱ,1277,373635284753.28,372912435857.28,306.24,-0.861120103593,1220073422,1217713022,54.61177833,70.31662899,20.64601056,48.8724852,34.16189395,16.12636718,0.88141558,2022-07-05 00:00:00
600809,600809.SH,山西汾酒,10634767,069001001001,016165,白酒Ⅱ,1277,363825894440.4,363122023160.4,298.2,-2.62539184953,1220073422,1217713022,53.17800515,68.47054194,20.10397188,47.58939095,33.26501037,15.70298685,0.85827496,2022-07-06 00:00:00
600809,600809.SH,山西汾酒,10634767,069001001001,016165,白酒Ⅱ,1277,365533997231.2,364826821391.2,299.6,0.469483568075,1220073422,1217713022,53.42766715,68.79199989,20.19835672,47.81281532,33.42118413,15.77670979,0.86230442,2022-07-07 00:00:00
600809,600809.SH,山西汾酒,10634767,069001001001,016165,白酒Ⅱ,1277,366961483134.94,366251545626.94,300.77,0.390520694259,1220073422,1217713022,53.63631324,69.06064688,20.27723549,47.99953426,33.55170077,15.83832111,0.8656719,2022-07-08 00:00:00
600809,600809.SH,山西汾酒,10634767,069001001001,016165,白酒Ⅱ,1277,357725527330.4,357033458050.4,293.2,-2.51687335838,1220073422,1217713022,52.28635516,67.32247786,19.76688315,46.79144677,32.70724695,15.43969063,0.84388404,2022-07-11 00:00:00
600809,600809.SH,山西汾酒,10634767,069001001001,016165,白酒Ⅱ,1277,354297121014.58,353611684458.58,290.39,-0.958390177353,1220073422,1217713022,51.78524787,66.67726584,19.57743928,46.34300214,32.39378391,15.29171815,0.83579633,2022-07-12 00:00:00
600809,600809.SH,山西汾酒,10634767,069001001001,016165,白酒Ⅱ,1277,353528474758.72,352844525254.72,289.76,-0.216949619477,1220073422,1217713022,51.67289997,66.53260977,19.5349661,46.24246118,32.32350572,15.25854282,0.83398308,2022-07-13 00:00:00
600809,600809.SH,山西汾酒,10634767,069001001001,016165,白酒Ⅱ,1277,351893576373.24,351212789805.24,288.42,-0.462451684152,1220073422,1217713022,51.43393778,66.2249286,19.44462632,46.02861214,32.17402512,15.18797944,0.83012631,2022-07-14 00:00:00
600809,600809.SH,山西汾酒,10634767,069001001001,016165,白酒Ⅱ,1277,352686624097.54,352004303269.54,289.07,0.225365786007,1220073422,1217713022,51.54985228,66.37417693,19.48844786,46.13234488,32.24653437,15.22220795,0.83199713,2022-07-15 00:00:00
600809,600809.SH,山西汾酒,10634767,069001001001,016165,白酒Ⅱ,1277,350527094140.6,349848951220.6,287.3,-0.612308437403,1220073422,1217713022,51.23420818,65.96776224,19.36911845,45.84987264,32.04908611,15.12900108,0.82690274,2022-07-18 00:00:00
600809,600809.SH,山西汾酒,10634767,069001001001,016165,白酒Ⅱ,1277,347720925270,347048211270,285,-0.800556909154,1220073422,1217713022,50.82404919,65.43965276,19.21405763,45.48281832,31.79251494,15.00788482,0.82028291,2022-07-19 00:00:00
600809,600809.SH,山西汾酒,10634767,069001001001,016165,白酒Ⅱ,1277,354297121014.58,353611684458.58,290.39,1.891228070175,1220073422,1217713022,51.78524787,66.67726584,19.57743928,46.34300214,32.39378391,15.29171815,0.83579633,2022-07-20 00:00:00
600809,600809.SH,山西汾酒,10634767,069001001001,016165,白酒Ⅱ,1277,354065307064.4,353380318984.4,290.2,-0.065429250319,1220073422,1217713022,51.75136517,66.63363941,19.56462991,46.31268026,32.3725889,15.28171289,0.83524948,2022-07-21 00:00:00
600809,600809.SH,山西汾酒,10634767,069001001001,016165,白酒Ⅱ,1277,354797351117.6,354110946797.6,290.8,0.206753962784,1220073422,1217713022,51.85836317,66.7714071,19.60508056,46.40843357,32.43952051,15.31330844,0.83697639,2022-07-22 00:00:00
600809,600809.SH,山西汾酒,10634767,069001001001,016165,白酒Ⅱ,1277,357249698695.82,356558549971.82,292.81,0.691196698762,1220073422,1217713022,52.21680646,67.23292886,19.74059023,46.72920713,32.6637414,15.41915352,0.84276154,2022-07-25 00:00:00
600809,600809.SH,山西汾酒,10634767,069001001001,016165,白酒Ⅱ,1277,361385747596.4,360686597116.4,296.2,1.157747344695,1220073422,1217713022,52.82134515,68.01131631,19.96913639,47.27021328,33.041905,15.59766836,0.85251859,2022-07-26 00:00:00
600809,600809.SH,山西汾酒,10634767,069001001001,016165,白酒Ⅱ,1277,350307480924.64,349629762876.64,287.12,-3.065496286293,1220073422,1217713022,51.20210878,65.92643193,19.35698325,45.82114665,32.02900663,15.11952242,0.82638467,2022-07-27 00:00:00
600809,600809.SH,山西汾酒,10634767,069001001001,016165,白酒Ⅱ,1277,349282619250.16,348606883938.16,286.28,-0.292560601839,1220073422,1217713022,51.05231158,65.73355717,19.30035235,45.68709203,31.93530238,15.07528865,0.82396699,2022-07-28 00:00:00
600809,600809.SH,山西汾酒,10634767,069001001001,016165,白酒Ⅱ,1277,334507530109.74,333860379241.74,274.17,-4.23012435378,1220073422,1217713022,48.89273532,62.95294596,18.48392344,43.75447122,30.58439937,14.4375852,0.78911216,2022-07-29 00:00:00
600809,600809.SH,山西汾酒,10634767,069001001001,016165,白酒Ⅱ,1277,331445145820.52,330803919556.52,271.66,-0.915490389175,1220073422,1217713022,48.44512702,62.37661779,18.3147049,43.35390324,30.30440214,14.30541049,0.78188792,2022-08-01 00:00:00
600809,600809.SH,山西汾酒,10634767,069001001001,016165,白酒Ⅱ,1277,325149566963,324520520363,266.5,-1.899433114923,1220073422,1217713022,47.52494424,61.19181565,17.96682933,42.53042485,29.72879029,14.03368879,0.76703648,2022-08-02 00:00:00
600809,600809.SH,山西汾酒,10634767,069001001001,016165,白酒Ⅱ,1277,325979216889.96,325348565217.96,267.18,0.255159474672,1220073422,1217713022,47.64620864,61.34795237,18.0126734,42.63894526,29.80464611,14.06949707,0.76899364,2022-08-03 00:00:00
600809,600809.SH,山西汾酒,10634767,069001001001,016165,白酒Ⅱ,1277,334056102943.6,333409825423.6,273.8,2.47773036904,1220073422,1217713022,48.82675322,62.86798922,18.45897888,43.69542335,30.54312488,14.41810127,0.78804723,2022-08-04 00:00:00
600809,600809.SH,山西汾酒,10634767,069001001001,016165,白酒Ⅱ,1277,336166829963.66,335516468951.66,275.53,0.63184806428,1220073422,1217713022,49.13526411,63.26521939,18.57561158,43.97151204,30.73611102,14.50920177,0.7930265,2022-08-05 00:00:00
600809,600809.SH,山西汾酒,10634767,069001001001,016165,白酒Ⅱ,1277,337679721006.94,337026433098.94,276.77,0.450041737742,1220073422,1217713022,49.35639331,63.54993928,18.65920958,44.16940219,30.87443635,14.57449923,0.79659545,2022-08-08 00:00:00
600809,600809.SH,山西汾酒,10634767,069001001001,016165,白酒Ⅱ,1277,337826129817.58,337172558661.58,276.89,0.043357300285,1220073422,1217713022,49.37779291,63.57749282,18.66729971,44.18855285,30.88782267,14.58081834,0.79694083,2022-08-09 00:00:00
600809,600809.SH,山西汾酒,10634767,069001001001,016165,白酒Ⅱ,1277,333165449345.54,332520894917.54,273.07,-1.379609231103,1220073422,1217713022,48.69657232,62.70037186,18.40976392,43.5789235,30.46169142,14.37966003,0.78594616,2022-08-10 00:00:00
600809,600809.SH,山西汾酒,10634767,069001001001,016165,白酒Ⅱ,1277,338997400302.7,338341563162.7,277.85,1.750466913246,1220073422,1217713022,49.54898971,63.79792112,18.73202075,44.34175814,30.99491325,14.63137122,0.79970389,2022-08-11 00:00:00
600809,600809.SH,山西汾酒,10634767,069001001001,016165,白酒Ⅱ,1277,345610198249.94,344941567741.94,283.27,1.950692819867,1220073422,1217713022,50.51553829,65.04242259,19.09742493,45.20672963,31.5995288,14.91678432,0.81530365,2022-08-12 00:00:00
600809,600809.SH,山西汾酒,10634767,069001001001,016165,白酒Ⅱ,1277,339034002505.36,338378094553.36,277.88,-1.902778268083,1220073422,1217713022,49.55433961,63.80480951,18.73404328,44.3465458,30.99825983,14.63295099,0.79979023,2022-08-15 00:00:00
600809,600809.SH,山西汾酒,10634767,069001001001,016165,白酒Ⅱ,1277,327943535099.38,327309083183.38,268.79,-3.271196199798,1220073422,1217713022,47.93331993,61.717629,18.12121597,42.89588328,29.98424593,14.15427846,0.77362752,2022-08-16 00:00:00
600809,600809.SH,山西汾酒,10634767,069001001001,016165,白酒Ⅱ,1277,328687779886.8,328051888126.8,269.4,0.226942966628,1220073422,1217713022,48.04210123,61.85769282,18.16234079,42.99323247,30.05229307,14.1864006,0.77538322,2022-08-17 00:00:00
600809,600809.SH,山西汾酒,10634767,069001001001,016165,白酒Ⅱ,1277,325234972102.54,324605760274.54,266.57,-1.050482553823,1220073422,1217713022,47.53742734,61.20788855,17.97154857,42.54159607,29.73659898,14.03737493,0.76723795,2022-08-18 00:00:00
600809,600809.SH,山西汾酒,10634767,069001001001,016165,白酒Ⅱ,1277,323368259766.88,322742659350.88,265.04,-0.573958059797,1220073422,1217713022,47.26458244,60.85658094,17.86839942,42.29742515,29.56592337,13.95680629,0.76283433,2022-08-19 00:00:00
600809,600809.SH,山西汾酒,10634767,069001001001,016165,白酒Ⅱ,1277,323844088401.46,323217567429.46,265.43,0.147147600362,1220073422,1217713022,47.33413114,60.94612994,17.89469234,42.35966479,29.60942892,13.97734339,0.76395682,2022-08-22 00:00:00
600809,600809.SH,山西汾酒,10634767,069001001001,016165,白酒Ⅱ,1277,319232210866.3,318614612206.3,261.65,-1.424104283615,1220073422,1217713022,46.66004375,60.07819349,17.63985326,41.75641899,29.18775977,13.77829145,0.75307728,2022-08-23 00:00:00
600809,600809.SH,山西汾酒,10634767,069001001001,016165,白酒Ⅱ,1277,320879309986,320258524786,263,0.515956430346,1220073422,1217713022,46.90078925,60.38817079,17.73086722,41.97186392,29.33835589,13.84938143,0.75696283,2022-08-24 00:00:00
600809,600809.SH,山西汾酒,10634767,069001001001,016165,白酒Ⅱ,1277,336740264472,336088794072,276,4.942965779468,1220073422,1217713022,49.21907921,63.37313741,18.60729792,44.04651879,30.78854079,14.53395161,0.79437924,2022-08-25 00:00:00
600809,600809.SH,山西汾酒,10634767,069001001001,016165,白酒Ⅱ,1277,350075666974.46,349398397402.46,286.93,3.960144927536,1220073422,1217713022,51.61340102,65.8828055,19.34417388,45.79082477,34.42811428,15.09859919,0.82583781,2022-08-26 00:00:00
600809,600809.SH,山西汾酒,10634767,069001001001,016165,白酒Ⅱ,1277,348086947296.6,347413525176.6,285.3,-0.568082807653,1220073422,1217713022,51.32019417,65.50853661,19.23428296,45.53069497,34.23253409,15.01282664,0.82114637,2022-08-29 00:00:00
600809,600809.SH,山西汾酒,10634767,069001001001,016165,白酒Ⅱ,1277,346610658455.98,345940092419.98,284.09,-0.424114966702,1220073422,1217713022,51.10253754,65.2307051,19.15270748,45.33759248,34.08734879,14.949155,0.81766376,2022-08-30 00:00:00
600809,600809.SH,山西汾酒,10634767,069001001001,016165,白酒Ⅱ,1277,357481512646,356789915446,293,3.136330036256,1220073422,1217713022,52.70528178,67.2765553,19.7533996,46.75952901,35.15644054,15.41800983,0.8433084,2022-08-31 00:00:00
600809,600809.SH,山西汾酒,10634767,069001001001,016165,白酒Ⅱ,1277,356969081808.76,356278475976.76,292.58,-0.143344709898,1220073422,1217713022,52.62973154,67.18011791,19.72508415,46.69250169,35.10604565,15.39590893,0.84209956,2022-09-01 00:00:00
600809,600809.SH,山西汾酒,10634767,069001001001,016165,白酒Ⅱ,1277,352027784449.66,351346738237.66,288.53,-1.384236789938,1220073422,1217713022,51.90121144,66.25018601,19.45204228,46.04616691,34.62009485,15.1827931,0.83044291,2022-09-02 00:00:00
600809,600809.SH,山西汾酒,10634767,069001001001,016165,白酒Ⅱ,1277,345012362273.16,344344888361.16,282.78,-1.992860361141,1220073422,1217713022,50.86689277,64.92991231,19.06439024,45.1285311,33.9301647,14.88022123,0.81389334,2022-09-05 00:00:00
600809,600809.SH,山西汾酒,10634767,069001001001,016165,白酒Ⅱ,1277,348965400160.44,348290278552.44,286.02,1.145767027371,1220073422,1217713022,51.44970885,65.67385784,19.28282373,45.64559893,34.31892534,15.0507139,0.82321866,2022-09-06 00:00:00
600809,600809.SH,山西汾酒,10634767,069001001001,016165,白酒Ⅱ,1277,339326820126.64,338670345678.64,278.12,-2.762044612265,1220073422,1217713022,50.02864494,63.85991658,18.75022354,44.38484712,33.37102131,14.63500647,0.800481,2022-09-07 00:00:00
600809,600809.SH,山西汾酒,10634767,069001001001,016165,白酒Ⅱ,1277,348440768588.98,347766661952.98,285.59,2.68589098231,1220073422,1217713022,51.3723598,65.57512432,19.2538341,45.57697573,34.26733056,15.02808679,0.82198104,2022-09-08 00:00:00
600809,600809.SH,山西汾酒,10634767,069001001001,016165,白酒Ⅱ,1277,355297581220.62,354610209136.62,291.21,1.967856017368,1220073422,1217713022,52.38329388,66.86554835,19.63272184,46.47386499,34.94166229,15.3238179,0.83815645,2022-09-09 00:00:00
600809,600809.SH,山西汾酒,10634767,069001001001,016165,白酒Ⅱ,1277,357481512646,356789915446,293,0.614676693795,1220073422,1217713022,52.70528178,67.2765553,19.7533996,46.75952901,35.15644054,15.41800983,0.8433084,2022-09-13 00:00:00
600809,600809.SH,山西汾酒,10634767,069001001001,016165,白酒Ⅱ,1277,356627461250.6,355937516330.6,292.3,-0.238907849829,1220073422,1217713022,52.57936472,67.11582632,19.70620718,46.64781682,35.07244905,15.381175,0.84129367,2022-09-14 00:00:00
600809,600809.SH,山西汾酒,10634767,069001001001,016165,白酒Ⅱ,1277,361141732912,360443054512,296,1.26582278481,1220073422,1217713022,53.2449263,67.96539375,19.95565284,47.23829551,35.5164041,15.57587342,0.85194296,2022-09-15 00:00:00
600809,600809.SH,山西汾酒,10634767,069001001001,016165,白酒Ⅱ,1277,353211255669,352527919869,289.5,-2.195945945946,1220073422,1217713022,52.0756965,66.47291044,19.51743749,46.20096808,34.73648306,15.23383566,0.83323475,2022-09-16 00:00:00
600809,600809.SH,山西汾酒,10634767,069001001001,016165,白酒Ⅱ,1277,358396567712.5,357703200212.5,293.75,1.46804835924,1220073422,1217713022,52.84019291,67.44876491,19.80396291,46.87922063,35.24643143,15.45747573,0.84546704,2022-09-19 00:00:00
600809,600809.SH,山西汾酒,10634767,069001001001,016165,白酒Ⅱ,1277,361251539519.98,360552648683.98,296.09,0.796595744681,1220073422,1217713022,53.26111564,67.9860589,19.96172044,47.25265851,35.52720301,15.58060932,0.85220199,2022-09-20 00:00:00
600809,600809.SH,山西汾酒,10634767,069001001001,016165,白酒Ⅱ,1277,356444450237.3,355754859377.3,292.15,-1.330676483502,1220073422,1217713022,52.55238249,67.0813844,19.69609452,46.6238785,35.05445087,15.37328182,0.84086194,2022-09-21 00:00:00
600809,600809.SH,山西汾酒,10634767,069001001001,016165,白酒Ⅱ,1277,356798271529.68,356107996153.68,292.44,0.099264076673,1220073422,1217713022,52.60454813,67.14797212,19.71564566,46.67015926,35.08924735,15.38854197,0.84169661,2022-09-22 00:00:00
600809,600809.SH,山西汾酒,10634767,069001001001,016165,白酒Ⅱ,1277,356127231147.58,355438253991.58,291.89,-0.188072767063,1220073422,1217713022,52.5056133,67.02168507,19.6785659,46.5823854,35.02325403,15.35960031,0.84011361,2022-09-23 00:00:00
600809,600809.SH,山西汾酒,10634767,069001001001,016165,白酒Ⅱ,1277,365595000902.3,364887707042.3,299.65,2.658535749769,1220073422,1217713022,53.9014938,68.80348053,20.20172761,47.82079477,35.95435976,15.76794077,0.86244833,2022-09-26 00:00:00
600809,600809.SH,山西汾酒,10634767,069001001001,016165,白酒Ⅱ,1277,376002227191.96,375274799119.96,308.18,2.846654430169,1220073422,1217713022,55.43588306,70.76207785,20.77680099,49.18208754,36.97785613,16.21679956,0.88699926,2022-09-27 00:00:00
600809,600809.SH,山西汾酒,10634767,069001001001,016165,白酒Ⅱ,1277,374379529540.7,373655240800.7,306.85,-0.431565967941,1220073422,1217713022,55.19664066,70.45669281,20.68713538,48.96983439,36.81827229,16.14681337,0.88317127,2022-09-28 00:00:00
600809,600809.SH,山西汾酒,10634767,069001001001,016165,白酒Ⅱ,1277,371243940846.16,370525718334.16,304.28,-0.837542773342,1220073422,1217713022,54.73434518,69.86658787,20.51387178,48.55969108,36.50990351,16.0115769,0.87577433,2022-09-29 00:00:00
600809,600809.SH,山西汾酒,10634767,069001001001,016165,白酒Ⅱ,1277,369548038789.58,368833097233.58,302.89,-0.456816090443,1220073422,1217713022,54.48430989,69.54742605,18.29144232,48.3378626,36.3431204,15.93843344,0.87177365,2022-09-30 00:00:00
600809,600809.SH,山西汾酒,10634767,069001001001,016165,白酒Ⅱ,1277,345402785768.2,344734556528.2,283.1,-6.533725114728,1220073422,1217713022,50.92445485,65.00338841,17.09632976,45.17959953,33.96856081,14.89706001,0.81481436,2022-10-10 00:00:00
600809,600809.SH,山西汾酒,10634767,069001001001,016165,白酒Ⅱ,1277,345402785768.2,344734556528.2,283.1,0,1220073422,1217713022,50.92445485,65.00338841,17.09632976,45.17959953,33.96856081,14.89706001,0.81481436,2022-10-11 00:00:00
600809,600809.SH,山西汾酒,10634767,069001001001,016165,白酒Ⅱ,1277,339790448027,339133076627,278.5,-1.624867537972,1220073422,1217713022,50.09699991,63.94716945,16.81853704,44.44549088,33.41661669,14.65500252,0.80157471,2022-10-12 00:00:00
600809,600809.SH,山西汾酒,10634767,069001001001,016165,白酒Ⅱ,1277,333812088259.2,333166282819.2,273.6,-1.759425493716,1220073422,1217713022,49.21558053,62.82206665,16.52262742,43.66350558,32.82867622,14.39715867,0.7874716,2022-10-13 00:00:00
600809,600809.SH,山西汾酒,10634767,069001001001,016165,白酒Ⅱ,1277,339107206910.68,338451157334.68,277.94,1.586257309942,1220073422,1217713022,49.99626627,63.81858628,16.7847188,44.35612113,33.3494235,14.62553465,0.79996292,2022-10-14 00:00:00
600809,600809.SH,山西汾酒,10634767,069001001001,016165,白酒Ⅱ,1277,331347539946.76,330706502514.76,271.58,-2.288263654026,1220073422,1217713022,48.85221988,62.35824876,16.40064018,43.34113613,32.58630076,14.29086386,0.78165766,2022-10-17 00:00:00
600809,600809.SH,山西汾酒,10634767,069001001001,016165,白酒Ⅱ,1277,330029860651,329391372451,270.5,-0.397672877237,1220073422,1217713022,48.65794785,62.11026692,16.33541928,43.16878019,32.45671388,14.23403297,0.77854922,2022-10-18 00:00:00
600809,600809.SH,山西汾酒,10634767,069001001001,016165,白酒Ⅱ,1277,320391280617.2,319771439577.2,262.6,-2.920517560074,1220073422,1217713022,47.23688394,60.29632567,15.8583405,41.90802839,31.50880985,13.81832554,0.75581155,2022-10-19 00:00:00
600809,600809.SH,山西汾酒,10634767,069001001001,016165,白酒Ⅱ,1277,329041601179.18,328405024903.18,269.69,2.699923838538,1220073422,1217713022,48.51224383,61.92428054,16.28650361,43.03951323,32.35952372,14.1914098,0.77621789,2022-10-20 00:00:00
600809,600809.SH,山西汾酒,10634767,069001001001,016165,白酒Ⅱ,1277,325149566963,324520520363,266.5,-1.182839556528,1220073422,1217713022,47.93842182,61.19181565,16.0938604,42.53042485,31.97676247,14.02354819,0.76703648,2022-10-21 00:00:00
600809,600809.SH,山西汾酒,10634767,069001001001,016165,白酒Ⅱ,1277,296282629798.48,295709430262.48,242.84,-8.878048780488,1220073422,1217713022,43.68242535,55.75917641,14.66503963,38.75455298,29.1378499,12.77853074,0.69893861,2022-10-24 00:00:00
600809,600809.SH,山西汾酒,10634767,069001001001,016165,白酒Ⅱ,1277,297819922310.2,297243748670.2,244.1,0.518860154834,1220073422,1217713022,43.90907605,56.04848856,14.74113067,38.95563492,29.2890346,12.84483345,0.70256512,2022-10-25 00:00:00
600809,600809.SH,山西汾酒,10634767,069001001001,016165,白酒Ⅱ,1277,293976691030.9,293407952650.9,240.95,-1.290454731667,1220073422,1217713022,43.3424493,55.32520819,14.55090306,38.45293008,28.91107286,12.67907669,0.69349883,2022-10-26 00:00:00
600809,600809.SH,山西汾酒,10634767,069001001001,016165,白酒Ⅱ,1277,280250865033.4,279708681153.4,229.7,-4.669018468562,1220073422,1217713022,41.31878233,52.742064,13.8715187,36.65755567,27.56120953,12.08708826,0.66111925,2022-10-27 00:00:00
600809,600809.SH,山西汾酒,10634767,069001001001,016165,白酒Ⅱ,1277,286265827003.86,285712006351.86,234.63,2.146277753592,1220073422,1217713022,37.95060892,53.87405518,14.16924002,37.44432864,29.62715032,11.51601623,0.6753087,2022-10-28 00:00:00
600809,600809.SH,山西汾酒,10634767,069001001001,016165,白酒Ⅱ,1277,283520661804.36,282972152052.36,232.38,-0.958956655159,1220073422,1217713022,37.58667903,53.35742635,14.03336315,37.08525376,29.34303879,11.40558262,0.66883278,2022-10-31 00:00:00
600809,600809.SH,山西汾酒,10634767,069001001001,016165,白酒Ⅱ,1277,306214027453.56,305621614261.56,250.98,8.004131164472,1220073422,1217713022,40.59516612,57.62822474,15.15661195,40.05360611,31.6916941,12.31850041,0.72236704,2022-11-01 00:00:00
600809,600809.SH,山西汾酒,10634767,069001001001,016165,白酒Ⅱ,1277,312228989424.02,311624939460.02,255.91,1.964299944219,1220073422,1217713022,41.39257695,58.76021592,15.45433327,40.84037907,32.31421403,12.56047271,0.73655649,2022-11-02 00:00:00
600809,600809.SH,山西汾酒,10634767,069001001001,016165,白酒Ⅱ,1277,303383457114.52,302796520050.52,248.66,-2.833027236138,1220073422,1217713022,40.21991397,57.095523,15.0165078,39.68336001,31.39874355,12.2046311,0.71568965,2022-11-03 00:00:00
600809,600809.SH,山西汾酒,10634767,069001001001,016165,白酒Ⅱ,1277,317011677238.26,316398374506.26,259.83,4.492077535591,1220073422,1217713022,42.02662369,59.66029817,15.69106097,41.46596731,32.80919946,12.75287259,0.74783898,2022-11-04 00:00:00
600809,600809.SH,山西汾酒,10634767,069001001001,016165,白酒Ⅱ,1277,322099383408,321476237808,264,1.604895508602,1220073422,1217713022,42.70110709,60.61778361,15.9428861,42.13145276,33.33575282,12.95754287,0.75984101,2022-11-07 00:00:00
600809,600809.SH,山西汾酒,10634767,069001001001,016165,白酒Ⅱ,1277,315096161965.72,314486565061.72,258.26,-2.174242424242,1220073422,1217713022,41.7726815,59.29980604,15.59624911,41.21541284,32.61095274,12.67581448,0.74332023,2022-11-08 00:00:00
600809,600809.SH,山西汾酒,10634767,069001001001,016165,白酒Ⅱ,1277,308336955207.84,307740434919.84,252.72,-2.145125067761,1220073422,1217713022,40.87660524,58.02775104,15.26169006,40.33129068,31.91140702,12.4039024,0.72737508,2022-11-09 00:00:00
600809,600809.SH,山西汾酒,10634767,069001001001,016165,白酒Ⅱ,1277,315986815563.78,315375495567.78,258.99,2.481006647673,1220073422,1217713022,41.89075653,59.4674234,15.64033361,41.33191269,32.70313115,12.71164404,0.7454213,2022-11-10 00:00:00
600809,600809.SH,山西汾酒,10634767,069001001001,016165,白酒Ⅱ,1277,327565312338.56,326931592146.56,268.48,3.664234140314,1220073422,1217713022,43.42573193,61.64644903,16.21343205,42.84641074,33.90145045,13.17742845,0.77273529,2022-11-11 00:00:00
600809,600809.SH,山西汾酒,10634767,069001001001,016165,白酒Ⅱ,1277,319805645374.64,319186937326.64,262.12,-2.368891537545,1220073422,1217713022,42.39702345,60.18611152,15.82935343,41.83142574,33.09836186,12.86526946,0.75443003,2022-11-14 00:00:00
600809,600809.SH,山西汾酒,10634767,069001001001,016165,白酒Ⅱ,1277,322343398092.4,321719780412.4,264.2,0.793529681062,1220073422,1217713022,42.73345641,60.66370617,15.95496405,42.16337052,33.36100718,12.96735919,0.76041665,2022-11-15 00:00:00
600809,600809.SH,山西汾酒,10634767,069001001001,016165,白酒Ⅱ,1277,324673738328.42,324045612284.42,266.11,0.722937168812,1220073422,1217713022,43.04239245,61.10226665,16.07030841,42.4681852,33.6021863,13.06110505,0.76591399,2022-11-16 00:00:00
600809,600809.SH,山西汾酒,10634767,069001001001,016165,白酒Ⅱ,1277,316694458148.54,316081769120.54,259.57,-2.457630303258,1220073422,1217713022,41.98456957,59.60059883,15.67535964,41.42447421,32.77636879,12.74011137,0.74709065,2022-11-17 00:00:00
600809,600809.SH,山西汾酒,10634767,069001001001,016165,白酒Ⅱ,1277,321159926873.06,320538598781.06,263.23,1.41002427091,1220073422,1217713022,42.57656219,60.44098174,15.89638602,42.00856935,33.23852354,12.91975004,0.75762481,2022-11-18 00:00:00
600809,600809.SH,山西汾酒,10634767,069001001001,016165,白酒Ⅱ,1277,312326595297.78,311722356501.78,255.99,-2.750446377693,1220073422,1217713022,41.40551668,58.77858495,15.45916445,40.85314618,32.32431578,12.56439924,0.73678675,2022-11-21 00:00:00
600809,600809.SH,山西汾酒,10634767,069001001001,016165,白酒Ⅱ,1277,312094781347.6,311490991027.6,255.8,-0.074221649283,1220073422,1217713022,41.37478482,58.73495851,15.4476904,40.8228243,32.30032414,12.55507373,0.73623989,2022-11-22 00:00:00
600809,600809.SH,山西汾酒,10634767,069001001001,016165,白酒Ⅱ,1277,309044597792.6,308446708472.6,253.3,-0.977326035966,1220073422,1217713022,40.97041828,58.16092647,15.2967161,40.42385221,31.98464466,12.43236973,0.72904443,2022-11-23 00:00:00
600809,600809.SH,山西汾酒,10634767,069001001001,016165,白酒Ⅱ,1277,303786081343.78,303198365347.78,248.99,-1.701539676273,1220073422,1217713022,40.27329035,57.17129523,15.0364364,39.73602432,31.44041324,12.22082803,0.71663945,2022-11-24 00:00:00
600809,600809.SH,山西汾酒,10634767,069001001001,016165,白酒Ⅱ,1277,303651873267.36,303064416915.36,248.88,-0.044178481063,1220073422,1217713022,40.25549823,57.14603782,15.02979354,39.71846955,31.42652334,12.21542905,0.71632285,2022-11-25 00:00:00
600809,600809.SH,山西汾酒,10634767,069001001001,016165,白酒Ⅱ,1277,300003853735.58,299423454979.58,245.89,-1.201382192221,1220073422,1217713022,39.77187584,56.4594955,14.84922827,39.24129893,31.04897069,12.06867506,0.70771707,2022-11-28 00:00:00
600809,600809.SH,山西汾酒,10634767,069001001001,016165,白酒Ⅱ,1277,318268352862.92,317652618918.92,260.86,6.088088169507,1220073422,1217713022,42.19322271,59.89679937,15.75326238,41.63034381,32.9392594,12.80342664,0.75080351,2022-11-29 00:00:00
600809,600809.SH,山西汾酒,10634767,069001001001,016165,白酒Ⅱ,1277,312399799703.1,311795419283.1,256.05,-1.843900943035,1220073422,1217713022,41.41522148,58.79236172,15.46278783,40.86272151,32.33189209,12.56734414,0.73695944,2022-11-30 00:00:00
600809,600809.SH,山西汾酒,10634767,069001001001,016165,白酒Ⅱ,1277,317975535241.64,317360367793.64,260.62,1.784807654755,1220073422,1217713022,42.15440352,59.84169229,15.73876885,41.59204249,32.90895417,12.79164706,0.75011275,2022-12-01 00:00:00
600809,600809.SH,山西汾酒,10634767,069001001001,016165,白酒Ⅱ,1277,319647035829.78,319028634633.78,261.99,0.52566955721,1220073422,1217713022,42.37599639,60.15626185,15.82150277,41.8106792,33.08194652,12.85888885,0.75405586,2022-12-02 00:00:00
600809,600809.SH,山西汾酒,10634767,069001001001,016165,白酒Ⅱ,1277,322587412776.8,321963323016.8,264.4,0.919882438261,1220073422,1217713022,42.76580573,60.70962874,15.96704199,42.19528829,33.38626154,12.97717551,0.76099229,2022-12-05 00:00:00
600809,600809.SH,山西汾酒,10634767,069001001001,016165,白酒Ⅱ,1277,334300117628,333653368028,274,3.630862329803,1220073422,1217713022,44.31857326,62.91391178,16.5467833,43.72734112,34.59847073,13.44835889,0.78862287,2022-12-06 00:00:00
600809,600809.SH,山西汾酒,10634767,069001001001,016165,白酒Ⅱ,1277,335898413810.82,335248572086.82,275.31,0.478102189781,1220073422,1217713022,44.53046133,63.21470457,16.62589384,43.93640249,34.76388678,13.51265579,0.79239329,2022-12-07 00:00:00
600809,600809.SH,山西汾酒,10634767,069001001001,016165,白酒Ⅱ,1277,339180411316,338524220116,278,0.977080382115,1220073422,1217713022,44.96555974,63.83236305,16.78834218,44.36569646,35.1035579,13.64468529,0.80013561,2022-12-08 00:00:00
600809,600809.SH,山西汾酒,10634767,069001001001,016165,白酒Ⅱ,1277,346732665798.18,346061863722.18,284.19,2.226618705036,1220073422,1217713022,45.9667713,65.25366638,17.16215455,45.35355136,35.88518028,13.94850041,0.81795158,2022-12-09 00:00:00
600809,600809.SH,山西汾酒,10634767,069001001001,016165,白酒Ⅱ,1277,338814389289.4,338158906209.4,277.7,-2.283683451212,1220073422,1217713022,44.91703575,63.7634792,16.77022527,44.31781981,35.06567636,13.62996081,0.79927216,2022-12-12 00:00:00
600809,600809.SH,山西汾酒,10634767,069001001001,016165,白酒Ⅱ,1277,340461488409.1,339802818789.1,279.05,0.486136118113,1220073422,1217713022,45.13539368,64.0734565,16.85175139,44.53326474,35.23614328,13.69622098,0.80315771,2022-12-13 00:00:00
600809,600809.SH,山西汾酒,10634767,069001001001,016165,白酒Ⅱ,1277,352503613084.24,351821646316.24,288.92,3.537000537538,1220073422,1217713022,46.7318328,66.339735,17.44779793,46.10840655,36.48244586,14.18065639,0.8315654,2022-12-14 00:00:00
600809,600809.SH,山西汾酒,10634767,069001001001,016165,白酒Ⅱ,1277,346574056253.32,345903561029.32,284.06,-1.682126540219,1220073422,1217713022,45.94574424,65.22381671,17.15430389,45.33280481,35.86876495,13.9421198,0.81757742,2022-12-15 00:00:00
600809,600809.SH,山西汾酒,10634767,069001001001,016165,白酒Ⅱ,1277,349929258163.82,349252271839.82,286.81,0.96810532986,1220073422,1217713022,46.39054744,65.85525196,17.32037562,45.77167411,36.21601238,14.07709421,0.82549243,2022-12-16 00:00:00
600809,600809.SH,山西汾酒,10634767,069001001001,016165,白酒Ⅱ,1277,346488651113.78,345818321117.78,283.99,-0.983229315575,1220073422,1217713022,45.93442198,65.20774382,17.15007661,45.32163359,35.85992593,13.93868409,0.81737595,2022-12-19 00:00:00
600809,600809.SH,山西汾酒,10634767,069001001001,016165,白酒Ⅱ,1277,331542751694.28,330901336598.28,271.74,-4.313532166626,1220073422,1217713022,43.95302591,62.39498681,16.41030254,43.36667035,34.31309649,13.33743447,0.78211817,2022-12-20 00:00:00
600809,600809.SH,山西汾酒,10634767,069001001001,016165,白酒Ⅱ,1277,338985199568.48,338329386032.48,277.84,2.244792816663,1220073422,1217713022,44.93968028,63.79562499,16.77867983,44.34016225,35.08335441,13.63683224,0.7996751,2022-12-21 00:00:00
600809,600809.SH,山西汾酒,10634767,069001001001,016165,白酒Ⅱ,1277,345012362273.16,344344888361.16,282.78,1.778001727613,1220073422,1217713022,45.73870857,64.92991231,17.07700505,45.1285311,35.70713706,13.87929535,0.81389334,2022-12-22 00:00:00
600809,600809.SH,山西汾酒,10634767,069001001001,016165,白酒Ⅱ,1277,346452048911.12,345781789727.12,283.96,0.417285522314,1220073422,1217713022,45.92956958,65.20085543,17.14826492,45.31684593,35.85613777,13.93721164,0.8172896,2022-12-23 00:00:00
600809,600809.SH,山西汾酒,10634767,069001001001,016165,白酒Ⅱ,1277,343694682977.4,343029758297.4,281.7,-0.795886744612,1220073422,1217713022,45.56402222,64.68193047,17.01178415,44.95617516,35.57076352,13.82628722,0.8107849,2022-12-26 00:00:00
600809,600809.SH,山西汾酒,10634767,069001001001,016165,白酒Ⅱ,1277,348940998692,348265924292,286,1.52644657437,1220073422,1217713022,46.25953268,65.66926558,17.27145995,45.64240715,36.11373223,14.03733811,0.8231611,2022-12-27 00:00:00
600809,600809.SH,山西汾酒,10634767,069001001001,016165,白酒Ⅱ,1277,348147950967.7,347474410827.7,285.35,-0.227272727273,1220073422,1217713022,46.15439738,65.52001725,17.23220663,45.53867441,36.03165556,14.00543507,0.82129028,2022-12-28 00:00:00
600809,600809.SH,山西汾酒,10634767,069001001001,016165,白酒Ⅱ,1277,345073365944.26,344405774012.26,282.83,-0.883125985632,1220073422,1217713022,45.7467959,64.94139295,17.08002453,45.13651054,35.71345065,13.88174943,0.81403725,2022-12-29 00:00:00
600809,600809.SH,山西汾酒,10634767,069001001001,016165,白酒Ⅱ,1277,347708724535.78,347036034139.78,284.99,0.763709648906,1220073422,1217713022,46.09616859,65.43735663,17.21046633,45.48122243,35.98619772,13.98776569,0.82025413,2022-12-30 00:00:00
600809,600809.SH,山西汾酒,10634767,069001001001,016165,白酒Ⅱ,1277,336545052724.48,335893959988.48,275.84,-3.210638969788,1220073422,1217713022,44.61618704,41.57006349,15.78479145,32.64193933,34.83081083,13.53866903,1.1144177,2023-01-03 00:00:00
600809,600809.SH,山西汾酒,10634767,069001001001,016165,白酒Ⅱ,1277,336740264472,336088794072,276,0.058004640371,1220073422,1217713022,44.6420665,41.59417606,15.79394736,32.66087317,34.85101432,13.54652209,1.11506412,2023-01-04 00:00:00
600809,600809.SH,山西汾酒,10634767,069001001001,016165,白酒Ⅱ,1277,349014203097.32,348338987073.32,286.06,3.644927536232,1220073422,1217713022,46.26923747,43.11025364,16.3696253,33.85133833,36.12130853,14.040283,1.1557074,2023-01-05 00:00:00
600809,600809.SH,山西汾酒,10634767,069001001001,016165,白酒Ⅱ,1277,350771108825,350092493825,287.5,0.503390897015,1220073422,1217713022,46.5021526,43.32726673,16.4520285,34.02174289,36.30313991,14.11096051,1.16152512,2023-01-06 00:00:00
600809,600809.SH,山西汾酒,10634767,069001001001,016165,白酒Ⅱ,1277,353796890911.56,353112422119.56,289.98,0.862608695652,1220073422,1217713022,46.90328422,43.7010115,16.59394513,34.3152174,36.61629395,14.23268288,1.17154454,2023-01-09 00:00:00
600809,600809.SH,山西汾酒,10634767,069001001001,016165,白酒Ⅱ,1277,358701586068,358007628468,294,1.386302503621,1220073422,1217713022,47.55350562,44.30683971,16.82398741,34.79093012,37.12390655,14.42999092,1.18778569,2023-01-10 00:00:00
600809,600809.SH,山西汾酒,10634767,069001001001,016165,白酒Ⅱ,1277,358701586068,358007628468,294,0,1220073422,1217713022,47.55350562,44.30683971,16.82398741,34.79093012,37.12390655,14.42999092,1.18778569,2023-01-11 00:00:00
600809,600809.SH,山西汾酒,10634767,069001001001,016165,白酒Ⅱ,1277,362727828360.6,362026081440.6,297.3,1.122448979592,1220073422,1217713022,48.08726946,44.80416139,17.01282808,35.18144056,37.54060346,14.59196021,1.20111798,2023-01-12 00:00:00
600809,600809.SH,山西汾酒,10634767,069001001001,016165,白酒Ⅱ,1277,374025708248.32,373302104024.32,306.56,3.114698957282,1220073422,1217713022,49.58504314,46.19967613,17.54272646,36.27723652,38.70988025,15.04645584,1.23852919,2023-01-13 00:00:00
600809,600809.SH,山西汾酒,10634767,069001001001,016165,白酒Ⅱ,1277,380540900321.8,379804691561.8,311.9,1.741910229645,1220073422,1217713022,50.44877008,47.00443302,17.84830501,36.90915341,39.38417161,15.30855159,1.26010326,2023-01-16 00:00:00
600809,600809.SH,山西汾酒,10634767,069001001001,016165,白酒Ⅱ,1277,373342467132,372620184732,306,-1.891631933312,1220073422,1217713022,49.49446503,46.11528215,17.51068077,36.21096808,38.63916805,15.01897014,1.23626674,2023-01-17 00:00:00
600809,600809.SH,山西汾酒,10634767,069001001001,016165,白酒Ⅱ,1277,364960562722.86,364254496270.86,299.13,-2.245098039216,1220073422,1217713022,48.38326577,45.07994886,17.11754882,35.39799635,37.77168084,14.68177954,1.20851134,2023-01-18 00:00:00
600809,600809.SH,山西汾酒,10634767,069001001001,016165,白酒Ⅱ,1277,364167514998.56,363462982806.56,298.48,-0.217296827466,1220073422,1217713022,48.27813047,44.98199156,17.08035293,35.32107762,37.68960418,14.6498765,1.20588528,2023-01-19 00:00:00
600809,600809.SH,山西汾酒,10634767,069001001001,016165,白酒Ⅱ,1277,361629762280.8,360930139720.8,296.4,-0.696864111498,1220073422,1217713022,47.9416975,44.6685282,16.96132608,35.07493771,37.42695885,14.54778677,1.1974819,2023-01-20 00:00:00
600809,600809.SH,山西汾酒,10634767,069001001001,016165,白酒Ⅱ,1277,362276401194.46,361575527622.46,296.93,0.178812415655,1220073422,1217713022,48.02742321,44.74840108,16.99165504,35.13765605,37.4938829,14.57380002,1.19962315,2023-01-30 00:00:00
600809,600809.SH,山西汾酒,10634767,069001001001,016165,白酒Ⅱ,1277,355712406184.1,355024231564.1,291.55,-1.811874852659,1220073422,1217713022,47.15722641,43.93761605,16.68378751,34.5010057,36.81454067,14.309741,1.17788748,2023-01-31 00:00:00
600809,600809.SH,山西汾酒,10634767,069001001001,016165,白酒Ⅱ,1277,354955960662.46,354269249490.46,290.93,-0.212656491168,1220073422,1217713022,47.0569435,43.84417986,16.64830836,34.42763707,36.73625216,14.27931041,1.17538262,2023-02-01 00:00:00
600809,600809.SH,山西汾酒,10634767,069001001001,016165,白酒Ⅱ,1277,355529395170.8,354841574610.8,291.4,0.16155088853,1220073422,1217713022,47.13296441,43.91501052,16.67520385,34.48325522,36.7955999,14.30237876,1.17728146,2023-02-02 00:00:00
600809,600809.SH,山西汾酒,10634767,069001001001,016165,白酒Ⅱ,1277,349648641276.76,348972197844.76,286.58,-1.654083733699,1220073422,1217713022,46.35334572,43.18861947,16.39938201,33.91287331,36.18696986,14.06580544,1.15780824,2023-02-03 00:00:00
600809,600809.SH,山西汾酒,10634767,069001001001,016165,白酒Ⅱ,1277,343267657279.7,342603558739.7,281.35,-1.82497033987,1220073422,1217713022,45.5074109,42.40043998,16.10009816,33.29397343,35.5265684,13.80910866,1.13667859,2023-02-06 00:00:00
600809,600809.SH,山西汾酒,10634767,069001001001,016165,白酒Ⅱ,1277,347159691495.88,346488063279.88,284.54,1.133819086547,1220073422,1217713022,46.02338262,42.88118426,16.28264414,33.67146686,35.92937541,13.96567897,1.14956646,2023-02-07 00:00:00
600809,600809.SH,山西汾酒,10634767,069001001001,016165,白酒Ⅱ,1277,342181791934.12,341519794150.12,280.46,-1.433893301469,1220073422,1217713022,45.36345642,42.26631383,16.0491684,33.18865395,35.4141865,13.76542603,1.13308291,2023-02-08 00:00:00
600809,600809.SH,山西汾酒,10634767,069001001001,016165,白酒Ⅱ,1277,352601218958,351919063358,289,3.0449975041,1220073422,1217713022,46.74477253,43.55332203,16.53786517,34.19924763,36.4925476,14.18458291,1.16758525,2023-02-09 00:00:00
600809,600809.SH,山西汾酒,10634767,069001001001,016165,白酒Ⅱ,1277,350173272848.22,349495814444.22,287.01,-0.688581314879,1220073422,1217713022,46.42289676,43.253422,16.42398853,33.963758,36.24126673,14.08691053,1.15954548,2023-02-10 00:00:00
600809,600809.SH,山西汾酒,10634767,069001001001,016165,白酒Ⅱ,1277,361995784307.4,361295453627.4,296.7,3.376188982962,1220073422,1217713022,47.99022149,44.71373926,16.97849342,35.11043866,37.46484039,14.56251125,1.19869393,2023-02-13 00:00:00
600809,600809.SH,山西汾酒,10634767,069001001001,016165,白酒Ⅱ,1277,365411989889,364705050089,299.5,0.943714189417,1220073422,1217713022,48.44311202,45.13570917,17.13872187,35.44178085,37.8184014,14.69993973,1.21000617,2023-02-14 00:00:00
600809,600809.SH,山西汾酒,10634767,069001001001,016165,白酒Ⅱ,1277,362386207802.44,361685121794.44,297.02,-0.828046744574,1220073422,1217713022,48.04198041,44.76196439,16.99680524,35.14830634,37.50524736,14.57821736,1.19998676,2023-02-15 00:00:00
600809,600809.SH,山西汾酒,10634767,069001001001,016165,白酒Ⅱ,1277,365424190623.22,364717227219.22,299.51,0.838327385361,1220073422,1217713022,48.44472948,45.1372162,17.13929411,35.44296422,37.81966412,14.70043055,1.21004657,2023-02-16 00:00:00
600809,600809.SH,山西汾酒,10634767,069001001001,016165,白酒Ⅱ,1277,358701586068,358007628468,294,-1.83967146339,1220073422,1217713022,47.55350562,44.30683971,16.82398741,34.79093012,37.12390655,14.42999092,1.18778569,2023-02-17 00:00:00
600809,600809.SH,山西汾酒,10634767,069001001001,016165,白酒Ⅱ,1277,363423270211.14,362720177863.14,297.87,1.316326530612,1220073422,1217713022,48.17946503,44.8900624,17.04544602,35.24889236,37.61257838,14.61993672,1.20342083,2023-02-20 00:00:00
600809,600809.SH,山西汾酒,10634767,069001001001,016165,白酒Ⅱ,1277,356590859047.94,355900984939.94,292.27,-1.880014771545,1220073422,1217713022,47.27368397,44.0461226,16.72498912,34.58620798,36.90545636,14.34507975,1.18079634,2023-02-21 00:00:00
600809,600809.SH,山西汾酒,10634767,069001001001,016165,白酒Ⅱ,1277,353967701190.64,353282901942.64,290.12,-0.735621172204,1220073422,1217713022,46.92592874,43.72210999,16.60195656,34.33178451,36.633972,14.23955431,1.17211015,2023-02-22 00:00:00
600809,600809.SH,山西汾酒,10634767,069001001001,016165,白酒Ⅱ,1277,352601218958,351919063358,289,-0.386047152902,1220073422,1217713022,46.74477253,43.55332203,16.53786517,34.19924763,36.4925476,14.18458291,1.16758525,2023-02-23 00:00:00
600809,600809.SH,山西汾酒,10634767,069001001001,016165,白酒Ⅱ,1277,343914296193.36,343248946641.36,281.88,-2.463667820069,1220073422,1217713022,45.59313661,42.48031285,16.13042711,33.35669177,35.59349245,13.83512191,1.13881983,2023-02-24 00:00:00
600809,600809.SH,山西汾酒,10634767,069001001001,016165,白酒Ⅱ,1277,346195833492.5,345526069992.5,283.75,0.663402866468,1220073422,1217713022,45.89560279,42.76212847,16.23743683,33.57798102,35.8296207,13.9269045,1.1463748,2023-02-27 00:00:00
600809,600809.SH,山西汾酒,10634767,069001001001,016165,白酒Ⅱ,1277,344853752728.3,344186585668.3,282.65,-0.387665198238,1220073422,1217713022,45.71768151,42.59635458,16.17448994,33.44781088,35.69072173,13.87291474,1.1419307,2023-02-28 00:00:00
600809,600809.SH,山西汾酒,10634767,069001001001,016165,白酒Ⅱ,1277,346866873874.6,346195812154.6,284.3,0.583760834955,1220073422,1217713022,45.98456343,42.84501541,16.26891027,33.6430661,35.89907018,13.95389939,1.14859684,2023-03-01 00:00:00
600809,600809.SH,山西汾酒,10634767,069001001001,016165,白酒Ⅱ,1277,340278477395.8,339620161835.8,278.9,-1.899402040098,1220073422,1217713022,45.11113169,42.03121631,15.95989826,33.00404901,35.21720251,13.68885874,1.12678037,2023-03-02 00:00:00
600809,600809.SH,山西汾酒,10634767,069001001001,016165,白酒Ⅱ,1277,336227833634.76,335577354602.76,275.58,-1.190390821083,1220073422,1217713022,44.57413292,41.53088057,15.7699131,32.61117184,34.79798016,13.52590782,1.11336728,2023-03-03 00:00:00
600809,600809.SH,山西汾酒,10634767,069001001001,016165,白酒Ⅱ,1277,334666139654.6,334018681934.6,274.3,-0.464474925611,1220073422,1217713022,44.36709725,41.33798005,15.6966658,32.45970113,34.63635227,13.46308337,1.10819597,2023-03-06 00:00:00
600809,600809.SH,山西汾酒,10634767,069001001001,016165,白酒Ⅱ,1277,325332577976.3,324703177316.3,266.65,-2.788917243894,1220073422,1217713022,43.12973562,40.18509799,15.25889878,31.55442692,33.67037307,13.08760911,1.0772893,2023-03-07 00:00:00
600809,600809.SH,山西汾酒,10634767,069001001001,016165,白酒Ⅱ,1277,322929033334.96,322304282662.96,264.68,-0.738796174761,1220073422,1217713022,42.81109479,39.88821203,15.14616662,31.32130402,33.42161764,12.99091836,1.06933033,2023-03-08 00:00:00
600809,600809.SH,山西汾酒,10634767,069001001001,016165,白酒Ⅱ,1277,321477145962.78,320855204166.78,263.49,-0.449599516397,1220073422,1217713022,42.61861631,39.70887482,15.07806953,31.18048359,33.27135421,12.93251125,1.06452263,2023-03-09 00:00:00
600809,600809.SH,山西汾酒,10634767,069001001001,016165,白酒Ⅱ,1277,319842247577.3,319223468717.3,262.15,-0.508558199552,1220073422,1217713022,42.40187584,39.50693208,15.00138877,31.02191269,33.10215001,12.86674191,1.05910891,2023-03-10 00:00:00
600809,600809.SH,山西汾酒,10634767,069001001001,016165,白酒Ⅱ,1277,330883912046.4,330243771566.4,271.2,3.452222010299,1220073422,1217713022,43.86568273,40.87079908,15.51927002,32.09285799,34.24490972,13.3109304,1.0956717,2023-03-13 00:00:00
600809,600809.SH,山西汾酒,10634767,069001001001,016165,白酒Ⅱ,1277,331981978126.2,331339713286.2,272.1,0.33185840708,1220073422,1217713022,44.01125469,41.00643227,15.57077202,32.19936083,34.35855433,13.35510384,1.09930778,2023-03-14 00:00:00
600809,600809.SH,山西汾酒,10634767,069001001001,016165,白酒Ⅱ,1277,327101684438.2,326468861198.2,268.1,-1.470047776553,1220073422,1217713022,43.36426822,40.40361812,15.34187423,31.72601484,33.85346717,13.15877744,1.08314743,2023-03-15 00:00:00
600809,600809.SH,山西汾酒,10634767,069001001001,016165,白酒Ⅱ,1277,333702281651.22,333056688647.22,273.51,2.017903767251,1220073422,1217713022,44.23931742,41.21892425,15.65145849,32.36621529,34.53659756,13.4243089,1.1050043,2023-03-16 00:00:00
600809,600809.SH,山西汾酒,10634767,069001001001,016165,白酒Ⅱ,1277,326040220561.06,325409450869.06,267.23,-2.296076925889,1220073422,1217713022,43.22354866,40.27250604,15.29208896,31.62306209,33.74361071,13.11607644,1.07963255,2023-03-17 00:00:00
600809,600809.SH,山西汾酒,10634767,069001001001,016165,白酒Ⅱ,1277,324820147139.06,324191737847.06,266.23,-0.374209482468,1220073422,1217713022,43.06180204,40.12180251,15.23486452,31.5047256,33.61733892,13.06699484,1.07559246,2023-03-20 00:00:00
600809,600809.SH,山西汾酒,10634767,069001001001,016165,白酒Ⅱ,1277,332286996481.7,331644141541.7,272.35,2.298764226421,1220073422,1217713022,44.05169135,41.04410815,15.58507813,32.22894496,34.39012228,13.36737424,1.1003178,2023-03-21 00:00:00
600809,600809.SH,山西汾酒,10634767,069001001001,016165,白酒Ⅱ,1277,328260754189.1,327625688569.1,269.05,-1.21167615201,1220073422,1217713022,43.51792751,40.54678648,15.39623746,31.83843452,33.97342537,13.20540496,1.08698551,2023-03-22 00:00:00
600809,600809.SH,山西汾酒,10634767,069001001001,016165,白酒Ⅱ,1277,330774105438.42,330134177394.42,271.11,0.765656941089,1220073422,1217713022,43.85112554,40.85723577,15.51411982,32.0822077,34.23354526,13.30651306,1.09530809,2023-03-23 00:00:00
600809,600809.SH,山西汾酒,10634767,069001001001,016165,白酒Ⅱ,1277,333812088259.2,333166282819.2,273.6,0.918446387075,1220073422,1217713022,44.25387462,41.23248757,15.65660869,32.37686558,34.54796202,13.42872625,1.10536791,2023-03-24 00:00:00
600809,600809.SH,山西汾酒,10634767,069001001001,016165,白酒Ⅱ,1277,331237733338.78,330596908342.78,271.49,-0.771198830409,1220073422,1217713022,43.91258925,40.91450311,15.53586511,32.12717557,34.28152854,13.32516407,1.09684332,2023-03-27 00:00:00
600809,600809.SH,山西汾酒,10634767,069001001001,016165,白酒Ⅱ,1277,335312778568.26,334664069836.26,274.83,1.230247891267,1220073422,1217713022,44.45282296,41.41785292,15.72699476,32.52241947,34.70327632,13.48909662,1.11033722,2023-03-28 00:00:00
600809,600809.SH,山西汾酒,10634767,069001001001,016165,白酒Ⅱ,1277,334287916893.78,333641190897.78,273.99,-0.305643488702,1220073422,1217713022,44.3169558,41.29126195,15.67892623,32.42301681,34.59720802,13.44786807,1.10694354,2023-03-29 00:00:00
600809,600809.SH,山西汾酒,10634767,069001001001,016165,白酒Ⅱ,1277,335520191050,334871081050,275,0.368626592211,1220073422,1217713022,44.48031988,41.44347252,15.73672292,32.54253667,34.72474252,13.49744049,1.11102403,2023-03-30 00:00:00
600809,600809.SH,山西汾酒,10634767,069001001001,016165,白酒Ⅱ,1277,332348000152.8,331705027192.8,272.4,-0.945454545455,1220073422,1217713022,44.05977868,41.05164333,12.71180332,32.23486178,34.39643587,13.36982832,1.1005198,2023-03-31 00:00:00
600809,600809.SH,山西汾酒,10634767,069001001001,016165,白酒Ⅱ,1277,326760063880.04,326127901552.04,267.82,-1.681350954479,1220073422,1217713022,43.31897917,40.36142113,12.4980733,31.69288063,33.81811107,13.14503459,1.0820162,2023-04-03 00:00:00
600809,600809.SH,山西汾酒,10634767,069001001001,016165,白酒Ⅱ,1277,326198830105.92,325567753561.92,267.36,-0.171757150325,1220073422,1217713022,43.24457572,40.2920975,12.47660696,31.63844584,33.76002604,13.12245705,1.08015776,2023-04-04 00:00:00
600809,600809.SH,山西汾酒,10634767,069001001001,016165,白酒Ⅱ,1277,313876088543.72,313268852039.72,257.26,-3.777678037104,1220073422,1217713022,41.61093488,38.76999179,12.00528092,30.44324722,32.48468095,12.62673287,1.03935288,2023-04-06 00:00:00
600809,600809.SH,山西汾酒,10634767,069001001001,016165,白酒Ⅱ,1277,307934330978.58,307338589622.58,252.39,-1.893026510145,1220073422,1217713022,40.82322885,38.03606556,11.77801777,29.86694848,31.86973733,12.38770547,1.01967766,2023-04-07 00:00:00
600809,600809.SH,山西汾酒,10634767,069001001001,016165,白酒Ⅱ,1277,297832123044.42,297255925800.42,244.11,-3.280637109236,1220073422,1217713022,39.48396686,36.78824028,11.39162375,28.88712228,30.8242069,11.98130981,0.98622573,2023-04-10 00:00:00
600809,600809.SH,山西汾酒,10634767,069001001001,016165,白酒Ⅱ,1277,299601229506.32,299021609682.32,245.56,0.593994510671,1220073422,1217713022,39.71849946,37.00676041,11.45928937,29.0587102,31.007301,12.05247813,0.99208386,2023-04-11 00:00:00
600809,600809.SH,山西汾酒,10634767,069001001001,016165,白酒Ⅱ,1277,294135300575.76,293566255343.76,241.08,-1.824401368301,1220073422,1217713022,38.99387461,36.33160857,11.25022594,28.5285627,30.44160337,11.83259256,0.97398427,2023-04-12 00:00:00
600809,600809.SH,山西汾酒,10634767,069001001001,016165,白酒Ⅱ,1277,300955511004.74,300373271136.74,246.67,2.318732370997,1220073422,1217713022,39.8980382,37.17404133,11.51108857,29.19006371,31.14746269,12.10695871,0.99656836,2023-04-13 00:00:00
600809,600809.SH,山西汾酒,10634767,069001001001,016165,白酒Ⅱ,1277,296856064306.82,296281755382.82,243.31,-1.362143754814,1220073422,1217713022,39.35456957,36.66767745,11.35429099,28.79245308,30.72318947,11.94204453,0.98299366,2023-04-14 00:00:00
600809,600809.SH,山西汾酒,10634767,069001001001,016165,白酒Ⅱ,1277,298891234390,298339690390,245,0.694587152193,1219964222,1217713022,39.62437454,36.91906177,11.43213314,28.98984686,30.93381988,12.02391616,0.98973282,2023-04-17 00:00:00
600809,600809.SH,山西汾酒,10634767,069001001001,016165,白酒Ⅱ,1277,299903804694.26,299350392198.26,245.83,0.338775510204,1219964222,1217713022,39.75861222,37.04413451,11.47086241,29.08805736,31.03861609,12.06465025,0.99308579,2023-04-18 00:00:00
600809,600809.SH,山西汾酒,10634767,069001001001,016165,白酒Ⅱ,1277,298513045481.18,297962199353.18,244.69,-0.463735101493,1219964222,1217713022,39.57423758,36.87234786,11.41766799,28.95316583,30.89467913,12.00870223,0.9884805,2023-04-19 00:00:00
600809,600809.SH,山西汾酒,10634767,069001001001,016165,白酒Ⅱ,1277,295158143870.68,294613488542.68,241.94,-1.123871020475,1219964222,1217713022,39.12947419,36.45795023,11.28934813,28.62776959,30.54746279,11.87373991,0.97737126,2023-04-20 00:00:00
600809,600809.SH,山西汾酒,10634767,069001001001,016165,白酒Ⅱ,1277,291412853709.14,290875109565.14,238.87,-1.26890964702,1219964222,1217713022,38.63295652,35.99533178,11.1460965,28.26450906,30.15984308,11.72307287,0.9649693,2023-04-21 00:00:00
600809,600809.SH,山西汾酒,10634767,069001001001,016165,白酒Ⅱ,1277,288192148163.06,287660347187.06,236.23,-1.105203667267,1219964222,1217713022,38.20598366,35.59751005,11.02290944,27.95212867,29.82651539,11.59350904,0.95430442,2023-04-24 00:00:00
600809,600809.SH,山西汾酒,10634767,069001001001,016165,白酒Ⅱ,1277,293742985373.16,293200941437.16,240.78,1.926088981078,1219964222,1217713022,38.9418649,36.28314977,11.23522048,28.49051154,30.40100062,11.81681034,0.97268517,2023-04-25 00:00:00
600809,600809.SH,山西汾酒,10634767,069001001001,016165,白酒Ⅱ,1277,292864611133.32,292324188061.32,240.06,-0.299028158485,1219964222,1217713022,38.82541776,36.17465294,11.20162401,28.40531689,30.31009307,11.78147475,0.96977657,2023-04-26 00:00:00
600809,600809.SH,山西汾酒,10634767,069001001001,016165,白酒Ⅱ,1277,297817665874.64,297268102930.64,244.12,1.691243855703,1219964222,1217713022,39.48205026,36.78645453,11.39107079,28.88572006,30.82271065,11.98072822,0.98617786,2023-04-27 00:00:00
600809,600809.SH,山西汾酒,10634767,069001001001,016165,白酒Ⅱ,1277,303112310598.12,302552977446.12,248.46,1.777814189743,1219964222,1217713022,32.9299422,37.44044934,11.59358286,29.39925449,29.70293728,10.68574881,1.00371027,2023-04-28 00:00:00
600809,600809.SH,山西汾酒,10634767,069001001001,016165,白酒Ⅱ,1277,291583648700.22,291045589388.22,239.01,-3.8034291234,1219964222,1217713022,31.67747519,36.01642839,11.15262915,28.28107468,28.57320712,10.27932393,0.96553486,2023-05-04 00:00:00
600809,600809.SH,山西汾酒,10634767,069001001001,016165,白酒Ⅱ,1277,293279398968.8,292738210488.8,240.4,0.581565624869,1219964222,1217713022,31.8617005,36.22588755,11.21748901,28.44554769,28.73937907,10.33910494,0.97115008,2023-05-05 00:00:00
600809,600809.SH,山西汾酒,10634767,069001001001,016165,白酒Ⅱ,1277,286325602903.4,285797246263.4,234.7,-2.371048252912,1219964222,1217713022,31.1062442,35.36695428,10.95151693,27.77109003,28.05795452,10.09395978,0.94812364,2023-05-08 00:00:00
600809,600809.SH,山西汾酒,10634767,069001001001,016165,白酒Ⅱ,1277,294401766053.04,294401766053.04,241.32,2.820622070729,1219964222,1219964222,31.98363379,36.3645224,11.26041783,28.55440753,28.84936338,10.37867223,0.97486663,2023-05-09 00:00:00
600809,600809.SH,山西汾酒,10634767,069001001001,016165,白酒Ⅱ,1277,289802500936.1,289802500936.1,237.55,-1.56224100779,1219964222,1219964222,31.48397235,35.79642092,11.08450297,28.10831886,28.3986668,10.21653236,0.95963686,2023-05-10 00:00:00
600809,600809.SH,山西汾酒,10634767,069001001001,016165,白酒Ⅱ,1277,287996953887.54,287996953887.54,236.07,-0.623026731214,1219964222,1219964222,31.28781879,35.57339964,11.01544355,27.93319652,28.22173551,10.15288063,0.95365807,2023-05-11 00:00:00
600809,600809.SH,山西汾酒,10634767,069001001001,016165,白酒Ⅱ,1277,285227635103.6,285227635103.6,233.8,-0.961579192612,1219964222,1219964222,30.98696163,35.23133324,10.90952134,27.66459672,27.95036117,10.05525264,0.94448789,2023-05-12 00:00:00
600809,600809.SH,山西汾酒,10634767,069001001001,016165,白酒Ⅱ,1277,287094180363.26,287094180363.26,235.33,0.654405474765,1219964222,1219964222,31.189742,35.46188901,10.98091385,27.84563535,28.13326987,10.12105477,0.95066867,2023-05-15 00:00:00
600809,600809.SH,山西汾酒,10634767,069001001001,016165,白酒Ⅱ,1277,284861645837,284861645837,233.5,-0.77763141121,1219964222,1219964222,30.94720077,35.18612622,10.89552281,27.62909895,27.91449672,10.04235027,0.94327597,2023-05-16 00:00:00
600809,600809.SH,山西汾酒,10634767,069001001001,016165,白酒Ⅱ,1277,280835763904.4,280835763904.4,230.2,-1.413276231263,1219964222,1219964222,30.50983134,34.68884906,10.74153898,27.23862346,27.51998778,9.90042412,0.92994488,2023-05-17 00:00:00
600809,600809.SH,山西汾酒,10634767,069001001001,016165,白酒Ⅱ,1277,277102673385.08,277102673385.08,227.14,-1.329278887924,1219964222,1219964222,30.10427059,34.22773752,10.59875397,26.87654619,27.15417039,9.76881987,0.91758332,2023-05-18 00:00:00
600809,600809.SH,山西汾酒,10634767,069001001001,016165,白酒Ⅱ,1277,283373289486.16,283373289486.16,232.28,2.262921546183,1219964222,1219964222,30.78550662,35.00228436,10.83859545,27.48474134,27.76864796,9.9898806,0.93834751,2023-05-19 00:00:00
600809,600809.SH,山西汾酒,10634767,069001001001,016165,白酒Ⅱ,1277,274479750307.78,274479750307.78,224.99,-3.138453590494,1219964222,1219964222,29.81931778,33.90375391,10.49843116,26.62214549,26.89714183,9.67635283,0.9088979,2023-05-22 00:00:00
600809,600809.SH,山西汾酒,10634767,069001001001,016165,白酒Ⅱ,1277,260803951379.16,260803951379.16,213.78,-4.982443664163,1219964222,1219964222,28.33358707,32.21451847,9.97535275,25.29571209,25.55700689,9.194234,0.86361258,2023-05-23 00:00:00
600809,600809.SH,山西汾酒,10634767,069001001001,016165,白酒Ⅱ,1277,262780293418.8,262780293418.8,215.4,0.757788380578,1219964222,1219964222,28.5482957,32.45863635,10.05094481,25.48740005,25.75067492,9.26390684,0.87015693,2023-05-24 00:00:00
600809,600809.SH,山西汾酒,10634767,069001001001,016165,白酒Ⅱ,1277,263085284474.3,263085284474.3,215.65,0.116063138347,1219964222,1219964222,28.58142975,32.49630886,10.06261025,25.51698153,25.78056196,9.27465882,0.87116687,2023-05-25 00:00:00
600809,600809.SH,山西汾酒,10634767,069001001001,016165,白酒Ⅱ,1277,265171423293.92,265171423293.92,217.36,0.79295154185,1219964222,1219964222,28.80806664,32.75398885,10.14240188,25.71931883,25.98498933,9.34820237,0.8780748,2023-05-26 00:00:00
600809,600809.SH,山西汾酒,10634767,069001001001,016165,白酒Ⅱ,1277,261206539572.42,261206539572.42,214.11,-1.495215311005,1219964222,1219964222,28.37732401,32.26424619,9.99075113,25.33475964,25.59645779,9.20842662,0.86494569,2023-05-29 00:00:00
600809,600809.SH,山西汾酒,10634767,069001001001,016165,白酒Ⅱ,1277,257034261933.18,257034261933.18,210.69,-1.597309794031,1219964222,1219964222,27.92405024,31.74888622,9.83116788,24.93008504,25.18760306,9.06133952,0.85112983,2023-05-30 00:00:00
600809,600809.SH,山西汾酒,10634767,069001001001,016165,白酒Ⅱ,1277,255985092702.26,255985092702.26,209.83,-0.408182637999,1219964222,1219964222,27.81006911,31.61929278,9.79103876,24.82832476,25.08479164,9.0243527,0.84765566,2023-05-31 00:00:00
600809,600809.SH,山西汾酒,10634767,069001001001,016165,白酒Ⅱ,1277,259132600395.02,259132600395.02,212.41,1.229566792165,1219964222,1219964222,28.15201249,32.00807311,9.91142612,25.1336056,25.39322591,9.13531315,0.85807815,2023-06-01 00:00:00
600809,600809.SH,山西汾酒,10634767,069001001001,016165,白酒Ⅱ,1277,263670867300.86,263670867300.86,216.13,1.751329975048,1219964222,1219964222,28.64504712,32.56864009,10.0850079,25.57377797,25.83794508,9.29530263,0.87310593,2023-06-02 00:00:00
600809,600809.SH,山西汾酒,10634767,069001001001,016165,白酒Ⅱ,1277,258632415064,258632415064,212,-1.910886966178,1219964222,1219964222,28.09767265,31.94629019,9.8922948,25.08509198,25.34421116,9.1176799,0.85642187,2023-06-05 00:00:00
600809,600809.SH,山西汾酒,10634767,069001001001,016165,白酒Ⅱ,1277,257046461575.4,257046461575.4,210.7,-0.61320754717,1219964222,1219964222,27.9253756,31.75039313,9.8316345,24.9312683,25.18879854,9.0617696,0.85117022,2023-06-06 00:00:00
600809,600809.SH,山西汾酒,10634767,069001001001,016165,白酒Ⅱ,1277,251215032594.24,251215032594.24,205.92,-2.268628381585,1219964222,1219964222,27.2918526,31.0300947,9.60859125,24.36567047,24.61735831,8.85619172,0.83186033,2023-06-07 00:00:00
600809,600809.SH,山西汾酒,10634767,069001001001,016165,白酒Ⅱ,1277,253764757818.22,253764757818.22,208.01,1.014957264957,1219964222,1219964222,27.56885325,31.3450369,9.70611435,24.61297161,24.86721398,8.94607828,0.84030336,2023-06-08 00:00:00
600809,600809.SH,山西汾酒,10634767,069001001001,016165,白酒Ⅱ,1277,249116694132.4,249116694132.4,204.2,-1.831642709485,1219964222,1219964222,27.06389035,30.77090781,9.52833301,24.16214991,24.41173546,8.78221809,0.82491201,2023-06-09 00:00:00
600809,600809.SH,山西汾酒,10634767,069001001001,016165,白酒Ⅱ,1277,251373627943.1,251373627943.1,206.05,0.90597453477,1219964222,1219964222,27.30908231,31.0496844,9.61465728,24.38105284,24.63289957,8.86178275,0.8323855,2023-06-12 00:00:00
600809,600809.SH,山西汾酒,10634767,069001001001,016165,白酒Ⅱ,1277,249848672665.6,249848672665.6,204.8,-0.606648871633,1219964222,1219964222,27.14341207,30.86132184,9.55633007,24.23314546,24.48346436,8.80802285,0.82733584,2023-06-13 00:00:00
600809,600809.SH,山西汾酒,10634767,069001001001,016165,白酒Ⅱ,1277,257205056924.26,257205056924.26,210.83,2.9443359375,1219964222,1219964222,27.94260531,31.76998283,9.83770053,24.94665067,25.2043398,9.06736063,0.85169539,2023-06-14 00:00:00
600809,600809.SH,山西汾酒,10634767,069001001001,016165,白酒Ⅱ,1277,267867544224.54,267867544224.54,219.57,4.145520087274,1219964222,1219964222,29.10097162,33.08701385,10.24552438,25.98081908,26.24919077,9.44324988,0.88700259,2023-06-15 00:00:00
600809,600809.SH,山西汾酒,10634767,069001001001,016165,白酒Ⅱ,1277,268355529913.34,268355529913.34,219.97,0.18217424967,1219964222,1219964222,29.1539861,33.14728987,10.26418909,26.02814944,26.29701004,9.46045305,0.88861848,2023-06-16 00:00:00
600809,600809.SH,山西汾酒,10634767,069001001001,016165,白酒Ⅱ,1277,262328906656.66,262328906656.66,215.03,-2.245760785562,1219964222,1219964222,28.49925731,32.40288103,10.03367996,25.44361947,25.7064421,9.24799391,0.86866224,2023-06-19 00:00:00
600809,600809.SH,山西汾酒,10634767,069001001001,016165,白酒Ⅱ,1277,254972522398,254972522398,209,-2.804259870716,1219964222,1219964222,27.70006407,31.49422004,9.7523095,24.73011426,24.98556666,8.98865613,0.84430269,2023-06-20 00:00:00
600809,600809.SH,山西汾酒,10634767,069001001001,016165,白酒Ⅱ,1277,248384715599.2,248384715599.2,203.6,-2.583732057416,1219964222,1219964222,26.98436864,30.68049378,9.50033595,24.09115437,24.34000656,8.75641334,0.82248817,2023-06-21 00:00:00
600809,600809.SH,山西汾酒,10634767,069001001001,016165,白酒Ⅱ,1277,238625001823.2,238625001823.2,195.6,-2.336728579988,1219964222,1219964222,25.92407911,29.4749734,9.12704181,23.14454712,23.38362124,8.41234994,0.79017036,2023-06-26 00:00:00
600809,600809.SH,山西汾酒,10634767,069001001001,016165,白酒Ⅱ,1277,234098934559.58,234098934559.58,191.89,-1.89672801636,1219964222,1219964222,25.43236983,28.91591332,8.95392665,22.70555802,22.94009754,8.25279055,0.77518298,2023-06-27 00:00:00
600809,600809.SH,山西汾酒,10634767,069001001001,016165,白酒Ⅱ,1277,233671947081.88,233671947081.88,191.54,-0.182396164469,1219964222,1219964222,25.38598217,28.8631718,8.93759503,22.66414395,22.89825568,8.23773777,0.77376908,2023-06-28 00:00:00
600809,600809.SH,山西汾酒,10634767,069001001001,016165,白酒Ⅱ,1277,226413159960.98,226413159960.98,185.59,-3.106400751801,1219964222,1219964222,24.59739183,27.96656602,8.65995751,21.96010481,22.1869441,7.98184063,0.74973271,2023-06-29 00:00:00
600809,600809.SH,山西汾酒,10634767,069001001001,016165,白酒Ⅱ,1277,225778778565.54,225778778565.54,185.07,-0.280187510103,1219964222,1219964222,24.52847301,27.88820719,9.37621016,21.89857534,22.12477905,7.9594765,0.74763205,2023-06-30 00:00:00
600809,600809.SH,山西汾酒,10634767,069001001001,016165,白酒Ⅱ,1277,239320381429.74,239320381429.74,196.17,5.997730588426,1219964222,1219964222,25.99962473,29.56086673,9.93856999,23.21199289,23.45176369,8.43686446,0.79247301,2023-07-03 00:00:00
600809,600809.SH,山西汾酒,10634767,069001001001,016165,白酒Ⅱ,1277,245554398604.16,245554398604.16,201.28,2.604883519396,1219964222,1219964222,26.67688467,30.33089287,10.19745816,23.81663827,24.06265482,8.65663495,0.81311601,2023-07-04 00:00:00
600809,600809.SH,山西汾酒,10634767,069001001001,016165,白酒Ⅱ,1277,241613914167.1,241613914167.1,198.05,-1.60472972973,1219964222,1219964222,26.24879278,29.84416402,10.03381652,23.43444559,23.67651424,8.51771936,0.80006769,2023-07-05 00:00:00
600809,600809.SH,山西汾酒,10634767,069001001001,016165,白酒Ⅱ,1277,241467518460.46,241467518460.46,197.93,-0.060590759909,1219964222,1219964222,26.23288843,29.82608121,10.02773695,23.42024648,23.66216846,8.51255841,0.79958292,2023-07-06 00:00:00
600809,600809.SH,山西汾酒,10634767,069001001001,016165,白酒Ⅱ,1277,241674912378.2,241674912378.2,198.1,0.085888950639,1219964222,1219964222,26.25541958,29.85169852,10.03634967,23.44036189,23.68249165,8.51986975,0.80026968,2023-07-07 00:00:00
600809,600809.SH,山西汾酒,10634767,069001001001,016165,白酒Ⅱ,1277,245664195384.14,245664195384.14,201.37,1.650681474003,1219964222,1219964222,26.68881293,30.34445498,10.20201783,23.8272876,24.07341416,8.66050567,0.81347958,2023-07-10 00:00:00
600809,600809.SH,山西汾酒,10634767,069001001001,016165,白酒Ⅱ,1277,246322976064.02,246322976064.02,201.91,0.268163082882,1219964222,1219964222,26.76038248,30.4258276,10.22937588,23.89118359,24.13797016,8.68372995,0.81566103,2023-07-11 00:00:00
600809,600809.SH,山西汾酒,10634767,069001001001,016165,白酒Ⅱ,1277,249287489123.48,249287489123.48,204.34,1.203506512803,1219964222,1219964222,27.08244542,30.79200442,10.35248708,24.17871554,24.42847221,8.7882392,0.82547757,2023-07-12 00:00:00
600809,600809.SH,山西汾酒,10634767,069001001001,016165,白酒Ⅱ,1277,259803580717.12,259803580717.12,212.96,4.218459430361,1219964222,1219964222,28.22490739,32.09095263,10.78920255,25.19868485,25.4589774,9.15896751,0.8603,2023-07-13 00:00:00
600809,600809.SH,山西汾酒,10634767,069001001001,016165,白酒Ⅱ,1277,257412450842,257412450842,211,-0.920360631104,1219964222,1219964222,27.96513646,31.79560014,10.68990298,24.96676607,25.22466299,9.07467198,0.85238214,2023-07-14 00:00:00
600809,600809.SH,山西汾酒,10634767,069001001001,016165,白酒Ⅱ,1277,257217256566.48,257217256566.48,210.84,-0.075829383886,1219964222,1219964222,27.94393067,31.77148973,10.68179689,24.94783393,25.20553529,9.06779071,0.85173578,2023-07-17 00:00:00
600809,600809.SH,山西汾酒,10634767,069001001001,016165,白酒Ⅱ,1277,257912636173.02,257912636173.02,211.41,0.270347182698,1219964222,1219964222,28.0194763,31.85738306,10.71067483,25.01527969,25.27367774,9.09230522,0.85403843,2023-07-18 00:00:00
600809,600809.SH,山西汾酒,10634767,069001001001,016165,白酒Ⅱ,1277,259791381074.9,259791381074.9,212.95,0.728442363181,1219964222,1219964222,28.22358203,32.08944573,10.78869592,25.19750159,25.45778192,9.15853743,0.86025961,2023-07-19 00:00:00
600809,600809.SH,山西汾酒,10634767,069001001001,016165,白酒Ⅱ,1277,259852379286,259852379286,213,0.023479690068,1219964222,1219964222,28.23020884,32.09698024,10.79122907,25.20341788,25.46375932,9.16068782,0.86046159,2023-07-20 00:00:00
600809,600809.SH,山西汾酒,10634767,069001001001,016165,白酒Ⅱ,1277,261706724903.44,261706724903.44,214.52,0.713615023474,1219964222,1219964222,28.43166385,32.32602911,10.8682369,25.38327326,25.64547254,9.22605987,0.86660198,2023-07-21 00:00:00
600809,600809.SH,山西汾酒,10634767,069001001001,016165,白酒Ⅱ,1277,255338511664.6,255338511664.6,209.3,-2.43333954876,1219964222,1219964222,27.73982493,31.53942706,10.6037758,24.76561203,25.02143111,9.0015585,0.84551461,2023-07-24 00:00:00
600809,600809.SH,山西汾酒,10634767,069001001001,016165,白酒Ⅱ,1277,274491949950,274491949950,225,7.501194457716,1219964222,1219964222,29.82064314,33.90526081,11.39918564,26.62332875,26.89833731,9.67678291,0.9089383,2023-07-25 00:00:00
600809,600809.SH,山西汾酒,10634767,069001001001,016165,白酒Ⅱ,1277,278054245478.24,278054245478.24,227.92,1.297777777778,1219964222,1219964222,30.20764882,34.34527575,11.54712174,26.96884039,27.24741796,9.80236605,0.9207343,2023-07-26 00:00:00
600809,600809.SH,山西汾酒,10634767,069001001001,016165,白酒Ⅱ,1277,287545567125.4,287545567125.4,235.7,3.413478413478,1219964222,1219964222,31.23878039,35.51764433,11.94128025,27.88941594,28.17750269,10.1369677,0.95216337,2023-07-27 00:00:00
600809,600809.SH,山西汾酒,10634767,069001001001,016165,白酒Ⅱ,1277,289473110596.16,289473110596.16,237.28,0.670343657191,1219964222,1219964222,31.44818758,35.7557346,12.02132786,28.07637087,28.36638879,10.20492022,0.95854613,2023-07-28 00:00:00
600809,600809.SH,山西汾酒,10634767,069001001001,016165,白酒Ⅱ,1277,291303056929.16,291303056929.16,238.78,0.632164531355,1219964222,1219964222,31.64699187,35.98176967,12.09732243,28.25385973,28.54571104,10.26943211,0.96460572,2023-07-31 00:00:00
600809,600809.SH,山西汾酒,10634767,069001001001,016165,白酒Ⅱ,1277,283641681615,283641681615,232.5,-2.630036016417,1219964222,1219964222,30.81466458,35.03543617,11.77915849,27.51077304,27.79494856,9.99934234,0.93923625,2023-08-01 00:00:00
600809,600809.SH,山西汾酒,10634767,069001001001,016165,白酒Ⅱ,1277,282238722759.7,282238722759.7,231.35,-0.494623655914,1219964222,1219964222,30.66224796,34.86214262,11.72089599,27.37469825,27.65746817,9.94988323,0.93459056,2023-08-02 00:00:00
600809,600809.SH,山西汾酒,10634767,069001001001,016165,白酒Ⅱ,1277,286167007554.54,286167007554.54,234.57,1.391830559758,1219964222,1219964222,31.0890145,35.34736457,11.884031,27.75570766,28.04241326,10.08836875,0.94759848,2023-08-03 00:00:00
600809,600809.SH,山西汾酒,10634767,069001001001,016165,白酒Ⅱ,1277,285654622581.3,285654622581.3,234.15,-0.179051029543,1219964222,1219964222,31.0333493,35.28407475,11.86275252,27.70601078,27.99220303,10.07030542,0.94590179,2023-08-04 00:00:00
600809,600809.SH,山西汾酒,10634767,069001001001,016165,白酒Ⅱ,1277,282946302008.46,282946302008.46,231.93,-0.948110185778,1219964222,1219964222,30.73911895,34.94954285,11.75028056,27.44332727,27.7268061,9.97482783,0.9369336,2023-08-07 00:00:00
600809,600809.SH,山西汾酒,10634767,069001001001,016165,白酒Ⅱ,1277,281445746015.4,281445746015.4,230.7,-0.530332427888,1219964222,1219964222,30.57609944,34.76419409,11.68796501,27.29778641,27.57976186,9.92192808,0.93196474,2023-08-08 00:00:00
600809,600809.SH,山西汾酒,10634767,069001001001,016165,白酒Ⅱ,1277,282665710237.4,282665710237.4,231.7,0.433463372345,1219964222,1219964222,30.70863563,34.91488413,11.73862806,27.41611232,27.69931002,9.964936,0.93600446,2023-08-09 00:00:00
600809,600809.SH,山西汾酒,10634767,069001001001,016165,白酒Ⅱ,1277,282982900935.12,282982900935.12,231.96,0.112214069918,1219964222,1219964222,30.74309504,34.95406355,11.75180045,27.44687705,27.73039255,9.97611806,0.93705479,2023-08-10 00:00:00
600809,600809.SH,山西汾酒,10634767,069001001001,016165,白酒Ⅱ,1277,276077903438.6,276077903438.6,226.3,-2.440075875151,1219964222,1219964222,29.99294019,34.10115787,11.4650476,26.77715243,27.05374993,9.73269321,0.91418995,2023-08-11 00:00:00
600809,600809.SH,山西汾酒,10634767,069001001001,016165,白酒Ⅱ,1277,273601376067.94,273601376067.94,224.27,-0.897039328325,1219964222,1219964222,29.72389172,33.79525708,11.36220161,26.53695084,26.81106715,9.64538713,0.9059893,2023-08-14 00:00:00
600809,600809.SH,山西汾酒,10634767,069001001001,016165,白酒Ⅱ,1277,273271985728,273271985728,224,-0.120390600615,1219964222,1219964222,29.68810695,33.75457076,11.34852259,26.50500284,26.77878915,9.63377499,0.90489858,2023-08-15 00:00:00
600809,600809.SH,山西汾酒,10634767,069001001001,016165,白酒Ⅱ,1277,275101932061,275101932061,225.5,0.669642857143,1219964222,1219964222,29.88691124,33.98060584,11.42451716,26.6824917,26.9581114,9.69828687,0.91095816,2023-08-16 00:00:00
600809,600809.SH,山西汾酒,10634767,069001001001,016165,白酒Ⅱ,1277,280250181077.84,280250181077.84,229.72,1.871396895787,1219964222,1219964222,30.44621397,34.61651784,11.63831522,27.18182702,27.46260466,9.87978031,0.92800581,2023-08-17 00:00:00
600809,600809.SH,山西汾酒,10634767,069001001001,016165,白酒Ⅱ,1277,275419122758.72,275419122758.72,225.76,-1.72383771548,1219964222,1219964222,29.92137065,34.01978525,11.43768956,26.71325644,26.98919392,9.70946893,0.91200849,2023-08-18 00:00:00
600809,600809.SH,山西汾酒,10634767,069001001001,016165,白酒Ⅱ,1277,276748883760.7,276748883760.7,226.85,0.482813607371,1219964222,1219964222,30.0658351,34.1840374,11.49291228,26.84223167,27.11950142,9.75634757,0.91641179,2023-08-21 00:00:00
600809,600809.SH,山西汾酒,10634767,069001001001,016165,白酒Ⅱ,1277,276260898071.9,276260898071.9,226.45,-0.176327970024,1219964222,1219964222,30.01282062,34.12376138,11.47264706,26.79490131,27.07168215,9.7391444,0.9147959,2023-08-22 00:00:00
600809,600809.SH,山西汾酒,10634767,069001001001,016165,白酒Ⅱ,1277,270588064439.6,270588064439.6,221.8,-2.053433429013,1219964222,1219964222,29.39652733,33.42305266,11.23706389,26.24468585,26.51578318,9.53915756,0.89601118,2023-08-23 00:00:00
600809,600809.SH,山西汾酒,10634767,069001001001,016165,白酒Ⅱ,1277,280494173922.24,280494173922.24,229.92,3.66095581605,1219964222,1219964222,30.47272121,34.64665585,11.64844783,27.2054922,27.48651429,9.8883819,0.92881375,2023-08-24 00:00:00
600809,600809.SH,山西汾酒,10634767,069001001001,016165,白酒Ⅱ,1277,281628740648.7,281628740648.7,230.85,0.404488517745,1219964222,1219964222,28.5903904,34.78679759,11.69556447,27.3155353,25.99153405,9.42176921,0.9325707,2023-08-25 00:00:00
600809,600809.SH,山西汾酒,10634767,069001001001,016165,白酒Ⅱ,1277,286691592170,286691592170,235,1.797704136885,1219964222,1219964222,29.10436103,35.41216129,11.90581611,27.8065878,26.45878493,9.59114475,0.94933556,2023-08-28 00:00:00
600809,600809.SH,山西汾酒,10634767,069001001001,016165,白酒Ⅱ,1277,296195113459.38,296195113459.38,242.79,3.314893617021,1219964222,1219964222,30.06913964,36.58603677,12.30048125,28.72834661,27.3358655,9.90908099,0.98080502,2023-08-29 00:00:00
600809,600809.SH,山西汾酒,10634767,069001001001,016165,白酒Ⅱ,1277,295231341724,295231341724,242,-0.325384076774,1219964222,1219964222,29.97129945,36.46699163,12.26045744,28.63486914,27.24691895,9.87683842,0.97761364,2023-08-30 00:00:00
600809,600809.SH,山西汾酒,10634767,069001001001,016165,白酒Ⅱ,1277,295292339935.1,295292339935.1,242.05,0.020661157025,1219964222,1219964222,29.97749186,36.47452613,12.2629906,28.64078544,27.25254848,9.87887909,0.97781563,2023-08-31 00:00:00
600809,600809.SH,山西汾酒,10634767,069001001001,016165,白酒Ⅱ,1277,304015084122.4,304015084122.4,249.2,2.953935137368,1219964222,1219964222,30.86300753,37.55195998,12.62523138,29.48681566,28.05757108,10.17069477,1.00669967,2023-09-01 00:00:00
600809,600809.SH,山西汾酒,10634767,069001001001,016165,白酒Ⅱ,1277,320630996826.04,320630996826.04,262.82,5.465489566613,1219964222,1219964222,32.54982198,39.60435843,13.31526209,31.0984145,29.5910547,10.72657303,1.06172073,2023-09-04 00:00:00
600809,600809.SH,山西汾酒,10634767,069001001001,016165,白酒Ⅱ,1277,315128958184.82,315128958184.82,258.31,-1.716003348299,1219964222,1219964222,31.99126595,38.92474631,13.08677174,30.56476466,29.08327121,10.54250468,1.04350157,2023-09-05 00:00:00
600809,600809.SH,山西汾酒,10634767,069001001001,016165,白酒Ⅱ,1277,313055019007.42,313055019007.42,256.61,-0.658123959583,1219964222,1219964222,31.78072376,38.66857323,13.00064456,30.36361062,28.89186724,10.47312193,1.03663403,2023-09-06 00:00:00
600809,600809.SH,山西汾酒,10634767,069001001001,016165,白酒Ⅱ,1277,309553721690.28,309553721690.28,253.74,-1.118428744008,1219964222,1219964222,31.42527901,38.23609279,12.85524162,30.02401527,28.56873229,10.35598753,1.02504002,2023-09-07 00:00:00
600809,600809.SH,山西汾酒,10634767,069001001001,016165,白酒Ⅱ,1277,311737457647.66,311737457647.66,255.53,0.70544652006,1219964222,1219964222,31.64696755,38.50582798,12.94592847,30.23581864,28.77026942,10.42904348,1.03227113,2023-09-08 00:00:00
600809,600809.SH,山西汾酒,10634767,069001001001,016165,白酒Ⅱ,1277,313469806842.9,313469806842.9,256.95,0.555707744688,1219964222,1219964222,31.8228322,38.71980785,13.01787,30.40384143,28.93014803,10.48699848,1.03800754,2023-09-11 00:00:00
600809,600809.SH,山西汾酒,10634767,069001001001,016165,白酒Ⅱ,1277,310419896287.9,310419896287.9,254.45,-0.972951936174,1219964222,1219964222,31.51321134,38.34308273,12.89121238,30.10802667,28.6486716,10.38496503,1.02790823,2023-09-12 00:00:00
600809,600809.SH,山西汾酒,10634767,069001001001,016165,白酒Ⅱ,1277,312066847987.6,312066847987.6,255.8,0.530556101395,1219964222,1219964222,31.6804066,38.54651429,12.9596075,30.26776664,28.80066887,10.44006309,1.03336186,2023-09-13 00:00:00
600809,600809.SH,山西汾酒,10634767,069001001001,016165,白酒Ⅱ,1277,311334869454.4,311334869454.4,255.2,-0.234558248632,1219964222,1219964222,31.6060976,38.45610026,12.92920967,30.1967711,28.73311453,10.41557506,1.03093802,2023-09-14 00:00:00
600809,600809.SH,山西汾酒,10634767,069001001001,016165,白酒Ⅱ,1277,308101964266.1,308101964266.1,252.55,-1.038401253918,1219964222,1219964222,31.27789948,38.05677164,12.79495259,29.88320745,28.43474951,10.3074196,1.02023275,2023-09-15 00:00:00
600809,600809.SH,山西汾酒,10634767,069001001001,016165,白酒Ⅱ,1277,308126363550.54,308126363550.54,252.57,0.007919223916,1219964222,1219964222,31.28037645,38.05978544,12.79596585,29.88557396,28.43700132,10.30823587,1.02031354,2023-09-18 00:00:00
600809,600809.SH,山西汾酒,10634767,069001001001,016165,白酒Ⅱ,1277,304991055500,304991055500,250,-1.017539691967,1219964222,1219964222,30.9620862,37.67251201,12.66576182,29.58147639,28.14764354,10.20334548,1.00993145,2023-09-19 00:00:00
600809,600809.SH,山西汾酒,10634767,069001001001,016165,白酒Ⅱ,1277,302599925624.88,302599925624.88,248.04,-0.784,1219964222,1219964222,30.71934345,37.37715952,12.56646225,29.34955761,27.92696602,10.12335125,1.00201358,2023-09-20 00:00:00
600809,600809.SH,山西汾酒,10634767,069001001001,016165,白酒Ⅱ,1277,294621359613,294621359613,241.5,-2.636671504596,1219964222,1219964222,29.90937527,36.39164661,12.23512592,28.57570619,27.19062366,9.85643173,0.97559378,2023-09-21 00:00:00
600809,600809.SH,山西汾酒,10634767,069001001001,016165,白酒Ⅱ,1277,300489387520.82,300489387520.82,246.31,1.991718426501,1219964222,1219964222,30.50508581,37.11646574,12.47881518,29.1448538,27.73218432,10.0527441,0.99502486,2023-09-22 00:00:00
600809,600809.SH,山西汾酒,10634767,069001001001,016165,白酒Ⅱ,1277,298549644407.84,298549644407.84,244.72,-0.645527993179,1219964222,1219964222,30.30816694,36.87686856,12.39826093,28.95671561,27.55316531,9.98785082,0.98860169,2023-09-25 00:00:00
600809,600809.SH,山西汾酒,10634767,069001001001,016165,白酒Ⅱ,1277,296768496643.72,296768496643.72,243.26,-0.596600196143,1219964222,1219964222,30.12734836,36.65686109,12.32429288,28.78395978,27.38878307,9.92826328,0.98270369,2023-09-26 00:00:00
600809,600809.SH,山西汾酒,10634767,069001001001,016165,白酒Ⅱ,1277,294877552099.62,294877552099.62,241.71,-0.637178327715,1219964222,1219964222,29.93538343,36.42329152,12.24576516,28.60055463,27.21426768,9.86500254,0.97644212,2023-09-27 00:00:00
600809,600809.SH,山西汾酒,10634767,069001001001,016165,白酒Ⅱ,1277,292181431169,292181431169,239.5,-0.914318811799,1219964222,1219964222,29.66167858,36.09026651,12.13379983,28.33905438,26.96544251,9.77480497,0.96751433,2023-09-28 00:00:00
600809,600809.SH,山西汾酒,10634767,069001001001,016165,白酒Ⅱ,1277,296500104514.88,296500104514.88,243.04,1.478079331942,1219964222,1219964222,30.10010172,36.62370928,11.08319109,28.75792808,27.36401315,9.91928434,0.98181496,2023-10-09 00:00:00
600809,600809.SH,山西汾酒,10634767,069001001001,016165,白酒Ⅱ,1277,293889381079.8,293889381079.8,240.9,-0.880513495721,1219964222,1219964222,29.83506627,36.30123258,10.9856021,28.50471065,27.12306932,9.8319437,0.97316994,2023-10-10 00:00:00
600809,600809.SH,山西汾酒,10634767,069001001001,016165,白酒Ⅱ,1277,292669416857.8,292669416857.8,239.9,-0.415110004151,1219964222,1219964222,29.71121792,36.15054253,10.93999977,28.38638474,27.01047874,9.79113032,0.96913022,2023-10-11 00:00:00
600809,600809.SH,山西汾酒,10634767,069001001001,016165,白酒Ⅱ,1277,286679392527.78,286679392527.78,234.99,-2.046686119216,1219964222,1219964222,29.10312255,35.41065439,10.71609231,27.80540454,26.45765902,9.59073662,0.94929516,2023-10-12 00:00:00
600809,600809.SH,山西汾酒,10634767,069001001001,016165,白酒Ⅱ,1277,280896762115.5,280896762115.5,230.25,-2.017107110941,1219964222,1219964222,28.51608139,34.69638356,10.49993725,27.24453975,25.9239797,9.39728118,0.93014686,2023-10-13 00:00:00
600809,600809.SH,山西汾酒,10634767,069001001001,016165,白酒Ⅱ,1277,276651286622.94,276651286622.94,226.77,-1.511400651466,1219964222,1219964222,28.08508915,34.1719822,10.34124113,26.8327656,25.5321645,9.25525062,0.91608862,2023-10-16 00:00:00
600809,600809.SH,山西汾酒,10634767,069001001001,016165,白酒Ⅱ,1277,279859792526.8,279859792526.8,229.4,1.159765401067,1219964222,1219964222,28.4108103,34.56829702,10.46117527,27.14396273,25.82827771,9.36258981,0.9267131,2023-10-17 00:00:00
600809,600809.SH,山西汾酒,10634767,069001001001,016165,白酒Ⅱ,1277,283190294852.86,283190294852.86,232.13,1.190061028771,1219964222,1219964222,28.74891628,34.97968085,10.58566964,27.46699245,26.13564998,9.47401034,0.93774155,2023-10-18 00:00:00
600809,600809.SH,山西汾酒,10634767,069001001001,016165,白酒Ⅱ,1277,273271985728,273271985728,224,-3.502347822341,1219964222,1219964222,27.74202924,33.75457076,10.21492267,26.50500284,25.22028861,9.14219755,0.90489858,2023-10-19 00:00:00
600809,600809.SH,山西汾酒,10634767,069001001001,016165,白酒Ⅱ,1277,272552206837.02,272552206837.02,223.41,-0.263392857143,1219964222,1219964222,27.66895872,33.66566364,10.18801729,26.43519056,25.15386018,9.11811765,0.90251514,2023-10-20 00:00:00
600809,600809.SH,山西汾酒,10634767,069001001001,016165,白酒Ⅱ,1277,275223928483.2,275223928483.2,225.6,0.980260507587,1219964222,1219964222,27.94018659,33.99567484,10.2878864,26.69432429,25.40043353,9.20749896,0.91136214,2023-10-23 00:00:00
600809,600809.SH,山西汾酒,10634767,069001001001,016165,白酒Ⅱ,1277,280689368197.76,280689368197.76,230.08,1.985815602837,1219964222,1219964222,28.49502718,34.67076626,10.49218485,27.22442435,25.9048393,9.39034291,0.92946011,2023-10-24 00:00:00
600809,600809.SH,山西汾酒,10634767,069001001001,016165,白酒Ⅱ,1277,292120432957.9,292120432957.9,239.45,4.072496522949,1219964222,1219964222,29.65548617,36.08273201,10.91947872,28.33313808,26.95981298,9.7727643,0.96731234,2023-10-25 00:00:00
600809,600809.SH,山西汾酒,10634767,069001001001,016165,白酒Ⅱ,1277,296304910239.36,296304910239.36,242.88,1.432449363124,1219964222,1219964222,30.08028599,36.59959887,11.07589472,28.73899594,27.34599865,9.9127542,0.9811686,2023-10-26 00:00:00
600809,600809.SH,山西汾酒,10634767,069001001001,016165,白酒Ⅱ,1277,295853523477.22,295853523477.22,242.51,-0.152338603426,1219964222,1219964222,28.39615042,36.54384355,11.05902186,28.69521535,31.23255914,9.60117015,0.9796739,2023-10-27 00:00:00
600809,600809.SH,山西汾酒,10634767,069001001001,016165,白酒Ⅱ,1277,299842806483.16,299842806483.16,245.78,1.348398004206,1219964222,1219964222,28.77904354,37.03660001,11.20814149,29.08214107,31.65369835,9.73063214,0.9928838,2023-10-30 00:00:00
600809,600809.SH,山西汾酒,10634767,069001001001,016165,白酒Ⅱ,1277,301575155678.4,301575155678.4,247.2,0.577752461551,1219964222,1219964222,28.94531518,37.25057988,11.2728968,29.25016385,31.83657837,9.7868511,0.99862021,2023-10-31 00:00:00
600809,600809.SH,山西汾酒,10634767,069001001001,016165,白酒Ⅱ,1277,306223219364.22,306223219364.22,251.01,1.541262135922,1219964222,1219964222,29.39143836,37.82470896,11.44664169,29.70098555,32.3272635,9.93769213,1.01401157,2023-11-01 00:00:00
600809,600809.SH,山西汾酒,10634767,069001001001,016165,白酒Ⅱ,1277,301001772494.06,301001772494.06,246.73,-1.705111350145,1219964222,1219964222,28.89028161,37.17975556,11.2514637,29.19455068,31.77604766,9.76824342,0.99672154,2023-11-02 00:00:00
600809,600809.SH,山西汾酒,10634767,069001001001,016165,白酒Ⅱ,1277,304478670526.76,304478670526.76,249.58,1.15510882341,1219964222,1219964222,29.2239958,37.60922219,11.38143035,29.53177951,32.14309559,9.88107726,1.00823476,2023-11-03 00:00:00
600809,600809.SH,山西汾酒,10634767,069001001001,016165,白酒Ⅱ,1277,306808802190.78,306808802190.78,251.49,0.765285679942,1219964222,1219964222,29.44764285,37.89704019,11.46853081,29.75778199,32.3890821,9.95669573,1.01595064,2023-11-06 00:00:00
600809,600809.SH,山西汾酒,10634767,069001001001,016165,白酒Ⅱ,1277,303075711671.46,303075711671.46,248.43,-1.216748180842,1219964222,1219964222,29.08933919,37.43592864,11.32898767,29.39570471,31.99498853,9.83554781,1.00358908,2023-11-07 00:00:00
600809,600809.SH,山西汾酒,10634767,069001001001,016165,白酒Ⅱ,1277,303161109167,303161109167,248.5,0.028176951254,1219964222,1219964222,29.09753568,37.44647694,11.33217983,29.40398753,32.00400374,9.83831917,1.00387186,2023-11-08 00:00:00
600809,600809.SH,山西汾酒,10634767,069001001001,016165,白酒Ⅱ,1277,303100110955.9,303100110955.9,248.45,-0.020120724346,1219964222,1219964222,29.09168105,37.43894244,11.32989972,29.39807123,31.9975643,9.83633963,1.00366987,2023-11-09 00:00:00
600809,600809.SH,山西汾酒,10634767,069001001001,016165,白酒Ⅱ,1277,298037259434.6,298037259434.6,244.3,-1.670356208493,1219964222,1219964222,28.60574635,36.81357874,11.14065003,28.90701873,31.463091,9.67203772,0.98690501,2023-11-10 00:00:00
600809,600809.SH,山西汾酒,10634767,069001001001,016165,白酒Ⅱ,1277,293523391813.2,293523391813.2,240.6,-1.514531313958,1219964222,1219964222,28.17250336,36.25602556,10.9719214,28.46921287,30.98657264,9.52555168,0.97195802,2023-11-13 00:00:00
600809,600809.SH,山西汾酒,10634767,069001001001,016165,白酒Ⅱ,1277,293864981795.36,293864981795.36,240.88,0.116375727348,1219964222,1219964222,28.20528932,36.29821878,10.98469005,28.50234413,31.02263348,9.53663711,0.97308915,2023-11-14 00:00:00
600809,600809.SH,山西汾酒,10634767,069001001001,016165,白酒Ⅱ,1277,295853523477.22,295853523477.22,242.51,0.676685486549,1219964222,1219964222,28.39615042,36.54384355,11.05902186,28.69521535,31.23255914,9.60117015,0.9796739,2023-11-15 00:00:00
600809,600809.SH,山西汾酒,10634767,069001001001,016165,白酒Ⅱ,1277,290351484836,290351484836,238,-1.859717125067,1219964222,1219964222,27.86806234,35.86423144,10.85335533,28.16156552,30.65172189,9.42261554,0.96145474,2023-11-16 00:00:00
600809,600809.SH,山西汾酒,10634767,069001001001,016165,白酒Ⅱ,1277,287887157107.56,287887157107.56,235.98,-0.848739495798,1219964222,1219964222,27.63153509,35.55983754,10.76123862,27.92254719,30.39156862,9.34264208,0.95329449,2023-11-17 00:00:00
600809,600809.SH,山西汾酒,10634767,069001001001,016165,白酒Ⅱ,1277,288448340649.68,288448340649.68,236.44,0.194931773879,1219964222,1219964222,27.68539773,35.62915496,10.78221569,27.97697711,30.45081145,9.36085386,0.95515276,2023-11-20 00:00:00
600809,600809.SH,山西汾酒,10634767,069001001001,016165,白酒Ⅱ,1277,298342250490.1,298342250490.1,244.55,3.43004567755,1219964222,1219964222,28.63501952,36.85125125,11.15205062,28.9366002,31.49528819,9.68193543,0.98791494,2023-11-21 00:00:00
600809,600809.SH,山西汾酒,10634767,069001001001,016165,白酒Ⅱ,1277,296317109881.58,296317109881.58,242.89,-0.678797791863,1219964222,1219964222,28.44064564,36.60110577,11.07635074,28.7401792,31.28149887,9.61621466,0.981209,2023-11-22 00:00:00
600809,600809.SH,山西汾酒,10634767,069001001001,016165,白酒Ⅱ,1277,293206201115.48,293206201115.48,240.34,-1.049857960394,1219964222,1219964222,28.14205926,36.21684615,10.96006479,28.43844814,30.95308756,9.51525807,0.9709077,2023-11-23 00:00:00
600809,600809.SH,山西汾酒,10634767,069001001001,016165,白酒Ⅱ,1277,293413595033.22,293413595033.22,240.51,0.070733128069,1219964222,1219964222,28.16196502,36.24246346,10.96781719,28.45856354,30.97498165,9.52198851,0.97159445,2023-11-24 00:00:00
600809,600809.SH,山西汾酒,10634767,069001001001,016165,白酒Ⅱ,1277,289375513458.4,289375513458.4,237.2,-1.376242152093,1219964222,1219964222,27.77438819,35.7436794,10.81687347,28.0669048,30.54869089,9.39094289,0.95822296,2023-11-27 00:00:00
600809,600809.SH,山西汾酒,10634767,069001001001,016165,白酒Ⅱ,1277,285459428305.78,285459428305.78,233.99,-1.35328836425,1219964222,1219964222,27.39852062,35.25996434,10.67048998,27.68707864,30.13527901,9.26385635,0.94525544,2023-11-28 00:00:00
600809,600809.SH,山西汾酒,10634767,069001001001,016165,白酒Ⅱ,1277,289107121329.56,289107121329.56,236.98,1.277832385999,1219964222,1219964222,27.74862779,35.71052759,10.80684095,28.0408731,30.52035737,9.38223291,0.95733422,2023-11-29 00:00:00
600809,600809.SH,山西汾酒,10634767,069001001001,016165,白酒Ⅱ,1277,291400654066.92,291400654066.92,238.86,0.793315891636,1219964222,1219964222,27.96876207,35.99382488,10.89257334,28.2633258,30.76248021,9.45666365,0.9649289,2023-11-30 00:00:00
600809,600809.SH,山西汾酒,10634767,069001001001,016165,白酒Ⅱ,1277,287728561758.7,287728561758.7,235.85,-1.260152390522,1219964222,1219964222,27.61631304,35.54024783,10.75531032,27.90716482,30.37482608,9.33749528,0.95276933,2023-12-01 00:00:00
600809,600809.SH,山西汾酒,10634767,069001001001,016165,白酒Ⅱ,1277,279371806838,279371806838,229,-2.904388382446,1219964222,1219964222,26.81422805,34.508021,10.44293433,27.09663237,29.49262316,9.06629815,0.92509721,2023-12-04 00:00:00
600809,600809.SH,山西汾酒,10634767,069001001001,016165,白酒Ⅱ,1277,271100449412.84,271100449412.84,222.22,-2.960698689956,1219964222,1219964222,26.02033956,33.48634248,10.13375051,26.29438273,28.61943546,8.79787238,0.89770786,2023-12-05 00:00:00
600809,600809.SH,山西汾酒,10634767,069001001001,016165,白酒Ⅱ,1277,271710431523.84,271710431523.84,222.72,0.225002250023,1219964222,1219964222,26.07888591,33.5616875,10.15655168,26.35354568,28.68382983,8.81766779,0.89972773,2023-12-06 00:00:00
600809,600809.SH,山西汾酒,10634767,069001001001,016165,白酒Ⅱ,1277,274223557821.16,274223557821.16,224.78,0.92492816092,1219964222,1219964222,26.32009687,33.872109,10.25049249,26.59729705,28.94913465,8.89922488,0.90804956,2023-12-07 00:00:00
600809,600809.SH,山西汾酒,10634767,069001001001,016165,白酒Ⅱ,1277,282421717393,282421717393,231.5,2.989589821158,1219964222,1219964222,27.1069598,34.88474612,10.55694017,27.39244713,29.81459503,9.1652752,0.93519652,2023-12-08 00:00:00
600809,600809.SH,山西汾酒,10634767,069001001001,016165,白酒Ⅱ,1277,275223928483.2,275223928483.2,225.6,-2.548596112311,1219964222,1219964222,26.41611288,33.99567484,10.2878864,26.69432429,29.05474142,8.93168936,0.91136214,2023-12-11 00:00:00
600809,600809.SH,山西汾酒,10634767,069001001001,016165,白酒Ⅱ,1277,281165154244.34,281165154244.34,230.47,2.158687943262,1219964222,1219964222,26.98635432,34.72953538,10.50996976,27.27057145,29.68194262,9.12449666,0.9310356,2023-12-12 00:00:00
600809,600809.SH,山西汾酒,10634767,069001001001,016165,白酒Ⅱ,1277,270832057284,270832057284,222,-3.675098711329,1219964222,1219964222,25.99457916,33.45319067,10.123718,26.26835103,28.59110193,8.7891624,0.89681912,2023-12-13 00:00:00
600809,600809.SH,山西汾酒,10634767,069001001001,016165,白酒Ⅱ,1277,263756264796.4,263756264796.4,216.2,-2.612612612613,1219964222,1219964222,25.31544151,32.57918839,9.85922447,25.58206078,27.8441272,8.55953563,0.87338872,2023-12-14 00:00:00
600809,600809.SH,山西汾酒,10634767,069001001001,016165,白酒Ⅱ,1277,265342218285,265342218285,217.5,0.601295097132,1219964222,1219964222,25.46766202,32.77508545,9.9185075,25.73588446,28.01155257,8.6110037,0.87864036,2023-12-15 00:00:00
600809,600809.SH,山西汾酒,10634767,069001001001,016165,白酒Ⅱ,1277,266281590735.94,266281590735.94,218.27,0.354022988506,1219964222,1219964222,25.5578234,32.89111679,9.9536213,25.8269954,28.1107199,8.64148863,0.88175095,2023-12-18 00:00:00
600809,600809.SH,山西汾酒,10634767,069001001001,016165,白酒Ⅱ,1277,266806175351.4,266806175351.4,218.7,0.197003711,1219964222,1219964222,25.60817326,32.95591351,9.9732303,25.87787554,28.16609907,8.65851269,0.88348803,2023-12-19 00:00:00
600809,600809.SH,山西汾酒,10634767,069001001001,016165,白酒Ⅱ,1277,263268279107.6,263268279107.6,215.8,-1.3260173754,1219964222,1219964222,25.26860443,32.51891237,9.84098353,25.53473042,27.7926117,8.5436993,0.87177282,2023-12-20 00:00:00
600809,600809.SH,山西汾酒,10634767,069001001001,016165,白酒Ⅱ,1277,270502666944.06,270502666944.06,221.73,2.747914735867,1219964222,1219964222,25.96296413,33.41250436,10.11140537,26.23640304,28.55632897,8.77847288,0.8957284,2023-12-21 00:00:00
600809,600809.SH,山西汾酒,10634767,069001001001,016165,白酒Ⅱ,1277,271149247981.72,271149247981.72,222.26,0.239029450232,1219964222,1219964222,26.02502326,33.49237008,10.13557461,26.29911577,28.62458701,8.79945601,0.89786945,2023-12-22 00:00:00
600809,600809.SH,山西汾酒,10634767,069001001001,016165,白酒Ⅱ,1277,276517090558.52,276517090558.52,226.66,1.979663457212,1219964222,1219964222,26.54023114,34.15540629,10.33622487,26.81974975,29.1912575,8.97365563,0.91564425,2023-12-25 00:00:00
600809,600809.SH,山西汾酒,10634767,069001001001,016165,白酒Ⅱ,1277,274455351023.34,274455351023.34,224.97,-0.745610165005,1219964222,1219964222,26.34234448,33.90074011,10.25915693,26.61977897,28.97360451,8.90674714,0.90881711,2023-12-26 00:00:00
600809,600809.SH,山西汾酒,10634767,069001001001,016165,白酒Ⅱ,1277,275101932061,275101932061,225.5,0.235586967151,1219964222,1219964222,26.40440361,33.98060584,10.28332617,26.6824917,29.04186255,8.92773027,0.91095816,2023-12-27 00:00:00
600809,600809.SH,山西汾酒,10634767,069001001001,016165,白酒Ⅱ,1277,284629852634.82,284629852634.82,233.31,3.463414634146,1219964222,1219964222,27.31889759,35.15749511,10.63948039,27.60661702,30.04770267,9.23693459,0.94250842,2023-12-28 00:00:00
600809,600809.SH,山西汾酒,10634767,069001001001,016165,白酒Ⅱ,1277,281482344942.06,281482344942.06,230.73,-1.105824868201,1219964222,1219964222,27.01679842,34.76871479,10.52182637,27.30133619,29.7154277,9.13479027,0.93208593,2023-12-29 00:00:00
600809,600809.SH,山西汾酒,10634767,069001001001,016165,白酒Ⅱ,1277,270575864797.38,270575864797.38,221.79,-3.874658691978,1219964222,1219964222,25.9699897,25.92191024,9.72004023,37.44951408,28.5640563,8.78084833,1.27821974,2024-01-02 00:00:00
600809,600809.SH,山西汾酒,10634767,069001001001,016165,白酒Ⅱ,1277,269697490557.54,269697490557.54,221.07,-0.324631408089,1219964222,1219964222,25.88568295,25.83775958,9.68848593,37.3279412,28.4713284,8.75234293,1.27407024,2024-01-03 00:00:00
600809,600809.SH,山西汾酒,10634767,069001001001,016165,白酒Ⅱ,1277,265342218285,265342218285,217.5,-1.614873117112,1219964222,1219964222,25.46766202,25.42051254,9.53202917,36.72514231,28.01155257,8.6110037,1.25349562,2024-01-04 00:00:00
600809,600809.SH,山西汾酒,10634767,069001001001,016165,白酒Ⅱ,1277,262560699858.84,262560699858.84,215.22,-1.048275862069,1219964222,1219964222,25.20069066,25.15403544,9.43210721,36.34016151,27.71791423,8.52073663,1.24035553,2024-01-05 00:00:00
600809,600809.SH,山西汾酒,10634767,069001001001,016165,白酒Ⅱ,1277,260474561039.22,260474561039.22,213.51,-0.794535823808,1219964222,1219964222,25.00046215,24.95417762,9.35716574,36.05142591,27.49768547,8.45303632,1.23050046,2024-01-08 00:00:00
600809,600809.SH,山西汾酒,10634767,069001001001,016165,白酒Ⅱ,1277,257424650484.22,257424650484.22,211.01,-1.170905344012,1219964222,1219964222,24.7077304,24.66198782,9.24760219,35.62929783,27.1757136,8.35405927,1.21609246,2024-01-09 00:00:00
600809,600809.SH,山西汾酒,10634767,069001001001,016165,白酒Ⅱ,1277,259974375708.2,259974375708.2,213.1,0.9904743851,1219964222,1219964222,24.95245414,24.9062585,9.33919732,35.9821969,27.44488208,8.43680409,1.22813755,2024-01-10 00:00:00
600809,600809.SH,山西汾酒,10634767,069001001001,016165,白酒Ⅱ,1277,259705983579.36,259705983579.36,212.88,-0.103237916471,1219964222,1219964222,24.92669375,24.88054579,9.32955572,35.94504963,27.41654856,8.42809411,1.22686964,2024-01-11 00:00:00
600809,600809.SH,山西汾酒,10634767,069001001001,016165,白酒Ⅱ,1277,257985834026.34,257985834026.34,211.47,-0.662344983089,1219964222,1219964222,24.76159304,24.71575075,9.26776188,35.7069694,27.23495642,8.37227105,1.21874353,2024-01-12 00:00:00
600809,600809.SH,山西汾酒,10634767,069001001001,016165,白酒Ⅱ,1277,248738505223.58,248738505223.58,203.89,-3.584432780063,1219964222,1219964222,23.87403038,23.82983127,8.93556519,34.42707708,26.25873772,8.07217262,1.17505849,2024-01-15 00:00:00
600809,600809.SH,山西汾酒,10634767,069001001001,016165,白酒Ⅱ,1277,249494883041.22,249494883041.22,204.51,0.304085536319,1219964222,1219964222,23.94662786,23.90229434,8.96273695,34.53176485,26.33858674,8.09671893,1.17863167,2024-01-16 00:00:00
600809,600809.SH,山西汾酒,10634767,069001001001,016165,白酒Ⅱ,1277,239588773558.58,239588773558.58,196.39,-3.970465991883,1219964222,1219964222,22.99583514,22.95326188,8.60687452,33.16069287,25.29282211,7.77524146,1.1318345,2024-01-17 00:00:00
600809,600809.SH,山西汾酒,10634767,069001001001,016165,白酒Ⅱ,1277,249287489123.48,249287489123.48,204.34,4.048067620551,1219964222,1219964222,23.9267221,23.88242544,8.95528663,34.50306014,26.31669265,8.08998849,1.17765193,2024-01-18 00:00:00
600809,600809.SH,山西汾酒,10634767,069001001001,016165,白酒Ⅱ,1277,250678248336.56,250678248336.56,205.48,0.557893706567,1219964222,1219964222,24.06020778,24.01566399,9.00524761,34.69555054,26.46351183,8.13512203,1.18422197,2024-01-19 00:00:00
600809,600809.SH,山西汾酒,10634767,069001001001,016165,白酒Ⅱ,1277,246713364615.06,246713364615.06,202.23,-1.5816624489,1219964222,1219964222,23.6796565,23.63581725,8.86281499,34.14678404,26.0449484,8.00645185,1.16549158,2024-01-22 00:00:00
600809,600809.SH,山西汾酒,10634767,069001001001,016165,白酒Ⅱ,1277,245529999319.72,245529999319.72,201.26,-0.479651881521,1219964222,1219964222,23.56607659,23.52244761,8.82030433,33.98299835,25.92002331,7.96804876,1.15990128,2024-01-23 00:00:00
600809,600809.SH,山西汾酒,10634767,069001001001,016165,白酒Ⅱ,1277,244871218639.84,244871218639.84,200.72,-0.26830964921,1219964222,1219964222,23.50284653,23.45933461,8.7966386,33.89181869,25.85047739,7.94666971,1.15678915,2024-01-24 00:00:00
600809,600809.SH,山西汾酒,10634767,069001001001,016165,白酒Ⅱ,1277,249226490912.38,249226490912.38,204.29,1.778597050618,1219964222,1219964222,23.92086746,23.87658164,8.95309535,34.49461757,26.31025322,8.08800895,1.17736377,2024-01-25 00:00:00
600809,600809.SH,山西汾酒,10634767,069001001001,016165,白酒Ⅱ,1277,253008380000.58,253008380000.58,207.39,1.517450682853,1219964222,1219964222,24.28385483,24.23889699,9.08895416,35.01805638,26.70949833,8.21074049,1.19522968,2024-01-26 00:00:00
600809,600809.SH,山西汾酒,10634767,069001001001,016165,白酒Ⅱ,1277,253996551020.4,253996551020.4,208.2,0.390568494141,1219964222,1219964222,24.37869992,24.33356649,9.12445275,35.15482588,26.81381722,8.24280906,1.19989787,2024-01-29 00:00:00
600809,600809.SH,山西汾酒,10634767,069001001001,016165,白酒Ⅱ,1277,245347004686.42,245347004686.42,201.11,-3.405379442843,1219964222,1219964222,23.54851268,23.50491622,8.81373051,33.95767067,25.900705,7.96211013,1.1590368,2024-01-30 00:00:00
600809,600809.SH,山西汾酒,10634767,069001001001,016165,白酒Ⅱ,1277,244127040464.42,244127040464.42,200.11,-0.497240316245,1219964222,1219964222,23.43141998,23.3880403,8.76990509,33.78881944,25.77191625,7.92251931,1.1532736,2024-01-31 00:00:00
600809,600809.SH,山西汾酒,10634767,069001001001,016165,白酒Ⅱ,1277,248836102361.34,248836102361.34,203.97,1.928939083504,1219964222,1219964222,23.8833978,23.83918135,8.93907122,34.44058518,26.26904082,8.07533988,1.17551955,2024-02-01 00:00:00
600809,600809.SH,山西汾酒,10634767,069001001001,016165,白酒Ⅱ,1277,255582504509,255582504509,209.5,2.71118301711,1219964222,1219964222,24.53092043,24.48550518,9.1814258,35.37433248,26.98124259,8.29427713,1.20739003,2024-02-02 00:00:00
600809,600809.SH,山西汾酒,10634767,069001001001,016165,白酒Ⅱ,1277,261865320252.3,261865320252.3,214.65,2.458233890215,1219964222,1219964222,25.13394782,25.08741617,9.40712672,36.24391631,27.64450464,8.49816986,1.2370705,2024-02-05 00:00:00
600809,600809.SH,山西汾酒,10634767,069001001001,016165,白酒Ⅱ,1277,268148135995.6,268148135995.6,219.8,2.399254600512,1219964222,1219964222,25.73697522,25.68932716,9.63282764,37.11350014,28.30776669,8.70206259,1.26675097,2024-02-06 00:00:00
600809,600809.SH,山西汾酒,10634767,069001001001,016165,白酒Ⅱ,1277,276114502365.26,276114502365.26,226.33,2.970882620564,1219964222,1219964222,26.50159055,26.45252691,9.91900764,38.21609866,29.14875721,8.96059066,1.30438466,2024-02-07 00:00:00
600809,600809.SH,山西汾酒,10634767,069001001001,016165,白酒Ⅱ,1277,274735942794.4,274735942794.4,225.2,-0.499270976008,1219964222,1219964222,26.3692758,26.32045712,9.86948492,38.02529677,29.00322592,8.91585303,1.29787224,2024-02-08 00:00:00
600809,600809.SH,山西汾酒,10634767,069001001001,016165,白酒Ⅱ,1277,274272356390.04,274272356390.04,224.82,-0.168738898757,1219964222,1219964222,26.32478057,26.27604427,9.85283126,37.96113331,28.9542862,8.90080852,1.29568223,2024-02-19 00:00:00
600809,600809.SH,山西汾酒,10634767,069001001001,016165,白酒Ⅱ,1277,272259415423.74,272259415423.74,223.17,-0.733920469709,1219964222,1219964222,26.13157762,26.08319901,9.78051931,37.68252878,28.74178477,8.83548366,1.28617295,2024-02-20 00:00:00
600809,600809.SH,山西汾酒,10634767,069001001001,016165,白酒Ⅱ,1277,285313032599.14,285313032599.14,233.87,4.794551238966,1219964222,1219964222,27.3844695,27.33377135,10.24945132,39.48923693,30.11982437,9.25910545,1.34783917,2024-02-21 00:00:00
600809,600809.SH,山西汾酒,10634767,069001001001,016165,白酒Ⅱ,1277,286569595747.8,286569595747.8,234.9,0.440415615513,1219964222,1219964222,27.50507498,27.45415355,10.29459151,39.66315369,30.25247677,9.299884,1.35377527,2024-02-22 00:00:00
600809,600809.SH,山西汾酒,10634767,069001001001,016165,白酒Ⅱ,1277,284812847268.12,284812847268.12,233.46,-0.613026819923,1219964222,1219964222,27.33646149,27.28585222,10.2314829,39.42000793,30.06702098,9.24287321,1.34547626,2024-02-23 00:00:00
600809,600809.SH,山西汾酒,10634767,069001001001,016165,白酒Ⅱ,1277,278432434387.06,278432434387.06,228.23,-2.240212456095,1219964222,1219964222,26.72406668,26.67459116,10.00227594,38.536916,29.39345583,9.03581322,1.31533473,2024-02-26 00:00:00
600809,600809.SH,山西汾酒,10634767,069001001001,016165,白酒Ⅱ,1277,275797311667.54,275797311667.54,226.07,-0.946413705473,1219964222,1219964222,26.47114645,26.42213917,9.90761303,38.17219734,29.11527213,8.95029704,1.30288623,2024-02-27 00:00:00
600809,600809.SH,山西汾酒,10634767,069001001001,016165,白酒Ⅱ,1277,276675685907.38,276675685907.38,226.79,0.318485424868,1219964222,1219964222,26.55545319,26.50628984,9.93916734,38.29377023,29.20800003,8.97880243,1.30703573,2024-02-28 00:00:00
600809,600809.SH,山西汾酒,10634767,069001001001,016165,白酒Ⅱ,1277,284324861579.32,284324861579.32,233.06,2.764672163676,1219964222,1219964222,27.28962441,27.23910185,10.21395273,39.35246743,30.01550548,9.22703689,1.34317098,2024-02-29 00:00:00
600809,600809.SH,山西汾酒,10634767,069001001001,016165,白酒Ⅱ,1277,289131520614,289131520614,237,1.690551789239,1219964222,1219964222,27.75096965,27.69959298,10.38662489,40.01774128,30.52293314,9.38302472,1.36587798,2024-03-01 00:00:00
600809,600809.SH,山西汾酒,10634767,069001001001,016165,白酒Ⅱ,1277,288643534925.2,288643534925.2,236.6,-0.168776371308,1219964222,1219964222,27.70413257,27.65284261,10.36909472,39.95020078,30.47141765,9.36718839,1.3635727,2024-03-04 00:00:00
600809,600809.SH,山西汾酒,10634767,069001001001,016165,白酒Ⅱ,1277,295182543155.12,295182543155.12,241.96,2.265426880811,1219964222,1219964222,28.33174943,28.27929754,10.60399898,40.85524337,31.16172533,9.5793952,1.39446345,2024-03-05 00:00:00
600809,600809.SH,山西汾酒,10634767,069001001001,016165,白酒Ⅱ,1277,290351484836,290351484836,238,-1.636634154406,1219964222,1219964222,27.86806234,27.8164689,10.43045031,40.1865925,30.65172189,9.42261554,1.37164118,2024-03-06 00:00:00
600809,600809.SH,山西汾酒,10634767,069001001001,016165,白酒Ⅱ,1277,290083092707.16,290083092707.16,237.78,-0.09243697479,1219964222,1219964222,27.84230195,27.79075619,10.42080872,40.14944523,30.62338837,9.41390556,1.37037328,2024-03-07 00:00:00
600809,600809.SH,山西汾酒,10634767,069001001001,016165,白酒Ⅱ,1277,289131520614,289131520614,237,-0.328034317436,1219964222,1219964222,27.75096965,27.69959298,10.38662489,40.01774128,30.52293314,9.38302472,1.36587798,2024-03-08 00:00:00
600809,600809.SH,山西汾酒,10634767,069001001001,016165,白酒Ⅱ,1277,295365537788.42,295365537788.42,242.11,2.15611814346,1219964222,1219964222,28.34931334,28.29682893,10.61057279,40.88057106,31.18104364,9.58533382,1.39532793,2024-03-11 00:00:00
600809,600809.SH,山西汾酒,10634767,069001001001,016165,白酒Ⅱ,1277,311627660867.68,311627660867.68,255.44,5.50576184379,1219964222,1219964222,29.91015901,29.85478494,11.19476566,43.13135794,32.89779765,10.11307947,1.47215136,2024-03-12 00:00:00
600809,600809.SH,山西汾酒,10634767,069001001001,016165,白酒Ⅱ,1277,310724887343.4,310724887343.4,254.7,-0.28969621046,1219964222,1219964222,29.82351042,29.76829676,11.16233485,43.00640803,32.80249397,10.08378227,1.46788659,2024-03-13 00:00:00
600809,600809.SH,山西汾酒,10634767,069001001001,016165,白酒Ⅱ,1277,306674606126.36,306674606126.36,251.38,-1.303494307028,1219964222,1219964222,29.43476266,29.3802687,11.01683445,42.44582195,32.37491533,9.95234074,1.44875277,2024-03-14 00:00:00
600809,600809.SH,山西汾酒,10634767,069001001001,016165,白酒Ⅱ,1277,307284588237.36,307284588237.36,251.88,0.198902060625,1219964222,1219964222,29.49330901,29.43870666,11.03874716,42.53024756,32.43930971,9.97213615,1.45163437,2024-03-15 00:00:00
600809,600809.SH,山西汾酒,10634767,069001001001,016165,白酒Ⅱ,1277,305174050133.3,305174050133.3,250.15,-0.686835000794,1219964222,1219964222,29.29073864,29.23651132,10.96292918,42.23813494,32.21650517,9.90364403,1.44166404,2024-03-18 00:00:00
600809,600809.SH,山西汾酒,10634767,069001001001,016165,白酒Ⅱ,1277,305576638326.56,305576638326.56,250.48,0.131920847492,1219964222,1219964222,29.32937923,29.27508037,10.97739157,42.29385584,32.25900546,9.916709,1.4435659,2024-03-19 00:00:00
600809,600809.SH,山西汾酒,10634767,069001001001,016165,白酒Ⅱ,1277,303527098433.6,303527098433.6,248.8,-0.670712232514,1219964222,1219964222,29.13266349,29.07872883,10.90376486,42.01018578,32.04264036,9.85019642,1.43388372,2024-03-20 00:00:00
600809,600809.SH,山西汾酒,10634767,069001001001,016165,白酒Ⅱ,1277,304661665160.06,304661665160.06,249.73,0.373794212219,1219964222,1219964222,29.2415597,29.18742343,10.94452251,42.16721742,32.1624139,9.88701588,1.4392435,2024-03-21 00:00:00
600809,600809.SH,山西汾酒,10634767,069001001001,016165,白酒Ⅱ,1277,301148168200.7,301148168200.7,246.85,-1.153245505146,1219964222,1219964222,28.90433273,28.85082079,10.81830529,41.68092588,31.79150231,9.77299432,1.42264549,2024-03-22 00:00:00
600809,600809.SH,山西汾酒,10634767,069001001001,016165,白酒Ⅱ,1277,300745580007.44,300745580007.44,246.52,-0.133684423739,1219964222,1219964222,28.86569214,28.81225173,10.8038429,41.62520498,31.74900202,9.75992934,1.42074363,2024-03-25 00:00:00
600809,600809.SH,山西汾酒,10634767,069001001001,016165,白酒Ⅱ,1277,305210649059.96,305210649059.96,250.18,1.484666558494,1219964222,1219964222,29.29425142,29.2400176,10.96424395,42.24320047,32.22036884,9.90483175,1.44183694,2024-03-26 00:00:00
600809,600809.SH,山西汾酒,10634767,069001001001,016165,白酒Ⅱ,1277,300428389309.72,300428389309.72,246.26,-1.566871852266,1219964222,1219964222,28.83524804,28.78186399,10.79244829,41.58130366,31.71551695,9.74963573,1.4192452,2024-03-27 00:00:00
600809,600809.SH,山西汾酒,10634767,069001001001,016165,白酒Ⅱ,1277,299013230812.2,299013230812.2,245.1,-0.471046861041,1219964222,1219964222,28.69942051,28.64628793,10.74161081,41.38543623,31.566122,9.70371038,1.41255989,2024-03-28 00:00:00
600809,600809.SH,山西汾酒,10634767,069001001001,016165,白酒Ⅱ,1277,298988831527.76,298988831527.76,245.08,-0.008159934721,1219964222,1219964222,28.69707865,28.64395041,10.7407343,41.38205921,31.56354622,9.70291856,1.41244462,2024-03-29 00:00:00
600809,600809.SH,山西汾酒,10634767,069001001001,016165,白酒Ⅱ,1277,308089764623.88,308089764623.88,252.54,3.043904031337,1219964222,1219964222,29.57059019,29.51584477,9.03563802,42.64168937,32.52431028,9.99826609,1.45543808,2024-04-01 00:00:00
600809,600809.SH,山西汾酒,10634767,069001001001,016165,白酒Ⅱ,1277,310236901654.6,310236901654.6,254.3,0.696919299913,1219964222,1219964222,29.77667334,29.72154639,9.09860912,42.93886754,32.75097848,10.06794594,1.46558131,2024-04-02 00:00:00
600809,600809.SH,山西汾酒,10634767,069001001001,016165,白酒Ⅱ,1277,309480523836.96,309480523836.96,253.68,-0.243806527723,1219964222,1219964222,29.70407586,29.64908332,9.07642612,42.83417978,32.67112945,10.04339963,1.46200813,2024-04-03 00:00:00
600809,600809.SH,山西汾酒,10634767,069001001001,016165,白酒Ⅱ,1277,300867576429.64,300867576429.64,246.62,-2.783033743299,1219964222,1219964222,28.87740141,28.82393932,8.82382612,41.6420901,31.76188089,9.76388843,1.42131995,2024-04-08 00:00:00
600809,600809.SH,山西汾酒,10634767,069001001001,016165,白酒Ⅱ,1277,299562214712.1,299562214712.1,245.55,-0.433865866515,1219964222,1219964222,28.75211222,28.69888209,8.78554255,41.46141928,31.62407694,9.72152625,1.41515333,2024-04-09 00:00:00
600809,600809.SH,山西汾酒,10634767,069001001001,016165,白酒Ⅱ,1277,298598442976.72,298598442976.72,244.76,-0.321726735899,1219964222,1219964222,28.65960899,28.60655011,8.75727711,41.32802681,31.52233382,9.6902495,1.4106004,2024-04-10 00:00:00
600809,600809.SH,山西汾酒,10634767,069001001001,016165,白酒Ⅱ,1277,297317480543.62,297317480543.62,243.71,-0.428991665305,1219964222,1219964222,28.53666166,28.4838304,8.71970912,41.15073302,31.38710564,9.64867914,1.40454904,2024-04-11 00:00:00
600809,600809.SH,山西汾酒,10634767,069001001001,016165,白酒Ⅱ,1277,292913409702.2,292913409702.2,240.1,-1.481268721021,1219964222,1219964222,28.11395701,28.06190833,8.59054679,40.54118009,30.92217826,9.50575627,1.3837439,2024-04-12 00:00:00
600809,600809.SH,山西汾酒,10634767,069001001001,016165,白酒Ⅱ,1277,307174791457.38,307174791457.38,251.79,4.868804664723,1219964222,1219964222,29.48277066,29.42818783,9.00880374,42.51505095,32.42771872,9.96857297,1.45111568,2024-04-15 00:00:00
600809,600809.SH,山西汾酒,10634767,069001001001,016165,白酒Ⅱ,1277,302319333853.82,302319333853.82,247.81,-1.580682314627,1219964222,1219964222,29.01674172,28.96302167,8.86640317,41.84302306,31.9151395,9.8110015,1.42817816,2024-04-16 00:00:00
600809,600809.SH,山西汾酒,10634767,069001001001,016165,白酒Ⅱ,1277,296731897717.06,296731897717.06,243.23,-1.848190145676,1219964222,1219964222,28.48045716,28.42772996,8.70253518,41.06968443,31.32528704,9.62967554,1.40178271,2024-04-17 00:00:00
600809,600809.SH,山西汾酒,10634767,069001001001,016165,白酒Ⅱ,1277,295719327412.8,295719327412.8,242.4,-0.341240800888,1219964222,1219964222,28.38327022,28.33072294,8.67283858,40.92953791,31.21839238,9.59681516,1.39699925,2024-04-18 00:00:00
600809,600809.SH,山西汾酒,10634767,069001001001,016165,白酒Ⅱ,1277,291425053351.36,291425053351.36,238.88,-1.452145214521,1219964222,1219964222,27.97110392,27.91931971,8.54689637,40.33518159,30.76505599,9.45745547,1.3767128,2024-04-19 00:00:00
600809,600809.SH,山西汾酒,10634767,069001001001,016165,白酒Ⅱ,1277,297305280901.4,297305280901.4,243.7,2.017749497656,1219964222,1219964222,28.53549073,28.48266164,8.71935133,41.14904451,31.38581775,9.64828323,1.40449141,2024-04-22 00:00:00
600809,600809.SH,山西汾酒,10634767,069001001001,016165,白酒Ⅱ,1277,303039112744.8,303039112744.8,248.4,1.928600738613,1219964222,1219964222,29.08582641,29.03197846,8.8875128,41.94264529,31.99112487,9.83436009,1.43157844,2024-04-23 00:00:00
600809,600809.SH,山西汾酒,10634767,069001001001,016165,白酒Ⅱ,1277,303880888057.98,303880888057.98,249.09,0.277777777778,1219964222,1219964222,29.16662038,29.11262285,8.91220034,42.05915263,32.0799891,9.86167776,1.43555505,2024-04-24 00:00:00
600809,600809.SH,山西汾酒,10634767,069001001001,016165,白酒Ⅱ,1277,299598813638.76,299598813638.76,245.58,-1.409129230399,1219964222,1219964222,28.755625,28.70238837,8.78661592,41.46648482,31.6279406,9.72271397,1.41532622,2024-04-25 00:00:00
600809,600809.SH,山西汾酒,10634767,069001001001,016165,白酒Ⅱ,1277,307784773568.38,307784773568.38,252.29,2.732307191139,1219964222,1219964222,25.90449051,29.48662579,9.02669326,42.59947657,28.41141892,8.89959998,1.45399728,2024-04-26 00:00:00
600809,600809.SH,山西汾酒,10634767,069001001001,016165,白酒Ⅱ,1277,314811767487.1,314811767487.1,258.05,2.283086923778,1219964222,1219964222,26.49591254,30.15983109,9.23278051,43.57205965,29.06007631,9.10278558,1.48719331,2024-04-29 00:00:00
600809,600809.SH,山西汾酒,10634767,069001001001,016165,白酒Ⅱ,1277,320008815072.82,320008815072.82,262.31,1.650842859911,1219964222,1219964222,26.93331842,30.65772251,9.38519921,44.29136588,29.5398125,9.25305827,1.51174453,2024-04-30 00:00:00
600809,600809.SH,山西汾酒,10634767,069001001001,016165,白酒Ⅱ,1277,328170375718,328170375718,269,2.550417445008,1219964222,1219964222,27.62023048,31.43962241,9.62456097,45.4209806,30.29320103,9.48904988,1.55030033,2024-05-06 00:00:00
600809,600809.SH,山西汾酒,10634767,069001001001,016165,白酒Ⅱ,1277,329536735646.64,329536735646.64,270.12,0.416356877323,1219964222,1219964222,27.73522921,31.57052344,9.66463349,45.61009398,30.41932886,9.52855819,1.55675511,2024-05-07 00:00:00
600809,600809.SH,山西汾酒,10634767,069001001001,016165,白酒Ⅱ,1277,327804386451.4,327804386451.4,268.7,-0.52569228491,1219964222,1219964222,27.58942725,31.40455963,9.61382725,45.37032524,30.25941679,9.4784673,1.54857137,2024-05-08 00:00:00
600809,600809.SH,山西汾酒,10634767,069001001001,016165,白酒Ⅱ,1277,328206974644.66,328206974644.66,269.03,0.122813546706,1219964222,1219964222,27.6233108,31.44312869,9.62563434,45.42604614,30.29657946,9.49010814,1.55047322,2024-05-09 00:00:00
600809,600809.SH,山西汾酒,10634767,069001001001,016165,白酒Ⅱ,1277,329780728491.04,329780728491.04,270.32,0.479500427462,1219964222,1219964222,27.75576469,31.59389862,9.67178929,45.64386423,30.44185168,9.53561325,1.55790775,2024-05-10 00:00:00
600809,600809.SH,山西汾酒,10634767,069001001001,016165,白酒Ⅱ,1277,322216950314.64,322216950314.64,264.12,-2.293577981651,1219964222,1219964222,27.11916459,30.86926792,9.44995926,44.59698661,29.74364408,9.31690652,1.52217592,2024-05-13 00:00:00
600809,600809.SH,山西汾酒,10634767,069001001001,016165,白酒Ⅱ,1277,321057984303.74,321057984303.74,263.17,-0.35968499167,1219964222,1219964222,27.02162102,30.7582358,9.41596918,44.43657794,29.63666065,9.28339501,1.51670088,2024-05-14 00:00:00
600809,600809.SH,山西汾酒,10634767,069001001001,016165,白酒Ⅱ,1277,317739681619.9,317739681619.9,260.45,-1.033552456587,1219964222,1219964222,26.74233839,30.44033329,9.3186502,43.9773026,29.33035022,9.18744625,1.50102498,2024-05-15 00:00:00
600809,600809.SH,山西汾酒,10634767,069001001001,016165,白酒Ⅱ,1277,319386633319.6,319386633319.6,261.8,0.518333653292,1219964222,1219964222,26.88095293,30.59811579,9.3669519,44.20525176,29.48237929,9.23506788,1.5088053,2024-05-16 00:00:00
600809,600809.SH,山西汾酒,10634767,069001001001,016165,白酒Ⅱ,1277,321789962836.94,321789962836.94,263.77,0.752482811306,1219964222,1219964222,27.08322748,30.82836135,9.4374366,44.53788868,29.70422913,9.30456018,1.5201588,2024-05-17 00:00:00
600809,600809.SH,山西汾酒,10634767,069001001001,016165,白酒Ⅱ,1277,322765934214.54,322765934214.54,264.57,0.303294536907,1219964222,1219964222,27.16536943,30.92186208,9.46605983,44.67296966,29.79432044,9.3327804,1.52476936,2024-05-20 00:00:00
600809,600809.SH,山西汾酒,10634767,069001001001,016165,白酒Ⅱ,1277,318813250135.26,318813250135.26,261.33,-1.224628642703,1219964222,1219964222,26.83269454,30.5431841,9.35013575,44.12589168,29.42945065,9.2184885,1.5060966,2024-05-21 00:00:00
600809,600809.SH,山西汾酒,10634767,069001001001,016165,白酒Ⅱ,1277,316483118471.24,316483118471.24,259.42,-0.730876669345,1219964222,1219964222,26.63658063,30.3199511,9.28179779,43.80338583,29.21435766,9.15111272,1.49508889,2024-05-22 00:00:00
600809,600809.SH,山西汾酒,10634767,069001001001,016165,白酒Ⅱ,1277,314079788953.9,314079788953.9,257.45,-0.759386323337,1219964222,1219964222,26.43430608,30.08970554,9.21131309,43.47074891,28.99250783,9.08162042,1.48373539,2024-05-23 00:00:00
600809,600809.SH,山西汾酒,10634767,069001001001,016165,白酒Ⅱ,1277,307601778935.08,307601778935.08,252.14,-2.062536414838,1219964222,1219964222,25.88908889,29.4690944,9.0213264,42.57414888,28.3945268,8.89430869,1.4531328,2024-05-24 00:00:00
600809,600809.SH,山西汾酒,10634767,069001001001,016165,白酒Ⅱ,1277,306406213997.52,306406213997.52,251.16,-0.388672959467,1219964222,1219964222,25.78846501,29.354556,8.98626294,42.40867468,28.28416495,8.85973892,1.44748487,2024-05-27 00:00:00
600809,600809.SH,山西汾酒,10634767,069001001001,016165,白酒Ⅱ,1277,302514528129.34,302514528129.34,247.97,-1.270106704889,1219964222,1219964222,25.46092398,28.98172182,8.87212782,41.87003926,27.92492587,8.74721078,1.42910027,2024-05-28 00:00:00
600809,600809.SH,山西汾酒,10634767,069001001001,016165,白酒Ⅱ,1277,299354820794.36,299354820794.36,245.38,-1.04448118724,1219964222,1219964222,25.19498942,28.67901318,8.77946011,41.43271457,27.63325528,8.65584781,1.41417358,2024-05-29 00:00:00
600809,600809.SH,山西汾酒,10634767,069001001001,016165,白酒Ⅱ,1277,297061288057,297061288057,243.5,-0.766158611134,1219964222,1219964222,25.00195584,28.45928645,8.71219552,41.11527426,27.42154071,8.58953028,1.40333877,2024-05-30 00:00:00
600809,600809.SH,山西汾酒,10634767,069001001001,016165,白酒Ⅱ,1277,294426165337.48,294426165337.48,241.34,-0.887063655031,1219964222,1219964222,24.78017258,28.20683447,8.6349128,40.75055561,27.17829419,8.51333568,1.39089026,2024-05-31 00:00:00
600809,600809.SH,山西汾酒,10634767,069001001001,016165,白酒Ⅱ,1277,296573302368.2,296573302368.2,243.1,0.729261622607,1219964222,1219964222,24.96088487,28.41253609,8.69788391,41.04773377,27.37649506,8.57542017,1.40103349,2024-06-03 00:00:00
600809,600809.SH,山西汾酒,10634767,069001001001,016165,白酒Ⅱ,1277,297561473388.02,297561473388.02,243.91,0.333196215549,1219964222,1219964222,25.04405359,28.50720558,8.72686493,41.18450327,27.46771251,8.60399315,1.40570168,2024-06-04 00:00:00
600809,600809.SH,山西汾酒,10634767,069001001001,016165,白酒Ⅱ,1277,297622471599.12,297622471599.12,243.96,0.02049936452,1219964222,1219964222,25.04918746,28.51304938,8.72865388,41.19294583,27.47334321,8.60575691,1.40598984,2024-06-05 00:00:00
600809,600809.SH,山西汾酒,10634767,069001001001,016165,白酒Ⅱ,1277,295023947806.26,295023947806.26,241.83,-0.873093949828,1219964222,1219964222,24.83048452,28.26410367,8.65244453,40.83329271,27.23347511,8.53062057,1.39371423,2024-06-06 00:00:00
600809,600809.SH,山西汾酒,10634767,069001001001,016165,白酒Ⅱ,1277,289656105229.46,289656105229.46,237.43,-1.819459951205,1219964222,1219964222,24.3787038,27.74984962,8.49501677,40.0903473,26.73797294,8.37540934,1.36835616,2024-06-07 00:00:00
600809,600809.SH,山西汾酒,10634767,069001001001,016165,白酒Ⅱ,1277,282799906301.82,282799906301.82,231.81,-2.367013435539,1219964222,1219964222,23.8016566,27.09300695,8.29393858,39.1414034,26.10508153,8.17716228,1.33596698,2024-06-11 00:00:00
600809,600809.SH,山西汾酒,10634767,069001001001,016165,白酒Ⅱ,1277,282714508806.28,282714508806.28,231.74,-0.030197144213,1219964222,1219964222,23.79446918,27.08482564,8.29143404,39.12958381,26.09719854,8.17469301,1.33556356,2024-06-12 00:00:00
600809,600809.SH,山西汾酒,10634767,069001001001,016165,白酒Ⅱ,1277,278639828304.8,278639828304.8,228.4,-1.441270389229,1219964222,1219964222,23.45152655,26.69446007,8.17193206,38.56562071,25.72106735,8.05687358,1.31631448,2024-06-13 00:00:00
600809,600809.SH,山西汾酒,10634767,069001001001,016165,白酒Ⅱ,1277,286459798967.82,286459798967.82,234.81,2.806479859895,1219964222,1219964222,24.10968891,27.44363471,8.40127569,39.64795708,26.44292392,8.28298811,1.35325658,2024-06-14 00:00:00
600809,600809.SH,山西汾酒,10634767,069001001001,016165,白酒Ⅱ,1277,284605453350.38,284605453350.38,233.29,-0.647331885354,1219964222,1219964222,23.95361921,27.26598331,8.34689155,39.39130322,26.27175044,8.22936969,1.34449652,2024-06-17 00:00:00
600809,600809.SH,山西汾酒,10634767,069001001001,016165,白酒Ⅱ,1277,277993247267.14,277993247267.14,227.87,-2.323288610742,1219964222,1219964222,23.3971075,26.63251583,8.15296917,38.47612955,25.66138186,8.03817768,1.31325998,2024-06-18 00:00:00
600809,600809.SH,山西汾酒,10634767,069001001001,016165,白酒Ⅱ,1277,274589547087.76,274589547087.76,225.08,-1.224382323254,1219964222,1219964222,23.11063746,26.30643201,8.05314566,38.00503463,25.34718843,7.93975966,1.29718066,2024-06-19 00:00:00
600809,600809.SH,山西汾酒,10634767,069001001001,016165,白酒Ⅱ,1277,273540377856.84,273540377856.84,224.22,-0.382086369291,1219964222,1219964222,23.02233486,26.20591872,8.02237569,37.85982257,25.25034028,7.90942292,1.29222431,2024-06-20 00:00:00
600809,600809.SH,山西汾酒,10634767,069001001001,016165,白酒Ⅱ,1277,264732236174,264732236174,217,-3.220051734903,1219964222,1219964222,22.28100377,25.36207458,7.76405104,36.6407167,24.43726626,7.65473541,1.25061402,2024-06-21 00:00:00
600809,600809.SH,山西汾酒,10634767,069001001001,016165,白酒Ⅱ,1277,267342959609.08,267342959609.08,219.14,0.986175115207,1219964222,1219964222,22.50073348,25.61218905,7.84061818,37.00205833,24.6782605,7.7302245,1.26294726,2024-06-24 00:00:00
600809,600809.SH,山西汾酒,10634767,069001001001,016165,白酒Ⅱ,1277,266891572846.94,266891572846.94,218.77,-0.168841836269,1219964222,1219964222,22.46274283,25.56894496,7.82737993,36.93958337,24.63659327,7.71717265,1.26081488,2024-06-25 00:00:00
600809,600809.SH,山西汾酒,10634767,069001001001,016165,白酒Ⅱ,1277,266013198607.1,266013198607.1,218.05,-0.329112766833,1219964222,1219964222,22.38881508,25.4847943,7.80161903,36.81801049,24.5555111,7.69177445,1.25666538,2024-06-26 00:00:00
600809,600809.SH,山西汾酒,10634767,069001001001,016165,白酒Ⅱ,1277,263524471594.22,263524471594.22,216.01,-0.935565237331,1219964222,1219964222,22.1793531,25.24636742,7.72862979,36.47355398,24.32577827,7.61981288,1.24490845,2024-06-27 00:00:00
600809,600809.SH,山西汾酒,10634767,069001001001,016165,白酒Ⅱ,1277,257266055135.36,257266055135.36,210.88,-2.374890051387,1219964222,1219964222,21.65261785,24.64679395,7.54508333,35.60734717,23.74806778,7.4388507,1.21534324,2024-06-28 00:00:00
600809,600809.SH,山西汾酒,10634767,069001001001,016165,白酒Ⅱ,1277,252605791807.32,252605791807.32,207.06,-1.811456752656,1219964222,1219964222,21.26039005,24.20032794,8.16895483,34.96233548,23.31788181,7.30409914,1.19332783,2024-07-01 00:00:00
600809,600809.SH,山西汾酒,10634767,069001001001,016165,白酒Ⅱ,1277,254533335278.08,254533335278.08,208.64,0.763063846228,1219964222,1219964222,21.4226204,24.38499189,8.23128917,35.22912042,23.49581213,7.35983408,1.20243368,2024-07-02 00:00:00
600809,600809.SH,山西汾酒,10634767,069001001001,016165,白酒Ⅱ,1277,248152922397.02,248152922397.02,203.41,-2.506710122699,1219964222,1219964222,20.8856174,23.77373083,8.02495461,34.34602849,22.90684023,7.17534437,1.17229215,2024-07-03 00:00:00
600809,600809.SH,山西汾酒,10634767,069001001001,016165,白酒Ⅱ,1277,245639796099.7,245639796099.7,201.35,-1.012732903987,1219964222,1219964222,20.67410188,23.53296644,7.94368325,33.99819496,22.67485512,7.1026773,1.16041997,2024-07-04 00:00:00
600809,600809.SH,山西汾酒,10634767,069001001001,016165,白酒Ⅱ,1277,236063076957,236063076957,193.5,-1.766676819982,1219964222,1219964222,19.868084,22.61549047,7.63398416,32.67271281,21.7908342,6.82576637,1.11517886,2024-07-05 00:00:00
600809,600809.SH,山西汾酒,10634767,069001001001,016165,白酒Ⅱ,1277,231793202180,231793202180,190,-1.808785529716,1219964222,1219964222,19.50871298,22.20642475,7.49590175,32.08173351,21.39668474,6.70230289,1.09500767,2024-07-08 00:00:00
600809,600809.SH,山西汾酒,10634767,069001001001,016165,白酒Ⅱ,1277,231549209335.6,231549209335.6,189.8,-0.105263157895,1219964222,1219964222,19.48817749,22.18304957,7.48801133,32.04796327,21.37416192,6.69524784,1.09385503,2024-07-09 00:00:00
600809,600809.SH,山西汾酒,10634767,069001001001,016165,白酒Ⅱ,1277,233354756384.16,233354756384.16,191.28,0.779768177028,1219964222,1219964222,19.64014009,22.35602593,7.54640046,32.29786309,21.54083083,6.74745525,1.10238456,2024-07-10 00:00:00
600809,600809.SH,山西汾酒,10634767,069001001001,016165,白酒Ⅱ,1277,235684888048.18,235684888048.18,193.19,0.998536177332,1219964222,1219964222,19.836254,22.57925893,7.621754,32.62036893,21.75592382,6.81483103,1.11339227,2024-07-11 00:00:00
600809,600809.SH,山西汾酒,10634767,069001001001,016165,白酒Ⅱ,1277,240601343862.84,240601343862.84,197.22,2.086029297583,1219964222,1219964222,20.25004407,23.05026889,7.78074602,33.30083939,22.20975876,6.9569904,1.13661796,2024-07-12 00:00:00
600809,600809.SH,山西汾酒,10634767,069001001001,016165,白酒Ⅱ,1277,238990991089.8,238990991089.8,195.9,-0.669303316094,1219964222,1219964222,20.11450985,22.89599268,7.72866923,33.07795576,22.06110811,6.91042703,1.12901054,2024-07-15 00:00:00
600809,600809.SH,山西汾酒,10634767,069001001001,016165,白酒Ⅱ,1277,235672688405.96,235672688405.96,193.18,-1.388463501787,1219964222,1219964222,19.83522722,22.57809017,7.62135948,32.61868042,21.75479768,6.81447828,1.11333464,2024-07-16 00:00:00
600809,600809.SH,山西汾酒,10634767,069001001001,016165,白酒Ⅱ,1277,243260865866.8,243260865866.8,199.4,3.219795009835,1219964222,1219964222,20.47388088,23.30505839,7.86675163,33.66893506,22.45525757,7.03389051,1.14918173,2024-07-17 00:00:00
600809,600809.SH,山西汾酒,10634767,069001001001,016165,白酒Ⅱ,1277,244358833666.6,244358833666.6,200.3,0.451354062187,1219964222,1219964222,20.56629057,23.41024672,7.90225853,33.82090117,22.55661029,7.06563826,1.15436861,2024-07-18 00:00:00
600809,600809.SH,山西汾酒,10634767,069001001001,016165,白酒Ⅱ,1277,248884900930.22,248884900930.22,204.01,1.852221667499,1219964222,1219964222,20.94722386,23.84385638,8.04862588,34.44733923,22.97440871,7.19650954,1.17575007,2024-07-19 00:00:00
600809,600809.SH,山西汾酒,10634767,069001001001,016165,白酒Ⅱ,1277,240332951734,240332951734,197,-3.436106073232,1219964222,1219964222,20.22745503,23.02455619,7.77206656,33.26369212,22.18498366,6.94922984,1.13535005,2024-07-22 00:00:00
600809,600809.SH,山西汾酒,10634767,069001001001,016165,白酒Ⅱ,1277,226047170694.38,226047170694.38,185.29,-5.944162436548,1219964222,1219964222,19.02510225,21.65593917,7.3100823,31.28644422,20.86627219,6.53615633,1.067863,2024-07-23 00:00:00
600809,600809.SH,山西汾酒,10634767,069001001001,016165,白酒Ⅱ,1277,220813524182,220813524182,181,-2.315289546117,1219964222,1219964222,18.58461605,21.15454147,7.14083272,30.56207245,20.38315757,6.38482539,1.04313888,2024-07-24 00:00:00
600809,600809.SH,山西汾酒,10634767,069001001001,016165,白酒Ⅱ,1277,221386907366.34,221386907366.34,181.47,0.259668508287,1219964222,1219964222,18.63287444,21.20947315,7.15937522,30.64143253,20.43608621,6.40140477,1.04584758,2024-07-25 00:00:00
600809,600809.SH,山西汾酒,10634767,069001001001,016165,白酒Ⅱ,1277,222460475881.7,222460475881.7,182.35,0.484928638342,1219964222,1219964222,18.72323058,21.31232396,7.19409308,30.79002161,20.53518665,6.43244701,1.0509192,2024-07-26 00:00:00
600809,600809.SH,山西汾酒,10634767,069001001001,016165,白酒Ⅱ,1277,217946608260.3,217946608260.3,178.65,-2.029064984919,1219964222,1219964222,18.34332407,20.87988306,7.04812026,30.16527206,20.11851437,6.30192848,1.02959537,2024-07-29 00:00:00
600809,600809.SH,山西汾酒,10634767,069001001001,016165,白酒Ⅱ,1277,220520732768.72,220520732768.72,180.76,1.181080324657,1219964222,1219964222,18.55997346,21.12649125,7.13136422,30.52154816,20.35613018,6.37635932,1.04175571,2024-07-30 00:00:00
600809,600809.SH,山西汾酒,10634767,069001001001,016165,白酒Ⅱ,1277,224876005041.26,224876005041.26,184.33,1.974994467803,1219964222,1219964222,18.92653191,21.54373828,7.27220827,31.12434704,20.75816263,6.50229206,1.06233033,2024-07-31 00:00:00
600809,600809.SH,山西汾酒,10634767,069001001001,016165,白酒Ⅱ,1277,217434223287.06,217434223287.06,178.23,-3.309282265502,1219964222,1219964222,18.30019955,20.83079517,7.03155037,30.09435455,20.07121643,6.28711286,1.02717482,2024-08-01 00:00:00
600809,600809.SH,山西汾酒,10634767,069001001001,016165,白酒Ⅱ,1277,215933667294,215933667294,177,-0.6901195085,1219964222,1219964222,18.1739063,20.68703779,6.98302427,29.88666754,19.93270105,6.24372427,1.02008609,2024-08-02 00:00:00
600809,600809.SH,山西汾酒,10634767,069001001001,016165,白酒Ⅱ,1277,223765837599.24,223765837599.24,183.42,3.627118644068,1219964222,1219964222,18.83309544,21.4373812,7.23630684,30.97069243,20.65568377,6.47019156,1.05708582,2024-08-05 00:00:00
600809,600809.SH,山西汾酒,10634767,069001001001,016165,白酒Ⅱ,1277,225693381070,225693381070,185,0.86141096936,1219964222,1219964222,18.99532579,21.62204515,7.29864118,31.23747737,20.83361409,6.5259265,1.06619167,2024-08-06 00:00:00
600809,600809.SH,山西汾酒,10634767,069001001001,016165,白酒Ⅱ,1277,233013166402,233013166402,191,3.243243243243,1219964222,1219964222,19.61139041,22.32330067,7.53535387,32.25058474,21.50929887,6.73757817,1.10077086,2024-08-07 00:00:00
600809,600809.SH,山西汾酒,10634767,069001001001,016165,白酒Ⅱ,1277,237771026867.8,237771026867.8,194.9,2.041884816754,1219964222,1219964222,20.01183242,22.77911676,7.68921712,32.90910453,21.94849398,6.87515176,1.12324734,2024-08-08 00:00:00
600809,600809.SH,山西汾酒,10634767,069001001001,016165,白酒Ⅱ,1277,236063076957,236063076957,193.5,-0.718317085685,1219964222,1219964222,19.868084,22.61549047,7.63398416,32.67271281,21.7908342,6.82576637,1.11517886,2024-08-09 00:00:00
600809,600809.SH,山西汾酒,10634767,069001001001,016165,白酒Ⅱ,1277,233366956026.38,233366956026.38,191.29,-1.142118863049,1219964222,1219964222,19.64116687,22.35719469,7.54679498,32.2995516,21.54195697,6.747808,1.10244219,2024-08-12 00:00:00
600809,600809.SH,山西汾酒,10634767,069001001001,016165,白酒Ⅱ,1277,230426842251.36,230426842251.36,188.88,-1.259867217314,1219964222,1219964222,19.39371425,22.07552372,7.45171539,31.89262014,21.27055692,6.66279458,1.08855288,2024-08-13 00:00:00
600809,600809.SH,山西汾酒,10634767,069001001001,016165,白酒Ⅱ,1277,226364361392.1,226364361392.1,185.55,-1.763024142313,1219964222,1219964222,19.05179838,21.68632691,7.32033985,31.33034554,20.89555186,6.5453279,1.06936143,2024-08-14 00:00:00
600809,600809.SH,山西汾酒,10634767,069001001001,016165,白酒Ⅱ,1277,226071569978.82,226071569978.82,185.31,-0.129345189976,1219964222,1219964222,19.0271558,21.65827669,7.31087134,31.28982125,20.86852447,6.53686184,1.06797827,2024-08-15 00:00:00
600809,600809.SH,山西汾酒,10634767,069001001001,016165,白酒Ⅱ,1277,224229424003.6,224229424003.6,183.8,-0.814850790567,1219964222,1219964222,18.87211287,21.48179405,7.25129864,31.03485589,20.69847714,6.48359617,1.05927584,2024-08-16 00:00:00
600809,600809.SH,山西汾酒,10634767,069001001001,016165,白酒Ⅱ,1277,224510015774.66,224510015774.66,184.03,0.12513601741,1219964222,1219964222,18.89572868,21.50867551,7.26037263,31.07369168,20.72437839,6.49170948,1.06060137,2024-08-19 00:00:00
600809,600809.SH,山西汾酒,10634767,069001001001,016165,白酒Ⅱ,1277,222240882321.74,222240882321.74,182.17,-1.010704776395,1219964222,1219964222,18.70474865,21.2912863,7.1869917,30.75962839,20.5149161,6.42609746,1.04988182,2024-08-20 00:00:00
600809,600809.SH,山西汾酒,10634767,069001001001,016165,白酒Ⅱ,1277,220581730979.82,220581730979.82,180.81,-0.746555415271,1219964222,1219964222,18.56510733,21.13233505,7.13333682,30.52999072,20.36176089,6.37812308,1.04204387,2024-08-21 00:00:00
600809,600809.SH,山西汾酒,10634767,069001001001,016165,白酒Ⅱ,1277,217971007544.74,217971007544.74,178.67,-1.183562856037,1219964222,1219964222,18.34537762,20.88222058,7.0489093,30.16864909,20.12076665,6.30263399,1.02971063,2024-08-22 00:00:00
600809,600809.SH,山西汾酒,10634767,069001001001,016165,白酒Ⅱ,1277,216885239387.16,216885239387.16,177.78,-0.498125034981,1219964222,1219964222,18.2539947,20.77820101,7.01379692,30.01837149,20.02054007,6.27123899,1.02458138,2024-08-23 00:00:00
600809,600809.SH,山西汾酒,10634767,069001001001,016165,白酒Ⅱ,1277,214359913447.62,214359913447.62,175.71,-1.164360445494,1219964222,1219964222,18.04145241,20.53626786,6.93213104,29.66884945,19.78742882,6.19821916,1.01265156,2024-08-26 00:00:00
600809,600809.SH,山西汾酒,10634767,069001001001,016165,白酒Ⅱ,1277,214396512374.28,214396512374.28,175.74,0.017073587161,1219964222,1219964222,18.04453273,20.53977413,6.9333146,29.67391499,19.79080725,6.19927742,1.01282446,2024-08-27 00:00:00
600809,600809.SH,山西汾酒,10634767,069001001001,016165,白酒Ⅱ,1277,202026075163.2,202026075163.2,165.6,-5.769887333561,1219964222,1219964222,16.72293824,19.35465231,6.53327016,27.96176352,20.30925546,5.66477501,0.95438563,2024-08-28 00:00:00
600809,600809.SH,山西汾酒,10634767,069001001001,016165,白酒Ⅱ,1277,203246039385.2,203246039385.2,166.6,0.6038647343,1219964222,1219964222,16.82392217,19.47152823,6.57272228,28.13061475,20.43189589,5.69898259,0.96014883,2024-08-29 00:00:00
600809,600809.SH,山西汾酒,10634767,069001001001,016165,白酒Ⅱ,1277,215726273376.26,215726273376.26,176.83,6.140456182473,1219964222,1219964222,17.85698773,20.66716889,6.97631741,29.85796283,21.6865075,6.04892612,1.01910634,2024-08-30 00:00:00
600809,600809.SH,山西汾酒,10634767,069001001001,016165,白酒Ⅱ,1277,204270809331.68,204270809331.68,167.44,-5.310184923373,1219964222,1219964222,16.90874866,19.569704,6.60586205,28.27244979,20.53491385,5.72771696,0.96498991,2024-09-02 00:00:00
600809,600809.SH,山西汾酒,10634767,069001001001,016165,白酒Ⅱ,1277,206966930262.3,206966930262.3,169.65,1.319875776398,1219964222,1219964222,17.13192314,19.82799978,6.69305122,28.645611,20.80594921,5.80331571,0.97772658,2024-09-03 00:00:00
600809,600809.SH,山西汾酒,10634767,069001001001,016165,白酒Ⅱ,1277,204453803964.98,204453803964.98,167.59,-1.214264662541,1219964222,1219964222,16.92389625,19.58723539,6.61177987,28.29777747,20.55330992,5.73284809,0.96585439,2024-09-04 00:00:00
600809,600809.SH,山西汾酒,10634767,069001001001,016165,白酒Ⅱ,1277,205197982140.4,205197982140.4,168.2,0.363983531237,1219964222,1219964222,16.98549645,19.6585297,6.63584566,28.40077672,20.62812058,5.75371472,0.96936994,2024-09-05 00:00:00
600809,600809.SH,山西汾酒,10634767,069001001001,016165,白酒Ⅱ,1277,200061932765.78,200061932765.78,163.99,-2.502972651605,1219964222,1219964222,16.56035412,19.16648208,6.46975226,27.68991305,20.11180436,5.60970081,0.94510688,2024-09-06 00:00:00
600809,600809.SH,山西汾酒,10634767,069001001001,016165,白酒Ⅱ,1277,195084478740.02,195084478740.02,159.91,-2.487956582718,1219964222,1219964222,16.1483397,18.68962832,6.30878763,27.00100003,19.6114314,5.47013389,0.92159303,2024-09-09 00:00:00
600809,600809.SH,山西汾酒,10634767,069001001001,016165,白酒Ⅱ,1277,194767288042.3,194767288042.3,159.65,-0.162591457695,1219964222,1219964222,16.12208388,18.65924059,6.29853008,26.95709871,19.57954489,5.46123992,0.9200946,2024-09-10 00:00:00
600809,600809.SH,山西汾酒,10634767,069001001001,016165,白酒Ⅱ,1277,195072279097.8,195072279097.8,159.9,0.156592546195,1219964222,1219964222,16.14732986,18.68845957,6.30839311,26.99931152,19.610205,5.46979181,0.9215354,2024-09-11 00:00:00
600809,600809.SH,山西汾酒,10634767,069001001001,016165,白酒Ⅱ,1277,188057484821.3,188057484821.3,154.15,-3.595997498437,1219964222,1219964222,15.56667228,18.01642303,6.08154345,26.02841695,18.90502252,5.27309824,0.88839701,2024-09-12 00:00:00
600809,600809.SH,山西汾酒,10634767,069001001001,016165,白酒Ⅱ,1277,183238626144.4,183238626144.4,150.2,-2.562439182614,1219964222,1219964222,15.16778577,17.55476314,5.9257076,25.3614546,18.42059281,5.1379783,0.86563238,2024-09-13 00:00:00
600809,600809.SH,山西汾酒,10634767,069001001001,016165,白酒Ⅱ,1277,180298512369.38,180298512369.38,147.79,-1.604527296937,1219964222,1219964222,14.92441451,17.27309218,5.830628,24.95452314,18.12502937,5.05553804,0.85174307,2024-09-18 00:00:00
600809,600809.SH,山西汾酒,10634767,069001001001,016165,白酒Ⅱ,1277,186825320957.08,186825320957.08,153.14,3.620001353272,1219964222,1219964222,15.46467851,17.89837835,6.04169681,25.85787721,18.78115568,5.23854858,0.88257618,2024-09-19 00:00:00
600809,600809.SH,山西汾酒,10634767,069001001001,016165,白酒Ⅱ,1277,188155081959.06,188155081959.06,154.23,0.711767010579,1219964222,1219964222,15.57475099,18.0257731,6.08469962,26.04192505,18.91483375,5.27583484,0.88885806,2024-09-20 00:00:00
600809,600809.SH,山西汾酒,10634767,069001001001,016165,白酒Ⅱ,1277,188460073014.56,188460073014.56,154.48,0.162095571549,1219964222,1219964222,15.59999698,18.05499208,6.09456265,26.08413786,18.94549386,5.28438674,0.89029886,2024-09-23 00:00:00
600809,600809.SH,山西汾酒,10634767,069001001001,016165,白酒Ⅱ,1277,201355094841.1,201355094841.1,165.05,6.842309684102,1219964222,1219964222,16.66739708,19.29037055,6.5115715,27.86889535,20.24180322,5.64596084,0.95121587,2024-09-24 00:00:00
600809,600809.SH,山西汾酒,10634767,069001001001,016165,白酒Ⅱ,1277,200623116307.9,200623116307.9,164.45,-0.363526204181,1219964222,1219964222,16.60680672,19.220245,6.48790023,27.76758461,20.16821896,5.6254363,0.94775795,2024-09-25 00:00:00
600809,600809.SH,山西汾酒,10634767,069001001001,016165,白酒Ⅱ,1277,220691527759.8,220691527759.8,180.9,10.003040437823,1219964222,1219964222,18.26799232,21.14285388,7.13688751,30.54518733,22.18565406,6.18815096,1.04256256,2024-09-26 00:00:00
600809,600809.SH,山西汾酒,10634767,069001001001,016165,白酒Ⅱ,1277,242760680535.78,242760680535.78,198.99,10,1219964222,1219964222,20.09479155,23.25713927,7.85057626,33.59970606,24.40421947,6.80696606,1.14681882,2024-09-27 00:00:00
600809,600809.SH,山西汾酒,10634767,069001001001,016165,白酒Ⅱ,1277,267037968553.58,267037968553.58,218.89,10.000502537816,1219964222,1219964222,22.10437169,25.58297007,7.88617993,36.95984552,26.84476405,7.48769687,1.26150646,2024-09-30 00:00:00
600809,600809.SH,山西汾酒,10634767,069001001001,016165,白酒Ⅱ,1277,281567742437.6,281567742437.6,230.8,5.441089131527,1219964222,1219964222,23.30709025,26.97496227,8.31527401,38.97086366,28.30541159,7.89510914,1.33014615,2024-10-08 00:00:00
600809,600809.SH,山西汾酒,10634767,069001001001,016165,白酒Ⅱ,1277,253410968193.84,253410968193.84,207.72,-10,1219964222,1219964222,20.97638123,24.27746605,7.48374661,35.07377729,25.47487043,7.10559822,1.19713154,2024-10-09 00:00:00
600809,600809.SH,山西汾酒,10634767,069001001001,016165,白酒Ⅱ,1277,255399509875.7,255399509875.7,209.35,0.78471018679,1219964222,1219964222,21.14098503,24.4679738,7.54247233,35.34900479,25.67477434,7.16135657,1.20652555,2024-10-10 00:00:00
600809,600809.SH,山西汾酒,10634767,069001001001,016165,白酒Ⅱ,1277,243212067297.92,243212067297.92,199.36,-4.771913064246,1219964222,1219964222,20.1321556,23.30038336,7.18255211,33.66218102,24.44959643,6.81962286,1.1489512,2024-10-11 00:00:00
600809,600809.SH,山西汾酒,10634767,069001001001,016165,白酒Ⅱ,1277,246615767477.3,246615767477.3,202.15,1.399478330658,1219964222,1219964222,20.41390076,23.62646717,7.28307037,34.13327594,24.79176323,6.91506201,1.16503052,2024-10-14 00:00:00
600809,600809.SH,山西汾酒,10634767,069001001001,016165,白酒Ⅱ,1277,235221301643.82,235221301643.82,192.81,-4.620331437052,1219964222,1219964222,19.47071088,22.53484608,6.94656838,32.55620547,23.6463016,6.59556323,1.11120225,2024-10-15 00:00:00
600809,600809.SH,山西汾酒,10634767,069001001001,016165,白酒Ⅱ,1277,232403184291,232403184291,190.5,-1.19807063949,1219964222,1219964222,19.23743801,22.26486271,6.86334358,32.16615913,23.3630022,6.51654372,1.09788926,2024-10-16 00:00:00
600809,600809.SH,山西汾酒,10634767,069001001001,016165,白酒Ⅱ,1277,224705210050.18,224705210050.18,184.19,-3.312335958005,1219964222,1219964222,18.60022943,21.52737566,6.63600658,31.10070787,22.58914108,6.3006939,1.06152348,2024-10-17 00:00:00
600809,600809.SH,山西汾酒,10634767,069001001001,016165,白酒Ⅱ,1277,233049765328.66,233049765328.66,191.03,3.713556653456,1219964222,1219964222,19.29095949,22.32680695,6.88243845,32.25565028,23.42800163,6.53467374,1.10094376,2024-10-18 00:00:00
600809,600809.SH,山西汾酒,10634767,069001001001,016165,白酒Ⅱ,1277,235623889837.08,235623889837.08,193.14,1.104538554154,1219964222,1219964222,19.50403558,22.57341514,6.95845763,32.61192637,23.68677294,6.60685173,1.11310411,2024-10-21 00:00:00
600809,600809.SH,山西汾酒,10634767,069001001001,016165,白酒Ⅱ,1277,239112987512,239112987512,196,1.480791135964,1219964222,1219964222,19.79284961,22.90768027,7.06149786,33.09484089,24.03752458,6.7046854,1.12958686,2024-10-22 00:00:00
600809,600809.SH,山西汾酒,10634767,069001001001,016165,白酒Ⅱ,1277,242797279462.44,242797279462.44,199.02,1.540816326531,1219964222,1219964222,20.09782107,23.26064555,7.17030257,33.6047716,24.40789868,6.80799229,1.14699171,2024-10-23 00:00:00
600809,600809.SH,山西汾酒,10634767,069001001001,016165,白酒Ⅱ,1277,235148103790.5,235148103790.5,192.75,-3.150437141996,1219964222,1219964222,19.46465185,22.52783353,6.94440669,32.54607439,23.63894317,6.59351077,1.11085646,2024-10-24 00:00:00
600809,600809.SH,山西汾酒,10634767,069001001001,016165,白酒Ⅱ,1277,237893023290,237893023290,195,1.167315175097,1219964222,1219964222,19.69186568,22.79080435,7.02546981,32.92598966,23.91488414,6.67047782,1.12382366,2024-10-25 00:00:00
600809,600809.SH,山西汾酒,10634767,069001001001,016165,白酒Ⅱ,1277,249446084472.34,249446084472.34,204.47,4.85641025641,1219964222,1219964222,20.64818347,23.89761931,7.36665544,34.5250108,25.07628903,6.99442359,1.17840114,2024-10-28 00:00:00
600809,600809.SH,山西汾酒,10634767,069001001001,016165,白酒Ⅱ,1277,248067524901.48,248067524901.48,203.34,-0.552648310266,1219964222,1219964222,20.53407163,23.76554952,7.32594375,34.33420891,24.93770534,6.95576903,1.17188873,2024-10-29 00:00:00
600809,600809.SH,山西汾酒,10634767,069001001001,016165,白酒Ⅱ,1277,240454948156.2,240454948156.2,197.1,-3.068751844202,1219964222,1219964222,19.90393193,23.03624378,7.10112871,33.28057724,24.17242905,6.74231374,1.13592637,2024-10-30 00:00:00
600809,600809.SH,山西汾酒,10634767,069001001001,016165,白酒Ⅱ,1277,245090812199.8,245090812199.8,200.9,1.927955352613,1219964222,1219964222,19.83435509,23.48037227,7.2380353,33.92221191,21.58186812,6.70716919,1.15782653,2024-10-31 00:00:00
600809,600809.SH,山西汾酒,10634767,069001001001,016165,白酒Ⅱ,1277,254679730984.72,254679730984.72,208.76,3.912394225983,1219964222,1219964222,20.61035325,24.399017,7.52121578,35.24938257,22.42623588,6.96958009,1.20312526,2024-11-01 00:00:00
600809,600809.SH,山西汾酒,10634767,069001001001,016165,白酒Ⅱ,1277,256070490197.8,256070490197.8,209.9,0.546081624832,1219964222,1219964222,20.72290261,24.53225555,7.56228776,35.44187297,22.54870144,7.00763968,1.20969531,2024-11-04 00:00:00
600809,600809.SH,山西汾酒,10634767,069001001001,016165,白酒Ⅱ,1277,265696007909.38,265696007909.38,217.79,3.758932825155,1219964222,1219964222,21.50186259,25.45440656,7.84654907,36.77410917,23.39629198,7.27105215,1.25516694,2024-11-05 00:00:00
600809,600809.SH,山西汾酒,10634767,069001001001,016165,白酒Ⅱ,1277,260901548516.92,260901548516.92,213.86,-1.804490564305,1219964222,1219964222,21.11386351,24.99508419,7.70495883,36.11052384,22.9741081,7.1398467,1.23251758,2024-11-06 00:00:00
600809,600809.SH,山西汾酒,10634767,069001001001,016165,白酒Ⅱ,1277,284739649414.8,284739649414.8,233.4,9.136818479379,1219964222,1219964222,23.0429989,27.27883967,8.40894694,39.40987685,25.07321065,7.79220154,1.34513047,2024-11-07 00:00:00
600809,600809.SH,山西汾酒,10634767,069001001001,016165,白酒Ⅱ,1277,275833910594.2,275833910594.2,226.1,-3.127677806341,1219964222,1219964222,22.32228813,26.42564545,8.14594217,38.17726288,24.28900141,7.54848658,1.30305912,2024-11-08 00:00:00
600809,600809.SH,山西汾酒,10634767,069001001001,016165,白酒Ⅱ,1277,275711914172,275711914172,226,-0.044228217603,1219964222,1219964222,22.31241538,26.41395786,8.14233937,38.16037776,24.27825881,7.54514802,1.3024828,2024-11-11 00:00:00
600809,600809.SH,山西汾酒,10634767,069001001001,016165,白酒Ⅱ,1277,270832057284,270832057284,222,-1.769911504425,1219964222,1219964222,21.91750538,25.94645418,7.99822716,37.48497284,23.84855512,7.41160557,1.27943001,2024-11-12 00:00:00
600809,600809.SH,山西汾酒,10634767,069001001001,016165,白酒Ⅱ,1277,272088620432.66,272088620432.66,223.03,0.463963963964,1219964222,1219964222,22.0191947,26.06683638,8.03533606,37.65888961,23.95920382,7.44599275,1.2853661,2024-11-13 00:00:00
600809,600809.SH,山西汾酒,10634767,069001001001,016165,白酒Ⅱ,1277,269868285548.62,269868285548.62,221.21,-0.816033717437,1219964222,1219964222,21.83951065,25.8541222,7.969765,37.35158037,23.76368864,7.38523094,1.27487708,2024-11-14 00:00:00
600809,600809.SH,山西汾酒,10634767,069001001001,016165,白酒Ⅱ,1277,264512642614.04,264512642614.04,216.82,-1.984539577777,1219964222,1219964222,21.40609692,25.34103692,7.81160186,36.61032347,23.29208883,7.23866811,1.24957664,2024-11-15 00:00:00
600809,600809.SH,山西汾酒,10634767,069001001001,016165,白酒Ⅱ,1277,259754782148.24,259754782148.24,212.92,-1.7987270547,1219964222,1219964222,21.02105966,24.88522083,7.67109247,35.95180368,22.87312773,7.10846423,1.22710017,2024-11-18 00:00:00
600809,600809.SH,山西汾酒,10634767,069001001001,016165,白酒Ⅱ,1277,255057919893.54,255057919893.54,209.07,-1.80819086981,1219964222,1219964222,20.64095878,24.43524854,7.53238447,35.30172645,22.45953792,6.97992963,1.20491186,2024-11-19 00:00:00
600809,600809.SH,山西汾酒,10634767,069001001001,016165,白酒Ⅱ,1277,256192486620,256192486620,210,0.444827091405,1219964222,1219964222,20.73277536,24.54394314,7.56589056,35.45875809,22.55944403,7.01097825,1.21027163,2024-11-20 00:00:00
600809,600809.SH,山西汾酒,10634767,069001001001,016165,白酒Ⅱ,1277,254338141002.56,254338141002.56,208.48,-0.72380952381,1219964222,1219964222,20.58270955,24.36629175,7.51112792,35.20210422,22.39615663,6.96023212,1.20151157,2024-11-21 00:00:00
600809,600809.SH,山西汾酒,10634767,069001001001,016165,白酒Ⅱ,1277,243260865866.8,243260865866.8,199.4,-4.355333844973,1219964222,1219964222,19.68626384,23.30505839,7.18399323,33.66893506,21.42072924,6.65709077,1.14918173,2024-11-22 00:00:00
600809,600809.SH,山西汾酒,10634767,069001001001,016165,白酒Ⅱ,1277,241235725258.28,241235725258.28,197.74,-0.832497492477,1219964222,1219964222,19.52237619,23.11104437,7.12418666,33.38864202,21.2424022,6.60167066,1.13961482,2024-11-25 00:00:00
600809,600809.SH,山西汾酒,10634767,069001001001,016165,白酒Ⅱ,1277,245212808622,245212808622,201,1.648629513503,1219964222,1219964222,19.84422784,23.49205987,7.24163811,33.93909703,21.59261071,6.71050775,1.15840285,2024-11-26 00:00:00
600809,600809.SH,山西汾酒,10634767,069001001001,016165,白酒Ⅱ,1277,246920758532.8,246920758532.8,202.4,0.696517412935,1219964222,1219964222,19.98244634,23.65568615,7.29207738,34.17548875,21.74300701,6.7572476,1.16647132,2024-11-27 00:00:00
600809,600809.SH,山西汾酒,10634767,069001001001,016165,白酒Ⅱ,1277,244883418282.06,244883418282.06,200.73,-0.825098814229,1219964222,1219964222,19.81757142,23.46050337,7.23191053,33.8935072,21.56360571,6.70149363,1.15684678,2024-11-28 00:00:00
600809,600809.SH,山西汾酒,10634767,069001001001,016165,白酒Ⅱ,1277,248494512379.18,248494512379.18,203.69,1.474617645594,1219964222,1219964222,20.10980482,23.80645609,7.33855356,34.39330684,21.88158645,6.80031504,1.17390585,2024-11-29 00:00:00
600809,600809.SH,山西汾酒,10634767,069001001001,016165,白酒Ⅱ,1277,245786191806.34,245786191806.34,201.47,-1.089891501792,1219964222,1219964222,19.89062977,23.54699155,7.25857129,34.01845711,21.6431009,6.72619899,1.16111155,2024-12-02 00:00:00
600809,600809.SH,山西汾酒,10634767,069001001001,016165,白酒Ⅱ,1277,244188038675.52,244188038675.52,200.16,-0.650220876557,1219964222,1219964222,19.76129674,23.39388409,7.21137455,33.797262,21.50237294,6.68246384,1.15356176,2024-12-03 00:00:00
600809,600809.SH,山西汾酒,10634767,069001001001,016165,白酒Ⅱ,1277,243541457637.86,243541457637.86,199.63,-0.264788169464,1219964222,1219964222,19.70897116,23.33193986,7.19227968,33.70777085,21.4454372,6.66476946,1.15050726,2024-12-04 00:00:00
600809,600809.SH,山西汾酒,10634767,069001001001,016165,白酒Ⅱ,1277,242492288406.94,242492288406.94,198.77,-0.430796974403,1219964222,1219964222,19.62406551,23.23142657,7.16129556,33.56255879,21.3530509,6.63605784,1.14555091,2024-12-05 00:00:00
600809,600809.SH,山西汾酒,10634767,069001001001,016165,白酒Ⅱ,1277,244005044042.22,244005044042.22,200.01,0.62383659506,1219964222,1219964222,19.74648761,23.37635271,7.20597034,33.77193431,21.48625905,6.67745599,1.15269728,2024-12-06 00:00:00
600809,600809.SH,山西汾酒,10634767,069001001001,016165,白酒Ⅱ,1277,244578427226.56,244578427226.56,200.48,0.234988250587,1219964222,1219964222,19.79288954,23.43128439,7.22290352,33.85129439,21.53674923,6.69314723,1.15540598,2024-12-09 00:00:00
600809,600809.SH,山西汾酒,10634767,069001001001,016165,白酒Ⅱ,1277,250117064794.44,250117064794.44,205.02,2.264565043895,1219964222,1219964222,20.2411124,23.96190106,7.38647087,34.61787897,22.02446293,6.8447179,1.1815709,2024-12-10 00:00:00
600809,600809.SH,山西汾酒,10634767,069001001001,016165,白酒Ⅱ,1277,249946269803.36,249946269803.36,204.88,-0.068286020876,1219964222,1219964222,20.22729055,23.94553843,7.38142694,34.5942398,22.0094233,6.84004392,1.18076406,2024-12-11 00:00:00
600809,600809.SH,山西汾酒,10634767,069001001001,016165,白酒Ⅱ,1277,256168087335.56,256168087335.56,209.98,2.489262007029,1219964222,1219964222,20.73080081,24.54160563,7.56517,35.45538107,22.55729551,7.01031053,1.21015637,2024-12-12 00:00:00
600809,600809.SH,山西汾酒,10634767,069001001001,016165,白酒Ⅱ,1277,243309664435.68,243309664435.68,199.44,-5.019525669111,1219964222,1219964222,19.69021294,23.30973343,7.18543435,33.67568911,21.42502627,6.6584262,1.14941226,2024-12-13 00:00:00
600809,600809.SH,山西汾酒,10634767,069001001001,016165,白酒Ⅱ,1277,237758827225.58,237758827225.58,194.89,-2.281387886081,1219964222,1219964222,19.24100281,22.777948,7.02150672,32.90741602,20.93623832,6.50652167,1.12318971,2024-12-16 00:00:00
600809,600809.SH,山西汾酒,10634767,069001001001,016165,白酒Ⅱ,1277,238295611483.26,238295611483.26,195.33,0.225768382164,1219964222,1219964222,19.28444291,22.8293734,7.03735906,32.98171056,20.98350573,6.52121134,1.12572551,2024-12-17 00:00:00
600809,600809.SH,山西汾酒,10634767,069001001001,016165,白酒Ⅱ,1277,238149215776.62,238149215776.62,195.21,-0.061434495469,1219964222,1219964222,19.27259561,22.81534829,7.0330357,32.96144842,20.97061461,6.51720506,1.12503393,2024-12-18 00:00:00
600809,600809.SH,山西汾酒,10634767,069001001001,016165,白酒Ⅱ,1277,235733686617.06,235733686617.06,193.23,-1.014292300599,1219964222,1219964222,19.07711515,22.58393397,6.96170016,32.62712298,20.75791128,6.45110155,1.1136228,2024-12-19 00:00:00
600809,600809.SH,山西汾酒,10634767,069001001001,016165,白酒Ⅱ,1277,234843112735,234843112735,192.5,-0.377788128137,1219964222,1219964222,19.00504408,22.49861455,6.93539968,32.50386158,20.67949036,6.42673006,1.10941566,2024-12-20 00:00:00
600809,600809.SH,山西汾酒,10634767,069001001001,016165,白酒Ⅱ,1277,229841259424.8,229841259424.8,188.4,-2.12987012987,1219964222,1219964222,18.60026132,22.01942328,6.78768467,31.81157155,20.23904407,6.28984905,1.08578655,2024-12-23 00:00:00
600809,600809.SH,山西汾酒,10634767,069001001001,016165,白酒Ⅱ,1277,231207619353.44,231207619353.44,189.52,0.594479830149,1219964222,1219964222,18.71083612,22.15032431,6.82803609,32.00068492,20.35936111,6.32724094,1.09224133,2024-12-24 00:00:00
600809,600809.SH,山西汾酒,10634767,069001001001,016165,白酒Ⅱ,1277,230426842251.36,230426842251.36,188.88,-0.337695230055,1219964222,1219964222,18.64765052,22.07552372,6.80497814,31.89262014,20.29060852,6.30587415,1.08855288,2024-12-25 00:00:00
600809,600809.SH,山西汾酒,10634767,069001001001,016165,白酒Ⅱ,1277,230487840462.46,230487840462.46,188.93,0.026471833969,1219964222,1219964222,18.6525869,22.08136752,6.80677954,31.9010627,20.29597981,6.30754343,1.08884104,2024-12-26 00:00:00
600809,600809.SH,山西汾酒,10634767,069001001001,016165,白酒Ⅱ,1277,229097081249.38,229097081249.38,187.79,-0.603398083946,1219964222,1219964222,18.54003754,21.94812897,6.76570756,31.7085723,20.17351426,6.26948383,1.082271,2024-12-27 00:00:00
600809,600809.SH,山西汾酒,10634767,069001001001,016165,白酒Ⅱ,1277,226827947796.46,226827947796.46,185.93,-0.990468076042,1219964222,1219964222,18.35640439,21.73073976,6.69869539,31.39450901,19.97370204,6.2073866,1.07155145,2024-12-30 00:00:00
600809,600809.SH,山西汾酒,10634767,069001001001,016165,白酒Ⅱ,1277,224729609334.62,224729609334.62,184.21,-0.925079330931,1219964222,1219964222,18.18659309,18.35593667,6.46632635,18.46234306,19.78892945,6.14996335,1.06163875,2024-12-31 00:00:00
600809,600809.SH,山西汾酒,10634767,069001001001,016165,白酒Ⅱ,1277,217129232231.56,217129232231.56,177.98,-3.382009662885,1219964222,1219964222,17.57152075,17.73513712,6.24763457,17.83794484,19.11966594,5.94197099,630.09376584,2025-01-02 00:00:00
600809,600809.SH,山西汾酒,10634767,069001001001,016165,白酒Ⅱ,1277,217153631516,217153631516,178,0.011237217665,1219964222,1219964222,17.5734953,17.73713006,6.24833663,17.83994933,19.12181446,5.9426387,630.16457085,2025-01-03 00:00:00
600809,600809.SH,山西汾酒,10634767,069001001001,016165,白酒Ⅱ,1277,212517767472.4,212517767472.4,174.2,-2.134831460674,1219964222,1219964222,17.1983308,17.35847222,6.11494517,17.45909648,18.71359595,5.81577338,616.71161934,2025-01-06 00:00:00
600809,600809.SH,山西汾酒,10634767,069001001001,016165,白酒Ⅱ,1277,212200576774.68,212200576774.68,173.94,-0.149253731343,1219964222,1219964222,17.17266164,17.33256406,6.10581839,17.43303812,18.68566521,5.80709312,615.79115424,2025-01-07 00:00:00
600809,600809.SH,山西汾酒,10634767,069001001001,016165,白酒Ⅱ,1277,209309261568.54,209309261568.54,171.57,-1.362538806485,1219964222,1219964222,16.93867747,17.09640114,6.02262424,17.19550621,18.43106577,5.72796923,607.40076079,2025-01-08 00:00:00
600809,600809.SH,山西汾酒,10634767,069001001001,016165,白酒Ⅱ,1277,211188006470.42,211188006470.42,173.11,0.897592819257,1219964222,1219964222,17.09071782,17.24985721,6.07668288,17.34985184,18.59650169,5.77938307,612.8527464,2025-01-09 00:00:00
600809,600809.SH,山西汾酒,10634767,069001001001,016165,白酒Ⅱ,1277,209089668008.58,209089668008.58,171.39,-0.993587892092,1219964222,1219964222,16.92090652,17.07846472,6.0163057,17.17746581,18.41172911,5.72195982,606.76351572,2025-01-10 00:00:00
600809,600809.SH,山西汾酒,10634767,069001001001,016165,白酒Ⅱ,1277,211736990370.32,211736990370.32,173.56,1.266118209931,1219964222,1219964222,17.13514519,17.29469827,6.09247924,17.39495284,18.64484336,5.79440659,614.44585908,2025-01-13 00:00:00
600809,600809.SH,山西汾酒,10634767,069001001001,016165,白酒Ⅱ,1277,220642729190.92,220642729190.92,180.86,4.206038257663,1219964222,1219964222,17.85585596,18.0221199,6.34873125,18.12659121,19.42905261,6.03812155,640.28968699,2025-01-14 00:00:00
600809,600809.SH,山西汾酒,10634767,069001001001,016165,白酒Ⅱ,1277,219898551015.5,219898551015.5,180.25,-0.337277452173,1219964222,1219964222,17.79563218,17.96133535,6.32731841,18.0654543,19.36352279,6.01775633,638.13013425,2025-01-15 00:00:00
600809,600809.SH,山西汾酒,10634767,069001001001,016165,白酒Ⅱ,1277,217519620782.6,217519620782.6,178.3,-1.081830790569,1219964222,1219964222,17.60311355,17.7670241,6.25886753,17.87001666,19.15404224,5.95265439,631.22664597,2025-01-16 00:00:00
600809,600809.SH,山西汾酒,10634767,069001001001,016165,白酒Ⅱ,1277,217836811480.32,217836811480.32,178.56,0.145821648906,1219964222,1219964222,17.6287827,17.79293226,6.26799432,17.89607501,19.18197298,5.96133465,632.14711107,2025-01-17 00:00:00
600809,600809.SH,山西汾酒,10634767,069001001001,016165,白酒Ⅱ,1277,222399477670.6,222399477670.6,182.3,2.094534050179,1219964222,1219964222,17.99802356,18.16561129,6.39927959,18.27091439,19.58374594,6.08619683,645.38764756,2025-01-20 00:00:00
600809,600809.SH,山西汾酒,10634767,069001001001,016165,白酒Ⅱ,1277,219349567115.6,219349567115.6,179.8,-1.371365880417,1219964222,1219964222,17.7512048,17.91649429,6.31152205,18.02035331,19.31518113,6.0027328,636.53702157,2025-01-21 00:00:00
600809,600809.SH,山西汾酒,10634767,069001001001,016165,白酒Ⅱ,1277,215226088045.24,215226088045.24,176.42,-1.879866518354,1219964222,1219964222,17.41750585,17.57968812,6.19287386,17.68159472,18.9520815,5.88988944,624.57097522,2025-01-22 00:00:00
600809,600809.SH,山西汾酒,10634767,069001001001,016165,白酒Ⅱ,1277,216031264431.76,216031264431.76,177.08,0.374107244077,1219964222,1219964222,17.482666,17.645455,6.21604185,17.74774285,19.02298261,5.91192394,626.90754048,2025-01-23 00:00:00
600809,600809.SH,山西汾酒,10634767,069001001001,016165,白酒Ⅱ,1277,211980983214.72,211980983214.72,173.76,-0.492497995648,1219964222,1219964222,17.15489069,17.31462763,6.09949984,17.41499772,18.66632855,5.80108371,615.15390916,2025-01-24 00:00:00
600809,600809.SH,山西汾酒,10634767,069001001001,016165,白酒Ⅱ,1277,209833846184,209833846184,172,-1.012891344383,1219964222,1219964222,16.98113029,17.13924927,6.03771854,17.23860272,18.47725892,5.74232504,608.92306846,2025-01-27 00:00:00
600809,600809.SH,山西汾酒,10634767,069001001001,016165,白酒Ⅱ,1277,207088926684.5,207088926684.5,169.75,-1.308139534884,1219964222,1219964222,16.75899341,16.91504397,5.95873676,17.01309774,18.23555059,5.66720742,600.95750507,2025-02-05 00:00:00
600809,600809.SH,山西汾酒,10634767,069001001001,016165,白酒Ⅱ,1277,209138466577.46,209138466577.46,171.43,0.989690721649,1219964222,1219964222,16.92485562,17.08245059,6.01770982,17.18147479,18.41602614,5.72329524,606.90512574,2025-02-06 00:00:00
600809,600809.SH,山西汾酒,10634767,069001001001,016165,白酒Ⅱ,1277,212261574985.78,212261574985.78,173.99,1.493320888993,1219964222,1219964222,17.17759802,17.3375464,6.10757354,17.43804934,18.69103651,5.8087624,615.96816675,2025-02-07 00:00:00
600809,600809.SH,山西汾酒,10634767,069001001001,016165,白酒Ⅱ,1277,215189489118.58,215189489118.58,176.39,1.379389620093,1219964222,1219964222,17.41454402,17.57669871,6.19182077,17.67858799,18.94885873,5.88888787,624.46476771,2025-02-10 00:00:00
600809,600809.SH,山西汾酒,10634767,069001001001,016165,白酒Ⅱ,1277,213493738850,213493738850,175,-0.788026532116,1219964222,1219964222,17.2773128,17.43818966,6.14302758,17.53927602,18.79953669,5.84248187,619.54381966,2025-02-11 00:00:00
600809,600809.SH,山西汾酒,10634767,069001001001,016165,白酒Ⅱ,1277,219910750657.72,219910750657.72,180.26,3.005714285714,1219964222,1219964222,17.79661946,17.96233182,6.32766944,18.06645655,19.36459705,6.01809018,638.16553675,2025-02-12 00:00:00
600809,600809.SH,山西汾酒,10634767,069001001001,016165,白酒Ⅱ,1277,234757715239.46,234757715239.46,192.43,6.751359147897,1219964222,1219964222,18.99813315,19.17503335,6.75487313,19.28618791,20.67197055,6.42439307,681.25038409,2025-02-13 00:00:00
600809,600809.SH,山西汾酒,10634767,069001001001,016165,白酒Ⅱ,1277,231939597886.64,231939597886.64,190.12,-1.200436522372,1219964222,1219964222,18.77007262,18.94484925,6.67378517,19.05466947,20.42381666,6.3472723,673.07240568,2025-02-14 00:00:00
600809,600809.SH,山西汾酒,10634767,069001001001,016165,白酒Ⅱ,1277,235428695561.56,235428695561.56,192.98,1.504313065432,1219964222,1219964222,19.05243328,19.22983909,6.77417979,19.34131135,20.7310548,6.44275515,683.19752181,2025-02-17 00:00:00
600809,600809.SH,山西汾酒,10634767,069001001001,016165,白酒Ⅱ,1277,229780261213.7,229780261213.7,188.35,-2.399212353612,1219964222,1219964222,18.59532494,18.76847442,6.61165283,18.87727222,20.23367278,6.28817977,666.80616247,2025-02-18 00:00:00
600809,600809.SH,山西汾酒,10634767,069001001001,016165,白酒Ⅱ,1277,231512610408.94,231512610408.94,189.77,0.753915582692,1219964222,1219964222,18.735518,18.90997287,6.66149911,19.01959092,20.38621759,6.33558734,671.83331804,2025-02-19 00:00:00
600809,600809.SH,山西汾酒,10634767,069001001001,016165,白酒Ⅱ,1277,232586178924.3,232586178924.3,190.65,0.463719239079,1219964222,1219964222,18.8223982,18.99766205,6.69238976,19.10778842,20.4807524,6.36496668,674.94873839,2025-02-20 00:00:00
600809,600809.SH,山西汾酒,10634767,069001001001,016165,白酒Ⅱ,1277,235770285543.72,235770285543.72,193.26,1.369000786782,1219964222,1219964222,19.08007698,19.25774019,6.78400863,19.3693742,20.76113406,6.45210312,684.18879193,2025-02-21 00:00:00
600809,600809.SH,山西汾酒,10634767,069001001001,016165,白酒Ⅱ,1277,242663083398.02,242663083398.02,198.91,2.923522715513,1219964222,1219964222,19.63788736,19.8207446,6.98234067,19.93564225,21.36809053,6.64073182,704.19120667,2025-02-24 00:00:00
600809,600809.SH,山西汾酒,10634767,069001001001,016165,白酒Ⅱ,1277,236795055490.2,236795055490.2,194.1,-2.418179075964,1219964222,1219964222,19.16300808,19.34144351,6.81349516,19.45356272,20.85137184,6.48014704,687.16260226,2025-02-25 00:00:00
600809,600809.SH,山西汾酒,10634767,069001001001,016165,白酒Ⅱ,1277,243065671591.28,243065671591.28,199.24,2.648119526018,1219964222,1219964222,19.67046744,19.85362805,6.99392466,19.96871631,21.40354109,6.65174907,705.35948931,2025-02-26 00:00:00
600809,600809.SH,山西汾酒,10634767,069001001001,016165,白酒Ⅱ,1277,249726676243.4,249726676243.4,204.7,2.740413571572,1219964222,1219964222,20.2095196,20.39769956,7.18558712,20.51594172,21.99008663,6.83403451,724.68925648,2025-02-27 00:00:00
600809,600809.SH,山西汾酒,10634767,069001001001,016165,白酒Ⅱ,1277,248482312736.96,248482312736.96,203.68,-0.498290180752,1219964222,1219964222,20.10881755,20.29605983,7.14978205,20.4137128,21.88051219,6.79998119,721.07820107,2025-02-28 00:00:00
600809,600809.SH,山西汾酒,10634767,069001001001,016165,白酒Ⅱ,1277,240296352807.34,240296352807.34,196.97,-3.294383346426,1219964222,1219964222,19.44635601,19.62742982,6.91424082,19.74120685,21.15968424,6.57596374,697.3231209,2025-03-03 00:00:00
600809,600809.SH,山西汾酒,10634767,069001001001,016165,白酒Ⅱ,1277,238978791447.58,238978791447.58,195.89,-0.548306848759,1219964222,1219964222,19.33973031,19.51981127,6.87632956,19.63296446,21.04366424,6.53990728,693.49965047,2025-03-04 00:00:00
600809,600809.SH,山西汾酒,10634767,069001001001,016165,白酒Ⅱ,1277,239857165687.42,239857165687.42,196.61,0.367553218643,1219964222,1219964222,19.41081411,19.59155697,6.90160373,19.70512605,21.12101091,6.56394492,696.04863076,2025-03-05 00:00:00
600809,600809.SH,山西汾酒,10634767,069001001001,016165,白酒Ⅱ,1277,245066412915.36,245066412915.36,200.88,2.171812217079,1219964222,1219964222,19.83238054,20.0170488,7.0514936,20.13308439,21.5797196,6.70650148,711.16549996,2025-03-06 00:00:00
600809,600809.SH,山西汾酒,10634767,069001001001,016165,白酒Ⅱ,1277,250666048694.34,250666048694.34,205.47,2.284946236559,1219964222,1219964222,20.28553977,20.4744276,7.21261644,20.59311454,22.07280459,6.85974143,727.41524929,2025-03-07 00:00:00
600809,600809.SH,山西汾酒,10634767,069001001001,016165,白酒Ⅱ,1277,251324829374.22,251324829374.22,206.01,0.262812089356,1219964222,1219964222,20.33885262,20.52823687,7.23157207,20.64723573,22.13081459,6.87776966,729.3269845,2025-03-10 00:00:00
600809,600809.SH,山西汾酒,10634767,069001001001,016165,白酒Ⅱ,1277,264732236174,264732236174,217,5.334692490656,1219964222,1219964222,21.42386787,21.62335518,7.6173542,21.74870227,23.3114255,7.24467752,768.23433637,2025-03-11 00:00:00
600809,600809.SH,山西汾酒,10634767,069001001001,016165,白酒Ⅱ,1277,261194339930.2,261194339930.2,214.1,-1.336405529954,1219964222,1219964222,21.13755811,21.33437947,7.51555546,21.45805141,22.99989032,7.14785925,757.96761022,2025-03-12 00:00:00
600809,600809.SH,山西汾酒,10634767,069001001001,016165,白酒Ⅱ,1277,263390275529.8,263390275529.8,215.9,0.840728631481,1219964222,1219964222,21.31526762,21.5137437,7.57874089,21.63845539,23.19325698,7.20795335,764.34006094,2025-03-13 00:00:00
600809,600809.SH,山西汾酒,10634767,069001001001,016165,白酒Ⅱ,1277,271869026872.7,271869026872.7,222.85,3.219082908754,1219964222,1219964222,22.00142375,22.20628895,7.82270684,22.33501521,23.93986715,7.43998334,788.9448012,2025-03-14 00:00:00
600809,600809.SH,山西汾酒,10634767,069001001001,016165,白酒Ⅱ,1277,279286409342.46,279286409342.46,228.93,2.72829257348,1219964222,1219964222,22.60168696,22.81214148,8.03613317,22.94437977,24.59301677,7.64296786,810.46952362,2025-03-17 00:00:00
600809,600809.SH,山西汾酒,10634767,069001001001,016165,白酒Ⅱ,1277,274260156747.82,274260156747.82,224.81,-1.799676757087,1219964222,1219964222,22.19492966,22.40159667,7.89150875,22.5314551,24.15042196,7.50541914,795.88369198,2025-03-18 00:00:00
600809,600809.SH,山西汾酒,10634767,069001001001,016165,白酒Ⅱ,1277,271100449412.84,271100449412.84,222.22,-1.152083982029,1219964222,1219964222,21.93922543,22.14351147,7.80059194,22.27187382,23.87218882,7.41895041,786.71444345,2025-03-19 00:00:00
600809,600809.SH,山西汾酒,10634767,069001001001,016165,白酒Ⅱ,1277,266635380360.32,266635380360.32,218.56,-1.647016470165,1219964222,1219964222,21.57788277,21.77880419,7.67211491,21.90505239,23.47900994,7.29675907,773.757127,2025-03-20 00:00:00
600809,600809.SH,山西汾酒,10634767,069001001001,016165,白酒Ⅱ,1277,264732236174,264732236174,217,-0.713762811127,1219964222,1219964222,21.42386787,21.62335518,7.6173542,21.74870227,23.3114255,7.24467752,768.23433637,2025-03-21 00:00:00
600809,600809.SH,山西汾酒,10634767,069001001001,016165,白酒Ⅱ,1277,260096372130.4,260096372130.4,213.2,-1.751152073733,1219964222,1219964222,21.04870336,21.24469735,7.48396275,21.36784942,22.90320699,7.1178122,754.78138486,2025-03-24 00:00:00
600809,600809.SH,山西汾酒,10634767,069001001001,016165,白酒Ⅱ,1277,259217997890.56,259217997890.56,212.48,-0.337711069418,1219964222,1219964222,20.97761956,21.17295165,7.45868858,21.29568782,22.82586032,7.09377456,752.23240458,2025-03-25 00:00:00
600809,600809.SH,山西汾酒,10634767,069001001001,016165,白酒Ⅱ,1277,259657185010.48,259657185010.48,212.84,0.169427710843,1219964222,1219964222,21.01316146,21.2088245,7.47132566,21.33176862,22.86453365,7.10579338,753.50689472,2025-03-26 00:00:00
600809,600809.SH,山西汾酒,10634767,069001001001,016165,白酒Ⅱ,1277,265549612202.74,265549612202.74,217.67,2.269310280023,1219964222,1219964222,21.49001529,21.69011854,7.64087322,21.81585264,23.38340087,7.26704588,770.60630414,2025-03-27 00:00:00
600809,600809.SH,山西汾酒,10634767,069001001001,016165,白酒Ⅱ,1277,264988428660.62,264988428660.62,217.21,-0.211329076124,1219964222,1219964222,21.44460064,21.64428101,7.62472584,21.7697494,23.33398494,7.2516885,768.97778896,2025-03-28 00:00:00
600809,600809.SH,山西汾酒,10634767,069001001001,016165,白酒Ⅱ,1277,261413933490.16,261413933490.16,214.28,-1.348925003453,1219964222,1219964222,21.15532906,21.35231589,6.808882,21.47609181,23.01922698,7.15386866,758.60485529,2025-03-31 00:00:00
600809,600809.SH,山西汾酒,10634767,069001001001,016165,白酒Ⅱ,1277,259156999679.46,259156999679.46,212.43,-0.863356356169,1219964222,1219964222,20.97268318,21.16796931,6.75009709,21.2906766,22.82048902,7.09210528,752.05539206,2025-04-01 00:00:00
600809,600809.SH,山西汾酒,10634767,069001001001,016165,白酒Ⅱ,1277,259608386441.6,259608386441.6,212.8,0.17417502236,1219964222,1219964222,21.00921236,21.20483863,6.76185407,21.32775964,22.86023662,7.10445796,753.3652847,2025-04-02 00:00:00
600809,600809.SH,山西汾酒,10634767,069001001001,016165,白酒Ⅱ,1277,266135195029.3,266135195029.3,218.15,2.514097744361,1219964222,1219964222,21.53740449,21.737949,6.93185369,21.86396037,23.43496531,7.28307097,772.30562433,2025-04-03 00:00:00
600809,600809.SH,山西汾酒,10634767,069001001001,016165,白酒Ⅱ,1277,264122254063,264122254063,216.5,-0.756360302544,1219964222,1219964222,21.37450412,21.57353178,6.8794239,21.69859005,23.25771254,7.22798472,766.46421118,2025-04-07 00:00:00
600809,600809.SH,山西汾酒,10634767,069001001001,016165,白酒Ⅱ,1277,264122254063,264122254063,216.5,0,1219964222,1219964222,21.37450412,21.57353178,6.8794239,21.69859005,23.25771254,7.22798472,766.46421118,2025-04-08 00:00:00
600809,600809.SH,山西汾酒,10634767,069001001001,016165,白酒Ⅱ,1277,271600634743.86,271600634743.86,222.63,2.831408775982,1219964222,1219964222,21.9797037,22.18436665,7.07420851,22.31296583,23.91623345,7.43263851,788.16594612,2025-04-09 00:00:00
600809,600809.SH,山西汾酒,10634767,069001001001,016165,白酒Ⅱ,1277,270832057284,270832057284,222,-0.28298073036,1219964222,1219964222,21.91750538,22.12158917,7.05418987,22.24982444,23.84855512,7.41160557,785.93558836,2025-04-10 00:00:00
600809,600809.SH,山西汾酒,10634767,069001001001,016165,白酒Ⅱ,1277,269599893419.78,269599893419.78,220.99,-0.454954954955,1219964222,1219964222,21.8177906,22.02094591,7.02209648,22.14859776,23.74005493,7.37788611,782.35993546,2025-04-11 00:00:00
600809,600809.SH,山西汾酒,10634767,069001001001,016165,白酒Ⅱ,1277,263146282685.4,263146282685.4,215.7,-2.393773473913,1219964222,1219964222,21.29552212,21.49381434,6.8540034,21.6184105,23.1717718,7.20127623,763.63201086,2025-04-14 00:00:00
600809,600809.SH,山西汾酒,10634767,069001001001,016165,白酒Ⅱ,1277,262731494849.92,262731494849.92,215.36,-0.15762633287,1219964222,1219964222,21.26195476,21.45993443,6.84319968,21.5843342,23.13524698,7.18992512,762.42832572,2025-04-15 00:00:00
600809,600809.SH,山西汾酒,10634767,069001001001,016165,白酒Ⅱ,1277,266220592524.84,266220592524.84,218.22,1.328008915305,1219964222,1219964222,21.54431542,21.74492427,6.93407798,21.87097608,23.44248512,7.28540797,772.55344186,2025-04-16 00:00:00
600809,600809.SH,山西汾酒,10634767,069001001001,016165,白酒Ⅱ,1277,273149989305.8,273149989305.8,223.9,2.602877829713,1219964222,1219964222,22.10508763,22.31091809,7.11456356,22.44025087,24.05266437,7.47503823,792.66206412,2025-04-17 00:00:00
600809,600809.SH,山西汾酒,10634767,069001001001,016165,白酒Ⅱ,1277,268501925619.98,268501925619.98,220.09,-1.701652523448,1219964222,1219964222,21.72893585,21.93126379,6.99349841,22.05839577,23.6433716,7.34783906,779.1737101,2025-04-18 00:00:00
600809,600809.SH,山西汾酒,10634767,069001001001,016165,白酒Ⅱ,1277,262158111665.58,262158111665.58,214.89,-2.362669816893,1219964222,1219964222,21.21555284,21.41310044,6.82826514,21.53722871,23.0847568,7.17423388,760.76440803,2025-04-21 00:00:00
600809,600809.SH,山西汾酒,10634767,069001001001,016165,白酒Ⅱ,1277,265891202184.9,265891202184.9,217.95,1.423984364093,1219964222,1219964222,21.51765899,21.71801964,6.92549856,21.84391548,23.41348012,7.27639385,771.59757425,2025-04-22 00:00:00
600809,600809.SH,山西汾酒,10634767,069001001001,016165,白酒Ⅱ,1277,261999516316.72,261999516316.72,214.76,-1.463638449186,1219964222,1219964222,21.20271826,21.40014635,6.8241343,21.52419954,23.07079143,7.16989375,760.30417548,2025-04-23 00:00:00
600809,600809.SH,山西汾酒,10634767,069001001001,016165,白酒Ⅱ,1277,260706354241.4,260706354241.4,213.7,-0.493574222388,1219964222,1219964222,21.09806711,21.29452075,6.79045214,21.41796163,22.95691995,7.13450501,756.55151006,2025-04-24 00:00:00
600809,600809.SH,山西汾酒,10634767,069001001001,016165,白酒Ⅱ,1277,257595445475.3,257595445475.3,211.15,-1.193261581657,1219964222,1219964222,20.84631198,21.04042141,6.70942428,21.16238933,22.68298384,7.0493717,747.52387155,2025-04-25 00:00:00
600809,600809.SH,山西汾酒,10634767,069001001001,016165,白酒Ⅱ,1277,255594704151.22,255594704151.22,209.51,-0.776699029126,1219964222,1219964222,20.68439888,20.87700066,6.65731225,20.99802125,22.50680533,6.9946193,741.71786089,2025-04-28 00:00:00
600809,600809.SH,山西汾酒,10634767,069001001001,016165,白酒Ⅱ,1277,247640537423.78,247640537423.78,202.99,-3.112023292444,1219964222,1219964222,20.04069557,20.22730354,6.45013514,20.34455794,21.8063883,6.77694511,718.6354283,2025-04-29 00:00:00
600809,600809.SH,山西汾酒,10634767,069001001001,016165,白酒Ⅱ,1277,248994697710.2,248994697710.2,204.1,0.546824966747,1219964222,1219964222,19.71760128,20.33791149,6.48540609,20.45580706,20.48037722,6.69420954,722.56510624,2025-04-30 00:00:00
600809,600809.SH,山西汾酒,10634767,069001001001,016165,白酒Ⅱ,1277,249287489123.48,249287489123.48,204.34,0.117589416952,1219964222,1219964222,19.74078709,20.36182672,6.49303224,20.47986093,20.50445998,6.70208123,723.41476634,2025-05-06 00:00:00
600809,600809.SH,山西汾酒,10634767,069001001001,016165,白酒Ⅱ,1277,249202091627.94,249202091627.94,204.27,-0.034256631105,1219964222,1219964222,19.73402456,20.35485144,6.49080795,20.47284522,20.49743584,6.69978532,723.16694881,2025-05-07 00:00:00
600809,600809.SH,山西汾酒,10634767,069001001001,016165,白酒Ⅱ,1277,249165492701.28,249165492701.28,204.24,-0.014686444412,1219964222,1219964222,19.73112634,20.35186204,6.48985468,20.46983849,20.4944255,6.69880136,723.0607413,2025-05-08 00:00:00
600809,600809.SH,山西汾酒,10634767,069001001001,016165,白酒Ⅱ,1277,248043125617.04,248043125617.04,203.32,-0.45045045045,1219964222,1219964222,19.64224739,20.26018698,6.4606211,20.37763201,20.40210826,6.66862658,719.80371093,2025-05-09 00:00:00
600809,600809.SH,山西汾酒,10634767,069001001001,016165,白酒Ⅱ,1277,251385827585.32,251385827585.32,206.06,1.347629352744,1219964222,1219964222,19.90695208,20.53321921,6.54768632,20.65224696,20.67705306,6.75849495,729.50399702,2025-05-12 00:00:00
600809,600809.SH,山西汾酒,10634767,069001001001,016165,白酒Ⅱ,1277,250592850841.02,250592850841.02,205.41,-0.315442104241,1219964222,1219964222,19.84415717,20.46844879,6.52703216,20.58710107,20.61182893,6.73717581,727.20283426,2025-05-13 00:00:00
600809,600809.SH,山西汾酒,10634767,069001001001,016165,白酒Ⅱ,1277,257046461575.4,257046461575.4,210.7,2.575337130617,1219964222,1219964222,20.35521112,20.99558035,6.69512525,21.11728833,21.14265302,6.9106808,745.93075887,2025-05-14 00:00:00
600809,600809.SH,山西汾酒,10634767,069001001001,016165,白酒Ⅱ,1277,255582504509,255582504509,209.5,-0.569530137636,1219964222,1219964222,20.23928206,20.8760042,6.65699449,20.99701901,21.02223923,6.87132239,741.68245839,2025-05-15 00:00:00
600809,600809.SH,山西汾酒,10634767,069001001001,016165,白酒Ⅱ,1277,250092665510,250092665510,205,-2.147971360382,1219964222,1219964222,19.80454808,20.4275936,6.51400416,20.54600906,20.57068756,6.72372835,725.7513316,2025-05-16 00:00:00
600809,600809.SH,山西汾酒,10634767,069001001001,016165,白酒Ⅱ,1277,244114840822.2,244114840822.2,200.1,-2.390243902439,1219964222,1219964222,19.33117107,19.93932429,6.35830357,20.05490933,20.07899795,6.56301484,708.40410465,2025-05-19 00:00:00
600809,600809.SH,山西汾酒,10634767,069001001001,016165,白酒Ⅱ,1277,242162898067,242162898067,198.5,-0.7996001999,1219964222,1219964222,19.17659899,19.77988942,6.30746256,19.89455023,19.91844624,6.51053696,702.73970401,2025-05-20 00:00:00
600809,600809.SH,山西汾酒,10634767,069001001001,016165,白酒Ⅱ,1277,239796167476.32,239796167476.32,196.56,-0.977329974811,1219964222,1219964222,18.98918034,19.58657463,6.24581784,19.70011483,19.7237773,6.44690753,695.87161824,2025-05-21 00:00:00
600809,600809.SH,山西汾酒,10634767,069001001001,016165,白酒Ⅱ,1277,235465294488.22,235465294488.22,193.01,-1.806064306064,1219964222,1219964222,18.64622353,19.2328285,6.13301435,19.34431809,19.3675532,6.33047224,683.30372933,2025-05-22 00:00:00
600809,600809.SH,山西汾酒,10634767,069001001001,016165,白酒Ⅱ,1277,234233130624,234233130624,192,-0.523288948759,1219964222,1219964222,18.5486499,19.13218523,6.10092096,19.24309141,19.26620493,6.29734558,679.72807642,2025-05-23 00:00:00
600809,600809.SH,山西汾酒,10634767,069001001001,016165,白酒Ⅱ,1277,229743662287.04,229743662287.04,188.32,-1.916666666667,1219964222,1219964222,18.19313411,18.76548501,5.98398665,18.87426549,18.896936,6.17664645,666.69995496,2025-05-26 00:00:00
600809,600809.SH,山西汾酒,10634767,069001001001,016165,白酒Ⅱ,1277,229841259424.8,229841259424.8,188.4,0.042480883602,1219964222,1219964222,18.20086272,18.77345676,5.9865287,18.88228344,18.90496359,6.17927035,666.98317499,2025-05-27 00:00:00
600809,600809.SH,山西汾酒,10634767,069001001001,016165,白酒Ⅱ,1277,229353273736,229353273736,188,-0.212314225053,1219964222,1219964222,18.1622197,18.73359804,5.97381844,18.84219367,18.86482566,6.16615088,665.56707483,2025-05-28 00:00:00
600809,600809.SH,山西汾酒,10634767,069001001001,016165,白酒Ⅱ,1277,229084881607.16,229084881607.16,187.78,-0.117021276596,1219964222,1219964222,18.14096604,18.71167574,5.96682781,18.82014429,18.8427498,6.15893517,664.78821974,2025-05-29 00:00:00
600809,600809.SH,山西汾酒,10634767,069001001001,016165,白酒Ⅱ,1277,224839406114.6,224839406114.6,184.3,-1.853232506124,1219964222,1219964222,17.80477176,18.36490488,5.85624861,18.47136326,18.49354984,6.04479578,652.46814836,2025-05-30 00:00:00
600809,600809.SH,山西汾酒,10634767,069001001001,016165,白酒Ⅱ,1277,220935520604.2,220935520604.2,181.1,-1.736299511666,1219964222,1219964222,17.49562759,18.04603513,5.7545666,18.15064507,18.17244642,5.93984002,641.13934708,2025-06-03 00:00:00
600809,600809.SH,山西汾酒,10634767,069001001001,016165,白酒Ⅱ,1277,218593189297.96,218593189297.96,179.18,-1.060187741579,1219964222,1219964222,17.31014109,17.85471328,5.69355739,17.95821416,17.97978437,5.87686657,634.34206632,2025-06-04 00:00:00
600809,600809.SH,山西汾酒,10634767,069001001001,016165,白酒Ⅱ,1277,223107056919.36,223107056919.36,182.88,2.064962607434,1219964222,1219964222,17.66758903,18.22340643,5.81112722,18.32904457,18.3510602,5.99822166,647.44099279,2025-06-05 00:00:00
600809,600809.SH,山西汾酒,10634767,069001001001,016165,白酒Ⅱ,1277,221557702357.42,221557702357.42,181.61,-0.694444444444,1219964222,1219964222,17.54489744,18.096855,5.77077217,18.20175953,18.22362228,5.95656735,642.94487479,2025-06-06 00:00:00
600809,600809.SH,山西汾酒,10634767,069001001001,016165,白酒Ⅱ,1277,216982836524.92,216982836524.92,177.86,-2.064864269589,1219964222,1219964222,17.18261913,17.7231795,5.65161356,17.82591791,17.84732921,5.83357231,629.6689358,2025-06-09 00:00:00
600809,600809.SH,山西汾酒,10634767,069001001001,016165,白酒Ⅱ,1277,215714073734.04,215714073734.04,176.82,-0.584729562577,1219964222,1219964222,17.08214727,17.61954683,5.6185669,17.72168449,17.7429706,5.79946169,625.98707538,2025-06-10 00:00:00
600809,600809.SH,山西汾酒,10634767,069001001001,016165,白酒Ⅱ,1277,216055663716.2,216055663716.2,177.1,0.158353127474,1219964222,1219964222,17.10919739,17.64744794,5.62746408,17.74974734,17.77106715,5.80864532,626.97834549,2025-06-11 00:00:00
600809,600809.SH,山西汾酒,10634767,069001001001,016165,白酒Ⅱ,1277,212090779994.7,212090779994.7,173.85,-1.835121400339,1219964222,1219964222,16.79522284,17.32359584,5.52419328,17.42401792,17.4449465,5.70204963,615.4725317,2025-06-12 00:00:00
600809,600809.SH,山西汾酒,10634767,069001001001,016165,白酒Ⅱ,1277,208735878384.2,208735878384.2,171.1,-1.581823410986,1219964222,1219964222,16.52955208,17.04956715,5.4368103,17.14840073,17.16899825,5.61185327,605.7368431,2025-06-13 00:00:00
600809,600809.SH,山西汾酒,10634767,069001001001,016165,白酒Ⅱ,1277,210102238312.84,210102238312.84,172.22,0.654587960257,1219964222,1219964222,16.63775253,17.16117156,5.472399,17.2606521,17.28138444,5.64858779,609.70192355,2025-06-16 00:00:00
600809,600809.SH,山西汾酒,10634767,069001001001,016165,白酒Ⅱ,1277,213188747794.5,213188747794.5,174.75,1.469051213564,1219964222,1219964222,16.88216964,17.41327796,5.55279135,17.51421991,17.53525683,5.73156844,618.65875706,2025-06-17 00:00:00
600809,600809.SH,山西汾酒,10634767,069001001001,016165,白酒Ⅱ,1277,216482651193.9,216482651193.9,177.45,1.545064377682,1219964222,1219964222,17.14301003,17.68232432,5.63858555,17.78482589,17.80618784,5.82012486,628.21743313,2025-06-18 00:00:00
600809,600809.SH,山西汾酒,10634767,069001001001,016165,白酒Ⅱ,1277,215445681605.2,215445681605.2,176.6,-0.479008171316,1219964222,1219964222,17.06089361,17.59762454,5.61157626,17.69963512,17.72089474,5.79224598,625.20822029,2025-06-19 00:00:00
600809,600809.SH,山西汾酒,10634767,069001001001,016165,白酒Ⅱ,1277,223790236883.68,223790236883.68,183.44,3.873159682899,1219964222,1219964222,17.72168926,18.27920864,5.82892157,18.38517025,18.40725329,6.01658892,649.42353302,2025-06-20 00:00:00
600809,600809.SH,山西汾酒,10634767,069001001001,016165,白酒Ⅱ,1277,216799841891.62,216799841891.62,177.71,-3.123637156563,1219964222,1219964222,17.16812799,17.70823248,5.64684721,17.81088424,17.83227749,5.82865251,629.13789824,2025-06-23 00:00:00
600809,600809.SH,山西汾酒,10634767,069001001001,016165,白酒Ⅱ,1277,218849381784.58,218849381784.58,179.39,0.94536041866,1219964222,1219964222,17.33042868,17.87563911,5.70023027,17.97926129,18.00085678,5.88375429,635.0855189,2025-06-24 00:00:00
600809,600809.SH,山西汾酒,10634767,069001001001,016165,白酒Ⅱ,1277,218129602893.6,218129602893.6,178.8,-0.328892357434,1219964222,1219964222,17.27343022,17.81684749,5.68148265,17.92012887,17.94165334,5.86440307,632.99677117,2025-06-25 00:00:00
600809,600809.SH,山西汾酒,10634767,069001001001,016165,白酒Ⅱ,1277,219166572482.3,219166572482.3,179.65,0.475391498881,1219964222,1219964222,17.35554664,17.90154727,5.70849193,18.00531964,18.02694644,5.89228194,636.00598401,2025-06-26 00:00:00
600809,600809.SH,山西汾酒,10634767,069001001001,016165,白酒Ⅱ,1277,215274886614.12,215274886614.12,176.46,-1.775674923462,1219964222,1219964222,17.04736855,17.58367399,5.60712767,17.6856037,17.70684647,5.78765417,624.71258524,2025-06-27 00:00:00
600809,600809.SH,山西汾酒,10634767,069001001001,016165,白酒Ⅱ,1277,215189489118.58,215189489118.58,176.39,-0.039669046809,1219964222,1219964222,17.04060602,17.57669871,5.99934394,17.67858799,17.69982233,5.78535826,624.46476771,2025-06-30 00:00:00
600809,600809.SH,山西汾酒,10634767,069001001001,016165,白酒Ⅱ,1277,212786159601.24,212786159601.24,174.42,-1.116843358467,1219964222,1219964222,16.85028915,17.38039452,5.93234066,17.48114585,17.50214304,5.72074487,617.49047443,2025-07-01 00:00:00
600809,600809.SH,山西汾酒,10634767,069001001001,016165,白酒Ⅱ,1277,214250116667.64,214250116667.64,175.62,0.687994496044,1219964222,1219964222,16.96621821,17.49997068,5.97315484,17.60141517,17.62255682,5.76010328,621.7387749,2025-07-02 00:00:00
600809,600809.SH,山西汾酒,10634767,069001001001,016165,白酒Ⅱ,1277,214250116667.64,214250116667.64,175.62,0,1219964222,1219964222,16.96621821,17.49997068,5.97315484,17.60141517,17.62255682,5.76010328,621.7387749,2025-07-03 00:00:00
600809,600809.SH,山西汾酒,10634767,069001001001,016165,白酒Ⅱ,1277,214347713805.4,214347713805.4,175.7,0.045552898303,1219964222,1219964222,16.97394681,17.50794242,5.97587578,17.60943313,17.63058441,5.76272718,622.02199494,2025-07-04 00:00:00
600809,600809.SH,山西汾酒,10634767,069001001001,016165,白酒Ⅱ,1277,210431628652.78,210431628652.78,172.49,0.226612434631,1219964222,1219964222,16.66383657,17.1880762,5.86669786,17.28771269,17.30847754,5.65744343,610.65779116,2025-07-07 00:00:00
600809,600809.SH,山西汾酒,10634767,069001001001,016165,白酒Ⅱ,1277,214591706649.8,214591706649.8,175.9,1.97692619862,1219964222,1219964222,16.99326832,17.52787178,5.98267815,17.62947801,17.65065337,5.76928691,622.73004502,2025-07-08 00:00:00
600809,600809.SH,山西汾酒,10634767,069001001001,016165,白酒Ⅱ,1277,217495221498.16,217495221498.16,178.28,1.353041500853,1219964222,1219964222,17.2231943,17.76503116,6.06362627,17.86801217,17.88947404,5.84734776,631.15584096,2025-07-09 00:00:00
600809,600809.SH,山西汾酒,10634767,069001001001,016165,白酒Ⅱ,1277,217812412195.88,217812412195.88,178.54,0.145838007628,1219964222,1219964222,17.24831226,17.79093933,6.07246934,17.89407052,17.91556369,5.85587541,632.07630607,2025-07-10 00:00:00
600809,600809.SH,山西汾酒,10634767,069001001001,016165,白酒Ⅱ,1277,216531449762.78,216531449762.78,177.49,-0.588103506217,1219964222,1219964222,17.14687433,17.68631019,6.03675693,17.78883486,17.81020163,5.8214368,628.35904315,2025-07-11 00:00:00
600809,600809.SH,山西汾酒,10634767,069001001001,016165,白酒Ⅱ,1277,217117032589.34,217117032589.34,177.97,0.270437771142,1219964222,1219964222,17.19324596,17.73414065,6.0530826,17.83694259,17.85836714,5.83718017,630.05836334,2025-07-14 00:00:00
600809,600809.SH,山西汾酒,10634767,069001001001,016165,白酒Ⅱ,1277,212773959959.02,212773959959.02,174.41,-2.000337135472,1219964222,1219964222,16.84932307,17.37939805,5.93200054,17.48014361,17.50113959,5.72041689,617.45507192,2025-07-15 00:00:00
600809,600809.SH,山西汾酒,10634767,069001001001,016165,白酒Ⅱ,1277,214237917025.42,214237917025.42,175.61,0.688033943008,1219964222,1219964222,16.96525213,17.49897421,5.97281472,17.60041293,17.62155337,5.7597753,621.7033724,2025-07-16 00:00:00
600809,600809.SH,山西汾酒,10634767,069001001001,016165,白酒Ⅱ,1277,214799100567.54,214799100567.54,176.07,0.261944080633,1219964222,1219964222,17.00969161,17.54481174,5.98846016,17.64651617,17.66771199,5.77486269,623.33188758,2025-07-17 00:00:00
600809,600809.SH,山西汾酒,10634767,069001001001,016165,白酒Ⅱ,1277,220935520604.2,220935520604.2,181.1,2.856818310899,1219964222,1219964222,17.49562759,18.04603513,6.15953958,18.15064507,18.17244642,5.93984002,641.13934708,2025-07-18 00:00:00
600809,600809.SH,山西汾酒,10634767,069001001001,016165,白酒Ⅱ,1277,219947349584.38,219947349584.38,180.29,-0.447266703479,1219964222,1219964222,17.41737548,17.96532122,6.13199001,18.06946328,18.09116712,5.91327309,638.27174426,2025-07-21 00:00:00
600809,600809.SH,山西汾酒,10634767,069001001001,016165,白酒Ⅱ,1277,232744774273.16,232744774273.16,190.78,5.818403682955,1219964222,1219964222,18.43078869,19.01061614,6.48877395,19.1208176,19.14378425,6.25733119,675.40897094,2025-07-22 00:00:00
600809,600809.SH,山西汾酒,10634767,069001001001,016165,白酒Ⅱ,1277,231439412555.62,231439412555.62,189.71,-0.56085543558,1219964222,1219964222,18.32741861,18.90399406,6.4523813,19.01357745,19.0364153,6.22223661,671.62090301,2025-07-23 00:00:00
600809,600809.SH,山西汾酒,10634767,069001001001,016165,白酒Ⅱ,1277,232354385722.12,232354385722.12,190.46,0.39534025618,1219964222,1219964222,18.39987428,18.97872916,6.47789016,19.08874578,19.11167391,6.24683562,674.27609081,2025-07-24 00:00:00
600809,600809.SH,山西汾酒,10634767,069001001001,016165,白酒Ⅱ,1277,226400960318.76,226400960318.76,185.58,-2.562217788512,1219964222,1219964222,17.92842942,18.49245279,6.31191251,18.59965054,18.6219912,6.08677808,656.99966887,2025-07-25 00:00:00
600809,600809.SH,山西汾酒,10634767,069001001001,016165,白酒Ⅱ,1277,223692639745.92,223692639745.92,183.36,-1.196249595862,1219964222,1219964222,17.71396066,18.27123689,6.23640628,18.37715229,18.39922571,6.01396503,649.14031298,2025-07-28 00:00:00
600809,600809.SH,山西汾酒,10634767,069001001001,016165,白酒Ⅱ,1277,223290051552.66,223290051552.66,183.03,-0.17997382199,1219964222,1219964222,17.68208017,18.23835345,6.22518238,18.34407823,18.36611192,6.00314146,647.97203035,2025-07-29 00:00:00
600809,600809.SH,山西汾酒,10634767,069001001001,016165,白酒Ⅱ,1277,225815377492.2,225815377492.2,185.1,1.130962137355,1219964222,1219964222,17.8820578,18.44462232,6.29558684,18.55154281,18.57382569,6.07103472,655.30034868,2025-07-30 00:00:00
600809,600809.SH,山西汾酒,10634767,069001001001,016165,白酒Ⅱ,1277,218373595738,218373595738,179,-3.295515937331,1219964222,1219964222,17.29275173,17.83677685,6.08811477,17.94017376,17.96172231,5.8709628,633.70482125,2025-07-31 00:00:00
600809,600809.SH,山西汾酒,10634767,069001001001,016165,白酒Ⅱ,1277,218263798958.02,218263798958.02,178.91,-0.050279329609,1219964222,1219964222,17.28405705,17.82780864,6.08505371,17.93115356,17.95269127,5.86801092,633.38619871,2025-08-01 00:00:00
600809,600809.SH,山西汾酒,10634767,069001001001,016165,白酒Ⅱ,1277,217397624360.4,217397624360.4,178.2,-0.396847576994,1219964222,1219964222,17.21546569,17.75705942,6.06090532,17.85999421,17.88144645,5.84472386,630.87262093,2025-08-04 00:00:00
600809,600809.SH,山西汾酒,10634767,069001001001,016165,白酒Ⅱ,1277,221167313806.38,221167313806.38,181.29,1.734006734007,1219964222,1219964222,17.51398303,18.06496802,6.16600183,18.16968772,18.19151194,5.94607177,641.81199466,2025-08-05 00:00:00
600809,600809.SH,山西汾酒,10634767,069001001001,016165,白酒Ⅱ,1277,222155484826.2,222155484826.2,182.1,0.446797948039,1219964222,1219964222,17.59223514,18.14568193,6.1935514,18.25086951,18.27279124,5.9726387,644.67959748,2025-08-06 00:00:00
600809,600809.SH,山西汾酒,10634767,069001001001,016165,白酒Ⅱ,1277,221313709513.02,221313709513.02,181.41,-0.378912685338,1219964222,1219964222,17.52557593,18.07692564,6.17008324,18.18171465,18.20355332,5.95000761,642.23682471,2025-08-07 00:00:00
600809,600809.SH,山西汾酒,10634767,069001001001,016165,白酒Ⅱ,1277,218532191086.86,218532191086.86,179.13,-1.256821564412,1219964222,1219964222,17.30531072,17.84973094,6.09253631,17.95320294,17.97476713,5.87522663,634.1650538,2025-08-08 00:00:00
600809,600809.SH,山西汾酒,10634767,069001001001,016165,白酒Ⅱ,1277,227669723109.64,227669723109.64,186.62,4.181320828449,1219964222,1219964222,18.02890128,18.59608546,6.3472848,18.70388395,18.72634981,6.12088871,660.68152928,2025-08-11 00:00:00
600809,600809.SH,山西汾酒,10634767,069001001001,016165,白酒Ⅱ,1277,227889316669.6,227889316669.6,186.8,0.0964526846,1219964222,1219964222,18.04629064,18.61402188,6.35340692,18.72192435,18.74441188,6.12679247,661.31877435,2025-08-12 00:00:00
600809,600809.SH,山西汾酒,10634767,069001001001,016165,白酒Ⅱ,1277,229450870873.76,229450870873.76,188.08,0.6852248394,1219964222,1219964222,18.1699483,18.74156978,6.39694205,18.85021162,18.87285325,6.16877477,665.85029486,2025-08-13 00:00:00
600809,600809.SH,山西汾酒,10634767,069001001001,016165,白酒Ⅱ,1277,228548097349.48,228548097349.48,187.34,-0.393449595917,1219964222,1219964222,18.09845871,18.66783115,6.3717733,18.77604554,18.79859808,6.14450375,663.23050957,2025-08-14 00:00:00
600809,600809.SH,山西汾酒,10634767,069001001001,016165,白酒Ⅱ,1277,230060852984.76,230060852984.76,188.58,0.661898153091,1219964222,1219964222,18.21825208,18.79139318,6.41394795,18.90032384,18.92302566,6.18517411,667.62042006,2025-08-15 00:00:00
600809,600809.SH,山西汾酒,10634767,069001001001,016165,白酒Ⅱ,1277,231537009693.38,231537009693.38,189.79,0.641637501326,1219964222,1219964222,18.33514722,18.91196581,6.45510225,19.02159541,19.04444288,6.22486051,671.90412304,2025-08-18 00:00:00
600809,600809.SH,山西汾酒,10634767,069001001001,016165,白酒Ⅱ,1277,236343668728.06,236343668728.06,193.73,2.075978713315,1219964222,1219964222,18.71578097,19.30457419,6.5891088,19.41647968,19.43980146,6.35408728,685.85270961,2025-08-19 00:00:00
600809,600809.SH,山西汾酒,10634767,069001001001,016165,白酒Ⅱ,1277,240320752091.78,240320752091.78,196.99,1.682754348836,1219964222,1219964222,19.03072159,19.62942275,6.69998731,19.74321134,19.76692557,6.46101097,697.39392591,2025-08-20 00:00:00
600809,600809.SH,山西汾酒,10634767,069001001001,016165,白酒Ⅱ,1277,237173244399.02,237173244399.02,194.41,-1.30971115285,1219964222,1219964222,18.7814741,19.37233401,6.61223683,19.48463229,19.50803594,6.37639038,688.26007988,2025-08-21 00:00:00
600809,600809.SH,山西汾酒,10634767,069001001001,016165,白酒Ⅱ,1277,239771768191.88,239771768191.88,196.54,1.095622653156,1219964222,1219964222,18.98724819,19.58458169,6.684682,19.69811034,19.7217704,6.44625156,695.80081323,2025-08-22 00:00:00
600809,600809.SH,山西汾酒,10634767,069001001001,016165,白酒Ⅱ,1277,250922241180.96,250922241180.96,205.68,4.650452834029,1219964222,1219964222,19.87024121,20.49535343,6.99554998,20.61416167,20.63892203,6.74603145,728.15870187,2025-08-25 00:00:00
600809,600809.SH,山西汾酒,10634767,069001001001,016165,白酒Ⅱ,1277,253630561753.8,253630561753.8,207.9,1.07934655776,1219964222,1219964222,20.08470997,20.71656932,7.07105621,20.83665992,20.86168753,6.81884451,736.01805775,2025-08-26 00:00:00
600809,600809.SH,山西汾酒,10634767,069001001001,016165,白酒Ⅱ,1277,242699682324.68,242699682324.68,198.94,-4.309764309764,1219964222,1219964222,19.21910631,19.82373401,6.76631035,19.93864898,19.96259796,6.52496838,704.29741419,2025-08-27 00:00:00
600809,600809.SH,山西汾酒,10634767,069001001001,016165,白酒Ⅱ,1277,241077129909.42,241077129909.42,197.61,-0.668543279381,1219964222,1219964222,19.09061827,19.69120377,6.72107464,19.80535048,19.82913936,6.48134614,699.58888116,2025-08-28 00:00:00
600809,600809.SH,山西汾酒,10634767,069001001001,016165,白酒Ⅱ,1277,246457172128.44,246457172128.44,202.02,2.231668437832,1219964222,1219964222,19.97534349,20.13064615,6.87106674,20.24734024,24.10968262,6.6200806,715.20138541,2025-08-29 00:00:00
600809,600809.SH,山西汾酒,10634767,069001001001,016165,白酒Ⅱ,1277,244724822933.2,244724822933.2,200.6,-0.702900702901,1219964222,1219964222,19.83493666,19.98914769,6.82276996,20.10502154,23.9402155,6.57354801,710.17422985,2025-09-01 00:00:00
600809,600809.SH,山西汾酒,10634767,069001001001,016165,白酒Ⅱ,1277,244163639391.08,244163639391.08,200.14,-0.229312063809,1219964222,1219964222,19.78945276,19.94331017,6.80712453,20.0589183,23.88531769,6.55847407,708.54571466,2025-09-02 00:00:00
600809,600809.SH,山西汾酒,10634767,069001001001,016165,白酒Ⅱ,1277,242297094131.42,242297094131.42,198.61,-0.764464874588,1219964222,1219964222,19.63816934,19.79085056,6.75508645,19.90557492,23.70272283,6.50833684,703.12913155,2025-09-03 00:00:00
600809,600809.SH,山西汾酒,10634767,069001001001,016165,白酒Ⅱ,1277,240650142431.72,240650142431.72,197.26,-0.679724082372,1219964222,1219964222,19.50468398,19.65632739,6.7091705,19.77027193,23.54160971,6.46409811,698.34979352,2025-09-04 00:00:00
600809,600809.SH,山西汾酒,10634767,069001001001,016165,白酒Ⅱ,1277,244029443326.66,244029443326.66,200.03,1.404238061442,1219964222,1219964222,19.77857617,19.93234902,6.80338323,20.04789362,23.87218996,6.55486943,708.15628712,2025-09-05 00:00:00
600809,600809.SH,山西汾酒,10634767,069001001001,016165,白酒Ⅱ,1277,248836102361.34,248836102361.34,203.97,1.969704544318,1219964222,1219964222,20.16815569,20.3249574,6.93738978,20.44277789,24.34240157,6.68398099,722.10487369,2025-09-08 00:00:00
600809,600809.SH,山西汾酒,10634767,069001001001,016165,白酒Ⅱ,1277,251056437245.38,251056437245.38,205.79,0.892288081581,1219964222,1219964222,20.34811374,20.50631457,6.99929128,20.62518636,24.55960592,6.74362136,728.54812941,2025-09-09 00:00:00
600809,600809.SH,山西汾酒,10634767,069001001001,016165,白酒Ⅱ,1277,251215032594.24,251215032594.24,205.92,0.063171193936,1219964222,1219964222,20.36096788,20.51926866,7.00371281,20.63821553,24.57512051,6.74788139,729.00836196,2025-09-10 00:00:00
600809,600809.SH,山西汾酒,10634767,069001001001,016165,白酒Ⅱ,1277,253630561753.8,253630561753.8,207.9,0.961538461538,1219964222,1219964222,20.55674642,20.71656932,7.07105621,20.83665992,24.81141975,6.81276486,736.01805775,2025-09-11 00:00:00
600809,600809.SH,山西汾酒,10634767,069001001001,016165,白酒Ⅱ,1277,251629820429.72,251629820429.72,206.26,-0.788840788841,1219964222,1219964222,20.39458642,20.55314857,7.01527683,20.67229184,24.61569715,6.75902299,730.2120471,2025-09-12 00:00:00
600809,600809.SH,山西汾酒,10634767,069001001001,016165,白酒Ⅱ,1277,253569563542.7,253569563542.7,207.85,0.770871715311,1219964222,1219964222,20.55180252,20.71158698,7.06935562,20.83164869,24.8054526,6.81112639,735.84104523,2025-09-15 00:00:00
600809,600809.SH,山西汾酒,10634767,069001001001,016165,白酒Ⅱ,1277,254228344222.58,254228344222.58,208.39,0.259802742362,1219964222,1219964222,20.60519667,20.76539625,7.087722,20.88576989,24.86989784,6.82882188,737.75278045,2025-09-16 00:00:00
600809,600809.SH,山西汾酒,10634767,069001001001,016165,白酒Ⅱ,1277,249421685187.9,249421685187.9,204.45,-1.89068573348,1219964222,1219964222,20.21561715,20.37278787,6.95371545,20.49088562,24.39968623,6.69971032,723.80419388,2025-09-17 00:00:00
600809,600809.SH,山西汾酒,10634767,069001001001,016165,白酒Ⅱ,1277,245212808622,245212808622,201,-1.687454145268,1219964222,1219964222,19.87448788,20.02900641,6.83637469,20.14511132,23.98795272,6.58665578,711.59033001,2025-09-18 00:00:00
600809,600809.SH,山西汾酒,10634767,069001001001,016165,白酒Ⅱ,1277,243992844400,243992844400,200,-0.497512437811,1219964222,1219964222,19.77560983,19.92935961,6.80236287,20.04488688,23.86860967,6.55388635,708.05007961,2025-09-19 00:00:00
600809,600809.SH,山西汾酒,10634767,069001001001,016165,白酒Ⅱ,1277,239112987512,239112987512,196,-2,1219964222,1219964222,19.38009764,19.53077242,6.66631562,19.64398915,23.39123747,6.42280862,693.88907802,2025-09-22 00:00:00
600809,600809.SH,山西汾酒,10634767,069001001001,016165,白酒Ⅱ,1277,236441265865.82,236441265865.82,193.81,-1.117346938776,1219964222,1219964222,19.16355471,19.31254593,6.59182974,19.42449763,23.1298762,6.35104357,686.13592964,2025-09-23 00:00:00
600809,600809.SH,山西汾酒,10634767,069001001001,016165,白酒Ⅱ,1277,237417237243.42,237417237243.42,194.61,0.412775398586,1219964222,1219964222,19.24265715,19.39226337,6.61903919,19.50467718,23.22535064,6.37725911,688.96812996,2025-09-24 00:00:00
600809,600809.SH,山西汾酒,10634767,069001001001,016165,白酒Ⅱ,1277,234721116312.8,234721116312.8,192.4,-1.135604542418,1219964222,1219964222,19.02413666,19.17204395,6.54387308,19.28318118,22.9616025,6.30483867,681.14417658,2025-09-25 00:00:00
600809,600809.SH,山西汾酒,10634767,069001001001,016165,白酒Ⅱ,1277,233208360677.52,233208360677.52,191.16,-0.644490644491,1219964222,1219964222,18.90152788,19.04848192,6.50169843,19.15890288,22.81361712,6.26420457,676.75426609,2025-09-26 00:00:00
600809,600809.SH,山西汾酒,10634767,069001001001,016165,白酒Ⅱ,1277,237344039390.1,237344039390.1,194.55,1.773383553045,1219964222,1219964222,19.23672447,19.38628456,6.61699849,19.49866372,23.21819005,6.37529295,688.75571494,2025-09-29 00:00:00
600809,600809.SH,山西汾酒,10634767,069001001001,016165,白酒Ⅱ,1277,236685258710.22,236685258710.22,194.01,-0.277563608327,1219964222,1219964222,19.18333032,19.33247529,6.10330551,19.44454252,23.15374481,6.35759745,686.84397972,2025-09-30 00:00:00
600809,600809.SH,山西汾酒,10634767,069001001001,016165,白酒Ⅱ,1277,232268988226.58,232268988226.58,190.39,-1.865883201897,1219964222,1219964222,18.82539178,18.97175388,5.98942496,19.08173007,22.72172297,6.23897211,674.02827328,2025-10-09 00:00:00
600809,600809.SH,山西汾酒,10634767,069001001001,016165,白酒Ⅱ,1277,230207248691.4,230207248691.4,188.7,-0.887651662377,1219964222,1219964222,18.65828788,18.8033508,5.93625973,18.91235077,22.52003322,6.18359177,668.04525011,2025-10-10 00:00:00
600809,600809.SH,山西汾酒,10634767,069001001001,016165,白酒Ⅱ,1277,228121109871.78,228121109871.78,186.99,-0.906200317965,1219964222,1219964222,18.48920641,18.63295477,5.88246532,18.74096699,22.31595661,6.12755604,661.99142193,2025-10-13 00:00:00
600809,600809.SH,山西汾酒,10634767,069001001001,016165,白酒Ⅱ,1277,234025736706.26,234025736706.26,191.83,2.588373709824,1219964222,1219964222,18.96777617,19.11524527,6.03472551,19.22605325,22.89357696,6.28616009,679.12623386,2025-10-14 00:00:00
600809,600809.SH,山西汾酒,10634767,069001001001,016165,白酒Ⅱ,1277,235758085901.5,235758085901.5,193.25,0.740238753063,1219964222,1219964222,19.108183,19.25674373,6.07939689,19.36837195,23.06304409,6.33269269,684.15338942,2025-10-15 00:00:00
600809,600809.SH,山西汾酒,10634767,069001001001,016165,白酒Ⅱ,1277,242528887333.6,242528887333.6,198.8,2.871927554981,1219964222,1219964222,19.65695617,19.80978346,6.25399276,19.92461756,23.72539801,6.51456303,703.80177913,2025-10-16 00:00:00
600809,600809.SH,山西汾酒,10634767,069001001001,016165,白酒Ⅱ,1277,238990991089.8,238990991089.8,195.9,-1.458752515091,1219964222,1219964222,19.37020983,19.52080774,6.16276248,19.6339667,23.37930317,6.41953168,693.53505298,2025-10-17 00:00:00
600809,600809.SH,山西汾酒,10634767,069001001001,016165,白酒Ⅱ,1277,233708546008.54,233708546008.54,191.57,-2.210311383359,1219964222,1219964222,18.94206788,19.08933711,6.02654624,19.1999949,22.86254777,6.27764004,678.20576875,2025-10-20 00:00:00
600809,600809.SH,山西汾酒,10634767,069001001001,016165,白酒Ⅱ,1277,231451612197.84,231451612197.84,189.72,-0.96570444224,1219964222,1219964222,18.75914349,18.90499053,5.96834762,19.0145797,22.64176313,6.21701659,671.65630552,2025-10-21 00:00:00
600809,600809.SH,山西汾酒,10634767,069001001001,016165,白酒Ⅱ,1277,229731462644.82,229731462644.82,188.31,-0.743200506009,1219964222,1219964222,18.61972544,18.76448854,5.92399083,18.87326324,22.47348943,6.17081169,666.66455245,2025-10-22 00:00:00
600809,600809.SH,山西汾酒,10634767,069001001001,016165,白酒Ⅱ,1277,231183220069,231183220069,189.5,0.631936700122,1219964222,1219964222,18.73739032,18.88306823,5.9614267,18.99253032,22.61550766,6.20980732,670.87745043,2025-10-23 00:00:00
600809,600809.SH,山西汾酒,10634767,069001001001,016165,白酒Ⅱ,1277,224937003252.36,224937003252.36,184.38,-2.701846965699,1219964222,1219964222,18.23113471,18.37287663,5.80035807,18.47938122,22.00447125,6.04202783,652.75136839,2025-10-24 00:00:00
600809,600809.SH,山西汾酒,10634767,069001001001,016165,白酒Ⅱ,1277,225510386436.7,225510386436.7,184.85,0.254908341469,1219964222,1219964222,18.27760739,18.41971062,5.81514367,18.5264867,22.06056248,6.05742946,654.41528608,2025-10-27 00:00:00
600809,600809.SH,山西汾酒,10634767,069001001001,016165,白酒Ⅱ,1277,228487099138.38,228487099138.38,187.29,1.319989180417,1219964222,1219964222,18.51886983,18.66284881,5.89190294,18.77103432,22.35175952,6.13738687,663.05349705,2025-10-28 00:00:00
600809,600809.SH,山西汾酒,10634767,069001001001,016165,白酒Ⅱ,1277,227608724898.54,227608724898.54,186.57,-0.38443056223,1219964222,1219964222,18.44767763,18.59110312,5.86925266,18.69887273,22.26583253,6.11379288,660.50451676,2025-10-29 00:00:00
600809,600809.SH,山西汾酒,10634767,069001001001,016165,白酒Ⅱ,1277,229365473378.22,229365473378.22,188.01,0.77182826821,1219964222,1219964222,18.59006202,18.73459451,5.91455321,18.84319591,22.43768652,6.16098086,665.60247734,2025-10-30 00:00:00
600809,600809.SH,山西汾酒,10634767,069001001001,016165,白酒Ⅱ,1277,232403184291,232403184291,190.5,1.324397638423,1219964222,1219964222,18.89853224,18.98271503,5.99288542,19.09275476,23.91072323,6.18458576,674.41770083,2025-10-31 00:00:00
600809,600809.SH,山西汾酒,10634767,069001001001,016165,白酒Ⅱ,1277,235575091268.2,235575091268.2,193.1,1.364829396325,1219964222,1219964222,19.15646496,19.24179671,6.07467808,19.35333829,24.23706381,6.2689948,683.62235186,2025-11-03 00:00:00
600809,600809.SH,山西汾酒,10634767,069001001001,016165,白酒Ⅱ,1277,230451241535.8,230451241535.8,188.9,-2.175038839979,1219964222,1219964222,18.73980441,18.82328016,5.94255147,18.93239566,23.70989826,6.13264173,668.75330019,2025-11-04 00:00:00
600809,600809.SH,山西汾酒,10634767,069001001001,016165,白酒Ⅱ,1277,229816860140.36,229816860140.36,188.38,-0.275277924828,1219964222,1219964222,18.68821786,18.77146382,5.92619294,18.88027896,23.64463014,6.11575992,666.91236998,2025-11-05 00:00:00
600809,600809.SH,山西汾酒,10634767,069001001001,016165,白酒Ⅱ,1277,229341074093.78,229341074093.78,187.99,-0.207028346958,1219964222,1219964222,18.64952795,18.73260157,5.91392404,18.84119143,23.59567906,6.10309857,665.53167233,2025-11-06 00:00:00
600809,600809.SH,山西汾酒,10634767,069001001001,016165,白酒Ⅱ,1277,228255305936.2,228255305936.2,187.1,-0.473429437736,1219964222,1219964222,18.5612356,18.64391592,5.88592578,18.75199168,23.48397017,6.0742047,662.38084947,2025-11-07 00:00:00
600809,600809.SH,山西汾酒,10634767,069001001001,016165,白酒Ⅱ,1277,242760680535.78,242760680535.78,198.99,6.354890432924,1219964222,1219964222,19.74078178,19.82871635,6.25996992,19.9436602,24.97635074,6.46021376,704.47442671,2025-11-10 00:00:00
600809,600809.SH,山西汾酒,10634767,069001001001,016165,白酒Ⅱ,1277,243456060142.32,243456060142.32,199.56,0.286446555103,1219964222,1219964222,19.79732857,19.88551502,6.27790138,20.00078813,25.04789464,6.47871882,706.49236943,2025-11-11 00:00:00
600809,600809.SH,山西汾酒,10634767,069001001001,016165,白酒Ⅱ,1277,242187297351.44,242187297351.44,198.52,-0.521146522349,1219964222,1219964222,19.69415548,19.78188235,6.24518432,19.89655472,24.9173584,6.4449552,702.81050902,2025-11-12 00:00:00
600809,600809.SH,山西汾酒,10634767,069001001001,016165,白酒Ⅱ,1277,245212808622,245212808622,201,1.249244408624,1219964222,1219964222,19.94018362,20.02900641,6.32320193,20.14511132,25.22863711,6.52546844,711.59033001,2025-11-13 00:00:00
600809,600809.SH,山西汾酒,10634767,069001001001,016165,白酒Ⅱ,1277,239820566760.76,239820566760.76,196.58,-2.199004975124,1219964222,1219964222,19.50169799,19.58856756,6.18415441,19.70211932,24.67385813,6.38197306,695.94242325,2025-11-14 00:00:00
600809,600809.SH,山西汾酒,10634767,069001001001,016165,白酒Ⅱ,1277,242760680535.78,242760680535.78,198.99,1.225963984129,1219964222,1219964222,19.74078178,19.82871635,6.25996992,19.9436602,24.97635074,6.46021376,704.47442671,2025-11-17 00:00:00
600809,600809.SH,山西汾酒,10634767,069001001001,016165,白酒Ⅱ,1277,240223154954.02,240223154954.02,196.91,-1.045278657219,1219964222,1219964222,19.53443561,19.62145101,6.19453579,19.73519338,24.71527828,6.39268652,697.11070588,2025-11-18 00:00:00
600809,600809.SH,山西汾酒,10634767,069001001001,016165,白酒Ⅱ,1277,238246812914.38,238246812914.38,195.29,-0.822710883145,1219964222,1219964222,19.37372368,19.4600232,6.14357267,19.5728298,24.51194299,6.34009319,691.37550023,2025-11-19 00:00:00
600809,600809.SH,山西汾酒,10634767,069001001001,016165,白酒Ⅱ,1277,235941080534.8,235941080534.8,193.4,-0.96779148958,1219964222,1219964222,19.18622643,19.27169075,6.08411569,19.38340562,24.27471849,6.27873431,684.68442698,2025-11-20 00:00:00
600809,600809.SH,山西汾酒,10634767,069001001001,016165,白酒Ⅱ,1277,235453094846,235453094846,193,-0.206825232678,1219964222,1219964222,19.14654447,19.23183203,6.07153221,19.34331584,24.22451225,6.2657483,683.26832682,2025-11-21 00:00:00
600809,600809.SH,山西汾酒,10634767,069001001001,016165,白酒Ⅱ,1277,234721116312.8,234721116312.8,192.4,-0.310880829016,1219964222,1219964222,19.08702154,19.17204395,6.05265698,19.28318118,24.14920289,6.24626929,681.14417658,2025-11-24 00:00:00
600809,600809.SH,山西汾酒,10634767,069001001001,016165,白酒Ⅱ,1277,235440895203.78,235440895203.78,192.99,0.306652806653,1219964222,1219964222,19.14555242,19.23083556,6.07121762,19.3423136,24.22325709,6.26542365,683.23292432,2025-11-25 00:00:00
600809,600809.SH,山西汾酒,10634767,069001001001,016165,白酒Ⅱ,1277,235819084112.6,235819084112.6,193.3,0.16063008446,1219964222,1219964222,19.17630594,19.26172607,6.08096982,19.37338317,24.26216693,6.27548781,684.33040194,2025-11-26 00:00:00
600809,600809.SH,山西汾酒,10634767,069001001001,016165,白酒Ⅱ,1277,238503005401,238503005401,195.5,1.138127263321,1219964222,1219964222,19.39455671,19.48094902,6.150179,19.59387693,24.53830127,6.34691085,692.11895282,2025-11-27 00:00:00
600809,600809.SH,山西汾酒,10634767,069001001001,016165,白酒Ⅱ,1277,237039048334.6,237039048334.6,194.3,-0.613810741688,1219964222,1219964222,19.27551083,19.36137286,6.11242854,19.47360761,24.38768254,6.30795283,687.87065234,2025-11-28 00:00:00
600809,600809.SH,山西汾酒,10634767,069001001001,016165,白酒Ⅱ,1277,236404666939.16,236404666939.16,193.78,-0.26762738034,1219964222,1219964222,19.22392429,19.30955653,6.09607,19.4214909,24.32241442,6.29107102,686.02972213,2025-12-01 00:00:00
600809,600809.SH,山西汾酒,10634767,069001001001,016165,白酒Ⅱ,1277,234428324899.52,234428324899.52,192.16,-0.835999587161,1219964222,1219964222,19.06321236,19.14812872,6.04510688,19.25912732,24.11907914,6.23847769,680.29451649,2025-12-02 00:00:00
600809,600809.SH,山西汾酒,10634767,069001001001,016165,白酒Ⅱ,1277,228865288047.2,228865288047.2,187.6,-2.373022481266,1219964222,1219964222,18.61083805,18.69373932,5.90165514,18.8021039,23.54672797,6.09043721,664.15097467,2025-12-03 00:00:00
600809,600809.SH,山西汾酒,10634767,069001001001,016165,白酒Ⅱ,1277,221033117741.96,221033117741.96,181.18,-3.422174840085,1219964222,1219964222,17.97394263,18.05400687,5.69969018,18.15866303,22.74091777,5.8820118,641.42256712,2025-12-04 00:00:00
600809,600809.SH,山西汾酒,10634767,069001001001,016165,白酒Ⅱ,1277,222094486615.1,222094486615.1,182.05,0.480185450933,1219964222,1219964222,18.06025089,18.14069959,5.72705926,18.24585829,22.85011635,5.91025637,644.50258496,2025-12-05 00:00:00
600809,600809.SH,山西汾酒,10634767,069001001001,016165,白酒Ⅱ,1277,219776554593.3,219776554593.3,180.15,-1.043669321615,1219964222,1219964222,17.87176159,17.95137067,5.6672877,18.05543186,22.61163669,5.84857283,637.77610921,2025-12-08 00:00:00
600809,600809.SH,山西汾酒,10634767,069001001001,016165,白酒Ⅱ,1277,218715185720.16,218715185720.16,179.28,-0.482930890924,1219964222,1219964222,17.78545333,17.86467796,5.63991862,17.9682366,22.50243812,5.82032827,634.69609136,2025-12-09 00:00:00
600809,600809.SH,山西汾酒,10634767,069001001001,016165,白酒Ⅱ,1277,219361766757.82,219361766757.82,179.81,0.295626952253,1219964222,1219964222,17.83803192,17.91749076,5.65659174,18.02135555,22.56896139,5.83753473,636.57242407,2025-12-10 00:00:00
600809,600809.SH,山西汾酒,10634767,069001001001,016165,白酒Ⅱ,1277,218532191086.86,218532191086.86,179.13,-0.378176964574,1219964222,1219964222,17.7705726,17.84973094,5.63519981,17.95320294,22.48361077,5.81545852,634.1650538,2025-12-11 00:00:00
600809,600809.SH,山西汾酒,10634767,069001001001,016165,白酒Ⅱ,1277,219715556382.2,219715556382.2,180.1,0.541506168704,1219964222,1219964222,17.86680134,17.94638833,5.66571477,18.05042064,22.60536091,5.84694958,637.59909669,2025-12-12 00:00:00
600809,600809.SH,山西汾酒,10634767,069001001001,016165,白酒Ⅱ,1277,219056775702.32,219056775702.32,179.56,-0.299833425875,1219964222,1219964222,17.8132307,17.89257906,5.64872706,17.99629944,22.53758249,5.82941847,635.68736147,2025-12-15 00:00:00
600809,600809.SH,山西汾酒,10634767,069001001001,016165,白酒Ⅱ,1277,216873039744.94,216873039744.94,177.77,-0.996881265315,1219964222,1219964222,17.63565394,17.71421129,5.59241596,17.81689771,22.31290955,5.77130609,629.35031326,2025-12-16 00:00:00
600809,600809.SH,山西汾酒,10634767,069001001001,016165,白酒Ⅱ,1277,216751043322.74,216751043322.74,177.67,-0.056252461045,1219964222,1219964222,17.62573345,17.70424661,5.58927009,17.80687526,22.30035799,5.76805959,628.99628822,2025-12-17 00:00:00
600809,600809.SH,山西汾酒,10634767,069001001001,016165,白酒Ⅱ,1277,216067863358.42,216067863358.42,177.11,-0.315191084595,1219964222,1219964222,17.57017871,17.64844441,5.57165321,17.75074958,22.23006925,5.74987918,627.013748,2025-12-18 00:00:00
600809,600809.SH,山西汾酒,10634767,069001001001,016165,白酒Ⅱ,1277,217885610049.2,217885610049.2,178.6,0.841285077071,1219964222,1219964222,17.717994,17.79691814,5.61852669,17.90008399,22.4170875,5.79825206,632.28872109,2025-12-19 00:00:00
600809,600809.SH,山西汾酒,10634767,069001001001,016165,白酒Ⅱ,1277,217336626149.3,217336626149.3,178.15,-0.25195968645,1219964222,1219964222,17.6733518,17.75207708,5.60437027,17.85498299,22.36060548,5.7836428,630.69560841,2025-12-22 00:00:00
600809,600809.SH,山西汾酒,10634767,069001001001,016165,白酒Ⅱ,1277,216299656560.6,216299656560.6,177.3,-0.477126017401,1219964222,1219964222,17.58902764,17.6673773,5.57763036,17.76979222,22.25391721,5.75604753,627.68639557,2025-12-23 00:00:00
600809,600809.SH,山西汾酒,10634767,069001001001,016165,白酒Ⅱ,1277,214225717383.2,214225717383.2,175.6,-0.958826847152,1219964222,1219964222,17.42037932,17.49797774,5.52415055,17.59941068,22.04054068,5.70085701,621.6679699,2025-12-24 00:00:00
600809,600809.SH,山西汾酒,10634767,069001001001,016165,白酒Ⅱ,1277,217971007544.74,217971007544.74,178.67,1.748291571754,1219964222,1219964222,17.72493835,17.80389341,5.6207288,17.9070997,22.4258736,5.80052461,632.53653862,2025-12-25 00:00:00
600809,600809.SH,山西汾酒,10634767,069001001001,016165,白酒Ⅱ,1277,216787642249.4,216787642249.4,177.7,-0.542900319024,1219964222,1219964222,17.6287096,17.70723602,5.59021385,17.809882,22.30412346,5.76903354,629.10249573,2025-12-26 00:00:00
600809,600809.SH,山西汾酒,10634767,069001001001,016165,白酒Ⅱ,1277,213493738850,213493738850,175,-1.51941474395,1219964222,1219964222,17.36085639,17.43818966,5.50527532,17.53927602,21.96523132,5.68137799,619.54381966,2025-12-29 00:00:00
600809,600809.SH,山西汾酒,10634767,069001001001,016165,白酒Ⅱ,1277,211114808617.1,211114808617.1,173.05,-1.114285714286,1219964222,1219964222,17.16740684,17.24387841,5.44393082,17.34383838,21.72047588,5.61807121,612.64033138,2025-12-30 00:00:00
600809,600809.SH,山西汾酒,10634767,069001001001,016165,白酒Ⅱ,1277,209467856917.4,209467856917.4,171.7,-0.78012135221,1219964222,1219964222,17.03348024,17.1045422,5.28516939,23.2392962,21.55102981,5.57424344,607.86099334,2025-12-31 00:00:00
600809,600809.SH,山西汾酒,10634767,069001001001,016165,白酒Ⅱ,1277,215921467651.78,215921467651.78,176.99,3.080955154339,1219964222,1219964222,17.55827412,17.63152547,5.44800309,23.95528849,22.21500737,5.74598338,626.588917680819,2026-01-05 00:00:00
600809,600809.SH,山西汾酒,10634767,069001001001,016165,白酒Ⅱ,1277,218483392517.98,218483392517.98,179.09,1.1865077123,1219964222,1219964222,17.7666044,17.84072488,5.51264407,24.23951984,22.47859015,5.81415991,634.023443635545,2026-01-06 00:00:00
600809,600809.SH,山西汾酒,10634767,069001001001,016165,白酒Ⅱ,1277,216531449762.78,216531449762.78,177.49,-0.893405550282,1219964222,1219964222,17.60787657,17.68133486,5.4633938,24.02296262,22.27776518,5.76221589,628.359042993102,2026-01-07 00:00:00
600809,600809.SH,山西汾酒,10634767,069001001001,016165,白酒Ⅱ,1277,215323685183,215323685183,176.5,-0.55777790298,1219964222,1219964222,17.50966373,17.58271228,5.4329202,23.88896784,22.15350473,5.73007552,624.85419526733,2026-01-08 00:00:00
600809,600809.SH,山西汾酒,10634767,069001001001,016165,白酒Ⅱ,1277,215384683394.1,215384683394.1,176.55,0.028328611898,1219964222,1219964222,17.51462397,17.58769322,5.43445927,23.89573526,22.15978051,5.73169877,625.031207620127,2026-01-09 00:00:00
600809,600809.SH,山西汾酒,10634767,069001001001,016165,白酒Ⅱ,1277,219386166042.26,219386166042.26,179.83,1.857830642877,1219964222,1219964222,17.84001602,17.91444277,5.53542232,24.33967755,22.5714717,5.83818403,636.643228883607,2026-01-12 00:00:00
600809,600809.SH,山西汾酒,10634767,069001001001,016165,白酒Ⅱ,1277,215909268009.56,215909268009.56,176.98,-1.584830117333,1219964222,1219964222,17.55728208,17.63052928,5.44769528,23.95393501,22.21375222,5.74565873,626.553515495749,2026-01-13 00:00:00
600809,600809.SH,山西汾酒,10634767,069001001001,016165,白酒Ⅱ,1277,214079321676.56,214079321676.56,175.48,-0.847553395864,1219964222,1219964222,17.40847474,17.48110113,5.40152315,23.75091262,22.02547881,5.6969612,621.243139915763,2026-01-14 00:00:00
600809,600809.SH,山西汾酒,10634767,069001001001,016165,白酒Ⅱ,1277,212615364610.16,212615364610.16,174.28,-0.683838614087,1219964222,1219964222,17.28942886,17.36155862,5.36458545,23.58849471,21.87486008,5.65800318,616.994839166283,2026-01-15 00:00:00
600809,600809.SH,山西汾酒,10634767,069001001001,016165,白酒Ⅱ,1277,210285232946.14,210285232946.14,172.37,-1.095937571724,1219964222,1219964222,17.09994752,17.17128677,5.30579294,23.32997953,21.63512527,5.595995,610.232961151401,2026-01-16 00:00:00
600809,600809.SH,山西汾酒,10634767,069001001001,016165,白酒Ⅱ,1277,206613140637.92,206613140637.92,169.36,-1.746243545861,1219964222,1219964222,16.80134079,16.87143428,5.21314087,22.92258127,21.25732329,5.4982753,599.576807449495,2026-01-19 00:00:00
600809,600809.SH,山西汾酒,10634767,069001001001,016165,白酒Ⅱ,1277,208601682319.78,208601682319.78,170.99,0.962446858762,1219964222,1219964222,16.96304476,17.03381287,5.26331459,23.14319893,21.46191373,5.55119328,605.347415360872,2026-01-20 00:00:00
600809,600809.SH,山西汾酒,10634767,069001001001,016165,白酒Ⅱ,1277,203721825431.78,203721825431.78,166.99,-2.339318088777,1219964222,1219964222,16.56622519,16.63533781,5.14018892,22.60180589,20.9598513,5.42133321,591.186413933195,2026-01-21 00:00:00
600809,600809.SH,山西汾酒,10634767,069001001001,016165,白酒Ⅱ,1277,203282638311.86,203282638311.86,166.63,-0.215581771364,1219964222,1219964222,16.53051143,16.59947505,5.1291076,22.55308052,20.91466568,5.4096458,589.911923851096,2026-01-22 00:00:00
600809,600809.SH,山西汾酒,10634767,069001001001,016165,白酒Ⅱ,1277,201001305216.72,201001305216.72,164.76,-1.122246894317,1219964222,1219964222,16.34499828,16.41318796,5.07154635,22.29997927,20.67995149,5.34893622,583.291655647078,2026-01-23 00:00:00
600809,600809.SH,山西汾酒,10634767,069001001001,016165,白酒Ⅱ,1277,200537718812.36,200537718812.36,164.38,-0.230638504491,1219964222,1219964222,16.30730042,16.37533283,5.05984942,22.24854693,20.63225556,5.33659951,581.946360481116,2026-01-26 00:00:00
600809,600809.SH,山西汾酒,10634767,069001001001,016165,白酒Ⅱ,1277,196731430439.72,196731430439.72,161.26,-1.898041124224,1219964222,1219964222,15.99778115,16.06452228,4.96381139,21.82626036,20.24064687,5.23530866,570.900779174822,2026-01-27 00:00:00
600809,600809.SH,山西汾酒,10634767,069001001001,016165,白酒Ⅱ,1277,196768029366.38,196768029366.38,161.29,0.018603497458,1219964222,1219964222,16.00075729,16.06751084,4.96473484,21.83032081,20.24441234,5.23628261,571.006986443755,2026-01-28 00:00:00
600809,600809.SH,山西汾酒,10634767,069001001001,016165,白酒Ⅱ,1277,216446052267.24,216446052267.24,177.42,10.00062000124,1219964222,1219964222,17.60093223,17.67436154,5.4612391,24.01348824,22.26897909,5.75994334,628.111225556441,2026-01-29 00:00:00
600809,600809.SH,山西汾酒,10634767,069001001001,016165,白酒Ⅱ,1277,208626081604.22,208626081604.22,171.01,-3.612895953106,1219964222,1219964222,16.96502886,17.03580525,5.26393021,23.1459059,21.46442404,5.55184258,605.418220444736,2026-01-30 00:00:00
600809,600809.SH,山西汾酒,10634767,069001001001,016165,白酒Ⅱ,1277,211663792517,211663792517,173.5,1.45605520145,1219964222,1219964222,17.21204905,17.28385598,5.34057594,23.48292306,21.7769579,5.63268047,614.233444107357,2026-02-02 00:00:00
600809,600809.SH,山西汾酒,10634767,069001001001,016165,白酒Ⅱ,1277,212700762105.7,212700762105.7,174.35,0.489913544669,1219964222,1219964222,17.29637321,17.36853193,5.36674015,23.59796908,21.88364617,5.66027573,617.242656959807,2026-02-03 00:00:00
600809,600809.SH,山西汾酒,10634767,069001001001,016165,白酒Ⅱ,1277,220301139208.76,220301139208.76,180.58,3.573272153714,1219964222,1219964222,17.91441969,17.98915684,5.55850838,24.44118874,22.66560841,5.86253279,639.2984166736,2026-02-04 00:00:00
600809,600809.SH,山西汾酒,10634767,069001001001,016165,白酒Ⅱ,1277,219849752446.62,219849752446.62,180.21,-0.204895337247,1219964222,1219964222,17.87771388,17.9522979,5.54711926,24.39110989,22.61916763,5.85052073,637.988524049569,2026-02-05 00:00:00
600809,600809.SH,山西汾酒,10634767,069001001001,016165,白酒Ⅱ,1277,213615735272.2,213615735272.2,175.1,-2.835580711392,1219964222,1219964222,17.37077688,17.443246,5.38982621,23.69948028,21.97778288,5.6846245,619.8978447498,2026-02-06 00:00:00
600809,600809.SH,山西汾酒,10634767,069001001001,016165,白酒Ⅱ,1277,213127749583.4,213127749583.4,174.7,-0.228440890919,1219964222,1219964222,17.33109492,17.4033985,5.37751364,23.64534098,21.92757663,5.67163849,618.481744499974,2026-02-09 00:00:00
600809,600809.SH,山西汾酒,10634767,069001001001,016165,白酒Ⅱ,1277,207735507722.16,207735507722.16,170.28,-2.530051516886,1219964222,1219964222,16.89260929,16.96308355,5.24145978,23.04710167,21.37279765,5.52814311,602.833837738606,2026-02-10 00:00:00
600809,600809.SH,山西汾酒,10634767,069001001001,016165,白酒Ⅱ,1277,206979129904.52,206979129904.52,169.66,-0.36410617806,1219964222,1219964222,16.83110225,16.90131991,5.2223753,22.96318575,21.29497797,5.5080148,600.638882280002,2026-02-11 00:00:00
600809,600809.SH,山西汾酒,10634767,069001001001,016165,白酒Ⅱ,1277,202892249760.82,202892249760.82,166.31,-1.974537309914,1219964222,1219964222,16.49876586,16.56759705,5.11925755,22.50976908,20.87450069,5.399257,588.779043579862,2026-02-12 00:00:00
600809,600809.SH,山西汾酒,10634767,069001001001,016165,白酒Ⅱ,1277,202318866576.48,202318866576.48,165.84,-0.282604774217,1219964222,1219964222,16.45213956,16.52077623,5.10479028,22.44615539,20.81550835,5.38399844,587.115125893375,2026-02-13 00:00:00
600809,600809.SH,山西汾酒,10634767,069001001001,016165,白酒Ⅱ,1277,199561747434.76,199561747434.76,163.58,-1.362759286059,1219964222,1219964222,16.2279365,16.29563781,5.03522428,22.14026833,20.53184308,5.3106275,579.114159981463,2026-02-24 00:00:00
600809,600809.SH,山西汾酒,10634767,069001001001,016165,白酒Ⅱ,1277,199976535270.24,199976535270.24,163.92,0.207849370339,1219964222,1219964222,16.26166616,16.32950819,5.04568996,22.18628674,20.57451838,5.32166561,580.317844979698,2026-02-25 00:00:00
600809,600809.SH,山西汾酒,10634767,069001001001,016165,白酒Ⅱ,1277,196877826146.36,196877826146.36,161.38,-1.5495363592,1219964222,1219964222,16.00968573,16.07647653,4.96750516,21.84250216,20.25570874,5.23920446,571.32560896428,2026-02-26 00:00:00
600809,600809.SH,山西汾酒,10634767,069001001001,016165,白酒Ⅱ,1277,196597234375.3,196597234375.3,161.15,-0.142520758458,1219964222,1219964222,15.98686861,16.05356421,4.96042544,21.81137206,20.22684015,5.23173751,570.511351570433,2026-02-27 00:00:00
600809,600809.SH,山西汾酒,10634767,069001001001,016165,白酒Ⅱ,1277,193388728471.44,193388728471.44,158.52,-1.632019857276,1219964222,1219964222,15.72595974,15.79156686,4.87947031,21.45540613,19.8967341,5.14635451,561.20049303449,2026-03-02 00:00:00
600809,600809.SH,山西汾酒,10634767,069001001001,016165,白酒Ⅱ,1277,197243815412.96,197243815412.96,161.68,1.993439313651,1219964222,1219964222,16.0394472,16.10636216,4.97673959,21.88310663,20.29336342,5.24894397,572.387684151649,2026-03-03 00:00:00
600809,600809.SH,山西汾酒,10634767,069001001001,016165,白酒Ⅱ,1277,190314418632,190314418632,156,-3.513112320633,1219964222,1219964222,15.47596341,15.54052756,4.80190114,21.11432852,19.58043477,5.06454267,552.279062102936,2026-03-04 00:00:00
600809,600809.SH,山西汾酒,10634767,069001001001,016165,白酒Ⅱ,1277,190229021136.46,190229021136.46,155.93,-0.044871794872,1219964222,1219964222,15.46901906,15.53355425,4.79974644,21.10485414,19.57164868,5.06227012,552.031244309413,2026-03-05 00:00:00
600809,600809.SH,山西汾酒,10634767,069001001001,016165,白酒Ⅱ,1277,196060450117.62,196060450117.62,160.71,3.065478099147,1219964222,1219964222,15.94321846,16.00973195,4.94688161,21.75181882,20.17161328,5.2174529,568.953641509741,2026-03-06 00:00:00
600809,600809.SH,山西汾酒,10634767,069001001001,016165,白酒Ⅱ,1277,194169505573.52,194169505573.52,159.16,-0.964470163649,1219964222,1219964222,15.78945087,15.85532287,4.89917042,21.54202902,19.97706409,5.16713212,563.466253220095,2026-03-09 00:00:00
600809,600809.SH,山西汾酒,10634767,069001001001,016165,白酒Ⅱ,1277,192376158167.18,192376158167.18,157.69,-0.923598894195,1219964222,1219964222,15.64361968,15.70888328,4.85392173,21.34306708,19.79255615,5.11940855,558.262085265904,2026-03-10 00:00:00
600809,600809.SH,山西汾酒,10634767,069001001001,016165,白酒Ⅱ,1277,191412386431.8,191412386431.8,156.9,-0.500982941214,1219964222,1219964222,15.56524781,15.63018445,4.82960441,21.23614195,19.69339882,5.09376119,555.465287308183,2026-03-11 00:00:00
600809,600809.SH,山西汾酒,10634767,069001001001,016165,白酒Ⅱ,1277,192449356020.5,192449356020.5,157.75,0.541746335245,1219964222,1219964222,15.64957197,15.71486041,4.85576862,21.35118797,19.80008709,5.12135645,558.474500160633,2026-03-12 00:00:00
600809,600809.SH,山西汾酒,10634767,069001001001,016165,白酒Ⅱ,1277,194303701637.94,194303701637.94,159.27,0.963549920761,1219964222,1219964222,15.80036341,15.86628093,4.90255637,21.55691733,19.99087081,5.17070328,563.855680824484,2026-03-13 00:00:00
600809,600809.SH,山西汾酒,10634767,069001001001,016165,白酒Ⅱ,1277,196133647970.94,196133647970.94,160.77,0.941796948578,1219964222,1219964222,15.94917075,16.01570908,4.9487285,21.75993972,20.17914422,5.2194008,569.16605640447,2026-03-16 00:00:00
600809,600809.SH,山西汾酒,10634767,069001001001,016165,白酒Ⅱ,1277,196133647970.94,196133647970.94,160.77,0,1219964222,1219964222,15.94917075,16.01570908,4.9487285,21.75993972,20.17914422,5.2194008,569.16605640447,2026-03-17 00:00:00
600809,600809.SH,山西汾酒,10634767,069001001001,016165,白酒Ⅱ,1277,192986140278.18,192986140278.18,158.19,-1.604777010636,1219964222,1219964222,15.69322212,15.75869266,4.86931244,21.41074121,19.85531395,5.13564106,560.032210221325,2026-03-18 00:00:00
600809,600809.SH,山西汾酒,10634767,069001001001,016165,白酒Ⅱ,1277,190485213623.08,190485213623.08,156.14,-1.295909981668,1219964222,1219964222,15.48985209,15.55447419,4.80621053,21.13327727,19.59800696,5.06908777,552.774696976258,2026-03-19 00:00:00
600809,600809.SH,山西汾酒,10634767,069001001001,016165,白酒Ⅱ,1277,187703695196.92,187703695196.92,153.86,-1.460228000512,1219964222,1219964222,15.26366493,15.3273434,4.7360289,20.82468324,19.31183137,4.99506753,544.702925980482,2026-03-20 00:00:00
600809,600809.SH,山西汾酒,10634767,069001001001,016165,白酒Ⅱ,1277,181677071940.24,181677071940.24,148.92,-3.210711036007,1219964222,1219964222,14.77359276,14.8352267,4.5839687,20.15606284,18.69178427,4.83469035,527.21408917983,2026-03-23 00:00:00
600809,600809.SH,山西汾酒,10634767,069001001001,016165,白酒Ⅱ,1277,181103688755.9,181103688755.9,148.45,-0.315605694333,1219964222,1219964222,14.72696646,14.78840588,4.56950143,20.09244916,18.63279194,4.81943179,525.550171493343,2026-03-24 00:00:00
600809,600809.SH,山西汾酒,10634767,069001001001,016165,白酒Ⅱ,1277,182030861564.62,182030861564.62,149.21,0.511956887841,1219964222,1219964222,14.80236218,14.86411614,4.59289531,20.19531383,18.7281838,4.8441052,528.240761825268,2026-03-25 00:00:00
600809,600809.SH,山西汾酒,10634767,069001001001,016165,白酒Ⅱ,1277,180310712011.6,180310712011.6,147.8,-0.944976878225,1219964222,1219964222,14.66248328,14.72365368,4.54949351,20.00447279,18.55120679,4.79832953,523.249008765806,2026-03-26 00:00:00
600809,600809.SH,山西汾酒,10634767,069001001001,016165,白酒Ⅱ,1277,181115888398.12,181115888398.12,148.46,0.446549391069,1219964222,1219964222,14.72795851,14.78940207,4.56980925,20.09380264,18.63404709,4.81975644,525.585574035275,2026-03-27 00:00:00
600809,600809.SH,山西汾酒,10634767,069001001001,016165,白酒Ⅱ,1277,178944352082.96,178944352082.96,146.68,-1.198976155193,1219964222,1219964222,14.5513738,14.61208066,4.51501832,19.85288274,18.41062931,4.76196871,519.283928351782,2026-03-30 00:00:00
600809,600809.SH,山西汾酒,10634767,069001001001,016165,白酒Ⅱ,1277,174528081599.32,174528081599.32,143.06,-2.467957458413,1219964222,1219964222,14.19225208,14.25146073,3.87641342,19.36292204,17.95626281,4.64444535,506.468221733205,2026-03-31 00:00:00
600809,600809.SH,山西汾酒,10634767,069001001001,016165,白酒Ⅱ,1277,176138434372.36,176138434372.36,144.38,0.922689780512,1219964222,1219964222,14.32320254,14.3829575,3.91218069,19.54158174,18.12194341,4.68729917,511.141352272142,2026-04-01 00:00:00
600809,600809.SH,山西汾酒,10634767,069001001001,016165,白酒Ⅱ,1277,175748045821.32,175748045821.32,144.06,-0.221637345893,1219964222,1219964222,14.29145698,14.35107949,3.90350984,19.4982703,18.08177842,4.67691037,510.008472357771,2026-04-02 00:00:00
600809,600809.SH,山西汾酒,10634767,069001001001,016165,白酒Ⅱ,1277,172868930257.4,172868930257.4,141.7,-1.638206302929,1219964222,1219964222,14.05733343,14.1159792,3.8395623,19.1788484,17.78556159,4.60029292,501.653481383402,2026-04-03 00:00:00
600809,600809.SH,山西汾酒,10634767,069001001001,016165,白酒Ⅱ,1277,172393144210.82,172393144210.82,141.31,-0.275229357798,1219964222,1219964222,14.01864352,14.07712789,3.82899469,19.12606258,17.7366105,4.58763157,500.272783675508,2026-04-07 00:00:00
600809,600809.SH,山西汾酒,10634767,069001001001,016165,白酒Ⅱ,1277,175601650114.68,175601650114.68,143.94,1.861156322978,1219964222,1219964222,14.27955239,14.33912524,3.90025827,19.48202851,18.06671655,4.67301456,509.58364221145,2026-04-08 00:00:00
600809,600809.SH,山西汾酒,10634767,069001001001,016165,白酒Ⅱ,1277,169953215766.82,169953215766.82,139.31,-3.216618035292,1219964222,1219964222,13.82023373,13.87789035,3.77480186,18.85536606,17.48557928,4.52270153,493.192282783238,2026-04-09 00:00:00
600809,600809.SH,山西汾酒,10634767,069001001001,016165,白酒Ⅱ,1277,169428631151.36,169428631151.36,138.88,-0.308664130357,1219964222,1219964222,13.77757563,13.83505428,3.7631504,18.79716631,17.43160757,4.50874158,491.669975264478,2026-04-10 00:00:00
600809,600809.SH,山西汾酒,10634767,069001001001,016165,白酒Ⅱ,1277,165610143136.5,165610143136.5,135.75,-2.253744239631,1219964222,1219964222,13.46706431,13.52324754,3.67833862,18.37352626,17.03874372,4.40712607,480.588991416252,2026-04-13 00:00:00
600809,600809.SH,山西汾酒,10634767,069001001001,016165,白酒Ⅱ,1277,169648224711.32,169648224711.32,139.06,2.438305709024,1219964222,1219964222,13.79543251,13.85298566,3.76802776,18.821529,17.45420038,4.51458528,492.307220305527,2026-04-14 00:00:00
600809,600809.SH,山西汾酒,10634767,069001001001,016165,白酒Ⅱ,1277,169636025069.1,169636025069.1,139.05,-0.007191140515,1219964222,1219964222,13.79444046,13.85198947,3.76775679,18.82017552,17.45294523,4.51426063,492.271817763596,2026-04-15 00:00:00
600809,600809.SH,山西汾酒,10634767,069001001001,016165,白酒Ⅱ,1277,172210149577.52,172210149577.52,141.16,1.517439769867,1219964222,1219964222,14.00376279,14.06218507,3.82493023,19.10576034,17.71778316,4.58276182,499.741746260254,2026-04-16 00:00:00
600809,600809.SH,山西汾酒,10634767,069001001001,016165,白酒Ⅱ,1277,170185008969,170185008969,139.5,-1.175970529895,1219964222,1219964222,13.83908266,13.89681792,3.77995018,18.88108223,17.50942725,4.52886989,493.864930366219,2026-04-17 00:00:00
600809,600809.SH,山西汾酒,10634767,069001001001,016165,白酒Ⅱ,1277,169416431509.14,169416431509.14,138.87,-0.451612903226,1219964222,1219964222,13.77658358,13.8340581,3.76287944,18.79581283,17.43035242,4.50841693,491.634572722546,2026-04-20 00:00:00
600809,600809.SH,山西汾酒,10634767,069001001001,016165,白酒Ⅱ,1277,166964303422.92,166964303422.92,136.86,-1.447396845971,1219964222,1219964222,13.57718174,13.63382438,3.70841564,18.52376283,17.17806604,4.44316224,484.518669288344,2026-04-21 00:00:00
600809,600809.SH,山西汾酒,10634767,069001001001,016165,白酒Ⅱ,1277,167025301634.02,167025301634.02,136.91,0.036533684057,1219964222,1219964222,13.58214199,13.63880531,3.70977046,18.53053024,17.18434183,4.44478549,484.695681998004,2026-04-22 00:00:00
600809,600809.SH,山西汾酒,10634767,069001001001,016165,白酒Ⅱ,1277,173698505928.36,173698505928.36,142.38,3.995325396246,1219964222,1219964222,14.18371997,14.18371997,3.85798786,19.27088522,19.27088522,4.48621701,506.163742743191,2026-04-23 00:00:00
600809,600809.SH,山西汾酒,10634767,069001001001,016165,白酒Ⅱ,1277,173173921312.9,173173921312.9,141.95,-0.302008709088,1219964222,1219964222,14.1408839,14.1408839,3.8463364,19.21268547,19.21268547,4.47266824,504.635084142946,2026-04-24 00:00:00
600809,600809.SH,山西汾酒,10634767,069001001001,016165,白酒Ⅱ,1277,168733251544.82,168733251544.82,138.31,-2.564283198309,1219964222,1219964222,13.77827159,13.77827159,3.74770544,18.7200178,18.7200178,4.35797636,491.694811465358,2026-04-27 00:00:00
600809,600809.SH,山西汾酒,10634767,069001001001,016165,白酒Ⅱ,1277,169233436875.84,169233436875.84,138.72,0.296435543345,1219964222,1219964222,13.81911528,13.81911528,3.75881497,18.77551059,18.77551059,4.37089495,493.152369499609,2026-04-28 00:00:00
600809,600809.SH,山西汾酒,10634767,069001001001,016165,白酒Ⅱ,1277,174625678737.08,174625678737.08,143.14,3.186274509804,1219964222,1219964222,14.25943023,14.25943023,3.87858114,19.3737499,19.3737499,4.51016366,508.865557827437,2026-04-29 00:00:00
600809,600809.SH,山西汾酒,10634767,069001001001,016165,白酒Ⅱ,1277,174881871223.7,174881871223.7,143.35,0.14670951516,1219964222,1219964222,15.92541918,14.28035017,3.88427139,19.40217303,17.07732332,4.71140443,568.318451996554,2026-04-30 00:00:00
600809,600809.SH,山西汾酒,10634767,069001001001,016165,白酒Ⅱ,1277,171917358164.24,171917358164.24,140.92,-1.695151726543,1219964222,1219964222,15.65545916,14.03827657,3.81842709,19.07327676,16.78783678,4.63153898,558.684591880643,2026-05-06 00:00:00
600809,600809.SH,山西汾酒,10634767,069001001001,016165,白酒Ⅱ,1277,175369856912.5,175369856912.5,143.75,2.008231620778,1219964222,1219964222,15.96985704,14.32019768,3.89510995,19.45631234,17.12497542,4.72455101,569.904272471343,2026-05-07 00:00:00
600809,600809.SH,山西汾酒,10634767,069001001001,016165,白酒Ⅱ,1277,172746933835.2,172746933835.2,141.6,-1.495652173913,1219964222,1219964222,15.73100353,14.10601733,3.83685266,19.16531358,16.86884536,4.65388816,561.380486973274,2026-05-08 00:00:00
600809,600809.SH,山西汾酒,10634767,069001001001,016165,白酒Ⅱ,1277,171246377842.14,171246377842.14,140.37,-0.868644067797,1219964222,1219964222,15.5943571,13.98348625,3.80352406,18.99883522,16.72231513,4.61346244,556.504088638593,2026-05-11 00:00:00
600809,600809.SH,山西汾酒,10634767,069001001001,016165,白酒Ⅱ,1277,167147298056.22,167147298056.22,137.01,-2.393673861936,1219964222,1219964222,15.22107905,13.64876719,3.7124801,18.54406507,16.32203745,4.50303119,543.183195722524,2026-05-12 00:00:00
600809,600809.SH,山西汾酒,10634767,069001001001,016165,白酒Ⅱ,1277,163231212903.6,163231212903.6,133.8,-2.34289467922,1219964222,1219964222,14.8644652,13.32899095,3.6255006,18.10959715,15.9396293,4.39752991,530.456985573716,2026-05-13 00:00:00
600809,600809.SH,山西汾酒,10634767,069001001001,016165,白酒Ⅱ,1277,163536203959.1,163536203959.1,134.05,0.186846038864,1219964222,1219964222,14.89223886,13.35389564,3.63227471,18.14343422,15.96941186,4.40574652,531.448123281244,2026-05-14 00:00:00
600809,600809.SH,山西汾酒,10634767,069001001001,016165,白酒Ⅱ,1277,160315498413.02,160315498413.02,131.41,-1.969414397613,1219964222,1219964222,14.59894896,13.0909021,3.56074017,17.78611481,15.65490797,4.31897912,520.981707291167,2026-05-15 00:00:00
600809,600809.SH,山西汾酒,10634767,069001001001,016165,白酒Ⅱ,1277,158400154584.48,158400154584.48,129.84,-1.194734038505,1219964222,1219964222,14.42453035,12.93450063,3.51819879,17.57361804,15.46787345,4.2673788,514.757361588602,2026-05-18 00:00:00
600809,600809.SH,山西汾酒,10634767,069001001001,016165,白酒Ⅱ,1277,158326956731.16,158326956731.16,129.78,-0.046210720887,1219964222,1219964222,14.41786467,12.92852351,3.51657301,17.56549715,15.46072564,4.26540682,514.519488481697,2026-05-19 00:00:00
600809,600809.SH,山西汾酒,10634767,069001001001,016165,白酒Ⅱ,1277,160376496624.12,160376496624.12,131.46,1.294498381877,1219964222,1219964222,14.6045037,13.09588304,3.56209499,17.79288222,15.66086448,4.32062244,521.179935118163,2026-05-20 00:00:00
600809,600809.SH,山西汾酒,10634767,069001001001,016165,白酒Ⅱ,1277,160266699844.14,160266699844.14,131.37,-0.068461889548,1219964222,1219964222,14.59450518,13.08691735,3.55965631,17.78070088,15.65014276,4.31766446,520.823125457806,2026-05-21 00:00:00
600809,600809.SH,山西汾酒,10634767,069001001001,016165,白酒Ⅱ,1277,156460411471.5,156460411471.5,128.25,-2.37497145467,1219964222,1219964222,14.24788985,12.7761068,3.47511549,17.35841431,15.27845633,4.21512116,508.453724969355,2026-05-22 00:00:00
600809,600809.SH,山西汾酒,10634767,069001001001,016165,白酒Ⅱ,1277,156923997875.86,156923997875.86,128.63,0.296296296296,1219964222,1219964222,14.29010582,12.81396193,3.48541213,17.40984665,15.32372583,4.22761041,509.960254527463,2026-05-25 00:00:00
600809,600809.SH,山西汾酒,10634767,069001001001,016165,白酒Ⅱ,1277,154545067642.96,154545067642.96,126.68,-1.515976055353,1219964222,1219964222,14.07347123,12.61970533,3.43257411,17.14591754,15.09142182,4.16352085,502.229378909927,2026-05-26 00:00:00
600809,600809.SH,山西汾酒,10634767,069001001001,016165,白酒Ⅱ,1277,156887398949.2,156887398949.2,128.6,1.515629933691,1219964222,1219964222,14.28677298,12.81097336,3.48459923,17.4057862,15.32015193,4.22662442,509.841317974011,2026-05-27 00:00:00
600809,600809.SH,山西汾酒,10634767,069001001001,016165,白酒Ⅱ,1277,153922885889.74,153922885889.74,126.17,-1.889580093313,1219964222,1219964222,14.01681296,12.56889976,3.41875494,17.07688993,15.03066539,4.14675896,500.2074578581,2026-05-28 00:00:00
600809,600809.SH,山西汾酒,10634767,069001001001,016165,白酒Ⅱ,1277,156521409682.6,156521409682.6,128.3,1.688198462392,1219964222,1219964222,14.25344458,12.78108773,3.47647031,17.36518172,15.28441285,4.21676448,508.651952439488,2026-05-29 00:00:00
600809,600809.SH,山西汾酒,10634767,069001001001,016165,白酒Ⅱ,1277,156314015764.86,156314015764.86,128.13,-0.132501948558,1219964222,1219964222,14.23455849,12.76415254,3.47186392,17.34217252,15.2641607,4.21117719,507.977978755546,2026-06-01 00:00:00
600809,600809.SH,山西汾酒,10634767,069001001001,016165,白酒Ⅱ,1277,153349502705.4,153349502705.4,125.7,-1.896511355654,1219964222,1219964222,13.96459847,12.52207894,3.40601962,17.01327625,14.97467416,4.13131174,498.344118639635,2026-06-02 00:00:00
600809,600809.SH,山西汾酒,10634767,069001001001,016165,白酒Ⅱ,1277,150665581417,150665581417,123.5,-1.750198886237,1219964222,1219964222,13.72019022,12.30291766,3.34640751,16.71551008,14.71258758,4.05900556,489.622105314572,2026-06-03 00:00:00
600809,600809.SH,山西汾酒,10634767,069001001001,016165,白酒Ⅱ,1277,148957631506.2,148957631506.2,122.1,-1.133603238866,1219964222,1219964222,13.5646577,12.16345138,3.30847252,16.52602251,14.54580521,4.01299254,484.071733295948,2026-06-04 00:00:00
600809,600809.SH,山西汾酒,10634767,069001001001,016165,白酒Ⅱ,1277,148872234010.66,148872234010.66,122.03,-0.05733005733,1219964222,1219964222,13.55688108,12.15647807,3.30657577,16.51654814,14.53746609,4.01069189,483.794214909134,2026-06-05 00:00:00
600809,600809.SH,山西汾酒,10634767,069001001001,016165,白酒Ⅱ,1277,143919179269.34,143919179269.34,117.97,-3.327050725232,1219964222,1219964222,13.10583677,11.75202588,3.19656432,15.9670342,14.05379722,3.87725414,467.698135983753,2026-06-08 00:00:00
600809,600809.SH,山西汾酒,10634767,069001001001,016165,白酒Ⅱ,1277,142552819340.7,142552819340.7,116.85,-0.949393913707,1219964222,1219964222,12.98141075,11.64045286,3.16621633,15.81544415,13.92037133,3.84044373,463.25783822611,2026-06-09 00:00:00
600809,600809.SH,山西汾酒,10634767,069001001001,016165,白酒Ⅱ,1277,144919549931.38,144919549931.38,118.79,1.660248181429,1219964222,1219964222,13.19693438,11.83371327,3.21878338,16.07801977,14.15148404,3.90420462,470.949067850012,2026-06-10 00:00:00
600809,600809.SH,山西汾酒,10634767,069001001001,016165,白酒Ⅱ,1277,145907720951.2,145907720951.2,119.6,0.681875578752,1219964222,1219964222,13.28692106,11.91440447,3.24073148,16.18765186,14.24797955,3.93082644,474.160354793224,2026-06-11 00:00:00
600809,600809.SH,山西汾酒,10634767,069001001001,016165,白酒Ⅱ,1277,144614558875.88,144614558875.88,118.54,-0.886287625418,1219964222,1219964222,13.16916072,11.80880857,3.21200928,16.04418271,14.12170147,3.89598801,469.957930142484,2026-06-12 00:00:00
600809,600809.SH,山西汾酒,10634767,069001001001,016165,白酒Ⅱ,1277,145517332400.16,145517332400.16,119.28,0.624261852539,1219964222,1219964222,13.25137077,11.88252646,3.23206063,16.14434042,14.20985787,3.92030918,472.89169834202,2026-06-15 00:00:00
600809,600809.SH,山西汾酒,10634767,069001001001,016165,白酒Ⅱ,1277,143162801451.7,143162801451.7,117.35,-1.61804158283,1219964222,1219964222,13.03695808,11.69026224,3.17976454,15.88311828,13.97993646,3.85687695,465.240113998027,2026-06-16 00:00:00
600809,600809.SH,山西汾酒,10634767,069001001001,016165,白酒Ⅱ,1277,143589788929.4,143589788929.4,117.7,0.29825308905,1219964222,1219964222,13.07584121,11.72512881,3.18924829,15.93049017,14.02163205,3.8683802,466.627707002683,2026-06-17 00:00:00
600809,600809.SH,山西汾酒,10634767,069001001001,016165,白酒Ⅱ,1277,138197547068.16,138197547068.16,113.28,-3.75531011045,1219964222,1219964222,12.58480282,11.28481386,3.06948212,15.33225086,13.49507628,3.72311053,449.104389435874,2026-06-18 00:00:00
600809,600809.SH,山西汾酒,10634767,069001001001,016165,白酒Ⅱ,1277,138600135261.42,138600135261.42,113.61,0.291313559322,1219964222,1219964222,12.62146406,11.31768806,3.07842394,15.37691579,13.53438927,3.73395645,450.41269152385,2026-06-22 00:00:00
600809,600809.SH,山西汾酒,10634767,069001001001,016165,白酒Ⅱ,1277,133195693757.96,133195693757.96,109.18,-3.899304638676,1219964222,1219964222,12.12931472,10.87637692,2.95838681,14.777323,13.0066422,3.58835812,432.84972832027,2026-06-23 00:00:00
600809,600809.SH,山西汾酒,10634767,069001001001,016165,白酒Ⅱ,1277,128962417907.62,128962417907.62,105.71,-3.178237772486,1219964222,1219964222,11.74381626,10.5306998,2.86436225,14.30766454,12.59326019,3.47431156,419.092734827163,2026-06-24 00:00:00
600809,600809.SH,山西汾酒,10634767,069001001001,016165,白酒Ⅱ,1277,134342460126.64,134342460126.64,110.12,4.171790748274,1219964222,1219964222,12.2337437,10.97001856,2.98385745,14.90455036,13.11862465,3.61925257,436.5764067572,2026-06-25 00:00:00
600809,600809.SH,山西汾酒,10634767,069001001001,016165,白酒Ⅱ,1277,131878132398.2,131878132398.2,108.1,-1.834362513622,1219964222,1219964222,12.00933249,10.76878865,2.92912268,14.63114688,12.87798152,3.55286236,428.56801275285,2026-06-26 00:00:00
600809,600809.SH,山西汾酒,10634767,069001001001,016165,白酒Ⅱ,1277,133281091253.5,133281091253.5,109.25,1.063829787234,1219964222,1219964222,12.13709135,10.88335023,2.96028356,14.78679738,13.01498132,3.59065877,433.127247063946,2026-06-29 00:00:00
600809,600809.SH,山西汾酒,10634767,069001001001,016165,白酒Ⅱ,1277,133427486960.14,133427486960.14,109.37,0.109839816934,1219964222,1219964222,12.15042271,10.89530449,3.50281207,14.80303917,13.02927695,3.59460274,433.602993277755,2026-06-30 00:00:00
600809,600809.SH,山西汾酒,10634767,069001001001,016165,白酒Ⅱ,1277,135245233650.92,135245233650.92,110.86,1.362347993051,1219964222,1219964222,12.31595375,11.04373645,3.55053256,15.00470807,13.20678105,3.64357374,439.510174956736,2026-07-01 00:00:00
600809,600809.SH,山西汾酒,10634767,069001001001,016165,白酒Ⅱ,1277,133183494115.74,133183494115.74,109.17,-1.524445246257,1219964222,1219964222,12.12820378,10.87538073,3.49640663,14.77596952,13.0054509,3.58802945,432.810083040361,2026-07-02 00:00:00
600809,600809.SH,山西汾酒,10634767,069001001001,016165,白酒Ⅱ,1277,133281091253.5,133281091253.5,109.25,0.073280205185,1219964222,1219964222,12.13709135,10.88335023,3.49896881,14.78679738,13.01498132,3.59065877,433.127247063946,2026-07-03 00:00:00
600809,600809.SH,山西汾酒,10634767,069001001001,016165,白酒Ⅱ,1277,136318802166.28,136318802166.28,111.74,2.279176201373,1219964222,1219964222,12.41371705,11.13140096,3.57871647,15.12381454,13.31161568,3.67249621,442.998980286761,2026-07-06 00:00:00
600809,600809.SH,山西汾酒,10634767,069001001001,016165,白酒Ⅱ,1277,131829333829.32,131829333829.32,108.06,-3.29335958475,1219964222,1219964222,12.00488871,10.7648039,3.46085647,14.62573295,12.87321631,3.5515477,428.409430919488,2026-07-07 00:00:00
600809,600809.SH,山西汾酒,10634767,069001001001,016165,白酒Ⅱ,1277,131316948856.08,131316948856.08,107.64,-0.388672959467,1219964222,1219964222,11.95822895,10.72296402,3.44740506,14.56888668,12.8231816,3.5377438,426.744319171156,2026-07-08 00:00:00
600809,600809.SH,山西汾酒,10634767,069001001001,016165,白酒Ⅱ,1277,128193840447.76,128193840447.76,105.08,-2.378298030472,1219964222,1219964222,11.67382663,10.46793998,3.36541549,14.22239513,12.51820812,3.45360571,416.595067561528,2026-07-09 00:00:00
600809,600809.SH,山西汾酒,10634767,069001001001,016165,白酒Ⅱ,1277,134562053686.6,134562053686.6,110.3,4.967643700038,1219964222,1219964222,12.25374074,10.98794994,3.53259734,14.92891305,13.1400681,3.62516853,437.290026077914,2026-07-10 00:00:00
600809,600809.SH,山西汾酒,10634767,069001001001,016165,白酒Ⅱ,1277,133659280162.32,133659280162.32,109.56,-0.670897552131,1219964222,1219964222,12.17153069,10.91423205,3.50889723,14.82875534,13.0519117,3.60084736,434.356257878378,2026-07-13 00:00:00
600809,600809.SH,山西汾酒,10634767,069001001001,016165,白酒Ⅱ,1277,134806046531,134806046531,110.5,0.857977364001,1219964222,1219964222,12.27595967,11.00787369,3.53900277,14.9559827,13.16389415,3.63174182,438.082936315308,2026-07-14 00:00:00
600809,600809.SH,山西汾酒,10634767,069001001001,016165,白酒Ⅱ,1277,144260769251.5,144260769251.5,118.25,7.013574660633,1219964222,1219964222,13.13694327,11.77991913,3.78721338,16.00493171,14.0871537,3.88645674,468.808210244733,2026-07-15 00:00:00
600809,600809.SH,山西汾酒,10634767,069001001001,016165,白酒Ⅱ,1277,145358737051.3,145358737051.3,119.15,0.761099365751,1219964222,1219964222,13.23692846,11.86957602,3.81603783,16.12674515,14.19437093,3.91603654,472.376306491439,2026-07-16 00:00:00
600809,600809.SH,山西汾酒,10634767,069001001001,016165,白酒Ⅱ,1277,141808641165.28,141808641165.28,116.24,-2.442299622325,1219964222,1219964222,12.91364301,11.57968541,3.72283876,15.73288171,13.84770187,3.8203952,460.839461877155,2026-07-17 00:00:00
600809,600809.SH,山西汾酒,10634767,069001001001,016165,白酒Ⅱ,1277,149360219699.46,149360219699.46,122.43,5.325189263593,1219964222,1219964222,13.60131894,12.19632558,3.92108697,16.57068744,14.5851182,4.02383847,485.380035383923,2026-07-20 00:00:00
600809,600809.SH,山西汾酒,10634767,069001001001,016165,白酒Ⅱ,1277,147725467641.98,147725467641.98,121.09,-1.094502981295,1219964222,1219964222,13.4524521,12.06283643,3.87817055,16.38932077,14.42548365,3.97979744,480.067536472204,2026-07-21 00:00:00
600809,600809.SH,山西汾酒,10634767,069001001001,016165,白酒Ⅱ,1277,152495527750,152495527750,125,3.229003220745,1219964222,1219964222,13.88683221,12.45234581,4.0033968,16.91853247,14.89128298,4.10830523,495.568932630324,2026-07-22 00:00:00
600809,600809.SH,山西汾酒,10634767,069001001001,016165,白酒Ⅱ,1277,150031200021.56,150031200021.56,122.98,-1.616,1219964222,1219964222,13.662421,12.2511159,3.93870191,16.64512898,14.65063984,4.04191501,487.560538625973,2026-07-23 00:00:00
600809,600809.SH,山西汾酒,10634767,069001001001,016165,白酒Ⅱ,1277,147078886604.32,147078886604.32,120.56,-1.967799642218,1219964222,1219964222,13.39357193,12.01003848,3.86119615,16.31758619,14.36234461,3.96237822,477.966324146835,2026-07-24 00:00:00
600809,600809.SH,山西汾酒,10634767,069001001001,016165,白酒Ⅱ,1277,150128797159.32,150128797159.32,123.06,2.073656270737,1219964222,1219964222,13.67130857,12.2590854,3.94126409,16.65595684,14.66017026,4.04454433,487.877702649559,2026-07-27 00:00:00
600809,600809.SH,山西汾酒,10634767,069001001001,016165,白酒Ⅱ,1277,154020483027.5,154020483027.5,126.25,2.592231431822,1219964222,1219964222,14.02570053,12.57686926,4.04343077,17.08771779,15.04019581,4.14938828,500.524621881686,2026-07-28 00:00:00
600809,600809.SH,山西汾酒,10634767,069001001001,016165,白酒Ⅱ,1277,156411612902.62,156411612902.62,128.21,1.552475247525,1219964222,1219964222,14.24344606,12.77212205,4.10620403,17.35300038,15.27369112,4.2138065,508.295142779131,2026-07-29 00:00:00
600809,600809.SH,山西汾酒,10634767,069001001001,016165,白酒Ⅱ,1277,165866335623.12,165866335623.12,135.96,6.044770298729,1219964222,1219964222,15.10442966,13.54416749,4.35441464,18.40194939,16.19695067,4.46852143,539.020416708556,2026-07-30 00:00:00
600809,600809.SH,山西汾酒,10634767,069001001001,016165,白酒Ⅱ,1277,155228247607.28,155228247607.28,127.24,-1.669242658423,1219964222,1219964222,14.13568424,12.67549184,4.07513767,17.22171257,15.15813477,4.18192606,504.449527788749,2026-07-31 00:00:00
600809,600809.SH,山西汾酒,10634767,069001001001,016165,白酒Ⅱ,1277,150970572472.5,150970572472.5,123.75,-2.742848160956,1219964222,1219964222,13.74796389,12.32782235,3.96336284,16.74934714,14.74237015,4.06722217,490.613243378961,2026-08-03 00:00:00
600809,600809.SH,山西汾酒,10634767,069001001001,016165,白酒Ⅱ,1277,148652640450.7,148652640450.7,121.85,-1.535353535354,1219964222,1219964222,13.53688404,12.13854669,3.9025112,16.49218545,14.51602265,4.00477593,483.080595588421,2026-08-04 00:00:00
600809,600809.SH,山西汾酒,10634767,069001001001,016165,白酒Ⅱ,1277,147627870504.22,147627870504.22,121.01,-0.689372178908,1219964222,1219964222,13.44356452,12.05486693,3.87560838,16.37849291,14.41595322,3.97716812,479.750372091756,2026-08-05 00:00:00
600809,600809.SH,山西汾酒,10634767,069001001001,016165,白酒Ⅱ,1277,145907720951.2,145907720951.2,119.6,-1.16519295926,1219964222,1219964222,13.28692106,11.91440447,3.83045006,16.18765186,14.24797955,3.93082644,474.160354793224,2026-08-06 00:00:00
600809,600809.SH,山西汾酒,10634767,069001001001,016165,白酒Ⅱ,1277,146664098768.84,146664098768.84,120.22,0.518394648829,1219964222,1219964222,13.35579974,11.9761681,3.85030691,16.27156779,14.32184032,3.95120363,476.618376422088,2026-08-07 00:00:00
600809,600809.SH,山西汾酒,10634767,069001001001,016165,白酒Ⅱ,1277,150177595728.2,150177595728.2,123.1,2.395608051905,1219964222,1219964222,13.67575236,12.26307015,3.94254517,16.66137077,14.66493548,4.04585899,488.036284839783,2026-08-10 00:00:00
600809,600809.SH,山西汾酒,10634767,069001001001,016165,白酒Ⅱ,1277,147274080879.84,147274080879.84,120.72,-1.933387489846,1219964222,1219964222,13.41134707,12.02597748,3.8663205,16.33924192,14.38140545,3.96763686,478.600652194005,2026-08-11 00:00:00
600809,600809.SH,山西汾酒,10634767,069001001001,016165,白酒Ⅱ,1277,149226023635.04,149226023635.04,122.32,1.325381047051,1219964222,1219964222,13.58909853,12.18536751,3.91756398,16.55579913,14.57201387,4.02022316,484.943934806885,2026-08-12 00:00:00
600809,600809.SH,山西汾酒,10634767,069001001001,016165,白酒Ⅱ,1277,154386472294.1,154386472294.1,126.55,3.458142576848,1219964222,1219964222,14.05902893,12.60675489,4.05303892,17.12832227,15.07593489,4.15924821,501.713987416209,2026-08-13 00:00:00
600809,600809.SH,山西汾酒,10634767,069001001001,016165,白酒Ⅱ,1277,150689980701.44,150689980701.44,123.52,-2.39431054919,1219964222,1219964222,13.72241212,12.30491003,3.95599659,16.71821704,14.71497019,4.05966289,489.701396588115,2026-08-14 00:00:00
600809,600809.SH,山西汾酒,10634767,069001001001,016165,白酒Ⅱ,1277,145102544564.68,145102544564.68,118.94,-3.707901554404,1219964222,1219964222,13.21359858,11.84865608,3.80931213,16.09832201,14.16935358,3.90913459,471.543750617273,2026-08-17 00:00:00
600809,600809.SH,山西汾酒,10634767,069001001001,016165,白酒Ⅱ,1277,147030088035.44,147030088035.44,120.52,1.32840087439,1219964222,1219964222,13.38912814,12.00605373,3.85991506,16.31217226,14.35757939,3.96106357,477.807741956611,2026-08-18 00:00:00
600809,600809.SH,山西汾酒,10634767,069001001001,016165,白酒Ⅱ,1277,145541731684.6,145541731684.6,119.3,-1.012280119482,1219964222,1219964222,13.25359266,11.88451884,3.82084191,16.14704739,14.21224047,3.92096651,472.970989258701,2026-08-19 00:00:00
600809,600809.SH,山西汾酒,10634767,069001001001,016165,白酒Ⅱ,1277,144565760307,144565760307,118.5,-0.670578373847,1219964222,1219964222,13.16471693,11.80482382,3.79522017,16.03876878,14.11693626,3.89467335,469.799347952261,2026-08-20 00:00:00
600809,600809.SH,山西汾酒,10634767,069001001001,016165,白酒Ⅱ,1277,142186830074.1,142186830074.1,116.55,-1.645569620253,1219964222,1219964222,12.94808235,11.61056723,3.73276718,15.77483967,13.88463225,3.83058379,462.068472691587,2026-08-21 00:00:00
600809,600809.SH,山西汾酒,10634767,069001001001,016165,白酒Ⅱ,1277,142857810396.2,142857810396.2,117.1,0.4719004719,1219964222,1219964222,13.00918441,11.66535755,3.75038213,15.84928121,13.95015389,3.84866034,464.248975933637,2026-08-24 00:00:00
600809,600809.SH,山西汾酒,10634767,069001001001,016165,白酒Ⅱ,1277,142321026138.52,142321026138.52,116.66,-0.375747224594,1219964222,1219964222,12.96030276,11.62152529,3.73629017,15.78972798,13.89773658,3.8341991,462.504573268624,2026-08-25 00:00:00
600809,600809.SH,山西汾酒,10634767,069001001001,016165,白酒Ⅱ,1277,142845610753.98,142845610753.98,117.09,0.368592490999,1219964222,1219964222,13.00807347,11.66436136,3.75006185,15.84792773,13.94896259,3.84833167,464.209330653728,2026-08-26 00:00:00
600809,600809.SH,山西汾酒,10634767,069001001001,016165,白酒Ⅱ,1277,141991635798.58,141991635798.58,116.39,-0.597830728499,1219964222,1219964222,12.93030721,11.59462823,3.72764283,15.75318395,13.86557141,3.82532516,461.434144644416,2026-08-27 00:00:00
600809,600809.SH,山西汾酒,10634767,069001001001,016165,白酒Ⅱ,1277,145212341344.66,145212341344.66,119.03,2.268236102758,1219964222,1219964222,13.2235971,11.85762177,3.81219457,16.11050336,14.1800753,3.91209257,471.90056027763,2026-08-28 00:00:00
600809,600809.SH,山西汾酒,10634767,069001001001,016165,白酒Ⅱ,1277,142443022560.72,142443022560.72,116.76,-1.907082248173,1219964222,1219964222,13.99166095,11.63148717,3.73949289,15.80326281,14.70765416,3.9790025,499.309877001594,2026-08-31 00:00:00
