日期,ETF累计净值,全收益指数点位,ETF归一化,全收益指数归一化,累计收益差(百分点)
2019-01-18,1.0051,11046.32,100.000000,100.000000,0.000000
2019-01-21,1.0057,11064.05,100.059696,100.160506,-0.100810
2019-01-22,1.0009,11005.98,99.582131,99.634811,-0.052679
2019-01-23,1.0053,11057.52,100.019899,100.101391,-0.081493
2019-01-24,1.0080,11088.55,100.288529,100.382299,-0.093771
2019-01-25,1.0134,11148.95,100.825788,100.929088,-0.103299
2019-01-28,1.0124,11139.41,100.726296,100.842724,-0.116428
2019-01-29,1.0192,11214.76,101.402845,101.524852,-0.122006
2019-01-30,1.0156,11172.32,101.044672,101.140651,-0.095979
2019-01-31,1.0192,11214.58,101.402845,101.523222,-0.120377
2019-02-01,1.0294,11330.85,102.417670,102.575790,-0.158120
2019-02-11,1.0380,11432.13,103.273306,103.492656,-0.219350
2019-02-12,1.0428,11487.63,103.750871,103.995086,-0.244216
2019-02-13,1.0539,11616.62,104.855238,105.162805,-0.307567
2019-02-14,1.0518,11592.92,104.646304,104.948254,-0.301950
2019-02-15,1.0338,11383.32,102.855437,103.050790,-0.195352
2019-02-18,1.0544,11621.81,104.904985,105.209789,-0.304805
2019-02-19,1.0535,11609.81,104.815441,105.101156,-0.285715
2019-02-20,1.0549,11624.58,104.954731,105.234866,-0.280135
2019-02-21,1.0484,11547.76,104.308029,104.539430,-0.231401
2019-02-22,1.0561,11637.64,105.074122,105.353095,-0.278973
2019-02-25,1.0967,12123.13,109.113521,109.748133,-0.634612
2019-02-26,1.0892,12030.64,108.367327,108.910841,-0.543514
2019-02-27,1.0920,12061.09,108.645906,109.186498,-0.540592
2019-02-28,1.0893,12026.85,108.377276,108.876531,-0.499255
2019-03-01,1.1015,12169.05,109.591085,110.163837,-0.572752
2019-03-04,1.1153,12338.05,110.964083,111.693759,-0.729675
2019-03-05,1.1266,12464.49,112.088349,112.838393,-0.750044
2019-03-06,1.1365,12573.02,113.073326,113.820892,-0.747566
2019-03-07,1.1304,12500.18,112.466421,113.161487,-0.695066
2019-03-08,1.0889,12029.66,108.337479,108.901969,-0.564490
2019-03-11,1.1069,12228.71,110.128345,110.703927,-0.575581
2019-03-12,1.1168,12338.58,111.113322,111.698557,-0.585235
2019-03-13,1.1138,12303.29,110.814844,111.379084,-0.564239
2019-03-14,1.1021,12169.28,109.650781,110.165920,-0.515138
2019-03-15,1.1197,12365.62,111.401851,111.943344,-0.541493
2019-03-18,1.1519,12728.09,114.605512,115.224708,-0.619196
2019-03-19,1.1504,12709.88,114.456273,115.059857,-0.603584
2019-03-20,1.1550,12760.87,114.913939,115.521459,-0.607520
2019-03-21,1.1557,12767.04,114.983584,115.577314,-0.593731
2019-03-22,1.1622,12836.66,115.630286,116.207570,-0.577284
2019-03-25,1.1494,12692.01,114.356780,114.898084,-0.541303
2019-03-26,1.1349,12517.98,112.914138,113.322627,-0.408489
2019-03-27,1.1496,12678.66,114.376679,114.777229,-0.400550
2019-03-28,1.1375,12536.25,113.172819,113.488021,-0.315203
2019-03-29,1.1666,12856.14,116.068053,116.383918,-0.315865
2019-04-01,1.1962,13184.41,119.013034,119.355677,-0.342643
2019-04-02,1.1947,13162.08,118.863795,119.153528,-0.289733
2019-04-03,1.2096,13321.96,120.346234,120.600888,-0.254654
2019-04-04,1.2247,13484.77,121.848572,122.074772,-0.226200
2019-04-08,1.2205,13438.95,121.430703,121.659974,-0.229270
2019-04-09,1.2259,13497.94,121.967963,122.193998,-0.226034
2019-04-10,1.2281,13522.94,122.186847,122.420317,-0.233470
2019-04-11,1.2124,13347.96,120.624813,120.836260,-0.211447
2019-04-12,1.2099,13318.31,120.376082,120.567845,-0.191763
2019-04-15,1.2037,13247.47,119.759228,119.926546,-0.167318
2019-04-16,1.2226,13455.85,121.639638,121.812966,-0.173328
2019-04-17,1.2267,13501.32,122.047557,122.224596,-0.177039
2019-04-18,1.2156,13376.32,120.943190,121.092997,-0.149808
2019-04-19,1.2212,13436.13,121.500348,121.634445,-0.134097
2019-04-22,1.1924,13115.50,118.634962,118.731849,-0.096887
2019-04-23,1.1840,13018.36,117.799224,117.852461,-0.053237
2019-04-24,1.1856,13034.96,117.958412,118.002738,-0.044325
2019-04-25,1.1549,12689.82,114.903990,114.878258,0.025732
2019-04-26,1.1413,12538.01,113.550890,113.503954,0.046936
2019-04-29,1.1420,12544.47,113.620535,113.562435,0.058100
2019-04-30,1.1548,12685.55,114.894040,114.839603,0.054438
2019-05-06,1.0988,12063.37,109.322455,109.207139,0.115317
2019-05-07,1.1090,12175.50,110.337280,110.222228,0.115052
2019-05-08,1.0995,12070.39,109.392100,109.270689,0.121411
2019-05-09,1.0843,11899.75,107.879813,107.725921,0.153892
2019-05-10,1.1156,12246.89,110.993931,110.868506,0.125425
2019-05-13,1.1061,12141.96,110.048751,109.918597,0.130154
2019-05-14,1.0990,12063.07,109.342354,109.204423,0.137931
2019-05-15,1.1168,12258.87,111.113322,110.976959,0.136363
2019-05-16,1.1244,12321.42,111.869466,111.543211,0.326255
2019-05-17,1.0977,12018.69,109.213014,108.802660,0.410354
2019-05-20,1.0872,11902.20,108.168341,107.748101,0.420241
2019-05-21,1.1004,12049.39,109.481644,109.080581,0.401063
2019-05-22,1.0953,11990.05,108.974231,108.543388,0.430843
2019-05-23,1.0835,11847.89,107.800219,107.256444,0.543775
2019-05-24,1.0881,11898.90,108.257885,107.718227,0.539658
2019-05-27,1.1018,12052.36,109.620933,109.107467,0.513466
2019-05-28,1.1077,12117.01,110.207940,109.692730,0.515209
2019-05-29,1.1030,12064.36,109.740324,109.216101,0.524223
2019-05-30,1.1066,12102.54,110.098498,109.561736,0.536761
2019-05-31,1.1062,12095.96,110.058701,109.502169,0.556532
2019-06-03,1.1056,12090.74,109.999005,109.454913,0.544092
2019-06-04,1.0980,12005.71,109.242861,108.685155,0.557707
2019-06-05,1.0992,12019.05,109.362253,108.805919,0.556333
2019-06-06,1.0923,11941.91,108.675754,108.107587,0.568167
2019-06-10,1.1021,12051.88,109.650781,109.103122,0.547659
2019-06-11,1.1247,12303.36,111.899314,111.379717,0.519596
2019-06-12,1.1169,12216.88,111.123271,110.596832,0.526439
2019-06-13,1.1123,12164.65,110.665605,110.124005,0.541600
2019-06-14,1.1039,12070.41,109.829868,109.270870,0.558997
2019-06-17,1.1029,12061.08,109.730375,109.186408,0.543967
2019-06-18,1.1026,12057.06,109.700527,109.150016,0.550512
2019-06-19,1.1157,12203.09,111.003880,110.471994,0.531886
2019-06-20,1.1349,12414.40,112.914138,112.384939,0.529199
2019-06-21,1.1372,12437.42,113.142971,112.593334,0.549637
2019-06-24,1.1372,12438.85,113.142971,112.606280,0.536691
2019-06-25,1.1270,12326.10,112.128146,111.585578,0.542569
2019-06-26,1.1267,12319.24,112.098299,111.523476,0.574823
2019-06-27,1.1337,12394.93,112.794747,112.208681,0.586066
2019-06-28,1.1285,12333.05,112.277385,111.648495,0.628891
2019-07-01,1.1501,12569.47,114.426425,113.788755,0.637670
2019-07-02,1.1544,12613.64,114.854243,114.188617,0.665627
2019-07-03,1.1570,12640.57,115.112924,114.432408,0.680516
2019-07-04,1.1564,12631.35,115.053229,114.348942,0.704287
2019-07-05,1.1590,12655.54,115.311909,114.567929,0.743981
2019-07-08,1.1343,12380.03,112.854442,112.073795,0.780648
2019-07-09,1.1355,12391.59,112.973833,112.178445,0.795389
2019-07-10,1.1294,12322.56,112.366929,111.553531,0.813398
2019-07-11,1.1285,12311.29,112.277385,111.451506,0.825879
2019-07-12,1.1348,12377.69,112.904189,112.052611,0.851577
2019-07-15,1.1378,12409.90,113.202666,112.344202,0.858465
2019-07-16,1.1390,12415.84,113.322058,112.397975,0.924082
2019-07-17,1.1391,12413.89,113.332007,112.380322,0.951685
2019-07-18,1.1295,12303.39,112.376878,111.379989,0.996889
2019-07-19,1.1416,12434.34,113.580738,112.565452,1.015287
2019-07-22,1.1336,12343.15,112.784798,111.739928,1.044870
2019-07-23,1.1373,12384.26,113.152920,112.112088,1.040832
2019-07-24,1.1439,12458.01,113.809571,112.779731,1.029840
2019-07-25,1.1487,12509.84,114.287136,113.248937,1.038198
2019-07-26,1.1494,12515.17,114.356780,113.297189,1.059592
2019-07-29,1.1505,12527.15,114.466222,113.405641,1.060581
2019-07-30,1.1562,12588.44,115.033330,113.960486,1.072844
2019-07-31,1.1471,12487.06,114.127947,113.042715,1.085233
2019-08-01,1.1371,12376.83,113.133022,112.044826,1.088196
2019-08-02,1.1242,12228.99,111.849567,110.706462,1.143106
2019-08-05,1.1045,12011.56,109.889563,108.738114,1.151450
2019-08-06,1.0895,11844.53,108.397174,107.226026,1.171148
2019-08-07,1.0868,11813.39,108.128544,106.944123,1.184422
2019-08-08,1.0995,11953.27,109.392100,108.210427,1.181674
2019-08-09,1.0903,11850.94,108.476768,107.284055,1.192714
2019-08-12,1.1025,11985.46,109.690578,108.501836,1.188742
2019-08-13,1.0970,11923.39,109.143369,107.939929,1.203440
2019-08-14,1.0989,11945.61,109.332405,108.141082,1.191322
2019-08-15,1.1033,11992.58,109.770172,108.566292,1.203880
2019-08-16,1.1028,11986.98,109.720426,108.515596,1.204830
2019-08-19,1.1224,12203.78,111.670481,110.478241,1.192240
2019-08-20,1.1195,12170.67,111.381952,110.178503,1.203449
2019-08-21,1.1184,12157.97,111.272510,110.063532,1.208978
2019-08-22,1.1193,12168.78,111.362054,110.161393,1.200660
2019-08-23,1.1216,12193.34,111.590886,110.383730,1.207157
2019-08-26,1.1120,12088.16,110.635758,109.431557,1.204200
2019-08-27,1.1249,12229.84,111.919212,110.714156,1.205056
2019-08-28,1.1242,12221.54,111.849567,110.639018,1.210549
2019-08-29,1.1168,12139.90,111.113322,109.899949,1.213373
2019-08-30,1.1131,12100.28,110.745199,109.541277,1.203922
2019-09-02,1.1213,12190.63,111.561039,110.359197,1.201842
2019-09-03,1.1196,12171.62,111.391901,110.187103,1.204798
2019-09-04,1.1306,12291.21,112.486320,111.269726,1.216594
2019-09-05,1.1354,12343.42,112.963884,111.742372,1.221512
2019-09-06,1.1413,12387.96,113.550890,112.145583,1.405307
2019-09-09,1.1491,12472.20,114.326933,112.908190,1.418742
2019-09-10,1.1429,12404.29,113.710079,112.293415,1.416663
2019-09-11,1.1441,12417.85,113.829470,112.416171,1.413299
2019-09-12,1.1514,12496.58,114.555766,113.128897,1.426868
2019-09-16,1.1535,12519.44,114.764700,113.335844,1.428856
2019-09-17,1.1377,12346.84,113.192717,111.773333,1.419384
2019-09-18,1.1436,12412.11,113.779723,112.364208,1.415515
2019-09-19,1.1460,12437.42,114.018506,112.593334,1.425171
2019-09-20,1.1454,12429.92,113.958810,112.525438,1.433372
2019-09-23,1.1318,12281.56,112.605711,111.182367,1.423344
2019-09-24,1.1372,12341.09,113.142971,111.721279,1.421692
2019-09-25,1.1266,12201.78,112.088349,110.460135,1.628214
2019-09-26,1.1261,12195.60,112.038603,110.404189,1.634414
2019-09-27,1.1234,12165.75,111.769973,110.133963,1.636010
2019-09-30,1.1194,12105.11,111.372003,109.585002,1.787001
2019-10-08,1.1269,12188.15,112.118197,110.336746,1.781452
2019-10-09,1.1389,12317.70,113.312108,111.509534,1.802574
2019-10-10,1.1447,12382.22,113.889165,112.093620,1.795545
2019-10-11,1.1514,12455.82,114.555766,112.759906,1.795860
2019-10-14,1.1652,12602.67,115.928763,114.089308,1.839456
2019-10-15,1.1594,12539.19,115.351706,113.514637,1.837070
2019-10-16,1.1593,12537.70,115.341757,113.501148,1.840609
2019-10-17,1.1556,12497.57,114.973634,113.137859,1.835775
2019-10-18,1.1416,12344.04,113.580738,111.747985,1.832753
2019-10-21,1.1465,12396.62,114.068252,112.223980,1.844271
2019-10-22,1.1494,12428.39,114.356780,112.511588,1.845193
2019-10-23,1.1420,12347.99,113.620535,111.783743,1.836792
2019-10-24,1.1443,12373.46,113.849368,112.014318,1.835050
2019-10-25,1.1515,12443.53,114.565715,112.648647,1.917068
2019-10-28,1.1539,12470.60,114.804497,112.893706,1.910791
2019-10-29,1.1453,12375.09,113.948861,112.029074,1.919787
2019-10-30,1.1412,12331.00,113.540941,111.629936,1.911005
2019-10-31,1.1358,12266.83,113.003681,111.049019,1.954662
2019-11-01,1.1496,12416.80,114.376679,112.406666,1.970013
2019-11-04,1.1516,12439.99,114.575664,112.616600,1.959064
2019-11-05,1.1602,12525.39,115.431300,113.389708,2.041592
2019-11-06,1.1545,12460.74,114.864193,112.804445,2.059747
2019-11-07,1.1580,12499.29,115.212417,113.153430,2.058986
2019-11-08,1.1530,12440.26,114.714954,112.619044,2.095910
2019-11-11,1.1339,12231.66,112.814645,110.730632,2.084013
2019-11-12,1.1345,12239.11,112.874341,110.798076,2.076265
2019-11-13,1.1290,12179.10,112.327132,110.254818,2.072314
2019-11-14,1.1283,12171.25,112.257487,110.183754,2.073733
2019-11-15,1.1235,12113.11,111.779922,109.657424,2.122498
2019-11-18,1.1372,12200.29,113.142971,110.446646,2.696324
2019-11-19,1.1499,12338.51,114.406527,111.697923,2.708604
2019-11-20,1.1426,12254.00,113.680231,110.932872,2.747359
2019-11-21,1.1419,12242.85,113.610586,110.831933,2.778653
2019-11-22,1.1406,12228.20,113.481246,110.699310,2.781936
2019-11-25,1.1570,12406.75,115.112924,112.315685,2.797239
2019-11-26,1.1566,12402.50,115.073127,112.277211,2.795916
2019-11-27,1.1524,12356.39,114.655258,111.859787,2.795471
2019-11-28,1.1471,12297.35,114.127947,111.325310,2.802637
2019-11-29,1.1477,12303.40,114.187643,111.380080,2.807564
2019-12-02,1.1486,12312.36,114.277186,111.461193,2.815994
2019-12-03,1.1531,12361.05,114.724903,111.901973,2.822930
2019-12-04,1.1499,12323.69,114.406527,111.563761,2.842766
2019-12-05,1.1528,12354.41,114.695055,111.841862,2.853193
2019-12-06,1.1573,12402.23,115.142772,112.274767,2.868005
2019-12-09,1.1625,12455.69,115.660133,112.758729,2.901405
2019-12-10,1.1606,12434.40,115.471097,112.565995,2.905103
2019-12-11,1.1630,12459.95,115.709880,112.797294,2.912586
2019-12-12,1.1624,12466.99,115.650184,112.861025,2.789159
2019-12-13,1.1771,12620.48,117.112725,114.250538,2.862187
2019-12-16,1.1815,12671.22,117.550492,114.709876,2.840616
2019-12-17,1.1905,12768.62,118.445926,115.591618,2.854308
2019-12-18,1.1874,12734.70,118.137499,115.284547,2.852952
2019-12-19,1.1910,12775.15,118.495672,115.650733,2.844940
2019-12-20,1.1899,12761.39,118.386230,115.526166,2.860064
2019-12-23,1.1767,12617.71,117.072928,114.225462,2.847467
2019-12-24,1.1793,12645.32,117.331609,114.475409,2.856200
2019-12-25,1.1771,12621.46,117.112725,114.259409,2.853316
2019-12-26,1.1887,12739.07,118.266839,115.324108,2.942731
2019-12-27,1.1924,12779.15,118.634962,115.686944,2.948018
2019-12-30,1.2085,12955.95,120.236792,117.287477,2.949316
2019-12-31,1.2155,13032.66,120.933240,117.981916,2.951324
2020-01-02,1.2284,13173.39,122.216695,119.255915,2.960780
2020-01-03,1.2267,13156.51,122.047557,119.103104,2.944453
2020-01-06,1.2212,13094.58,121.500348,118.542465,2.957883
2020-01-07,1.2286,13174.94,122.236593,119.269947,2.966646
2020-01-08,1.2126,12999.83,120.644712,117.684713,2.959999
2020-01-09,1.2239,13122.92,121.768978,118.799021,2.969957
2020-01-10,1.2197,13075.99,121.351109,118.374173,2.976936
2020-01-13,1.2232,13114.32,121.699333,118.721167,2.978167
2020-01-14,1.2242,13120.07,121.798826,118.773220,3.025606
2020-01-15,1.2169,13039.04,121.072530,118.039673,3.032857
2020-01-16,1.2089,12950.16,120.276589,117.235061,3.041528
2020-01-17,1.2084,12942.69,120.226843,117.167437,3.059406
2020-01-20,1.2077,12936.20,120.157198,117.108684,3.048514
2020-01-21,1.1888,12714.27,118.276788,115.099599,3.177190
2020-01-22,1.1905,12719.97,118.445926,115.151200,3.294726
2020-01-23,1.1574,12346.63,115.152721,111.771432,3.381290
2020-02-03,1.0642,11318.26,105.880012,102.461815,3.418197
2020-02-04,1.0855,11551.06,107.999204,104.569305,3.429900
2020-02-05,1.0964,11645.26,109.083673,105.422077,3.661596
2020-02-06,1.1068,11754.27,110.118396,106.408922,3.709474
2020-02-07,1.1004,11682.74,109.481644,105.761376,3.720268
2020-02-10,1.1161,11856.38,111.043677,107.333302,3.710375
2020-02-11,1.1248,11918.38,111.909263,107.894575,4.014688
2020-02-12,1.1297,11953.08,112.396776,108.208707,4.188070
2020-02-13,1.1248,11900.59,111.909263,107.733526,4.175737
2020-02-14,1.1334,11992.79,112.764899,108.568193,4.196706
2020-02-17,1.1546,12208.46,114.874142,110.520608,4.353534
2020-02-18,1.1470,12123.03,114.117998,109.747228,4.370770
2020-02-19,1.1448,12101.35,113.899115,109.550964,4.348151
2020-02-20,1.1584,12249.52,115.252214,110.892315,4.359898
2020-02-21,1.1592,12259.03,115.331808,110.978407,4.353400
2020-02-24,1.1464,12118.23,114.058303,109.703775,4.354528
2020-02-25,1.1343,11984.10,112.854442,108.489524,4.364918
2020-02-26,1.1418,12065.56,113.600637,109.226964,4.373672
2020-02-27,1.1486,12117.22,114.277186,109.694631,4.582555
2020-02-28,1.1224,11829.69,111.670481,107.091683,4.578798
2020-03-02,1.1617,12255.25,115.580539,110.944188,4.636352
2020-03-03,1.1601,12233.42,115.421351,110.746565,4.674786
2020-03-04,1.1755,12403.42,116.953537,112.285539,4.667998
2020-03-05,1.1895,12555.04,118.346433,113.658123,4.688310
2020-03-06,1.1719,12364.38,116.595364,111.932119,4.663245
2020-03-09,1.1429,12054.03,113.710079,109.122586,4.587493
2020-03-10,1.1558,12188.69,114.993533,110.341634,4.651899
2020-03-11,1.1439,12060.64,113.809571,109.182425,4.627147
2020-03-12,1.1285,11890.27,112.277385,107.640101,4.637284
2020-03-13,1.1114,11702.11,110.576062,105.936728,4.639334
2020-03-16,1.0838,11405.71,107.830067,103.253482,4.576585
2020-03-17,1.0812,11375.03,107.571386,102.975742,4.595644
2020-03-18,1.0636,11184.80,105.820316,101.253630,4.566686
2020-03-19,1.0456,10988.03,104.029450,99.472313,4.557137
2020-03-20,1.0632,11179.85,105.780519,101.208819,4.571700
2020-03-23,1.0335,10864.03,102.825589,98.349767,4.475822
2020-03-24,1.0598,11147.97,105.442245,100.920216,4.522029
2020-03-25,1.0836,11404.84,107.810168,103.245606,4.564562
2020-03-26,1.0762,11319.78,107.073923,102.475576,4.598347
2020-03-27,1.0828,11387.99,107.730574,103.093066,4.637508
2020-03-30,1.0756,11313.15,107.014227,102.415556,4.598672
2020-03-31,1.0715,11269.63,106.606308,102.021578,4.584730
2020-04-01,1.0672,11221.78,106.178490,101.588402,4.590087
2020-04-02,1.0775,11330.42,107.203263,102.571897,4.631366
2020-04-03,1.0737,11290.46,106.825192,102.210148,4.615044
2020-04-07,1.0899,11465.15,108.436971,103.791579,4.645392
2020-04-08,1.0875,11438.80,108.198189,103.553038,4.645151
2020-04-09,1.0901,11456.17,108.456870,103.710285,4.746585
2020-04-10,1.0848,11401.22,107.929559,103.212835,4.716725
2020-04-13,1.0857,11411.67,108.019103,103.307436,4.711666
2020-04-14,1.0954,11515.34,108.984181,104.245939,4.738242
2020-04-15,1.0889,11444.34,108.337479,103.603191,4.734288
2020-04-16,1.0874,11427.93,108.188240,103.454635,4.733605
2020-04-17,1.0921,11477.35,108.655855,103.902023,4.753832
2020-04-20,1.0961,11520.99,109.053825,104.297087,4.756738
2020-04-21,1.0880,11433.34,108.247936,103.503610,4.744325
2020-04-22,1.0888,11439.24,108.327530,103.557022,4.770508
2020-04-23,1.0866,11412.75,108.108646,103.317213,4.791433
2020-04-24,1.0805,11346.24,107.501741,102.715112,4.786629
2020-04-27,1.0885,11433.76,108.297682,103.507412,4.790269
2020-04-28,1.0886,11436.28,108.307631,103.530225,4.777406
2020-04-29,1.1083,11647.79,110.267635,105.444981,4.822654
2020-04-30,1.1175,11742.70,111.182967,106.304181,4.878786
2020-05-06,1.1145,11707.92,110.884489,105.989325,4.895164
2020-05-07,1.1166,11729.91,111.093424,106.188396,4.905028
2020-05-08,1.1236,11804.47,111.789872,106.863372,4.926500
2020-05-11,1.1299,11830.95,112.416675,107.103090,5.313585
2020-05-12,1.1233,11757.90,111.760024,106.441783,5.318241
2020-05-13,1.1268,11793.20,112.108248,106.761347,5.346901
2020-05-14,1.1131,11643.10,110.745199,105.402523,5.342676
2020-05-15,1.1094,11599.72,110.377077,105.009813,5.367264
2020-05-18,1.1149,11638.77,110.924286,105.363325,5.560962
2020-05-19,1.1186,11673.33,111.292409,105.676189,5.616220
2020-05-20,1.1131,11611.00,110.745199,105.111929,5.633271
2020-05-21,1.1112,11588.34,110.556164,104.906792,5.649371
2020-05-22,1.0916,11373.47,108.606109,102.961620,5.644489
2020-05-25,1.0956,11418.60,109.004079,103.370172,5.633907
2020-05-26,1.0987,11447.66,109.312506,103.633246,5.679260
2020-05-27,1.1023,11487.20,109.670680,103.991193,5.679486
2020-05-28,1.1093,11554.17,110.367128,104.597459,5.769669
2020-05-29,1.1024,11477.53,109.680629,103.903653,5.776976
2020-06-01,1.1223,11689.77,111.660531,105.825017,5.835514
2020-06-02,1.1284,11750.89,112.267436,106.378323,5.889113
2020-06-03,1.1266,11728.37,112.088349,106.174454,5.913895
2020-06-04,1.1293,11755.66,112.356979,106.421505,5.935474
2020-06-05,1.1286,11743.27,112.287335,106.309341,5.977994
2020-06-08,1.1349,11809.27,112.914138,106.906825,6.007313
2020-06-09,1.1402,11858.13,113.441449,107.349144,6.092304
2020-06-10,1.1365,11816.82,113.073326,106.975174,6.098152
2020-06-11,1.1265,11705.86,112.078400,105.970676,6.107724
2020-06-12,1.1290,11717.89,112.327132,106.079581,6.247550
2020-06-15,1.1177,11601.65,111.202865,105.027285,6.175580
2020-06-16,1.1330,11752.39,112.725102,106.391902,6.333200
2020-06-17,1.1352,11775.21,112.943986,106.598487,6.345499
2020-06-18,1.1415,11837.46,113.570789,107.162023,6.408766
2020-06-19,1.1460,11863.85,114.018506,107.400926,6.617579
2020-06-22,1.1382,11776.04,113.242463,106.606001,6.636463
2020-06-23,1.1346,11739.63,112.884290,106.276389,6.607901
2020-06-24,1.1402,11800.77,113.441449,106.829876,6.611572
2020-06-29,1.1345,11736.45,112.874341,106.247601,6.626740
2020-06-30,1.1454,11833.02,113.958810,107.121829,6.836981
2020-07-01,1.1736,12121.12,116.764501,109.729937,7.034564
2020-07-02,1.2067,12471.79,120.057706,112.904479,7.153227
2020-07-03,1.2246,12654.98,121.838623,114.562859,7.275764
2020-07-06,1.3015,13479.19,129.489603,122.024258,7.465345
2020-07-07,1.2961,13419.88,128.952343,121.487337,7.465006
2020-07-08,1.3050,13512.07,129.837827,122.321914,7.515914
2020-07-09,1.3183,13654.76,131.161078,123.613656,7.547423
2020-07-10,1.2923,13330.57,128.574271,120.678832,7.895439
2020-07-13,1.3202,13622.35,131.350114,123.320255,8.029859
2020-07-14,1.3149,13549.42,130.822804,122.660035,8.162769
2020-07-15,1.2978,13320.50,129.121480,120.587671,8.533810
2020-07-16,1.2788,12982.43,127.231121,117.527195,9.703927
2020-07-17,1.2780,12976.20,127.151527,117.470796,9.680732
2020-07-20,1.3303,13510.22,132.354990,122.305166,10.049824
2020-07-21,1.3267,13470.02,131.996816,121.941244,10.055572
2020-07-22,1.3272,13448.13,132.046563,121.743078,10.303484
2020-07-23,1.3157,13324.80,130.902398,120.626598,10.275800
2020-07-24,1.2734,12897.16,126.693861,116.755263,9.938598
2020-07-27,1.2679,12844.54,126.146652,116.278906,9.867747
2020-07-28,1.2745,12902.41,126.803303,116.802790,10.000513
2020-07-29,1.2990,13109.55,129.240872,118.677985,10.562886
2020-07-30,1.3003,13117.46,129.370212,118.749593,10.620619
2020-07-31,1.3163,13232.58,130.962093,119.791750,11.170344
2020-08-03,1.3465,13545.96,133.966769,122.628713,11.338057
2020-08-04,1.3493,13589.67,134.245349,123.024410,11.220939
2020-08-05,1.3421,13498.39,133.529002,122.198071,11.330931
2020-08-06,1.3431,13481.45,133.628495,122.044717,11.583778
2020-08-07,1.3400,13455.53,133.320068,121.810069,11.509999
2020-08-10,1.3526,13594.83,134.573674,123.071122,11.502552
2020-08-11,1.3467,13537.88,133.986668,122.555566,11.431102
2020-08-12,1.3437,13506.80,133.688190,122.274205,11.413985
2020-08-13,1.3508,13585.05,134.394588,122.982586,11.412002
2020-08-14,1.3611,13688.89,135.419361,123.922628,11.496734
2020-08-17,1.3964,14059.03,138.931450,127.273427,11.658023
2020-08-18,1.3979,14081.19,139.080688,127.474037,11.606652
2020-08-19,1.3888,14004.81,138.175306,126.782585,11.392721
2020-08-20,1.3748,13852.72,136.782410,125.405746,11.376664
2020-08-21,1.3775,13876.71,137.051040,125.622922,11.428117
2020-08-24,1.3819,13929.09,137.488807,126.097107,11.391700
2020-08-25,1.3777,13889.23,137.070938,125.736263,11.334675
2020-08-26,1.3567,13683.92,134.981594,123.877635,11.103959
2020-08-27,1.3576,13685.13,135.071137,123.888589,11.182548
2020-08-28,1.3760,13882.92,136.901801,125.679140,11.222661
2020-08-31,1.3627,13738.76,135.578549,124.374090,11.204459
2020-09-01,1.3594,13705.38,135.250224,124.071908,11.178316
2020-09-02,1.3542,13655.23,134.732862,123.617911,11.114952
2020-09-03,1.3474,13577.11,134.056313,122.910707,11.145606
2020-09-04,1.3404,13494.11,133.359865,122.159325,11.200539
2020-09-07,1.3237,13341.99,131.698338,120.782215,10.916123
2020-09-08,1.3333,13444.87,132.653467,121.713566,10.939901
2020-09-09,1.3095,13208.53,130.285544,119.574030,10.711514
2020-09-10,1.3045,13165.37,129.788081,119.183312,10.604769
2020-09-11,1.3077,13185.80,130.106457,119.368260,10.738197
2020-09-14,1.3085,13187.95,130.186051,119.387724,10.798327
2020-09-15,1.3126,13226.06,130.593971,119.732725,10.861245
2020-09-16,1.3183,13285.04,131.161078,120.266659,10.894420
2020-09-17,1.3179,13267.42,131.121281,120.107149,11.014133
2020-09-18,1.3468,13572.30,133.996617,122.867163,11.129454
2020-09-21,1.3388,13495.25,133.200677,122.169646,11.031031
2020-09-22,1.3189,13286.27,131.220774,120.277794,10.942980
2020-09-23,1.3179,13267.64,131.121281,120.109140,11.012141
2020-09-24,1.2962,13044.52,128.962292,118.089282,10.873010
2020-09-25,1.2896,12980.63,128.305641,117.510900,10.794742
2020-09-28,1.2944,13045.05,128.783206,118.094080,10.689125
2020-09-29,1.2953,13048.31,128.872749,118.123592,10.749157
2020-09-30,1.2867,12959.76,128.017113,117.321968,10.695145
2020-10-09,1.3090,13186.96,130.235797,119.378761,10.857036
2020-10-12,1.3333,13415.91,132.653467,121.451397,11.202070
2020-10-13,1.3353,13435.81,132.852452,121.631548,11.220905
2020-10-14,1.3303,13388.43,132.354990,121.202627,11.152363
2020-10-15,1.3288,13368.18,132.205751,121.019308,11.186443
2020-10-16,1.3395,13436.97,133.270321,121.642049,11.628272
2020-10-19,1.3324,13348.19,132.563924,120.838343,11.725581
2020-10-20,1.3301,13335.77,132.335091,120.725907,11.609184
2020-10-21,1.3312,13357.65,132.444533,120.923982,11.520551
2020-10-22,1.3247,13288.52,131.797831,120.298163,11.499668
2020-10-23,1.3201,13238.66,131.340165,119.846791,11.493375
2020-10-26,1.3166,13194.53,130.991941,119.447291,11.544650
2020-10-27,1.3148,13168.08,130.812854,119.207845,11.605010
2020-10-28,1.3094,13110.50,130.275594,118.686585,11.589009
2020-10-29,1.3190,13210.47,131.230723,119.591592,11.639131
2020-10-30,1.3018,13025.18,129.519451,117.914201,11.605250
2020-11-02,1.3134,13148.65,130.673565,119.031949,11.641616
2020-11-03,1.3289,13295.86,132.215700,120.364610,11.851090
2020-11-04,1.3361,13380.32,132.932047,121.129209,11.802838
2020-11-05,1.3532,13552.15,134.633370,122.684749,11.948621
2020-11-06,1.3602,13626.90,135.329818,123.361445,11.968373
2020-11-09,1.3833,13840.03,137.628097,125.290866,12.337231
2020-11-10,1.3771,13784.66,137.011243,124.789613,12.221629
2020-11-11,1.3842,13887.66,137.717640,125.722050,11.995590
2020-11-12,1.3904,13950.04,138.334494,126.286763,12.047731
2020-11-13,1.3771,13806.16,137.011243,124.984248,12.026995
2020-11-16,1.4104,14161.88,140.324346,128.204506,12.119840
2020-11-17,1.4144,14205.94,140.722316,128.603372,12.118944
2020-11-18,1.4221,14265.48,141.488409,129.142375,12.346034
2020-11-19,1.4129,14168.68,140.573077,128.266065,12.307012
2020-11-20,1.4185,14230.57,141.130236,128.826342,12.303894
2020-11-23,1.4406,14466.47,143.329022,130.961895,12.367127
2020-11-24,1.4329,14382.68,142.562929,130.203362,12.359567
2020-11-25,1.4119,14164.93,140.473585,128.232117,12.241468
2020-11-26,1.4135,14190.34,140.632773,128.462148,12.170624
2020-11-27,1.4240,14299.03,141.677445,129.446096,12.231349
2020-11-30,1.4120,14170.61,140.483534,128.283537,12.199997
2020-12-01,1.4276,14335.49,142.035618,129.776161,12.259458
2020-12-02,1.4289,14340.54,142.164959,129.821877,12.343081
2020-12-03,1.4131,14178.07,140.592976,128.351071,12.241905
2020-12-04,1.4093,14142.65,140.214904,128.030421,12.184483
2020-12-07,1.3902,13927.88,138.314596,126.086154,12.228442
2020-12-08,1.3883,13903.33,138.125560,125.863908,12.261652
2020-12-09,1.3697,13713.88,136.274998,124.148857,12.126141
2020-12-10,1.3687,13699.29,136.175505,124.016777,12.158728
2020-12-11,1.3634,13665.40,135.648194,123.709978,11.938217
2020-12-14,1.3547,13575.26,134.782609,122.893959,11.888649
2020-12-15,1.3512,13537.83,134.434385,122.555113,11.879271
2020-12-16,1.3454,13486.80,133.857328,122.093150,11.764178
2020-12-17,1.3538,13567.64,134.693065,122.824977,11.868088
2020-12-18,1.3626,13658.53,135.568600,123.647785,11.920815
2020-12-21,1.3608,13637.34,135.389513,123.455956,11.933557
2020-12-22,1.3307,13318.83,132.394787,120.572553,11.822234
2020-12-23,1.3306,13314.03,132.384837,120.529099,11.855738
2020-12-24,1.3212,13217.34,131.449607,119.653785,11.795822
2020-12-25,1.3297,13305.50,132.295294,120.451879,11.843415
2020-12-28,1.3253,13265.68,131.857527,120.091397,11.766130
2020-12-29,1.3197,13203.55,131.300368,119.528947,11.771421
2020-12-30,1.3237,13228.43,131.698338,119.754181,11.944158
2020-12-31,1.3305,13292.01,132.374888,120.329757,12.045131
2021-01-04,1.3216,13192.72,131.489404,119.430905,12.058499
2021-01-05,1.3208,13180.12,131.409810,119.316840,12.092970
2021-01-06,1.3324,13295.14,132.563924,120.358092,12.205832
2021-01-07,1.3329,13314.60,132.613670,120.534259,12.079411
2021-01-08,1.3368,13345.40,133.001691,120.813085,12.188606
2021-01-11,1.3244,13217.17,131.767983,119.652246,12.115737
2021-01-12,1.3251,13218.51,131.837628,119.664377,12.173251
2021-01-13,1.3235,13205.18,131.678440,119.543703,12.134737
2021-01-14,1.3214,13170.96,131.469506,119.233917,12.235589
2021-01-15,1.3291,13261.10,132.235598,120.049935,12.185663
2021-01-18,1.3385,13365.03,133.170829,120.990792,12.180037
2021-01-19,1.3516,13494.86,134.474182,122.166115,12.308067
2021-01-20,1.3385,13359.00,133.170829,120.936203,12.234626
2021-01-21,1.3385,13356.60,133.170829,120.914476,12.256352
2021-01-22,1.3161,13126.43,130.942195,118.830796,12.111399
2021-01-25,1.3013,12977.27,129.469705,117.480482,11.989222
2021-01-26,1.2979,12942.68,129.131430,117.167346,11.964083
2021-01-27,1.3016,12979.06,129.499552,117.496687,12.002866
2021-01-28,1.2875,12836.17,128.096707,116.203134,11.893573
2021-01-29,1.2866,12824.63,128.007163,116.098665,11.908499
2021-02-01,1.2989,12951.34,129.230922,117.245743,11.985179
2021-02-02,1.2936,12896.88,128.703612,116.752729,11.950883
2021-02-03,1.2887,12845.79,128.216098,116.290222,11.925876
2021-02-04,1.2856,12813.91,127.907671,116.001619,11.906052
2021-02-05,1.3052,13009.78,129.857726,117.774788,12.082937
2021-02-08,1.3059,13018.63,129.927370,117.854906,12.072465
2021-02-09,1.3115,13073.90,130.484529,118.355253,12.129276
2021-02-10,1.3174,13133.02,131.071535,118.890454,12.181081
2021-02-18,1.3446,13409.61,133.777734,121.394365,12.383369
2021-02-19,1.3672,13637.19,136.026266,123.454598,12.571668
2021-02-22,1.3787,13753.49,137.170431,124.507438,12.662993
2021-02-23,1.3671,13634.69,136.016317,123.431966,12.584350
2021-02-24,1.3648,13613.77,135.787484,123.242582,12.544902
2021-02-25,1.3957,13931.69,138.861805,126.120645,12.741160
2021-02-26,1.3682,13652.30,136.125759,123.591386,12.534373
2021-03-01,1.3884,13857.50,138.135509,125.449018,12.686491
2021-03-02,1.3790,13758.38,137.200279,124.551706,12.648573
2021-03-03,1.4101,14072.55,140.294498,127.395821,12.898678
2021-03-04,1.4120,14091.54,140.483534,127.567733,12.915801
2021-03-05,1.3921,13888.57,138.503631,125.730288,12.773343
2021-03-08,1.3850,13817.28,137.797234,125.084915,12.712319
2021-03-09,1.3708,13672.40,136.384439,123.773347,12.611092
2021-03-10,1.3613,13574.64,135.439260,122.888347,12.550913
2021-03-11,1.3954,13921.35,138.831957,126.027039,12.804918
2021-03-12,1.4227,14198.32,141.548105,128.534390,13.013715
2021-03-15,1.4317,14290.02,142.443538,129.364530,13.079008
2021-03-16,1.4365,14340.62,142.921102,129.822602,13.098501
2021-03-17,1.4275,14248.38,142.025669,128.987572,13.038097
2021-03-18,1.4301,14277.58,142.284350,129.251914,13.032436
2021-03-19,1.4126,14097.62,140.543230,127.622774,12.920456
2021-03-22,1.4283,14254.76,142.105263,129.045329,13.059934
2021-03-23,1.4109,14077.10,140.374092,127.437011,12.937081
2021-03-24,1.3933,13898.20,138.623023,125.817467,12.805556
2021-03-25,1.3899,13861.85,138.284748,125.488398,12.796350
2021-03-26,1.4010,13973.62,139.389116,126.500228,12.888887
2021-03-29,1.4263,14230.07,141.906278,128.821816,13.084462
2021-03-30,1.4221,14187.88,141.488409,128.439879,13.048530
2021-03-31,1.4219,14185.87,141.468511,128.421683,13.046828
2021-04-01,1.4294,14262.34,142.214705,129.113949,13.100756
2021-04-02,1.4160,14126.53,140.881504,127.884490,12.997014
2021-04-06,1.4159,14125.80,140.871555,127.877882,12.993674
2021-04-07,1.4302,14271.93,142.294299,129.200766,13.093534
2021-04-08,1.4273,14240.83,142.005771,128.919224,13.086547
2021-04-09,1.4241,14208.67,141.687394,128.628086,13.059308
2021-04-12,1.4277,14242.83,142.045568,128.937329,13.108238
2021-04-13,1.4179,14144.10,141.070540,128.043548,13.026993
2021-04-14,1.4243,14207.75,141.707293,128.619758,13.087535
2021-04-15,1.4248,14211.31,141.757039,128.651985,13.105054
2021-04-16,1.4452,14416.87,143.786688,130.512877,13.273811
2021-04-19,1.4413,14376.32,143.398667,130.145786,13.252881
2021-04-20,1.4386,14349.19,143.130037,129.900184,13.229853
2021-04-21,1.4425,14388.64,143.518058,130.257316,13.260741
2021-04-22,1.4428,14390.08,143.547906,130.270352,13.277553
2021-04-23,1.4329,14287.48,142.562929,129.341536,13.221393
2021-04-26,1.4269,14227.27,141.965974,128.796468,13.169506
2021-04-27,1.4221,14179.48,141.488409,128.363835,13.124574
2021-04-28,1.4336,14295.84,142.632574,129.417218,13.215356
2021-04-29,1.4484,14448.68,144.105064,130.800846,13.304218
2021-04-30,1.4369,14334.92,142.960899,129.771001,13.189899
2021-05-06,1.4561,14528.70,144.871157,131.525250,13.345907
2021-05-07,1.4639,14599.87,145.647199,132.169537,13.477662
2021-05-10,1.4759,14719.15,146.841110,133.249354,13.591757
2021-05-11,1.4676,14632.21,146.015322,132.462304,13.553018
2021-05-12,1.4823,14784.21,147.477863,133.838328,13.639535
2021-05-13,1.4752,14713.99,146.771466,133.202641,13.568824
2021-05-14,1.4784,14746.53,147.089842,133.497219,13.592623
2021-05-17,1.4859,14814.83,147.836036,134.115524,13.720512
2021-05-18,1.4925,14864.18,148.492687,134.562280,13.930408
2021-05-19,1.4873,14812.05,147.975326,134.090358,13.884968
2021-05-20,1.4672,14593.73,145.975525,132.113953,13.861572
2021-05-21,1.4717,14630.77,146.423241,132.449268,13.973973
2021-05-24,1.4806,14724.52,147.308725,133.297967,14.010758
2021-05-25,1.5041,14965.44,149.646801,135.478965,14.167836
2021-05-26,1.5117,15041.33,150.402945,136.165981,14.236964
2021-05-27,1.5193,15116.43,151.159089,136.845845,14.313243
2021-05-28,1.5285,15203.37,152.074420,137.632895,14.441526
2021-05-31,1.5396,15315.50,153.178788,138.647984,14.530804
2021-06-01,1.5385,15299.72,153.069346,138.505131,14.564215
2021-06-02,1.5398,15311.09,153.198687,138.608061,14.590625
2021-06-03,1.5363,15272.96,152.850463,138.262878,14.587584
2021-06-04,1.5326,15232.72,152.482340,137.898594,14.583746
2021-06-07,1.5179,15076.11,151.019799,136.480837,14.538962
2021-06-08,1.5203,15068.41,151.258581,136.411131,14.847451
2021-06-09,1.5241,15092.09,151.636653,136.625501,15.011152
2021-06-10,1.5245,15086.45,151.676450,136.574443,15.102007
2021-06-11,1.5202,15028.11,151.248632,136.046303,15.202329
2021-06-15,1.5060,14880.81,149.835837,134.712827,15.123010
2021-06-16,1.5023,14827.22,149.467715,134.227688,15.240026
2021-06-17,1.5009,14810.07,149.328425,134.072433,15.255992
2021-06-18,1.4935,14728.91,148.592180,133.337709,15.254471
2021-06-21,1.4923,14709.40,148.472789,133.161089,15.311700
2021-06-22,1.4978,14755.41,149.019998,133.577608,15.442390
2021-06-23,1.5156,14931.58,150.790966,135.172438,15.618529
2021-06-24,1.5150,14932.97,150.731271,135.185021,15.546250
2021-06-25,1.5228,14996.94,151.507313,135.764128,15.743185
2021-06-28,1.4972,14737.71,148.960302,133.417373,15.542929
2021-06-29,1.4931,14691.71,148.552383,133.000945,15.551438
2021-06-30,1.5007,14765.75,149.308527,133.671214,15.637313
2021-07-01,1.5112,14868.43,150.353199,134.600754,15.752445
2021-07-02,1.4957,14711.25,148.811064,133.177837,15.633227
2021-07-05,1.4915,14657.40,148.393195,132.690344,15.702851
2021-07-06,1.4970,14713.17,148.940404,133.195218,15.745186
2021-07-07,1.4935,14671.97,148.592180,132.822243,15.769937
2021-07-08,1.4669,14406.03,145.945677,130.414744,15.530933
2021-07-09,1.4813,14520.36,147.378370,131.449750,15.928621
2021-07-12,1.4724,14430.05,146.492886,130.632192,15.860694
2021-07-13,1.4812,14509.23,147.368421,131.348992,16.019429
2021-07-14,1.4819,14515.73,147.438066,131.407835,16.030230
2021-07-15,1.4911,14587.67,148.353398,132.059093,16.294305
2021-07-16,1.4987,14659.00,149.109541,132.704828,16.404713
2021-07-19,1.5011,14683.37,149.348324,132.925445,16.422879
2021-07-20,1.4974,14644.56,148.980201,132.574106,16.406095
2021-07-21,1.4869,14539.49,147.935529,131.622930,16.312599
2021-07-22,1.5018,14663.96,149.417968,132.749730,16.668238
2021-07-23,1.4940,14584.31,148.641926,132.028676,16.613251
2021-07-26,1.4624,14261.62,145.497960,129.107431,16.390529
2021-07-27,1.4195,13835.48,141.229728,125.249676,15.980052
2021-07-28,1.4174,13798.40,141.020794,124.913999,16.106795
2021-07-29,1.4198,13819.69,141.259576,125.106732,16.152844
2021-07-30,1.4225,13829.35,141.528206,125.194182,16.334024
2021-08-02,1.4172,13770.33,141.000895,124.659887,16.341009
2021-08-03,1.4063,13662.70,139.916426,123.685535,16.230891
2021-08-04,1.4186,13767.26,141.140185,124.632095,16.508090
2021-08-05,1.4170,13739.23,140.980997,124.378345,16.602652
2021-08-06,1.4265,13809.36,141.926176,125.013217,16.912959
2021-08-09,1.4465,14008.48,143.916028,126.815808,17.100220
2021-08-10,1.4519,14060.04,144.453288,127.282570,17.170718
2021-08-11,1.4840,14367.78,147.647000,130.068475,17.578525
2021-08-12,1.5011,14534.48,149.348324,131.577575,17.770748
2021-08-13,1.5000,14523.27,149.238882,131.476093,17.762788
2021-08-16,1.5116,14638.80,150.392996,132.521962,17.871034
2021-08-17,1.4905,14431.89,148.293702,130.648850,17.644853
2021-08-18,1.4974,14499.77,148.980201,131.263353,17.716848
2021-08-19,1.4813,14335.14,147.378370,129.772992,17.605378
2021-08-20,1.4838,14354.34,147.627102,129.946806,17.680296
2021-08-23,1.4962,14474.28,148.860810,131.032597,17.828213
2021-08-24,1.5042,14555.66,149.656751,131.769313,17.887437
2021-08-25,1.5133,14647.93,150.562133,132.604614,17.957519
2021-08-26,1.5255,14757.43,151.775943,133.595894,18.180048
2021-08-27,1.5416,14919.26,153.377773,135.060907,18.316866
2021-08-30,1.5472,14976.41,153.934932,135.578274,18.356658
2021-08-31,1.5861,15362.44,157.805194,139.072922,18.732271
2021-09-01,1.5875,15369.75,157.944483,139.139098,18.805385
2021-09-02,1.6166,15659.58,160.839717,141.762868,19.076850
2021-09-03,1.6097,15591.86,160.153219,141.149813,19.003406
2021-09-06,1.6269,15757.70,161.864491,142.651127,19.213364
2021-09-07,1.6610,16095.37,165.257188,145.707982,19.549206
2021-09-08,1.6895,16370.60,168.092727,148.199581,19.893146
2021-09-09,1.7332,16802.62,172.440553,152.110567,20.329986
2021-09-10,1.7215,16671.27,171.276490,150.921483,20.355007
2021-09-13,1.7713,17155.29,176.231221,155.303214,20.928007
2021-09-14,1.7386,16821.65,172.977813,152.282842,20.694971
2021-09-15,1.7323,16752.70,172.351010,151.658652,20.692358
2021-09-16,1.7219,16647.70,171.316287,150.708109,20.608178
2021-09-17,1.6879,16301.13,167.933539,147.570684,20.362855
2021-09-22,1.7359,16769.29,172.709183,151.808838,20.900345
2021-09-23,1.7316,16726.96,172.281365,151.425633,20.855732
2021-09-24,1.6758,16174.79,166.729679,146.426955,20.302724
2021-09-27,1.6356,15782.27,162.730077,142.873554,19.856522
2021-09-28,1.6816,16233.89,167.306736,146.961975,20.344761
2021-09-29,1.6348,15774.95,162.650483,142.807288,19.843195
2021-09-30,1.6565,15984.49,164.809472,144.704209,20.105263
2021-10-08,1.6428,15851.28,163.446423,143.498287,19.948136
2021-10-11,1.6577,16002.07,164.928863,144.863357,20.065506
2021-10-12,1.6482,15909.38,163.983683,144.024254,19.959429
2021-10-13,1.6206,15636.20,161.237688,141.551213,19.686474
2021-10-14,1.6041,15475.69,159.596060,140.098150,19.497910
2021-10-15,1.6143,15568.56,160.610884,140.938883,19.672002
2021-10-18,1.6465,15883.42,163.814546,143.789244,20.025302
2021-10-19,1.6467,15880.07,163.834444,143.758917,20.075527
2021-10-20,1.6154,15575.96,160.720326,141.005873,19.714453
2021-10-21,1.6357,15775.72,162.740026,142.814259,19.925767
2021-10-22,1.6004,15431.10,159.227938,139.694486,19.533451
2021-10-25,1.6040,15467.75,159.586111,140.026271,19.559840
2021-10-26,1.5932,15363.93,158.511591,139.086411,19.425180
2021-10-27,1.5622,15059.58,155.427321,136.331194,19.096126
2021-10-28,1.5182,14632.42,151.049647,132.464205,18.585442
2021-10-29,1.5116,14565.61,150.392996,131.859388,18.533607
2021-11-01,1.5282,14731.12,152.044573,133.357716,18.686857
2021-11-02,1.4892,14357.38,148.164362,129.974326,18.190035
2021-11-03,1.5188,14646.76,151.109342,132.594022,18.515320
2021-11-04,1.5152,14611.98,150.751169,132.279166,18.472003
2021-11-05,1.4822,14291.22,147.467914,129.375394,18.092520
2021-11-08,1.4874,14345.71,147.985275,129.868680,18.116595
2021-11-09,1.4822,14294.86,147.467914,129.408346,18.059568
2021-11-10,1.4786,14252.20,147.109740,129.022154,18.087586
2021-11-11,1.5126,14584.06,150.492488,132.026412,18.466076
2021-11-12,1.5014,14467.56,149.378171,130.971763,18.406409
2021-11-15,1.4982,14435.78,149.059795,130.684065,18.375730
2021-11-16,1.4862,14320.32,147.865884,129.638830,18.227054
2021-11-17,1.4834,14290.11,147.587305,129.365345,18.221960
2021-11-18,1.4828,14282.77,147.527609,129.298898,18.228711
2021-11-19,1.5046,14494.97,149.696548,131.219899,18.476648
2021-11-22,1.5018,14467.79,149.417968,130.973845,18.444124
2021-11-23,1.5178,14621.18,151.009850,132.362452,18.647398
2021-11-24,1.5370,14807.13,152.920107,134.045818,18.874289
2021-11-25,1.5334,14773.38,152.561934,133.740286,18.821648
2021-11-26,1.5134,14576.69,150.572082,131.959693,18.612389
2021-11-29,1.4994,14442.66,149.179186,130.746348,18.432838
2021-11-30,1.4962,14409.05,148.860810,130.442084,18.418726
2021-12-01,1.5200,14645.07,151.228733,132.578723,18.650010
2021-12-02,1.5258,14704.73,151.805790,133.118812,18.686978
2021-12-03,1.5506,14946.05,154.273207,135.303431,18.969775
2021-12-06,1.5446,14888.81,153.676251,134.785250,18.891001
2021-12-07,1.5684,15125.01,156.044175,136.923518,19.120656
2021-12-08,1.5686,15126.40,156.064073,136.936102,19.127971
2021-12-09,1.5752,15190.68,156.720724,137.518015,19.202709
2021-12-10,1.5546,15072.29,154.671177,136.446255,18.224922
2021-12-13,1.5524,15098.11,154.452293,136.679998,17.772295
2021-12-14,1.5356,14932.50,152.780818,135.180766,17.600052
2021-12-15,1.5490,15064.13,154.114019,136.372385,17.741634
2021-12-16,1.5754,15325.30,156.740623,138.736701,18.003921
2021-12-17,1.5756,15327.98,156.760521,138.760963,17.999558
2021-12-20,1.5692,15270.94,156.123769,138.244592,17.879177
2021-12-21,1.5966,15538.86,158.849866,140.670015,18.179851
2021-12-22,1.5918,15483.81,158.372301,140.171659,18.200642
2021-12-23,1.5982,15542.26,159.009054,140.700794,18.308259
2021-12-24,1.5872,15428.87,157.914635,139.674299,18.240337
2021-12-27,1.5946,15502.92,158.650881,140.344658,18.306223
2021-12-28,1.5814,15371.59,157.337578,139.155755,18.181823
2021-12-29,1.5738,15294.71,156.581435,138.459777,18.121658
2021-12-30,1.5792,15347.77,157.118695,138.940118,18.178577
2021-12-31,1.5908,15463.56,158.272809,139.988340,18.284469
2022-01-04,1.6158,15715.54,160.760123,142.269462,18.490662
2022-01-05,1.6242,15801.11,161.595861,143.044109,18.551752
2022-01-06,1.6324,15880.07,162.411700,143.758917,18.652783
2022-01-07,1.6496,16052.21,164.122973,145.317264,18.805709
2022-01-10,1.6612,16166.50,165.277087,146.351907,18.925180
2022-01-11,1.6634,16186.46,165.495971,146.532601,18.963370
2022-01-12,1.6548,16099.71,164.640334,145.747271,18.893063
2022-01-13,1.6466,16019.68,163.824495,145.022777,18.801718
2022-01-14,1.6172,15730.56,160.899413,142.405435,18.493978
2022-01-17,1.6232,15786.08,161.496369,142.908045,18.588323
2022-01-18,1.6430,15979.84,163.466322,144.662114,18.804208
2022-01-19,1.6610,16158.34,165.257188,146.278036,18.979152
2022-01-20,1.6570,16117.05,164.859218,145.904247,18.954971
2022-01-21,1.6420,15968.57,163.366829,144.560089,18.806740
2022-01-24,1.6448,15995.99,163.645408,144.808316,18.837092
2022-01-25,1.5980,15535.41,158.989155,140.638783,18.350372
2022-01-26,1.6108,15656.67,160.262660,141.736524,18.526136
2022-01-27,1.5956,15506.99,158.750373,140.381503,18.368870
2022-01-28,1.5788,15343.91,157.078898,138.905174,18.173724
2022-02-07,1.6236,15788.86,161.536166,142.933212,18.602953
2022-02-08,1.6592,16140.94,165.078102,146.120518,18.957584
2022-02-09,1.6676,16223.38,165.913839,146.866830,19.047010
2022-02-10,1.6910,16452.83,168.241966,148.943992,19.297974
2022-02-11,1.6958,16498.41,168.719530,149.356618,19.362912
2022-02-14,1.6622,16168.38,165.376579,146.368926,19.007653
2022-02-15,1.6486,16035.82,164.023480,145.168889,18.854591
2022-02-16,1.6672,16217.36,165.874042,146.812332,19.061710
2022-02-17,1.6602,16146.84,165.177594,146.173929,19.003665
2022-02-18,1.6958,16495.61,168.719530,149.331271,19.388260
2022-02-21,1.7002,16538.34,169.157298,149.718096,19.439202
2022-02-22,1.6844,16381.62,167.585315,148.299343,19.285972
2022-02-23,1.6680,16218.98,165.953636,146.826998,19.126639
2022-02-24,1.6364,15909.31,162.809671,144.023621,18.786050
2022-02-25,1.6344,15888.25,162.610686,143.832969,18.777717
2022-02-28,1.6352,15895.22,162.690280,143.896067,18.794213
2022-03-01,1.6516,16055.24,164.321958,145.344694,18.977264
2022-03-02,1.6656,16191.36,165.714854,146.576960,19.137895
2022-03-03,1.6896,16427.00,168.102676,148.710159,19.392518
2022-03-04,1.6762,16295.73,166.769476,147.521799,19.247677
2022-03-07,1.6612,16151.20,165.277087,146.213400,19.063687
2022-03-08,1.6082,15635.54,160.003980,141.545239,18.458741
2022-03-09,1.5922,15477.86,158.412098,140.117795,18.294303
2022-03-10,1.6060,15611.71,159.785096,141.329511,18.455585
2022-03-11,1.6144,15692.10,160.620834,142.057264,18.563569
2022-03-14,1.5830,15386.62,157.496766,139.291818,18.204948
2022-03-15,1.4920,14494.29,148.442941,131.213744,17.229197
2022-03-16,1.5284,14849.29,152.064471,134.427484,17.636988
2022-03-17,1.5476,15036.45,153.974729,136.121803,17.852925
2022-03-18,1.5886,15440.23,158.053925,139.777138,18.276787
2022-03-21,1.5820,15376.09,157.397274,139.196493,18.200781
2022-03-22,1.6128,15674.44,160.461646,141.897392,18.564254
2022-03-23,1.6128,15674.68,160.461646,141.899565,18.562081
2022-03-24,1.6032,15579.93,159.506517,141.041813,18.464704
2022-03-25,1.6066,15613.76,159.844792,141.348069,18.496723
2022-03-28,1.6404,15947.02,163.207641,144.365001,18.842640
2022-03-29,1.6344,15888.54,162.610686,143.835594,18.775091
2022-03-30,1.6606,16146.92,165.217391,146.174654,19.042738
2022-03-31,1.6792,16330.10,167.067953,147.832943,19.235010
2022-04-01,1.7090,16623.89,170.032833,150.492562,19.540270
2022-04-06,1.7388,16918.02,172.997712,153.155259,19.842453
2022-04-07,1.7086,16622.25,169.993036,150.477716,19.515320
2022-04-08,1.7304,16837.75,172.161974,152.428592,19.733382
2022-04-11,1.7028,16567.87,169.415979,149.985425,19.430553
2022-04-12,1.7026,16566.82,169.396080,149.975920,19.420160
2022-04-13,1.6906,16450.44,168.202169,148.922356,19.279813
2022-04-14,1.7226,16764.10,171.385932,151.761854,19.624078
2022-04-15,1.7142,16682.32,170.550194,151.021517,19.528677
2022-04-18,1.6888,16433.68,168.023082,148.770631,19.252451
2022-04-19,1.7092,16633.90,170.052731,150.583181,19.469550
2022-04-20,1.6654,16206.89,165.694956,146.717549,18.977406
2022-04-21,1.6356,15914.06,162.730077,144.066621,18.663455
2022-04-22,1.6658,16210.67,165.734753,146.751769,18.982984
2022-04-25,1.5998,15567.09,159.168242,140.925575,18.242667
2022-04-26,1.5876,15449.35,157.954432,139.859700,18.094733
2022-04-27,1.5996,15566.79,159.148343,140.922859,18.225484
2022-04-28,1.6340,15904.91,162.570888,143.983788,18.587100
2022-04-29,1.6622,16180.37,165.376579,146.477469,18.899110
2022-05-05,1.6650,16207.82,165.655159,146.725968,18.929190
2022-05-06,1.6162,15731.66,160.799920,142.415393,18.384528
2022-05-09,1.6258,15825.13,161.755049,143.261557,18.493492
2022-05-10,1.6416,15979.49,163.327032,144.658945,18.668087
2022-05-11,1.6396,15960.02,163.128047,144.482687,18.645360
2022-05-12,1.6404,15968.41,163.207641,144.558640,18.649001
2022-05-13,1.6794,16350.52,167.087852,148.017801,19.070051
2022-05-16,1.6870,16429.34,167.843996,148.731342,19.112653
2022-05-17,1.6730,16299.37,166.451099,147.554751,18.896348
2022-05-18,1.6626,16206.67,165.416376,146.715558,18.700819
2022-05-19,1.6744,16312.17,166.590389,147.670627,18.919762
2022-05-20,1.6820,16389.47,167.346533,148.370408,18.976125
2022-05-23,1.6740,16309.18,166.550592,147.643559,18.907033
2022-05-24,1.6374,15945.76,162.909163,144.353595,18.555569
2022-05-25,1.6648,16214.26,165.635260,146.784268,18.850992
2022-05-26,1.6842,16404.65,167.565416,148.507829,19.057588
2022-05-27,1.6928,16489.68,168.421053,149.277587,19.143465
2022-05-30,1.6928,16491.61,168.421053,149.295059,19.125993
2022-05-31,1.6888,16450.63,168.023082,148.924076,19.099006
2022-06-01,1.6930,16491.53,168.440951,149.294335,19.146616
2022-06-02,1.6758,16322.97,166.729679,147.768397,18.961282
2022-06-06,1.6752,16306.29,166.669983,147.617397,19.052587
2022-06-07,1.6768,16323.09,166.829171,147.769483,19.059688
2022-06-08,1.6918,16471.79,168.321560,149.115633,19.205927
2022-06-09,1.6950,16504.65,168.639936,149.413108,19.226829
2022-06-10,1.7008,16561.50,169.216993,149.927759,19.289235
2022-06-13,1.6688,16252.09,166.033231,147.126735,18.906495
2022-06-14,1.6916,16475.96,168.301662,149.153383,19.148278
2022-06-15,1.6982,16540.84,168.958313,149.740728,19.217584
2022-06-16,1.6750,16313.27,166.650085,147.680585,18.969500
2022-06-17,1.6700,16266.19,166.152622,147.254380,18.898242
2022-06-20,1.6642,16209.38,165.575565,146.740091,18.835474
2022-06-21,1.6736,16300.24,166.510795,147.562627,18.948168
2022-06-22,1.6466,16036.73,163.824495,145.177127,18.647368
2022-06-23,1.6606,16173.86,165.217391,146.418536,18.798856
2022-06-24,1.6544,16109.26,164.600537,145.833726,18.766812
2022-06-27,1.6712,16276.14,166.272013,147.344455,18.927558
2022-06-28,1.6790,16353.27,167.048055,148.042697,19.005358
2022-06-29,1.6938,16493.98,168.520545,149.316514,19.204031
2022-06-30,1.6978,16534.01,168.918516,149.678898,19.239618
2022-07-01,1.6994,16545.60,169.077704,149.783819,19.293884
2022-07-04,1.6948,16502.61,168.620038,149.394640,19.225398
2022-07-05,1.7002,16553.73,169.157298,149.857419,19.299879
2022-07-06,1.6634,16191.91,165.495971,146.581939,18.914032
2022-07-07,1.6648,16202.63,165.635260,146.678984,18.956276
2022-07-08,1.6668,16224.16,165.834245,146.873891,18.960354
2022-07-11,1.6598,16156.79,165.137797,146.264005,18.873793
2022-07-12,1.6754,16309.56,166.689882,147.646999,19.042882
2022-07-13,1.6704,16261.08,166.192419,147.208120,18.984299
2022-07-14,1.6452,16013.89,163.685205,144.970361,18.714844
2022-07-15,1.6178,15745.50,160.959109,142.540683,18.418425
2022-07-18,1.6532,16096.16,164.481146,145.715134,18.766012
2022-07-19,1.6592,16154.28,165.078102,146.241282,18.836820
2022-07-20,1.6612,16174.03,165.277087,146.420075,18.857012
2022-07-21,1.6306,15875.16,162.232614,143.714468,18.518146
2022-07-22,1.6298,15865.16,162.153020,143.623940,18.529080
2022-07-25,1.6306,15875.30,162.232614,143.715735,18.516878
2022-07-26,1.6540,16103.27,164.560740,145.779499,18.781241
2022-07-27,1.6476,16040.96,163.923988,145.215420,18.708568
2022-07-28,1.6530,16091.25,164.461248,145.670685,18.790563
2022-07-29,1.6364,15930.29,162.809671,144.213548,18.596123
2022-08-01,1.6376,15940.97,162.929062,144.310232,18.618830
2022-08-02,1.5986,15558.72,159.048851,140.849803,18.199047
2022-08-03,1.5780,15352.82,156.999304,138.985834,18.013469
2022-08-04,1.5902,15473.17,158.213113,140.075337,18.137776
2022-08-05,1.5996,15554.96,159.148343,140.815765,18.332579
2022-08-08,1.6150,15708.81,160.680529,142.208536,18.471993
2022-08-09,1.6198,15755.85,161.158094,142.634380,18.523714
2022-08-10,1.6152,15711.05,160.700428,142.228815,18.471613
2022-08-11,1.6350,15903.69,162.670381,143.972744,18.697637
2022-08-12,1.6468,16013.62,163.844394,144.967917,18.876477
2022-08-15,1.6464,16009.68,163.804597,144.932249,18.872348
2022-08-16,1.6494,16037.21,164.103074,145.181472,18.921602
2022-08-17,1.6568,16108.71,164.839319,145.828747,19.010573
2022-08-18,1.6424,15959.53,163.406626,144.478252,18.928375
2022-08-19,1.6582,16114.08,164.978609,145.877360,19.101249
2022-08-22,1.6718,16241.34,166.331708,147.029418,19.302290
2022-08-23,1.6724,16246.74,166.391404,147.078303,19.313101
2022-08-24,1.6554,16080.60,164.700030,145.574273,19.125757
2022-08-25,1.6954,16470.80,168.679733,149.106671,19.573063
2022-08-26,1.6910,16426.28,168.241966,148.703641,19.538325
2022-08-29,1.7026,16542.50,169.396080,149.755756,19.640324
2022-08-30,1.7050,16567.60,169.634862,149.982981,19.651881
2022-08-31,1.6956,16478.80,168.699632,149.179093,19.520539
2022-09-01,1.7144,16662.55,170.570093,150.842543,19.727549
2022-09-02,1.7110,16626.43,170.231818,150.515556,19.716261
2022-09-05,1.7436,16947.54,173.475276,153.422497,20.052779
2022-09-06,1.7628,17134.27,175.385534,155.112924,20.272609
2022-09-07,1.7644,17148.67,175.544722,155.243285,20.301437
2022-09-08,1.7662,17168.42,175.723809,155.422077,20.301731
2022-09-09,1.7876,17378.32,177.852950,157.322258,20.530692
2022-09-13,1.7772,17276.80,176.818227,156.403218,20.415009
2022-09-14,1.7642,17148.20,175.524823,155.239030,20.285794
2022-09-15,1.7726,17232.47,176.360561,156.001908,20.358653
2022-09-16,1.7198,16717.15,171.107353,151.336825,19.770527
2022-09-19,1.7204,16720.28,171.167048,151.365161,19.801888
2022-09-20,1.7118,16635.39,170.311412,150.596669,19.714743
2022-09-21,1.7258,16773.36,171.704308,151.845683,19.858625
2022-09-22,1.7186,16701.70,170.987961,151.196960,19.791002
2022-09-23,1.7036,16557.51,169.495573,149.891638,19.603934
2022-09-26,1.6734,16264.08,166.490896,147.235278,19.255618
2022-09-27,1.6916,16437.29,168.301662,148.803312,19.498350
2022-09-28,1.6766,16293.04,166.809273,147.497447,19.311826
2022-09-29,1.6630,16161.97,165.456174,146.310898,19.145275
2022-09-30,1.6700,16231.38,166.152622,146.939252,19.213369
2022-10-10,1.6770,16301.58,166.849070,147.574758,19.274312
2022-10-11,1.6750,16280.86,166.650085,147.387184,19.262900
2022-10-12,1.6964,16490.78,168.779226,149.287546,19.491680
2022-10-13,1.6806,16335.83,167.207243,147.884816,19.322427
2022-10-14,1.6924,16448.38,168.381256,148.903707,19.477548
2022-10-17,1.6860,16386.52,167.744503,148.343702,19.400801
2022-10-18,1.6810,16330.09,167.247040,147.832853,19.414187
2022-10-19,1.6730,16250.93,166.451099,147.116234,19.334865
2022-10-20,1.6600,16125.05,165.157696,145.976669,19.181027
2022-10-21,1.6658,16182.41,165.734753,146.495937,19.238816
2022-10-24,1.6282,15814.40,161.993831,143.164420,18.829411
2022-10-25,1.6192,15727.10,161.098398,142.374112,18.724286
2022-10-26,1.6074,15607.25,159.924386,141.289135,18.635250
2022-10-27,1.6150,15684.12,160.680529,141.985023,18.695506
2022-10-28,1.5876,15410.19,157.954432,139.505193,18.449240
2022-10-31,1.5486,15025.68,154.074221,136.024305,18.049917
2022-11-01,1.5632,15170.16,155.526813,137.332252,18.194561
2022-11-02,1.5836,15368.57,157.556462,139.128416,18.428046
2022-11-03,1.5708,15244.26,156.282957,138.003063,18.279893
2022-11-04,1.5972,15501.78,158.909561,140.334338,18.575224
2022-11-07,1.6048,15576.98,159.665705,141.015107,18.650598
2022-11-08,1.6048,15581.03,159.665705,141.051771,18.613934
2022-11-09,1.6030,15563.24,159.486618,140.890722,18.595896
2022-11-10,1.6062,15590.68,159.804995,141.139130,18.665864
2022-11-11,1.6474,15994.37,163.904089,144.793651,19.110438
2022-11-14,1.6422,15946.77,163.386728,144.362738,19.023990
2022-11-15,1.6502,16024.37,164.182668,145.065234,19.117434
2022-11-16,1.6454,15972.11,163.705104,144.592136,19.112968
2022-11-17,1.6396,15917.13,163.128047,144.094413,19.033634
2022-11-18,1.6306,15826.56,162.232614,143.274502,18.958111
2022-11-21,1.6242,15764.77,161.595861,142.715130,18.880731
2022-11-22,1.6416,15934.39,163.327032,144.250664,19.076368
2022-11-23,1.6524,16040.72,164.401552,145.213247,19.188305
2022-11-24,1.6598,16113.26,165.137797,145.869937,19.267860
2022-11-25,1.6916,16424.57,168.301662,148.688160,19.613501
2022-11-28,1.6824,16335.59,167.386330,147.882643,19.503686
2022-11-29,1.7316,16819.38,172.281365,152.262292,20.019073
2022-11-30,1.7286,16790.19,171.982887,151.998041,19.984846
2022-12-01,1.7172,16677.42,170.848672,150.977158,19.871514
2022-12-02,1.7042,16553.20,169.555268,149.852621,19.702648
2022-12-05,1.7326,16831.76,172.380858,152.374365,20.006492
2022-12-06,1.7250,16758.63,171.624714,151.712335,19.912379
2022-12-07,1.7150,16660.57,170.629788,150.824619,19.805170
2022-12-08,1.7208,16716.35,171.206845,151.329583,19.877262
2022-12-09,1.7032,16641.66,169.455776,150.653430,18.802345
2022-12-12,1.6766,16415.73,166.809273,148.608134,18.201139
2022-12-13,1.6852,16500.97,167.664909,149.379793,18.285116
2022-12-14,1.6788,16437.35,167.028156,148.803855,18.224301
2022-12-15,1.6610,16263.99,165.257188,147.234464,18.022725
2022-12-16,1.6786,16442.94,167.008258,148.854460,18.153798
2022-12-19,1.6488,16157.22,164.043379,146.267897,17.775481
2022-12-20,1.6328,15994.02,162.451497,144.790482,17.661015
2022-12-21,1.6324,15986.49,162.411700,144.722315,17.689386
2022-12-22,1.6230,15895.01,161.476470,143.894166,17.582304
2022-12-23,1.6172,15833.63,160.899413,143.338505,17.560908
2022-12-26,1.6148,15809.56,160.660631,143.120605,17.540026
2022-12-27,1.6340,16000.08,162.570888,144.845342,17.725546
2022-12-28,1.6352,16011.02,162.690280,144.944380,17.745900
2022-12-29,1.6230,15889.65,161.476470,143.845643,17.630827
2022-12-30,1.6342,15998.07,162.590787,144.827146,17.763641
2023-01-03,1.6434,16089.92,163.506119,145.658645,17.847474
2023-01-04,1.6550,16206.32,164.660233,146.712389,17.947844
2023-01-05,1.6544,16199.49,164.600537,146.650559,17.949979
2023-01-06,1.6526,16181.94,164.421451,146.491682,17.929768
2023-01-09,1.6518,16175.48,164.341857,146.433201,17.908655
2023-01-10,1.6404,16063.99,163.207641,145.423906,17.783735
2023-01-11,1.6466,16125.06,163.824495,145.976760,17.847735
2023-01-12,1.6442,16100.54,163.585713,145.754785,17.830928
2023-01-13,1.6596,16253.04,165.117899,147.135336,17.982563
2023-01-16,1.6650,16306.84,165.655159,147.622376,18.032783
2023-01-17,1.6616,16274.56,165.316884,147.330152,17.986732
2023-01-18,1.6678,16335.57,165.933738,147.882462,18.051276
2023-01-19,1.6732,16380.55,166.470998,148.289657,18.181341
2023-01-20,1.6878,16524.35,167.923590,149.591448,18.332142
2023-01-30,1.6866,16515.29,167.804199,149.509429,18.294769
2023-01-31,1.6898,16547.15,168.122575,149.797851,18.324724
2023-02-01,1.6982,16629.69,168.958313,150.545068,18.413244
2023-02-02,1.6992,16640.53,169.057805,150.643201,18.414605
2023-02-03,1.6860,16512.19,167.744503,149.481366,18.263137
2023-02-06,1.6824,16479.33,167.386330,149.183891,18.202439
2023-02-07,1.6892,16547.62,168.062879,149.802106,18.260773
2023-02-08,1.6790,16448.64,167.048055,148.906061,18.141994
2023-02-09,1.6932,16587.64,168.460850,150.164399,18.296451
2023-02-10,1.6982,16629.97,168.958313,150.547603,18.410709
2023-02-13,1.7042,16691.13,169.555268,151.101272,18.453996
2023-02-14,1.7134,16780.83,170.470600,151.913307,18.557293
2023-02-15,1.7086,16732.66,169.993036,151.477234,18.515801
2023-02-16,1.7002,16646.36,169.157298,150.695978,18.461319
2023-02-17,1.6946,16592.02,168.600139,150.204050,18.396089
2023-02-20,1.7346,16987.72,172.579843,153.786238,18.793604
2023-02-21,1.7514,17154.72,174.251318,155.298054,18.953264
2023-02-22,1.7518,17158.98,174.291115,155.336619,18.954496
2023-02-23,1.7520,17162.40,174.311014,155.367579,18.943434
2023-02-24,1.7478,17121.76,173.893145,154.999674,18.893471
2023-02-27,1.7398,17044.68,173.097204,154.301885,18.795319
2023-02-28,1.7496,17140.18,174.072232,155.166426,18.905805
2023-03-01,1.7624,17265.43,175.345737,156.300288,19.045449
2023-03-02,1.7730,17372.48,176.400358,157.269389,19.130969
2023-03-03,1.7890,17529.73,177.992240,158.692940,19.299299
2023-03-06,1.7862,17501.20,177.713660,158.434664,19.278996
2023-03-07,1.7800,17441.68,177.096806,157.895842,19.200964
2023-03-08,1.7798,17439.14,177.076908,157.872848,19.204060
2023-03-09,1.7754,17389.50,176.639140,157.423468,19.215673
2023-03-10,1.7444,17083.06,173.554870,154.649331,18.905539
2023-03-13,1.7682,17316.94,175.922794,156.766597,19.156196
2023-03-14,1.7576,17213.51,174.868172,155.830267,19.037905
2023-03-15,1.7880,17511.01,177.892747,158.523472,19.369275
2023-03-16,1.7712,17346.77,176.221272,157.036642,19.184629
2023-03-17,1.7934,17566.82,178.430007,159.028708,19.401299
2023-03-20,1.7878,17513.46,177.872848,158.545651,19.327197
2023-03-21,1.7808,17444.03,177.176400,157.917116,19.259284
2023-03-22,1.7922,17558.55,178.310616,158.953842,19.356774
2023-03-23,1.7936,17570.13,178.449905,159.058673,19.391233
2023-03-24,1.7804,17442.67,177.136603,157.904804,19.231799
2023-03-27,1.7654,17293.77,175.644215,156.556844,19.087370
2023-03-28,1.7704,17343.65,176.141677,157.008397,19.133280
2023-03-29,1.7610,17249.03,175.206447,156.151823,19.054625
2023-03-30,1.7706,17344.73,176.161576,157.018174,19.143402
2023-03-31,1.7762,17399.51,176.718734,157.514086,19.204648
2023-04-03,1.7918,17554.17,178.270819,158.914190,19.356628
2023-04-04,1.8026,17661.12,179.345339,159.882386,19.462953
2023-04-06,1.7874,17509.01,177.833051,158.505366,19.327685
2023-04-07,1.7860,17495.67,177.693762,158.384602,19.309160
2023-04-10,1.7900,17518.27,178.091732,158.589195,19.502537
2023-04-11,1.8092,17710.88,180.001990,160.332853,19.669137
2023-04-12,1.8370,17987.11,182.767884,162.833505,19.934379
2023-04-13,1.8402,18020.46,183.086260,163.135415,19.950845
2023-04-14,1.8338,17956.82,182.449508,162.559296,19.890212
2023-04-17,1.8594,18211.26,184.996518,164.862687,20.133830
2023-04-18,1.8622,18239.44,185.275097,165.117795,20.157302
2023-04-19,1.8646,18262.80,185.513879,165.329268,20.184611
2023-04-20,1.8796,18397.80,187.006268,166.551394,20.454874
2023-04-21,1.8522,18127.95,184.280171,164.108499,20.171672
2023-04-24,1.8554,18160.61,184.598547,164.404164,20.194384
2023-04-25,1.8692,18299.74,185.971545,165.663678,20.307867
2023-04-26,1.8706,18311.54,186.110835,165.770501,20.340334
2023-04-27,1.8768,18372.27,186.727689,166.320277,20.407412
2023-04-28,1.9092,18691.73,189.951249,169.212281,20.738968
2023-05-04,1.9598,19193.35,194.985574,173.753340,21.232233
2023-05-05,1.9646,19240.88,195.463138,174.183620,21.279518
2023-05-08,2.0212,19800.28,201.094418,179.247749,21.846669
2023-05-09,1.9990,19579.26,198.885683,177.246902,21.638781
2023-05-10,1.9504,19099.08,194.050343,172.899934,21.150409
2023-05-11,1.9442,19040.33,193.433489,172.368083,21.065406
2023-05-12,1.9242,18840.98,191.443637,170.563409,20.880228
2023-05-15,1.9172,18770.82,190.747189,169.928266,20.818924
2023-05-16,1.8978,18578.41,188.817033,168.186419,20.630614
2023-05-17,1.8920,18520.60,188.239976,167.663077,20.576899
2023-05-18,1.9112,18709.96,190.150234,169.377313,20.772921
2023-05-19,1.8812,18412.12,187.165456,166.681030,20.484426
2023-05-22,1.8786,18385.41,186.906775,166.439230,20.467545
2023-05-23,1.8510,18115.91,184.160780,163.999504,20.161276
2023-05-24,1.8256,17863.15,181.633668,161.711321,19.922347
2023-05-25,1.8156,17765.54,180.638742,160.827678,19.811064
2023-05-26,1.8412,18016.92,183.185753,163.103368,20.082384
2023-05-29,1.8510,18113.42,184.160780,163.976962,20.183818
2023-05-30,1.8582,18184.61,184.877127,164.621430,20.255696
2023-05-31,1.8450,18053.92,183.563824,163.438322,20.125503
2023-06-01,1.8534,18137.73,184.399562,164.197036,20.202526
2023-06-02,1.8554,18154.98,184.598547,164.353196,20.245351
2023-06-05,1.8756,18356.64,186.608298,166.178782,20.429516
2023-06-06,1.8622,18226.01,185.275097,164.996216,20.278881
2023-06-07,1.8794,18394.02,186.986370,166.517175,20.469195
2023-06-08,1.8930,18529.55,188.339469,167.744099,20.595369
2023-06-09,1.8944,18543.10,188.478758,167.866765,20.611994
2023-06-12,1.8800,18403.80,187.046065,166.605711,20.440354
2023-06-13,1.8782,18385.43,186.866978,166.439411,20.427567
2023-06-14,1.8664,18268.66,185.692966,165.382317,20.310649
2023-06-15,1.8692,18298.70,185.971545,165.654263,20.317282
2023-06-16,1.8650,18257.06,185.553676,165.277305,20.276371
2023-06-19,1.8384,17994.06,182.907173,162.896422,20.010752
2023-06-20,1.8208,17821.36,181.156104,161.333005,19.823099
2023-06-21,1.8058,17672.57,179.663715,159.986041,19.677674
2023-06-26,1.7738,17358.84,176.479952,157.145909,19.334043
2023-06-27,1.8090,17704.36,179.982091,160.273829,19.708263
2023-06-28,1.8174,17789.96,180.817829,161.048747,19.769082
2023-06-29,1.8128,17743.60,180.360163,160.629060,19.731103
2023-06-30,1.8208,17820.89,181.156104,161.328750,19.827354
2023-07-03,1.8458,18068.74,183.643419,163.572484,20.070935
2023-07-04,1.8382,17992.71,182.887275,162.884200,20.003075
2023-07-05,1.8350,17961.34,182.568899,162.600214,19.968684
2023-07-06,1.8312,17922.98,182.190827,162.252949,19.937877
2023-07-07,1.8356,17967.91,182.628594,162.659691,19.968903
2023-07-10,1.8420,18030.94,183.265347,163.230288,20.035058
2023-07-11,1.8460,18071.18,183.663317,163.594573,20.068744
2023-07-12,1.8396,18005.55,183.026565,163.000438,20.026126
2023-07-13,1.8670,18275.35,185.752661,165.442881,20.309781
2023-07-14,1.8714,18319.30,186.190429,165.840751,20.349678
2023-07-17,1.8584,18190.08,184.897025,164.670949,20.226076
2023-07-18,1.8552,18157.24,184.578649,164.373656,20.204993
2023-07-19,1.8696,18302.31,186.011342,165.686944,20.324398
2023-07-20,1.8590,18198.21,184.956721,164.744548,20.212172
2023-07-21,1.8578,18184.59,184.837330,164.621249,20.216080
2023-07-24,1.8592,18199.34,184.976619,164.754778,20.221841
2023-07-25,1.8938,18541.79,188.419063,167.854906,20.564157
2023-07-26,1.8900,18503.99,188.040991,167.512710,20.528281
2023-07-27,1.8936,18538.48,188.399164,167.824941,20.574223
2023-07-28,1.9230,18829.32,191.324246,170.457854,20.866393
2023-07-31,1.9398,18996.90,192.995722,171.974920,21.020802
2023-08-01,1.9442,19038.20,193.433489,172.348800,21.084689
2023-08-02,1.9184,18784.67,190.866580,170.053647,20.812934
2023-08-03,1.9212,18811.70,191.145160,170.298344,20.846816
2023-08-04,1.9246,18846.28,191.483434,170.611389,20.872045
2023-08-07,1.9122,18725.44,190.249726,169.517450,20.732276
2023-08-08,1.9112,18714.06,190.150234,169.414429,20.735804
2023-08-09,1.8986,18588.02,188.896627,168.273416,20.623211
2023-08-10,1.9018,18618.65,189.215003,168.550703,20.664301
2023-08-11,1.8724,18328.76,186.289921,165.926390,20.363531
2023-08-14,1.8732,18337.14,186.369515,166.002252,20.367263
2023-08-15,1.8832,18432.69,187.364441,166.867246,20.497195
2023-08-16,1.8766,18368.02,186.707790,166.281802,20.425988
2023-08-17,1.8748,18349.63,186.528704,166.115322,20.413382
2023-08-18,1.8670,18271.40,185.752661,165.407122,20.345539
2023-08-21,1.8552,18155.03,184.578649,164.353649,20.225000
2023-08-22,1.8788,18386.91,186.926674,166.452810,20.473864
2023-08-23,1.8766,18365.43,186.707790,166.258356,20.449435
2023-08-24,1.8658,18260.87,185.633270,165.311796,20.321474
2023-08-25,1.8660,18264.44,185.653169,165.344115,20.309054
2023-08-28,1.8912,18510.75,188.160382,167.573907,20.586475
2023-08-29,1.8896,18493.83,188.001194,167.420734,20.580460
2023-08-30,1.8740,18340.38,186.449110,166.031583,20.417526
2023-08-31,1.8604,18206.35,185.096010,164.818238,20.277772
2023-09-01,1.8742,18342.59,186.469008,166.051590,20.417418
2023-09-04,1.9110,18705.11,190.130335,169.333407,20.796928
2023-09-05,1.8906,18502.33,188.100686,167.497682,20.603004
2023-09-06,1.8870,18465.67,187.742513,167.165807,20.576706
2023-09-07,1.8808,18405.75,187.125659,166.623364,20.502295
2023-09-08,1.8692,18288.40,185.971545,165.561019,20.410526
2023-09-11,1.8850,18444.26,187.543528,166.971987,20.571541
2023-09-12,1.8814,18409.97,187.185355,166.661567,20.523788
2023-09-13,1.8864,18460.50,187.682818,167.119004,20.563813
2023-09-14,1.9014,18606.39,189.175206,168.439716,20.735491
2023-09-15,1.9014,18605.80,189.175206,168.434375,20.740832
2023-09-18,1.8994,18586.53,188.976221,168.259927,20.716294
2023-09-19,1.9118,18709.54,190.209929,169.373511,20.836419
2023-09-20,1.9180,18770.10,190.826783,169.921748,20.905036
2023-09-21,1.9028,18621.21,189.314496,168.573878,20.740618
2023-09-22,1.9172,18763.67,190.747189,169.863538,20.883651
2023-09-25,1.9130,18723.22,190.329320,169.497353,20.831968
2023-09-26,1.9088,18682.00,189.911452,169.124197,20.787255
2023-09-27,1.9036,18631.65,189.394090,168.668389,20.725701
2023-09-28,1.9026,18620.74,189.294598,168.569623,20.724974
2023-10-09,1.8954,18553.39,188.578251,167.959918,20.618333
2023-10-10,1.8758,18361.19,186.628196,166.219972,20.408224
2023-10-11,1.8712,18317.14,186.170530,165.821197,20.349334
2023-10-12,1.8948,18548.98,188.518555,167.919995,20.598560
2023-10-13,1.8914,18516.55,188.180281,167.626413,20.553867
2023-10-16,1.9008,18610.86,189.115511,168.480182,20.635329
2023-10-17,1.9102,18702.97,190.050741,169.314034,20.736707
2023-10-18,1.9004,18606.48,189.075714,168.440530,20.635183
2023-10-19,1.8644,18254.38,185.493981,165.253044,20.240937
2023-10-20,1.8524,18137.25,184.300070,164.192690,20.107379
2023-10-23,1.8254,17872.90,181.613770,161.799586,19.814184
2023-10-24,1.8398,18015.04,183.046463,163.086349,19.960114
2023-10-25,1.8588,18202.86,184.936822,164.786644,20.150178
2023-10-26,1.8676,18288.44,185.812357,165.561382,20.250975
2023-10-27,1.8728,18340.11,186.329718,166.029139,20.300579
2023-10-30,1.8408,18025.33,183.145956,163.179502,19.966453
2023-10-31,1.8432,18053.45,183.384738,163.434067,19.950671
2023-11-01,1.8436,18056.76,183.424535,163.464031,19.960503
2023-11-02,1.8488,18109.21,183.941896,163.938850,20.003046
2023-11-03,1.8392,18015.67,182.986767,163.092052,19.894715
2023-11-06,1.8366,17989.36,182.728087,162.853874,19.874213
2023-11-07,1.8372,17999.16,182.787782,162.942591,19.845191
2023-11-08,1.8380,18008.45,182.867376,163.026691,19.840685
2023-11-09,1.8428,18058.50,183.344941,163.479783,19.865157
2023-11-10,1.8298,17932.34,182.051537,162.337684,19.713854
2023-11-13,1.8384,18017.11,182.907173,163.105088,19.802085
2023-11-14,1.8382,18017.46,182.887275,163.108257,19.779018
2023-11-15,1.8520,18151.72,184.260273,164.323684,19.936588
2023-11-16,1.8520,18153.41,184.260273,164.338983,19.921289
2023-11-17,1.8476,18110.14,183.822505,163.947269,19.875236
2023-11-20,1.8510,18144.61,184.160780,164.259319,19.901461
2023-11-21,1.8586,18218.82,184.916924,164.931126,19.985797
2023-11-22,1.8556,18190.21,184.618446,164.672126,19.946320
2023-11-23,1.8626,18259.71,185.314894,165.301295,20.013599
2023-11-24,1.8620,18254.69,185.255198,165.255850,19.999349
2023-11-27,1.8532,18168.21,184.379664,164.472965,19.906699
2023-11-28,1.8518,18154.42,184.240374,164.348127,19.892247
2023-11-29,1.8348,17987.14,182.549000,162.833776,19.715224
2023-11-30,1.8418,18057.09,183.245448,163.467019,19.778429
2023-12-01,1.8510,18145.63,184.160780,164.268553,19.892227
2023-12-04,1.8544,18181.51,184.499055,164.593367,19.905688
2023-12-05,1.8248,17889.74,181.554074,161.952035,19.602040
2023-12-06,1.8222,17865.41,181.295393,161.731780,19.563613
2023-12-07,1.8256,17897.95,181.633668,162.026358,19.607310
2023-12-08,1.8194,17837.49,181.016814,161.479026,19.537788
2023-12-11,1.8412,18076.31,183.185753,163.641013,19.544739
2023-12-12,1.8520,18185.31,184.260273,164.627767,19.632505
2023-12-13,1.8372,18038.89,182.787782,163.302258,19.485524
2023-12-14,1.8346,18014.19,182.529102,163.078654,19.450447
2023-12-15,1.8230,17900.81,181.374988,162.052249,19.322738
2023-12-18,1.8216,17887.23,181.235698,161.929312,19.306386
2023-12-19,1.8206,17876.87,181.136205,161.835525,19.300680
2023-12-20,1.8170,17843.15,180.778032,161.530265,19.247767
2023-12-21,1.8124,17796.71,180.320366,161.109854,19.210512
2023-12-22,1.8130,17802.69,180.380062,161.163989,19.216072
2023-12-25,1.8136,17810.13,180.439757,161.231342,19.208415
2023-12-26,1.8122,17792.02,180.300468,161.067396,19.233071
2023-12-27,1.8250,17918.39,181.573973,162.211397,19.362576
2023-12-28,1.8180,17849.55,180.877525,161.588203,19.289321
2023-12-29,1.8288,17954.84,181.952045,162.541371,19.410673
2024-01-02,1.8480,18146.64,183.862302,164.277696,19.584606
2024-01-03,1.8712,18375.26,186.170530,166.347345,19.823186
2024-01-04,1.8864,18524.52,187.682818,167.698564,19.984254
2024-01-05,1.8928,18587.56,188.319570,168.269252,20.050319
2024-01-08,1.8752,18416.46,186.568501,166.720320,19.848181
2024-01-09,1.8866,18528.07,187.702716,167.730701,19.972015
2024-01-10,1.8732,18396.90,186.369515,166.543247,19.826268
2024-01-11,1.8614,18280.71,185.195503,165.491403,19.704099
2024-01-12,1.8688,18352.90,185.931748,166.144924,19.786824
2024-01-15,1.8822,18486.62,187.264949,167.355463,19.909486
2024-01-16,1.8920,18583.82,188.239976,168.235394,20.004582
2024-01-17,1.8674,18341.88,185.792458,166.045163,19.747296
2024-01-18,1.8542,18210.30,184.479156,164.853997,19.625160
2024-01-19,1.8430,18101.34,183.364839,163.867605,19.497235
2024-01-22,1.7906,17586.12,178.151428,159.203427,18.948001
2024-01-23,1.8074,17754.53,179.822903,160.728007,19.094896
2024-01-24,1.8506,18178.86,184.120983,164.569377,19.551606
2024-01-25,1.9062,18726.56,189.652771,169.527589,20.125182
2024-01-26,1.9330,18990.17,192.319172,171.913995,20.405177
2024-01-29,1.9374,19035.67,192.756940,172.325897,20.431043
2024-01-30,1.9134,18798.68,190.369118,170.180476,20.188641
2024-01-31,1.9118,18783.74,190.209929,170.045228,20.164702
2024-02-01,1.8892,18561.80,187.961397,168.036052,19.925345
2024-02-02,1.8904,18573.47,188.080788,168.141698,19.939090
2024-02-05,1.8882,18553.28,187.861904,167.958922,19.902982
2024-02-06,1.9198,18864.23,191.005870,170.773887,20.231983
2024-02-07,1.9464,19127.52,193.652373,173.157395,20.494977
2024-02-08,1.9422,19085.65,193.234504,172.778355,20.456149
2024-02-19,1.9896,19556.30,197.950453,177.039050,20.911403
2024-02-20,2.0078,19734.69,199.761218,178.653977,21.107241
2024-02-21,2.0166,19822.26,200.636753,179.446730,21.190023
2024-02-22,2.0462,20114.18,203.581733,182.089420,21.492313
2024-02-23,2.0454,20107.53,203.502139,182.029219,21.472920
2024-02-26,1.9970,19630.51,198.686698,177.710858,20.975840
2024-02-27,2.0082,19742.99,199.801015,178.729115,21.071900
2024-02-28,1.9906,19569.12,198.049945,177.155107,20.894838
2024-02-29,2.0098,19759.95,199.960203,178.882651,21.077552
2024-03-01,2.0100,19760.74,199.980101,178.889802,21.090299
2024-03-04,2.0206,19867.86,201.034723,179.859537,21.175186
2024-03-05,2.0352,20011.23,202.487315,181.157435,21.329879
2024-03-06,2.0346,20006.89,202.427619,181.118146,21.309473
2024-03-07,2.0428,20086.95,203.243458,181.842912,21.400546
2024-03-08,2.0556,20213.25,204.516963,182.986280,21.530684
2024-03-11,2.0416,20076.06,203.124067,181.744328,21.379740
2024-03-12,1.9908,19576.50,198.069844,177.221916,20.847927
2024-03-13,1.9848,19518.36,197.472888,176.695587,20.777301
2024-03-14,1.9912,19581.33,198.109641,177.265641,20.843999
2024-03-15,1.9968,19636.98,198.666799,177.769429,20.897370
2024-03-18,1.9960,19630.02,198.587205,177.706422,20.880784
2024-03-19,1.9872,19543.50,197.711670,176.923174,20.788496
2024-03-20,1.9992,19662.77,198.905582,178.002901,20.902681
2024-03-21,2.0078,19747.72,199.761218,178.771935,20.989283
2024-03-22,2.0002,19673.52,199.005074,178.100218,20.904856
2024-03-25,2.0038,19710.94,199.363247,178.438973,20.924274
2024-03-26,2.0056,19728.02,199.542334,178.593595,20.948739
2024-03-27,2.0022,19695.28,199.204059,178.297207,20.906853
2024-03-28,1.9970,19644.45,198.686698,177.837053,20.849644
2024-03-29,2.0264,19933.07,201.611780,180.449869,21.161911
2024-04-01,2.0316,19985.93,202.129141,180.928400,21.200742
2024-04-02,2.0440,20108.57,203.362849,182.038634,21.324216
2024-04-03,2.0614,20280.16,205.094020,183.592002,21.502019
2024-04-08,2.0704,20369.98,205.989454,184.405123,21.584331
2024-04-09,2.0580,20249.14,204.755746,183.311184,21.444562
2024-04-10,2.0632,20300.69,205.273107,183.777855,21.495252
2024-04-11,2.0820,20486.96,207.143568,185.464118,21.679449
2024-04-12,2.0796,20464.04,206.904786,185.256628,21.648157
2024-04-15,2.1220,20882.49,211.123271,189.044768,22.078503
2024-04-16,2.1200,20862.90,210.924286,188.867424,22.056862
2024-04-17,2.1574,21285.42,214.645309,192.692408,21.952901
2024-04-18,2.1624,21375.91,215.142772,193.511595,21.631177
2024-04-19,2.1668,21394.23,215.580539,193.677442,21.903097
2024-04-22,2.1230,20956.20,211.222764,189.712049,21.510715
2024-04-23,2.0904,20639.60,207.979306,186.845936,21.133370
2024-04-24,2.0860,20594.00,207.541538,186.433129,21.108409
2024-04-25,2.1016,20746.45,209.093623,187.813226,21.280396
2024-04-26,2.0776,20506.97,206.705800,185.645265,21.060536
2024-04-29,2.0710,20445.68,206.049149,185.090419,20.958730
2024-04-30,2.0798,20533.11,206.924684,185.881905,21.042780
2024-05-06,2.0938,20670.83,208.317580,187.128655,21.188926
2024-05-07,2.0958,20693.05,208.516566,187.329808,21.186758
2024-05-08,2.1044,20781.14,209.372202,188.127268,21.244934
2024-05-09,2.1192,20924.66,210.844692,189.426524,21.418168
2024-05-10,2.1308,21041.13,211.998806,190.480902,21.517904
2024-05-13,2.1454,21185.65,213.451398,191.789211,21.662187
2024-05-14,2.1364,21092.03,212.555965,190.941689,21.614275
2024-05-15,2.1332,21057.98,212.237588,190.633442,21.604147
2024-05-16,2.1358,21088.40,212.496269,190.908828,21.587441
2024-05-17,2.1520,21250.77,214.108049,192.378729,21.729320
2024-05-20,2.1740,21465.88,216.296886,194.326074,21.970812
2024-05-21,2.1798,21523.97,216.873943,194.851951,22.021992
2024-05-22,2.1746,21477.00,216.356581,194.426741,21.929840
2024-05-23,2.1522,21258.57,214.127947,192.449341,21.678607
2024-05-24,2.1506,21241.20,213.968759,192.292094,21.676666
2024-05-27,2.1870,21607.23,217.590290,195.605686,21.984604
2024-05-28,2.1796,21536.20,216.854044,194.962666,21.891378
2024-05-29,2.1810,21545.17,216.993334,195.043870,21.949464
2024-05-30,2.1650,21385.24,215.401453,193.596057,21.805395
2024-05-31,2.1646,21384.78,215.361656,193.591893,21.769763
2024-06-03,2.1456,21193.62,213.471296,191.861362,21.609934
2024-06-04,2.1508,21243.28,213.988658,192.310923,21.677734
2024-06-05,2.1208,20946.72,211.003880,189.626228,21.377652
2024-06-06,2.1272,21009.10,211.640633,190.190941,21.449691
2024-06-07,2.1482,21217.34,213.729977,192.076094,21.653883
2024-06-11,2.1088,20821.88,209.809969,188.496078,21.313891
2024-06-12,2.1332,21056.60,212.237588,190.620949,21.616639
2024-06-13,2.1104,20826.81,209.969157,188.540709,21.428449
2024-06-14,2.1120,20854.18,210.128345,188.788483,21.339862
2024-06-17,2.0892,20634.94,207.859914,186.803750,21.056164
2024-06-18,2.0974,20717.97,208.675754,187.555403,21.120351
2024-06-19,2.0982,20724.95,208.755348,187.618592,21.136756
2024-06-20,2.0978,20721.35,208.715551,187.586001,21.129549
2024-06-21,2.0968,20711.89,208.616058,187.500362,21.115696
2024-06-24,2.0728,20474.42,206.228236,185.350596,20.877640
2024-06-25,2.0808,20553.70,207.024177,186.068301,20.955875
2024-06-26,2.0920,20665.12,208.138494,187.076963,21.061530
2024-06-27,2.0912,20657.93,208.058900,187.011874,21.047026
2024-06-28,2.1114,20859.37,210.068650,188.835467,21.233183
2024-07-01,2.1518,21260.78,214.088150,192.469347,21.618803
2024-07-02,2.1570,21312.63,214.605512,192.938734,21.666778
2024-07-03,2.1372,21115.98,212.635559,191.158503,21.477055
2024-07-04,2.1292,21038.50,211.839618,190.457093,21.382525
2024-07-05,2.1150,20897.27,210.426823,189.178568,21.248255
2024-07-08,2.1038,20787.18,209.312506,188.181947,21.130560
2024-07-09,2.1284,21031.21,211.760024,190.391099,21.368925
2024-07-10,2.0908,20656.17,208.019103,186.995941,21.023162
2024-07-11,2.0942,20691.63,208.357377,187.316953,21.040425
2024-07-12,2.0940,20690.98,208.337479,187.311068,21.026411
2024-07-15,2.1138,20889.83,210.307432,189.111215,21.196217
2024-07-16,2.1070,20823.05,209.630882,188.506670,21.124212
2024-07-17,2.0944,20698.82,208.377276,187.382042,20.995234
2024-07-18,2.1034,20787.66,209.272709,188.186292,21.086417
2024-07-19,2.0866,20623.05,207.601234,186.696112,20.905121
2024-07-22,2.0676,20434.45,205.710875,184.988756,20.722118
2024-07-23,2.0572,20332.80,204.676152,184.068540,20.607611
2024-07-24,2.0598,20360.52,204.934832,184.319484,20.615349
2024-07-25,2.0472,20235.30,203.681226,183.185894,20.495332
2024-07-26,2.0336,20100.86,202.328127,181.968837,20.359290
2024-07-29,2.0432,20197.39,203.283255,182.842702,20.440553
2024-07-30,2.0276,20043.08,201.731171,181.445767,20.285404
2024-07-31,2.0468,20234.61,203.641429,183.179647,20.461782
2024-08-01,2.0478,20245.26,203.740921,183.276059,20.464862
2024-08-02,2.0458,20224.37,203.541936,183.086947,20.454990
2024-08-05,2.0224,19993.08,201.213810,180.993127,20.220682
2024-08-06,2.0140,19911.30,200.378072,180.252790,20.125282
2024-08-07,2.0230,20000.60,201.273505,181.061204,20.212301
2024-08-08,2.0250,20021.77,201.472490,181.252852,20.219639
2024-08-09,2.0258,20029.38,201.552084,181.321743,20.230341
2024-08-12,2.0322,20094.54,202.188837,181.911623,20.277214
2024-08-13,2.0396,20167.49,202.925082,182.572024,20.353058
2024-08-14,2.0366,20138.16,202.626604,182.306506,20.320099
2024-08-15,2.0570,20342.22,204.656253,184.153818,20.502435
2024-08-16,2.0644,20415.57,205.392498,184.817840,20.574658
2024-08-19,2.0940,20711.78,208.337479,187.499366,20.838113
2024-08-20,2.0736,20509.54,206.307830,185.668530,20.639300
2024-08-21,2.0580,20354.64,204.755746,184.266253,20.489492
2024-08-22,2.0640,20413.52,205.352701,184.799282,20.553420
2024-08-23,2.0604,20379.88,204.994528,184.494746,20.499782
2024-08-26,2.0610,20385.80,205.054223,184.548338,20.505885
2024-08-27,2.0728,20504.62,206.228236,185.623991,20.604245
2024-08-28,2.0598,20376.84,204.934832,184.467225,20.467607
2024-08-29,2.0168,19948.69,200.656651,180.591274,20.065377
2024-08-30,2.0048,19830.59,199.462740,179.522139,19.940601
2024-09-02,2.0152,19936.05,200.497463,180.476847,20.020616
2024-09-03,1.9912,19697.12,198.109641,178.313864,19.795777
2024-09-04,1.9846,19631.75,197.452990,177.722083,19.730907
2024-09-05,1.9796,19584.22,196.955527,177.291804,19.663723
2024-09-06,1.9668,19458.32,195.682022,176.152058,19.529964
2024-09-09,1.9336,19130.00,192.378868,173.179846,19.199021
2024-09-10,1.9364,19158.57,192.657447,173.438484,19.218963
2024-09-11,1.8894,18692.86,187.981295,169.222510,18.758785
2024-09-12,1.8986,18786.54,188.896627,170.070576,18.826052
2024-09-13,1.8928,18731.39,188.319570,169.571314,18.748256
2024-09-18,1.9188,18991.53,190.906377,171.926307,18.980071
2024-09-19,1.9218,19023.06,191.204855,172.211741,18.993114
2024-09-20,1.9198,19002.40,191.005870,172.024710,18.981160
2024-09-23,1.9426,19230.80,193.274301,174.092367,19.181934
2024-09-24,2.0278,20080.24,201.751070,181.782168,19.968901
2024-09-25,2.0596,20396.82,204.914934,184.648100,20.266834
2024-09-26,2.1220,21017.73,211.123271,190.269067,20.854204
2024-09-27,2.1266,21062.95,211.580937,190.678434,20.902503
2024-09-30,2.2500,22292.03,223.858323,201.805036,22.053287
2024-10-08,2.2766,22565.99,226.504825,204.285137,22.219688
2024-10-09,2.1144,20952.67,210.367128,189.680093,20.687035
2024-10-10,2.2002,21813.16,218.903592,197.469927,21.433665
2024-10-11,2.1574,21386.95,214.645309,193.611538,21.033771
2024-10-14,2.2248,22059.43,221.351109,199.699357,21.651752
2024-10-15,2.1770,21583.02,216.595364,195.386518,21.208846
2024-10-16,2.2144,21953.53,220.316386,198.740667,21.575720
2024-10-17,2.1856,21667.87,217.451000,196.154647,21.296353
2024-10-18,2.1986,21798.47,218.744404,197.336941,21.407462
2024-10-21,2.1834,21648.33,217.232116,195.977755,21.254361
2024-10-22,2.1940,21755.14,218.286738,196.944684,21.342054
2024-10-23,2.1906,21723.27,217.948463,196.656171,21.292291
2024-10-24,2.1794,21612.82,216.834146,195.656291,21.177855
2024-10-25,2.1720,21538.68,216.097901,194.985117,21.112783
2024-10-28,2.1798,21617.47,216.873943,195.698386,21.175556
2024-10-29,2.1490,21310.49,213.809571,192.919361,20.890210
2024-10-30,2.1330,21151.48,212.217690,191.479877,20.737812
2024-10-31,2.1292,21116.69,211.839618,191.164931,20.674687
2024-11-01,2.1504,21329.26,213.948861,193.089282,20.859579
2024-11-04,2.1708,21536.30,215.978510,194.963572,21.014938
2024-11-05,2.1968,21798.57,218.565317,197.337846,21.227470
2024-11-06,2.1904,21733.64,217.928564,196.750049,21.178515
2024-11-07,2.2260,22091.07,221.470500,199.985787,21.484713
2024-11-08,2.1944,21778.39,218.326535,197.155161,21.171373
2024-11-11,2.1782,21617.55,216.714755,195.699111,21.015644
2024-11-12,2.1590,21427.19,214.804497,193.975822,20.828675
2024-11-13,2.1712,21549.12,216.018307,195.079628,20.938678
2024-11-14,2.1560,21398.29,214.506019,193.714196,20.791823
2024-11-15,2.1512,21349.98,214.028455,193.276856,20.751599
2024-11-18,2.1868,21705.30,217.570391,196.493493,21.076898
2024-11-19,2.1918,21756.42,218.067854,196.956271,21.111583
2024-11-20,2.1960,21797.76,218.485723,197.330514,21.155209
2024-11-21,2.1904,21741.58,217.928564,196.821928,21.106636
2024-11-22,2.1360,21198.73,212.516168,191.907622,20.608546
2024-11-25,2.1396,21236.99,212.874341,192.253981,20.620359
2024-11-26,2.1454,21293.98,213.451398,192.769900,20.681498
2024-11-27,2.1714,21553.78,216.038205,195.121814,20.916391
2024-11-28,2.1634,21476.63,215.242264,194.423392,20.818873
2024-11-29,2.1694,21536.53,215.839220,194.965654,20.873566
2024-12-02,2.1718,21562.66,216.078002,195.202203,20.875799
2024-12-03,2.1986,21829.46,218.744404,197.617487,21.126916
2024-12-04,2.2040,21886.70,219.281664,198.135669,21.145995
2024-12-05,2.2026,21875.38,219.142374,198.033191,21.109183
2024-12-06,2.2296,22149.46,221.828674,200.514379,21.314294
2024-12-09,2.2368,22225.76,222.545020,201.205107,21.339913
2024-12-10,2.2392,22235.79,222.783803,201.295907,21.487896
2024-12-11,2.2398,22256.55,222.843498,201.483843,21.359656
2024-12-12,2.2496,22319.61,223.818526,202.054711,21.763814
2024-12-13,2.2064,21907.26,219.520446,198.321794,21.198652
2024-12-16,2.2290,22247.30,221.768978,201.400104,20.368874
2024-12-17,2.2234,22227.70,221.211820,201.222670,19.989150
2024-12-18,2.2402,22398.61,222.883295,202.769882,20.113413
2024-12-19,2.2168,22161.82,220.555169,200.626272,19.928897
2024-12-20,2.2008,21998.09,218.963287,199.144059,19.819228
2024-12-23,2.2080,22066.62,219.679634,199.764446,19.915187
2024-12-24,2.2314,22300.99,222.007760,201.886149,20.121612
2024-12-25,2.2464,22448.94,223.500149,203.225509,20.274641
2024-12-26,2.2368,22354.06,222.545020,202.366580,20.178440
2024-12-27,2.2418,22405.54,223.042483,202.832618,20.209866
2024-12-30,2.2600,22586.22,224.853248,204.468275,20.384973
2024-12-31,2.2426,22411.53,223.122077,202.886844,20.235234
2025-01-02,2.1938,21923.43,218.266839,198.468178,19.798661
2025-01-03,2.1696,21678.01,215.859118,196.246442,19.612676
2025-01-06,2.1748,21730.26,216.376480,196.719450,19.657029
2025-01-07,2.1796,21779.28,216.854044,197.163218,19.690826
2025-01-08,2.1900,21881.18,217.888767,198.085697,19.803070
2025-01-09,2.1628,21609.88,215.182569,195.629676,19.552893
2025-01-10,2.1400,21378.90,212.914138,193.538663,19.375475
2025-01-13,2.1190,21171.52,210.824794,191.661295,19.163498
2025-01-14,2.1490,21476.06,213.809571,194.418232,19.391340
2025-01-15,2.1522,21509.53,214.127947,194.721228,19.406719
2025-01-16,2.1714,21703.03,216.038205,196.472943,19.565262
2025-01-17,2.1682,21672.04,215.719829,196.192397,19.527432
2025-01-20,2.1676,21668.86,215.660133,196.163609,19.496524
2025-01-21,2.1526,21517.19,214.167745,194.790573,19.377172
2025-01-22,2.1210,21199.74,211.023779,191.916765,19.107014
2025-01-23,2.1546,21535.00,214.366730,194.951803,19.414927
2025-01-24,2.1620,21611.07,215.102975,195.640449,19.462526
2025-01-27,2.1930,21922.35,218.187245,198.458401,19.728844
2025-02-05,2.1536,21530.95,214.267237,194.915139,19.352098
2025-02-06,2.1544,21540.58,214.346831,195.002318,19.344514
2025-02-07,2.1566,21565.12,214.565715,195.224473,19.341242
2025-02-10,2.1540,21542.32,214.307034,195.018069,19.288965
2025-02-11,2.1768,21772.06,216.575465,197.097857,19.477608
2025-02-12,2.1828,21835.76,217.172421,197.674520,19.497901
2025-02-13,2.1854,21860.95,217.431101,197.902559,19.528542
2025-02-14,2.1878,21883.68,217.669884,198.108329,19.561554
2025-02-17,2.1854,21860.77,217.431101,197.900930,19.530171
2025-02-18,2.1854,21859.34,217.431101,197.887984,19.543117
2025-02-19,2.1852,21859.24,217.411203,197.887079,19.524124
2025-02-20,2.1812,21820.46,217.013233,197.536012,19.477221
2025-02-21,2.1608,21613.93,214.983584,195.666340,19.317244
2025-02-24,2.1590,21598.44,214.804497,195.526112,19.278385
2025-02-25,2.1400,21407.88,212.914138,193.801012,19.113125
2025-02-26,2.1556,21565.45,214.466222,195.227460,19.238762
2025-02-27,2.1742,21752.94,216.316784,196.924768,19.392017
2025-02-28,2.1636,21647.57,215.262163,195.970875,19.291288
2025-03-03,2.1660,21674.52,215.500945,196.214848,19.286097
2025-03-04,2.1656,21670.86,215.461148,196.181715,19.279433
2025-03-05,2.1842,21858.03,217.311710,197.876125,19.435585
2025-03-06,2.1734,21750.10,216.237190,196.899058,19.338133
2025-03-07,2.1698,21715.58,215.879017,196.586556,19.292461
2025-03-10,2.1590,21610.00,214.804497,195.630762,19.173735
2025-03-11,2.1732,21753.35,216.217292,196.928479,19.288812
2025-03-12,2.1700,21722.39,215.898916,196.648205,19.250711
2025-03-13,2.1812,21833.42,217.013233,197.653336,19.359896
2025-03-14,2.1996,22018.65,218.843896,199.330184,19.513712
2025-03-17,2.2064,22087.67,219.520446,199.955008,19.565438
2025-03-18,2.2042,22065.50,219.301562,199.754307,19.547255
2025-03-19,2.2184,22207.77,220.714357,201.042248,19.672109
2025-03-20,2.2084,22111.00,219.719431,200.166209,19.553222
2025-03-21,2.2014,22042.27,219.022983,199.544011,19.478972
2025-03-24,2.2158,22189.26,220.455676,200.874680,19.580996
2025-03-25,2.2308,22341.45,221.948065,202.252424,19.695641
2025-03-26,2.2238,22270.31,221.251617,201.608409,19.643208
2025-03-27,2.2286,22318.25,221.729181,202.042400,19.686782
2025-03-28,2.2218,22247.19,221.052632,201.399108,19.653523
2025-03-31,2.2232,22260.41,221.191921,201.518786,19.673135
2025-04-01,2.2284,22314.20,221.709283,202.005736,19.703547
2025-04-02,2.2448,22479.56,223.340961,203.502705,19.838256
2025-04-03,2.2498,22530.12,223.838424,203.960414,19.878010
2025-04-07,2.1304,21324.62,211.959009,193.047277,18.911732
2025-04-08,2.1766,21788.52,216.555567,197.246866,19.308701
2025-04-09,2.1708,21730.62,215.978510,196.722709,19.255800
2025-04-10,2.1830,21855.52,217.192319,197.853403,19.338916
2025-04-11,2.1724,21750.85,216.137698,196.905847,19.231850
2025-04-14,2.1896,21927.37,217.848970,198.503846,19.345125
2025-04-15,2.2144,22174.99,220.316386,200.745497,19.570889
2025-04-16,2.2338,22366.85,222.246543,202.482365,19.764177
2025-04-17,2.2360,22392.70,222.465426,202.716380,19.749047
2025-04-18,2.2424,22454.47,223.102179,203.275571,19.826608
2025-04-21,2.2276,22309.63,221.629689,201.964365,19.665324
2025-04-22,2.2402,22436.61,222.883295,203.113888,19.769407
2025-04-23,2.2290,22331.24,221.768978,202.159995,19.608983
2025-04-24,2.2514,22563.18,223.997612,204.259699,19.737913
2025-04-25,2.2486,22531.26,223.719033,203.970734,19.748299
2025-04-28,2.2596,22643.60,224.813451,204.987724,19.825727
2025-04-29,2.2532,22579.07,224.176699,204.403548,19.773151
2025-04-30,2.2150,22188.15,220.376082,200.864632,19.511450
2025-05-06,2.2178,22225.19,220.654661,201.199947,19.454714
2025-05-07,2.2374,22420.45,222.604716,202.967595,19.637121
2025-05-08,2.2490,22538.79,223.758830,204.038902,19.719928
2025-05-09,2.2666,22712.38,225.509900,205.610375,19.899524
2025-05-12,2.2674,22723.16,225.589494,205.707964,19.881529
2025-05-13,2.2910,22957.89,227.937519,207.832925,20.104593
2025-05-14,2.3042,23093.14,229.250821,209.057315,20.193506
2025-05-15,2.2950,22997.57,228.335489,208.192140,20.143349
2025-05-16,2.2806,22855.92,226.902796,206.909812,19.992983
2025-05-19,2.2850,22904.50,227.340563,207.349597,19.990966
2025-05-20,2.2932,22986.11,228.156402,208.088395,20.068007
2025-05-21,2.3076,23130.14,229.589096,209.392268,20.196827
2025-05-22,2.3186,23235.86,230.683514,210.349329,20.334185
2025-05-23,2.3006,23053.96,228.892647,208.702627,20.190021
2025-05-26,2.2918,22966.21,228.017113,207.908245,20.108868
2025-05-27,2.2962,23010.51,228.454880,208.309283,20.145597
2025-05-28,2.3074,23122.28,229.569197,209.321113,20.248084
2025-05-29,2.3048,23097.72,229.310516,209.098777,20.211740
2025-05-30,2.3128,23176.36,230.106457,209.810688,20.295769
2025-06-03,2.3368,23417.63,232.494279,211.994854,20.499425
2025-06-04,2.3474,23525.32,233.548901,212.969749,20.579151
2025-06-05,2.3298,23348.85,231.797831,211.372204,20.425627
2025-06-06,2.3350,23402.10,232.315193,211.854265,20.460928
2025-06-09,2.3360,23413.48,232.414685,211.957285,20.457400
2025-06-10,2.3396,23451.30,232.772858,212.299662,20.473197
2025-06-11,2.3440,23494.66,233.210626,212.692191,20.518435
2025-06-12,2.3526,23582.79,234.066262,213.490013,20.576249
2025-06-13,2.3362,23416.53,232.434584,211.984896,20.449687
2025-06-16,2.3492,23549.41,233.727987,213.187831,20.540156
2025-06-17,2.3438,23494.85,233.190727,212.693911,20.496817
2025-06-18,2.3578,23632.36,234.583624,213.938760,20.644864
2025-06-19,2.3518,23568.76,233.986668,213.363002,20.623666
2025-06-20,2.3636,23686.52,235.160681,214.429059,20.731622
2025-06-23,2.3774,23828.90,236.533678,215.717995,20.815683
2025-06-24,2.3828,23887.09,237.070938,216.244777,20.826162
2025-06-25,2.4010,24071.92,238.881703,217.918003,20.963700
2025-06-26,2.4118,24180.03,239.956223,218.896700,21.059523
2025-06-27,2.3746,23813.16,236.255099,215.575504,20.679595
2025-06-30,2.3702,23769.64,235.817332,215.181527,20.635805
2025-07-01,2.3944,24015.50,238.225052,217.407245,20.817807
2025-07-02,2.3996,24069.18,238.742414,217.893199,20.849215
2025-07-03,2.4002,24074.05,238.802109,217.937286,20.864823
2025-07-04,2.4232,24302.14,241.090439,220.002136,21.088302
2025-07-07,2.4356,24426.11,242.324147,221.124411,21.199736
2025-07-08,2.4302,24374.27,241.786887,220.655114,21.131773
2025-07-09,2.4434,24506.08,243.100189,221.848362,21.251827
2025-07-10,2.4562,24637.83,244.373694,223.041067,21.332627
2025-07-11,2.4338,24414.19,242.145060,221.016501,21.128559
2025-07-14,2.4510,24589.14,243.856333,222.600287,21.256046
2025-07-15,2.4286,24362.01,241.627699,220.544127,21.083572
2025-07-16,2.4196,24272.74,240.732265,219.735984,20.996281
2025-07-17,2.4150,24228.66,240.274600,219.336938,20.937662
2025-07-18,2.4268,24350.29,241.448612,220.438028,21.010584
2025-07-21,2.4266,24354.24,241.428714,220.473787,20.954927
2025-07-22,2.4308,24401.37,241.846582,220.900445,20.946138
2025-07-23,2.4340,24431.90,242.164959,221.176826,20.988132
2025-07-24,2.4148,24241.26,240.254701,219.451003,20.803698
2025-07-25,2.3980,24078.49,238.583226,217.977480,20.605745
2025-07-28,2.3896,23995.71,237.747488,217.228090,20.519397
2025-07-29,2.3758,23854.57,236.374490,215.950380,20.424110
2025-07-30,2.3858,23953.81,237.369416,216.848779,20.520637
2025-07-31,2.3576,23667.00,234.563725,214.252348,20.311377
2025-08-01,2.3568,23662.37,234.484131,214.210434,20.273697
2025-08-04,2.3708,23805.49,235.877027,215.506069,20.370958
2025-08-05,2.4004,24105.96,238.822008,218.226160,20.595847
2025-08-06,2.4028,24138.66,239.060790,218.522187,20.538603
2025-08-07,2.4104,24216.25,239.816934,219.224592,20.592341
2025-08-08,2.4140,24257.01,240.175107,219.593584,20.581523
2025-08-11,2.3978,24101.33,238.563327,218.184246,20.379081
2025-08-12,2.4068,24186.20,239.458760,218.952556,20.506204
2025-08-13,2.3942,24064.53,238.205154,217.851103,20.354050
2025-08-14,2.3936,24052.98,238.145458,217.746544,20.398915
2025-08-15,2.3864,23987.23,237.429112,217.151323,20.277789
2025-08-18,2.3932,24052.83,238.105661,217.745186,20.360475
2025-08-19,2.3944,24067.12,238.225052,217.874550,20.350502
2025-08-20,2.4128,24261.25,240.055716,219.631968,20.423748
2025-08-21,2.4252,24383.60,241.289424,220.739577,20.549847
2025-08-22,2.4174,24316.62,240.513382,220.133221,20.380161
2025-08-25,2.4382,24538.63,242.582828,222.143030,20.439797
2025-08-26,2.4330,24479.24,242.065466,221.605385,20.460081
2025-08-27,2.3900,24039.24,237.787285,217.622158,20.165127
2025-08-28,2.3942,24084.89,238.205154,218.035418,20.169736
2025-08-29,2.3834,23973.51,237.130634,217.027119,20.103515
2025-09-01,2.3800,23941.26,236.792359,216.735166,20.057193
2025-09-02,2.4004,24141.37,238.822008,218.546720,20.275288
2025-09-03,2.3740,23873.24,236.195403,216.119395,20.076008
2025-09-04,2.3796,23935.65,236.752562,216.684380,20.068182
2025-09-05,2.3682,23827.44,235.618346,215.704778,19.913569
2025-09-08,2.3706,23856.63,235.857129,215.969029,19.888100
2025-09-09,2.3810,23956.77,236.891852,216.875575,20.016277
2025-09-10,2.3770,23914.11,236.493881,216.489383,20.004498
2025-09-11,2.3848,23996.86,237.269923,217.238501,20.031422
2025-09-12,2.3672,23821.92,235.518854,215.654806,19.864048
2025-09-15,2.3492,23638.18,233.727987,213.991447,19.736540
2025-09-16,2.3404,23552.92,232.852452,213.219606,19.632846
2025-09-17,2.3478,23636.22,233.588698,213.973703,19.614994
2025-09-18,2.3016,23167.55,228.992140,209.730933,19.261207
2025-09-19,2.3152,23315.69,230.345239,211.072013,19.273226
2025-09-22,2.2982,23143.05,228.653865,209.509140,19.144726
2025-09-23,2.3158,23308.95,230.404935,211.010997,19.393938
2025-09-24,2.3136,23288.22,230.186051,210.823333,19.362718
2025-09-25,2.2950,23097.26,228.335489,209.094613,19.240877
2025-09-26,2.2960,23106.78,228.434982,209.180795,19.254187
2025-09-29,2.2950,23103.06,228.335489,209.147119,19.188370
2025-09-30,2.2774,22927.20,226.584419,207.555095,19.029324
2025-10-09,2.2810,22980.36,226.942593,208.036342,18.906251
2025-10-10,2.2976,23150.99,228.594170,209.581019,19.013151
2025-10-13,2.3114,23292.91,229.967167,210.865791,19.101377
2025-10-14,2.3534,23705.58,234.145856,214.601605,19.544251
2025-10-15,2.3654,23828.56,235.339767,215.714917,19.624850
2025-10-16,2.3798,23964.26,236.772460,216.943380,19.829080
2025-10-17,2.3726,23881.10,236.056114,216.190550,19.865563
2025-10-20,2.3734,23896.19,236.135708,216.327157,19.808551
2025-10-21,2.3810,23980.89,236.891852,217.093928,19.797923
2025-10-22,2.3960,24129.78,238.384240,218.441798,19.942443
2025-10-23,2.4084,24258.42,239.617948,219.606349,20.011600
2025-10-24,2.3952,24116.39,238.304646,218.320581,19.984065
2025-10-27,2.3970,24129.77,238.483733,218.441707,20.042026
2025-10-28,2.3940,24092.84,238.185255,218.107388,20.077867
2025-10-29,2.3740,23899.92,236.195403,216.360924,19.834480
2025-10-30,2.3768,23921.04,236.473983,216.552119,19.921864
2025-10-31,2.3756,23909.16,236.354592,216.444572,19.910020
2025-11-03,2.4072,24227.46,239.498557,219.326074,20.172483
2025-11-04,2.4332,24481.86,242.085365,221.629104,20.456261
2025-11-05,2.4332,24489.24,242.085365,221.695913,20.389451
2025-11-06,2.4324,24494.83,242.005771,221.746518,20.259252
2025-11-07,2.4330,24498.20,242.065466,221.777026,20.288440
2025-11-10,2.4554,24720.03,244.294100,223.785206,20.508894
2025-11-11,2.4622,24786.68,244.970650,224.388575,20.582075
2025-11-12,2.4804,24974.03,246.781415,226.084615,20.696800
2025-11-13,2.4768,24950.12,246.423241,225.868162,20.555079
2025-11-14,2.4680,24866.34,245.547707,225.109720,20.437987
2025-11-17,2.4484,24673.48,243.597652,223.363799,20.233853
2025-11-18,2.4308,24493.08,241.846582,221.730676,20.115907
2025-11-19,2.4368,24533.86,242.443538,222.099849,20.343689
2025-11-20,2.4474,24647.36,243.498159,223.127340,20.370819
2025-11-21,2.4188,24330.36,240.652671,220.257606,20.395065
2025-11-24,2.4032,24181.80,239.100587,218.912724,20.187863
2025-11-25,2.4182,24333.83,240.592976,220.289019,20.303956
2025-11-26,2.4042,24184.62,239.200080,218.938253,20.261827
2025-11-27,2.4090,24228.21,239.677644,219.332864,20.344780
2025-11-28,2.4050,24193.82,239.279674,219.021538,20.258135
2025-12-01,2.4216,24386.58,240.931251,220.766554,20.164697
2025-12-02,2.4196,24364.51,240.732265,220.566759,20.165507
2025-12-03,2.4076,24249.52,239.538354,219.525779,20.012576
2025-12-04,2.3964,24137.53,238.424037,218.511957,19.912080
2025-12-05,2.3832,24008.41,237.110735,217.343061,19.767674
2025-12-08,2.3772,23952.31,236.513780,216.835199,19.678580
2025-12-09,2.3644,23787.20,235.240275,215.340493,19.899781
2025-12-10,2.3532,23662.09,234.125958,214.207899,19.918059
2025-12-11,2.3492,23558.49,233.727987,213.270030,20.457957
2025-12-12,2.3400,23567.11,232.812655,213.348065,19.464590
2025-12-15,2.3486,23643.22,233.668292,214.037073,19.631219
2025-12-16,2.3366,23537.64,232.474381,213.081280,19.393101
2025-12-17,2.3384,23561.74,232.653467,213.299452,19.354016
2025-12-18,2.3622,23793.11,235.021391,215.393995,19.627395
2025-12-19,2.3588,23758.25,234.683116,215.078415,19.604701
2025-12-22,2.3448,23617.05,233.290220,213.800162,19.490058
2025-12-23,2.3490,23661.09,233.708089,214.198846,19.509242
2025-12-24,2.3506,23684.06,233.867277,214.406789,19.460488
2025-12-25,2.3542,23719.93,234.225450,214.731512,19.493938
2025-12-26,2.3500,23678.98,233.807581,214.360801,19.446781
2025-12-29,2.3514,23685.55,233.946871,214.420278,19.526593
2025-12-30,2.3482,23657.76,233.628495,214.168701,19.459794
2025-12-31,2.3490,23660.95,233.708089,214.197579,19.510510
2026-01-05,2.3472,23650.81,233.529002,214.105784,19.423218
2026-01-06,2.3494,23678.54,233.747886,214.356817,19.391068
2026-01-07,2.3370,23558.84,232.514178,213.273199,19.240979
2026-01-08,2.3222,23412.79,231.041687,211.951039,19.090648
2026-01-09,2.3232,23425.43,231.141180,212.065466,19.075714
2026-01-12,2.3274,23469.68,231.559049,212.466052,19.092997
2026-01-13,2.3336,23529.13,232.175903,213.004240,19.171663
2026-01-14,2.3098,23295.33,229.807979,210.887698,18.920281
2026-01-15,2.3038,23241.76,229.211024,210.402740,18.808283
2026-01-16,2.2848,23050.49,227.320665,208.671214,18.649451
2026-01-19,2.2872,23090.38,227.559447,209.032329,18.527118
2026-01-20,2.3200,23430.68,230.822804,212.112993,18.709810
2026-01-21,2.3004,23239.36,228.872749,210.381014,18.491735
2026-01-22,2.3034,23281.68,229.171227,210.764128,18.407099
2026-01-23,2.2956,23220.56,228.395185,210.210821,18.184363
2026-01-26,2.3072,23341.93,229.549299,211.309558,18.239740
2026-01-27,2.2960,23214.71,228.434982,210.157863,18.277119
2026-01-28,2.3010,23268.22,228.932445,210.642277,18.290167
2026-01-29,2.3342,23604.81,232.235598,213.689355,18.546243
2026-01-30,2.3318,23587.79,231.996816,213.535277,18.461539
2026-02-02,2.3044,23287.60,229.270719,210.817720,18.452999
2026-02-03,2.2986,23245.48,228.693662,210.436417,18.257245
2026-02-04,2.3328,23597.22,232.096309,213.620645,18.475664
2026-02-05,2.3604,23864.07,234.842304,216.036381,18.805923
2026-02-06,2.3524,23785.92,234.046364,215.328906,18.717458
2026-02-09,2.3640,23906.11,235.200478,216.416961,18.783517
2026-02-10,2.3706,23965.78,235.857129,216.957140,18.899988
2026-02-11,2.3764,24031.33,236.434186,217.550551,18.883635
2026-02-12,2.3546,23808.98,234.265247,215.537663,18.727584
2026-02-13,2.3302,23556.55,231.837628,213.252468,18.585160
2026-02-24,2.3434,23708.59,233.150930,214.628854,18.522076
2026-02-25,2.3394,23672.42,232.752960,214.301414,18.451545
2026-02-26,2.3352,23625.73,232.335091,213.878740,18.456351
2026-02-27,2.3424,23698.63,233.051438,214.538688,18.512750
2026-03-02,2.3650,23930.94,235.299970,216.641741,18.658229
2026-03-03,2.3882,24148.25,237.608198,218.609003,18.999195
2026-03-04,2.3590,23844.46,234.703015,215.858856,18.844158
2026-03-05,2.3636,23905.56,235.160681,216.411982,18.748699
2026-03-06,2.3748,24028.00,236.274998,217.520405,18.754593
2026-03-09,2.3760,24039.74,236.394389,217.626685,18.767704
2026-03-10,2.3688,23970.42,235.678042,216.999145,18.678897
2026-03-11,2.3936,24231.98,238.145458,219.366993,18.778465
2026-03-12,2.4062,24363.53,239.399065,220.557887,18.841178
2026-03-13,2.4098,24413.41,239.757238,221.009440,18.747798
2026-03-16,2.4110,24407.56,239.876629,220.956481,18.920148
2026-03-17,2.4174,24463.81,240.513382,221.465701,19.047681
2026-03-18,2.4090,24374.85,239.677644,220.660365,19.017279
2026-03-19,2.4014,24278.64,238.921500,219.789396,19.132104
2026-03-20,2.3942,24200.71,238.205154,219.083912,19.121242
2026-03-23,2.3138,23366.13,230.205950,211.528636,18.677314
2026-03-24,2.3594,23838.16,234.742812,215.801824,18.940988
2026-03-25,2.3750,24009.40,236.294896,217.352023,18.942873
2026-03-26,2.3738,23994.48,236.175505,217.216956,18.958549
2026-03-27,2.3650,23907.19,235.299970,216.426738,18.873233
2026-03-30,2.3854,24138.25,237.329619,218.518475,18.811144
2026-03-31,2.3926,24217.55,238.045966,219.236361,18.809605
2026-04-01,2.3936,24235.59,238.145458,219.399673,18.745785
2026-04-02,2.4038,24340.45,239.160283,220.348949,18.811334
2026-04-03,2.3748,23998.61,236.274998,217.254344,19.020654
2026-04-07,2.3604,23868.55,234.842304,216.076938,18.765366
2026-04-08,2.3814,24097.43,236.931649,218.148940,18.782708
2026-04-09,2.3634,23918.86,235.140782,216.532384,18.608398
2026-04-10,2.3614,23900.46,234.941797,216.365812,18.575985
2026-04-13,2.3532,23822.97,234.125958,215.664312,18.461646
2026-04-14,2.3634,23926.42,235.140782,216.600823,18.539959
2026-04-15,2.3780,24072.80,236.593374,217.925970,18.667404
2026-04-16,2.3756,24069.10,236.354592,217.892475,18.462117
2026-04-17,2.3708,24013.99,235.877027,217.393575,18.483452
2026-04-20,2.3802,24104.10,236.812257,218.209322,18.602935
2026-04-21,2.3934,24235.42,238.125560,219.398134,18.727425
2026-04-22,2.3832,24135.44,237.110735,218.493037,18.617699
2026-04-23,2.3980,24283.06,238.583226,219.829409,18.753816
2026-04-24,2.3958,24247.26,238.364342,219.505319,18.859022
2026-04-27,2.3766,24003.43,236.454084,217.297978,19.156106
2026-04-28,2.3860,24087.32,237.389314,218.057416,19.331898
2026-04-29,2.3934,24159.93,238.125560,218.714739,19.410820
2026-04-30,2.3752,23959.91,236.314795,216.904001,19.410794
2026-05-06,2.3638,23841.43,235.180579,215.831426,19.349153
2026-05-07,2.3544,23759.49,234.245349,215.089641,19.155708
2026-05-08,2.3536,23746.94,234.165755,214.976028,19.189726
2026-05-11,2.3534,23746.49,234.145856,214.971954,19.173902
2026-05-12,2.3516,23730.98,233.966769,214.831546,19.135224
2026-05-13,2.3536,23748.44,234.165755,214.989607,19.176147
2026-05-14,2.3490,23698.32,233.708089,214.535882,19.172207
2026-05-15,2.3342,23538.15,232.235598,213.085896,19.149702
2026-05-18,2.3198,23396.75,230.802905,211.805832,18.997073
2026-05-19,2.3350,23550.81,232.315193,213.200505,19.114688
2026-05-20,2.3270,23469.49,231.519252,212.464332,19.054920
2026-05-21,2.3152,23344.84,230.345239,211.335902,19.009337
2026-05-22,2.3080,23278.95,229.628893,210.739414,18.889479
2026-05-25,2.3048,23244.58,229.310516,210.428269,18.882247
2026-05-26,2.3114,23308.16,229.967167,211.003846,18.963322
2026-05-27,2.2974,23153.76,228.574271,209.606095,18.968176
2026-05-28,2.2864,23046.70,227.479853,208.636904,18.842949
2026-05-29,2.3312,23517.10,231.937121,212.895335,19.041785
2026-06-01,2.3648,23856.93,235.280072,215.971744,19.308327
2026-06-02,2.3620,23818.93,235.001492,215.627738,19.373754
2026-06-03,2.3428,23621.24,233.091235,213.838093,19.253142
2026-06-04,2.3144,23325.75,230.265645,211.163084,19.102561
2026-06-05,2.3206,23395.10,230.882499,211.790895,19.091604
2026-06-08,2.3274,23472.92,231.559049,212.495383,19.063666
2026-06-09,2.3294,23480.27,231.758034,212.561921,19.196113
2026-06-10,2.3450,23628.55,233.310118,213.904269,19.405850
2026-06-11,2.3244,23432.45,231.260571,212.129017,19.131554
2026-06-12,2.3460,23664.67,233.409611,214.231255,19.178356
2026-06-15,2.3230,23431.19,231.121281,212.117610,19.003671
2026-06-16,2.2888,23081.02,227.718635,208.947595,18.771040
2026-06-17,2.2770,22966.71,226.544622,207.912771,18.631851
2026-06-18,2.2226,22409.93,221.132226,202.872359,18.259866
2026-06-22,2.2262,22451.03,221.490399,203.244429,18.245970
2026-06-23,2.2378,22570.31,222.644513,204.324246,18.320267
2026-06-24,2.1954,22130.61,218.426027,200.343734,18.082293
2026-06-25,2.1712,21871.42,216.018307,197.997342,18.020965
2026-06-26,2.1608,21758.96,214.983584,196.979265,18.004318
2026-06-29,2.1758,21903.10,216.475973,198.284134,18.191838
2026-06-30,2.1336,21476.52,212.277385,194.422396,17.854989
2026-07-01,2.1548,21700.15,214.386628,196.446871,17.939757
2026-07-02,2.1712,21875.44,216.018307,198.033734,17.984572
2026-07-03,2.1768,21943.08,216.575465,198.646065,17.929400
2026-07-06,2.2208,22398.65,220.953139,202.770244,18.182895
2026-07-07,2.2098,22265.94,219.858721,201.568848,18.289872
2026-07-08,2.2334,22501.92,222.206746,203.705125,18.501620
2026-07-09,2.2108,22268.54,219.958213,201.592386,18.365828
2026-07-10,2.2186,22344.30,220.734255,202.278225,18.456031
2026-07-13,2.2566,22726.92,224.514974,205.742003,18.772971
2026-07-14,2.2760,22925.53,226.445130,207.539977,18.905153
2026-07-15,2.3034,23217.77,229.171227,210.185564,18.985663
2026-07-16,2.2834,23018.43,227.181375,208.380981,18.800394
2026-07-17,2.2906,23075.67,227.897722,208.899163,18.998559
2026-07-20,2.3520,23694.15,234.006567,214.498132,19.508435
2026-07-21,2.3214,23382.63,230.962093,211.678007,19.284087
2026-07-22,2.3368,23520.29,232.494279,212.924214,19.570066
2026-07-23,2.3462,23624.67,233.429510,213.869144,19.560366
2026-07-24,2.3270,23414.06,231.519252,211.962536,19.556716
2026-07-27,2.3350,23508.62,232.315193,212.818568,19.496625
2026-07-28,2.3542,23703.67,234.225450,214.584314,19.641136
2026-07-29,2.3736,23922.34,236.155606,216.563887,19.591719
2026-07-30,2.4128,24318.95,240.055716,220.154314,19.901402
2026-07-31,2.4034,24227.62,239.120486,219.327523,19.792963
