交易日期,全收益指数代码,指数名称,收盘点位
20160630,H20955,中证红利低波动100全收益指数,10132.08
20160701,H20955,中证红利低波动100全收益指数,10153.02
20160704,H20955,中证红利低波动100全收益指数,10325.77
20160705,H20955,中证红利低波动100全收益指数,10359.0
20160706,H20955,中证红利低波动100全收益指数,10432.83
20160707,H20955,中证红利低波动100全收益指数,10430.52
20160708,H20955,中证红利低波动100全收益指数,10389.84
20160711,H20955,中证红利低波动100全收益指数,10475.51
20160712,H20955,中证红利低波动100全收益指数,10718.73
20160713,H20955,中证红利低波动100全收益指数,10741.25
20160714,H20955,中证红利低波动100全收益指数,10698.39
20160715,H20955,中证红利低波动100全收益指数,10732.96
20160718,H20955,中证红利低波动100全收益指数,10739.72
20160719,H20955,中证红利低波动100全收益指数,10660.8
20160720,H20955,中证红利低波动100全收益指数,10646.39
20160721,H20955,中证红利低波动100全收益指数,10699.94
20160722,H20955,中证红利低波动100全收益指数,10583.55
20160725,H20955,中证红利低波动100全收益指数,10617.43
20160726,H20955,中证红利低波动100全收益指数,10771.88
20160727,H20955,中证红利低波动100全收益指数,10682.75
20160728,H20955,中证红利低波动100全收益指数,10810.47
20160729,H20955,中证红利低波动100全收益指数,10789.83
20160801,H20955,中证红利低波动100全收益指数,10692.85
20160802,H20955,中证红利低波动100全收益指数,10731.42
20160803,H20955,中证红利低波动100全收益指数,10739.18
20160804,H20955,中证红利低波动100全收益指数,10736.77
20160805,H20955,中证红利低波动100全收益指数,10725.65
20160808,H20955,中证红利低波动100全收益指数,10821.41
20160809,H20955,中证红利低波动100全收益指数,10901.68
20160810,H20955,中证红利低波动100全收益指数,10848.64
20160811,H20955,中证红利低波动100全收益指数,10831.21
20160812,H20955,中证红利低波动100全收益指数,11006.25
20160815,H20955,中证红利低波动100全收益指数,11248.6
20160816,H20955,中证红利低波动100全收益指数,11166.39
20160817,H20955,中证红利低波动100全收益指数,11161.38
20160818,H20955,中证红利低波动100全收益指数,11117.77
20160819,H20955,中证红利低波动100全收益指数,11098.57
20160822,H20955,中证红利低波动100全收益指数,11055.74
20160823,H20955,中证红利低波动100全收益指数,11073.06
20160824,H20955,中证红利低波动100全收益指数,11052.12
20160825,H20955,中证红利低波动100全收益指数,10993.87
20160826,H20955,中证红利低波动100全收益指数,10986.01
20160829,H20955,中证红利低波动100全收益指数,10962.85
20160830,H20955,中证红利低波动100全收益指数,10982.47
20160831,H20955,中证红利低波动100全收益指数,11012.1
20160901,H20955,中证红利低波动100全收益指数,10943.92
20160902,H20955,中证红利低波动100全收益指数,10983.07
20160905,H20955,中证红利低波动100全收益指数,11022.75
20160906,H20955,中证红利低波动100全收益指数,11096.21
20160907,H20955,中证红利低波动100全收益指数,11114.32
20160908,H20955,中证红利低波动100全收益指数,11108.85
20160909,H20955,中证红利低波动100全收益指数,11043.33
20160912,H20955,中证红利低波动100全收益指数,10886.81
20160913,H20955,中证红利低波动100全收益指数,10877.23
20160914,H20955,中证红利低波动100全收益指数,10795.71
20160919,H20955,中证红利低波动100全收益指数,10877.04
20160920,H20955,中证红利低波动100全收益指数,10862.29
20160921,H20955,中证红利低波动100全收益指数,10871.86
20160922,H20955,中证红利低波动100全收益指数,10942.41
20160923,H20955,中证红利低波动100全收益指数,10926.94
20160926,H20955,中证红利低波动100全收益指数,10777.64
20160927,H20955,中证红利低波动100全收益指数,10835.79
20160928,H20955,中证红利低波动100全收益指数,10800.1
20160929,H20955,中证红利低波动100全收益指数,10855.81
20160930,H20955,中证红利低波动100全收益指数,10885.98
20161010,H20955,中证红利低波动100全收益指数,11044.0
20161011,H20955,中证红利低波动100全收益指数,11079.99
20161012,H20955,中证红利低波动100全收益指数,11040.09
20161013,H20955,中证红利低波动100全收益指数,11036.91
20161014,H20955,中证红利低波动100全收益指数,11046.47
20161017,H20955,中证红利低波动100全收益指数,10967.3
20161018,H20955,中证红利低波动100全收益指数,11104.14
20161019,H20955,中证红利低波动100全收益指数,11092.34
20161020,H20955,中证红利低波动100全收益指数,11094.42
20161021,H20955,中证红利低波动100全收益指数,11166.01
20161024,H20955,中证红利低波动100全收益指数,11307.16
20161025,H20955,中证红利低波动100全收益指数,11325.91
20161026,H20955,中证红利低波动100全收益指数,11273.83
20161027,H20955,中证红利低波动100全收益指数,11230.86
20161028,H20955,中证红利低波动100全收益指数,11217.32
20161031,H20955,中证红利低波动100全收益指数,11204.59
20161101,H20955,中证红利低波动100全收益指数,11249.03
20161102,H20955,中证红利低波动100全收益指数,11159.63
20161103,H20955,中证红利低波动100全收益指数,11236.65
20161104,H20955,中证红利低波动100全收益指数,11218.71
20161107,H20955,中证红利低波动100全收益指数,11246.76
20161108,H20955,中证红利低波动100全收益指数,11287.87
20161109,H20955,中证红利低波动100全收益指数,11210.57
20161110,H20955,中证红利低波动100全收益指数,11343.57
20161111,H20955,中证红利低波动100全收益指数,11405.15
20161114,H20955,中证红利低波动100全收益指数,11460.28
20161115,H20955,中证红利低波动100全收益指数,11435.69
20161116,H20955,中证红利低波动100全收益指数,11424.56
20161117,H20955,中证红利低波动100全收益指数,11469.09
20161118,H20955,中证红利低波动100全收益指数,11393.63
20161121,H20955,中证红利低波动100全收益指数,11489.34
20161122,H20955,中证红利低波动100全收益指数,11576.17
20161123,H20955,中证红利低波动100全收益指数,11615.46
20161124,H20955,中证红利低波动100全收益指数,11669.79
20161125,H20955,中证红利低波动100全收益指数,11767.33
20161128,H20955,中证红利低波动100全收益指数,11845.53
20161129,H20955,中证红利低波动100全收益指数,11985.79
20161130,H20955,中证红利低波动100全收益指数,11840.18
20161201,H20955,中证红利低波动100全收益指数,11972.14
20161202,H20955,中证红利低波动100全收益指数,11891.1
20161205,H20955,中证红利低波动100全收益指数,11719.43
20161206,H20955,中证红利低波动100全收益指数,11687.12
20161207,H20955,中证红利低波动100全收益指数,11718.94
20161208,H20955,中证红利低波动100全收益指数,11717.31
20161209,H20955,中证红利低波动100全收益指数,11815.58
20161212,H20955,中证红利低波动100全收益指数,11618.5
20161213,H20955,中证红利低波动100全收益指数,11601.03
20161214,H20955,中证红利低波动100全收益指数,11564.42
20161215,H20955,中证红利低波动100全收益指数,11404.67
20161216,H20955,中证红利低波动100全收益指数,11418.38
20161219,H20955,中证红利低波动100全收益指数,11433.85
20161220,H20955,中证红利低波动100全收益指数,11346.6
20161221,H20955,中证红利低波动100全收益指数,11473.23
20161222,H20955,中证红利低波动100全收益指数,11497.2
20161223,H20955,中证红利低波动100全收益指数,11400.94
20161226,H20955,中证红利低波动100全收益指数,11429.13
20161227,H20955,中证红利低波动100全收益指数,11408.07
20161228,H20955,中证红利低波动100全收益指数,11375.15
20161229,H20955,中证红利低波动100全收益指数,11376.96
20161230,H20955,中证红利低波动100全收益指数,11431.14
20170103,H20955,中证红利低波动100全收益指数,11552.73
20170104,H20955,中证红利低波动100全收益指数,11632.43
20170105,H20955,中证红利低波动100全收益指数,11676.98
20170106,H20955,中证红利低波动100全收益指数,11661.6
20170109,H20955,中证红利低波动100全收益指数,11734.88
20170110,H20955,中证红利低波动100全收益指数,11699.91
20170111,H20955,中证红利低波动100全收益指数,11619.96
20170112,H20955,中证红利低波动100全收益指数,11561.3
20170113,H20955,中证红利低波动100全收益指数,11582.06
20170116,H20955,中证红利低波动100全收益指数,11647.27
20170117,H20955,中证红利低波动100全收益指数,11675.01
20170118,H20955,中证红利低波动100全收益指数,11742.92
20170119,H20955,中证红利低波动100全收益指数,11708.72
20170120,H20955,中证红利低波动100全收益指数,11776.8
20170123,H20955,中证红利低波动100全收益指数,11801.05
20170124,H20955,中证红利低波动100全收益指数,11861.21
20170125,H20955,中证红利低波动100全收益指数,11875.17
20170126,H20955,中证红利低波动100全收益指数,11895.44
20170203,H20955,中证红利低波动100全收益指数,11817.2
20170206,H20955,中证红利低波动100全收益指数,11859.32
20170207,H20955,中证红利低波动100全收益指数,11859.88
20170208,H20955,中证红利低波动100全收益指数,11887.92
20170209,H20955,中证红利低波动100全收益指数,11929.22
20170210,H20955,中证红利低波动100全收益指数,12014.52
20170213,H20955,中证红利低波动100全收益指数,12092.11
20170214,H20955,中证红利低波动100全收益指数,12111.1
20170215,H20955,中证红利低波动100全收益指数,12111.76
20170216,H20955,中证红利低波动100全收益指数,12168.3
20170217,H20955,中证红利低波动100全收益指数,12074.01
20170220,H20955,中证红利低波动100全收益指数,12295.97
20170221,H20955,中证红利低波动100全收益指数,12316.89
20170222,H20955,中证红利低波动100全收益指数,12392.93
20170223,H20955,中证红利低波动100全收益指数,12316.72
20170224,H20955,中证红利低波动100全收益指数,12290.04
20170227,H20955,中证红利低波动100全收益指数,12191.21
20170228,H20955,中证红利低波动100全收益指数,12235.51
20170301,H20955,中证红利低波动100全收益指数,12248.86
20170302,H20955,中证红利低波动100全收益指数,12183.0
20170303,H20955,中证红利低波动100全收益指数,12159.7
20170306,H20955,中证红利低波动100全收益指数,12200.59
20170307,H20955,中证红利低波动100全收益指数,12234.73
20170308,H20955,中证红利低波动100全收益指数,12209.77
20170309,H20955,中证红利低波动100全收益指数,12119.06
20170310,H20955,中证红利低波动100全收益指数,12125.52
20170313,H20955,中证红利低波动100全收益指数,12228.5
20170314,H20955,中证红利低波动100全收益指数,12230.67
20170315,H20955,中证红利低波动100全收益指数,12264.34
20170316,H20955,中证红利低波动100全收益指数,12294.33
20170317,H20955,中证红利低波动100全收益指数,12178.18
20170320,H20955,中证红利低波动100全收益指数,12267.09
20170321,H20955,中证红利低波动100全收益指数,12359.39
20170322,H20955,中证红利低波动100全收益指数,12306.56
20170323,H20955,中证红利低波动100全收益指数,12320.86
20170324,H20955,中证红利低波动100全收益指数,12407.29
20170327,H20955,中证红利低波动100全收益指数,12405.57
20170328,H20955,中证红利低波动100全收益指数,12371.74
20170329,H20955,中证红利低波动100全收益指数,12369.71
20170330,H20955,中证红利低波动100全收益指数,12325.37
20170331,H20955,中证红利低波动100全收益指数,12409.15
20170405,H20955,中证红利低波动100全收益指数,12537.29
20170406,H20955,中证红利低波动100全收益指数,12578.67
20170407,H20955,中证红利低波动100全收益指数,12624.35
20170410,H20955,中证红利低波动100全收益指数,12642.43
20170411,H20955,中证红利低波动100全收益指数,12681.73
20170412,H20955,中证红利低波动100全收益指数,12686.06
20170413,H20955,中证红利低波动100全收益指数,12732.6
20170414,H20955,中证红利低波动100全收益指数,12628.76
20170417,H20955,中证红利低波动100全收益指数,12591.82
20170418,H20955,中证红利低波动100全收益指数,12535.72
20170419,H20955,中证红利低波动100全收益指数,12477.14
20170420,H20955,中证红利低波动100全收益指数,12528.81
20170421,H20955,中证红利低波动100全收益指数,12567.62
20170424,H20955,中证红利低波动100全收益指数,12492.16
20170425,H20955,中证红利低波动100全收益指数,12510.88
20170426,H20955,中证红利低波动100全收益指数,12549.25
20170427,H20955,中证红利低波动100全收益指数,12557.63
20170428,H20955,中证红利低波动100全收益指数,12489.88
20170502,H20955,中证红利低波动100全收益指数,12409.46
20170503,H20955,中证红利低波动100全收益指数,12339.05
20170504,H20955,中证红利低波动100全收益指数,12343.41
20170505,H20955,中证红利低波动100全收益指数,12305.64
20170508,H20955,中证红利低波动100全收益指数,12256.12
20170509,H20955,中证红利低波动100全收益指数,12256.28
20170510,H20955,中证红利低波动100全收益指数,12179.02
20170511,H20955,中证红利低波动100全收益指数,12267.07
20170512,H20955,中证红利低波动100全收益指数,12361.98
20170515,H20955,中证红利低波动100全收益指数,12425.17
20170516,H20955,中证红利低波动100全收益指数,12532.85
20170517,H20955,中证红利低波动100全收益指数,12469.88
20170518,H20955,中证红利低波动100全收益指数,12436.87
20170519,H20955,中证红利低波动100全收益指数,12483.44
20170522,H20955,中证红利低波动100全收益指数,12502.23
20170523,H20955,中证红利低波动100全收益指数,12567.34
20170524,H20955,中证红利低波动100全收益指数,12569.94
20170525,H20955,中证红利低波动100全收益指数,12712.32
20170526,H20955,中证红利低波动100全收益指数,12742.4
20170531,H20955,中证红利低波动100全收益指数,12784.33
20170601,H20955,中证红利低波动100全收益指数,12809.42
20170602,H20955,中证红利低波动100全收益指数,12812.29
20170605,H20955,中证红利低波动100全收益指数,12743.2
20170606,H20955,中证红利低波动100全收益指数,12774.18
20170607,H20955,中证红利低波动100全收益指数,12898.6
20170608,H20955,中证红利低波动100全收益指数,13009.72
20170609,H20955,中证红利低波动100全收益指数,13076.44
20170612,H20955,中证红利低波动100全收益指数,13044.0
20170613,H20955,中证红利低波动100全收益指数,13082.34
20170614,H20955,中证红利低波动100全收益指数,12982.04
20170615,H20955,中证红利低波动100全收益指数,12942.16
20170616,H20955,中证红利低波动100全收益指数,12884.08
20170619,H20955,中证红利低波动100全收益指数,12950.15
20170620,H20955,中证红利低波动100全收益指数,12924.34
20170621,H20955,中证红利低波动100全收益指数,13012.85
20170622,H20955,中证红利低波动100全收益指数,13037.9
20170623,H20955,中证红利低波动100全收益指数,13093.86
20170626,H20955,中证红利低波动100全收益指数,13193.77
20170627,H20955,中证红利低波动100全收益指数,13216.03
20170628,H20955,中证红利低波动100全收益指数,13184.27
20170629,H20955,中证红利低波动100全收益指数,13259.12
20170630,H20955,中证红利低波动100全收益指数,13278.76
20170703,H20955,中证红利低波动100全收益指数,13279.36
20170704,H20955,中证红利低波动100全收益指数,13233.1
20170705,H20955,中证红利低波动100全收益指数,13288.36
20170706,H20955,中证红利低波动100全收益指数,13303.83
20170707,H20955,中证红利低波动100全收益指数,13344.75
20170710,H20955,中证红利低波动100全收益指数,13333.93
20170711,H20955,中证红利低波动100全收益指数,13354.38
20170712,H20955,中证红利低波动100全收益指数,13300.57
20170713,H20955,中证红利低波动100全收益指数,13404.53
20170714,H20955,中证红利低波动100全收益指数,13472.58
20170717,H20955,中证红利低波动100全收益指数,13340.66
20170718,H20955,中证红利低波动100全收益指数,13330.03
20170719,H20955,中证红利低波动100全收益指数,13494.59
20170720,H20955,中证红利低波动100全收益指数,13575.45
20170721,H20955,中证红利低波动100全收益指数,13565.58
20170724,H20955,中证红利低波动100全收益指数,13637.26
20170725,H20955,中证红利低波动100全收益指数,13597.84
20170726,H20955,中证红利低波动100全收益指数,13573.57
20170727,H20955,中证红利低波动100全收益指数,13635.07
20170728,H20955,中证红利低波动100全收益指数,13620.3
20170731,H20955,中证红利低波动100全收益指数,13653.34
20170801,H20955,中证红利低波动100全收益指数,13737.23
20170802,H20955,中证红利低波动100全收益指数,13688.64
20170803,H20955,中证红利低波动100全收益指数,13634.46
20170804,H20955,中证红利低波动100全收益指数,13595.67
20170807,H20955,中证红利低波动100全收益指数,13604.37
20170808,H20955,中证红利低波动100全收益指数,13595.62
20170809,H20955,中证红利低波动100全收益指数,13548.02
20170810,H20955,中证红利低波动100全收益指数,13500.03
20170811,H20955,中证红利低波动100全收益指数,13321.03
20170814,H20955,中证红利低波动100全收益指数,13378.69
20170815,H20955,中证红利低波动100全收益指数,13419.25
20170816,H20955,中证红利低波动100全收益指数,13404.82
20170817,H20955,中证红利低波动100全收益指数,13473.89
20170818,H20955,中证红利低波动100全收益指数,13491.41
20170821,H20955,中证红利低波动100全收益指数,13538.13
20170822,H20955,中证红利低波动100全收益指数,13535.17
20170823,H20955,中证红利低波动100全收益指数,13528.06
20170824,H20955,中证红利低波动100全收益指数,13490.28
20170825,H20955,中证红利低波动100全收益指数,13695.4
20170828,H20955,中证红利低波动100全收益指数,13798.74
20170829,H20955,中证红利低波动100全收益指数,13799.61
20170830,H20955,中证红利低波动100全收益指数,13769.62
20170831,H20955,中证红利低波动100全收益指数,13716.33
20170901,H20955,中证红利低波动100全收益指数,13741.43
20170904,H20955,中证红利低波动100全收益指数,13770.07
20170905,H20955,中证红利低波动100全收益指数,13782.02
20170906,H20955,中证红利低波动100全收益指数,13751.8
20170907,H20955,中证红利低波动100全收益指数,13684.62
20170908,H20955,中证红利低波动100全收益指数,13684.17
20170911,H20955,中证红利低波动100全收益指数,13714.71
20170912,H20955,中证红利低波动100全收益指数,13736.62
20170913,H20955,中证红利低波动100全收益指数,13717.51
20170914,H20955,中证红利低波动100全收益指数,13671.79
20170915,H20955,中证红利低波动100全收益指数,13656.53
20170918,H20955,中证红利低波动100全收益指数,13701.24
20170919,H20955,中证红利低波动100全收益指数,13653.33
20170920,H20955,中证红利低波动100全收益指数,13683.1
20170921,H20955,中证红利低波动100全收益指数,13654.58
20170922,H20955,中证红利低波动100全收益指数,13644.84
20170925,H20955,中证红利低波动100全收益指数,13609.37
20170926,H20955,中证红利低波动100全收益指数,13604.24
20170927,H20955,中证红利低波动100全收益指数,13600.42
20170928,H20955,中证红利低波动100全收益指数,13590.49
20170929,H20955,中证红利低波动100全收益指数,13624.57
20171009,H20955,中证红利低波动100全收益指数,13734.1
20171010,H20955,中证红利低波动100全收益指数,13816.59
20171011,H20955,中证红利低波动100全收益指数,13863.43
20171012,H20955,中证红利低波动100全收益指数,13831.44
20171013,H20955,中证红利低波动100全收益指数,13837.43
20171016,H20955,中证红利低波动100全收益指数,13763.66
20171017,H20955,中证红利低波动100全收益指数,13745.72
20171018,H20955,中证红利低波动100全收益指数,13811.56
20171019,H20955,中证红利低波动100全收益指数,13792.94
20171020,H20955,中证红利低波动100全收益指数,13838.16
20171023,H20955,中证红利低波动100全收益指数,13837.9
20171024,H20955,中证红利低波动100全收益指数,13888.79
20171025,H20955,中证红利低波动100全收益指数,13888.74
20171026,H20955,中证红利低波动100全收益指数,13853.81
20171027,H20955,中证红利低波动100全收益指数,13888.44
20171030,H20955,中证红利低波动100全收益指数,13772.07
20171031,H20955,中证红利低波动100全收益指数,13754.34
20171101,H20955,中证红利低波动100全收益指数,13697.09
20171102,H20955,中证红利低波动100全收益指数,13645.04
20171103,H20955,中证红利低波动100全收益指数,13595.48
20171106,H20955,中证红利低波动100全收益指数,13614.84
20171107,H20955,中证红利低波动100全收益指数,13688.06
20171108,H20955,中证红利低波动100全收益指数,13744.68
20171109,H20955,中证红利低波动100全收益指数,13759.53
20171110,H20955,中证红利低波动100全收益指数,13750.92
20171113,H20955,中证红利低波动100全收益指数,13752.33
20171114,H20955,中证红利低波动100全收益指数,13677.98
20171115,H20955,中证红利低波动100全收益指数,13596.67
20171116,H20955,中证红利低波动100全收益指数,13570.53
20171117,H20955,中证红利低波动100全收益指数,13585.2
20171120,H20955,中证红利低波动100全收益指数,13621.7
20171121,H20955,中证红利低波动100全收益指数,13712.83
20171122,H20955,中证红利低波动100全收益指数,13795.25
20171123,H20955,中证红利低波动100全收益指数,13556.75
20171124,H20955,中证红利低波动100全收益指数,13571.1
20171127,H20955,中证红利低波动100全收益指数,13467.42
20171128,H20955,中证红利低波动100全收益指数,13440.55
20171129,H20955,中证红利低波动100全收益指数,13413.26
20171130,H20955,中证红利低波动100全收益指数,13363.24
20171201,H20955,中证红利低波动100全收益指数,13386.95
20171204,H20955,中证红利低波动100全收益指数,13354.62
20171205,H20955,中证红利低波动100全收益指数,13378.97
20171206,H20955,中证红利低波动100全收益指数,13349.55
20171207,H20955,中证红利低波动100全收益指数,13266.86
20171208,H20955,中证红利低波动100全收益指数,13280.82
20171211,H20955,中证红利低波动100全收益指数,13353.27
20171212,H20955,中证红利低波动100全收益指数,13227.65
20171213,H20955,中证红利低波动100全收益指数,13288.72
20171214,H20955,中证红利低波动100全收益指数,13252.43
20171215,H20955,中证红利低波动100全收益指数,13190.74
20171218,H20955,中证红利低波动100全收益指数,13167.32
20171219,H20955,中证红利低波动100全收益指数,13243.3
20171220,H20955,中证红利低波动100全收益指数,13191.25
20171221,H20955,中证红利低波动100全收益指数,13211.9
20171222,H20955,中证红利低波动100全收益指数,13202.34
20171225,H20955,中证红利低波动100全收益指数,13118.3
20171226,H20955,中证红利低波动100全收益指数,13195.84
20171227,H20955,中证红利低波动100全收益指数,13121.22
20171228,H20955,中证红利低波动100全收益指数,13130.35
20171229,H20955,中证红利低波动100全收益指数,13202.41
20180102,H20955,中证红利低波动100全收益指数,13340.91
20180103,H20955,中证红利低波动100全收益指数,13414.19
20180104,H20955,中证红利低波动100全收益指数,13436.65
20180105,H20955,中证红利低波动100全收益指数,13490.49
20180108,H20955,中证红利低波动100全收益指数,13542.44
20180109,H20955,中证红利低波动100全收益指数,13509.94
20180110,H20955,中证红利低波动100全收益指数,13533.46
20180111,H20955,中证红利低波动100全收益指数,13551.27
20180112,H20955,中证红利低波动100全收益指数,13558.91
20180115,H20955,中证红利低波动100全收益指数,13489.77
20180116,H20955,中证红利低波动100全收益指数,13632.86
20180117,H20955,中证红利低波动100全收益指数,13703.34
20180118,H20955,中证红利低波动100全收益指数,13814.53
20180119,H20955,中证红利低波动100全收益指数,13882.36
20180122,H20955,中证红利低波动100全收益指数,13940.42
20180123,H20955,中证红利低波动100全收益指数,14072.13
20180124,H20955,中证红利低波动100全收益指数,14174.32
20180125,H20955,中证红利低波动100全收益指数,14126.53
20180126,H20955,中证红利低波动100全收益指数,14188.3
20180129,H20955,中证红利低波动100全收益指数,14065.16
20180130,H20955,中证红利低波动100全收益指数,13975.51
20180131,H20955,中证红利低波动100全收益指数,13865.91
20180201,H20955,中证红利低波动100全收益指数,13726.91
20180202,H20955,中证红利低波动100全收益指数,13755.37
20180205,H20955,中证红利低波动100全收益指数,13957.67
20180206,H20955,中证红利低波动100全收益指数,13593.06
20180207,H20955,中证红利低波动100全收益指数,13420.96
20180208,H20955,中证红利低波动100全收益指数,13275.75
20180209,H20955,中证红利低波动100全收益指数,12783.58
20180212,H20955,中证红利低波动100全收益指数,12863.14
20180213,H20955,中证红利低波动100全收益指数,12953.91
20180214,H20955,中证红利低波动100全收益指数,12947.51
20180222,H20955,中证红利低波动100全收益指数,13174.04
20180223,H20955,中证红利低波动100全收益指数,13211.72
20180226,H20955,中证红利低波动100全收益指数,13348.38
20180227,H20955,中证红利低波动100全收益指数,13227.17
20180228,H20955,中证红利低波动100全收益指数,13148.05
20180301,H20955,中证红利低波动100全收益指数,13200.48
20180302,H20955,中证红利低波动100全收益指数,13173.67
20180305,H20955,中证红利低波动100全收益指数,13168.97
20180306,H20955,中证红利低波动100全收益指数,13315.34
20180307,H20955,中证红利低波动100全收益指数,13275.47
20180308,H20955,中证红利低波动100全收益指数,13348.06
20180309,H20955,中证红利低波动100全收益指数,13411.81
20180312,H20955,中证红利低波动100全收益指数,13476.25
20180313,H20955,中证红利低波动100全收益指数,13400.66
20180314,H20955,中证红利低波动100全收益指数,13312.46
20180315,H20955,中证红利低波动100全收益指数,13284.03
20180316,H20955,中证红利低波动100全收益指数,13241.0
20180319,H20955,中证红利低波动100全收益指数,13240.4
20180320,H20955,中证红利低波动100全收益指数,13269.83
20180321,H20955,中证红利低波动100全收益指数,13232.85
20180322,H20955,中证红利低波动100全收益指数,13188.32
20180323,H20955,中证红利低波动100全收益指数,12714.34
20180326,H20955,中证红利低波动100全收益指数,12727.88
20180327,H20955,中证红利低波动100全收益指数,12855.38
20180328,H20955,中证红利低波动100全收益指数,12753.78
20180329,H20955,中证红利低波动100全收益指数,12882.8
20180330,H20955,中证红利低波动100全收益指数,12906.15
20180402,H20955,中证红利低波动100全收益指数,12885.55
20180403,H20955,中证红利低波动100全收益指数,12770.49
20180404,H20955,中证红利低波动100全收益指数,12733.55
20180409,H20955,中证红利低波动100全收益指数,12710.74
20180410,H20955,中证红利低波动100全收益指数,12867.23
20180411,H20955,中证红利低波动100全收益指数,12926.45
20180412,H20955,中证红利低波动100全收益指数,12835.87
20180413,H20955,中证红利低波动100全收益指数,12775.89
20180416,H20955,中证红利低波动100全收益指数,12608.43
20180417,H20955,中证红利低波动100全收益指数,12491.42
20180418,H20955,中证红利低波动100全收益指数,12573.33
20180419,H20955,中证红利低波动100全收益指数,12604.83
20180420,H20955,中证红利低波动100全收益指数,12401.69
20180423,H20955,中证红利低波动100全收益指数,12376.3
20180424,H20955,中证红利低波动100全收益指数,12565.99
20180425,H20955,中证红利低波动100全收益指数,12539.65
20180426,H20955,中证红利低波动100全收益指数,12372.69
20180427,H20955,中证红利低波动100全收益指数,12458.9
20180502,H20955,中证红利低波动100全收益指数,12474.78
20180503,H20955,中证红利低波动100全收益指数,12576.16
20180504,H20955,中证红利低波动100全收益指数,12570.87
20180507,H20955,中证红利低波动100全收益指数,12695.05
20180508,H20955,中证红利低波动100全收益指数,12735.04
20180509,H20955,中证红利低波动100全收益指数,12723.14
20180510,H20955,中证红利低波动100全收益指数,12785.49
20180511,H20955,中证红利低波动100全收益指数,12723.49
20180514,H20955,中证红利低波动100全收益指数,12729.34
20180515,H20955,中证红利低波动100全收益指数,12792.3
20180516,H20955,中证红利低波动100全收益指数,12778.82
20180517,H20955,中证红利低波动100全收益指数,12759.48
20180518,H20955,中证红利低波动100全收益指数,12824.37
20180521,H20955,中证红利低波动100全收益指数,12927.07
20180522,H20955,中证红利低波动100全收益指数,12934.72
20180523,H20955,中证红利低波动100全收益指数,12865.52
20180524,H20955,中证红利低波动100全收益指数,12818.23
20180525,H20955,中证红利低波动100全收益指数,12784.26
20180528,H20955,中证红利低波动100全收益指数,12748.14
20180529,H20955,中证红利低波动100全收益指数,12693.24
20180530,H20955,中证红利低波动100全收益指数,12425.18
20180531,H20955,中证红利低波动100全收益指数,12602.86
20180601,H20955,中证红利低波动100全收益指数,12519.9
20180604,H20955,中证红利低波动100全收益指数,12529.05
20180605,H20955,中证红利低波动100全收益指数,12588.45
20180606,H20955,中证红利低波动100全收益指数,12571.58
20180607,H20955,中证红利低波动100全收益指数,12485.04
20180608,H20955,中证红利低波动100全收益指数,12307.4
20180611,H20955,中证红利低波动100全收益指数,12244.25
20180612,H20955,中证红利低波动100全收益指数,12316.85
20180613,H20955,中证红利低波动100全收益指数,12233.86
20180614,H20955,中证红利低波动100全收益指数,12219.23
20180615,H20955,中证红利低波动100全收益指数,12172.56
20180618,H20955,中证红利低波动100全收益指数,12172.56
20180619,H20955,中证红利低波动100全收益指数,11617.05
20180620,H20955,中证红利低波动100全收益指数,11681.38
20180621,H20955,中证红利低波动100全收益指数,11561.79
20180622,H20955,中证红利低波动100全收益指数,11640.19
20180625,H20955,中证红利低波动100全收益指数,11566.03
20180626,H20955,中证红利低波动100全收益指数,11510.09
20180627,H20955,中证红利低波动100全收益指数,11448.11
20180628,H20955,中证红利低波动100全收益指数,11397.97
20180629,H20955,中证红利低波动100全收益指数,11574.46
20180702,H20955,中证红利低波动100全收益指数,11378.66
20180703,H20955,中证红利低波动100全收益指数,11475.25
20180704,H20955,中证红利低波动100全收益指数,11427.32
20180705,H20955,中证红利低波动100全收益指数,11302.7
20180706,H20955,中证红利低波动100全收益指数,11312.18
20180709,H20955,中证红利低波动100全收益指数,11517.74
20180710,H20955,中证红利低波动100全收益指数,11541.4
20180711,H20955,中证红利低波动100全收益指数,11362.35
20180712,H20955,中证红利低波动100全收益指数,11584.29
20180713,H20955,中证红利低波动100全收益指数,11578.15
20180716,H20955,中证红利低波动100全收益指数,11523.29
20180717,H20955,中证红利低波动100全收益指数,11496.85
20180718,H20955,中证红利低波动100全收益指数,11580.41
20180719,H20955,中证红利低波动100全收益指数,11551.3
20180720,H20955,中证红利低波动100全收益指数,11769.94
20180723,H20955,中证红利低波动100全收益指数,11903.61
20180724,H20955,中证红利低波动100全收益指数,12063.05
20180725,H20955,中证红利低波动100全收益指数,12008.31
20180726,H20955,中证红利低波动100全收益指数,12026.57
20180727,H20955,中证红利低波动100全收益指数,11978.57
20180730,H20955,中证红利低波动100全收益指数,11984.01
20180731,H20955,中证红利低波动100全收益指数,11994.45
20180801,H20955,中证红利低波动100全收益指数,11822.62
20180802,H20955,中证红利低波动100全收益指数,11621.37
20180803,H20955,中证红利低波动100全收益指数,11578.68
20180806,H20955,中证红利低波动100全收益指数,11478.08
20180807,H20955,中证红利低波动100全收益指数,11746.19
20180808,H20955,中证红利低波动100全收益指数,11645.78
20180809,H20955,中证红利低波动100全收益指数,11784.67
20180810,H20955,中证红利低波动100全收益指数,11719.42
20180813,H20955,中证红利低波动100全收益指数,11664.59
20180814,H20955,中证红利低波动100全收益指数,11651.68
20180815,H20955,中证红利低波动100全收益指数,11464.92
20180816,H20955,中证红利低波动100全收益指数,11399.02
20180817,H20955,中证红利低波动100全收益指数,11293.81
20180820,H20955,中证红利低波动100全收益指数,11369.36
20180821,H20955,中证红利低波动100全收益指数,11462.08
20180822,H20955,中证红利低波动100全收益指数,11379.56
20180823,H20955,中证红利低波动100全收益指数,11411.41
20180824,H20955,中证红利低波动100全收益指数,11459.72
20180827,H20955,中证红利低波动100全收益指数,11614.09
20180828,H20955,中证红利低波动100全收益指数,11618.09
20180829,H20955,中证红利低波动100全收益指数,11556.79
20180830,H20955,中证红利低波动100全收益指数,11480.39
20180831,H20955,中证红利低波动100全收益指数,11446.17
20180903,H20955,中证红利低波动100全收益指数,11431.81
20180904,H20955,中证红利低波动100全收益指数,11526.32
20180905,H20955,中证红利低波动100全收益指数,11396.1
20180906,H20955,中证红利低波动100全收益指数,11337.24
20180907,H20955,中证红利低波动100全收益指数,11356.57
20180910,H20955,中证红利低波动100全收益指数,11270.24
20180911,H20955,中证红利低波动100全收益指数,11266.0
20180912,H20955,中证红利低波动100全收益指数,11250.17
20180913,H20955,中证红利低波动100全收益指数,11365.11
20180914,H20955,中证红利低波动100全收益指数,11371.92
20180917,H20955,中证红利低波动100全收益指数,11280.52
20180918,H20955,中证红利低波动100全收益指数,11438.31
20180919,H20955,中证红利低波动100全收益指数,11507.19
20180920,H20955,中证红利低波动100全收益指数,11500.23
20180921,H20955,中证红利低波动100全收益指数,11717.1
20180925,H20955,中证红利低波动100全收益指数,11675.08
20180926,H20955,中证红利低波动100全收益指数,11710.52
20180927,H20955,中证红利低波动100全收益指数,11679.85
20180928,H20955,中证红利低波动100全收益指数,11773.23
20181008,H20955,中证红利低波动100全收益指数,11479.22
20181009,H20955,中证红利低波动100全收益指数,11444.49
20181010,H20955,中证红利低波动100全收益指数,11488.11
20181011,H20955,中证红利低波动100全收益指数,10850.05
20181012,H20955,中证红利低波动100全收益指数,10867.69
20181015,H20955,中证红利低波动100全收益指数,10695.27
20181016,H20955,中证红利低波动100全收益指数,10581.71
20181017,H20955,中证红利低波动100全收益指数,10675.23
20181018,H20955,中证红利低波动100全收益指数,10474.63
20181019,H20955,中证红利低波动100全收益指数,10703.86
20181022,H20955,中证红利低波动100全收益指数,11131.66
20181023,H20955,中证红利低波动100全收益指数,10942.9
20181024,H20955,中证红利低波动100全收益指数,11026.65
20181025,H20955,中证红利低波动100全收益指数,11099.41
20181026,H20955,中证红利低波动100全收益指数,11120.42
20181029,H20955,中证红利低波动100全收益指数,10992.53
20181030,H20955,中证红利低波动100全收益指数,11117.58
20181031,H20955,中证红利低波动100全收益指数,11196.59
20181101,H20955,中证红利低波动100全收益指数,11207.66
20181102,H20955,中证红利低波动100全收益指数,11421.17
20181105,H20955,中证红利低波动100全收益指数,11416.54
20181106,H20955,中证红利低波动100全收益指数,11429.0
20181107,H20955,中证红利低波动100全收益指数,11365.07
20181108,H20955,中证红利低波动100全收益指数,11326.48
20181109,H20955,中证红利低波动100全收益指数,11242.46
20181112,H20955,中证红利低波动100全收益指数,11437.92
20181113,H20955,中证红利低波动100全收益指数,11621.37
20181114,H20955,中证红利低波动100全收益指数,11552.25
20181115,H20955,中证红利低波动100全收益指数,11690.94
20181116,H20955,中证红利低波动100全收益指数,11797.0
20181119,H20955,中证红利低波动100全收益指数,11878.0
20181120,H20955,中证红利低波动100全收益指数,11614.09
20181121,H20955,中证红利低波动100全收益指数,11638.9
20181122,H20955,中证红利低波动100全收益指数,11638.76
20181123,H20955,中证红利低波动100全收益指数,11315.34
20181126,H20955,中证红利低波动100全收益指数,11325.73
20181127,H20955,中证红利低波动100全收益指数,11324.57
20181128,H20955,中证红利低波动100全收益指数,11432.85
20181129,H20955,中证红利低波动100全收益指数,11274.25
20181130,H20955,中证红利低波动100全收益指数,11361.35
20181203,H20955,中证红利低波动100全收益指数,11610.39
20181204,H20955,中证红利低波动100全收益指数,11674.4
20181205,H20955,中证红利低波动100全收益指数,11580.64
20181206,H20955,中证红利低波动100全收益指数,11422.72
20181207,H20955,中证红利低波动100全收益指数,11460.55
20181210,H20955,中证红利低波动100全收益指数,11353.74
20181211,H20955,中证红利低波动100全收益指数,11379.3
20181212,H20955,中证红利低波动100全收益指数,11413.07
20181213,H20955,中证红利低波动100全收益指数,11551.01
20181214,H20955,中证红利低波动100全收益指数,11400.17
20181217,H20955,中证红利低波动100全收益指数,11463.53
20181218,H20955,中证红利低波动100全收益指数,11430.97
20181219,H20955,中证红利低波动100全收益指数,11373.23
20181220,H20955,中证红利低波动100全收益指数,11355.62
20181221,H20955,中证红利低波动100全收益指数,11303.82
20181224,H20955,中证红利低波动100全收益指数,11372.47
20181225,H20955,中证红利低波动100全收益指数,11308.47
20181226,H20955,中证红利低波动100全收益指数,11362.47
20181227,H20955,中证红利低波动100全收益指数,11266.79
20181228,H20955,中证红利低波动100全收益指数,11338.62
20190102,H20955,中证红利低波动100全收益指数,11198.08
20190103,H20955,中证红利低波动100全收益指数,11191.6
20190104,H20955,中证红利低波动100全收益指数,11399.7
20190107,H20955,中证红利低波动100全收益指数,11496.85
20190108,H20955,中证红利低波动100全收益指数,11512.87
20190109,H20955,中证红利低波动100全收益指数,11545.66
20190110,H20955,中证红利低波动100全收益指数,11501.16
20190111,H20955,中证红利低波动100全收益指数,11547.67
20190114,H20955,中证红利低波动100全收益指数,11500.61
20190115,H20955,中证红利低波动100全收益指数,11586.43
20190116,H20955,中证红利低波动100全收益指数,11588.74
20190117,H20955,中证红利低波动100全收益指数,11564.47
20190118,H20955,中证红利低波动100全收益指数,11655.42
20190121,H20955,中证红利低波动100全收益指数,11673.94
20190122,H20955,中证红利低波动100全收益指数,11583.13
20190123,H20955,中证红利低波动100全收益指数,11615.37
20190124,H20955,中证红利低波动100全收益指数,11655.42
20190125,H20955,中证红利低波动100全收益指数,11669.51
20190128,H20955,中证红利低波动100全收益指数,11655.24
20190129,H20955,中证红利低波动100全收益指数,11632.64
20190130,H20955,中证红利低波动100全收益指数,11549.61
20190131,H20955,中证红利低波动100全收益指数,11580.11
20190201,H20955,中证红利低波动100全收益指数,11735.48
20190211,H20955,中证红利低波动100全收益指数,11881.18
20190212,H20955,中证红利低波动100全收益指数,11965.04
20190213,H20955,中证红利低波动100全收益指数,12123.7
20190214,H20955,中证红利低波动100全收益指数,12099.39
20190215,H20955,中证红利低波动100全收益指数,11972.43
20190218,H20955,中证红利低波动100全收益指数,12235.15
20190219,H20955,中证红利低波动100全收益指数,12237.36
20190220,H20955,中证红利低波动100全收益指数,12246.59
20190221,H20955,中证红利低波动100全收益指数,12214.75
20190222,H20955,中证红利低波动100全收益指数,12434.02
20190225,H20955,中证红利低波动100全收益指数,13014.48
20190226,H20955,中证红利低波动100全收益指数,12962.93
20190227,H20955,中证红利低波动100全收益指数,12933.01
20190228,H20955,中证红利低波动100全收益指数,12863.21
20190301,H20955,中证红利低波动100全收益指数,13019.95
20190304,H20955,中证红利低波动100全收益指数,13172.0
20190305,H20955,中证红利低波动100全收益指数,13331.36
20190306,H20955,中证红利低波动100全收益指数,13566.21
20190307,H20955,中证红利低波动100全收益指数,13683.9
20190308,H20955,中证红利低波动100全收益指数,13040.24
20190311,H20955,中证红利低波动100全收益指数,13348.87
20190312,H20955,中证红利低波动100全收益指数,13498.94
20190313,H20955,中证红利低波动100全收益指数,13327.08
20190314,H20955,中证红利低波动100全收益指数,13129.49
20190315,H20955,中证红利低波动100全收益指数,13321.85
20190318,H20955,中证红利低波动100全收益指数,13614.3
20190319,H20955,中证红利低波动100全收益指数,13581.67
20190320,H20955,中证红利低波动100全收益指数,13607.95
20190321,H20955,中证红利低波动100全收益指数,13668.46
20190322,H20955,中证红利低波动100全收益指数,13746.61
20190325,H20955,中证红利低波动100全收益指数,13602.93
20190326,H20955,中证红利低波动100全收益指数,13361.99
20190327,H20955,中证红利低波动100全收益指数,13467.26
20190328,H20955,中证红利低波动100全收益指数,13274.83
20190329,H20955,中证红利低波动100全收益指数,13625.1
20190401,H20955,中证红利低波动100全收益指数,13989.39
20190402,H20955,中证红利低波动100全收益指数,13985.71
20190403,H20955,中证红利低波动100全收益指数,14216.99
20190404,H20955,中证红利低波动100全收益指数,14391.68
20190408,H20955,中证红利低波动100全收益指数,14437.49
20190409,H20955,中证红利低波动100全收益指数,14388.75
20190410,H20955,中证红利低波动100全收益指数,14452.9
20190411,H20955,中证红利低波动100全收益指数,14254.36
20190412,H20955,中证红利低波动100全收益指数,14282.11
20190415,H20955,中证红利低波动100全收益指数,14188.14
20190416,H20955,中证红利低波动100全收益指数,14405.37
20190417,H20955,中证红利低波动100全收益指数,14479.32
20190418,H20955,中证红利低波动100全收益指数,14346.18
20190419,H20955,中证红利低波动100全收益指数,14411.82
20190422,H20955,中证红利低波动100全收益指数,14180.64
20190423,H20955,中证红利低波动100全收益指数,14077.62
20190424,H20955,中证红利低波动100全收益指数,14096.1
20190425,H20955,中证红利低波动100全收益指数,13737.56
20190426,H20955,中证红利低波动100全收益指数,13569.46
20190429,H20955,中证红利低波动100全收益指数,13498.63
20190430,H20955,中证红利低波动100全收益指数,13658.99
20190506,H20955,中证红利低波动100全收益指数,12988.89
20190507,H20955,中证红利低波动100全收益指数,13090.41
20190508,H20955,中证红利低波动100全收益指数,12944.92
20190509,H20955,中证红利低波动100全收益指数,12794.89
20190510,H20955,中证红利低波动100全收益指数,13142.12
20190513,H20955,中证红利低波动100全收益指数,13057.86
20190514,H20955,中证红利低波动100全收益指数,12972.5
20190515,H20955,中证红利低波动100全收益指数,13178.52
20190516,H20955,中证红利低波动100全收益指数,13275.0
20190517,H20955,中证红利低波动100全收益指数,12961.04
20190520,H20955,中证红利低波动100全收益指数,12824.22
20190521,H20955,中证红利低波动100全收益指数,13002.57
20190522,H20955,中证红利低波动100全收益指数,12947.16
20190523,H20955,中证红利低波动100全收益指数,12792.1
20190524,H20955,中证红利低波动100全收益指数,12798.69
20190527,H20955,中证红利低波动100全收益指数,12968.8
20190528,H20955,中证红利低波动100全收益指数,13036.49
20190529,H20955,中证红利低波动100全收益指数,12999.99
20190530,H20955,中证红利低波动100全收益指数,13018.99
20190531,H20955,中证红利低波动100全收益指数,13032.52
20190603,H20955,中证红利低波动100全收益指数,12986.69
20190604,H20955,中证红利低波动100全收益指数,12912.57
20190605,H20955,中证红利低波动100全收益指数,12877.26
20190606,H20955,中证红利低波动100全收益指数,12748.2
20190610,H20955,中证红利低波动100全收益指数,12839.94
20190611,H20955,中证红利低波动100全收益指数,13151.8
20190612,H20955,中证红利低波动100全收益指数,13056.91
20190613,H20955,中证红利低波动100全收益指数,13043.04
20190614,H20955,中证红利低波动100全收益指数,12903.34
20190617,H20955,中证红利低波动100全收益指数,12933.49
20190618,H20955,中证红利低波动100全收益指数,12943.42
20190619,H20955,中证红利低波动100全收益指数,13052.01
20190620,H20955,中证红利低波动100全收益指数,13241.76
20190621,H20955,中证红利低波动100全收益指数,13279.49
20190624,H20955,中证红利低波动100全收益指数,13284.94
20190625,H20955,中证红利低波动100全收益指数,13183.56
20190626,H20955,中证红利低波动100全收益指数,13164.37
20190627,H20955,中证红利低波动100全收益指数,13199.12
20190628,H20955,中证红利低波动100全收益指数,13134.66
20190701,H20955,中证红利低波动100全收益指数,13311.52
20190702,H20955,中证红利低波动100全收益指数,13327.2
20190703,H20955,中证红利低波动100全收益指数,13346.78
20190704,H20955,中证红利低波动100全收益指数,13349.46
20190705,H20955,中证红利低波动100全收益指数,13358.75
20190708,H20955,中证红利低波动100全收益指数,13089.81
20190709,H20955,中证红利低波动100全收益指数,13049.2
20190710,H20955,中证红利低波动100全收益指数,12995.51
20190711,H20955,中证红利低波动100全收益指数,13000.87
20190712,H20955,中证红利低波动100全收益指数,13072.72
20190715,H20955,中证红利低波动100全收益指数,13121.91
20190716,H20955,中证红利低波动100全收益指数,13126.28
20190717,H20955,中证红利低波动100全收益指数,13105.29
20190718,H20955,中证红利低波动100全收益指数,12996.23
20190719,H20955,中证红利低波动100全收益指数,13091.27
20190722,H20955,中证红利低波动100全收益指数,12980.46
20190723,H20955,中证红利低波动100全收益指数,13044.76
20190724,H20955,中证红利低波动100全收益指数,13117.72
20190725,H20955,中证红利低波动100全收益指数,13145.32
20190726,H20955,中证红利低波动100全收益指数,13185.78
20190729,H20955,中证红利低波动100全收益指数,13199.6
20190730,H20955,中证红利低波动100全收益指数,13252.6
20190731,H20955,中证红利低波动100全收益指数,13206.51
20190801,H20955,中证红利低波动100全收益指数,13135.07
20190802,H20955,中证红利低波动100全收益指数,12973.63
20190805,H20955,中证红利低波动100全收益指数,12797.61
20190806,H20955,中证红利低波动100全收益指数,12562.92
20190807,H20955,中证红利低波动100全收益指数,12565.22
20190808,H20955,中证红利低波动100全收益指数,12642.03
20190809,H20955,中证红利低波动100全收益指数,12571.18
20190812,H20955,中证红利低波动100全收益指数,12687.76
20190813,H20955,中证红利低波动100全收益指数,12619.3
20190814,H20955,中证红利低波动100全收益指数,12656.63
20190815,H20955,中证红利低波动100全收益指数,12650.4
20190816,H20955,中证红利低波动100全收益指数,12654.31
20190819,H20955,中证红利低波动100全收益指数,12867.28
20190820,H20955,中证红利低波动100全收益指数,12837.96
20190821,H20955,中证红利低波动100全收益指数,12807.25
20190822,H20955,中证红利低波动100全收益指数,12791.62
20190823,H20955,中证红利低波动100全收益指数,12798.86
20190826,H20955,中证红利低波动100全收益指数,12699.5
20190827,H20955,中证红利低波动100全收益指数,12838.83
20190828,H20955,中证红利低波动100全收益指数,12833.52
20190829,H20955,中证红利低波动100全收益指数,12789.32
20190830,H20955,中证红利低波动100全收益指数,12710.02
20190902,H20955,中证红利低波动100全收益指数,12850.73
20190903,H20955,中证红利低波动100全收益指数,12857.13
20190904,H20955,中证红利低波动100全收益指数,12977.28
20190905,H20955,中证红利低波动100全收益指数,13052.19
20190906,H20955,中证红利低波动100全收益指数,13086.53
20190909,H20955,中证红利低波动100全收益指数,13142.7
20190910,H20955,中证红利低波动100全收益指数,13120.67
20190911,H20955,中证红利低波动100全收益指数,13130.85
20190912,H20955,中证红利低波动100全收益指数,13180.06
20190916,H20955,中证红利低波动100全收益指数,13197.45
20190917,H20955,中证红利低波动100全收益指数,13001.65
20190918,H20955,中证红利低波动100全收益指数,13018.8
20190919,H20955,中证红利低波动100全收益指数,13052.26
20190920,H20955,中证红利低波动100全收益指数,13043.29
20190923,H20955,中证红利低波动100全收益指数,12900.53
20190924,H20955,中证红利低波动100全收益指数,12919.22
20190925,H20955,中证红利低波动100全收益指数,12807.84
20190926,H20955,中证红利低波动100全收益指数,12793.02
20190927,H20955,中证红利低波动100全收益指数,12761.19
20190930,H20955,中证红利低波动100全收益指数,12711.92
20191008,H20955,中证红利低波动100全收益指数,12787.78
20191009,H20955,中证红利低波动100全收益指数,12864.99
20191010,H20955,中证红利低波动100全收益指数,12924.42
20191011,H20955,中证红利低波动100全收益指数,13005.61
20191014,H20955,中证红利低波动100全收益指数,13151.07
20191015,H20955,中证红利低波动100全收益指数,13100.27
20191016,H20955,中证红利低波动100全收益指数,13052.83
20191017,H20955,中证红利低波动100全收益指数,13007.22
20191018,H20955,中证红利低波动100全收益指数,12867.47
20191021,H20955,中证红利低波动100全收益指数,12884.44
20191022,H20955,中证红利低波动100全收益指数,12914.12
20191023,H20955,中证红利低波动100全收益指数,12879.14
20191024,H20955,中证红利低波动100全收益指数,12907.15
20191025,H20955,中证红利低波动100全收益指数,12945.53
20191028,H20955,中证红利低波动100全收益指数,12971.83
20191029,H20955,中证红利低波动100全收益指数,12891.78
20191030,H20955,中证红利低波动100全收益指数,12853.5
20191031,H20955,中证红利低波动100全收益指数,12791.61
20191101,H20955,中证红利低波动100全收益指数,12881.01
20191104,H20955,中证红利低波动100全收益指数,12911.72
20191105,H20955,中证红利低波动100全收益指数,13000.09
20191106,H20955,中证红利低波动100全收益指数,12971.13
20191107,H20955,中证红利低波动100全收益指数,12995.88
20191108,H20955,中证红利低波动100全收益指数,12918.89
20191111,H20955,中证红利低波动100全收益指数,12669.47
20191112,H20955,中证红利低波动100全收益指数,12688.29
20191113,H20955,中证红利低波动100全收益指数,12602.98
20191114,H20955,中证红利低波动100全收益指数,12581.87
20191115,H20955,中证红利低波动100全收益指数,12497.22
20191118,H20955,中证红利低波动100全收益指数,12591.96
20191119,H20955,中证红利低波动100全收益指数,12684.45
20191120,H20955,中证红利低波动100全收益指数,12609.75
20191121,H20955,中证红利低波动100全收益指数,12614.42
20191122,H20955,中证红利低波动100全收益指数,12606.01
20191125,H20955,中证红利低波动100全收益指数,12810.7
20191126,H20955,中证红利低波动100全收益指数,12774.49
20191127,H20955,中证红利低波动100全收益指数,12730.88
20191128,H20955,中证红利低波动100全收益指数,12689.74
20191129,H20955,中证红利低波动100全收益指数,12695.23
20191202,H20955,中证红利低波动100全收益指数,12696.18
20191203,H20955,中证红利低波动100全收益指数,12729.53
20191204,H20955,中证红利低波动100全收益指数,12695.86
20191205,H20955,中证红利低波动100全收益指数,12723.67
20191206,H20955,中证红利低波动100全收益指数,12742.49
20191209,H20955,中证红利低波动100全收益指数,12805.04
20191210,H20955,中证红利低波动100全收益指数,12780.62
20191211,H20955,中证红利低波动100全收益指数,12826.7
20191212,H20955,中证红利低波动100全收益指数,12794.98
20191213,H20955,中证红利低波动100全收益指数,12947.63
20191216,H20955,中证红利低波动100全收益指数,12999.29
20191217,H20955,中证红利低波动100全收益指数,13116.73
20191218,H20955,中证红利低波动100全收益指数,13077.33
20191219,H20955,中证红利低波动100全收益指数,13116.25
20191220,H20955,中证红利低波动100全收益指数,13086.67
20191223,H20955,中证红利低波动100全收益指数,12918.14
20191224,H20955,中证红利低波动100全收益指数,12973.71
20191225,H20955,中证红利低波动100全收益指数,12943.64
20191226,H20955,中证红利低波动100全收益指数,13030.75
20191227,H20955,中证红利低波动100全收益指数,13057.97
20191230,H20955,中证红利低波动100全收益指数,13189.06
20191231,H20955,中证红利低波动100全收益指数,13252.65
20200102,H20955,中证红利低波动100全收益指数,13405.56
20200103,H20955,中证红利低波动100全收益指数,13428.68
20200106,H20955,中证红利低波动100全收益指数,13396.88
20200107,H20955,中证红利低波动100全收益指数,13454.91
20200108,H20955,中证红利低波动100全收益指数,13306.92
20200109,H20955,中证红利低波动100全收益指数,13376.08
20200110,H20955,中证红利低波动100全收益指数,13345.51
20200113,H20955,中证红利低波动100全收益指数,13373.18
20200114,H20955,中证红利低波动100全收益指数,13371.85
20200115,H20955,中证红利低波动100全收益指数,13254.33
20200116,H20955,中证红利低波动100全收益指数,13180.27
20200117,H20955,中证红利低波动100全收益指数,13164.22
20200120,H20955,中证红利低波动100全收益指数,13187.82
20200121,H20955,中证红利低波动100全收益指数,13001.77
20200122,H20955,中证红利低波动100全收益指数,12987.92
20200123,H20955,中证红利低波动100全收益指数,12669.75
20200203,H20955,中证红利低波动100全收益指数,11607.98
20200204,H20955,中证红利低波动100全收益指数,11821.65
20200205,H20955,中证红利低波动100全收益指数,11921.25
20200206,H20955,中证红利低波动100全收益指数,12048.63
20200207,H20955,中证红利低波动100全收益指数,12021.73
20200210,H20955,中证红利低波动100全收益指数,12125.03
20200211,H20955,中证红利低波动100全收益指数,12178.29
20200212,H20955,中证红利低波动100全收益指数,12229.35
20200213,H20955,中证红利低波动100全收益指数,12142.26
20200214,H20955,中证红利低波动100全收益指数,12194.54
20200217,H20955,中证红利低波动100全收益指数,12421.47
20200218,H20955,中证红利低波动100全收益指数,12379.64
20200219,H20955,中证红利低波动100全收益指数,12344.4
20200220,H20955,中证红利低波动100全收益指数,12494.27
20200221,H20955,中证红利低波动100全收益指数,12502.35
20200224,H20955,中证红利低波动100全收益指数,12402.63
20200225,H20955,中证红利低波动100全收益指数,12254.63
20200226,H20955,中证红利低波动100全收益指数,12347.68
20200227,H20955,中证红利低波动100全收益指数,12372.54
20200228,H20955,中证红利低波动100全收益指数,12082.23
20200302,H20955,中证红利低波动100全收益指数,12475.67
20200303,H20955,中证红利低波动100全收益指数,12502.04
20200304,H20955,中证红利低波动100全收益指数,12608.55
20200305,H20955,中证红利低波动100全收益指数,12765.03
20200306,H20955,中证红利低波动100全收益指数,12656.3
20200309,H20955,中证红利低波动100全收益指数,12411.13
20200310,H20955,中证红利低波动100全收益指数,12572.74
20200311,H20955,中证红利低波动100全收益指数,12444.97
20200312,H20955,中证红利低波动100全收益指数,12245.9
20200313,H20955,中证红利低波动100全收益指数,12075.9
20200316,H20955,中证红利低波动100全收益指数,11881.73
20200317,H20955,中证红利低波动100全收益指数,11847.41
20200318,H20955,中证红利低波动100全收益指数,11672.14
20200319,H20955,中证红利低波动100全收益指数,11505.09
20200320,H20955,中证红利低波动100全收益指数,11655.73
20200323,H20955,中证红利低波动100全收益指数,11403.92
20200324,H20955,中证红利低波动100全收益指数,11632.06
20200325,H20955,中证红利低波动100全收益指数,11813.18
20200326,H20955,中证红利低波动100全收益指数,11732.72
20200327,H20955,中证红利低波动100全收益指数,11810.35
20200330,H20955,中证红利低波动100全收益指数,11765.84
20200331,H20955,中证红利低波动100全收益指数,11733.0
20200401,H20955,中证红利低波动100全收益指数,11639.22
20200402,H20955,中证红利低波动100全收益指数,11760.39
20200403,H20955,中证红利低波动100全收益指数,11708.06
20200407,H20955,中证红利低波动100全收益指数,11878.57
20200408,H20955,中证红利低波动100全收益指数,11864.34
20200409,H20955,中证红利低波动100全收益指数,11878.11
20200410,H20955,中证红利低波动100全收益指数,11798.66
20200413,H20955,中证红利低波动100全收益指数,11780.92
20200414,H20955,中证红利低波动100全收益指数,11877.08
20200415,H20955,中证红利低波动100全收益指数,11816.68
20200416,H20955,中证红利低波动100全收益指数,11839.59
20200417,H20955,中证红利低波动100全收益指数,11861.09
20200420,H20955,中证红利低波动100全收益指数,11869.99
20200421,H20955,中证红利低波动100全收益指数,11783.74
20200422,H20955,中证红利低波动100全收益指数,11827.44
20200423,H20955,中证红利低波动100全收益指数,11824.05
20200424,H20955,中证红利低波动100全收益指数,11743.77
20200427,H20955,中证红利低波动100全收益指数,11822.16
20200428,H20955,中证红利低波动100全收益指数,11742.92
20200429,H20955,中证红利低波动100全收益指数,11898.76
20200430,H20955,中证红利低波动100全收益指数,12029.03
20200506,H20955,中证红利低波动100全收益指数,11999.12
20200507,H20955,中证红利低波动100全收益指数,11975.12
20200508,H20955,中证红利低波动100全收益指数,12049.89
20200511,H20955,中证红利低波动100全收益指数,12050.89
20200512,H20955,中证红利低波动100全收益指数,11997.13
20200513,H20955,中证红利低波动100全收益指数,12013.44
20200514,H20955,中证红利低波动100全收益指数,11900.72
20200515,H20955,中证红利低波动100全收益指数,11895.85
20200518,H20955,中证红利低波动100全收益指数,11944.58
20200519,H20955,中证红利低波动100全收益指数,11995.93
20200520,H20955,中证红利低波动100全收益指数,11960.38
20200521,H20955,中证红利低波动100全收益指数,11909.72
20200522,H20955,中证红利低波动100全收益指数,11754.2
20200525,H20955,中证红利低波动100全收益指数,11814.37
20200526,H20955,中证红利低波动100全收益指数,11863.44
20200527,H20955,中证红利低波动100全收益指数,11918.9
20200528,H20955,中证红利低波动100全收益指数,11939.89
20200529,H20955,中证红利低波动100全收益指数,11891.31
20200601,H20955,中证红利低波动100全收益指数,12090.52
20200602,H20955,中证红利低波动100全收益指数,12128.3
20200603,H20955,中证红利低波动100全收益指数,12113.89
20200604,H20955,中证红利低波动100全收益指数,12090.29
20200605,H20955,中证红利低波动100全收益指数,12094.93
20200608,H20955,中证红利低波动100全收益指数,12135.24
20200609,H20955,中证红利低波动100全收益指数,12192.17
20200610,H20955,中证红利低波动100全收益指数,12157.12
20200611,H20955,中证红利低波动100全收益指数,12072.14
20200612,H20955,中证红利低波动100全收益指数,12089.63
20200615,H20955,中证红利低波动100全收益指数,12033.67
20200616,H20955,中证红利低波动100全收益指数,12179.68
20200617,H20955,中证红利低波动100全收益指数,12213.58
20200618,H20955,中证红利低波动100全收益指数,12321.99
20200619,H20955,中证红利低波动100全收益指数,12345.54
20200622,H20955,中证红利低波动100全收益指数,12267.75
20200623,H20955,中证红利低波动100全收益指数,12217.77
20200624,H20955,中证红利低波动100全收益指数,12259.08
20200629,H20955,中证红利低波动100全收益指数,12180.86
20200630,H20955,中证红利低波动100全收益指数,12276.73
20200701,H20955,中证红利低波动100全收益指数,12491.91
20200702,H20955,中证红利低波动100全收益指数,12817.69
20200703,H20955,中证红利低波动100全收益指数,13108.86
20200706,H20955,中证红利低波动100全收益指数,13973.35
20200707,H20955,中证红利低波动100全收益指数,13941.93
20200708,H20955,中证红利低波动100全收益指数,14126.3
20200709,H20955,中证红利低波动100全收益指数,14270.23
20200710,H20955,中证红利低波动100全收益指数,14001.9
20200713,H20955,中证红利低波动100全收益指数,14210.12
20200714,H20955,中证红利低波动100全收益指数,14046.03
20200715,H20955,中证红利低波动100全收益指数,13769.66
20200716,H20955,中证红利低波动100全收益指数,13401.29
20200717,H20955,中证红利低波动100全收益指数,13335.54
20200720,H20955,中证红利低波动100全收益指数,13820.61
20200721,H20955,中证红利低波动100全收益指数,13751.74
20200722,H20955,中证红利低波动100全收益指数,13724.27
20200723,H20955,中证红利低波动100全收益指数,13595.38
20200724,H20955,中证红利低波动100全收益指数,13218.39
20200727,H20955,中证红利低波动100全收益指数,13176.62
20200728,H20955,中证红利低波动100全收益指数,13252.0
20200729,H20955,中证红利低波动100全收益指数,13440.02
20200730,H20955,中证红利低波动100全收益指数,13445.16
20200731,H20955,中证红利低波动100全收益指数,13468.94
20200803,H20955,中证红利低波动100全收益指数,13721.81
20200804,H20955,中证红利低波动100全收益指数,13766.29
20200805,H20955,中证红利低波动100全收益指数,13649.87
20200806,H20955,中证红利低波动100全收益指数,13646.75
20200807,H20955,中证红利低波动100全收益指数,13538.01
20200810,H20955,中证红利低波动100全收益指数,13710.83
20200811,H20955,中证红利低波动100全收益指数,13610.6
20200812,H20955,中证红利低波动100全收益指数,13659.81
20200813,H20955,中证红利低波动100全收益指数,13731.45
20200814,H20955,中证红利低波动100全收益指数,13794.69
20200817,H20955,中证红利低波动100全收益指数,14087.64
20200818,H20955,中证红利低波动100全收益指数,14096.23
20200819,H20955,中证红利低波动100全收益指数,14053.29
20200820,H20955,中证红利低波动100全收益指数,13886.61
20200821,H20955,中证红利低波动100全收益指数,13981.79
20200824,H20955,中证红利低波动100全收益指数,13986.69
20200825,H20955,中证红利低波动100全收益指数,13919.25
20200826,H20955,中证红利低波动100全收益指数,13766.6
20200827,H20955,中证红利低波动100全收益指数,13791.12
20200828,H20955,中证红利低波动100全收益指数,13957.83
20200831,H20955,中证红利低波动100全收益指数,13902.72
20200901,H20955,中证红利低波动100全收益指数,13936.74
20200902,H20955,中证红利低波动100全收益指数,13887.02
20200903,H20955,中证红利低波动100全收益指数,13846.73
20200904,H20955,中证红利低波动100全收益指数,13744.53
20200907,H20955,中证红利低波动100全收益指数,13602.82
20200908,H20955,中证红利低波动100全收益指数,13761.8
20200909,H20955,中证红利低波动100全收益指数,13614.38
20200910,H20955,中证红利低波动100全收益指数,13531.05
20200911,H20955,中证红利低波动100全收益指数,13509.4
20200914,H20955,中证红利低波动100全收益指数,13534.64
20200915,H20955,中证红利低波动100全收益指数,13515.59
20200916,H20955,中证红利低波动100全收益指数,13543.48
20200917,H20955,中证红利低波动100全收益指数,13518.07
20200918,H20955,中证红利低波动100全收益指数,13792.45
20200921,H20955,中证红利低波动100全收益指数,13725.05
20200922,H20955,中证红利低波动100全收益指数,13527.5
20200923,H20955,中证红利低波动100全收益指数,13493.85
20200924,H20955,中证红利低波动100全收益指数,13260.83
20200925,H20955,中证红利低波动100全收益指数,13234.53
20200928,H20955,中证红利低波动100全收益指数,13279.43
20200929,H20955,中证红利低波动100全收益指数,13289.38
20200930,H20955,中证红利低波动100全收益指数,13212.96
20201009,H20955,中证红利低波动100全收益指数,13409.15
20201012,H20955,中证红利低波动100全收益指数,13634.85
20201013,H20955,中证红利低波动100全收益指数,13621.16
20201014,H20955,中证红利低波动100全收益指数,13550.23
20201015,H20955,中证红利低波动100全收益指数,13583.88
20201016,H20955,中证红利低波动100全收益指数,13701.63
20201019,H20955,中证红利低波动100全收益指数,13621.16
20201020,H20955,中证红利低波动100全收益指数,13598.17
20201021,H20955,中证红利低波动100全收益指数,13620.87
20201022,H20955,中证红利低波动100全收益指数,13598.06
20201023,H20955,中证红利低波动100全收益指数,13585.56
20201026,H20955,中证红利低波动100全收益指数,13515.59
20201027,H20955,中证红利低波动100全收益指数,13459.96
20201028,H20955,中证红利低波动100全收益指数,13423.26
20201029,H20955,中证红利低波动100全收益指数,13383.75
20201030,H20955,中证红利低波动100全收益指数,13222.05
20201102,H20955,中证红利低波动100全收益指数,13235.37
20201103,H20955,中证红利低波动100全收益指数,13407.7
20201104,H20955,中证红利低波动100全收益指数,13418.33
20201105,H20955,中证红利低波动100全收益指数,13567.32
20201106,H20955,中证红利低波动100全收益指数,13622.27
20201109,H20955,中证红利低波动100全收益指数,13812.22
20201110,H20955,中证红利低波动100全收益指数,13779.58
20201111,H20955,中证红利低波动100全收益指数,13878.57
20201112,H20955,中证红利低波动100全收益指数,13793.04
20201113,H20955,中证红利低波动100全收益指数,13647.91
20201116,H20955,中证红利低波动100全收益指数,13891.62
20201117,H20955,中证红利低波动100全收益指数,13906.66
20201118,H20955,中证红利低波动100全收益指数,13956.56
20201119,H20955,中证红利低波动100全收益指数,13933.92
20201120,H20955,中证红利低波动100全收益指数,14002.42
20201123,H20955,中证红利低波动100全收益指数,14226.78
20201124,H20955,中证红利低波动100全收益指数,14195.57
20201125,H20955,中证红利低波动100全收益指数,14063.76
20201126,H20955,中证红利低波动100全收益指数,14116.02
20201127,H20955,中证红利低波动100全收益指数,14251.83
20201130,H20955,中证红利低波动100全收益指数,14162.69
20201201,H20955,中证红利低波动100全收益指数,14359.03
20201202,H20955,中证红利低波动100全收益指数,14382.14
20201203,H20955,中证红利低波动100全收益指数,14251.46
20201204,H20955,中证红利低波动100全收益指数,14176.76
20201207,H20955,中证红利低波动100全收益指数,14001.68
20201208,H20955,中证红利低波动100全收益指数,13920.89
20201209,H20955,中证红利低波动100全收益指数,13856.53
20201210,H20955,中证红利低波动100全收益指数,13879.67
20201211,H20955,中证红利低波动100全收益指数,13775.36
20201214,H20955,中证红利低波动100全收益指数,13630.98
20201215,H20955,中证红利低波动100全收益指数,13607.32
20201216,H20955,中证红利低波动100全收益指数,13575.26
20201217,H20955,中证红利低波动100全收益指数,13739.15
20201218,H20955,中证红利低波动100全收益指数,13857.17
20201221,H20955,中证红利低波动100全收益指数,13876.03
20201222,H20955,中证红利低波动100全收益指数,13539.95
20201223,H20955,中证红利低波动100全收益指数,13569.6
20201224,H20955,中证红利低波动100全收益指数,13484.36
20201225,H20955,中证红利低波动100全收益指数,13627.0
20201228,H20955,中证红利低波动100全收益指数,13555.34
20201229,H20955,中证红利低波动100全收益指数,13469.34
20201230,H20955,中证红利低波动100全收益指数,13508.93
20201231,H20955,中证红利低波动100全收益指数,13562.56
20210104,H20955,中证红利低波动100全收益指数,13580.17
20210105,H20955,中证红利低波动100全收益指数,13502.93
20210106,H20955,中证红利低波动100全收益指数,13573.79
20210107,H20955,中证红利低波动100全收益指数,13599.36
20210108,H20955,中证红利低波动100全收益指数,13651.58
20210111,H20955,中证红利低波动100全收益指数,13410.73
20210112,H20955,中证红利低波动100全收益指数,13546.82
20210113,H20955,中证红利低波动100全收益指数,13653.31
20210114,H20955,中证红利低波动100全收益指数,13699.27
20210115,H20955,中证红利低波动100全收益指数,13730.15
20210118,H20955,中证红利低波动100全收益指数,13780.67
20210119,H20955,中证红利低波动100全收益指数,13802.55
20210120,H20955,中证红利低波动100全收益指数,13768.59
20210121,H20955,中证红利低波动100全收益指数,13784.77
20210122,H20955,中证红利低波动100全收益指数,13575.09
20210125,H20955,中证红利低波动100全收益指数,13454.63
20210126,H20955,中证红利低波动100全收益指数,13413.62
20210127,H20955,中证红利低波动100全收益指数,13454.08
20210128,H20955,中证红利低波动100全收益指数,13290.78
20210129,H20955,中证红利低波动100全收益指数,13175.01
20210201,H20955,中证红利低波动100全收益指数,13247.92
20210202,H20955,中证红利低波动100全收益指数,13174.91
20210203,H20955,中证红利低波动100全收益指数,13115.45
20210204,H20955,中证红利低波动100全收益指数,13067.9
20210205,H20955,中证红利低波动100全收益指数,13136.68
20210208,H20955,中证红利低波动100全收益指数,13238.22
20210209,H20955,中证红利低波动100全收益指数,13325.97
20210210,H20955,中证红利低波动100全收益指数,13403.02
20210218,H20955,中证红利低波动100全收益指数,13749.71
20210219,H20955,中证红利低波动100全收益指数,14010.12
20210222,H20955,中证红利低波动100全收益指数,14216.42
20210223,H20955,中证红利低波动100全收益指数,14153.83
20210224,H20955,中证红利低波动100全收益指数,14002.29
20210225,H20955,中证红利低波动100全收益指数,14201.98
20210226,H20955,中证红利低波动100全收益指数,13921.56
20210301,H20955,中证红利低波动100全收益指数,14091.32
20210302,H20955,中证红利低波动100全收益指数,13983.42
20210303,H20955,中证红利低波动100全收益指数,14376.13
20210304,H20955,中证红利低波动100全收益指数,14399.67
20210305,H20955,中证红利低波动100全收益指数,14244.38
20210308,H20955,中证红利低波动100全收益指数,14253.99
20210309,H20955,中证红利低波动100全收益指数,14240.3
20210310,H20955,中证红利低波动100全收益指数,14096.61
20210311,H20955,中证红利低波动100全收益指数,14451.5
20210312,H20955,中证红利低波动100全收益指数,14648.54
20210315,H20955,中证红利低波动100全收益指数,14810.77
20210316,H20955,中证红利低波动100全收益指数,14872.41
20210317,H20955,中证红利低波动100全收益指数,14719.91
20210318,H20955,中证红利低波动100全收益指数,14715.37
20210319,H20955,中证红利低波动100全收益指数,14611.28
20210322,H20955,中证红利低波动100全收益指数,14805.34
20210323,H20955,中证红利低波动100全收益指数,14640.01
20210324,H20955,中证红利低波动100全收益指数,14507.13
20210325,H20955,中证红利低波动100全收益指数,14443.84
20210326,H20955,中证红利低波动100全收益指数,14540.21
20210329,H20955,中证红利低波动100全收益指数,14663.03
20210330,H20955,中证红利低波动100全收益指数,14651.42
20210331,H20955,中证红利低波动100全收益指数,14738.97
20210401,H20955,中证红利低波动100全收益指数,14778.58
20210402,H20955,中证红利低波动100全收益指数,14669.62
20210406,H20955,中证红利低波动100全收益指数,14692.79
20210407,H20955,中证红利低波动100全收益指数,14826.95
20210408,H20955,中证红利低波动100全收益指数,14764.31
20210409,H20955,中证红利低波动100全收益指数,14794.45
20210412,H20955,中证红利低波动100全收益指数,14882.82
20210413,H20955,中证红利低波动100全收益指数,14717.36
20210414,H20955,中证红利低波动100全收益指数,14721.84
20210415,H20955,中证红利低波动100全收益指数,14702.19
20210416,H20955,中证红利低波动100全收益指数,14855.77
20210419,H20955,中证红利低波动100全收益指数,14835.82
20210420,H20955,中证红利低波动100全收益指数,14805.07
20210421,H20955,中证红利低波动100全收益指数,14738.68
20210422,H20955,中证红利低波动100全收益指数,14785.21
20210423,H20955,中证红利低波动100全收益指数,14740.07
20210426,H20955,中证红利低波动100全收益指数,14623.71
20210427,H20955,中证红利低波动100全收益指数,14605.04
20210428,H20955,中证红利低波动100全收益指数,14640.27
20210429,H20955,中证红利低波动100全收益指数,14705.0
20210430,H20955,中证红利低波动100全收益指数,14555.04
20210506,H20955,中证红利低波动100全收益指数,14737.65
20210507,H20955,中证红利低波动100全收益指数,14846.05
20210510,H20955,中证红利低波动100全收益指数,14974.41
20210511,H20955,中证红利低波动100全收益指数,14971.76
20210512,H20955,中证红利低波动100全收益指数,15021.43
20210513,H20955,中证红利低波动100全收益指数,14851.11
20210514,H20955,中证红利低波动100全收益指数,14877.66
20210517,H20955,中证红利低波动100全收益指数,14827.0
20210518,H20955,中证红利低波动100全收益指数,14915.99
20210519,H20955,中证红利低波动100全收益指数,14730.52
20210520,H20955,中证红利低波动100全收益指数,14572.95
20210521,H20955,中证红利低波动100全收益指数,14580.38
20210524,H20955,中证红利低波动100全收益指数,14588.26
20210525,H20955,中证红利低波动100全收益指数,14729.26
20210526,H20955,中证红利低波动100全收益指数,14798.0
20210527,H20955,中证红利低波动100全收益指数,14814.78
20210528,H20955,中证红利低波动100全收益指数,14800.63
20210531,H20955,中证红利低波动100全收益指数,14797.33
20210601,H20955,中证红利低波动100全收益指数,14787.54
20210602,H20955,中证红利低波动100全收益指数,14773.91
20210603,H20955,中证红利低波动100全收益指数,14887.82
20210604,H20955,中证红利低波动100全收益指数,14830.3
20210607,H20955,中证红利低波动100全收益指数,14765.93
20210608,H20955,中证红利低波动100全收益指数,14787.27
20210609,H20955,中证红利低波动100全收益指数,14875.95
20210610,H20955,中证红利低波动100全收益指数,14903.14
20210611,H20955,中证红利低波动100全收益指数,14953.29
20210615,H20955,中证红利低波动100全收益指数,14820.14
20210616,H20955,中证红利低波动100全收益指数,14819.51
20210617,H20955,中证红利低波动100全收益指数,14780.75
20210618,H20955,中证红利低波动100全收益指数,14725.85
20210621,H20955,中证红利低波动100全收益指数,14704.85
20210622,H20955,中证红利低波动100全收益指数,14799.63
20210623,H20955,中证红利低波动100全收益指数,14839.3
20210624,H20955,中证红利低波动100全收益指数,14898.09
20210625,H20955,中证红利低波动100全收益指数,14966.99
20210628,H20955,中证红利低波动100全收益指数,14960.6
20210629,H20955,中证红利低波动100全收益指数,14882.0
20210630,H20955,中证红利低波动100全收益指数,14904.69
20210701,H20955,中证红利低波动100全收益指数,14951.85
20210702,H20955,中证红利低波动100全收益指数,14894.71
20210705,H20955,中证红利低波动100全收益指数,14904.46
20210706,H20955,中证红利低波动100全收益指数,15011.92
20210707,H20955,中证红利低波动100全收益指数,14936.28
20210708,H20955,中证红利低波动100全收益指数,14783.37
20210709,H20955,中证红利低波动100全收益指数,14807.42
20210712,H20955,中证红利低波动100全收益指数,14754.32
20210713,H20955,中证红利低波动100全收益指数,14822.85
20210714,H20955,中证红利低波动100全收益指数,14715.33
20210715,H20955,中证红利低波动100全收益指数,14746.01
20210716,H20955,中证红利低波动100全收益指数,14742.59
20210719,H20955,中证红利低波动100全收益指数,14658.5
20210720,H20955,中证红利低波动100全收益指数,14615.17
20210721,H20955,中证红利低波动100全收益指数,14598.32
20210722,H20955,中证红利低波动100全收益指数,14683.82
20210723,H20955,中证红利低波动100全收益指数,14601.27
20210726,H20955,中证红利低波动100全收益指数,14318.52
20210727,H20955,中证红利低波动100全收益指数,14074.15
20210728,H20955,中证红利低波动100全收益指数,14040.98
20210729,H20955,中证红利低波动100全收益指数,14017.63
20210730,H20955,中证红利低波动100全收益指数,14044.38
20210802,H20955,中证红利低波动100全收益指数,14140.55
20210803,H20955,中证红利低波动100全收益指数,14138.43
20210804,H20955,中证红利低波动100全收益指数,14132.75
20210805,H20955,中证红利低波动100全收益指数,14142.08
20210806,H20955,中证红利低波动100全收益指数,14167.8
20210809,H20955,中证红利低波动100全收益指数,14330.63
20210810,H20955,中证红利低波动100全收益指数,14386.7
20210811,H20955,中证红利低波动100全收益指数,14498.09
20210812,H20955,中证红利低波动100全收益指数,14464.08
20210813,H20955,中证红利低波动100全收益指数,14444.74
20210816,H20955,中证红利低波动100全收益指数,14565.69
20210817,H20955,中证红利低波动100全收益指数,14418.06
20210818,H20955,中证红利低波动100全收益指数,14583.51
20210819,H20955,中证红利低波动100全收益指数,14451.82
20210820,H20955,中证红利低波动100全收益指数,14476.84
20210823,H20955,中证红利低波动100全收益指数,14507.29
20210824,H20955,中证红利低波动100全收益指数,14607.4
20210825,H20955,中证红利低波动100全收益指数,14691.23
20210826,H20955,中证红利低波动100全收益指数,14671.8
20210827,H20955,中证红利低波动100全收益指数,14689.3
20210830,H20955,中证红利低波动100全收益指数,14662.89
20210831,H20955,中证红利低波动100全收益指数,14878.66
20210901,H20955,中证红利低波动100全收益指数,15076.93
20210902,H20955,中证红利低波动100全收益指数,15271.66
20210903,H20955,中证红利低波动100全收益指数,15378.92
20210906,H20955,中证红利低波动100全收益指数,15553.12
20210907,H20955,中证红利低波动100全收益指数,15771.64
20210908,H20955,中证红利低波动100全收益指数,15993.12
20210909,H20955,中证红利低波动100全收益指数,16256.68
20210910,H20955,中证红利低波动100全收益指数,16103.97
20210913,H20955,中证红利低波动100全收益指数,16324.8
20210914,H20955,中证红利低波动100全收益指数,15968.37
20210915,H20955,中证红利低波动100全收益指数,15955.89
20210916,H20955,中证红利低波动100全收益指数,15783.52
20210917,H20955,中证红利低波动100全收益指数,15758.51
20210922,H20955,中证红利低波动100全收益指数,16016.88
20210923,H20955,中证红利低波动100全收益指数,16252.2
20210924,H20955,中证红利低波动100全收益指数,15965.6
20210927,H20955,中证红利低波动100全收益指数,15595.87
20210928,H20955,中证红利低波动100全收益指数,15904.23
20210929,H20955,中证红利低波动100全收益指数,15640.63
20210930,H20955,中证红利低波动100全收益指数,15672.02
20211008,H20955,中证红利低波动100全收益指数,15820.86
20211011,H20955,中证红利低波动100全收益指数,15765.15
20211012,H20955,中证红利低波动100全收益指数,15557.4
20211013,H20955,中证红利低波动100全收益指数,15405.62
20211014,H20955,中证红利低波动100全收益指数,15325.62
20211015,H20955,中证红利低波动100全收益指数,15232.02
20211018,H20955,中证红利低波动100全收益指数,15334.48
20211019,H20955,中证红利低波动100全收益指数,15365.13
20211020,H20955,中证红利低波动100全收益指数,15333.64
20211021,H20955,中证红利低波动100全收益指数,15378.98
20211022,H20955,中证红利低波动100全收益指数,15256.2
20211025,H20955,中证红利低波动100全收益指数,15239.4
20211026,H20955,中证红利低波动100全收益指数,15123.89
20211027,H20955,中证红利低波动100全收益指数,14975.42
20211028,H20955,中证红利低波动100全收益指数,14834.58
20211029,H20955,中证红利低波动100全收益指数,14875.63
20211101,H20955,中证红利低波动100全收益指数,14955.21
20211102,H20955,中证红利低波动100全收益指数,14683.79
20211103,H20955,中证红利低波动100全收益指数,14790.62
20211104,H20955,中证红利低波动100全收益指数,14816.94
20211105,H20955,中证红利低波动100全收益指数,14659.33
20211108,H20955,中证红利低波动100全收益指数,14645.13
20211109,H20955,中证红利低波动100全收益指数,14644.68
20211110,H20955,中证红利低波动100全收益指数,14645.18
20211111,H20955,中证红利低波动100全收益指数,14929.2
20211112,H20955,中证红利低波动100全收益指数,14917.47
20211115,H20955,中证红利低波动100全收益指数,14991.25
20211116,H20955,中证红利低波动100全收益指数,14903.59
20211117,H20955,中证红利低波动100全收益指数,14912.12
20211118,H20955,中证红利低波动100全收益指数,14846.69
20211119,H20955,中证红利低波动100全收益指数,15001.37
20211122,H20955,中证红利低波动100全收益指数,14942.32
20211123,H20955,中证红利低波动100全收益指数,14984.51
20211124,H20955,中证红利低波动100全收益指数,15044.15
20211125,H20955,中证红利低波动100全收益指数,15073.86
20211126,H20955,中证红利低波动100全收益指数,15000.61
20211129,H20955,中证红利低波动100全收益指数,14954.82
20211130,H20955,中证红利低波动100全收益指数,14945.93
20211201,H20955,中证红利低波动100全收益指数,15119.95
20211202,H20955,中证红利低波动100全收益指数,15189.12
20211203,H20955,中证红利低波动100全收益指数,15353.92
20211206,H20955,中证红利低波动100全收益指数,15328.93
20211207,H20955,中证红利低波动100全收益指数,15491.43
20211208,H20955,中证红利低波动100全收益指数,15542.07
20211209,H20955,中证红利低波动100全收益指数,15647.16
20211210,H20955,中证红利低波动100全收益指数,15515.69
20211213,H20955,中证红利低波动100全收益指数,15521.59
20211214,H20955,中证红利低波动100全收益指数,15432.59
20211215,H20955,中证红利低波动100全收益指数,15474.33
20211216,H20955,中证红利低波动100全收益指数,15602.61
20211217,H20955,中证红利低波动100全收益指数,15591.2
20211220,H20955,中证红利低波动100全收益指数,15679.65
20211221,H20955,中证红利低波动100全收益指数,15962.96
20211222,H20955,中证红利低波动100全收益指数,15896.68
20211223,H20955,中证红利低波动100全收益指数,15828.61
20211224,H20955,中证红利低波动100全收益指数,15800.22
20211227,H20955,中证红利低波动100全收益指数,15940.58
20211228,H20955,中证红利低波动100全收益指数,15875.04
20211229,H20955,中证红利低波动100全收益指数,15836.8
20211230,H20955,中证红利低波动100全收益指数,15949.94
20211231,H20955,中证红利低波动100全收益指数,16176.22
20220104,H20955,中证红利低波动100全收益指数,16511.28
20220105,H20955,中证红利低波动100全收益指数,16441.73
20220106,H20955,中证红利低波动100全收益指数,16579.13
20220107,H20955,中证红利低波动100全收益指数,16672.7
20220110,H20955,中证红利低波动100全收益指数,16816.89
20220111,H20955,中证红利低波动100全收益指数,16865.26
20220112,H20955,中证红利低波动100全收益指数,16751.69
20220113,H20955,中证红利低波动100全收益指数,16649.55
20220114,H20955,中证红利低波动100全收益指数,16444.95
20220117,H20955,中证红利低波动100全收益指数,16523.67
20220118,H20955,中证红利低波动100全收益指数,16623.47
20220119,H20955,中证红利低波动100全收益指数,16714.77
20220120,H20955,中证红利低波动100全收益指数,16663.22
20220121,H20955,中证红利低波动100全收益指数,16473.58
20220124,H20955,中证红利低波动100全收益指数,16395.04
20220125,H20955,中证红利低波动100全收益指数,15881.77
20220126,H20955,中证红利低波动100全收益指数,16000.93
20220127,H20955,中证红利低波动100全收益指数,15781.49
20220128,H20955,中证红利低波动100全收益指数,15762.34
20220207,H20955,中证红利低波动100全收益指数,16126.2
20220208,H20955,中证红利低波动100全收益指数,16496.4
20220209,H20955,中证红利低波动100全收益指数,16645.8
20220210,H20955,中证红利低波动100全收益指数,16788.96
20220211,H20955,中证红利低波动100全收益指数,16669.97
20220214,H20955,中证红利低波动100全收益指数,16457.42
20220215,H20955,中证红利低波动100全收益指数,16420.58
20220216,H20955,中证红利低波动100全收益指数,16531.6
20220217,H20955,中证红利低波动100全收益指数,16385.82
20220218,H20955,中证红利低波动100全收益指数,16664.76
20220221,H20955,中证红利低波动100全收益指数,16717.3
20220222,H20955,中证红利低波动100全收益指数,16495.01
20220223,H20955,中证红利低波动100全收益指数,16447.98
20220224,H20955,中证红利低波动100全收益指数,16118.4
20220225,H20955,中证红利低波动100全收益指数,16140.13
20220228,H20955,中证红利低波动100全收益指数,16100.44
20220301,H20955,中证红利低波动100全收益指数,16211.22
20220302,H20955,中证红利低波动100全收益指数,16330.5
20220303,H20955,中证红利低波动100全收益指数,16557.35
20220304,H20955,中证红利低波动100全收益指数,16441.59
20220307,H20955,中证红利低波动100全收益指数,16351.5
20220308,H20955,中证红利低波动100全收益指数,15893.72
20220309,H20955,中证红利低波动100全收益指数,15659.68
20220310,H20955,中证红利低波动100全收益指数,15917.2
20220311,H20955,中证红利低波动100全收益指数,16070.61
20220314,H20955,中证红利低波动100全收益指数,15866.09
20220315,H20955,中证红利低波动100全收益指数,15097.13
20220316,H20955,中证红利低波动100全收益指数,15495.55
20220317,H20955,中证红利低波动100全收益指数,15660.97
20220318,H20955,中证红利低波动100全收益指数,16019.54
20220321,H20955,中证红利低波动100全收益指数,16101.27
20220322,H20955,中证红利低波动100全收益指数,16299.63
20220323,H20955,中证红利低波动100全收益指数,16286.78
20220324,H20955,中证红利低波动100全收益指数,16274.63
20220325,H20955,中证红利低波动100全收益指数,16277.78
20220328,H20955,中证红利低波动100全收益指数,16489.58
20220329,H20955,中证红利低波动100全收益指数,16452.44
20220330,H20955,中证红利低波动100全收益指数,16784.29
20220331,H20955,中证红利低波动100全收益指数,16875.84
20220401,H20955,中证红利低波动100全收益指数,17097.07
20220406,H20955,中证红利低波动100全收益指数,17410.07
20220407,H20955,中证红利低波动100全收益指数,16967.5
20220408,H20955,中证红利低波动100全收益指数,17086.09
20220411,H20955,中证红利低波动100全收益指数,16800.43
20220412,H20955,中证红利低波动100全收益指数,16956.18
20220413,H20955,中证红利低波动100全收益指数,16750.13
20220414,H20955,中证红利低波动100全收益指数,16925.79
20220415,H20955,中证红利低波动100全收益指数,16865.55
20220418,H20955,中证红利低波动100全收益指数,16721.36
20220419,H20955,中证红利低波动100全收益指数,16869.0
20220420,H20955,中证红利低波动100全收益指数,16542.28
20220421,H20955,中证红利低波动100全收益指数,16228.57
20220422,H20955,中证红利低波动100全收益指数,16360.62
20220425,H20955,中证红利低波动100全收益指数,15678.97
20220426,H20955,中证红利低波动100全收益指数,15484.51
20220427,H20955,中证红利低波动100全收益指数,15613.39
20220428,H20955,中证红利低波动100全收益指数,15741.58
20220429,H20955,中证红利低波动100全收益指数,16089.62
20220505,H20955,中证红利低波动100全收益指数,16259.37
20220506,H20955,中证红利低波动100全收益指数,15904.7
20220509,H20955,中证红利低波动100全收益指数,16109.81
20220510,H20955,中证红利低波动100全收益指数,16294.25
20220511,H20955,中证红利低波动100全收益指数,16241.82
20220512,H20955,中证红利低波动100全收益指数,16216.35
20220513,H20955,中证红利低波动100全收益指数,16443.78
20220516,H20955,中证红利低波动100全收益指数,16455.88
20220517,H20955,中证红利低波动100全收益指数,16250.32
20220518,H20955,中证红利低波动100全收益指数,16159.42
20220519,H20955,中证红利低波动100全收益指数,16273.57
20220520,H20955,中证红利低波动100全收益指数,16336.42
20220523,H20955,中证红利低波动100全收益指数,16302.01
20220524,H20955,中证红利低波动100全收益指数,15860.03
20220525,H20955,中证红利低波动100全收益指数,16152.53
20220526,H20955,中证红利低波动100全收益指数,16310.35
20220527,H20955,中证红利低波动100全收益指数,16356.54
20220530,H20955,中证红利低波动100全收益指数,16351.83
20220531,H20955,中证红利低波动100全收益指数,16354.24
20220601,H20955,中证红利低波动100全收益指数,16320.55
20220602,H20955,中证红利低波动100全收益指数,16233.35
20220606,H20955,中证红利低波动100全收益指数,16197.94
20220607,H20955,中证红利低波动100全收益指数,16258.57
20220608,H20955,中证红利低波动100全收益指数,16234.0
20220609,H20955,中证红利低波动100全收益指数,16225.54
20220610,H20955,中证红利低波动100全收益指数,16341.99
20220613,H20955,中证红利低波动100全收益指数,16142.98
20220614,H20955,中证红利低波动100全收益指数,16386.02
20220615,H20955,中证红利低波动100全收益指数,16568.53
20220616,H20955,中证红利低波动100全收益指数,16365.24
20220617,H20955,中证红利低波动100全收益指数,16378.33
20220620,H20955,中证红利低波动100全收益指数,16388.25
20220621,H20955,中证红利低波动100全收益指数,16411.22
20220622,H20955,中证红利低波动100全收益指数,16242.23
20220623,H20955,中证红利低波动100全收益指数,16445.49
20220624,H20955,中证红利低波动100全收益指数,16466.91
20220627,H20955,中证红利低波动100全收益指数,16459.18
20220628,H20955,中证红利低波动100全收益指数,16615.14
20220629,H20955,中证红利低波动100全收益指数,16496.27
20220630,H20955,中证红利低波动100全收益指数,16525.27
20220701,H20955,中证红利低波动100全收益指数,16519.26
20220704,H20955,中证红利低波动100全收益指数,16523.14
20220705,H20955,中证红利低波动100全收益指数,16486.2
20220706,H20955,中证红利低波动100全收益指数,16289.55
20220707,H20955,中证红利低波动100全收益指数,16300.06
20220708,H20955,中证红利低波动100全收益指数,16344.34
20220711,H20955,中证红利低波动100全收益指数,16319.96
20220712,H20955,中证红利低波动100全收益指数,16376.88
20220713,H20955,中证红利低波动100全收益指数,16402.21
20220714,H20955,中证红利低波动100全收益指数,16221.97
20220715,H20955,中证红利低波动100全收益指数,15896.48
20220718,H20955,中证红利低波动100全收益指数,16209.48
20220719,H20955,中证红利低波动100全收益指数,16290.32
20220720,H20955,中证红利低波动100全收益指数,16353.77
20220721,H20955,中证红利低波动100全收益指数,16202.39
20220722,H20955,中证红利低波动100全收益指数,16219.69
20220725,H20955,中证红利低波动100全收益指数,16150.79
20220726,H20955,中证红利低波动100全收益指数,16258.1
20220727,H20955,中证红利低波动100全收益指数,16244.82
20220728,H20955,中证红利低波动100全收益指数,16283.88
20220729,H20955,中证红利低波动100全收益指数,16219.8
20220801,H20955,中证红利低波动100全收益指数,16199.72
20220802,H20955,中证红利低波动100全收益指数,15802.81
20220803,H20955,中证红利低波动100全收益指数,15657.24
20220804,H20955,中证红利低波动100全收益指数,15746.62
20220805,H20955,中证红利低波动100全收益指数,15901.94
20220808,H20955,中证红利低波动100全收益指数,15937.22
20220809,H20955,中证红利低波动100全收益指数,15896.08
20220810,H20955,中证红利低波动100全收益指数,15906.62
20220811,H20955,中证红利低波动100全收益指数,16165.28
20220812,H20955,中证红利低波动100全收益指数,16226.92
20220815,H20955,中证红利低波动100全收益指数,16164.14
20220816,H20955,中证红利低波动100全收益指数,16196.9
20220817,H20955,中证红利低波动100全收益指数,16305.56
20220818,H20955,中证红利低波动100全收益指数,16169.7
20220819,H20955,中证红利低波动100全收益指数,16162.01
20220822,H20955,中证红利低波动100全收益指数,16215.34
20220823,H20955,中证红利低波动100全收益指数,16248.16
20220824,H20955,中证红利低波动100全收益指数,16057.51
20220825,H20955,中证红利低波动100全收益指数,16255.98
20220826,H20955,中证红利低波动100全收益指数,16230.4
20220829,H20955,中证红利低波动100全收益指数,16263.48
20220830,H20955,中证红利低波动100全收益指数,16346.14
20220831,H20955,中证红利低波动100全收益指数,16259.68
20220901,H20955,中证红利低波动100全收益指数,16283.63
20220902,H20955,中证红利低波动100全收益指数,16340.81
20220905,H20955,中证红利低波动100全收益指数,16477.35
20220906,H20955,中证红利低波动100全收益指数,16574.34
20220907,H20955,中证红利低波动100全收益指数,16529.09
20220908,H20955,中证红利低波动100全收益指数,16528.29
20220909,H20955,中证红利低波动100全收益指数,16626.3
20220913,H20955,中证红利低波动100全收益指数,16591.75
20220914,H20955,中证红利低波动100全收益指数,16466.19
20220915,H20955,中证红利低波动100全收益指数,16449.93
20220916,H20955,中证红利低波动100全收益指数,16038.11
20220919,H20955,中证红利低波动100全收益指数,15982.59
20220920,H20955,中证红利低波动100全收益指数,15966.57
20220921,H20955,中证红利低波动100全收益指数,16071.15
20220922,H20955,中证红利低波动100全收益指数,15949.36
20220923,H20955,中证红利低波动100全收益指数,15946.27
20220926,H20955,中证红利低波动100全收益指数,15608.79
20220927,H20955,中证红利低波动100全收益指数,15818.9
20220928,H20955,中证红利低波动100全收益指数,15692.8
20220929,H20955,中证红利低波动100全收益指数,15549.08
20220930,H20955,中证红利低波动100全收益指数,15599.25
20221010,H20955,中证红利低波动100全收益指数,15567.17
20221011,H20955,中证红利低波动100全收益指数,15622.01
20221012,H20955,中证红利低波动100全收益指数,15815.78
20221013,H20955,中证红利低波动100全收益指数,15759.79
20221014,H20955,中证红利低波动100全收益指数,15948.0
20221017,H20955,中证红利低波动100全收益指数,15989.88
20221018,H20955,中证红利低波动100全收益指数,15985.04
20221019,H20955,中证红利低波动100全收益指数,15835.29
20221020,H20955,中证红利低波动100全收益指数,15783.17
20221021,H20955,中证红利低波动100全收益指数,15781.52
20221024,H20955,中证红利低波动100全收益指数,15490.58
20221025,H20955,中证红利低波动100全收益指数,15443.35
20221026,H20955,中证红利低波动100全收益指数,15518.87
20221027,H20955,中证红利低波动100全收益指数,15582.97
20221028,H20955,中证红利低波动100全收益指数,15243.67
20221031,H20955,中证红利低波动100全收益指数,15150.84
20221101,H20955,中证红利低波动100全收益指数,15401.4
20221102,H20955,中证红利低波动100全收益指数,15455.74
20221103,H20955,中证红利低波动100全收益指数,15385.45
20221104,H20955,中证红利低波动100全收益指数,15613.27
20221107,H20955,中证红利低波动100全收益指数,15684.39
20221108,H20955,中证红利低波动100全收益指数,15665.44
20221109,H20955,中证红利低波动100全收益指数,15659.2
20221110,H20955,中证红利低波动100全收益指数,15712.06
20221111,H20955,中证红利低波动100全收益指数,15922.71
20221114,H20955,中证红利低波动100全收益指数,16018.15
20221115,H20955,中证红利低波动100全收益指数,16143.31
20221116,H20955,中证红利低波动100全收益指数,16097.28
20221117,H20955,中证红利低波动100全收益指数,16170.11
20221118,H20955,中证红利低波动100全收益指数,16107.95
20221121,H20955,中证红利低波动100全收益指数,16015.41
20221122,H20955,中证红利低波动100全收益指数,16122.11
20221123,H20955,中证红利低波动100全收益指数,16179.12
20221124,H20955,中证红利低波动100全收益指数,16178.44
20221125,H20955,中证红利低波动100全收益指数,16401.31
20221128,H20955,中证红利低波动100全收益指数,16335.52
20221129,H20955,中证红利低波动100全收益指数,16703.2
20221130,H20955,中证红利低波动100全收益指数,16728.48
20221201,H20955,中证红利低波动100全收益指数,16660.51
20221202,H20955,中证红利低波动100全收益指数,16667.65
20221205,H20955,中证红利低波动100全收益指数,17060.81
20221206,H20955,中证红利低波动100全收益指数,17052.12
20221207,H20955,中证红利低波动100全收益指数,17028.21
20221208,H20955,中证红利低波动100全收益指数,17030.88
20221209,H20955,中证红利低波动100全收益指数,16901.95
20221212,H20955,中证红利低波动100全收益指数,16725.03
20221213,H20955,中证红利低波动100全收益指数,16824.35
20221214,H20955,中证红利低波动100全收益指数,16769.32
20221215,H20955,中证红利低波动100全收益指数,16616.54
20221216,H20955,中证红利低波动100全收益指数,16800.25
20221219,H20955,中证红利低波动100全收益指数,16464.52
20221220,H20955,中证红利低波动100全收益指数,16306.19
20221221,H20955,中证红利低波动100全收益指数,16325.79
20221222,H20955,中证红利低波动100全收益指数,16263.82
20221223,H20955,中证红利低波动100全收益指数,16198.71
20221226,H20955,中证红利低波动100全收益指数,16131.53
20221227,H20955,中证红利低波动100全收益指数,16294.5
20221228,H20955,中证红利低波动100全收益指数,16296.32
20221229,H20955,中证红利低波动100全收益指数,16153.49
20221230,H20955,中证红利低波动100全收益指数,16301.5
20230103,H20955,中证红利低波动100全收益指数,16360.81
20230104,H20955,中证红利低波动100全收益指数,16505.03
20230105,H20955,中证红利低波动100全收益指数,16554.08
20230106,H20955,中证红利低波动100全收益指数,16497.76
20230109,H20955,中证红利低波动100全收益指数,16518.62
20230110,H20955,中证红利低波动100全收益指数,16425.48
20230111,H20955,中证红利低波动100全收益指数,16442.83
20230112,H20955,中证红利低波动100全收益指数,16407.76
20230113,H20955,中证红利低波动100全收益指数,16632.61
20230116,H20955,中证红利低波动100全收益指数,16775.77
20230117,H20955,中证红利低波动100全收益指数,16757.42
20230118,H20955,中证红利低波动100全收益指数,16792.5
20230119,H20955,中证红利低波动100全收益指数,16878.02
20230120,H20955,中证红利低波动100全收益指数,17004.4
20230130,H20955,中证红利低波动100全收益指数,17005.62
20230131,H20955,中证红利低波动100全收益指数,16966.24
20230201,H20955,中证红利低波动100全收益指数,17088.06
20230202,H20955,中证红利低波动100全收益指数,17041.35
20230203,H20955,中证红利低波动100全收益指数,16920.49
20230206,H20955,中证红利低波动100全收益指数,16836.62
20230207,H20955,中证红利低波动100全收益指数,16916.17
20230208,H20955,中证红利低波动100全收益指数,16841.6
20230209,H20955,中证红利低波动100全收益指数,16979.67
20230210,H20955,中证红利低波动100全收益指数,16997.78
20230213,H20955,中证红利低波动100全收益指数,17137.55
20230214,H20955,中证红利低波动100全收益指数,17252.49
20230215,H20955,中证红利低波动100全收益指数,17225.94
20230216,H20955,中证红利低波动100全收益指数,17123.58
20230217,H20955,中证红利低波动100全收益指数,17064.95
20230220,H20955,中证红利低波动100全收益指数,17420.42
20230221,H20955,中证红利低波动100全收益指数,17573.92
20230222,H20955,中证红利低波动100全收益指数,17562.41
20230223,H20955,中证红利低波动100全收益指数,17586.16
20230224,H20955,中证红利低波动100全收益指数,17521.63
20230227,H20955,中证红利低波动100全收益指数,17437.0
20230228,H20955,中证红利低波动100全收益指数,17556.18
20230301,H20955,中证红利低波动100全收益指数,17708.04
20230302,H20955,中证红利低波动100全收益指数,17822.8
20230303,H20955,中证红利低波动100全收益指数,17968.59
20230306,H20955,中证红利低波动100全收益指数,17902.95
20230307,H20955,中证红利低波动100全收益指数,17769.9
20230308,H20955,中证红利低波动100全收益指数,17772.41
20230309,H20955,中证红利低波动100全收益指数,17727.15
20230310,H20955,中证红利低波动100全收益指数,17422.01
20230313,H20955,中证红利低波动100全收益指数,17615.08
20230314,H20955,中证红利低波动100全收益指数,17480.66
20230315,H20955,中证红利低波动100全收益指数,17718.03
20230316,H20955,中证红利低波动100全收益指数,17630.84
20230317,H20955,中证红利低波动100全收益指数,17827.77
20230320,H20955,中证红利低波动100全收益指数,17811.36
20230321,H20955,中证红利低波动100全收益指数,17793.22
20230322,H20955,中证红利低波动100全收益指数,17919.22
20230323,H20955,中证红利低波动100全收益指数,17982.88
20230324,H20955,中证红利低波动100全收益指数,17886.67
20230327,H20955,中证红利低波动100全收益指数,17723.27
20230328,H20955,中证红利低波动100全收益指数,17739.23
20230329,H20955,中证红利低波动100全收益指数,17641.98
20230330,H20955,中证红利低波动100全收益指数,17696.92
20230331,H20955,中证红利低波动100全收益指数,17758.37
20230403,H20955,中证红利低波动100全收益指数,17877.15
20230404,H20955,中证红利低波动100全收益指数,18031.97
20230406,H20955,中证红利低波动100全收益指数,17964.91
20230407,H20955,中证红利低波动100全收益指数,17946.13
20230410,H20955,中证红利低波动100全收益指数,17938.32
20230411,H20955,中证红利低波动100全收益指数,18056.13
20230412,H20955,中证红利低波动100全收益指数,18289.97
20230413,H20955,中证红利低波动100全收益指数,18295.0
20230414,H20955,中证红利低波动100全收益指数,18254.38
20230417,H20955,中证红利低波动100全收益指数,18472.7
20230418,H20955,中证红利低波动100全收益指数,18557.74
20230419,H20955,中证红利低波动100全收益指数,18552.03
20230420,H20955,中证红利低波动100全收益指数,18689.32
20230421,H20955,中证红利低波动100全收益指数,18435.63
20230424,H20955,中证红利低波动100全收益指数,18501.52
20230425,H20955,中证红利低波动100全收益指数,18612.35
20230426,H20955,中证红利低波动100全收益指数,18532.91
20230427,H20955,中证红利低波动100全收益指数,18631.2
20230428,H20955,中证红利低波动100全收益指数,18935.64
20230504,H20955,中证红利低波动100全收益指数,19424.11
20230505,H20955,中证红利低波动100全收益指数,19455.84
20230508,H20955,中证红利低波动100全收益指数,19865.71
20230509,H20955,中证红利低波动100全收益指数,19706.25
20230510,H20955,中证红利低波动100全收益指数,19313.79
20230511,H20955,中证红利低波动100全收益指数,19307.71
20230512,H20955,中证红利低波动100全收益指数,19181.94
20230515,H20955,中证红利低波动100全收益指数,19170.26
20230516,H20955,中证红利低波动100全收益指数,19018.96
20230517,H20955,中证红利低波动100全收益指数,18980.82
20230518,H20955,中证红利低波动100全收益指数,19096.14
20230519,H20955,中证红利低波动100全收益指数,18831.66
20230522,H20955,中证红利低波动100全收益指数,18782.45
20230523,H20955,中证红利低波动100全收益指数,18505.05
20230524,H20955,中证红利低波动100全收益指数,18228.24
20230525,H20955,中证红利低波动100全收益指数,18225.42
20230526,H20955,中证红利低波动100全收益指数,18391.45
20230529,H20955,中证红利低波动100全收益指数,18592.77
20230530,H20955,中证红利低波动100全收益指数,18614.06
20230531,H20955,中证红利低波动100全收益指数,18567.83
20230601,H20955,中证红利低波动100全收益指数,18575.2
20230602,H20955,中证红利低波动100全收益指数,18601.45
20230605,H20955,中证红利低波动100全收益指数,18716.49
20230606,H20955,中证红利低波动100全收益指数,18529.77
20230607,H20955,中证红利低波动100全收益指数,18719.93
20230608,H20955,中证红利低波动100全收益指数,18895.28
20230609,H20955,中证红利低波动100全收益指数,18899.0
20230612,H20955,中证红利低波动100全收益指数,18760.46
20230613,H20955,中证红利低波动100全收益指数,18715.58
20230614,H20955,中证红利低波动100全收益指数,18614.48
20230615,H20955,中证红利低波动100全收益指数,18644.7
20230616,H20955,中证红利低波动100全收益指数,18639.58
20230619,H20955,中证红利低波动100全收益指数,18423.18
20230620,H20955,中证红利低波动100全收益指数,18302.37
20230621,H20955,中证红利低波动100全收益指数,18176.4
20230626,H20955,中证红利低波动100全收益指数,17922.29
20230627,H20955,中证红利低波动100全收益指数,18221.67
20230628,H20955,中证红利低波动100全收益指数,18294.3
20230629,H20955,中证红利低波动100全收益指数,18284.46
20230630,H20955,中证红利低波动100全收益指数,18390.19
20230703,H20955,中证红利低波动100全收益指数,18596.34
20230704,H20955,中证红利低波动100全收益指数,18506.79
20230705,H20955,中证红利低波动100全收益指数,18483.33
20230706,H20955,中证红利低波动100全收益指数,18395.51
20230707,H20955,中证红利低波动100全收益指数,18492.01
20230710,H20955,中证红利低波动100全收益指数,18548.73
20230711,H20955,中证红利低波动100全收益指数,18624.28
20230712,H20955,中证红利低波动100全收益指数,18498.85
20230713,H20955,中证红利低波动100全收益指数,18704.83
20230714,H20955,中证红利低波动100全收益指数,18726.92
20230717,H20955,中证红利低波动100全收益指数,18720.44
20230718,H20955,中证红利低波动100全收益指数,18734.69
20230719,H20955,中证红利低波动100全收益指数,18841.37
20230720,H20955,中证红利低波动100全收益指数,18762.05
20230721,H20955,中证红利低波动100全收益指数,18823.85
20230724,H20955,中证红利低波动100全收益指数,18864.29
20230725,H20955,中证红利低波动100全收益指数,19146.19
20230726,H20955,中证红利低波动100全收益指数,19210.65
20230727,H20955,中证红利低波动100全收益指数,19285.57
20230728,H20955,中证红利低波动100全收益指数,19685.45
20230731,H20955,中证红利低波动100全收益指数,19856.71
20230801,H20955,中证红利低波动100全收益指数,19897.49
20230802,H20955,中证红利低波动100全收益指数,19783.47
20230803,H20955,中证红利低波动100全收益指数,19885.63
20230804,H20955,中证红利低波动100全收益指数,19879.84
20230807,H20955,中证红利低波动100全收益指数,19700.87
20230808,H20955,中证红利低波动100全收益指数,19671.14
20230809,H20955,中证红利低波动100全收益指数,19621.51
20230810,H20955,中证红利低波动100全收益指数,19668.6
20230811,H20955,中证红利低波动100全收益指数,19332.09
20230814,H20955,中证红利低波动100全收益指数,19317.27
20230815,H20955,中证红利低波动100全收益指数,19446.78
20230816,H20955,中证红利低波动100全收益指数,19464.33
20230817,H20955,中证红利低波动100全收益指数,19454.91
20230818,H20955,中证红利低波动100全收益指数,19374.34
20230821,H20955,中证红利低波动100全收益指数,19173.42
20230822,H20955,中证红利低波动100全收益指数,19267.95
20230823,H20955,中证红利低波动100全收益指数,19161.85
20230824,H20955,中证红利低波动100全收益指数,19026.68
20230825,H20955,中证红利低波动100全收益指数,19127.78
20230828,H20955,中证红利低波动100全收益指数,19394.02
20230829,H20955,中证红利低波动100全收益指数,19320.49
20230830,H20955,中证红利低波动100全收益指数,19121.49
20230831,H20955,中证红利低波动100全收益指数,18996.35
20230901,H20955,中证红利低波动100全收益指数,19175.21
20230904,H20955,中证红利低波动100全收益指数,19483.65
20230905,H20955,中证红利低波动100全收益指数,19309.32
20230906,H20955,中证红利低波动100全收益指数,19218.77
20230907,H20955,中证红利低波动100全收益指数,19087.64
20230908,H20955,中证红利低波动100全收益指数,18924.51
20230911,H20955,中证红利低波动100全收益指数,19093.97
20230912,H20955,中证红利低波动100全收益指数,19101.75
20230913,H20955,中证红利低波动100全收益指数,19065.65
20230914,H20955,中证红利低波动100全收益指数,19193.71
20230915,H20955,中证红利低波动100全收益指数,19169.87
20230918,H20955,中证红利低波动100全收益指数,19194.91
20230919,H20955,中证红利低波动100全收益指数,19288.53
20230920,H20955,中证红利低波动100全收益指数,19304.44
20230921,H20955,中证红利低波动100全收益指数,19151.23
20230922,H20955,中证红利低波动100全收益指数,19247.02
20230925,H20955,中证红利低波动100全收益指数,19207.28
20230926,H20955,中证红利低波动100全收益指数,19107.92
20230927,H20955,中证红利低波动100全收益指数,19032.62
20230928,H20955,中证红利低波动100全收益指数,19054.75
20231009,H20955,中证红利低波动100全收益指数,18989.33
20231010,H20955,中证红利低波动100全收益指数,18832.2
20231011,H20955,中证红利低波动100全收益指数,18762.29
20231012,H20955,中证红利低波动100全收益指数,19004.85
20231013,H20955,中证红利低波动100全收益指数,18945.52
20231016,H20955,中证红利低波动100全收益指数,18968.08
20231017,H20955,中证红利低波动100全收益指数,19023.14
20231018,H20955,中证红利低波动100全收益指数,18843.99
20231019,H20955,中证红利低波动100全收益指数,18528.96
20231020,H20955,中证红利低波动100全收益指数,18472.48
20231023,H20955,中证红利低波动100全收益指数,18161.65
20231024,H20955,中证红利低波动100全收益指数,18276.49
20231025,H20955,中证红利低波动100全收益指数,18532.18
20231026,H20955,中证红利低波动100全收益指数,18608.86
20231027,H20955,中证红利低波动100全收益指数,18745.42
20231030,H20955,中证红利低波动100全收益指数,18634.92
20231031,H20955,中证红利低波动100全收益指数,18653.03
20231101,H20955,中证红利低波动100全收益指数,18646.64
20231102,H20955,中证红利低波动100全收益指数,18640.76
20231103,H20955,中证红利低波动100全收益指数,18590.99
20231106,H20955,中证红利低波动100全收益指数,18604.27
20231107,H20955,中证红利低波动100全收益指数,18589.44
20231108,H20955,中证红利低波动100全收益指数,18491.52
20231109,H20955,中证红利低波动100全收益指数,18551.24
20231110,H20955,中证红利低波动100全收益指数,18515.66
20231113,H20955,中证红利低波动100全收益指数,18556.13
20231114,H20955,中证红利低波动100全收益指数,18618.1
20231115,H20955,中证红利低波动100全收益指数,18744.1
20231116,H20955,中证红利低波动100全收益指数,18732.59
20231117,H20955,中证红利低波动100全收益指数,18724.23
20231120,H20955,中证红利低波动100全收益指数,18780.61
20231121,H20955,中证红利低波动100全收益指数,18816.84
20231122,H20955,中证红利低波动100全收益指数,18735.59
20231123,H20955,中证红利低波动100全收益指数,18907.24
20231124,H20955,中证红利低波动100全收益指数,18973.3
20231127,H20955,中证红利低波动100全收益指数,18876.26
20231128,H20955,中证红利低波动100全收益指数,18933.86
20231129,H20955,中证红利低波动100全收益指数,18788.34
20231130,H20955,中证红利低波动100全收益指数,18825.79
20231201,H20955,中证红利低波动100全收益指数,18887.39
20231204,H20955,中证红利低波动100全收益指数,18879.55
20231205,H20955,中证红利低波动100全收益指数,18700.23
20231206,H20955,中证红利低波动100全收益指数,18722.54
20231207,H20955,中证红利低波动100全收益指数,18652.82
20231208,H20955,中证红利低波动100全收益指数,18615.87
20231211,H20955,中证红利低波动100全收益指数,18753.59
20231212,H20955,中证红利低波动100全收益指数,18823.35
20231213,H20955,中证红利低波动100全收益指数,18724.84
20231214,H20955,中证红利低波动100全收益指数,18677.44
20231215,H20955,中证红利低波动100全收益指数,18542.84
20231218,H20955,中证红利低波动100全收益指数,18464.26
20231219,H20955,中证红利低波动100全收益指数,18437.11
20231220,H20955,中证红利低波动100全收益指数,18351.9
20231221,H20955,中证红利低波动100全收益指数,18340.43
20231222,H20955,中证红利低波动100全收益指数,18324.16
20231225,H20955,中证红利低波动100全收益指数,18284.26
20231226,H20955,中证红利低波动100全收益指数,18267.82
20231227,H20955,中证红利低波动100全收益指数,18343.51
20231228,H20955,中证红利低波动100全收益指数,18418.46
20231229,H20955,中证红利低波动100全收益指数,18463.33
20240102,H20955,中证红利低波动100全收益指数,18615.58
20240103,H20955,中证红利低波动100全收益指数,18768.5
20240104,H20955,中证红利低波动100全收益指数,18803.3
20240105,H20955,中证红利低波动100全收益指数,18819.66
20240108,H20955,中证红利低波动100全收益指数,18577.26
20240109,H20955,中证红利低波动100全收益指数,18675.02
20240110,H20955,中证红利低波动100全收益指数,18603.02
20240111,H20955,中证红利低波动100全收益指数,18599.49
20240112,H20955,中证红利低波动100全收益指数,18672.1
20240115,H20955,中证红利低波动100全收益指数,18722.6
20240116,H20955,中证红利低波动100全收益指数,18792.07
20240117,H20955,中证红利低波动100全收益指数,18539.36
20240118,H20955,中证红利低波动100全收益指数,18379.02
20240119,H20955,中证红利低波动100全收益指数,18280.78
20240122,H20955,中证红利低波动100全收益指数,17660.91
20240123,H20955,中证红利低波动100全收益指数,17818.27
20240124,H20955,中证红利低波动100全收益指数,18243.83
20240125,H20955,中证红利低波动100全收益指数,18729.6
20240126,H20955,中证红利低波动100全收益指数,18935.67
20240129,H20955,中证红利低波动100全收益指数,18895.56
20240130,H20955,中证红利低波动100全收益指数,18610.91
20240131,H20955,中证红利低波动100全收益指数,18417.81
20240201,H20955,中证红利低波动100全收益指数,18234.05
20240202,H20955,中证红利低波动100全收益指数,18073.23
20240205,H20955,中证红利低波动100全收益指数,17866.01
20240206,H20955,中证红利低波动100全收益指数,18472.93
20240207,H20955,中证红利低波动100全收益指数,18921.42
20240208,H20955,中证红利低波动100全收益指数,19035.77
20240219,H20955,中证红利低波动100全收益指数,19160.17
20240220,H20955,中证红利低波动100全收益指数,19305.03
20240221,H20955,中证红利低波动100全收益指数,19353.04
20240222,H20955,中证红利低波动100全收益指数,19480.99
20240223,H20955,中证红利低波动100全收益指数,19476.93
20240226,H20955,中证红利低波动100全收益指数,19162.41
20240227,H20955,中证红利低波动100全收益指数,19279.65
20240228,H20955,中证红利低波动100全收益指数,19119.76
20240229,H20955,中证红利低波动100全收益指数,19370.23
20240301,H20955,中证红利低波动100全收益指数,19352.32
20240304,H20955,中证红利低波动100全收益指数,19336.88
20240305,H20955,中证红利低波动100全收益指数,19400.14
20240306,H20955,中证红利低波动100全收益指数,19376.67
20240307,H20955,中证红利低波动100全收益指数,19413.51
20240308,H20955,中证红利低波动100全收益指数,19517.97
20240311,H20955,中证红利低波动100全收益指数,19492.46
20240312,H20955,中证红利低波动100全收益指数,19283.11
20240313,H20955,中证红利低波动100全收益指数,19197.74
20240314,H20955,中证红利低波动100全收益指数,19202.38
20240315,H20955,中证红利低波动100全收益指数,19354.16
20240318,H20955,中证红利低波动100全收益指数,19393.52
20240319,H20955,中证红利低波动100全收益指数,19268.13
20240320,H20955,中证红利低波动100全收益指数,19311.98
20240321,H20955,中证红利低波动100全收益指数,19316.64
20240322,H20955,中证红利低波动100全收益指数,19122.84
20240325,H20955,中证红利低波动100全收益指数,19086.39
20240326,H20955,中证红利低波动100全收益指数,19152.06
20240327,H20955,中证红利低波动100全收益指数,18978.68
20240328,H20955,中证红利低波动100全收益指数,18987.23
20240329,H20955,中证红利低波动100全收益指数,19187.34
20240401,H20955,中证红利低波动100全收益指数,19401.11
20240402,H20955,中证红利低波动100全收益指数,19539.31
20240403,H20955,中证红利低波动100全收益指数,19643.28
20240408,H20955,中证红利低波动100全收益指数,19606.03
20240409,H20955,中证红利低波动100全收益指数,19662.45
20240410,H20955,中证红利低波动100全收益指数,19647.11
20240411,H20955,中证红利低波动100全收益指数,19767.55
20240412,H20955,中证红利低波动100全收益指数,19680.78
20240415,H20955,中证红利低波动100全收益指数,19912.26
20240416,H20955,中证红利低波动100全收益指数,19677.2
20240417,H20955,中证红利低波动100全收益指数,20080.85
20240418,H20955,中证红利低波动100全收益指数,20123.87
20240419,H20955,中证红利低波动100全收益指数,20285.31
20240422,H20955,中证红利低波动100全收益指数,19998.4
20240423,H20955,中证红利低波动100全收益指数,19716.29
20240424,H20955,中证红利低波动100全收益指数,19754.17
20240425,H20955,中证红利低波动100全收益指数,19892.88
20240426,H20955,中证红利低波动100全收益指数,19836.15
20240429,H20955,中证红利低波动100全收益指数,19906.33
20240430,H20955,中证红利低波动100全收益指数,19919.32
20240506,H20955,中证红利低波动100全收益指数,20212.39
20240507,H20955,中证红利低波动100全收益指数,20145.2
20240508,H20955,中证红利低波动100全收益指数,20037.65
20240509,H20955,中证红利低波动100全收益指数,20246.65
20240510,H20955,中证红利低波动100全收益指数,20316.03
20240513,H20955,中证红利低波动100全收益指数,20408.85
20240514,H20955,中证红利低波动100全收益指数,20342.27
20240515,H20955,中证红利低波动100全收益指数,20264.83
20240516,H20955,中证红利低波动100全收益指数,20294.11
20240517,H20955,中证红利低波动100全收益指数,20519.24
20240520,H20955,中证红利低波动100全收益指数,20579.53
20240521,H20955,中证红利低波动100全收益指数,20564.84
20240522,H20955,中证红利低波动100全收益指数,20589.88
20240523,H20955,中证红利低波动100全收益指数,20290.92
20240524,H20955,中证红利低波动100全收益指数,20291.16
20240527,H20955,中证红利低波动100全收益指数,20513.28
20240528,H20955,中证红利低波动100全收益指数,20364.23
20240529,H20955,中证红利低波动100全收益指数,20379.36
20240530,H20955,中证红利低波动100全收益指数,20289.91
20240531,H20955,中证红利低波动100全收益指数,20237.8
20240603,H20955,中证红利低波动100全收益指数,19992.81
20240604,H20955,中证红利低波动100全收益指数,20143.18
20240605,H20955,中证红利低波动100全收益指数,19862.97
20240606,H20955,中证红利低波动100全收益指数,19755.25
20240607,H20955,中证红利低波动100全收益指数,19984.64
20240611,H20955,中证红利低波动100全收益指数,19696.96
20240612,H20955,中证红利低波动100全收益指数,19716.03
20240613,H20955,中证红利低波动100全收益指数,19469.1
20240614,H20955,中证红利低波动100全收益指数,19581.82
20240617,H20955,中证红利低波动100全收益指数,19413.26
20240618,H20955,中证红利低波动100全收益指数,19515.49
20240619,H20955,中证红利低波动100全收益指数,19424.25
20240620,H20955,中证红利低波动100全收益指数,19282.12
20240621,H20955,中证红利低波动100全收益指数,19304.91
20240624,H20955,中证红利低波动100全收益指数,19093.46
20240625,H20955,中证红利低波动100全收益指数,19186.23
20240626,H20955,中证红利低波动100全收益指数,19301.03
20240627,H20955,中证红利低波动100全收益指数,19209.53
20240628,H20955,中证红利低波动100全收益指数,19309.68
20240701,H20955,中证红利低波动100全收益指数,19615.61
20240702,H20955,中证红利低波动100全收益指数,19675.12
20240703,H20955,中证红利低波动100全收益指数,19618.22
20240704,H20955,中证红利低波动100全收益指数,19452.74
20240705,H20955,中证红利低波动100全收益指数,19383.37
20240708,H20955,中证红利低波动100全收益指数,19225.31
20240709,H20955,中证红利低波动100全收益指数,19426.87
20240710,H20955,中证红利低波动100全收益指数,19242.6
20240711,H20955,中证红利低波动100全收益指数,19402.54
20240712,H20955,中证红利低波动100全收益指数,19458.0
20240715,H20955,中证红利低波动100全收益指数,19542.39
20240716,H20955,中证红利低波动100全收益指数,19469.82
20240717,H20955,中证红利低波动100全收益指数,19511.98
20240718,H20955,中证红利低波动100全收益指数,19574.57
20240719,H20955,中证红利低波动100全收益指数,19481.87
20240722,H20955,中证红利低波动100全收益指数,19284.36
20240723,H20955,中证红利低波动100全收益指数,19098.26
20240724,H20955,中证红利低波动100全收益指数,19088.21
20240725,H20955,中证红利低波动100全收益指数,19094.97
20240726,H20955,中证红利低波动100全收益指数,19110.79
20240729,H20955,中证红利低波动100全收益指数,19147.71
20240730,H20955,中证红利低波动100全收益指数,19114.92
20240731,H20955,中证红利低波动100全收益指数,19382.75
20240801,H20955,中证红利低波动100全收益指数,19350.98
20240802,H20955,中证红利低波动100全收益指数,19283.99
20240805,H20955,中证红利低波动100全收益指数,19115.04
20240806,H20955,中证红利低波动100全收益指数,19114.88
20240807,H20955,中证红利低波动100全收益指数,19111.33
20240808,H20955,中证红利低波动100全收益指数,19233.95
20240809,H20955,中证红利低波动100全收益指数,19185.56
20240812,H20955,中证红利低波动100全收益指数,19147.33
20240813,H20955,中证红利低波动100全收益指数,19206.13
20240814,H20955,中证红利低波动100全收益指数,19058.19
20240815,H20955,中证红利低波动100全收益指数,19227.71
20240816,H20955,中证红利低波动100全收益指数,19183.92
20240819,H20955,中证红利低波动100全收益指数,19346.71
20240820,H20955,中证红利低波动100全收益指数,19154.97
20240821,H20955,中证红利低波动100全收益指数,18998.76
20240822,H20955,中证红利低波动100全收益指数,18967.81
20240823,H20955,中证红利低波动100全收益指数,19009.11
20240826,H20955,中证红利低波动100全收益指数,19035.82
20240827,H20955,中证红利低波动100全收益指数,18996.19
20240828,H20955,中证红利低波动100全收益指数,18901.02
20240829,H20955,中证红利低波动100全收益指数,18654.18
20240830,H20955,中证红利低波动100全收益指数,18703.08
20240902,H20955,中证红利低波动100全收益指数,18632.82
20240903,H20955,中证红利低波动100全收益指数,18566.06
20240904,H20955,中证红利低波动100全收益指数,18461.37
20240905,H20955,中证红利低波动100全收益指数,18497.48
20240906,H20955,中证红利低波动100全收益指数,18373.92
20240909,H20955,中证红利低波动100全收益指数,18129.8
20240910,H20955,中证红利低波动100全收益指数,18101.37
20240911,H20955,中证红利低波动100全收益指数,17806.33
20240912,H20955,中证红利低波动100全收益指数,17817.8
20240913,H20955,中证红利低波动100全收益指数,17789.06
20240918,H20955,中证红利低波动100全收益指数,17956.17
20240919,H20955,中证红利低波动100全收益指数,18044.07
20240920,H20955,中证红利低波动100全收益指数,18011.31
20240923,H20955,中证红利低波动100全收益指数,18137.16
20240924,H20955,中证红利低波动100全收益指数,18852.79
20240925,H20955,中证红利低波动100全收益指数,19180.82
20240926,H20955,中证红利低波动100全收益指数,19932.98
20240927,H20955,中证红利低波动100全收益指数,20263.2
20240930,H20955,中证红利低波动100全收益指数,21652.12
20241008,H20955,中证红利低波动100全收益指数,22141.89
20241009,H20955,中证红利低波动100全收益指数,20489.4
20241010,H20955,中证红利低波动100全收益指数,21048.35
20241011,H20955,中证红利低波动100全收益指数,20700.87
20241014,H20955,中证红利低波动100全收益指数,21246.96
20241015,H20955,中证红利低波动100全收益指数,20754.16
20241016,H20955,中证红利低波动100全收益指数,21080.27
20241017,H20955,中证红利低波动100全收益指数,20720.42
20241018,H20955,中证红利低波动100全收益指数,20952.13
20241021,H20955,中证红利低波动100全收益指数,20798.18
20241022,H20955,中证红利低波动100全收益指数,20944.61
20241023,H20955,中证红利低波动100全收益指数,21040.23
20241024,H20955,中证红利低波动100全收益指数,20911.8
20241025,H20955,中证红利低波动100全收益指数,20982.43
20241028,H20955,中证红利低波动100全收益指数,21134.3
20241029,H20955,中证红利低波动100全收益指数,20808.62
20241030,H20955,中证红利低波动100全收益指数,20684.29
20241031,H20955,中证红利低波动100全收益指数,20726.69
20241101,H20955,中证红利低波动100全收益指数,20824.89
20241104,H20955,中证红利低波动100全收益指数,21049.91
20241105,H20955,中证红利低波动100全收益指数,21407.15
20241106,H20955,中证红利低波动100全收益指数,21354.2
20241107,H20955,中证红利低波动100全收益指数,21941.34
20241108,H20955,中证红利低波动100全收益指数,21634.22
20241111,H20955,中证红利低波动100全收益指数,21516.98
20241112,H20955,中证红利低波动100全收益指数,21397.38
20241113,H20955,中证红利低波动100全收益指数,21479.9
20241114,H20955,中证红利低波动100全收益指数,21190.57
20241115,H20955,中证红利低波动100全收益指数,21053.83
20241118,H20955,中证红利低波动100全收益指数,21359.84
20241119,H20955,中证红利低波动100全收益指数,21387.6
20241120,H20955,中证红利低波动100全收益指数,21436.43
20241121,H20955,中证红利低波动100全收益指数,21447.71
20241122,H20955,中证红利低波动100全收益指数,20834.98
20241125,H20955,中证红利低波动100全收益指数,20890.75
20241126,H20955,中证红利低波动100全收益指数,20884.7
20241127,H20955,中证红利低波动100全收益指数,21095.76
20241128,H20955,中证红利低波动100全收益指数,21077.87
20241129,H20955,中证红利低波动100全收益指数,21212.83
20241202,H20955,中证红利低波动100全收益指数,21374.2
20241203,H20955,中证红利低波动100全收益指数,21565.63
20241204,H20955,中证红利低波动100全收益指数,21520.34
20241205,H20955,中证红利低波动100全收益指数,21494.5
20241206,H20955,中证红利低波动100全收益指数,21768.98
20241209,H20955,中证红利低波动100全收益指数,21780.54
20241210,H20955,中证红利低波动100全收益指数,21799.1
20241211,H20955,中证红利低波动100全收益指数,21908.05
20241212,H20955,中证红利低波动100全收益指数,22109.51
20241213,H20955,中证红利低波动100全收益指数,21674.09
20241216,H20955,中证红利低波动100全收益指数,21872.29
20241217,H20955,中证红利低波动100全收益指数,21804.53
20241218,H20955,中证红利低波动100全收益指数,21903.04
20241219,H20955,中证红利低波动100全收益指数,21722.81
20241220,H20955,中证红利低波动100全收益指数,21563.16
20241223,H20955,中证红利低波动100全收益指数,21590.01
20241224,H20955,中证红利低波动100全收益指数,21830.58
20241225,H20955,中证红利低波动100全收益指数,21954.98
20241226,H20955,中证红利低波动100全收益指数,21817.56
20241227,H20955,中证红利低波动100全收益指数,21938.56
20241230,H20955,中证红利低波动100全收益指数,22041.82
20241231,H20955,中证红利低波动100全收益指数,21904.19
20250102,H20955,中证红利低波动100全收益指数,21423.61
20250103,H20955,中证红利低波动100全收益指数,21251.82
20250106,H20955,中证红利低波动100全收益指数,21353.11
20250107,H20955,中证红利低波动100全收益指数,21261.85
20250108,H20955,中证红利低波动100全收益指数,21287.2
20250109,H20955,中证红利低波动100全收益指数,20990.26
20250110,H20955,中证红利低波动100全收益指数,20739.57
20250113,H20955,中证红利低波动100全收益指数,20564.09
20250114,H20955,中证红利低波动100全收益指数,20875.28
20250115,H20955,中证红利低波动100全收益指数,20875.7
20250116,H20955,中证红利低波动100全收益指数,21007.99
20250117,H20955,中证红利低波动100全收益指数,21004.95
20250120,H20955,中证红利低波动100全收益指数,20950.2
20250121,H20955,中证红利低波动100全收益指数,20815.71
20250122,H20955,中证红利低波动100全收益指数,20635.69
20250123,H20955,中证红利低波动100全收益指数,20831.78
20250124,H20955,中证红利低波动100全收益指数,20959.82
20250127,H20955,中证红利低波动100全收益指数,21223.1
20250205,H20955,中证红利低波动100全收益指数,20833.2
20250206,H20955,中证红利低波动100全收益指数,20855.39
20250207,H20955,中证红利低波动100全收益指数,20987.96
20250210,H20955,中证红利低波动100全收益指数,20980.43
20250211,H20955,中证红利低波动100全收益指数,21115.18
20250212,H20955,中证红利低波动100全收益指数,21109.63
20250213,H20955,中证红利低波动100全收益指数,21111.29
20250214,H20955,中证红利低波动100全收益指数,21130.99
20250217,H20955,中证红利低波动100全收益指数,21130.29
20250218,H20955,中证红利低波动100全收益指数,21105.29
20250219,H20955,中证红利低波动100全收益指数,21091.89
20250220,H20955,中证红利低波动100全收益指数,20992.2
20250221,H20955,中证红利低波动100全收益指数,20914.73
20250224,H20955,中证红利低波动100全收益指数,20951.37
20250225,H20955,中证红利低波动100全收益指数,20766.85
20250226,H20955,中证红利低波动100全收益指数,20959.69
20250227,H20955,中证红利低波动100全收益指数,21117.04
20250228,H20955,中证红利低波动100全收益指数,20984.94
20250303,H20955,中证红利低波动100全收益指数,20971.0
20250304,H20955,中证红利低波动100全收益指数,21003.03
20250305,H20955,中证红利低波动100全收益指数,21082.64
20250306,H20955,中证红利低波动100全收益指数,21050.77
20250307,H20955,中证红利低波动100全收益指数,21066.64
20250310,H20955,中证红利低波动100全收益指数,21028.87
20250311,H20955,中证红利低波动100全收益指数,21186.64
20250312,H20955,中证红利低波动100全收益指数,21057.34
20250313,H20955,中证红利低波动100全收益指数,21110.15
20250314,H20955,中证红利低波动100全收益指数,21302.38
20250317,H20955,中证红利低波动100全收益指数,21386.38
20250318,H20955,中证红利低波动100全收益指数,21353.0
20250319,H20955,中证红利低波动100全收益指数,21390.8
20250320,H20955,中证红利低波动100全收益指数,21309.0
20250321,H20955,中证红利低波动100全收益指数,21294.79
20250324,H20955,中证红利低波动100全收益指数,21394.31
20250325,H20955,中证红利低波动100全收益指数,21558.45
20250326,H20955,中证红利低波动100全收益指数,21545.37
20250327,H20955,中证红利低波动100全收益指数,21539.36
20250328,H20955,中证红利低波动100全收益指数,21428.79
20250331,H20955,中证红利低波动100全收益指数,21366.23
20250401,H20955,中证红利低波动100全收益指数,21539.77
20250402,H20955,中证红利低波动100全收益指数,21568.93
20250403,H20955,中证红利低波动100全收益指数,21659.89
20250407,H20955,中证红利低波动100全收益指数,20310.71
20250408,H20955,中证红利低波动100全收益指数,20887.47
20250409,H20955,中证红利低波动100全收益指数,20926.01
20250410,H20955,中证红利低波动100全收益指数,21048.03
20250411,H20955,中证红利低波动100全收益指数,20932.38
20250414,H20955,中证红利低波动100全收益指数,21024.89
20250415,H20955,中证红利低波动100全收益指数,21141.99
20250416,H20955,中证红利低波动100全收益指数,21267.4
20250417,H20955,中证红利低波动100全收益指数,21263.55
20250418,H20955,中证红利低波动100全收益指数,21290.27
20250421,H20955,中证红利低波动100全收益指数,21204.75
20250422,H20955,中证红利低波动100全收益指数,21376.57
20250423,H20955,中证红利低波动100全收益指数,21248.68
20250424,H20955,中证红利低波动100全收益指数,21421.99
20250425,H20955,中证红利低波动100全收益指数,21404.36
20250428,H20955,中证红利低波动100全收益指数,21416.69
20250429,H20955,中证红利低波动100全收益指数,21337.76
20250430,H20955,中证红利低波动100全收益指数,21171.67
20250506,H20955,中证红利低波动100全收益指数,21216.06
20250507,H20955,中证红利低波动100全收益指数,21391.19
20250508,H20955,中证红利低波动100全收益指数,21421.56
20250509,H20955,中证红利低波动100全收益指数,21549.94
20250512,H20955,中证红利低波动100全收益指数,21594.27
20250513,H20955,中证红利低波动100全收益指数,21741.78
20250514,H20955,中证红利低波动100全收益指数,21860.51
20250515,H20955,中证红利低波动100全收益指数,21805.59
20250516,H20955,中证红利低波动100全收益指数,21659.53
20250519,H20955,中证红利低波动100全收益指数,21739.83
20250520,H20955,中证红利低波动100全收益指数,21781.71
20250521,H20955,中证红利低波动100全收益指数,21910.79
20250522,H20955,中证红利低波动100全收益指数,21896.96
20250523,H20955,中证红利低波动100全收益指数,21735.29
20250526,H20955,中证红利低波动100全收益指数,21595.01
20250527,H20955,中证红利低波动100全收益指数,21641.23
20250528,H20955,中证红利低波动100全收益指数,21711.93
20250529,H20955,中证红利低波动100全收益指数,21713.8
20250530,H20955,中证红利低波动100全收益指数,21765.15
20250603,H20955,中证红利低波动100全收益指数,21833.9
20250604,H20955,中证红利低波动100全收益指数,21911.87
20250605,H20955,中证红利低波动100全收益指数,21795.57
20250606,H20955,中证红利低波动100全收益指数,21840.71
20250609,H20955,中证红利低波动100全收益指数,21892.67
20250610,H20955,中证红利低波动100全收益指数,21926.79
20250611,H20955,中证红利低波动100全收益指数,21989.65
20250612,H20955,中证红利低波动100全收益指数,21989.79
20250613,H20955,中证红利低波动100全收益指数,21829.97
20250616,H20955,中证红利低波动100全收益指数,21828.82
20250617,H20955,中证红利低波动100全收益指数,21847.08
20250618,H20955,中证红利低波动100全收益指数,21821.64
20250619,H20955,中证红利低波动100全收益指数,21692.93
20250620,H20955,中证红利低波动100全收益指数,21795.37
20250623,H20955,中证红利低波动100全收益指数,21799.02
20250624,H20955,中证红利低波动100全收益指数,21890.29
20250625,H20955,中证红利低波动100全收益指数,22018.69
20250626,H20955,中证红利低波动100全收益指数,22044.52
20250627,H20955,中证红利低波动100全收益指数,21930.31
20250630,H20955,中证红利低波动100全收益指数,21876.99
20250701,H20955,中证红利低波动100全收益指数,22025.56
20250702,H20955,中证红利低波动100全收益指数,22180.52
20250703,H20955,中证红利低波动100全收益指数,22180.45
20250704,H20955,中证红利低波动100全收益指数,22319.6
20250707,H20955,中证红利低波动100全收益指数,22438.88
20250708,H20955,中证红利低波动100全收益指数,22464.07
20250709,H20955,中证红利低波动100全收益指数,22575.68
20250710,H20955,中证红利低波动100全收益指数,22754.07
20250711,H20955,中证红利低波动100全收益指数,22654.86
20250714,H20955,中证红利低波动100全收益指数,22793.49
20250715,H20955,中证红利低波动100全收益指数,22560.02
20250716,H20955,中证红利低波动100全收益指数,22557.95
20250717,H20955,中证红利低波动100全收益指数,22544.25
20250718,H20955,中证红利低波动100全收益指数,22669.5
20250721,H20955,中证红利低波动100全收益指数,22908.57
20250722,H20955,中证红利低波动100全收益指数,23243.12
20250723,H20955,中证红利低波动100全收益指数,23118.93
20250724,H20955,中证红利低波动100全收益指数,23157.88
20250725,H20955,中证红利低波动100全收益指数,22974.58
20250728,H20955,中证红利低波动100全收益指数,22816.71
20250729,H20955,中证红利低波动100全收益指数,22758.11
20250730,H20955,中证红利低波动100全收益指数,22841.58
20250731,H20955,中证红利低波动100全收益指数,22462.62
20250801,H20955,中证红利低波动100全收益指数,22472.05
20250804,H20955,中证红利低波动100全收益指数,22548.02
20250805,H20955,中证红利低波动100全收益指数,22724.16
20250806,H20955,中证红利低波动100全收益指数,22718.77
20250807,H20955,中证红利低波动100全收益指数,22746.42
20250808,H20955,中证红利低波动100全收益指数,22802.03
20250811,H20955,中证红利低波动100全收益指数,22744.82
20250812,H20955,中证红利低波动100全收益指数,22810.63
20250813,H20955,中证红利低波动100全收益指数,22742.33
20250814,H20955,中证红利低波动100全收益指数,22625.9
20250815,H20955,中证红利低波动100全收益指数,22692.09
20250818,H20955,中证红利低波动100全收益指数,22758.07
20250819,H20955,中证红利低波动100全收益指数,22777.64
20250820,H20955,中证红利低波动100全收益指数,22955.88
20250821,H20955,中证红利低波动100全收益指数,23112.91
20250822,H20955,中证红利低波动100全收益指数,23080.4
20250825,H20955,中证红利低波动100全收益指数,23309.74
20250826,H20955,中证红利低波动100全收益指数,23289.78
20250827,H20955,中证红利低波动100全收益指数,22870.07
20250828,H20955,中证红利低波动100全收益指数,22872.33
20250829,H20955,中证红利低波动100全收益指数,22838.07
20250901,H20955,中证红利低波动100全收益指数,22840.28
20250902,H20955,中证红利低波动100全收益指数,22872.78
20250903,H20955,中证红利低波动100全收益指数,22665.91
20250904,H20955,中证红利低波动100全收益指数,22678.26
20250905,H20955,中证红利低波动100全收益指数,22760.43
20250908,H20955,中证红利低波动100全收益指数,22875.33
20250909,H20955,中证红利低波动100全收益指数,22927.86
20250910,H20955,中证红利低波动100全收益指数,22818.81
20250911,H20955,中证红利低波动100全收益指数,22935.4
20250912,H20955,中证红利低波动100全收益指数,22840.64
20250915,H20955,中证红利低波动100全收益指数,22753.3
20250916,H20955,中证红利低波动100全收益指数,22699.99
20250917,H20955,中证红利低波动100全收益指数,22776.23
20250918,H20955,中证红利低波动100全收益指数,22404.06
20250919,H20955,中证红利低波动100全收益指数,22479.4
20250922,H20955,中证红利低波动100全收益指数,22352.34
20250923,H20955,中证红利低波动100全收益指数,22397.83
20250924,H20955,中证红利低波动100全收益指数,22498.28
20250925,H20955,中证红利低波动100全收益指数,22398.78
20250926,H20955,中证红利低波动100全收益指数,22461.38
20250929,H20955,中证红利低波动100全收益指数,22516.61
20250930,H20955,中证红利低波动100全收益指数,22428.26
20251009,H20955,中证红利低波动100全收益指数,22695.53
20251010,H20955,中证红利低波动100全收益指数,22904.9
20251013,H20955,中证红利低波动100全收益指数,22785.02
20251014,H20955,中证红利低波动100全收益指数,23012.89
20251015,H20955,中证红利低波动100全收益指数,23053.19
20251016,H20955,中证红利低波动100全收益指数,23093.69
20251017,H20955,中证红利低波动100全收益指数,22954.2
20251020,H20955,中证红利低波动100全收益指数,23023.94
20251021,H20955,中证红利低波动100全收益指数,23138.59
20251022,H20955,中证红利低波动100全收益指数,23214.67
20251023,H20955,中证红利低波动100全收益指数,23361.59
20251024,H20955,中证红利低波动100全收益指数,23202.12
20251027,H20955,中证红利低波动100全收益指数,23272.33
20251028,H20955,中证红利低波动100全收益指数,23159.35
20251029,H20955,中证红利低波动100全收益指数,23141.59
20251030,H20955,中证红利低波动100全收益指数,23138.86
20251031,H20955,中证红利低波动100全收益指数,23136.12
20251103,H20955,中证红利低波动100全收益指数,23353.57
20251104,H20955,中证红利低波动100全收益指数,23421.43
20251105,H20955,中证红利低波动100全收益指数,23465.04
20251106,H20955,中证红利低波动100全收益指数,23590.64
20251107,H20955,中证红利低波动100全收益指数,23697.71
20251110,H20955,中证红利低波动100全收益指数,23916.36
20251111,H20955,中证红利低波动100全收益指数,23935.95
20251112,H20955,中证红利低波动100全收益指数,24016.98
20251113,H20955,中证红利低波动100全收益指数,24033.72
20251114,H20955,中证红利低波动100全收益指数,23905.79
20251117,H20955,中证红利低波动100全收益指数,23750.98
20251118,H20955,中证红利低波动100全收益指数,23540.16
20251119,H20955,中证红利低波动100全收益指数,23578.16
20251120,H20955,中证红利低波动100全收益指数,23600.33
20251121,H20955,中证红利低波动100全收益指数,23193.62
20251124,H20955,中证红利低波动100全收益指数,23103.04
20251125,H20955,中证红利低波动100全收益指数,23220.29
20251126,H20955,中证红利低波动100全收益指数,23163.21
20251127,H20955,中证红利低波动100全收益指数,23183.15
20251128,H20955,中证红利低波动100全收益指数,23205.93
20251201,H20955,中证红利低波动100全收益指数,23382.73
20251202,H20955,中证红利低波动100全收益指数,23456.3
20251203,H20955,中证红利低波动100全收益指数,23486.45
20251204,H20955,中证红利低波动100全收益指数,23402.16
20251205,H20955,中证红利低波动100全收益指数,23396.92
20251208,H20955,中证红利低波动100全收益指数,23306.38
20251209,H20955,中证红利低波动100全收益指数,23179.77
20251210,H20955,中证红利低波动100全收益指数,23114.19
20251211,H20955,中证红利低波动100全收益指数,22947.09
20251212,H20955,中证红利低波动100全收益指数,22910.23
20251215,H20955,中证红利低波动100全收益指数,22954.1
20251216,H20955,中证红利低波动100全收益指数,22844.79
20251217,H20955,中证红利低波动100全收益指数,22871.53
20251218,H20955,中证红利低波动100全收益指数,23009.45
20251219,H20955,中证红利低波动100全收益指数,23004.44
20251222,H20955,中证红利低波动100全收益指数,22895.08
20251223,H20955,中证红利低波动100全收益指数,22882.62
20251224,H20955,中证红利低波动100全收益指数,22933.05
20251225,H20955,中证红利低波动100全收益指数,23020.94
20251226,H20955,中证红利低波动100全收益指数,23043.12
20251229,H20955,中证红利低波动100全收益指数,22891.99
20251230,H20955,中证红利低波动100全收益指数,22803.67
20251231,H20955,中证红利低波动100全收益指数,22773.02
20260105,H20955,中证红利低波动100全收益指数,22815.5
20260106,H20955,中证红利低波动100全收益指数,22958.55
20260107,H20955,中证红利低波动100全收益指数,22876.37
20260108,H20955,中证红利低波动100全收益指数,22777.68
20260109,H20955,中证红利低波动100全收益指数,22850.69
20260112,H20955,中证红利低波动100全收益指数,22921.72
20260113,H20955,中证红利低波动100全收益指数,22892.36
20260114,H20955,中证红利低波动100全收益指数,22715.6
20260115,H20955,中证红利低波动100全收益指数,22676.9
20260116,H20955,中证红利低波动100全收益指数,22485.41
20260119,H20955,中证红利低波动100全收益指数,22592.48
20260120,H20955,中证红利低波动100全收益指数,22888.07
20260121,H20955,中证红利低波动100全收益指数,22740.97
20260122,H20955,中证红利低波动100全收益指数,22824.58
20260123,H20955,中证红利低波动100全收益指数,22829.98
20260126,H20955,中证红利低波动100全收益指数,22944.15
20260127,H20955,中证红利低波动100全收益指数,22790.17
20260128,H20955,中证红利低波动100全收益指数,22922.99
20260129,H20955,中证红利低波动100全收益指数,23322.36
20260130,H20955,中证红利低波动100全收益指数,23152.89
20260202,H20955,中证红利低波动100全收益指数,22812.91
20260203,H20955,中证红利低波动100全收益指数,22882.36
20260204,H20955,中证红利低波动100全收益指数,23235.57
20260205,H20955,中证红利低波动100全收益指数,23300.05
20260206,H20955,中证红利低波动100全收益指数,23242.45
20260209,H20955,中证红利低波动100全收益指数,23374.01
20260210,H20955,中证红利低波动100全收益指数,23389.67
20260211,H20955,中证红利低波动100全收益指数,23415.67
20260212,H20955,中证红利低波动100全收益指数,23281.04
20260213,H20955,中证红利低波动100全收益指数,23030.6
20260224,H20955,中证红利低波动100全收益指数,23272.56
20260225,H20955,中证红利低波动100全收益指数,23279.26
20260226,H20955,中证红利低波动100全收益指数,23246.63
20260227,H20955,中证红利低波动100全收益指数,23370.01
20260302,H20955,中证红利低波动100全收益指数,23564.99
20260303,H20955,中证红利低波动100全收益指数,23596.31
20260304,H20955,中证红利低波动100全收益指数,23270.92
20260305,H20955,中证红利低波动100全收益指数,23276.06
20260306,H20955,中证红利低波动100全收益指数,23451.67
20260309,H20955,中证红利低波动100全收益指数,23444.29
20260310,H20955,中证红利低波动100全收益指数,23438.56
20260311,H20955,中证红利低波动100全收益指数,23685.38
20260312,H20955,中证红利低波动100全收益指数,23813.36
20260313,H20955,中证红利低波动100全收益指数,23768.65
20260316,H20955,中证红利低波动100全收益指数,23754.17
20260317,H20955,中证红利低波动100全收益指数,23759.75
20260318,H20955,中证红利低波动100全收益指数,23654.09
20260319,H20955,中证红利低波动100全收益指数,23604.16
20260320,H20955,中证红利低波动100全收益指数,23512.19
20260323,H20955,中证红利低波动100全收益指数,22716.44
20260324,H20955,中证红利低波动100全收益指数,23131.73
20260325,H20955,中证红利低波动100全收益指数,23349.5
20260326,H20955,中证红利低波动100全收益指数,23345.04
20260327,H20955,中证红利低波动100全收益指数,23272.95
20260330,H20955,中证红利低波动100全收益指数,23373.57
20260331,H20955,中证红利低波动100全收益指数,23308.46
20260401,H20955,中证红利低波动100全收益指数,23326.28
20260402,H20955,中证红利低波动100全收益指数,23394.0
20260403,H20955,中证红利低波动100全收益指数,23030.83
20260407,H20955,中证红利低波动100全收益指数,22995.61
20260408,H20955,中证红利低波动100全收益指数,23193.09
20260409,H20955,中证红利低波动100全收益指数,22996.65
20260410,H20955,中证红利低波动100全收益指数,22986.61
20260413,H20955,中证红利低波动100全收益指数,22890.73
20260414,H20955,中证红利低波动100全收益指数,22955.2
20260415,H20955,中证红利低波动100全收益指数,23101.91
20260416,H20955,中证红利低波动100全收益指数,23102.56
20260417,H20955,中证红利低波动100全收益指数,22981.35
20260420,H20955,中证红利低波动100全收益指数,23005.66
20260421,H20955,中证红利低波动100全收益指数,23180.59
20260422,H20955,中证红利低波动100全收益指数,23115.28
20260423,H20955,中证红利低波动100全收益指数,23288.75
20260424,H20955,中证红利低波动100全收益指数,23194.9
20260427,H20955,中证红利低波动100全收益指数,23051.95
20260428,H20955,中证红利低波动100全收益指数,23209.71
20260429,H20955,中证红利低波动100全收益指数,23301.16
20260430,H20955,中证红利低波动100全收益指数,23192.39
20260506,H20955,中证红利低波动100全收益指数,23174.04
20260507,H20955,中证红利低波动100全收益指数,23096.57
20260508,H20955,中证红利低波动100全收益指数,23114.55
20260511,H20955,中证红利低波动100全收益指数,23207.14
20260512,H20955,中证红利低波动100全收益指数,23170.0
20260513,H20955,中证红利低波动100全收益指数,23152.1
20260514,H20955,中证红利低波动100全收益指数,23026.04
20260515,H20955,中证红利低波动100全收益指数,22901.89
20260518,H20955,中证红利低波动100全收益指数,22770.33
20260519,H20955,中证红利低波动100全收益指数,22982.62
20260520,H20955,中证红利低波动100全收益指数,22823.53
20260521,H20955,中证红利低波动100全收益指数,22658.01
20260522,H20955,中证红利低波动100全收益指数,22562.82
20260525,H20955,中证红利低波动100全收益指数,22638.94
20260526,H20955,中证红利低波动100全收益指数,22645.56
20260527,H20955,中证红利低波动100全收益指数,22589.6
20260528,H20955,中证红利低波动100全收益指数,22430.85
20260529,H20955,中证红利低波动100全收益指数,22863.02
20260601,H20955,中证红利低波动100全收益指数,23237.27
20260602,H20955,中证红利低波动100全收益指数,23131.5
20260603,H20955,中证红利低波动100全收益指数,22949.78
20260604,H20955,中证红利低波动100全收益指数,22697.08
20260605,H20955,中证红利低波动100全收益指数,22747.92
20260608,H20955,中证红利低波动100全收益指数,22579.48
20260609,H20955,中证红利低波动100全收益指数,22528.75
20260610,H20955,中证红利低波动100全收益指数,22583.23
20260611,H20955,中证红利低波动100全收益指数,22434.44
20260612,H20955,中证红利低波动100全收益指数,22681.93
20260615,H20955,中证红利低波动100全收益指数,22582.84
20260616,H20955,中证红利低波动100全收益指数,22249.65
20260617,H20955,中证红利低波动100全收益指数,22110.52
20260618,H20955,中证红利低波动100全收益指数,21688.33
20260622,H20955,中证红利低波动100全收益指数,21751.01
20260623,H20955,中证红利低波动100全收益指数,21773.28
20260624,H20955,中证红利低波动100全收益指数,21345.98
20260625,H20955,中证红利低波动100全收益指数,21163.7
20260626,H20955,中证红利低波动100全收益指数,20896.17
20260629,H20955,中证红利低波动100全收益指数,21193.67
20260630,H20955,中证红利低波动100全收益指数,20810.81
20260701,H20955,中证红利低波动100全收益指数,21120.47
20260702,H20955,中证红利低波动100全收益指数,21365.6
20260703,H20955,中证红利低波动100全收益指数,21491.43
20260706,H20955,中证红利低波动100全收益指数,21817.25
20260707,H20955,中证红利低波动100全收益指数,21542.78
20260708,H20955,中证红利低波动100全收益指数,21740.39
20260709,H20955,中证红利低波动100全收益指数,21523.09
20260710,H20955,中证红利低波动100全收益指数,21623.45
20260713,H20955,中证红利低波动100全收益指数,21835.34
20260714,H20955,中证红利低波动100全收益指数,22039.37
20260715,H20955,中证红利低波动100全收益指数,22385.47
20260716,H20955,中证红利低波动100全收益指数,22399.3
20260717,H20955,中证红利低波动100全收益指数,22347.64
20260720,H20955,中证红利低波动100全收益指数,22865.66
20260721,H20955,中证红利低波动100全收益指数,22646.1
20260722,H20955,中证红利低波动100全收益指数,22705.79
20260723,H20955,中证红利低波动100全收益指数,22784.64
20260724,H20955,中证红利低波动100全收益指数,22545.18
20260727,H20955,中证红利低波动100全收益指数,22635.46
20260728,H20955,中证红利低波动100全收益指数,22791.93
20260729,H20955,中证红利低波动100全收益指数,23115.69
20260730,H20955,中证红利低波动100全收益指数,23481.63
20260731,H20955,中证红利低波动100全收益指数,23357.28
