日期,ETF复权净值,全收益指数点位,ETF归一化,全收益指数归一化,累计收益差(百分点)
2019-12-20,1.00060000,6761.4900,100.000000,100.000000,0.000000
2019-12-23,0.98960000,6677.0800,98.900660,98.751607,0.149053
2019-12-24,0.99460000,6714.5300,99.400360,99.305479,0.094881
2019-12-25,0.99350000,6705.3300,99.290426,99.169414,0.121012
2019-12-26,1.00360000,6781.5000,100.299820,100.295941,0.003879
2019-12-27,1.00190000,6768.7900,100.129922,100.107964,0.021958
2019-12-30,1.01390000,6858.9800,101.329202,101.441842,-0.112639
2019-12-31,1.01970000,6902.5300,101.908855,102.085931,-0.177076
2020-01-02,1.03360000,6999.6800,103.298021,103.522744,-0.224723
2020-01-03,1.03330000,6997.4200,103.268039,103.489320,-0.221280
2020-01-06,1.02970000,6972.7700,102.908255,103.124755,-0.216500
2020-01-07,1.03790000,7029.4200,103.727763,103.962588,-0.234825
2020-01-08,1.02620000,6947.4300,102.558465,102.749986,-0.191521
2020-01-09,1.03870000,7035.1000,103.807715,104.046593,-0.238878
2020-01-10,1.03500000,7008.5500,103.437937,103.653928,-0.215991
2020-01-13,1.04200000,7057.7500,104.137517,104.381579,-0.244061
2020-01-14,1.04300000,7065.0800,104.237458,104.489987,-0.252529
2020-01-15,1.03790000,7028.6500,103.727763,103.951200,-0.223437
2020-01-16,1.03260000,6991.9300,103.198081,103.408125,-0.210043
2020-01-17,1.03310000,6994.8700,103.248051,103.451606,-0.203555
2020-01-20,1.03500000,7003.2600,103.437937,103.575691,-0.137754
2020-01-21,1.01690000,6874.5100,101.629023,101.671525,-0.042502
2020-01-22,1.02060000,6898.5800,101.998801,102.027512,-0.028711
2020-01-23,0.99560000,6712.0400,99.500300,99.268652,0.231647
2020-02-03,0.91000000,6114.1200,90.945433,90.425631,0.519802
2020-02-04,0.92850000,6242.0900,92.794323,92.318261,0.476062
2020-02-05,0.93930000,6314.3200,93.873676,93.386517,0.487159
2020-02-06,0.95100000,6393.5000,95.042974,94.557561,0.485414
2020-02-07,0.95440000,6415.2600,95.382770,94.879383,0.503387
2020-02-10,0.96860000,6512.8400,96.801919,96.322556,0.479363
2020-02-11,0.97240000,6535.1300,97.181691,96.652217,0.529474
2020-02-12,0.97900000,6576.7500,97.841295,97.267762,0.573533
2020-02-13,0.97370000,6536.5000,97.311613,96.672479,0.639134
2020-02-14,0.98080000,6585.9300,98.021187,97.403531,0.617656
2020-02-17,1.00040000,6722.5400,99.980012,99.423944,0.556068
2020-02-18,1.00350000,6736.4500,100.289826,99.629667,0.660159
2020-02-19,0.99930000,6709.5700,99.870078,99.232122,0.637956
2020-02-20,1.01310000,6804.6000,101.249250,100.637581,0.611669
2020-02-21,1.01810000,6830.4000,101.748951,101.019154,0.729797
2020-02-24,1.01110000,6782.8600,101.049370,100.316055,0.733316
2020-02-25,1.00140000,6715.2100,100.079952,99.315535,0.764417
2020-02-26,1.00130000,6712.0400,100.069958,99.268652,0.801306
2020-02-27,1.00500000,6720.5800,100.439736,99.394956,1.044780
2020-02-28,0.97430000,6512.1000,97.371577,96.311612,1.059965
2020-03-02,1.01190000,6768.9400,101.129322,100.110183,1.019140
2020-03-03,1.01200000,6767.6900,101.139316,100.091696,1.047621
2020-03-04,1.02450000,6854.8900,102.388567,101.381352,1.007215
2020-03-05,1.03690000,6939.8700,103.627823,102.638176,0.989647
2020-03-06,1.02490000,6857.5300,102.428543,101.420397,1.008146
2020-03-09,0.99380000,6645.0400,99.320408,98.277746,1.042661
2020-03-10,1.01120000,6763.4500,101.059364,100.028988,1.030377
2020-03-11,1.00240000,6704.3400,100.179892,99.154772,1.025120
2020-03-12,0.98500000,6584.2800,98.440935,97.379128,1.061807
2020-03-13,0.97000000,6480.9800,96.941835,95.851358,1.090477
2020-03-16,0.94050000,6279.9200,93.993604,92.877753,1.115851
2020-03-17,0.93730000,6257.1100,93.673796,92.540402,1.133394
2020-03-18,0.92410000,6166.5300,92.354587,91.200756,1.153831
2020-03-19,0.91520000,6104.2900,91.465121,90.280249,1.184872
2020-03-20,0.92790000,6189.1400,92.734359,91.535150,1.199210
2020-03-23,0.90160000,6010.2600,90.105936,88.889579,1.216357
2020-03-24,0.92320000,6158.7500,92.264641,91.085693,1.178949
2020-03-25,0.94180000,6286.4700,94.123526,92.974625,1.148900
2020-03-26,0.93300000,6224.8300,93.244054,92.062992,1.181062
2020-03-27,0.93970000,6270.4300,93.913652,92.737400,1.176252
2020-03-30,0.92780000,6189.7300,92.724365,91.543876,1.180490
2020-03-31,0.92620000,6179.0200,92.564461,91.385479,1.178983
2020-04-01,0.92070000,6141.4300,92.014791,90.829536,1.185255
2020-04-02,0.93400000,6230.9400,93.343994,92.153357,1.190637
2020-04-03,0.92910000,6198.0500,92.854287,91.666925,1.187362
2020-04-07,0.94590000,6312.6000,94.533280,93.361079,1.172201
2020-04-08,0.94520000,6307.2800,94.463322,93.282398,1.180924
2020-04-09,0.94800000,6324.6500,94.743154,93.539294,1.203860
2020-04-10,0.93840000,6258.7300,93.783730,92.564361,1.219369
2020-04-13,0.93590000,6242.4100,93.533880,92.322994,1.210886
2020-04-14,0.94760000,6321.9400,94.703178,93.499214,1.203964
2020-04-15,0.94250000,6287.2200,94.193484,92.985718,1.207766
2020-04-16,0.93990000,6267.9400,93.933640,92.700573,1.233066
2020-04-17,0.94270000,6286.4800,94.213472,92.974773,1.238699
2020-04-20,0.94940000,6322.8800,94.883070,93.513116,1.369954
2020-04-21,0.94380000,6284.5900,94.323406,92.946821,1.376585
2020-04-22,0.94800000,6312.9600,94.743154,93.366403,1.376751
2020-04-23,0.94520000,6293.3700,94.463322,93.076674,1.386648
2020-04-24,0.93960000,6255.3400,93.903658,92.514224,1.389434
2020-04-27,0.94550000,6292.0100,94.493304,93.056560,1.436744
2020-04-28,0.93980000,6253.9200,93.923646,92.493223,1.430423
2020-04-29,0.94900000,6315.1400,94.843094,93.398644,1.444450
2020-04-30,0.95830000,6378.1200,95.772536,94.330096,1.442441
2020-05-06,0.95960000,6384.4700,95.902459,94.424010,1.478448
2020-05-07,0.96100000,6394.2700,96.042375,94.568949,1.473426
2020-05-08,0.96860000,6444.6800,96.801919,95.314494,1.487425
2020-05-11,0.96910000,6448.0000,96.851889,95.363596,1.488293
2020-05-12,0.96610000,6427.0600,96.552069,95.053901,1.498168
2020-05-13,0.96820000,6441.4200,96.761943,95.266280,1.495663
2020-05-14,0.95830000,6373.4400,95.772536,94.260880,1.511656
2020-05-15,0.95500000,6350.5300,95.442734,93.922050,1.520685
2020-05-18,0.95580000,6351.6800,95.522686,93.939058,1.583629
2020-05-19,0.96160000,6390.6800,96.102339,94.515854,1.586485
2020-05-20,0.95480000,6342.9200,95.422746,93.809501,1.613246
2020-05-21,0.94980000,6308.2300,94.923046,93.296448,1.626598
2020-05-22,0.93460000,6203.9400,93.403958,91.754036,1.649921
2020-05-25,0.93920000,6235.5000,93.863682,92.220797,1.642884
2020-05-26,0.94630000,6283.9500,94.573256,92.937356,1.635901
2020-05-27,0.95030000,6311.1600,94.973016,93.339782,1.633235
2020-05-28,0.95030000,6311.2400,94.973016,93.340965,1.632051
2020-05-29,0.94660000,6285.1700,94.603238,92.955399,1.647839
2020-06-01,0.96520000,6411.9700,96.462123,94.830725,1.631398
2020-06-02,0.96800000,6430.2300,96.741955,95.100784,1.641171
2020-06-03,0.96870000,6434.8700,96.811913,95.169408,1.642505
2020-06-04,0.97170000,6454.9500,97.111733,95.466384,1.645349
2020-06-05,0.96880000,6434.2600,96.821907,95.160386,1.661521
2020-06-08,0.96990000,6439.2700,96.931841,95.234482,1.697359
2020-06-09,0.97390000,6465.3400,97.331601,95.620048,1.711553
2020-06-10,0.97070000,6439.4900,97.011793,95.237736,1.774057
2020-06-11,0.96320000,6387.8700,96.262243,94.474295,1.787948
2020-06-12,0.96210000,6378.7500,96.152309,94.339413,1.812895
2020-06-15,0.95520000,6334.1100,95.462722,93.679204,1.783519
2020-06-16,0.97160000,6442.0000,97.101739,95.274858,1.826881
2020-06-17,0.97350000,6455.2800,97.291625,95.471264,1.820361
2020-06-18,0.98210000,6514.0800,98.151109,96.340895,1.810214
2020-06-19,0.98480000,6527.9500,98.420947,96.546028,1.874920
2020-06-22,0.97950000,6484.7100,97.891265,95.906524,1.984742
2020-06-23,0.97980000,6483.8500,97.921247,95.893804,2.027443
2020-06-24,0.98180000,6497.4000,98.121127,96.094204,2.026923
2020-06-29,0.97740000,6466.9900,97.681391,95.644451,2.036940
2020-06-30,0.98630000,6526.1500,98.570857,96.519406,2.051451
2020-07-01,1.00370000,6643.3000,100.309814,98.252013,2.057802
2020-07-02,1.02700000,6799.8700,102.638417,100.567626,2.070791
2020-07-03,1.03810000,6875.0600,103.747751,101.679659,2.068092
2020-07-06,1.09210000,7238.2100,109.144513,107.050517,2.093996
2020-07-07,1.08890000,7210.2000,108.824705,106.636259,2.188446
2020-07-08,1.10370000,7298.8100,110.303818,107.946769,2.357049
2020-07-09,1.11520000,7368.6100,111.453128,108.979086,2.474042
2020-07-10,1.09390000,7220.1600,109.324405,106.783564,2.540841
2020-07-13,1.12300000,7417.8800,112.232660,109.707772,2.524889
2020-07-14,1.11800000,7383.2800,111.732960,109.196050,2.536910
2020-07-15,1.10170000,7254.4200,110.103938,107.290257,2.813681
2020-07-16,1.06710000,7025.2900,106.646012,103.901507,2.744505
2020-07-17,1.07470000,7070.5400,107.405557,104.570738,2.834819
2020-07-20,1.12220000,7377.2400,112.152708,109.106721,3.045988
2020-07-21,1.12080000,7363.8900,112.012792,108.909279,3.103513
2020-07-22,1.12220000,7358.2600,112.152708,108.826013,3.326695
2020-07-23,1.10980000,7274.6600,110.913452,107.589599,3.323853
2020-07-24,1.06910000,7002.9400,106.845892,103.570958,3.274934
2020-07-27,1.06630000,6984.1400,106.566060,103.292913,3.273147
2020-07-28,1.07620000,7050.8200,107.555467,104.279086,3.276380
2020-07-29,1.09500000,7170.7100,109.434339,106.052216,3.382123
2020-07-30,1.09450000,7167.1500,109.384369,105.999565,3.384804
2020-07-31,1.10550000,7230.2800,110.483710,106.933235,3.550475
2020-08-03,1.12650000,7370.8300,112.582451,109.011919,3.570532
2020-08-04,1.12950000,7391.5100,112.882271,109.317769,3.564502
2020-08-05,1.12880000,7387.2400,112.812313,109.254617,3.557696
2020-08-06,1.13000000,7392.5400,112.932241,109.333002,3.599239
2020-08-07,1.12170000,7335.9800,112.102738,108.496500,3.606238
2020-08-10,1.13700000,7431.2300,113.631821,109.905213,3.726608
2020-08-11,1.12610000,7356.3800,112.542475,108.798209,3.744266
2020-08-12,1.11950000,7309.7900,111.882870,108.109159,3.773711
2020-08-13,1.12460000,7337.3100,112.392564,108.516170,3.876394
2020-08-14,1.13320000,7395.1000,113.252049,109.370864,3.881185
2020-08-17,1.15640000,7548.9700,115.570658,111.646545,3.924112
2020-08-18,1.15890000,7563.5100,115.820508,111.861587,3.958921
2020-08-19,1.14820000,7491.4300,114.751149,110.795550,3.955600
2020-08-20,1.14010000,7434.5300,113.941635,109.954019,3.987616
2020-08-21,1.13950000,7430.4000,113.881671,109.892938,3.988733
2020-08-24,1.15050000,7473.1400,114.981011,110.525047,4.455964
2020-08-25,1.15020000,7467.3500,114.951029,110.439415,4.511614
2020-08-26,1.13140000,7342.9000,113.072157,108.598844,4.473312
2020-08-27,1.13760000,7386.5300,113.691785,109.244116,4.447669
2020-08-28,1.15850000,7516.4800,115.780532,111.166030,4.614502
2020-08-31,1.15250000,7476.6500,115.180891,110.576959,4.603933
2020-09-01,1.15550000,7490.9400,115.480712,110.788303,4.692409
2020-09-02,1.15480000,7484.5400,115.410754,110.693649,4.717105
2020-09-03,1.15320000,7473.0500,115.250849,110.523716,4.727134
2020-09-04,1.15020000,7451.6600,114.951029,110.207366,4.743664
2020-09-07,1.13710000,7366.4300,113.641815,108.946845,4.694970
2020-09-08,1.14380000,7409.2500,114.311413,109.580137,4.731276
2020-09-09,1.12670000,7296.9400,112.602439,107.919113,4.683326
2020-09-10,1.11690000,7229.1900,111.623026,106.917114,4.705912
2020-09-11,1.12160000,7259.2800,112.092744,107.362135,4.730610
2020-09-14,1.12650000,7290.6700,112.582451,107.826381,4.756069
2020-09-15,1.13160000,7324.1900,113.092145,108.322130,4.770015
2020-09-16,1.13190000,7321.6200,113.122127,108.284121,4.838006
2020-09-17,1.13720000,7349.8100,113.651809,108.701041,4.950768
2020-09-18,1.15490000,7465.1700,115.420748,110.407174,5.013574
2020-09-21,1.14850000,7419.6400,114.781131,109.733801,5.047330
2020-09-22,1.13250000,7312.7200,113.182091,108.152493,5.029598
2020-09-23,1.13430000,7323.2100,113.361983,108.307636,5.054346
2020-09-24,1.11390000,7187.2700,111.323206,106.297133,5.026073
2020-09-25,1.10750000,7145.4200,110.683590,105.678186,5.005404
2020-09-28,1.10760000,7139.2300,110.693584,105.586638,5.106945
2020-09-29,1.11210000,7168.2100,111.143314,106.015242,5.128072
2020-09-30,1.10680000,7132.7000,110.613632,105.490062,5.123570
2020-10-09,1.13080000,7289.6500,113.012193,107.811296,5.200897
2020-10-12,1.15850000,7470.3700,115.780532,110.484080,5.296452
2020-10-13,1.16100000,7485.1600,116.030382,110.702818,5.327563
2020-10-14,1.16100000,7483.9400,116.030382,110.684775,5.345607
2020-10-15,1.15760000,7453.8500,115.690586,110.239755,5.450831
2020-10-16,1.16070000,7473.6400,116.000400,110.532442,5.467958
2020-10-19,1.15280000,7422.2000,115.210873,109.771663,5.439211
2020-10-20,1.15410000,7429.2500,115.340796,109.875930,5.464866
2020-10-21,1.15030000,7404.7100,114.961023,109.512992,5.448031
2020-10-22,1.14170000,7346.9600,114.101539,108.658890,5.442649
2020-10-23,1.13280000,7289.5300,113.212073,107.809521,5.402551
2020-10-26,1.13440000,7300.7400,113.371977,107.975313,5.396664
2020-10-27,1.13073524,7276.4200,113.005721,107.615629,5.390092
2020-10-28,1.13083995,7275.6500,113.016185,107.604241,5.411944
2020-10-29,1.13858830,7313.8100,113.790555,108.168614,5.621942
2020-10-30,1.12162570,7202.8700,112.095313,106.527851,5.567461
2020-11-02,1.13251527,7273.0700,113.183617,107.566084,5.617533
2020-11-03,1.14644135,7363.8800,114.575390,108.909131,5.666259
2020-11-04,1.15282850,7404.8900,115.213722,109.515654,5.698068
2020-11-05,1.17251349,7532.7700,117.181041,111.406953,5.774088
2020-11-06,1.17429352,7544.7400,117.358937,111.583985,5.774951
2020-11-09,1.19355968,7668.3000,119.284398,113.411393,5.873005
2020-11-10,1.18989492,7643.6600,118.918141,113.046976,5.871165
2020-11-11,1.19492088,7678.0900,119.420436,113.556184,5.864252
2020-11-12,1.20172686,7721.2100,120.100626,114.193913,5.906713
2020-11-13,1.19366439,7669.8000,119.294862,113.433578,5.861285
2020-11-16,1.21848004,7830.0400,121.774939,115.803469,5.971470
2020-11-17,1.22633310,7882.7300,122.559774,116.582735,5.977039
2020-11-18,1.23125435,7913.0000,123.051604,117.030418,6.021186
2020-11-19,1.22612368,7879.7600,122.538845,116.538810,6.000035
2020-11-20,1.23251084,7920.2200,123.177177,117.137199,6.039978
2020-11-23,1.24957814,8031.0500,124.882885,118.776335,6.106550
2020-11-24,1.24528514,7999.7900,124.453842,118.314011,6.139831
2020-11-25,1.22821783,7890.5500,122.748134,116.698390,6.049744
2020-11-26,1.22350600,7859.4800,122.277234,116.238876,6.038357
2020-11-27,1.23230142,7914.8100,123.156248,117.057187,6.099061
2020-11-30,1.21900358,7828.3000,121.827262,115.777735,6.049526
2020-12-01,1.23533794,7934.5700,123.459718,117.349430,6.110287
2020-12-02,1.23743208,7947.6700,123.669007,117.543175,6.125832
2020-12-03,1.22895078,7891.4800,122.821386,116.712145,6.109241
2020-12-04,1.22769430,7880.5100,122.695812,116.549902,6.145910
2020-12-07,1.21544353,7800.8800,121.471470,115.372203,6.099267
2020-12-08,1.21167406,7777.8400,121.094749,115.031450,6.063299
2020-12-09,1.19691032,7681.5200,119.619260,113.606912,6.012348
2020-12-10,1.20026096,7694.4100,119.954123,113.797551,6.156573
2020-12-11,1.18319365,7648.1500,118.248416,113.113382,5.135034
2020-12-14,1.17387469,7594.9800,117.317079,112.327017,4.990062
2020-12-15,1.17136171,7579.8300,117.065932,112.102954,4.962978
2020-12-16,1.16727812,7548.7500,116.657818,111.643292,5.014526
2020-12-17,1.17900535,7625.0700,117.829837,112.772037,5.057801
2020-12-18,1.18413602,7658.7400,118.342596,113.270004,5.072592
2020-12-21,1.18811490,7683.4400,118.740246,113.635308,5.104937
2020-12-22,1.16130980,7507.5800,116.061343,111.034402,5.026941
2020-12-23,1.16214746,7511.6300,116.145059,111.094300,5.050759
2020-12-24,1.15157201,7442.3200,115.088149,110.069230,5.018918
2020-12-25,1.15984390,7495.5500,115.914841,110.856483,5.058358
2020-12-28,1.15230497,7445.6300,115.161400,110.118184,5.043216
2020-12-29,1.14225306,7383.0500,114.156811,109.192648,4.964163
2020-12-30,1.14696489,7412.9100,114.627712,109.634267,4.993445
2020-12-31,1.15534148,7467.4900,115.464869,110.441486,5.023384
2021-01-04,1.15932036,7493.0200,115.862519,110.819065,5.043454
2021-01-05,1.16193805,7509.6200,116.124130,111.064573,5.059557
2021-01-06,1.16455573,7526.9700,116.385742,111.321173,5.064568
2021-01-07,1.15712151,7475.9100,115.642765,110.566014,5.076751
2021-01-08,1.16036744,7497.6900,115.967163,110.888133,5.079031
2021-01-11,1.14727901,7414.5200,114.659106,109.658078,5.001027
2021-01-12,1.15649326,7474.9900,115.579978,110.552408,5.027570
2021-01-13,1.15481794,7463.9100,115.412547,110.388539,5.024008
2021-01-14,1.15073435,7437.1300,115.004433,109.992472,5.011961
2021-01-15,1.15754034,7480.6900,115.684623,110.636709,5.047914
2021-01-18,1.16685929,7537.5000,116.615960,111.476908,5.139052
2021-01-19,1.17303703,7577.5400,117.233363,112.069085,5.164278
2021-01-20,1.17146642,7566.5200,117.076396,111.906104,5.170293
2021-01-21,1.17670179,7599.6900,117.599619,112.396676,5.202943
2021-01-22,1.16434632,7517.2300,116.364813,111.177122,5.187691
2021-01-25,1.14780255,7408.8000,114.711428,109.573482,5.137946
2021-01-26,1.14047303,7361.3500,113.978916,108.871713,5.107202
2021-01-27,1.14141540,7367.2500,114.073096,108.958972,5.114124
2021-01-28,1.12539516,7262.8900,112.472033,107.415525,5.056508
2021-01-29,1.11607620,7201.0400,111.540696,106.500786,5.039910
2021-02-01,1.12874580,7283.0700,112.806896,107.713980,5.092916
2021-02-02,1.13628473,7332.1900,113.560337,108.440447,5.119890
2021-02-03,1.12738460,7272.7400,112.670858,107.561203,5.109655
2021-02-04,1.11628562,7200.5300,111.561625,106.493243,5.068382
2021-02-05,1.12015979,7226.4400,111.948810,106.876443,5.072367
2021-02-08,1.13157290,7299.4600,113.089436,107.956382,5.133054
2021-02-09,1.14581311,7390.9100,114.512603,109.308895,5.203708
2021-02-10,1.15418970,7444.2100,115.349760,110.097183,5.252577
2021-02-18,1.18183245,7624.8700,118.112378,112.769079,5.343299
2021-02-19,1.20214569,7758.1100,120.142483,114.739651,5.402833
2021-02-22,1.21481529,7842.0200,121.408683,115.980649,5.428034
2021-02-23,1.20581045,7783.3200,120.508740,115.112497,5.396242
2021-02-24,1.19272202,7698.5000,119.200682,113.858040,5.342642
2021-02-25,1.20978933,7808.0900,120.906389,115.478837,5.427552
2021-02-26,1.18518309,7646.2800,118.447241,113.085725,5.361515
2021-03-01,1.20884696,7801.5800,120.812209,115.382556,5.429653
2021-03-02,1.19858564,7733.7900,119.786692,114.379967,5.406725
2021-03-03,1.22622839,7913.8300,122.549310,117.042693,5.506616
2021-03-04,1.21690943,7853.1200,121.617973,116.144814,5.473158
2021-03-05,1.20937050,7803.5100,120.864531,115.411100,5.453431
2021-03-08,1.19889976,7735.3000,119.818085,114.402299,5.415786
2021-03-09,1.18926668,7671.8100,118.855355,113.463305,5.392050
2021-03-10,1.18298423,7630.7200,118.227487,112.855598,5.371889
2021-03-11,1.21031287,7805.0000,120.958711,115.433137,5.525575
2021-03-12,1.22015536,7869.7000,121.942371,116.390026,5.552344
2021-03-15,1.22298246,7888.2700,122.224911,116.664670,5.560241
2021-03-16,1.23094023,7940.0800,123.020210,117.430921,5.589289
2021-03-17,1.22518132,7902.4500,122.444665,116.874387,5.570278
2021-03-18,1.22978844,7931.2000,122.905101,117.299589,5.605512
2021-03-19,1.21785180,7852.2400,121.712153,116.131799,5.580353
2021-03-22,1.23429086,7959.8000,123.355073,117.722573,5.632500
2021-03-23,1.21680473,7845.6900,121.607508,116.034927,5.572581
2021-03-24,1.19827152,7723.5800,119.755298,114.228964,5.526334
2021-03-25,1.19481617,7695.0200,119.409971,113.806572,5.603399
2021-03-26,1.20968462,7790.7600,120.895925,115.222532,5.673392
2021-03-29,1.22308717,7877.9500,122.235376,116.512041,5.723335
2021-03-30,1.22172597,7867.4600,122.099338,116.356898,5.742440
2021-03-31,1.21816592,7843.8300,121.743546,116.007418,5.736128
2021-04-01,1.22758959,7905.4300,122.685348,116.918460,5.766887
2021-04-02,1.22067890,7859.4900,121.994693,116.239024,5.755669
2021-04-06,1.22601898,7893.7100,122.528381,116.745126,5.783255
2021-04-07,1.23638501,7961.3900,123.564362,117.746089,5.818274
2021-04-08,1.23387203,7944.0000,123.313215,117.488897,5.824319
2021-04-09,1.23533794,7951.6300,123.459718,117.601742,5.857976
2021-04-12,1.22968374,7915.2400,122.894637,117.063547,5.831090
2021-04-13,1.21910829,7846.4400,121.837726,116.046019,5.791707
2021-04-14,1.22821783,7905.0500,122.748134,116.912840,5.835294
2021-04-15,1.22989315,7913.5500,122.915566,117.038552,5.877014
2021-04-16,1.24465689,8009.5200,124.391055,118.457914,5.933141
2021-04-19,1.25230054,8058.1400,125.154961,119.176986,5.977974
2021-04-20,1.25177700,8054.1600,125.102638,119.118123,5.984515
2021-04-21,1.25062522,8045.6800,124.987529,118.992707,5.994822
2021-04-22,1.25596529,8079.6200,125.521217,119.494668,6.026549
2021-04-23,1.25230054,8055.4900,125.154961,119.137794,6.017167
2021-04-26,1.24413336,7998.7400,124.338733,118.298482,6.040251
2021-04-27,1.24455219,8001.0300,124.380590,118.332350,6.048241
2021-04-28,1.25271936,8052.6600,125.196818,119.095939,6.100879
2021-04-29,1.25994418,8099.3400,125.918866,119.786319,6.132547
2021-04-30,1.25428998,8061.4800,125.353785,119.226384,6.127402
2021-05-06,1.27250906,8180.0600,127.174602,120.980139,6.194463
2021-05-07,1.27523146,8196.5500,127.446678,121.224020,6.222657
2021-05-10,1.28612103,8266.5600,128.534982,122.259443,6.275539
2021-05-11,1.27428909,8189.8500,127.352497,121.124930,6.227568
2021-05-12,1.28601632,8265.7100,128.524517,122.246872,6.277646
2021-05-13,1.27156670,8171.4400,127.080421,120.852652,6.227769
2021-05-14,1.28036212,8227.9700,127.959436,121.688711,6.270726
2021-05-17,1.27900092,8216.7100,127.823398,121.522179,6.301219
2021-05-18,1.28612103,8262.0600,128.534982,122.192889,6.342092
2021-05-19,1.28601632,8258.8000,128.524517,122.144675,6.379842
2021-05-20,1.26821606,8139.7500,126.745559,120.383969,6.361590
2021-05-21,1.27366085,8175.7200,127.289711,120.915952,6.373759
2021-05-24,1.28193273,8229.1300,128.116403,121.705867,6.410537
2021-05-25,1.29805767,8332.6100,129.727930,123.236299,6.491632
2021-05-26,1.30748134,8392.6600,130.669732,124.124416,6.545315
2021-05-27,1.31365907,8432.9300,131.287135,124.719995,6.567140
2021-05-28,1.31700971,8450.4500,131.621998,124.979110,6.642888
2021-05-31,1.32894635,8527.1800,132.814946,126.113919,6.701028
2021-06-01,1.33826531,8588.1800,133.746284,127.016087,6.730197
2021-06-02,1.33198287,8545.0000,133.118416,126.377470,6.740946
2021-06-03,1.33104050,8538.4100,133.024236,126.280006,6.744229
2021-06-04,1.32727104,8513.5800,132.647515,125.912780,6.734735
2021-06-07,1.32507218,8498.3600,132.427761,125.687681,6.740080
2021-06-08,1.31816149,8452.9900,131.737107,125.016675,6.720432
2021-06-09,1.32276862,8481.9900,132.197543,125.445575,6.751968
2021-06-10,1.32716633,8502.2400,132.637051,125.745065,6.891986
2021-06-11,1.32350157,8474.4800,132.270794,125.334505,6.936290
2021-06-15,1.31303083,8405.0300,131.224348,124.307364,6.916984
2021-06-16,1.29659177,8295.2200,129.581428,122.683314,6.898114
2021-06-17,1.29680118,8292.2400,129.602357,122.639241,6.963116
2021-06-18,1.29659177,8287.5000,129.581428,122.569138,7.012290
2021-06-21,1.30392128,8331.6300,130.313940,123.221805,7.092135
2021-06-22,1.32004622,8430.2000,131.925467,124.679619,7.245848
2021-06-23,1.33952180,8550.2000,133.871857,126.454376,7.417481
2021-06-24,1.33795119,8544.3300,133.714890,126.367561,7.347329
2021-06-25,1.34433834,8586.0200,134.353222,126.984141,7.369081
2021-06-28,1.33334406,8516.8000,133.254454,125.960402,7.294052
2021-06-29,1.33240170,8508.7300,133.160274,125.841050,7.319224
2021-06-30,1.33711353,8539.4000,133.631174,126.294648,7.336526
2021-07-01,1.33177345,8501.2200,133.097487,125.729980,7.367507
2021-07-02,1.32266391,8443.7200,132.187079,124.879575,7.307503
2021-07-05,1.32549101,8462.0600,132.469619,125.150817,7.318802
2021-07-06,1.32475806,8453.6900,132.396368,125.027028,7.369340
2021-07-07,1.32789928,8473.6600,132.710302,125.322377,7.387925
2021-07-08,1.30580602,8323.0800,130.502300,123.095353,7.406947
2021-07-09,1.31931327,8408.2700,131.852216,124.355283,7.496933
2021-07-12,1.32988872,8478.0900,132.909127,125.387895,7.521231
2021-07-13,1.34004534,8542.6200,133.924179,126.342271,7.581909
2021-07-14,1.33250641,8495.1200,133.170738,125.639763,7.530975
2021-07-15,1.34046417,8547.5700,133.966037,126.415479,7.550558
2021-07-16,1.34371010,8567.0300,134.290436,126.703286,7.587150
2021-07-19,1.34056888,8548.0900,133.976502,126.423170,7.553332
2021-07-20,1.33700882,8523.7700,133.620710,126.063486,7.557224
2021-07-21,1.33732295,8526.4000,133.652103,126.102383,7.549721
2021-07-22,1.35355259,8619.7400,135.274095,127.482848,7.791247
2021-07-23,1.33596175,8504.0900,133.516065,125.772426,7.743639
2021-07-26,1.30988961,8335.9300,130.910414,123.285400,7.625014
2021-07-27,1.27250906,8092.8200,127.174602,119.689891,7.484711
2021-07-28,1.25847827,8002.8400,125.772364,118.359119,7.413245
2021-07-29,1.27261377,8093.0800,127.185066,119.693736,7.491330
2021-07-30,1.28894813,8196.4700,128.817522,121.222837,7.594685
2021-08-02,1.29261289,8219.1000,129.183778,121.557527,7.626252
2021-08-03,1.27743031,8120.7500,127.666431,120.102965,7.563466
2021-08-04,1.29753413,8246.0700,129.675608,121.956403,7.719205
2021-08-05,1.28999520,8195.7700,128.922167,121.212484,7.709682
2021-08-06,1.29669647,8239.0900,129.591892,121.853171,7.738721
2021-08-09,1.31449673,8354.1000,131.370851,123.554128,7.816723
2021-08-10,1.31742854,8373.5000,131.663856,123.841047,7.822809
2021-08-11,1.33857944,8504.4200,133.777677,125.777306,8.000370
2021-08-12,1.35575145,8615.0400,135.493849,127.413336,8.080512
2021-08-13,1.35742677,8626.0600,135.661280,127.576318,8.084962
2021-08-16,1.35899738,8629.4000,135.818247,127.625716,8.192531
2021-08-17,1.33376289,8466.0500,133.296312,125.209828,8.086484
2021-08-18,1.34287244,8521.3700,134.206720,126.027991,8.178729
2021-08-19,1.33533351,8472.8000,133.453279,125.309658,8.143621
2021-08-20,1.33711353,8484.9000,133.631174,125.488613,8.142562
2021-08-23,1.35271493,8583.1200,135.190379,126.941251,8.249128
2021-08-24,1.36433746,8654.7600,136.351934,128.000781,8.351154
2021-08-25,1.38088123,8762.1200,138.005319,129.588597,8.416723
2021-08-26,1.38611660,8796.5800,138.528542,130.098248,8.430295
2021-08-27,1.39554026,8857.1100,139.470344,130.993464,8.476880
2021-08-30,1.40370744,8909.2900,140.286572,131.765188,8.521384
2021-08-31,1.43375846,9102.7400,143.289872,134.626244,8.663629
2021-09-01,1.42737131,9060.5600,142.651540,134.002417,8.649124
2021-09-02,1.45061636,9207.7700,144.974651,136.179599,8.795051
2021-09-03,1.44684689,9180.4000,144.597930,135.774807,8.823123
2021-09-06,1.46024944,9266.2200,145.937381,137.044054,8.893327
2021-09-07,1.48988163,9451.8700,148.898824,139.789750,9.109073
2021-09-08,1.50223711,9531.4200,150.133630,140.966266,9.167364
2021-09-09,1.53019398,9712.0700,152.927642,143.638015,9.289627
2021-09-10,1.50998545,9580.7000,150.908001,141.695100,9.212901
2021-09-13,1.53752350,9756.0200,153.660154,144.288019,9.372135
2021-09-14,1.51082311,9584.3600,150.991716,141.749230,9.242486
2021-09-15,1.51532553,9612.0200,151.441688,142.158311,9.283377
2021-09-16,1.49260402,9467.0700,149.170900,140.014553,9.156347
2021-09-17,1.46611305,9292.4800,146.523391,137.432430,9.090961
2021-09-22,1.48726395,9424.6200,148.637212,139.386733,9.250480
2021-09-23,1.48893927,9437.1000,148.804644,139.571308,9.233336
2021-09-24,1.44265859,9138.6800,144.179352,135.157783,9.021568
2021-09-27,1.40234624,8879.8900,140.150534,131.330372,8.820162
2021-09-28,1.42475363,9020.4200,142.389929,133.408760,8.981168
2021-09-29,1.37983415,8734.6000,137.900675,129.181586,8.719089
2021-09-30,1.40255566,8878.0500,140.171463,131.303160,8.868303
2021-10-08,1.40203212,8876.5200,140.119141,131.280531,8.838609
2021-10-11,1.40988518,8928.6200,140.903975,132.051072,8.852904
2021-10-12,1.38674484,8780.3700,138.591329,129.858508,8.732822
2021-10-13,1.37690234,8718.5800,137.607670,128.944656,8.663014
2021-10-14,1.37177168,8684.3500,137.094911,128.438406,8.656505
2021-10-15,1.37637881,8711.3000,137.555348,128.836987,8.718360
2021-10-18,1.39690146,8841.3600,139.606382,130.760528,8.845854
2021-10-19,1.40653454,8903.8400,140.569112,131.684584,8.884528
2021-10-20,1.39313199,8816.3300,139.229661,130.390343,8.839318
2021-10-21,1.40286978,8880.3400,140.202856,131.337028,8.865829
2021-10-22,1.37783408,8722.2800,137.700788,128.999377,8.701411
2021-10-25,1.37946685,8731.5100,137.863966,129.135886,8.728081
2021-10-26,1.37337120,8692.3700,137.254767,128.557019,8.697748
2021-10-27,1.35301609,8560.9800,135.220477,126.613808,8.606668
2021-10-28,1.32253785,8366.8600,132.174480,123.742844,8.431637
2021-10-29,1.32885120,8408.6400,132.805437,124.360755,8.444682
2021-11-01,1.33603536,8451.9500,133.523422,125.001294,8.522128
2021-11-02,1.30904035,8279.7500,130.825539,122.454518,8.371021
2021-11-03,1.32602108,8388.3700,132.522594,124.060969,8.461626
2021-11-04,1.32656533,8390.6200,132.576987,124.094245,8.482742
2021-11-05,1.30697218,8268.5200,130.618847,122.288431,8.330416
2021-11-08,1.31480944,8319.4500,131.402103,123.041667,8.360436
2021-11-09,1.32155819,8362.6400,132.076573,123.680431,8.396142
2021-11-10,1.32025198,8354.0300,131.946031,123.553093,8.392938
2021-11-11,1.33940973,8477.2200,133.860657,125.375028,8.485629
2021-11-12,1.33070167,8419.2900,132.990372,124.518264,8.472108
2021-11-15,1.33287868,8432.9000,133.207943,124.719551,8.488392
2021-11-16,1.32569453,8386.5400,132.489959,124.033904,8.456055
2021-11-17,1.33657961,8456.5400,133.577814,125.069179,8.508636
2021-11-18,1.33570880,8450.3300,133.490786,124.977335,8.513451
2021-11-19,1.35443115,8569.7400,135.361898,126.743366,8.618532
2021-11-22,1.35639047,8583.2900,135.557712,126.943765,8.613947
2021-11-23,1.36411888,8632.3100,136.330090,127.668753,8.661336
2021-11-24,1.37152073,8673.8800,137.069832,128.283559,8.786273
2021-11-25,1.36575164,8636.3300,136.493268,127.728208,8.765060
2021-11-26,1.35606391,8573.8600,135.525076,126.804299,8.720777
2021-11-29,1.34757355,8519.9700,134.676549,126.007285,8.669263
2021-11-30,1.35138333,8545.0900,135.057298,126.378801,8.678497
2021-12-01,1.36727555,8645.6500,136.645568,127.866047,8.779521
2021-12-02,1.37021452,8664.0300,136.939289,128.137881,8.801408
2021-12-03,1.37990225,8724.5500,137.907481,129.032950,8.874531
2021-12-06,1.36488083,8627.7700,136.406240,127.601609,8.804631
2021-12-07,1.37217384,8672.9600,137.135103,128.269952,8.865151
2021-12-08,1.37424201,8680.7700,137.341796,128.385459,8.956336
2021-12-09,1.37641902,8691.8500,137.559367,128.549329,9.010038
2021-12-10,1.36270382,8671.2100,136.188668,128.244070,7.944598
2021-12-13,1.36194186,8668.7100,136.112518,128.207096,7.905422
2021-12-14,1.34811780,8579.7800,134.730942,126.891854,7.839088
2021-12-15,1.35366920,8618.4000,135.285748,127.463030,7.822718
2021-12-16,1.37348005,8746.2600,137.265646,129.354033,7.911613
2021-12-17,1.36477198,8690.1400,136.395361,128.524038,7.871323
2021-12-20,1.35290724,8612.8900,135.209598,127.381539,7.828059
2021-12-21,1.37990225,8786.2700,137.907481,129.945766,7.961714
2021-12-22,1.37500396,8753.0100,137.417945,129.453863,7.964082
2021-12-23,1.38033765,8787.0000,137.950995,129.956563,7.994432
2021-12-24,1.37250039,8734.7400,137.167739,129.183656,7.984082
2021-12-27,1.38055536,8786.4200,137.972752,129.947985,8.024767
2021-12-28,1.37380660,8742.4600,137.298281,129.297832,8.000449
2021-12-29,1.36967027,8716.0500,136.884896,128.907238,7.977658
2021-12-30,1.37337120,8738.6200,137.254767,129.241040,8.013727
2021-12-31,1.38697756,8825.9400,138.614587,130.532471,8.082115
2022-01-04,1.40352289,8932.4200,140.268128,132.107272,8.160855
2022-01-05,1.39949540,8907.4400,139.865621,131.737827,8.127794
2022-01-06,1.40580875,8947.4300,140.496577,132.329265,8.167313
2022-01-07,1.40961853,8972.2800,140.877327,132.696787,8.180540
2022-01-10,1.42322489,9059.6000,142.237147,133.988219,8.248928
2022-01-11,1.42953824,9100.3800,142.868103,134.591340,8.276763
2022-01-12,1.42311604,9059.4100,142.226268,133.985409,8.240860
2022-01-13,1.41887086,9031.9300,141.802004,133.578989,8.223015
2022-01-14,1.39361746,8870.1200,139.278179,131.185878,8.092301
2022-01-17,1.39764494,8895.8400,139.680686,131.566267,8.114418
2022-01-18,1.41125130,8983.9600,141.040505,132.869530,8.170975
2022-01-19,1.42050362,9043.5200,141.965183,133.750401,8.214782
2022-01-20,1.41516993,9009.3000,141.432133,133.244300,8.187834
2022-01-21,1.40417599,8939.1500,140.333399,132.206806,8.126593
2022-01-24,1.39775379,8897.9200,139.691564,131.597030,8.094534
2022-01-25,1.34985942,8590.1800,134.904999,127.045666,7.859333
2022-01-26,1.35900289,8644.2600,135.818797,127.845490,7.973308
2022-01-27,1.34082479,8527.7700,134.002078,126.122645,7.879434
2022-01-28,1.33451145,8486.8600,133.371122,125.517600,7.853521
2022-02-07,1.36901717,8708.5500,136.819625,128.796316,8.023309
2022-02-08,1.39916885,8901.5500,139.832985,131.650716,8.182269
2022-02-09,1.40559105,8942.8800,140.474820,132.261972,8.212848
2022-02-10,1.42083017,9039.8900,141.997818,133.696715,8.301104
2022-02-11,1.41789120,9021.4400,141.704097,133.423846,8.280251
2022-02-14,1.39612103,8881.8500,139.528386,131.359360,8.169026
2022-02-15,1.39035193,8844.9000,138.951822,130.812883,8.138939
2022-02-16,1.40286978,8924.6600,140.202856,131.992505,8.210352
2022-02-17,1.39666528,8884.7300,139.582779,131.401954,8.180824
2022-02-18,1.42322489,9055.0800,142.237147,133.921369,8.315777
2022-02-21,1.43236836,9113.3200,143.150946,134.782718,8.368228
2022-02-22,1.42039477,9036.4700,141.954304,133.646134,8.308170
2022-02-23,1.41669384,9011.5200,141.584433,133.277133,8.307300
2022-02-24,1.38937227,8837.1100,138.853915,130.697672,8.156243
2022-02-25,1.38904572,8834.9100,138.821279,130.665134,8.156145
2022-02-28,1.39013423,8841.6000,138.930065,130.764077,8.165988
2022-03-01,1.40189012,8916.8700,140.104949,131.877293,8.227656
2022-03-02,1.41114245,8976.2900,141.029627,132.756094,8.273533
2022-03-03,1.42605501,9071.7700,142.519989,134.168208,8.351781
2022-03-04,1.41919741,9028.0800,141.834640,133.522049,8.312591
2022-03-07,1.40417599,8930.3300,140.333399,132.076362,8.257037
2022-03-08,1.35606391,8622.9700,135.525076,127.530618,7.994458
2022-03-09,1.33875663,8512.3900,133.795386,125.895180,7.900206
2022-03-10,1.35530196,8618.3400,135.448926,127.462142,7.986784
2022-03-11,1.36411888,8674.1600,136.330090,128.287700,8.042390
2022-03-14,1.33472915,8486.1300,133.392879,125.506804,7.886075
2022-03-15,1.25265560,7961.9100,125.190446,117.753779,7.436667
2022-03-16,1.28226304,8151.1000,128.149414,120.551831,7.597583
2022-03-17,1.30490401,8295.1500,130.412154,122.682279,7.729875
2022-03-18,1.33897433,8513.5500,133.817143,125.912336,7.904807
2022-03-21,1.34463457,8549.0500,134.382828,126.437368,7.945460
2022-03-22,1.36738440,8693.8500,136.656446,128.578908,8.077538
2022-03-23,1.37108533,8717.2700,137.026317,128.925281,8.101036
2022-03-24,1.36651360,8687.9400,136.569418,128.491501,8.077917
2022-03-25,1.36531624,8680.9100,136.449754,128.387530,8.062224
2022-03-28,1.38197042,8787.4300,138.114173,129.962922,8.151251
2022-03-29,1.37935800,8771.4100,137.853088,129.725992,8.127095
2022-03-30,1.39699183,8884.3700,139.615414,131.396630,8.218784
2022-03-31,1.41266636,8984.1400,141.181927,132.872192,8.309734
2022-04-01,1.42692582,9075.8600,142.607018,134.228698,8.378320
2022-04-06,1.45087301,9228.9100,145.000300,136.492252,8.508048
2022-04-07,1.42300719,9050.6100,142.215390,133.855260,8.360130
2022-04-08,1.43813746,9147.2000,143.727509,135.283791,8.443718
2022-04-11,1.40635301,8944.7000,140.550970,132.288889,8.262081
2022-04-12,1.40243438,8918.9700,140.159342,131.908352,8.250991
2022-04-13,1.39960425,8901.4400,139.876500,131.649089,8.227410
2022-04-14,1.43280376,9113.7400,143.194460,134.788930,8.405530
2022-04-15,1.42431340,9059.7200,142.345932,133.989993,8.355939
2022-04-18,1.40548220,8938.8700,140.463942,132.202665,8.261276
2022-04-19,1.42180983,9043.8400,142.095725,133.755134,8.340592
2022-04-20,1.38077306,8781.6900,137.994509,129.878030,8.116479
2022-04-21,1.34898861,8578.2600,134.817970,126.869373,7.948597
2022-04-22,1.36640474,8689.3200,136.558539,128.511911,8.046629
2022-04-25,1.29499859,8233.1300,129.422205,121.765025,7.657180
2022-04-26,1.27039829,8076.4900,126.963651,119.448376,7.515275
2022-04-27,1.28476661,8167.7900,128.399621,120.798670,7.600951
2022-04-28,1.30131194,8273.8200,130.053162,122.366816,7.686346
2022-04-29,1.33864778,8512.3500,133.784507,125.894588,7.889919
2022-05-05,1.34746470,8567.9400,134.665670,126.716744,7.948926
2022-05-06,1.31285013,8347.1700,131.206289,123.451636,7.754653
2022-05-09,1.31655105,8370.7800,131.576160,123.800819,7.775341
2022-05-10,1.31720416,8374.9000,131.641431,123.861752,7.779679
2022-05-11,1.31611565,8368.1300,131.532646,123.761627,7.771019
2022-05-12,1.31306783,8348.1700,131.228046,123.466425,7.761621
2022-05-13,1.34670274,8562.9700,134.589520,126.643240,7.946280
2022-05-16,1.36041795,8651.3700,135.960219,127.950644,8.009575
2022-05-17,1.35149218,8593.8700,135.068177,127.100240,7.967937
2022-05-18,1.34234871,8534.8200,134.154378,126.226912,7.927467
2022-05-19,1.34811780,8571.3600,134.730942,126.767325,7.963617
2022-05-20,1.36248611,8663.4300,136.166911,128.129007,8.037904
2022-05-23,1.36629589,8687.9100,136.547661,128.491057,8.056603
2022-05-24,1.33124592,8463.5800,133.044765,125.173298,7.871468
2022-05-25,1.35312494,8603.7800,135.231355,127.246805,7.984550
2022-05-26,1.36977912,8710.7500,136.895775,128.828853,8.066922
2022-05-27,1.36879946,8704.2400,136.797868,128.732572,8.065295
2022-05-30,1.36912602,8706.5500,136.830503,128.766736,8.063767
2022-05-31,1.36999682,8712.2600,136.917532,128.851185,8.066347
2022-06-01,1.37696328,8756.9000,137.613759,129.511395,8.102365
2022-06-02,1.36705785,8693.2800,136.623811,128.570478,8.053333
2022-06-06,1.37239154,8725.7700,137.156860,129.050993,8.105867
2022-06-07,1.37783408,8761.0400,137.700788,129.572624,8.128164
2022-06-08,1.38948113,8831.9700,138.864794,130.621653,8.243141
2022-06-09,1.38284122,8789.9000,138.201202,129.999453,8.201749
2022-06-10,1.39525022,8870.7500,139.441357,131.195195,8.246162
2022-06-13,1.37837834,8762.7900,137.755181,129.598506,8.156675
2022-06-14,1.39775379,8886.5900,139.691564,131.429463,8.262101
2022-06-15,1.39742724,8884.6300,139.658928,131.400475,8.258453
2022-06-16,1.37805179,8760.0900,137.722545,129.558574,8.163971
2022-06-17,1.37848719,8761.3200,137.766059,129.576765,8.189294
2022-06-20,1.37260924,8723.5900,137.178617,129.018752,8.159865
2022-06-21,1.37489511,8738.3300,137.407067,129.236751,8.170316
2022-06-22,1.35704357,8622.2900,135.622983,127.520561,8.102422
2022-06-23,1.37587477,8742.6200,137.504974,129.300199,8.204775
2022-06-24,1.37533051,8738.7300,137.450581,129.242667,8.207914
2022-06-27,1.38763066,8817.8900,138.679858,130.413415,8.266443
2022-06-28,1.40003966,8897.0100,139.920014,131.583571,8.336443
2022-06-29,1.39568562,8865.6000,139.484871,131.119028,8.365843
2022-06-30,1.40156357,8903.1900,140.072314,131.674971,8.397343
2022-07-01,1.40689726,8937.1400,140.605363,132.177079,8.428284
2022-07-04,1.41179555,8968.2900,141.094898,132.637777,8.457121
2022-07-05,1.41386372,8981.2100,141.301591,132.828859,8.472732
2022-07-06,1.38730411,8811.0100,138.647223,130.311662,8.335560
2022-07-07,1.39786264,8879.0000,139.702443,131.317210,8.385233
2022-07-08,1.39982196,8890.5200,139.898257,131.487586,8.410670
2022-07-11,1.38262352,8780.2200,138.179445,129.856289,8.323155
2022-07-12,1.38512709,8796.3600,138.429651,130.094994,8.334657
2022-07-13,1.38741296,8810.9500,138.658101,130.310775,8.347326
2022-07-14,1.37228269,8714.6000,137.145982,128.885793,8.260189
2022-07-15,1.34474343,8537.7900,134.393706,126.270837,8.122870
2022-07-18,1.37805179,8751.4000,137.722545,129.430052,8.292493
2022-07-19,1.38338548,8785.6100,138.255594,129.936005,8.319589
2022-07-20,1.38806606,8815.4700,138.723372,130.377624,8.345749
2022-07-21,1.36977912,8697.8800,136.895775,128.638510,8.257265
2022-07-22,1.36379232,8658.9600,136.297454,128.062897,8.234557
2022-07-25,1.36248611,8651.0400,136.166911,127.945763,8.221148
2022-07-26,1.38251467,8778.8000,138.168566,129.835288,8.333278
2022-07-27,1.38371203,8786.7000,138.288230,129.952126,8.336104
2022-07-28,1.39100504,8833.0000,139.017093,130.636886,8.380207
2022-07-29,1.38001110,8760.5100,137.918359,129.564785,8.353574
2022-08-01,1.38447399,8789.2800,138.364380,129.990283,8.374097
2022-08-02,1.34572308,8541.6800,134.491613,126.328368,8.163245
2022-08-03,1.32830695,8430.1300,132.751044,124.678584,8.072460
2022-08-04,1.33570880,8476.7200,133.490786,125.367633,8.123153
2022-08-05,1.34604964,8542.9700,134.524249,126.347447,8.176802
2022-08-08,1.36727555,8678.4700,136.645568,128.351443,8.294125
2022-08-09,1.37021452,8697.0300,136.939289,128.625939,8.313350
2022-08-10,1.36433658,8659.5700,136.351847,128.071919,8.279928
2022-08-11,1.38142616,8768.3900,138.059780,129.681328,8.378453
2022-08-12,1.39078734,8828.2800,138.995336,130.567079,8.428257
2022-08-15,1.39427056,8850.5300,139.343450,130.896149,8.447302
2022-08-16,1.40189012,8898.7100,140.104949,131.608713,8.496236
2022-08-17,1.40635301,8927.1100,140.550970,132.028739,8.522231
2022-08-18,1.39459712,8851.0300,139.376086,130.903543,8.472542
2022-08-19,1.40515565,8918.1100,140.431306,131.895632,8.535674
2022-08-22,1.41778235,8996.3400,141.693219,133.052626,8.640593
2022-08-23,1.42453110,9040.3500,142.367689,133.703518,8.664171
2022-08-24,1.39916885,8877.9700,139.832985,131.301976,8.531009
2022-08-25,1.42453110,9040.2200,142.367689,133.701595,8.666094
2022-08-26,1.41854430,9000.3000,141.769369,133.111193,8.658176
2022-08-29,1.42953824,9070.9100,142.868103,134.155489,8.712614
2022-08-30,1.42115672,9017.4800,142.030454,133.365279,8.665175
2022-08-31,1.40689726,8926.1800,140.605363,132.014985,8.590378
2022-09-01,1.41614958,8985.7100,141.530040,132.895412,8.634628
2022-09-02,1.41549648,8980.5300,141.464769,132.818802,8.645967
2022-09-05,1.43661354,9115.4300,143.575209,134.813924,8.761285
2022-09-06,1.46066958,9268.5000,145.979371,137.077774,8.901596
2022-09-07,1.45653325,9242.4400,145.565985,136.692356,8.873629
2022-09-08,1.45130841,9209.2100,145.043815,136.200897,8.842918
2022-09-09,1.46654753,9306.1200,146.566813,137.634161,8.932652
2022-09-13,1.45675095,9243.3500,145.587743,136.705815,8.881928
2022-09-14,1.44477736,9166.6800,144.391101,135.571893,8.819208
2022-09-15,1.44216494,9149.6800,144.130016,135.320469,8.809546
2022-09-16,1.39764494,8866.1200,139.680686,131.126719,8.553966
2022-09-19,1.39829804,8871.1700,139.745957,131.201407,8.544550
2022-09-20,1.39960425,8879.4000,139.876500,131.323126,8.553374
2022-09-21,1.41081589,8951.1300,140.996991,132.383986,8.613005
2022-09-22,1.40929198,8941.2000,140.844691,132.237125,8.607566
2022-09-23,1.39437941,8846.9900,139.354329,130.843793,8.510535
2022-09-26,1.36934372,8687.0300,136.852260,128.478043,8.374218
2022-09-27,1.38556249,8790.2100,138.473166,130.004038,8.469128
2022-09-28,1.36858176,8681.9500,136.776111,128.402911,8.373199
2022-09-29,1.36215956,8640.8500,136.134276,127.795057,8.339219
2022-09-30,1.36988797,8690.3400,136.906653,128.526996,8.379657
2022-10-10,1.36618704,8665.4100,136.536782,128.158291,8.378492
2022-10-11,1.36629589,8666.5600,136.547661,128.175299,8.372362
2022-10-12,1.38545364,8787.9100,138.462287,129.970021,8.492266
2022-10-13,1.37293580,8708.0100,137.211253,128.788329,8.422924
2022-10-14,1.38871917,8808.3500,138.788644,130.272322,8.516322
2022-10-17,1.38915457,8810.8400,138.832158,130.309148,8.523010
2022-10-18,1.39067848,8820.4900,138.984458,130.451868,8.532590
2022-10-19,1.37957570,8749.8600,137.874845,129.407276,8.467569
2022-10-20,1.36705785,8667.3100,136.623811,128.186391,8.437420
2022-10-21,1.37348005,8708.3200,137.265646,128.792914,8.472732
2022-10-24,1.34430802,8519.8800,134.350192,126.005954,8.344238
2022-10-25,1.33897433,8485.3500,133.817143,125.495268,8.321875
2022-10-26,1.33570055,8464.2700,133.489961,125.183502,8.306459
2022-10-27,1.33931300,8487.0100,133.850989,125.519819,8.331170
2022-10-28,1.30409168,8262.6900,130.330970,122.202207,8.128763
2022-10-31,1.28546503,8143.4000,128.469421,120.437951,8.031470
2022-11-01,1.30251124,8250.7600,130.173020,122.025767,8.147254
2022-11-02,1.31865434,8353.2000,131.786362,123.540817,8.245545
2022-11-03,1.31165524,8308.2200,131.086871,122.875579,8.211292
2022-11-04,1.33863566,8479.9600,133.783296,125.415552,8.367744
2022-11-07,1.34834410,8541.3300,134.753558,126.323192,8.430366
2022-11-08,1.34981166,8550.4200,134.900226,126.457630,8.442596
2022-11-09,1.35127921,8559.7300,135.046893,126.595321,8.451572
2022-11-10,1.35082766,8556.5800,135.001765,126.548734,8.453031
2022-11-11,1.38074319,8746.7900,137.991525,129.361871,8.629653
2022-11-14,1.38469430,8772.1600,138.386399,129.737085,8.649314
2022-11-15,1.39824096,8857.2100,139.740252,130.994943,8.745309
2022-11-16,1.39316097,8824.8200,139.232557,130.515907,8.716650
2022-11-17,1.38774230,8789.9400,138.691016,130.000044,8.690971
2022-11-18,1.37859831,8732.2500,137.777164,129.146830,8.630334
2022-11-21,1.37938853,8736.9200,137.856139,129.215898,8.640242
2022-11-22,1.38085608,8745.8900,138.002807,129.348561,8.654246
2022-11-23,1.38401697,8766.5700,138.318706,129.654410,8.664295
2022-11-24,1.39395119,8829.4200,139.311532,130.583939,8.727592
2022-11-25,1.41122318,8939.4600,141.037695,132.211391,8.826304
2022-11-28,1.40512718,8901.5600,140.428461,131.650864,8.777597
2022-11-29,1.44531560,9157.2700,144.444893,135.432723,9.012171
2022-11-30,1.44260627,9140.1800,144.174123,135.179968,8.994155
2022-12-01,1.43504272,9092.9100,143.418221,134.480861,8.937359
2022-12-02,1.43041428,9063.7200,142.955654,134.049152,8.906502
2022-12-05,1.45129871,9195.6800,145.042845,136.000793,9.042052
2022-12-06,1.44429960,9150.0300,144.343354,135.325646,9.017709
2022-12-07,1.43605872,9097.1600,143.519760,134.543717,8.976043
2022-12-08,1.43967116,9116.3700,143.880788,134.827826,9.052961
2022-12-09,1.43549427,9196.4100,143.463349,136.011589,7.451760
2022-12-12,1.41427118,9064.8500,141.342312,134.065864,7.276448
2022-12-13,1.42081873,9107.2300,141.996675,134.692649,7.304026
2022-12-14,1.41540006,9072.6900,141.455133,134.181815,7.273318
2022-12-15,1.40117607,8980.5100,140.033587,132.818506,7.215081
2022-12-16,1.41573873,9074.6400,141.488980,134.210655,7.278325
2022-12-19,1.38695208,8888.2500,138.612041,131.454014,7.158027
2022-12-20,1.37306675,8798.6400,137.224341,130.128714,7.095627
2022-12-21,1.37374409,8802.5100,137.292034,130.185950,7.106083
2022-12-22,1.36414854,8740.5200,136.333054,129.269140,7.063914
2022-12-23,1.36256809,8729.5100,136.175104,129.106306,7.068798
2022-12-26,1.35918143,8708.0100,135.836641,128.788329,7.048312
2022-12-27,1.37351831,8798.6000,137.269469,130.128123,7.141347
2022-12-28,1.37566320,8813.2100,137.483829,130.344199,7.139630
2022-12-29,1.36347120,8734.4800,136.265361,129.179811,7.085550
2022-12-30,1.37272809,8793.5100,137.190495,130.052843,7.137651
2023-01-03,1.38153342,8850.5000,138.070499,130.895705,7.174794
2023-01-04,1.39237074,8920.3500,139.153582,131.928761,7.224821
2023-01-05,1.39620896,8944.6200,139.537174,132.287706,7.249468
2023-01-06,1.39327385,8926.0600,139.243839,132.013210,7.230629
2023-01-09,1.39248363,8921.0600,139.164864,131.939262,7.225602
2023-01-10,1.38458141,8870.5200,138.375116,131.191794,7.183323
2023-01-11,1.39203208,8918.4500,139.119736,131.900661,7.219075
2023-01-12,1.38661341,8883.9800,138.578194,131.390862,7.187332
2023-01-13,1.39846674,8960.2200,139.762816,132.518424,7.244392
2023-01-16,1.40388540,8994.7000,140.304358,133.028371,7.275987
2023-01-17,1.40174052,8981.1300,140.089998,132.827676,7.262322
2023-01-18,1.40332096,8991.4100,140.247947,132.979713,7.268234
2023-01-19,1.40896540,9027.7200,140.812053,133.516725,7.295328
2023-01-20,1.42273784,9116.3000,142.188471,134.826791,7.361679
2023-01-30,1.41765784,9083.7800,141.680776,134.345832,7.334943
2023-01-31,1.42070584,9103.8700,141.985393,134.642956,7.342437
2023-02-01,1.42510850,9131.8900,142.425395,135.057362,7.368033
2023-02-02,1.42747917,9146.7700,142.662319,135.277431,7.384888
2023-02-03,1.41494851,9065.7200,141.410005,134.078731,7.331274
2023-02-06,1.40693340,9014.7600,140.608975,133.325051,7.283924
2023-02-07,1.41449695,9062.8500,141.364876,134.036285,7.328591
2023-02-08,1.40817518,9022.4300,140.733078,133.438488,7.294590
2023-02-09,1.41923828,9089.0700,141.838725,134.424069,7.414656
2023-02-10,1.41991562,9093.1900,141.906418,134.485003,7.421415
2023-02-13,1.42488272,9125.5700,142.402831,134.963891,7.438940
2023-02-14,1.43222050,9172.5500,143.136168,135.658708,7.477460
2023-02-15,1.42341517,9116.1800,142.256163,134.825016,7.431147
2023-02-16,1.41133607,9037.9600,141.048977,133.668171,7.380806
2023-02-17,1.41302940,9049.4600,141.218209,133.838252,7.379957
2023-02-20,1.44463827,9252.1000,144.377201,136.835224,7.541976
2023-02-21,1.46089426,9356.4300,146.001825,138.378227,7.623598
2023-02-22,1.46168448,9361.9900,146.080800,138.460458,7.620342
2023-02-23,1.46371648,9374.6500,146.283878,138.647695,7.636183
2023-02-24,1.45773337,9336.5700,145.685926,138.084505,7.601421
2023-02-27,1.45626582,9326.8400,145.539258,137.940602,7.598656
2023-02-28,1.46270048,9368.2100,146.182339,138.552449,7.629889
2023-03-01,1.47263470,9431.6600,147.175165,139.490852,7.684313
2023-03-02,1.47918225,9473.6500,147.829527,140.111869,7.717658
2023-03-03,1.48550402,9514.6100,148.461325,140.717652,7.743673
2023-03-06,1.47861780,9470.0600,147.773117,140.058774,7.714343
2023-03-07,1.46981248,9413.4700,146.893112,139.221828,7.671283
2023-03-08,1.46868359,9406.0800,146.780291,139.112533,7.667758
2023-03-09,1.46416803,9375.9900,146.329006,138.667513,7.661493
2023-03-10,1.43809072,9208.7000,143.722838,136.193354,7.529484
2023-03-13,1.45547560,9320.1900,145.460283,137.842251,7.618033
2023-03-14,1.44339649,9243.0800,144.253097,136.701822,7.551276
2023-03-15,1.46078137,9354.8000,145.990543,138.354120,7.636423
2023-03-16,1.44734760,9268.0400,144.647971,137.070971,7.577000
2023-03-17,1.45592715,9323.2500,145.505412,137.887507,7.617905
2023-03-20,1.44904093,9279.2400,144.817203,137.236615,7.580588
2023-03-21,1.44881516,9277.8600,144.794639,137.216205,7.578433
2023-03-22,1.45558848,9321.6500,145.471566,137.863844,7.607722
2023-03-23,1.45660448,9329.3800,145.573105,137.978168,7.594937
2023-03-24,1.44475116,9253.3100,144.388483,136.853120,7.535363
2023-03-27,1.43312361,9178.2100,143.226425,135.742418,7.484007
2023-03-28,1.43357516,9181.5100,143.271553,135.791224,7.480330
2023-03-29,1.42951117,9154.9400,142.865397,135.398263,7.467135
2023-03-30,1.43842938,9212.3300,143.756684,136.247040,7.509644
2023-03-31,1.44328360,9243.0900,144.241815,136.701970,7.539846
2023-04-03,1.44983115,9285.0300,144.896178,137.322247,7.573931
2023-04-04,1.45502404,9318.2800,145.415155,137.814003,7.601152
2023-04-06,1.44599293,9260.1500,144.512586,136.954281,7.558305
2023-04-07,1.45152449,9295.7800,145.065409,137.481236,7.584174
2023-04-10,1.45287915,9298.4800,145.200795,137.521168,7.679627
2023-04-11,1.46213604,9358.1600,146.125928,138.403813,7.722115
2023-04-12,1.47658581,9450.9200,147.570039,139.775700,7.794338
2023-04-13,1.47681158,9452.6800,147.592603,139.801730,7.790873
2023-04-14,1.47511825,9441.5700,147.423371,139.637417,7.785954
2023-04-17,1.49532535,9571.4500,149.442869,141.558296,7.884574
2023-04-18,1.50074401,9606.8100,149.984411,142.081257,7.903153
2023-04-19,1.49950224,9598.5600,149.860307,141.959243,7.901065
2023-04-20,1.50198579,9613.9100,150.108514,142.186264,7.922250
2023-04-21,1.48414936,9498.3400,148.325940,140.477025,7.848915
2023-04-24,1.48302047,9491.2900,148.213119,140.372758,7.840361
2023-04-25,1.48776180,9522.1400,148.686968,140.829018,7.857949
2023-04-26,1.49148713,9545.7800,149.059277,141.178646,7.880632
2023-04-27,1.49543824,9571.3400,149.454151,141.556669,7.897483
2023-04-28,1.51225867,9679.2800,151.135186,143.153062,7.982124
2023-05-04,1.54251288,9873.9300,154.158793,146.031866,8.126927
2023-05-05,1.54646399,9899.0900,154.553666,146.403973,8.149693
2023-05-08,1.58021775,10116.4000,157.927018,149.617910,8.309109
2023-05-09,1.56791286,10036.9400,156.697268,148.442725,8.254543
2023-05-10,1.53878755,9850.0600,153.786483,145.678837,8.107646
2023-05-11,1.53811021,9845.1400,153.718790,145.606072,8.112718
2023-05-12,1.52896622,9786.5300,152.804939,144.739251,8.065688
2023-05-15,1.52885333,9785.5000,152.793657,144.724018,8.069639
2023-05-16,1.51812889,9716.9400,151.721856,143.710040,8.011816
2023-05-17,1.51112979,9671.6500,151.022365,143.040217,7.982148
2023-05-18,1.52027378,9729.8500,151.936216,143.900974,8.035242
2023-05-19,1.50209868,9611.6500,150.119796,142.152839,7.966957
2023-05-22,1.50209868,9612.2200,150.119796,142.161269,7.958527
2023-05-23,1.48324625,9490.8400,148.235683,140.366103,7.869580
2023-05-24,1.46224892,9355.5000,146.137210,138.364473,7.772737
2023-05-25,1.45558848,9312.8700,145.471566,137.733991,7.737575
2023-05-26,1.46811914,9393.4700,146.723880,138.926036,7.797845
2023-05-29,1.47997247,9469.8500,147.908502,140.055668,7.852834
2023-05-30,1.47952091,9466.8100,147.863373,140.010708,7.852666
2023-05-31,1.46789337,9392.0100,146.701316,138.904443,7.796873
2023-06-01,1.46292626,9359.9300,146.204903,138.429991,7.774912
2023-06-02,1.47195736,9417.7400,147.107472,139.284980,7.822492
2023-06-05,1.47963380,9467.0300,147.874656,140.013961,7.860694
2023-06-06,1.46890937,9398.0000,146.802855,138.993033,7.809822
2023-06-07,1.48019825,9470.6300,147.931066,140.067204,7.863862
2023-06-08,1.49566402,9570.1100,149.476716,141.538477,7.938238
2023-06-09,1.49295468,9552.8500,149.205945,141.283208,7.922737
2023-06-12,1.48460091,9499.6900,148.371069,140.496991,7.874078
2023-06-13,1.48211736,9483.5700,148.122862,140.258582,7.864280
2023-06-14,1.47568269,9442.2100,147.479782,139.646883,7.832899
2023-06-15,1.47906936,9464.1300,147.818245,139.971071,7.847174
2023-06-16,1.47500536,9437.8700,147.412089,139.582696,7.829393
2023-06-19,1.45773337,9326.4900,145.685926,137.935425,7.750500
2023-06-20,1.44689605,9257.2500,144.602843,136.911391,7.691452
2023-06-21,1.43617161,9188.5300,143.531042,135.895047,7.635995
2023-06-26,1.41833517,9073.5100,141.748468,134.193942,7.554526
2023-06-27,1.44294494,9231.3700,144.207969,136.528635,7.679334
2023-06-28,1.45242760,9292.6100,145.155666,137.434352,7.721314
2023-06-29,1.45016982,9277.8700,144.930024,137.216353,7.713671
2023-06-30,1.45547560,9311.9500,145.460283,137.720384,7.739899
2023-07-03,1.47071559,9410.0000,146.983369,139.170508,7.812860
2023-07-04,1.46360359,9363.7600,146.272596,138.486635,7.785960
2023-07-05,1.46179737,9352.2100,146.092082,138.315815,7.776267
2023-07-06,1.45592715,9314.4900,145.505412,137.757950,7.747462
2023-07-07,1.46157159,9350.6700,146.069517,138.293039,7.776479
2023-07-10,1.46755470,9389.0400,146.667469,138.860517,7.806952
2023-07-11,1.47037692,9407.3700,146.949522,139.131612,7.817911
2023-07-12,1.46303915,9359.4200,146.216185,138.422448,7.793737
2023-07-13,1.47873069,9459.9200,147.784399,139.908807,7.875592
2023-07-14,1.48110136,9475.3000,148.021323,140.136272,7.885051
2023-07-17,1.47319914,9423.9500,147.231575,139.376824,7.854751
2023-07-18,1.47319914,9424.2100,147.231575,139.380669,7.850906
2023-07-19,1.48098847,9475.1200,148.010041,140.133610,7.876431
2023-07-20,1.47602136,9442.7300,147.513628,139.654573,7.859055
2023-07-21,1.47703736,9449.1000,147.615167,139.748783,7.866384
2023-07-24,1.47748892,9452.1300,147.660295,139.793596,7.866700
2023-07-25,1.50209868,9610.0900,150.119796,142.129767,7.990029
2023-07-26,1.50559823,9632.6400,150.469542,142.463274,8.006268
2023-07-27,1.50717868,9642.8600,150.627491,142.614424,8.013067
2023-07-28,1.53472355,9819.6000,153.380327,145.228345,8.151982
2023-07-31,1.54646399,9895.1600,154.553666,146.345850,8.207817
2023-08-01,1.54793154,9904.1700,154.700334,146.479104,8.221230
2023-08-02,1.53382044,9813.8700,153.290070,145.143600,8.146470
2023-08-03,1.54251288,9867.8400,154.158793,145.941797,8.216996
2023-08-04,1.53822310,9840.5700,153.730072,145.538483,8.191589
2023-08-07,1.52478933,9754.7000,152.387501,144.268497,8.119004
2023-08-08,1.52275733,9741.1000,152.184423,144.067358,8.117065
2023-08-09,1.51666134,9701.3700,151.575189,143.479766,8.095423
2023-08-10,1.52287022,9740.9800,152.195705,144.065583,8.130122
2023-08-11,1.49950224,9590.8100,149.860307,141.844623,8.015684
2023-08-14,1.49871201,9585.7500,149.781333,141.769787,8.011545
2023-08-15,1.50887201,9649.3400,150.796723,142.710261,8.086462
2023-08-16,1.50819468,9644.5800,150.729030,142.639862,8.089168
2023-08-17,1.50842045,9645.4600,150.751594,142.652877,8.098718
2023-08-18,1.50198579,9603.5500,150.108514,142.033043,8.075471
2023-08-21,1.48640713,9503.4500,148.551582,140.552600,7.998982
2023-08-22,1.49814757,9579.3200,149.724922,141.674690,8.050232
2023-08-23,1.49397068,9552.7500,149.307484,141.281729,8.025755
2023-08-24,1.48697158,9507.5600,148.607993,140.613386,7.994607
2023-08-25,1.49047113,9530.0600,148.957738,140.946152,8.011586
2023-08-28,1.51101690,9661.7000,151.011083,142.893061,8.118022
2023-08-29,1.51395201,9680.1600,151.304418,143.166077,8.138341
2023-08-30,1.50300179,9609.7900,150.210053,142.125330,8.084723
2023-08-31,1.48753602,9510.7000,148.664403,140.659825,8.004579
2023-09-01,1.50334046,9612.2100,150.243899,142.161121,8.082778
2023-09-04,1.52659555,9761.1300,152.568015,144.363594,8.204420
2023-09-05,1.51485512,9685.2200,151.394675,143.240913,8.153762
2023-09-06,1.51462934,9683.2200,151.372111,143.211334,8.160777
2023-09-07,1.50661423,9632.3000,150.571081,142.458245,8.112835
2023-09-08,1.49690579,9569.3200,149.600819,141.526794,8.074025
2023-09-11,1.50819468,9641.8800,150.729030,142.599930,8.129100
2023-09-12,1.50627557,9629.4500,150.537234,142.416095,8.121140
2023-09-13,1.51045245,9656.2000,150.954672,142.811718,8.142955
2023-09-14,1.52557955,9752.9100,152.466476,144.242024,8.224452
2023-09-15,1.52309600,9736.6500,152.218269,144.001544,8.216725
2023-09-18,1.52478933,9747.4500,152.387501,144.161272,8.226229
2023-09-19,1.53494933,9812.6700,153.402891,145.125852,8.277039
2023-09-20,1.53698133,9825.7300,153.605969,145.319005,8.286964
2023-09-21,1.52693422,9761.7200,152.601861,144.372320,8.229541
2023-09-22,1.53348177,9803.5000,153.256223,144.990231,8.265992
2023-09-25,1.53043377,9783.9200,152.951606,144.700650,8.250956
2023-09-26,1.52354756,9739.7000,152.263398,144.046652,8.216745
2023-09-27,1.51835467,9706.1400,151.744420,143.550312,8.194108
2023-09-28,1.51858045,9707.8600,151.766985,143.575750,8.191234
2023-10-09,1.51316178,9673.2300,151.225443,143.063585,8.161858
2023-10-10,1.49814757,9577.1400,149.724922,141.642449,8.082473
2023-10-11,1.49351913,9547.3500,149.262355,141.201865,8.060490
2023-10-12,1.50864623,9643.9900,150.774159,142.631136,8.143023
2023-10-13,1.50672712,9631.8400,150.582363,142.451442,8.130921
2023-10-16,1.50988801,9652.5200,150.898262,142.757292,8.140970
2023-10-17,1.51282312,9671.2900,151.191597,143.034893,8.156704
2023-10-18,1.49882490,9582.1400,149.792615,141.716397,8.076218
2023-10-19,1.47398936,9422.3900,147.310550,139.353752,7.956798
2023-10-20,1.46631292,9373.8000,146.543366,138.635123,7.908243
2023-10-23,1.44678316,9248.2700,144.591561,136.778580,7.812981
2023-10-24,1.45716893,9318.6300,145.629515,137.819179,7.810336
2023-10-25,1.47009466,9401.7200,146.921313,139.048050,7.873263
2023-10-26,1.47709116,9446.8500,147.620544,139.715506,7.905037
2023-10-27,1.48313898,9484.9900,148.224963,140.279583,7.945380
2023-10-30,1.46784155,9387.5400,146.696138,138.838333,7.857805
2023-10-31,1.47068758,9404.8900,146.980570,139.094933,7.885637
2023-11-01,1.46879023,9393.6900,146.790948,138.929289,7.861659
2023-11-02,1.47104334,9409.2200,147.016124,139.158972,7.857152
2023-11-03,1.46416543,9365.1800,146.328745,138.507637,7.821109
2023-11-06,1.46179373,9350.3200,146.091718,138.287863,7.803856
2023-11-07,1.46120081,9345.8100,146.032461,138.221161,7.811300
2023-11-08,1.45942204,9335.4200,145.854691,138.067497,7.787194
2023-11-09,1.46890881,9396.6800,146.802800,138.973510,7.829289
2023-11-10,1.46345392,9362.6500,146.257637,138.470219,7.787418
2023-11-13,1.46594420,9379.3900,146.506516,138.717797,7.788718
2023-11-14,1.46380967,9366.5000,146.293191,138.527159,7.766032
2023-11-15,1.47092475,9412.1200,147.004273,139.201862,7.802411
2023-11-16,1.46902740,9400.3900,146.814651,139.028380,7.786271
2023-11-17,1.46523269,9376.1000,146.435408,138.669139,7.766268
2023-11-20,1.46890881,9399.7500,146.802800,139.018914,7.783885
2023-11-21,1.47424513,9434.5800,147.336111,139.534038,7.802073
2023-11-22,1.46985749,9405.9300,146.897611,139.110314,7.787296
2023-11-23,1.48124162,9479.5900,148.035341,140.199719,7.835622
2023-11-24,1.48207172,9485.4700,148.118301,140.286682,7.831618
2023-11-27,1.47815842,9460.4100,147.727206,139.916054,7.811152
2023-11-28,1.47803984,9459.7000,147.715354,139.905553,7.809801
2023-11-29,1.46784155,9393.3700,146.696138,138.924557,7.771581
2023-11-30,1.47258494,9424.3900,147.170192,139.383331,7.786861
2023-12-01,1.47709116,9452.6400,147.620544,139.801139,7.819405
2023-12-04,1.47732833,9453.6100,147.644246,139.815484,7.828762
2023-12-05,1.45835478,9331.6300,145.748029,138.011444,7.736584
2023-12-06,1.45776185,9327.6300,145.688772,137.952286,7.736486
2023-12-07,1.45942204,9341.7400,145.854691,138.160967,7.693723
2023-12-08,1.45467865,9339.9800,145.380637,138.134938,7.245699
2023-12-11,1.47151768,9482.8800,147.063530,140.248377,6.815152
2023-12-12,1.48254606,9555.0700,148.165706,141.316041,6.849665
2023-12-13,1.47033183,9476.1400,146.945016,140.148695,6.796321
2023-12-14,1.46902740,9467.5000,146.814651,140.020913,6.793739
2023-12-15,1.46037072,9411.6100,145.949502,139.194320,6.755182
2023-12-18,1.45705034,9390.5800,145.617664,138.883293,6.734370
2023-12-19,1.45456006,9374.2100,145.368785,138.641187,6.727598
2023-12-20,1.44803791,9332.2500,144.716960,138.020614,6.696347
2023-12-21,1.44661489,9322.9600,144.574744,137.883218,6.691526
2023-12-22,1.44341310,9301.5300,144.254757,137.566276,6.688481
2023-12-25,1.44566621,9316.1000,144.479933,137.781761,6.698172
2023-12-26,1.43724670,9261.1700,143.638487,136.969366,6.669120
2023-12-27,1.44554763,9314.3600,144.468082,137.756027,6.712055
2023-12-28,1.44365027,9302.4300,144.278460,137.579587,6.698873
2023-12-29,1.45123969,9351.1100,145.036947,138.299546,6.737401
2024-01-02,1.46618137,9447.6900,146.530218,139.727930,6.802289
2024-01-03,1.48171596,9547.7700,148.082747,141.208077,6.874670
2024-01-04,1.48800095,9589.1200,148.710869,141.819629,6.891240
2024-01-05,1.48894963,9594.9300,148.805680,141.905556,6.900123
2024-01-08,1.47341503,9494.7800,147.253151,140.424374,6.828778
2024-01-09,1.48171596,9548.1900,148.082747,141.214289,6.868458
2024-01-10,1.47353362,9495.7200,147.265003,140.438276,6.826727
2024-01-11,1.46606278,9446.9100,146.518367,139.716394,6.801973
2024-01-12,1.46950174,9469.1800,146.862057,140.045759,6.816297
2024-01-15,1.47673541,9516.4100,147.584990,140.744274,6.840716
2024-01-16,1.48183455,9549.5900,148.094598,141.234994,6.859604
2024-01-17,1.46120081,9415.9100,146.032461,139.257915,6.774546
2024-01-18,1.45171403,9354.1900,145.084353,138.345098,6.739254
2024-01-19,1.44317593,9299.2000,144.231055,137.531816,6.699238
2024-01-22,1.39550488,8991.7500,139.466808,132.984742,6.482066
2024-01-23,1.41222532,9099.4600,141.137850,134.577734,6.560116
2024-01-24,1.44353169,9301.7900,144.266609,137.570121,6.696487
2024-01-25,1.48503634,9569.8000,148.414585,141.533893,6.880692
2024-01-26,1.50436564,9694.9500,150.346356,143.384816,6.961540
2024-01-29,1.50839752,9720.9300,150.749303,143.769051,6.980252
2024-01-30,1.48859388,9593.1000,148.770126,141.878491,6.891634
2024-01-31,1.48302039,9557.4700,148.213112,141.351536,6.861575
2024-02-01,1.46831589,9462.3500,146.743543,139.944746,6.798797
2024-02-02,1.46713004,9454.8500,146.625029,139.833824,6.791206
2024-02-05,1.46594420,9447.0900,146.506516,139.719056,6.787460
2024-02-06,1.50045235,9670.0200,149.955262,143.016110,6.939151
2024-02-07,1.52986136,9860.3700,152.894399,145.831318,7.063081
2024-02-08,1.53199588,9874.4600,153.107723,146.039704,7.068019
2024-02-19,1.56247215,10071.5400,156.153523,148.954446,7.199077
2024-02-20,1.58037844,10186.9800,157.943078,150.661762,7.281316
2024-02-21,1.58073420,10189.3600,157.978632,150.696962,7.281671
2024-02-22,1.60373963,10338.0000,160.277796,152.895294,7.382503
2024-02-23,1.59804756,10301.4400,159.708931,152.354585,7.354347
2024-02-26,1.56994299,10120.1100,156.900159,149.672779,7.227379
2024-02-27,1.57824392,10173.2400,157.729754,150.458553,7.271201
2024-02-28,1.56342083,10078.0900,156.248334,149.051319,7.197015
2024-02-29,1.58144571,10194.1900,158.049741,150.768396,7.281345
2024-03-01,1.58144571,10194.6100,158.049741,150.774607,7.275133
2024-03-04,1.58891654,10242.6500,158.796376,151.485102,7.311275
2024-03-05,1.59745464,10298.0000,159.649674,152.303708,7.345966
2024-03-06,1.59698030,10295.1200,159.602269,152.261114,7.341155
2024-03-07,1.60468831,10344.4200,160.372607,152.990243,7.382364
2024-03-08,1.61346358,10401.6400,161.249608,153.836506,7.413101
2024-03-11,1.60136794,10323.1200,160.040769,152.675224,7.365545
2024-03-12,1.57112884,10128.5900,157.018672,149.798195,7.220477
2024-03-13,1.56448809,10085.9500,156.354996,149.167565,7.187431
2024-03-14,1.56863856,10112.8700,156.769794,149.565702,7.204092
2024-03-15,1.56851997,10112.4400,156.757942,149.559343,7.198600
2024-03-18,1.56472526,10088.3200,156.378699,149.202617,7.176082
2024-03-19,1.55903319,10051.6600,155.809834,148.660428,7.149405
2024-03-20,1.56519960,10090.9900,156.426104,149.242105,7.183999
2024-03-21,1.56709695,10103.4500,156.615726,149.426384,7.189342
2024-03-22,1.56176064,10069.3800,156.082415,148.922501,7.159914
2024-03-25,1.56306507,10078.1000,156.212780,149.051466,7.161313
2024-03-26,1.56199781,10071.3100,156.106118,148.951045,7.155073
2024-03-27,1.55666150,10037.3000,155.572806,148.448049,7.124757
2024-03-28,1.55523848,10027.8100,155.430590,148.307695,7.122895
2024-03-29,1.57136600,10131.5000,157.042375,149.841233,7.201142
2024-04-01,1.57599081,10161.8200,157.504578,150.289655,7.214923
2024-04-02,1.58180146,10199.6000,158.085295,150.848408,7.236887
2024-04-03,1.59721747,10300.5100,159.625972,152.340830,7.285141
2024-04-08,1.59460861,10283.8800,159.365242,152.094878,7.270363
2024-04-09,1.58879796,10246.4100,158.784525,151.540711,7.243814
2024-04-10,1.59235550,10270.2400,159.140066,151.893148,7.246918
2024-04-11,1.60634849,10360.6700,160.538526,153.230575,7.307951
2024-04-12,1.60089360,10325.6800,159.993364,152.713085,7.280278
2024-04-15,1.63053978,10516.6300,162.956204,155.537167,7.419037
2024-04-16,1.62484771,10481.7600,162.387339,155.021452,7.365886
2024-04-17,1.65425672,10674.4100,165.326476,157.870676,7.455799
2024-04-18,1.66101605,10720.2700,166.002003,158.548929,7.453074
2024-04-19,1.66611519,10752.0100,166.511612,159.018352,7.493259
2024-04-22,1.63243713,10533.8300,163.145826,155.791549,7.354277
2024-04-23,1.60528123,10358.5900,160.431864,153.199812,7.232052
2024-04-24,1.60753434,10373.4500,160.657040,153.419587,7.237453
2024-04-25,1.61559810,10425.3500,161.462932,154.187169,7.275764
2024-04-26,1.60551840,10360.1200,160.455567,153.222441,7.233126
2024-04-29,1.60409538,10350.8100,160.313350,153.084749,7.228601
2024-04-30,1.60694142,10369.9800,160.597783,153.368266,7.229517
2024-05-06,1.62283177,10473.0400,162.185865,154.892487,7.293379
2024-05-07,1.62342469,10477.1500,162.245122,154.953272,7.291850
2024-05-08,1.62544063,10489.6900,162.446595,155.138734,7.307861
2024-05-09,1.63694335,10564.3200,163.596177,156.242485,7.353692
2024-05-10,1.64571862,10621.4500,164.473178,157.087417,7.385761
2024-05-13,1.65034342,10651.3900,164.935381,157.530219,7.405162
2024-05-14,1.64560003,10620.8200,164.461327,157.078100,7.383227
2024-05-15,1.64453277,10613.6700,164.354664,156.972354,7.382311
2024-05-16,1.64844607,10639.2100,164.745759,157.350081,7.395678
2024-05-17,1.66540368,10749.0000,166.440504,158.973836,7.466668
2024-05-20,1.68093828,10849.7800,167.993032,160.464336,7.528696
2024-05-21,1.68674893,10887.3200,168.573749,161.019539,7.554210
2024-05-22,1.68603742,10882.7700,168.502640,160.952246,7.550395
2024-05-23,1.66469217,10744.6800,166.369396,158.909944,7.459451
2024-05-24,1.66077888,10719.1900,165.978301,158.532956,7.445344
2024-05-27,1.68461440,10873.9300,168.360424,160.821505,7.538919
2024-05-28,1.67666923,10822.2600,167.566383,160.057325,7.509058
2024-05-29,1.68034535,10846.3600,167.933775,160.413755,7.520020
2024-05-30,1.66670811,10758.3800,166.570869,159.112562,7.458306
2024-05-31,1.66813113,10767.3500,166.713085,159.245226,7.467859
2024-06-03,1.65793284,10701.4600,165.693868,158.270736,7.423132
2024-06-04,1.66635236,10756.0300,166.535315,159.077807,7.457508
2024-06-05,1.64524428,10619.0300,164.425772,157.051626,7.374146
2024-06-06,1.65022484,10651.9000,164.923530,157.537762,7.385768
2024-06-07,1.66315057,10735.6300,166.215328,158.776098,7.439230
2024-06-11,1.63563892,10557.1800,163.465812,156.136887,7.328925
2024-06-12,1.65473106,10680.1500,165.373881,157.955569,7.418312
2024-06-13,1.63694335,10565.2300,163.596177,156.255944,7.340234
2024-06-14,1.63729910,10570.8800,163.631731,156.339505,7.292226
2024-06-17,1.61630961,10435.9800,161.534041,154.344383,7.189658
2024-06-18,1.62223885,10474.2600,162.126609,154.910530,7.216079
2024-06-19,1.61749546,10443.6600,161.652554,154.457967,7.194587
2024-06-20,1.61405650,10421.2500,161.308865,154.126531,7.182333
2024-06-21,1.61476801,10425.8700,161.379973,154.194859,7.185113
2024-06-24,1.59543870,10301.0800,159.448201,152.349260,7.098941
2024-06-25,1.60053784,10334.1400,159.957810,152.838206,7.119604
2024-06-26,1.60706000,10375.8300,160.609634,153.454786,7.154849
2024-06-27,1.59887766,10323.2400,159.791891,152.676999,7.114892
2024-06-28,1.60800868,10382.4200,160.704445,153.552250,7.152196
2024-07-01,1.64287259,10608.5500,164.188745,156.896631,7.292115
2024-07-02,1.64085665,10595.0200,163.987272,156.696527,7.290745
2024-07-03,1.62793091,10511.8300,162.695474,155.466177,7.229297
2024-07-04,1.61785121,10446.7200,161.688108,154.503223,7.184885
2024-07-05,1.61334499,10417.5300,161.237757,154.071514,7.166243
2024-07-08,1.60468831,10361.6800,160.372607,153.245512,7.127095
2024-07-09,1.62271318,10478.0700,162.174014,154.966879,7.207135
2024-07-10,1.59354135,10288.9800,159.258579,152.170306,7.088274
2024-07-11,1.59852190,10321.3600,159.756337,152.649194,7.107142
2024-07-12,1.59698030,10312.1000,159.602269,152.512242,7.090027
2024-07-15,1.61085471,10402.1900,160.988878,153.844641,7.144237
2024-07-16,1.60326529,10352.7800,160.230391,153.113885,7.116506
2024-07-17,1.59437144,10295.1800,159.341539,152.262001,7.079538
2024-07-18,1.59828473,10320.7600,159.732634,152.640320,7.092313
2024-07-19,1.58808645,10254.5200,158.713417,151.660655,7.052762
2024-07-22,1.57338194,10159.8000,157.243848,150.259780,6.984068
2024-07-23,1.55393405,10033.7200,155.300225,148.395102,6.905123
2024-07-24,1.55144377,10017.8900,155.051347,148.160982,6.890364
2024-07-25,1.54776765,9993.8600,154.683954,147.805587,6.878367
2024-07-26,1.54871632,10000.6200,154.778765,147.905565,6.873200
2024-07-29,1.55013934,10010.1100,154.920982,148.045919,6.875063
2024-07-30,1.54088973,9950.1100,153.996575,147.158540,6.838035
2024-07-31,1.56519960,10107.4800,156.426104,149.485986,6.940118
2024-08-01,1.56247215,10089.6600,156.153523,149.222435,6.931088
2024-08-02,1.55844027,10063.8800,155.750577,148.841158,6.909419
2024-08-05,1.54053398,9947.9000,153.961021,147.125855,6.835166
2024-08-06,1.53567201,9916.6700,153.475116,146.663975,6.811141
2024-08-07,1.53982247,9943.4400,153.889913,147.059894,6.830020
2024-08-08,1.54693755,9990.0200,154.600995,147.748795,6.852200
2024-08-09,1.54053398,9948.1600,153.961021,147.129701,6.831321
2024-08-12,1.54895349,10003.6800,154.802468,147.950821,6.851646
2024-08-13,1.55132519,10018.9100,155.039495,148.176068,6.863427
2024-08-14,1.54492161,9977.7000,154.399522,147.566587,6.832935
2024-08-15,1.55867744,10067.0700,155.774279,148.888337,6.885943
2024-08-16,1.55879603,10067.7000,155.786131,148.897654,6.888477
2024-08-19,1.57184034,10152.5900,157.089780,150.153147,6.936634
2024-08-20,1.55381547,10035.8400,155.288374,148.426456,6.861917
2024-08-21,1.54160124,9956.9500,154.067684,147.259702,6.807982
2024-08-22,1.53922955,9941.2200,153.830656,147.027061,6.803596
2024-08-23,1.54077115,9951.5700,153.984724,147.180133,6.804591
2024-08-26,1.53899238,9940.3600,153.806954,147.014342,6.792612
2024-08-27,1.53875521,9938.4700,153.783251,146.986389,6.796862
2024-08-28,1.53223305,9896.1000,153.131426,146.359752,6.771674
2024-08-29,1.51005771,9752.6400,150.915222,144.238030,6.677191
2024-08-30,1.51527544,9786.6500,151.436682,144.741026,6.695656
2024-09-02,1.52084892,9822.6600,151.993696,145.273601,6.720095
2024-09-03,1.50993912,9752.3800,150.903370,144.234185,6.669185
2024-09-04,1.50792318,9739.7100,150.701897,144.046800,6.655097
2024-09-05,1.50887186,9746.0800,150.796708,144.141010,6.655698
2024-09-06,1.49428594,9652.0500,149.338991,142.750341,6.588650
2024-09-09,1.46914598,9489.0700,146.826502,140.339925,6.486577
2024-09-10,1.47033183,9497.0000,146.945016,140.457207,6.487809
2024-09-11,1.44222725,9315.2100,144.136244,137.768598,6.367645
2024-09-12,1.44637772,9342.7000,144.551041,138.175166,6.375876
2024-09-13,1.44068565,9305.4900,143.982176,137.624843,6.357333
2024-09-18,1.45705034,9412.2900,145.617664,139.204377,6.413287
2024-09-19,1.46203090,9444.5400,146.115421,139.681342,6.434078
2024-09-20,1.46072647,9435.5400,145.985056,139.548236,6.436820
2024-09-23,1.47614248,9535.8800,147.525733,141.032228,6.493505
2024-09-24,1.54266850,9966.3900,154.174346,147.399316,6.775030
2024-09-25,1.56401375,10104.8000,156.307591,149.446350,6.861241
2024-09-26,1.62069724,10471.9600,161.972541,154.876514,7.096027
2024-09-27,1.64429560,10624.3500,164.330962,157.130307,7.200655
2024-09-30,1.74948024,11305.5400,174.843118,167.204862,7.638257
2024-10-08,1.76596352,11413.3400,176.490457,168.799185,7.691272
2024-10-09,1.63101411,10540.9000,163.003609,155.896112,7.107498
2024-10-10,1.68141262,10868.0400,168.040437,160.734394,7.306043
2024-10-11,1.65188502,10677.3700,165.089449,157.914454,7.174995
2024-10-14,1.69516844,10957.8400,169.415195,162.062504,7.352691
2024-10-15,1.65769567,10715.1600,165.670165,158.473354,7.196811
2024-10-16,1.68058252,10862.8000,167.957478,160.656897,7.300581
2024-10-17,1.65271512,10681.4500,165.172408,157.974795,7.197613
2024-10-18,1.66623377,10774.7800,166.523463,159.355113,7.168351
2024-10-21,1.65543262,10705.1600,165.443995,158.325458,7.118537
2024-10-22,1.66610962,10774.4800,166.511056,159.350676,7.160380
2024-10-23,1.66908925,10793.8500,166.808840,159.637151,7.171689
2024-10-24,1.66114357,10741.6600,166.014748,158.865280,7.149469
2024-10-25,1.66288169,10752.5100,166.188456,159.025747,7.162709
2024-10-28,1.67939380,10859.3500,167.838677,160.605872,7.232805
2024-10-29,1.65369450,10693.5300,165.270288,158.153454,7.116833
2024-10-30,1.63941711,10601.2900,163.843405,156.789258,7.054147
2024-10-31,1.63320954,10561.2200,163.223021,156.196637,7.026383
2024-11-01,1.64649373,10647.1200,164.550642,157.467067,7.083575
2024-11-04,1.66052282,10738.7500,165.952710,158.822242,7.130468
2024-11-05,1.68187683,10876.5000,168.086831,160.859515,7.227316
2024-11-06,1.67566927,10836.6600,167.466447,160.270295,7.196151
2024-11-07,1.70906595,11053.1800,170.804113,163.472548,7.331564
2024-11-08,1.68584967,10903.0700,168.483877,161.252475,7.231401
2024-11-11,1.67393115,10826.1900,167.292739,160.115448,7.177291
2024-11-12,1.66524056,10769.5500,166.424202,159.277763,7.146439
2024-11-13,1.67231718,10815.7800,167.131440,159.961488,7.169952
2024-11-14,1.65071487,10676.1500,164.972503,157.896410,7.076093
2024-11-15,1.64574882,10644.0100,164.476196,157.421071,7.055125
2024-11-18,1.67281379,10819.6100,167.181070,160.018132,7.162938
2024-11-19,1.67430360,10828.5800,167.329962,160.150795,7.179167
2024-11-20,1.67926965,10860.8900,167.826270,160.628648,7.197621
2024-11-21,1.67790399,10851.7200,167.689785,160.493027,7.196758
2024-11-22,1.63258879,10557.4400,163.160982,156.140732,7.020250
2024-11-25,1.63507181,10573.8900,163.409136,156.384022,7.025114
2024-11-26,1.63569257,10577.9100,163.471174,156.443476,7.027698
2024-11-27,1.65332204,10692.7800,165.233065,158.142362,7.090702
2024-11-28,1.64736279,10654.2700,164.637496,157.572813,7.064683
2024-11-29,1.65791564,10721.5000,165.692149,158.567121,7.125028
2024-12-02,1.66660623,10777.9200,166.560686,159.401552,7.159134
2024-12-03,1.68349080,10887.8600,168.248131,161.027525,7.220606
2024-12-04,1.68634627,10905.8700,168.533507,161.293886,7.239621
2024-12-05,1.68361495,10887.7200,168.260538,161.025454,7.235084
2024-12-06,1.70658293,11036.6300,170.555959,163.227780,7.328179
2024-12-09,1.70931425,11054.7100,170.828928,163.495176,7.333752
2024-12-10,1.70968671,11056.9100,170.866151,163.527714,7.338437
2024-12-11,1.71912220,11117.6700,171.809135,164.426332,7.382803
2024-12-12,1.72595052,11161.1900,172.491557,165.069977,7.421580
2024-12-13,1.69429195,10965.9800,169.327599,162.182892,7.144707
2024-12-16,1.70422405,11057.7600,170.320213,163.540285,6.779928
2024-12-17,1.69801649,11017.8500,169.699829,162.950030,6.749799
2024-12-18,1.70844519,11086.1900,170.742074,163.960754,6.781320
2024-12-19,1.69205723,10979.5200,169.104261,162.383143,6.721117
2024-12-20,1.67802814,10888.0900,167.702193,161.030927,6.671266
2024-12-23,1.67877305,10893.4900,167.776639,161.110791,6.665848
2024-12-24,1.69801649,11018.4400,169.699829,162.958756,6.741073
2024-12-25,1.70459651,11061.2700,170.357436,163.592196,6.765240
2024-12-26,1.69677498,11010.2300,169.575752,162.837333,6.738419
2024-12-27,1.70037536,11033.6100,169.935575,163.183115,6.752460
2024-12-30,1.72073617,11166.3900,171.970434,165.146883,6.823551
2024-12-31,1.71130067,11105.1200,171.027451,164.240722,6.786729
2025-01-02,1.67715908,10883.6700,167.615339,160.965556,6.649783
2025-01-03,1.66325414,10792.5700,166.225679,159.618220,6.607459
2025-01-06,1.66921340,10832.0700,166.821248,160.202411,6.618837
2025-01-07,1.66474396,10803.4800,166.374571,159.779575,6.594996
2025-01-08,1.66176433,10784.3400,166.076787,159.496502,6.580285
2025-01-09,1.63730653,10624.9200,163.632474,157.138737,6.493737
2025-01-10,1.61371780,10471.1600,161.275015,154.864682,6.410333
2025-01-13,1.60117852,10390.0000,160.021839,153.664355,6.357484
2025-01-14,1.63047822,10581.0200,162.950052,156.489472,6.460580
2025-01-15,1.63109897,10584.5400,163.012090,156.541532,6.470558
2025-01-16,1.64425900,10670.3000,164.327304,157.809891,6.517413
2025-01-17,1.63966541,10640.5700,163.868220,157.370195,6.498025
2025-01-20,1.63718238,10624.8300,163.620066,157.137406,6.482660
2025-01-21,1.62712613,10559.0200,162.615044,156.164100,6.450944
2025-01-22,1.61210383,10461.0100,161.113715,154.714567,6.399148
2025-01-23,1.62948501,10574.1700,162.850790,156.388163,6.462627
2025-01-24,1.64115522,10650.4700,164.017112,157.516612,6.500500
2025-01-27,1.66188848,10785.2700,166.089194,159.510256,6.578939
2025-02-05,1.62911255,10572.7200,162.813567,156.366718,6.446849
2025-02-06,1.63047822,10581.3800,162.950052,156.494796,6.455255
2025-02-07,1.64140353,10652.5700,164.041927,157.547671,6.494257
2025-02-10,1.63954126,10640.4200,163.855812,157.367977,6.487836
2025-02-11,1.64574882,10680.7500,164.476196,157.964443,6.511753
2025-02-12,1.64612127,10683.1600,164.513419,158.000086,6.513333
2025-02-13,1.64661788,10687.0900,164.563050,158.058209,6.504841
2025-02-14,1.64984581,10707.8900,164.885650,158.365834,6.519816
2025-02-17,1.64289334,10662.8500,164.190820,157.699708,6.491111
2025-02-18,1.63730653,10627.0100,163.632474,157.169648,6.462826
2025-02-19,1.63271294,10597.1600,163.173390,156.728177,6.445213
2025-02-20,1.62886425,10571.8500,162.788752,156.353851,6.434901
2025-02-21,1.61843555,10503.8600,161.746507,155.348303,6.398203
2025-02-24,1.61967706,10512.7500,161.870584,155.479783,6.390800
2025-02-25,1.60900005,10443.1600,160.803523,154.450572,6.352951
2025-02-26,1.62911255,10574.1200,162.813567,156.387423,6.426144
2025-02-27,1.64711448,10691.0100,164.612681,158.116184,6.496496
2025-02-28,1.63507181,10613.0500,163.409136,156.963184,6.445952
2025-03-03,1.63333370,10601.5700,163.235428,156.793399,6.442029
2025-03-04,1.63345785,10602.6000,163.247836,156.808632,6.439204
2025-03-05,1.64115522,10652.8500,164.017112,157.551812,6.465300
2025-03-06,1.64078277,10650.3300,163.979889,157.514542,6.465347
2025-03-07,1.64301749,10664.7500,164.203227,157.727809,6.475419
2025-03-10,1.64773524,10696.0200,164.674719,158.190281,6.484439
2025-03-11,1.65828809,10764.1600,165.729372,159.198047,6.531325
2025-03-12,1.65158393,10720.8600,165.059357,158.557655,6.501702
2025-03-13,1.66312999,10795.8300,166.213271,159.666434,6.546837
2025-03-14,1.67579342,10877.9600,167.478855,160.881108,6.597747
2025-03-17,1.68187683,10918.1100,168.086831,161.474912,6.611919
2025-03-18,1.67902135,10899.3800,167.801454,161.197902,6.603553
2025-03-19,1.68162853,10915.8200,168.062015,161.441043,6.620972
2025-03-20,1.67691078,10885.7500,167.590524,160.996319,6.594205
2025-03-21,1.66983416,10839.4100,166.883286,160.310967,6.572319
2025-03-24,1.67902135,10900.0900,167.801454,161.208402,6.593052
2025-03-25,1.68969836,10969.1800,168.868515,162.230218,6.638296
2025-03-26,1.68733948,10953.8900,168.632769,162.004085,6.628684
2025-03-27,1.68572552,10943.6100,168.471469,161.852047,6.619421
2025-03-28,1.67355870,10864.1500,167.255516,160.676863,6.578654
2025-03-31,1.66474396,10807.2400,166.374571,159.835184,6.539387
2025-04-01,1.68088362,10912.2000,167.987569,161.387505,6.600065
2025-04-02,1.68696703,10951.8200,168.595546,161.973470,6.622075
2025-04-03,1.68932590,10966.6300,168.831292,162.192505,6.638787
2025-04-07,1.57659658,10234.9800,157.565119,151.371665,6.193454
2025-04-08,1.61694573,10496.5000,161.597615,155.239452,6.358163
2025-04-09,1.62166348,10527.7700,162.069106,155.701924,6.367183
2025-04-10,1.63705823,10627.3200,163.607659,157.174232,6.433426
2025-04-11,1.62960916,10579.4700,162.863198,156.466548,6.396650
2025-04-14,1.64425900,10674.2200,164.327304,157.867866,6.459438
2025-04-15,1.65208053,10725.4200,165.108988,158.625096,6.483892
2025-04-16,1.65952961,10774.1800,165.853449,159.346239,6.507210
2025-04-17,1.65617752,10751.9100,165.518441,159.016873,6.501568
2025-04-18,1.65729488,10759.3000,165.630110,159.126169,6.503941
2025-04-21,1.65493601,10744.6900,165.394364,158.910092,6.484272
2025-04-22,1.66139188,10786.3700,166.039564,159.526524,6.513039
2025-04-23,1.65394280,10738.3200,165.295103,158.815882,6.479221
2025-04-24,1.66288169,10796.0100,166.188456,159.669097,6.519359
2025-04-25,1.66064697,10781.8400,165.965118,159.459527,6.505590
2025-04-28,1.66039867,10780.0400,165.940302,159.432906,6.507396
2025-04-29,1.65679828,10757.0300,165.580480,159.092596,6.487883
2025-04-30,1.64661788,10690.8900,164.563050,158.114410,6.448640
2025-05-06,1.65071487,10717.8900,164.972503,158.513730,6.458773
2025-05-07,1.66188848,10790.4300,166.089194,159.586570,6.502624
2025-05-08,1.66449566,10807.3900,166.349756,159.837403,6.512353
2025-05-09,1.67380700,10868.1600,167.280332,160.736169,6.544163
2025-05-12,1.67951796,10905.7700,167.851085,161.292407,6.558677
2025-05-13,1.69131232,10982.0100,169.029814,162.419970,6.609845
2025-05-14,1.70074782,11043.9900,169.972798,163.336631,6.636167
2025-05-15,1.69491271,11005.7600,169.389637,162.771224,6.618414
2025-05-16,1.68547722,10944.6200,168.446654,161.866985,6.579669
2025-05-19,1.69093987,10980.0400,168.992591,162.390834,6.601757
2025-05-20,1.69615422,11014.5300,169.513714,162.900929,6.612785
2025-05-21,1.70968671,11102.3800,170.866151,164.200198,6.665953
2025-05-22,1.70707953,11085.2600,170.605590,163.947000,6.658590
2025-05-23,1.69093987,10980.6600,168.992591,162.400004,6.592588
2025-05-26,1.67976626,10907.9400,167.875900,161.324501,6.551399
2025-05-27,1.67542096,10879.5900,167.441632,160.905215,6.536417
2025-05-28,1.68113192,10917.3200,168.012385,161.463228,6.549157
2025-05-29,1.68460816,10939.3600,168.359800,161.789191,6.570608
2025-05-30,1.68709118,10956.0600,168.607953,162.036178,6.571775
2025-06-03,1.69317459,10996.0800,169.215930,162.628060,6.587870
2025-06-04,1.69938215,11036.3900,169.836314,163.224230,6.612083
2025-06-05,1.68969836,10973.2100,168.868515,162.289821,6.578694
2025-06-06,1.69093987,10981.2900,168.992591,162.409321,6.583270
2025-06-09,1.69540931,11010.5900,169.439268,162.842657,6.596610
2025-06-10,1.69553347,11010.9100,169.451676,162.847390,6.604285
2025-06-11,1.70248593,11055.1800,170.146506,163.502127,6.644378
2025-06-12,1.70347914,11061.6400,170.245767,163.597669,6.648098
2025-06-13,1.69305044,10994.1700,169.203522,162.599812,6.603710
2025-06-16,1.69689913,11019.1300,169.588160,162.968961,6.619199
2025-06-17,1.69665083,11018.0500,169.563345,162.952988,6.610356
2025-06-18,1.69665083,11017.7000,169.563345,162.947812,6.615533
2025-06-19,1.68647043,10952.0800,168.545915,161.977316,6.568599
2025-06-20,1.69193308,10987.2400,169.091853,162.497319,6.594533
2025-06-23,1.69814064,11025.5800,169.712237,163.064354,6.647883
2025-06-24,1.70360330,11060.8900,170.258175,163.586576,6.671598
2025-06-25,1.71465276,11133.0400,171.362458,164.653649,6.708809
2025-06-26,1.71589427,11141.2700,171.486535,164.775368,6.711167
2025-06-27,1.70906595,11096.4600,170.804113,164.112644,6.691469
2025-06-30,1.70807274,11090.5100,170.704851,164.024645,6.680206
2025-07-01,1.72197768,11180.8400,172.094511,165.360594,6.733918
2025-07-02,1.73426865,11261.0800,173.322871,166.547314,6.775557
2025-07-03,1.73513771,11267.0100,173.409725,166.635017,6.774708
2025-07-04,1.74469736,11329.1300,174.365117,167.553749,6.811367
2025-07-07,1.75351209,11386.5800,175.246062,168.403414,6.842648
2025-07-08,1.75276719,11380.9800,175.171616,168.320592,6.851024
2025-07-09,1.75909890,11422.3800,175.804407,168.932883,6.871524
2025-07-10,1.77225893,11508.4200,177.119621,170.205384,6.914238
2025-07-11,1.76245098,11444.1100,176.139415,169.254262,6.885153
2025-07-14,1.77287969,11512.0100,177.181660,170.258479,6.923181
2025-07-15,1.75338794,11385.2900,175.233654,168.384335,6.849319
2025-07-16,1.74705623,11344.8800,174.600862,167.786686,6.814176
2025-07-17,1.74668378,11342.1900,174.563639,167.746902,6.816737
2025-07-18,1.75500191,11395.8800,175.394954,168.540958,6.853996
2025-07-21,1.77685253,11538.9300,177.578705,170.656616,6.922090
2025-07-22,1.80615222,11728.7900,180.506918,173.464577,7.042341
2025-07-23,1.80019296,11690.2500,179.911349,172.894584,7.016765
2025-07-24,1.80813864,11741.6800,180.705441,173.655215,7.050226
2025-07-25,1.79746163,11672.8300,179.638380,172.636948,7.001432
2025-07-28,1.77908725,11553.3300,177.802044,170.869586,6.932457
2025-07-29,1.77846649,11549.0300,177.740005,170.805991,6.934014
2025-07-30,1.78306009,11579.4900,178.199089,171.256483,6.942606
2025-07-31,1.75227058,11378.7400,175.121985,168.287463,6.834522
2025-08-01,1.75214643,11378.4900,175.109577,168.283766,6.825811
2025-08-04,1.76034041,11431.9100,175.928484,169.073828,6.854656
2025-08-05,1.77945970,11556.3600,177.839267,170.914399,6.924868
2025-08-06,1.79075747,11629.6700,178.968366,171.998628,6.969738
2025-08-07,1.79373710,11649.3300,179.266150,172.289392,6.976758
2025-08-08,1.79473031,11655.4200,179.365411,172.379461,6.985951
2025-08-11,1.78703293,11605.7800,178.596135,171.645303,6.950832
2025-08-12,1.79708918,11670.8500,179.601157,172.607665,6.993492
2025-08-13,1.78777784,11610.6900,178.670581,171.717920,6.952661
2025-08-14,1.77064496,11499.4900,176.958322,170.073312,6.885009
2025-08-15,1.77486611,11527.0700,177.380183,170.481211,6.898972
2025-08-18,1.77151402,11504.9400,177.045175,170.153916,6.891259
2025-08-19,1.76977591,11493.9400,176.871468,169.991230,6.880238
2025-08-20,1.78306009,11580.7300,178.199089,171.274823,6.924267
2025-08-21,1.79261973,11642.8500,179.154481,172.193555,6.960926
2025-08-22,1.78988841,11625.1200,178.881512,171.931335,6.950177
2025-08-25,1.80292429,11710.4100,180.184318,173.192743,6.991575
2025-08-26,1.80093787,11697.0300,179.985795,172.994858,6.990938
2025-08-27,1.76841024,11486.0800,176.734983,169.874983,6.860000
2025-08-28,1.77213478,11510.4900,177.107214,170.235998,6.871215
2025-08-29,1.77114157,11503.5700,177.007952,170.133654,6.874298
2025-09-01,1.76679628,11475.9700,176.573683,169.725460,6.848224
2025-09-02,1.77238308,11512.1600,177.132029,170.260697,6.871332
2025-09-03,1.75748493,11415.1500,175.643108,168.825954,6.817153
2025-09-04,1.75661588,11410.1800,175.556254,168.752450,6.803804
2025-09-05,1.76207853,11445.4100,176.102192,169.273489,6.828703
2025-09-08,1.77561101,11533.7900,177.454629,170.580597,6.874032
2025-09-09,1.77958385,11559.6300,177.851674,170.962761,6.888913
2025-09-10,1.77089327,11503.0500,176.983137,170.125963,6.857174
2025-09-11,1.77846649,11552.7300,177.740005,170.860713,6.879293
2025-09-12,1.76940345,11494.0400,176.834245,169.992709,6.841536
2025-09-15,1.76381665,11457.6400,176.275899,169.454366,6.821533
2025-09-16,1.76394080,11458.4100,176.288307,169.465754,6.822553
2025-09-17,1.76853439,11488.7000,176.747391,169.913732,6.833659
2025-09-18,1.73724828,11284.4800,173.620656,166.893392,6.727264
2025-09-19,1.75140152,11377.2800,175.035131,168.265870,6.769261
2025-09-22,1.74035206,11305.1100,173.930848,167.198502,6.732346
2025-09-23,1.74668378,11346.7500,174.563639,167.814343,6.749297
2025-09-24,1.75115322,11375.7600,175.010316,168.243390,6.766926
2025-09-25,1.74283509,11320.5600,174.179001,167.427002,6.751999
2025-09-26,1.74804944,11354.8100,174.700124,167.933547,6.766577
2025-09-29,1.75549851,11403.6800,175.444585,168.656317,6.788268
2025-09-30,1.75140152,11376.9100,175.035131,168.260398,6.774733
2025-10-09,1.76456155,11462.9400,176.350345,169.532751,6.817594
2025-10-10,1.78268764,11581.0000,178.161866,171.278816,6.883051
2025-10-13,1.77486611,11529.9600,177.380183,170.523953,6.856230
2025-10-14,1.79460615,11659.0700,179.353004,172.433443,6.919561
2025-10-15,1.80280014,11712.1500,180.171910,173.218477,6.953433
2025-10-16,1.80975261,11757.6400,180.866740,173.891258,6.975483
2025-10-17,1.79597182,11667.4100,179.489488,172.556789,6.932700
2025-10-20,1.80913185,11754.9300,180.804702,173.851178,6.953524
2025-10-21,1.80975261,11759.9900,180.866740,173.926013,6.940727
2025-10-22,1.81156663,11771.5500,181.048035,174.096982,6.951053
2025-10-23,1.82633801,11867.9100,182.524286,175.522111,7.002175
2025-10-24,1.81687915,11806.3800,181.578967,174.612105,6.966862
2025-10-27,1.82530142,11861.5400,182.420690,175.427901,6.992788
2025-10-28,1.81597213,11799.2300,181.488320,174.506359,6.981961
2025-10-29,1.81674957,11804.4700,181.566018,174.583857,6.982161
2025-10-30,1.80936388,11756.0300,180.827892,173.867446,6.960445
2025-10-31,1.80845687,11750.0100,180.737245,173.778413,6.958832
2025-11-03,1.82465355,11855.9900,182.355942,175.345819,7.010123
2025-11-04,1.83139137,11899.8700,183.029320,175.994788,7.034532
2025-11-05,1.83903621,11949.8600,183.793345,176.734122,7.059223
2025-11-06,1.84642190,11996.8600,184.531471,177.429235,7.102235
2025-11-07,1.84875422,12011.5700,184.764563,177.646791,7.117772
2025-11-10,1.86287773,12103.6800,186.176067,179.009065,7.167002
2025-11-11,1.85899052,12078.7200,185.787580,178.639915,7.147665
2025-11-12,1.86015668,12086.7200,185.904126,178.758232,7.145894
2025-11-13,1.86521005,12119.2400,186.409159,179.239191,7.169968
2025-11-14,1.85406673,12047.3200,185.295496,178.175520,7.119975
2025-11-17,1.84499659,11988.3400,184.389025,177.303228,7.085798
2025-11-18,1.81947062,11822.1800,181.837959,174.845781,6.992178
2025-11-19,1.82232123,11840.7400,182.122849,175.120277,7.002573
2025-11-20,1.81895232,11818.5400,181.786160,174.791947,6.994214
2025-11-21,1.78681810,11610.3700,178.574665,171.713187,6.861478
2025-11-24,1.77800711,11553.1900,177.694094,170.867516,6.826578
2025-11-25,1.78707725,11611.4400,178.600565,171.729012,6.871552
2025-11-26,1.77943241,11562.4700,177.836539,171.004764,6.831776
2025-11-27,1.78241260,11581.7200,178.134380,171.289464,6.844915
2025-11-28,1.78422663,11593.9300,178.315674,171.470046,6.845628
2025-12-01,1.79873886,11690.0600,179.766026,172.891774,6.874253
2025-12-02,1.79666569,11675.5100,179.558833,172.676585,6.882249
2025-12-03,1.79329677,11652.5900,179.222144,172.337606,6.884538
2025-12-04,1.78720682,11610.1700,178.613514,171.710230,6.903285
2025-12-05,1.78928000,11620.6400,178.820707,171.865077,6.955630
2025-12-08,1.77995071,11556.7900,177.888338,170.920759,6.967579
2025-12-09,1.76375402,11451.0300,176.269641,169.356606,6.913034
2025-12-10,1.76543848,11460.9300,176.437985,169.503024,6.934961
2025-12-11,1.75481346,11369.8700,175.376120,168.156279,7.219841
2025-12-12,1.75027838,11354.2700,174.922885,167.925561,6.997324
2025-12-15,1.75818237,11421.4900,175.712809,168.919720,6.793089
2025-12-16,1.74431800,11332.0800,174.327204,167.597379,6.729825
2025-12-17,1.74988966,11364.8700,174.884036,168.082331,6.801705
2025-12-18,1.76401317,11457.0200,176.295540,169.445196,6.850344
2025-12-19,1.76699336,11477.2000,176.593380,169.743651,6.849729
2025-12-22,1.75895981,11424.6200,175.790506,168.966012,6.824494
2025-12-23,1.75921895,11426.5200,175.816405,168.994112,6.822293
2025-12-24,1.76336530,11453.9400,176.230792,169.399644,6.831148
2025-12-25,1.76828910,11486.2500,176.722876,169.877497,6.845378
2025-12-26,1.77697052,11543.4100,177.590498,170.722873,6.867624
2025-12-29,1.77308331,11518.2700,177.202010,170.351062,6.850949
2025-12-30,1.77243545,11512.9800,177.137262,170.272824,6.864438
2025-12-31,1.77386075,11522.9600,177.279708,170.420425,6.859283
2026-01-05,1.78072815,11567.2100,177.966035,171.074867,6.891169
2026-01-06,1.80184862,11705.2300,180.076816,173.116133,6.960684
2026-01-07,1.80275564,11710.7700,180.167463,173.198067,6.969396
2026-01-08,1.79692483,11672.4200,179.584732,172.630885,6.953848
2026-01-09,1.80301478,11712.4400,180.193362,173.222766,6.970596
2026-01-12,1.80923431,11753.4400,180.814942,173.829141,6.985801
2026-01-13,1.80301478,11713.2300,180.193362,173.234450,6.958913
2026-01-14,1.79096445,11634.1300,178.989052,172.064589,6.924463
2026-01-15,1.78746597,11611.9100,178.639413,171.735964,6.903450
2026-01-16,1.77243545,11513.7700,177.137262,170.284508,6.852754
2026-01-19,1.78707725,11609.1400,178.600565,171.694996,6.905568
2026-01-20,1.81040047,11762.0300,180.931488,173.956184,6.975304
2026-01-21,1.79938673,11690.1400,179.830774,172.892957,6.937817
2026-01-22,1.81247365,11775.2500,181.138682,174.151703,6.986978
2026-01-23,1.81169621,11770.1400,181.060984,174.076128,6.984856
2026-01-26,1.82348739,11846.9400,182.239396,175.211973,7.027423
2026-01-27,1.80793858,11745.9100,180.685446,173.717775,6.967671
2026-01-28,1.83605602,11929.2200,183.495505,176.428864,7.066641
2026-01-29,1.85860180,12076.7200,185.748731,178.610336,7.138395
2026-01-30,1.84007280,11955.8300,183.896941,176.822416,7.074525
2026-02-02,1.78267175,11582.1900,178.160279,171.296415,6.863863
2026-02-03,1.79614739,11670.1500,179.507035,172.597312,6.909723
2026-02-04,1.84408957,11983.0900,184.298378,177.225582,7.072796
2026-02-05,1.83631517,11932.8400,183.521404,176.482403,7.039001
2026-02-06,1.83190967,11904.0000,183.081118,176.055869,7.025249
2026-02-09,1.84434872,11984.8500,184.324278,177.251612,7.072666
2026-02-10,1.85108654,12028.8100,184.997655,177.901764,7.095891
2026-02-11,1.86456218,12116.3000,186.344411,179.195710,7.148702
2026-02-12,1.85860180,12077.4800,185.748731,178.621576,7.127155
2026-02-13,1.83165052,11902.3100,183.055219,176.030875,7.024344
2026-02-24,1.85937924,12083.2900,185.826428,178.707504,7.118925
2026-02-25,1.86935640,12148.7200,186.823546,179.675190,7.148356
2026-02-26,1.86404389,12113.7500,186.292613,179.157996,7.134617
2026-02-27,1.88270247,12235.1100,188.157352,180.952867,7.204485
2026-03-02,1.90796929,12400.0300,190.682520,183.391974,7.290546
2026-03-03,1.92299981,12498.3900,192.184671,184.846683,7.337987
2026-03-04,1.89203176,12296.9300,189.089722,181.867162,7.222559
2026-03-05,1.88995858,12283.0100,188.882529,181.661291,7.221238
2026-03-06,1.89345706,12306.0700,189.232167,182.002340,7.229827
2026-03-09,1.89475280,12314.4800,189.361663,182.126721,7.234942
2026-03-10,1.88049972,12222.0400,187.937209,180.759566,7.177643
2026-03-11,1.90783972,12399.8800,190.669570,183.389756,7.279814
2026-03-12,1.93077422,12549.7100,192.961645,185.605688,7.355958
2026-03-13,1.92364768,12503.3600,192.249419,184.920188,7.329231
2026-03-16,1.91004247,12414.9700,190.889713,183.612931,7.276782
2026-03-17,1.89591896,12322.8200,189.478209,182.250066,7.228143
2026-03-18,1.88464607,12249.1600,188.351596,181.160661,7.190935
2026-03-19,1.87350275,12177.3200,187.237932,180.098174,7.139759
2026-03-20,1.86495090,12121.5800,186.383260,179.273799,7.109461
2026-03-23,1.81765659,11813.9000,181.656665,174.723323,6.933342
2026-03-24,1.84564446,11995.8900,184.453773,177.414889,7.038884
2026-03-25,1.85017953,12025.2700,184.907008,177.849409,7.057600
2026-03-26,1.85082739,12030.6400,184.971756,177.928829,7.042927
2026-03-27,1.85536247,12059.7500,185.424992,178.359356,7.065636
2026-03-30,1.87246616,12171.1800,187.134336,180.007365,7.126970
2026-03-31,1.85095697,12029.0800,184.984706,177.905757,7.078948
2026-04-01,1.85199356,12036.2300,185.088303,178.011503,7.076799
2026-04-02,1.85626948,12064.3400,185.515639,178.427240,7.088398
2026-04-03,1.82556057,11864.3900,182.446589,175.470052,6.976537
2026-04-07,1.83476028,11924.3500,183.366009,176.356839,7.009170
2026-04-08,1.84953166,12020.2500,184.842261,177.775165,7.067096
2026-04-09,1.83553772,11929.3000,183.443706,176.430047,7.013659
2026-04-10,1.83955450,11954.9100,183.845143,176.808810,7.036333
2026-04-13,1.83812919,11945.5800,183.702698,176.670823,7.031875
2026-04-14,1.84201640,11971.0900,184.091185,177.048106,7.043079
2026-04-15,1.84862465,12013.8400,184.751614,177.680363,7.071250
2026-04-16,1.85315972,12043.0700,185.204849,178.112665,7.092184
2026-04-17,1.84097981,11963.4600,183.987589,176.935261,7.052327
2026-04-20,1.84318256,11978.5700,184.207731,177.158733,7.048999
2026-04-21,1.85963839,12084.2800,185.852328,178.722146,7.130182
2026-04-22,1.85937924,12083.3000,185.826428,178.707652,7.118777
2026-04-23,1.86870853,12144.1100,186.758798,179.607010,7.151788
2026-04-24,1.86715365,12133.6400,186.603403,179.452162,7.151241
2026-04-27,1.86326645,12107.4500,186.214916,179.064822,7.150094
2026-04-28,1.88425735,12244.0000,188.312747,181.084347,7.228400
2026-04-29,1.90265678,12364.0500,190.151587,182.859843,7.291744
2026-04-30,1.89721469,12328.6500,189.607705,182.336290,7.271415
2026-05-06,1.90278635,12363.8900,190.164537,182.857477,7.307060
2026-05-07,1.87233659,12164.9500,187.121386,179.915226,7.206160
2026-05-08,1.86585792,12123.9100,186.473907,179.308259,7.165648
2026-05-11,1.87415062,12177.1500,187.302680,180.095659,7.207021
2026-05-12,1.87130000,12158.7600,187.017789,179.823678,7.194112
2026-05-13,1.86378474,12110.0100,186.266714,179.102683,7.164031
2026-05-14,1.84694019,12001.0300,184.583269,177.490908,7.092361
2026-05-15,1.84240512,11971.6700,184.130034,177.056684,7.073350
2026-05-18,1.83398284,11916.5100,183.288311,176.240888,7.047424
2026-05-19,1.83670389,11933.7100,183.560252,176.495270,7.064983
2026-05-20,1.83087308,11896.0700,182.977522,175.938588,7.038934
2026-05-21,1.80301478,11715.3600,180.193362,173.265952,6.927411
2026-05-22,1.80003460,11695.2500,179.895522,172.968532,6.926990
2026-05-25,1.80936388,11756.2100,180.827892,173.870109,6.957783
2026-05-26,1.81091877,11766.8300,180.983287,174.027174,6.956112
2026-05-27,1.79549952,11666.6800,179.442287,172.545992,6.896295
2026-05-28,1.79251933,11646.8000,179.144447,172.251974,6.892473
2026-05-29,1.81545384,11797.2000,181.436522,174.476336,6.960186
2026-06-01,1.86365517,12111.5400,186.253764,179.125311,7.128453
2026-06-02,1.85795393,12074.4100,185.683983,178.576172,7.107811
2026-06-03,1.85743564,12070.0100,185.632185,178.511097,7.121087
2026-06-04,1.84940209,12017.2300,184.829311,177.730500,7.098811
2026-06-05,1.85069782,12026.0900,184.958807,177.861536,7.097270
2026-06-08,1.83476028,11922.7500,183.366009,176.333175,7.032834
2026-06-09,1.83359412,11915.0200,183.249463,176.218851,7.030611
2026-06-10,1.82245080,11842.7400,182.135799,175.149856,6.985943
2026-06-11,1.81623128,11801.9900,181.514219,174.547178,6.967041
2026-06-12,1.84383043,11982.7600,184.272479,177.220701,7.051778
2026-06-15,1.82543099,11863.6600,182.433639,175.459255,6.974384
2026-06-16,1.79420379,11660.0700,179.312791,172.448233,6.864559
2026-06-17,1.77748881,11551.0900,177.642296,170.836458,6.805838
2026-06-18,1.74159696,11316.8700,174.055263,167.372428,6.682835
2026-06-22,1.75999639,11437.5100,175.894103,169.156650,6.737453
2026-06-23,1.75001924,11372.2900,174.896986,168.192070,6.704915
2026-06-24,1.72514113,11209.8000,172.410667,165.788902,6.621765
2026-06-25,1.70427980,11074.2700,170.325785,163.784462,6.541323
2026-06-26,1.67188644,10863.3900,167.088391,160.665623,6.422768
2026-06-29,1.68419592,10943.0400,168.318600,161.843617,6.474983
2026-06-30,1.65270956,10737.0900,165.171853,158.797691,6.374162
2026-07-01,1.68069743,10920.4100,167.968962,161.508928,6.460034
2026-07-02,1.69663497,11024.1500,169.561760,163.043205,6.518555
2026-07-03,1.71464568,11141.6300,171.361751,164.780692,6.581059
2026-07-06,1.75001924,11372.2000,174.896986,168.190739,6.706246
2026-07-07,1.72565943,11213.4600,172.462465,165.843032,6.619433
2026-07-08,1.73537744,11276.4400,173.433683,166.774483,6.659200
2026-07-09,1.71425696,11138.6100,171.322902,164.736027,6.586875
2026-07-10,1.71296123,11129.6200,171.193407,164.603068,6.590338
2026-07-13,1.71969905,11173.9700,171.866785,165.258989,6.607796
2026-07-14,1.75572047,11409.1000,175.466767,168.736477,6.730290
2026-07-15,1.78008028,11568.9900,177.901287,171.101192,6.800095
2026-07-16,1.76284701,11455.8500,176.178994,169.427892,6.751101
2026-07-17,1.75183327,11385.0100,175.078280,168.380194,6.698085
2026-07-20,1.80754986,11748.6400,180.646598,173.758151,6.888447
2026-07-21,1.78811384,11621.1500,178.704161,171.872620,6.831541
2026-07-22,1.80949346,11760.6600,180.840841,173.935922,6.904919
2026-07-23,1.82698588,11875.2000,182.589034,175.629928,6.959106
2026-07-24,1.79498123,11666.9000,179.390489,172.549246,6.841243
2026-07-27,1.80482881,11731.0400,180.374657,173.497853,6.876803
2026-07-28,1.80690199,11744.5800,180.581850,173.698105,6.883745
2026-07-29,1.83372370,11919.9600,183.262412,176.291912,6.970500
2026-07-30,1.85497374,12059.1200,185.386143,178.350038,7.036105
2026-07-31,1.85238228,12041.6800,185.127151,178.092107,7.035044
