交易日期,全收益指数代码,指数名称,收盘点位
20160630,H21157,中证沪港深红利成长低波动全收益指数,4245.1
20160701,H21157,中证沪港深红利成长低波动全收益指数,4246.17
20160704,H21157,中证沪港深红利成长低波动全收益指数,4307.01
20160705,H21157,中证沪港深红利成长低波动全收益指数,4299.87
20160706,H21157,中证沪港深红利成长低波动全收益指数,4290.21
20160707,H21157,中证沪港深红利成长低波动全收益指数,4311.83
20160708,H21157,中证沪港深红利成长低波动全收益指数,4293.71
20160711,H21157,中证沪港深红利成长低波动全收益指数,4332.83
20160712,H21157,中证沪港深红利成长低波动全收益指数,4424.77
20160713,H21157,中证沪港深红利成长低波动全收益指数,4448.5
20160714,H21157,中证沪港深红利成长低波动全收益指数,4451.95
20160715,H21157,中证沪港深红利成长低波动全收益指数,4464.81
20160718,H21157,中证沪港深红利成长低波动全收益指数,4462.91
20160719,H21157,中证沪港深红利成长低波动全收益指数,4438.25
20160720,H21157,中证沪港深红利成长低波动全收益指数,4454.24
20160721,H21157,中证沪港深红利成长低波动全收益指数,4481.71
20160722,H21157,中证沪港深红利成长低波动全收益指数,4438.88
20160725,H21157,中证沪港深红利成长低波动全收益指数,4456.08
20160726,H21157,中证沪港深红利成长低波动全收益指数,4505.87
20160727,H21157,中证沪港深红利成长低波动全收益指数,4467.24
20160728,H21157,中证沪港深红利成长低波动全收益指数,4498.19
20160729,H21157,中证沪港深红利成长低波动全收益指数,4471.69
20160801,H21157,中证沪港深红利成长低波动全收益指数,4447.77
20160802,H21157,中证沪港深红利成长低波动全收益指数,4468.24
20160803,H21157,中证沪港深红利成长低波动全收益指数,4452.55
20160804,H21157,中证沪港深红利成长低波动全收益指数,4475.12
20160805,H21157,中证沪港深红利成长低波动全收益指数,4497.43
20160808,H21157,中证沪港深红利成长低波动全收益指数,4560.38
20160809,H21157,中证沪港深红利成长低波动全收益指数,4600.33
20160810,H21157,中证沪港深红利成长低波动全收益指数,4586.96
20160811,H21157,中证沪港深红利成长低波动全收益指数,4579.9
20160812,H21157,中证沪港深红利成长低波动全收益指数,4652.83
20160815,H21157,中证沪港深红利成长低波动全收益指数,4727.72
20160816,H21157,中证沪港深红利成长低波动全收益指数,4713.57
20160817,H21157,中证沪港深红利成长低波动全收益指数,4701.77
20160818,H21157,中证沪港深红利成长低波动全收益指数,4709.67
20160819,H21157,中证沪港深红利成长低波动全收益指数,4720.43
20160822,H21157,中证沪港深红利成长低波动全收益指数,4698.05
20160823,H21157,中证沪港深红利成长低波动全收益指数,4680.89
20160824,H21157,中证沪港深红利成长低波动全收益指数,4683.96
20160825,H21157,中证沪港深红利成长低波动全收益指数,4645.45
20160826,H21157,中证沪港深红利成长低波动全收益指数,4676.82
20160829,H21157,中证沪港深红利成长低波动全收益指数,4683.17
20160830,H21157,中证沪港深红利成长低波动全收益指数,4702.78
20160831,H21157,中证沪港深红利成长低波动全收益指数,4710.27
20160901,H21157,中证沪港深红利成长低波动全收益指数,4678.5
20160902,H21157,中证沪港深红利成长低波动全收益指数,4699.72
20160905,H21157,中证沪港深红利成长低波动全收益指数,4730.21
20160906,H21157,中证沪港深红利成长低波动全收益指数,4786.98
20160907,H21157,中证沪港深红利成长低波动全收益指数,4777.57
20160908,H21157,中证沪港深红利成长低波动全收益指数,4800.05
20160909,H21157,中证沪港深红利成长低波动全收益指数,4781.81
20160912,H21157,中证沪港深红利成长低波动全收益指数,4664.44
20160913,H21157,中证沪港深红利成长低波动全收益指数,4665.03
20160914,H21157,中证沪港深红利成长低波动全收益指数,4638.58
20160915,H21157,中证沪港深红利成长低波动全收益指数,4641.36
20160916,H21157,中证沪港深红利成长低波动全收益指数,4641.36
20160919,H21157,中证沪港深红利成长低波动全收益指数,4690.74
20160920,H21157,中证沪港深红利成长低波动全收益指数,4689.06
20160921,H21157,中证沪港深红利成长低波动全收益指数,4707.27
20160922,H21157,中证沪港深红利成长低波动全收益指数,4737.97
20160923,H21157,中证沪港深红利成长低波动全收益指数,4714.84
20160926,H21157,中证沪港深红利成长低波动全收益指数,4616.28
20160927,H21157,中证沪港深红利成长低波动全收益指数,4653.42
20160928,H21157,中证沪港深红利成长低波动全收益指数,4637.88
20160929,H21157,中证沪港深红利成长低波动全收益指数,4655.94
20160930,H21157,中证沪港深红利成长低波动全收益指数,4632.9
20161003,H21157,中证沪港深红利成长低波动全收益指数,4644.66
20161004,H21157,中证沪港深红利成长低波动全收益指数,4647.98
20161005,H21157,中证沪港深红利成长低波动全收益指数,4653.62
20161006,H21157,中证沪港深红利成长低波动全收益指数,4658.91
20161007,H21157,中证沪港深红利成长低波动全收益指数,4650.71
20161010,H21157,中证沪港深红利成长低波动全收益指数,4692.67
20161011,H21157,中证沪港深红利成长低波动全收益指数,4686.78
20161012,H21157,中证沪港深红利成长低波动全收益指数,4685.64
20161013,H21157,中证沪港深红利成长低波动全收益指数,4673.91
20161014,H21157,中证沪港深红利成长低波动全收益指数,4681.79
20161017,H21157,中证沪港深红利成长低波动全收益指数,4652.98
20161018,H21157,中证沪港深红利成长低波动全收益指数,4731.08
20161019,H21157,中证沪港深红利成长低波动全收益指数,4727.19
20161020,H21157,中证沪港深红利成长低波动全收益指数,4741.21
20161021,H21157,中证沪港深红利成长低波动全收益指数,4766.66
20161024,H21157,中证沪港深红利成长低波动全收益指数,4818.6
20161025,H21157,中证沪港深红利成长低波动全收益指数,4809.53
20161026,H21157,中证沪港深红利成长低波动全收益指数,4773.2
20161027,H21157,中证沪港深红利成长低波动全收益指数,4762.39
20161028,H21157,中证沪港深红利成长低波动全收益指数,4739.72
20161031,H21157,中证沪港深红利成长低波动全收益指数,4735.99
20161101,H21157,中证沪港深红利成长低波动全收益指数,4785.66
20161102,H21157,中证沪港深红利成长低波动全收益指数,4728.25
20161103,H21157,中证沪港深红利成长低波动全收益指数,4750.33
20161104,H21157,中证沪港深红利成长低波动全收益指数,4736.79
20161107,H21157,中证沪港深红利成长低波动全收益指数,4755.31
20161108,H21157,中证沪港深红利成长低波动全收益指数,4782.11
20161109,H21157,中证沪港深红利成长低波动全收益指数,4731.53
20161110,H21157,中证沪港深红利成长低波动全收益指数,4796.16
20161111,H21157,中证沪港深红利成长低波动全收益指数,4787.05
20161114,H21157,中证沪港深红利成长低波动全收益指数,4782.91
20161115,H21157,中证沪港深红利成长低波动全收益指数,4794.81
20161116,H21157,中证沪港深红利成长低波动全收益指数,4804.36
20161117,H21157,中证沪港深红利成长低波动全收益指数,4809.59
20161118,H21157,中证沪港深红利成长低波动全收益指数,4818.93
20161121,H21157,中证沪港深红利成长低波动全收益指数,4835.49
20161122,H21157,中证沪港深红利成长低波动全收益指数,4869.45
20161123,H21157,中证沪港深红利成长低波动全收益指数,4878.86
20161124,H21157,中证沪港深红利成长低波动全收益指数,4902.28
20161125,H21157,中证沪港深红利成长低波动全收益指数,4932.08
20161128,H21157,中证沪港深红利成长低波动全收益指数,4975.68
20161129,H21157,中证沪港深红利成长低波动全收益指数,4993.41
20161130,H21157,中证沪港深红利成长低波动全收益指数,4943.49
20161201,H21157,中证沪港深红利成长低波动全收益指数,4971.28
20161202,H21157,中证沪港深红利成长低波动全收益指数,4913.96
20161205,H21157,中证沪港深红利成长低波动全收益指数,4832.67
20161206,H21157,中证沪港深红利成长低波动全收益指数,4825.28
20161207,H21157,中证沪港深红利成长低波动全收益指数,4853.9
20161208,H21157,中证沪港深红利成长低波动全收益指数,4854.63
20161209,H21157,中证沪港深红利成长低波动全收益指数,4877.41
20161212,H21157,中证沪港深红利成长低波动全收益指数,4792.28
20161213,H21157,中证沪港深红利成长低波动全收益指数,4787.64
20161214,H21157,中证沪港深红利成长低波动全收益指数,4760.54
20161215,H21157,中证沪港深红利成长低波动全收益指数,4708.09
20161216,H21157,中证沪港深红利成长低波动全收益指数,4724.73
20161219,H21157,中证沪港深红利成长低波动全收益指数,4691.66
20161220,H21157,中证沪港深红利成长低波动全收益指数,4664.96
20161221,H21157,中证沪港深红利成长低波动全收益指数,4684.66
20161222,H21157,中证沪港深红利成长低波动全收益指数,4658.65
20161223,H21157,中证沪港深红利成长低波动全收益指数,4631.54
20161226,H21157,中证沪港深红利成长低波动全收益指数,4636.15
20161227,H21157,中证沪港深红利成长低波动全收益指数,4638.85
20161228,H21157,中证沪港深红利成长低波动全收益指数,4668.05
20161229,H21157,中证沪港深红利成长低波动全收益指数,4675.92
20161230,H21157,中证沪港深红利成长低波动全收益指数,4718.92
20170102,H21157,中证沪港深红利成长低波动全收益指数,4718.92
20170103,H21157,中证沪港深红利成长低波动全收益指数,4744.7
20170104,H21157,中证沪港深红利成长低波动全收益指数,4766.66
20170105,H21157,中证沪港深红利成长低波动全收益指数,4752.83
20170106,H21157,中证沪港深红利成长低波动全收益指数,4768.17
20170109,H21157,中证沪港深红利成长低波动全收益指数,4802.66
20170110,H21157,中证沪港深红利成长低波动全收益指数,4826.84
20170111,H21157,中证沪港深红利成长低波动全收益指数,4822.15
20170112,H21157,中证沪港深红利成长低波动全收益指数,4805.78
20170113,H21157,中证沪港深红利成长低波动全收益指数,4800.77
20170116,H21157,中证沪港深红利成长低波动全收益指数,4782.24
20170117,H21157,中证沪港深红利成长低波动全收益指数,4805.19
20170118,H21157,中证沪港深红利成长低波动全收益指数,4846.94
20170119,H21157,中证沪港深红利成长低波动全收益指数,4856.57
20170120,H21157,中证沪港深红利成长低波动全收益指数,4857.39
20170123,H21157,中证沪港深红利成长低波动全收益指数,4860.63
20170124,H21157,中证沪港深红利成长低波动全收益指数,4888.04
20170125,H21157,中证沪港深红利成长低波动全收益指数,4923.24
20170126,H21157,中证沪港深红利成长低波动全收益指数,4951.06
20170127,H21157,中证沪港深红利成长低波动全收益指数,4940.82
20170130,H21157,中证沪港深红利成长低波动全收益指数,4940.82
20170131,H21157,中证沪港深红利成长低波动全收益指数,4940.82
20170201,H21157,中证沪港深红利成长低波动全收益指数,4933.7
20170202,H21157,中证沪港深红利成长低波动全收益指数,4912.06
20170203,H21157,中证沪港深红利成长低波动全收益指数,4900.17
20170206,H21157,中证沪港深红利成长低波动全收益指数,4939.49
20170207,H21157,中证沪港深红利成长低波动全收益指数,4963.14
20170208,H21157,中证沪港深红利成长低波动全收益指数,5024.08
20170209,H21157,中证沪港深红利成长低波动全收益指数,5056.47
20170210,H21157,中证沪港深红利成长低波动全收益指数,5074.91
20170213,H21157,中证沪港深红利成长低波动全收益指数,5108.92
20170214,H21157,中证沪港深红利成长低波动全收益指数,5105.63
20170215,H21157,中证沪港深红利成长低波动全收益指数,5115.52
20170216,H21157,中证沪港深红利成长低波动全收益指数,5122.73
20170217,H21157,中证沪港深红利成长低波动全收益指数,5086.99
20170220,H21157,中证沪港深红利成长低波动全收益指数,5152.06
20170221,H21157,中证沪港深红利成长低波动全收益指数,5144.14
20170222,H21157,中证沪港深红利成长低波动全收益指数,5212.49
20170223,H21157,中证沪港深红利成长低波动全收益指数,5193.77
20170224,H21157,中证沪港深红利成长低波动全收益指数,5156.27
20170227,H21157,中证沪港深红利成长低波动全收益指数,5124.1
20170228,H21157,中证沪港深红利成长低波动全收益指数,5123.47
20170301,H21157,中证沪港深红利成长低波动全收益指数,5150.78
20170302,H21157,中证沪港深红利成长低波动全收益指数,5138.92
20170303,H21157,中证沪港深红利成长低波动全收益指数,5134.14
20170306,H21157,中证沪港深红利成长低波动全收益指数,5157.9
20170307,H21157,中证沪港深红利成长低波动全收益指数,5191.79
20170308,H21157,中证沪港深红利成长低波动全收益指数,5208.13
20170309,H21157,中证沪港深红利成长低波动全收益指数,5150.93
20170310,H21157,中证沪港深红利成长低波动全收益指数,5162.48
20170313,H21157,中证沪港深红利成长低波动全收益指数,5249.13
20170314,H21157,中证沪港深红利成长低波动全收益指数,5260.4
20170315,H21157,中证沪港深红利成长低波动全收益指数,5278.97
20170316,H21157,中证沪港深红利成长低波动全收益指数,5326.0
20170317,H21157,中证沪港深红利成长低波动全收益指数,5299.47
20170320,H21157,中证沪港深红利成长低波动全收益指数,5296.87
20170321,H21157,中证沪港深红利成长低波动全收益指数,5330.13
20170322,H21157,中证沪港深红利成长低波动全收益指数,5276.23
20170323,H21157,中证沪港深红利成长低波动全收益指数,5313.92
20170324,H21157,中证沪港深红利成长低波动全收益指数,5353.87
20170327,H21157,中证沪港深红利成长低波动全收益指数,5289.4
20170328,H21157,中证沪港深红利成长低波动全收益指数,5308.38
20170329,H21157,中证沪港深红利成长低波动全收益指数,5300.93
20170330,H21157,中证沪港深红利成长低波动全收益指数,5256.58
20170331,H21157,中证沪港深红利成长低波动全收益指数,5251.16
20170403,H21157,中证沪港深红利成长低波动全收益指数,5277.23
20170404,H21157,中证沪港深红利成长低波动全收益指数,5277.23
20170405,H21157,中证沪港深红利成长低波动全收益指数,5353.94
20170406,H21157,中证沪港深红利成长低波动全收益指数,5363.79
20170407,H21157,中证沪港深红利成长低波动全收益指数,5393.85
20170410,H21157,中证沪港深红利成长低波动全收益指数,5397.07
20170411,H21157,中证沪港深红利成长低波动全收益指数,5409.14
20170412,H21157,中证沪港深红利成长低波动全收益指数,5417.47
20170413,H21157,中证沪港深红利成长低波动全收益指数,5428.95
20170414,H21157,中证沪港深红利成长低波动全收益指数,5405.33
20170417,H21157,中证沪港深红利成长低波动全收益指数,5402.7
20170418,H21157,中证沪港深红利成长低波动全收益指数,5362.23
20170419,H21157,中证沪港深红利成长低波动全收益指数,5333.92
20170420,H21157,中证沪港深红利成长低波动全收益指数,5383.57
20170421,H21157,中证沪港深红利成长低波动全收益指数,5376.37
20170424,H21157,中证沪港深红利成长低波动全收益指数,5344.2
20170425,H21157,中证沪港深红利成长低波动全收益指数,5384.37
20170426,H21157,中证沪港深红利成长低波动全收益指数,5415.65
20170427,H21157,中证沪港深红利成长低波动全收益指数,5371.02
20170428,H21157,中证沪港深红利成长低波动全收益指数,5358.38
20170501,H21157,中证沪港深红利成长低波动全收益指数,5358.38
20170502,H21157,中证沪港深红利成长低波动全收益指数,5351.03
20170503,H21157,中证沪港深红利成长低波动全收益指数,5334.05
20170504,H21157,中证沪港深红利成长低波动全收益指数,5306.21
20170505,H21157,中证沪港深红利成长低波动全收益指数,5250.66
20170508,H21157,中证沪港深红利成长低波动全收益指数,5249.81
20170509,H21157,中证沪港深红利成长低波动全收益指数,5269.46
20170510,H21157,中证沪港深红利成长低波动全收益指数,5262.9
20170511,H21157,中证沪港深红利成长低波动全收益指数,5269.6
20170512,H21157,中证沪港深红利成长低波动全收益指数,5294.55
20170515,H21157,中证沪港深红利成长低波动全收益指数,5299.42
20170516,H21157,中证沪港深红利成长低波动全收益指数,5336.09
20170517,H21157,中证沪港深红利成长低波动全收益指数,5314.69
20170518,H21157,中证沪港深红利成长低波动全收益指数,5272.43
20170519,H21157,中证沪港深红利成长低波动全收益指数,5297.79
20170522,H21157,中证沪港深红利成长低波动全收益指数,5320.42
20170523,H21157,中证沪港深红利成长低波动全收益指数,5327.03
20170524,H21157,中证沪港深红利成长低波动全收益指数,5345.87
20170525,H21157,中证沪港深红利成长低波动全收益指数,5410.13
20170526,H21157,中证沪港深红利成长低波动全收益指数,5406.25
20170529,H21157,中证沪港深红利成长低波动全收益指数,5447.48
20170530,H21157,中证沪港深红利成长低波动全收益指数,5447.48
20170531,H21157,中证沪港深红利成长低波动全收益指数,5451.24
20170601,H21157,中证沪港深红利成长低波动全收益指数,5449.16
20170602,H21157,中证沪港深红利成长低波动全收益指数,5467.0
20170605,H21157,中证沪港深红利成长低波动全收益指数,5469.32
20170606,H21157,中证沪港深红利成长低波动全收益指数,5489.44
20170607,H21157,中证沪港深红利成长低波动全收益指数,5535.31
20170608,H21157,中证沪港深红利成长低波动全收益指数,5589.09
20170609,H21157,中证沪港深红利成长低波动全收益指数,5573.1
20170612,H21157,中证沪港深红利成长低波动全收益指数,5576.71
20170613,H21157,中证沪港深红利成长低波动全收益指数,5589.34
20170614,H21157,中证沪港深红利成长低波动全收益指数,5550.25
20170615,H21157,中证沪港深红利成长低波动全收益指数,5532.62
20170616,H21157,中证沪港深红利成长低波动全收益指数,5543.43
20170619,H21157,中证沪港深红利成长低波动全收益指数,5580.64
20170620,H21157,中证沪港深红利成长低波动全收益指数,5572.39
20170621,H21157,中证沪港深红利成长低波动全收益指数,5587.69
20170622,H21157,中证沪港深红利成长低波动全收益指数,5575.98
20170623,H21157,中证沪港深红利成长低波动全收益指数,5604.22
20170626,H21157,中证沪港深红利成长低波动全收益指数,5695.43
20170627,H21157,中证沪港深红利成长低波动全收益指数,5697.58
20170628,H21157,中证沪港深红利成长低波动全收益指数,5664.89
20170629,H21157,中证沪港深红利成长低波动全收益指数,5718.35
20170630,H21157,中证沪港深红利成长低波动全收益指数,5715.31
20170703,H21157,中证沪港深红利成长低波动全收益指数,5750.15
20170704,H21157,中证沪港深红利成长低波动全收益指数,5698.63
20170705,H21157,中证沪港深红利成长低波动全收益指数,5751.67
20170706,H21157,中证沪港深红利成长低波动全收益指数,5769.65
20170707,H21157,中证沪港深红利成长低波动全收益指数,5775.33
20170710,H21157,中证沪港深红利成长低波动全收益指数,5770.07
20170711,H21157,中证沪港深红利成长低波动全收益指数,5779.71
20170712,H21157,中证沪港深红利成长低波动全收益指数,5789.93
20170713,H21157,中证沪港深红利成长低波动全收益指数,5854.12
20170714,H21157,中证沪港深红利成长低波动全收益指数,5873.63
20170717,H21157,中证沪港深红利成长低波动全收益指数,5768.46
20170718,H21157,中证沪港深红利成长低波动全收益指数,5772.87
20170719,H21157,中证沪港深红利成长低波动全收益指数,5865.19
20170720,H21157,中证沪港深红利成长低波动全收益指数,5864.9
20170721,H21157,中证沪港深红利成长低波动全收益指数,5885.38
20170724,H21157,中证沪港深红利成长低波动全收益指数,5901.2
20170725,H21157,中证沪港深红利成长低波动全收益指数,5854.53
20170726,H21157,中证沪港深红利成长低波动全收益指数,5847.7
20170727,H21157,中证沪港深红利成长低波动全收益指数,5863.33
20170728,H21157,中证沪港深红利成长低波动全收益指数,5861.61
20170731,H21157,中证沪港深红利成长低波动全收益指数,5911.0
20170801,H21157,中证沪港深红利成长低波动全收益指数,5894.77
20170802,H21157,中证沪港深红利成长低波动全收益指数,5881.62
20170803,H21157,中证沪港深红利成长低波动全收益指数,5868.83
20170804,H21157,中证沪港深红利成长低波动全收益指数,5858.41
20170807,H21157,中证沪港深红利成长低波动全收益指数,5890.99
20170808,H21157,中证沪港深红利成长低波动全收益指数,5902.75
20170809,H21157,中证沪港深红利成长低波动全收益指数,5910.97
20170810,H21157,中证沪港深红利成长低波动全收益指数,5862.25
20170811,H21157,中证沪港深红利成长低波动全收益指数,5764.53
20170814,H21157,中证沪港深红利成长低波动全收益指数,5850.85
20170815,H21157,中证沪港深红利成长低波动全收益指数,5861.85
20170816,H21157,中证沪港深红利成长低波动全收益指数,5899.92
20170817,H21157,中证沪港深红利成长低波动全收益指数,5917.73
20170818,H21157,中证沪港深红利成长低波动全收益指数,5910.7
20170821,H21157,中证沪港深红利成长低波动全收益指数,5913.99
20170822,H21157,中证沪港深红利成长低波动全收益指数,5911.5
20170823,H21157,中证沪港深红利成长低波动全收益指数,5896.92
20170824,H21157,中证沪港深红利成长低波动全收益指数,5892.16
20170825,H21157,中证沪港深红利成长低波动全收益指数,5949.3
20170828,H21157,中证沪港深红利成长低波动全收益指数,5969.09
20170829,H21157,中证沪港深红利成长低波动全收益指数,5944.23
20170830,H21157,中证沪港深红利成长低波动全收益指数,5974.63
20170831,H21157,中证沪港深红利成长低波动全收益指数,5973.12
20170901,H21157,中证沪港深红利成长低波动全收益指数,5995.52
20170904,H21157,中证沪港深红利成长低波动全收益指数,5972.97
20170905,H21157,中证沪港深红利成长低波动全收益指数,5996.13
20170906,H21157,中证沪港深红利成长低波动全收益指数,5965.25
20170907,H21157,中证沪港深红利成长低波动全收益指数,5951.22
20170908,H21157,中证沪港深红利成长低波动全收益指数,5979.8
20170911,H21157,中证沪港深红利成长低波动全收益指数,6025.78
20170912,H21157,中证沪港深红利成长低波动全收益指数,6040.73
20170913,H21157,中证沪港深红利成长低波动全收益指数,6073.04
20170914,H21157,中证沪港深红利成长低波动全收益指数,6085.68
20170915,H21157,中证沪港深红利成长低波动全收益指数,6081.25
20170918,H21157,中证沪港深红利成长低波动全收益指数,6138.84
20170919,H21157,中证沪港深红利成长低波动全收益指数,6119.87
20170920,H21157,中证沪港深红利成长低波动全收益指数,6149.41
20170921,H21157,中证沪港深红利成长低波动全收益指数,6138.02
20170922,H21157,中证沪港深红利成长低波动全收益指数,6102.86
20170925,H21157,中证沪港深红利成长低波动全收益指数,6002.98
20170926,H21157,中证沪港深红利成长低波动全收益指数,6014.27
20170927,H21157,中证沪港深红利成长低波动全收益指数,6066.49
20170928,H21157,中证沪港深红利成长低波动全收益指数,6060.63
20170929,H21157,中证沪港深红利成长低波动全收益指数,6091.69
20171002,H21157,中证沪港深红利成长低波动全收益指数,6091.69
20171003,H21157,中证沪港深红利成长低波动全收益指数,6163.51
20171004,H21157,中证沪港深红利成长低波动全收益指数,6182.62
20171005,H21157,中证沪港深红利成长低波动全收益指数,6182.62
20171006,H21157,中证沪港深红利成长低波动全收益指数,6205.36
20171009,H21157,中证沪港深红利成长低波动全收益指数,6252.23
20171010,H21157,中证沪港深红利成长低波动全收益指数,6264.58
20171011,H21157,中证沪港深红利成长低波动全收益指数,6247.36
20171012,H21157,中证沪港深红利成长低波动全收益指数,6236.96
20171013,H21157,中证沪港深红利成长低波动全收益指数,6271.44
20171016,H21157,中证沪港深红利成长低波动全收益指数,6260.18
20171017,H21157,中证沪港深红利成长低波动全收益指数,6282.19
20171018,H21157,中证沪港深红利成长低波动全收益指数,6276.91
20171019,H21157,中证沪港深红利成长低波动全收益指数,6217.22
20171020,H21157,中证沪港深红利成长低波动全收益指数,6286.53
20171023,H21157,中证沪港深红利成长低波动全收益指数,6331.06
20171024,H21157,中证沪港深红利成长低波动全收益指数,6269.35
20171025,H21157,中证沪港深红利成长低波动全收益指数,6321.26
20171026,H21157,中证沪港深红利成长低波动全收益指数,6300.18
20171027,H21157,中证沪港深红利成长低波动全收益指数,6287.55
20171030,H21157,中证沪港深红利成长低波动全收益指数,6240.85
20171031,H21157,中证沪港深红利成长低波动全收益指数,6273.85
20171101,H21157,中证沪港深红利成长低波动全收益指数,6286.37
20171102,H21157,中证沪港深红利成长低波动全收益指数,6270.63
20171103,H21157,中证沪港深红利成长低波动全收益指数,6208.78
20171106,H21157,中证沪港深红利成长低波动全收益指数,6265.03
20171107,H21157,中证沪港深红利成长低波动全收益指数,6285.3
20171108,H21157,中证沪港深红利成长低波动全收益指数,6290.85
20171109,H21157,中证沪港深红利成长低波动全收益指数,6332.53
20171110,H21157,中证沪港深红利成长低波动全收益指数,6339.01
20171113,H21157,中证沪港深红利成长低波动全收益指数,6332.23
20171114,H21157,中证沪港深红利成长低波动全收益指数,6305.79
20171115,H21157,中证沪港深红利成长低波动全收益指数,6246.83
20171116,H21157,中证沪港深红利成长低波动全收益指数,6277.96
20171117,H21157,中证沪港深红利成长低波动全收益指数,6194.42
20171120,H21157,中证沪港深红利成长低波动全收益指数,6201.16
20171121,H21157,中证沪港深红利成长低波动全收益指数,6243.22
20171122,H21157,中证沪港深红利成长低波动全收益指数,6247.8
20171123,H21157,中证沪港深红利成长低波动全收益指数,6119.66
20171124,H21157,中证沪港深红利成长低波动全收益指数,6146.14
20171127,H21157,中证沪港深红利成长低波动全收益指数,6086.15
20171128,H21157,中证沪港深红利成长低波动全收益指数,6109.67
20171129,H21157,中证沪港深红利成长低波动全收益指数,6154.13
20171130,H21157,中证沪港深红利成长低波动全收益指数,6107.53
20171201,H21157,中证沪港深红利成长低波动全收益指数,6119.97
20171204,H21157,中证沪港深红利成长低波动全收益指数,6120.01
20171205,H21157,中证沪港深红利成长低波动全收益指数,6052.16
20171206,H21157,中证沪港深红利成长低波动全收益指数,6009.88
20171207,H21157,中证沪港深红利成长低波动全收益指数,5984.43
20171208,H21157,中证沪港深红利成长低波动全收益指数,6057.12
20171211,H21157,中证沪港深红利成长低波动全收益指数,6111.51
20171212,H21157,中证沪港深红利成长低波动全收益指数,6076.9
20171213,H21157,中证沪港深红利成长低波动全收益指数,6133.33
20171214,H21157,中证沪港深红利成长低波动全收益指数,6136.38
20171215,H21157,中证沪港深红利成长低波动全收益指数,6070.5
20171218,H21157,中证沪港深红利成长低波动全收益指数,6076.18
20171219,H21157,中证沪港深红利成长低波动全收益指数,6118.28
20171220,H21157,中证沪港深红利成长低波动全收益指数,6100.41
20171221,H21157,中证沪港深红利成长低波动全收益指数,6142.99
20171222,H21157,中证沪港深红利成长低波动全收益指数,6162.27
20171225,H21157,中证沪港深红利成长低波动全收益指数,6140.95
20171226,H21157,中证沪港深红利成长低波动全收益指数,6153.6
20171227,H21157,中证沪港深红利成长低波动全收益指数,6125.65
20171228,H21157,中证沪港深红利成长低波动全收益指数,6137.92
20171229,H21157,中证沪港深红利成长低波动全收益指数,6162.18
20180101,H21157,中证沪港深红利成长低波动全收益指数,6162.18
20180102,H21157,中证沪港深红利成长低波动全收益指数,6248.66
20180103,H21157,中证沪港深红利成长低波动全收益指数,6283.97
20180104,H21157,中证沪港深红利成长低波动全收益指数,6316.21
20180105,H21157,中证沪港深红利成长低波动全收益指数,6324.91
20180108,H21157,中证沪港深红利成长低波动全收益指数,6373.19
20180109,H21157,中证沪港深红利成长低波动全收益指数,6387.58
20180110,H21157,中证沪港深红利成长低波动全收益指数,6400.95
20180111,H21157,中证沪港深红利成长低波动全收益指数,6372.29
20180112,H21157,中证沪港深红利成长低波动全收益指数,6390.6
20180115,H21157,中证沪港深红利成长低波动全收益指数,6330.68
20180116,H21157,中证沪港深红利成长低波动全收益指数,6458.8
20180117,H21157,中证沪港深红利成长低波动全收益指数,6481.95
20180118,H21157,中证沪港深红利成长低波动全收益指数,6521.02
20180119,H21157,中证沪港深红利成长低波动全收益指数,6514.03
20180122,H21157,中证沪港深红利成长低波动全收益指数,6603.25
20180123,H21157,中证沪港深红利成长低波动全收益指数,6656.9
20180124,H21157,中证沪港深红利成长低波动全收益指数,6669.37
20180125,H21157,中证沪港深红利成长低波动全收益指数,6594.79
20180126,H21157,中证沪港深红利成长低波动全收益指数,6662.19
20180129,H21157,中证沪港深红利成长低波动全收益指数,6622.61
20180130,H21157,中证沪港深红利成长低波动全收益指数,6552.14
20180131,H21157,中证沪港深红利成长低波动全收益指数,6544.51
20180201,H21157,中证沪港深红利成长低波动全收益指数,6483.83
20180202,H21157,中证沪港深红利成长低波动全收益指数,6475.34
20180205,H21157,中证沪港深红利成长低波动全收益指数,6470.48
20180206,H21157,中证沪港深红利成长低波动全收益指数,6172.6
20180207,H21157,中证沪港深红利成长低波动全收益指数,6084.57
20180208,H21157,中证沪港深红利成长低波动全收益指数,6115.06
20180209,H21157,中证沪港深红利成长低波动全收益指数,5863.77
20180212,H21157,中证沪港深红利成长低波动全收益指数,5930.41
20180213,H21157,中证沪港深红利成长低波动全收益指数,5998.5
20180214,H21157,中证沪港深红利成长低波动全收益指数,6070.05
20180215,H21157,中证沪港深红利成长低波动全收益指数,6107.54
20180216,H21157,中证沪港深红利成长低波动全收益指数,6107.54
20180219,H21157,中证沪港深红利成长低波动全收益指数,6107.54
20180220,H21157,中证沪港深红利成长低波动全收益指数,6105.15
20180221,H21157,中证沪港深红利成长低波动全收益指数,6168.54
20180222,H21157,中证沪港深红利成长低波动全收益指数,6189.11
20180223,H21157,中证沪港深红利成长低波动全收益指数,6233.84
20180226,H21157,中证沪港深红利成长低波动全收益指数,6275.4
20180227,H21157,中证沪港深红利成长低波动全收益指数,6215.34
20180228,H21157,中证沪港深红利成长低波动全收益指数,6187.27
20180301,H21157,中证沪港深红利成长低波动全收益指数,6215.06
20180302,H21157,中证沪港深红利成长低波动全收益指数,6161.9
20180305,H21157,中证沪港深红利成长低波动全收益指数,6077.71
20180306,H21157,中证沪港深红利成长低波动全收益指数,6185.56
20180307,H21157,中证沪港深红利成长低波动全收益指数,6121.78
20180308,H21157,中证沪港深红利成长低波动全收益指数,6193.3
20180309,H21157,中证沪港深红利成长低波动全收益指数,6242.01
20180312,H21157,中证沪港深红利成长低波动全收益指数,6312.06
20180313,H21157,中证沪港深红利成长低波动全收益指数,6314.4
20180314,H21157,中证沪港深红利成长低波动全收益指数,6281.22
20180315,H21157,中证沪港深红利成长低波动全收益指数,6294.35
20180316,H21157,中证沪港深红利成长低波动全收益指数,6281.36
20180319,H21157,中证沪港深红利成长低波动全收益指数,6274.64
20180320,H21157,中证沪港深红利成长低波动全收益指数,6280.1
20180321,H21157,中证沪港深红利成长低波动全收益指数,6264.6
20180322,H21157,中证沪港深红利成长低波动全收益指数,6207.71
20180323,H21157,中证沪港深红利成长低波动全收益指数,6047.34
20180326,H21157,中证沪港深红利成长低波动全收益指数,6030.27
20180327,H21157,中证沪港深红利成长低波动全收益指数,6081.57
20180328,H21157,中证沪港深红利成长低波动全收益指数,5984.89
20180329,H21157,中证沪港深红利成长低波动全收益指数,6021.93
20180330,H21157,中证沪港深红利成长低波动全收益指数,6018.69
20180402,H21157,中证沪港深红利成长低波动全收益指数,6017.65
20180403,H21157,中证沪港深红利成长低波动全收益指数,6056.61
20180404,H21157,中证沪港深红利成长低波动全收益指数,6019.76
20180405,H21157,中证沪港深红利成长低波动全收益指数,6019.76
20180406,H21157,中证沪港深红利成长低波动全收益指数,6049.25
20180409,H21157,中证沪港深红利成长低波动全收益指数,6095.01
20180410,H21157,中证沪港深红利成长低波动全收益指数,6134.5
20180411,H21157,中证沪港深红利成长低波动全收益指数,6149.63
20180412,H21157,中证沪港深红利成长低波动全收益指数,6111.55
20180413,H21157,中证沪港深红利成长低波动全收益指数,6050.18
20180416,H21157,中证沪港深红利成长低波动全收益指数,5952.7
20180417,H21157,中证沪港深红利成长低波动全收益指数,5873.78
20180418,H21157,中证沪港深红利成长低波动全收益指数,5901.28
20180419,H21157,中证沪港深红利成长低波动全收益指数,5968.15
20180420,H21157,中证沪港深红利成长低波动全收益指数,5892.95
20180423,H21157,中证沪港深红利成长低波动全收益指数,5861.68
20180424,H21157,中证沪港深红利成长低波动全收益指数,5969.87
20180425,H21157,中证沪港深红利成长低波动全收益指数,5965.2
20180426,H21157,中证沪港深红利成长低波动全收益指数,5927.33
20180427,H21157,中证沪港深红利成长低波动全收益指数,5955.46
20180430,H21157,中证沪港深红利成长低波动全收益指数,6024.05
20180501,H21157,中证沪港深红利成长低波动全收益指数,6024.05
20180502,H21157,中证沪港深红利成长低波动全收益指数,6020.7
20180503,H21157,中证沪港深红利成长低波动全收益指数,5993.64
20180504,H21157,中证沪港深红利成长低波动全收益指数,5970.63
20180507,H21157,中证沪港深红利成长低波动全收益指数,6033.55
20180508,H21157,中证沪港深红利成长低波动全收益指数,6085.07
20180509,H21157,中证沪港深红利成长低波动全收益指数,6090.06
20180510,H21157,中证沪港深红利成长低波动全收益指数,6100.0
20180511,H21157,中证沪港深红利成长低波动全收益指数,6100.55
20180514,H21157,中证沪港深红利成长低波动全收益指数,6164.65
20180515,H21157,中证沪港深红利成长低波动全收益指数,6179.63
20180516,H21157,中证沪港深红利成长低波动全收益指数,6179.74
20180517,H21157,中证沪港深红利成长低波动全收益指数,6125.86
20180518,H21157,中证沪港深红利成长低波动全收益指数,6157.1
20180521,H21157,中证沪港深红利成长低波动全收益指数,6206.63
20180522,H21157,中证沪港深红利成长低波动全收益指数,6198.57
20180523,H21157,中证沪港深红利成长低波动全收益指数,6135.27
20180524,H21157,中证沪港深红利成长低波动全收益指数,6141.38
20180525,H21157,中证沪港深红利成长低波动全收益指数,6131.9
20180528,H21157,中证沪港深红利成长低波动全收益指数,6176.98
20180529,H21157,中证沪港深红利成长低波动全收益指数,6140.49
20180530,H21157,中证沪港深红利成长低波动全收益指数,6052.97
20180531,H21157,中证沪港深红利成长低波动全收益指数,6178.67
20180601,H21157,中证沪港深红利成长低波动全收益指数,6183.47
20180604,H21157,中证沪港深红利成长低波动全收益指数,6231.89
20180605,H21157,中证沪港深红利成长低波动全收益指数,6231.75
20180606,H21157,中证沪港深红利成长低波动全收益指数,6247.89
20180607,H21157,中证沪港深红利成长低波动全收益指数,6260.51
20180608,H21157,中证沪港深红利成长低波动全收益指数,6180.38
20180611,H21157,中证沪港深红利成长低波动全收益指数,6160.73
20180612,H21157,中证沪港深红利成长低波动全收益指数,6209.49
20180613,H21157,中证沪港深红利成长低波动全收益指数,6153.59
20180614,H21157,中证沪港深红利成长低波动全收益指数,6117.22
20180615,H21157,中证沪港深红利成长低波动全收益指数,6091.82
20180618,H21157,中证沪港深红利成长低波动全收益指数,6091.82
20180619,H21157,中证沪港深红利成长低波动全收益指数,5855.31
20180620,H21157,中证沪港深红利成长低波动全收益指数,5895.77
20180621,H21157,中证沪港深红利成长低波动全收益指数,5854.23
20180622,H21157,中证沪港深红利成长低波动全收益指数,5894.3
20180625,H21157,中证沪港深红利成长低波动全收益指数,5832.88
20180626,H21157,中证沪港深红利成长低波动全收益指数,5795.87
20180627,H21157,中证沪港深红利成长低波动全收益指数,5729.82
20180628,H21157,中证沪港深红利成长低波动全收益指数,5678.64
20180629,H21157,中证沪港深红利成长低波动全收益指数,5783.84
20180702,H21157,中证沪港深红利成长低波动全收益指数,5692.46
20180703,H21157,中证沪港深红利成长低波动全收益指数,5683.21
20180704,H21157,中证沪港深红利成长低波动全收益指数,5612.57
20180705,H21157,中证沪港深红利成长低波动全收益指数,5551.58
20180706,H21157,中证沪港深红利成长低波动全收益指数,5573.62
20180709,H21157,中证沪港深红利成长低波动全收益指数,5677.86
20180710,H21157,中证沪港深红利成长低波动全收益指数,5703.28
20180711,H21157,中证沪港深红利成长低波动全收益指数,5633.12
20180712,H21157,中证沪港深红利成长低波动全收益指数,5725.38
20180713,H21157,中证沪港深红利成长低波动全收益指数,5750.01
20180716,H21157,中证沪港深红利成长低波动全收益指数,5724.39
20180717,H21157,中证沪港深红利成长低波动全收益指数,5703.38
20180718,H21157,中证沪港深红利成长低波动全收益指数,5716.79
20180719,H21157,中证沪港深红利成长低波动全收益指数,5707.38
20180720,H21157,中证沪港深红利成长低波动全收益指数,5793.45
20180723,H21157,中证沪港深红利成长低波动全收益指数,5859.07
20180724,H21157,中证沪港深红利成长低波动全收益指数,5992.79
20180725,H21157,中证沪港深红利成长低波动全收益指数,5999.55
20180726,H21157,中证沪港深红利成长低波动全收益指数,5986.68
20180727,H21157,中证沪港深红利成长低波动全收益指数,5996.99
20180730,H21157,中证沪港深红利成长低波动全收益指数,5977.24
20180731,H21157,中证沪港深红利成长低波动全收益指数,5979.36
20180801,H21157,中证沪港深红利成长低波动全收益指数,5916.92
20180802,H21157,中证沪港深红利成长低波动全收益指数,5819.55
20180803,H21157,中证沪港深红利成长低波动全收益指数,5767.94
20180806,H21157,中证沪港深红利成长低波动全收益指数,5707.73
20180807,H21157,中证沪港深红利成长低波动全收益指数,5855.03
20180808,H21157,中证沪港深红利成长低波动全收益指数,5811.23
20180809,H21157,中证沪港深红利成长低波动全收益指数,5886.72
20180810,H21157,中证沪港深红利成长低波动全收益指数,5904.62
20180813,H21157,中证沪港深红利成长低波动全收益指数,5854.7
20180814,H21157,中证沪港深红利成长低波动全收益指数,5837.85
20180815,H21157,中证沪港深红利成长低波动全收益指数,5740.79
20180816,H21157,中证沪港深红利成长低波动全收益指数,5706.17
20180817,H21157,中证沪港深红利成长低波动全收益指数,5646.14
20180820,H21157,中证沪港深红利成长低波动全收益指数,5673.06
20180821,H21157,中证沪港深红利成长低波动全收益指数,5748.38
20180822,H21157,中证沪港深红利成长低波动全收益指数,5714.74
20180823,H21157,中证沪港深红利成长低波动全收益指数,5718.93
20180824,H21157,中证沪港深红利成长低波动全收益指数,5708.84
20180827,H21157,中证沪港深红利成长低波动全收益指数,5794.38
20180828,H21157,中证沪港深红利成长低波动全收益指数,5794.42
20180829,H21157,中证沪港深红利成长低波动全收益指数,5787.78
20180830,H21157,中证沪港深红利成长低波动全收益指数,5733.46
20180831,H21157,中证沪港深红利成长低波动全收益指数,5695.25
20180903,H21157,中证沪港深红利成长低波动全收益指数,5679.48
20180904,H21157,中证沪港深红利成长低波动全收益指数,5724.39
20180905,H21157,中证沪港深红利成长低波动全收益指数,5622.99
20180906,H21157,中证沪港深红利成长低波动全收益指数,5566.08
20180907,H21157,中证沪港深红利成长低波动全收益指数,5573.54
20180910,H21157,中证沪港深红利成长低波动全收益指数,5518.92
20180911,H21157,中证沪港深红利成长低波动全收益指数,5485.84
20180912,H21157,中证沪港深红利成长低波动全收益指数,5474.13
20180913,H21157,中证沪港深红利成长低波动全收益指数,5539.34
20180914,H21157,中证沪港深红利成长低波动全收益指数,5568.39
20180917,H21157,中证沪港深红利成长低波动全收益指数,5507.81
20180918,H21157,中证沪港深红利成长低波动全收益指数,5609.58
20180919,H21157,中证沪港深红利成长低波动全收益指数,5673.83
20180920,H21157,中证沪港深红利成长低波动全收益指数,5671.96
20180921,H21157,中证沪港深红利成长低波动全收益指数,5789.06
20180924,H21157,中证沪港深红利成长低波动全收益指数,5770.81
20180925,H21157,中证沪港深红利成长低波动全收益指数,5734.56
20180926,H21157,中证沪港深红利成长低波动全收益指数,5768.04
20180927,H21157,中证沪港深红利成长低波动全收益指数,5743.36
20180928,H21157,中证沪港深红利成长低波动全收益指数,5802.34
20181001,H21157,中证沪港深红利成长低波动全收益指数,5802.34
20181002,H21157,中证沪港深红利成长低波动全收益指数,5757.58
20181003,H21157,中证沪港深红利成长低波动全收益指数,5762.45
20181004,H21157,中证沪港深红利成长低波动全收益指数,5731.99
20181005,H21157,中证沪港深红利成长低波动全收益指数,5727.46
20181008,H21157,中证沪港深红利成长低波动全收益指数,5606.59
20181009,H21157,中证沪港深红利成长低波动全收益指数,5586.65
20181010,H21157,中证沪港深红利成长低波动全收益指数,5596.89
20181011,H21157,中证沪港深红利成长低波动全收益指数,5316.01
20181012,H21157,中证沪港深红利成长低波动全收益指数,5365.45
20181015,H21157,中证沪港深红利成长低波动全收益指数,5288.88
20181016,H21157,中证沪港深红利成长低波动全收益指数,5233.11
20181017,H21157,中证沪港深红利成长低波动全收益指数,5253.43
20181018,H21157,中证沪港深红利成长低波动全收益指数,5192.64
20181019,H21157,中证沪港深红利成长低波动全收益指数,5288.15
20181022,H21157,中证沪港深红利成长低波动全收益指数,5476.69
20181023,H21157,中证沪港深红利成长低波动全收益指数,5347.27
20181024,H21157,中证沪港深红利成长低波动全收益指数,5345.95
20181025,H21157,中证沪港深红利成长低波动全收益指数,5325.53
20181026,H21157,中证沪港深红利成长低波动全收益指数,5315.71
20181029,H21157,中证沪港深红利成长低波动全收益指数,5248.07
20181030,H21157,中证沪港深红利成长低波动全收益指数,5285.89
20181031,H21157,中证沪港深红利成长低波动全收益指数,5369.07
20181101,H21157,中证沪港深红利成长低波动全收益指数,5412.07
20181102,H21157,中证沪港深红利成长低波动全收益指数,5542.27
20181105,H21157,中证沪港深红利成长低波动全收益指数,5518.18
20181106,H21157,中证沪港深红利成长低波动全收益指数,5550.25
20181107,H21157,中证沪港深红利成长低波动全收益指数,5535.88
20181108,H21157,中证沪港深红利成长低波动全收益指数,5523.27
20181109,H21157,中证沪港深红利成长低波动全收益指数,5464.94
20181112,H21157,中证沪港深红利成长低波动全收益指数,5526.93
20181113,H21157,中证沪港深红利成长低波动全收益指数,5593.49
20181114,H21157,中证沪港深红利成长低波动全收益指数,5572.57
20181115,H21157,中证沪港深红利成长低波动全收益指数,5656.98
20181116,H21157,中证沪港深红利成长低波动全收益指数,5707.16
20181119,H21157,中证沪港深红利成长低波动全收益指数,5761.9
20181120,H21157,中证沪港深红利成长低波动全收益指数,5643.67
20181121,H21157,中证沪港深红利成长低波动全收益指数,5651.88
20181122,H21157,中证沪港深红利成长低波动全收益指数,5641.88
20181123,H21157,中证沪港深红利成长低波动全收益指数,5533.04
20181126,H21157,中证沪港深红利成长低波动全收益指数,5543.47
20181127,H21157,中证沪港深红利成长低波动全收益指数,5537.83
20181128,H21157,中证沪港深红利成长低波动全收益指数,5594.89
20181129,H21157,中证沪港深红利成长低波动全收益指数,5547.36
20181130,H21157,中证沪港深红利成长低波动全收益指数,5540.55
20181203,H21157,中证沪港深红利成长低波动全收益指数,5651.58
20181204,H21157,中证沪港深红利成长低波动全收益指数,5670.67
20181205,H21157,中证沪港深红利成长低波动全收益指数,5622.92
20181206,H21157,中证沪港深红利成长低波动全收益指数,5528.83
20181207,H21157,中证沪港深红利成长低波动全收益指数,5527.72
20181210,H21157,中证沪港深红利成长低波动全收益指数,5469.09
20181211,H21157,中证沪港深红利成长低波动全收益指数,5479.24
20181212,H21157,中证沪港深红利成长低波动全收益指数,5515.62
20181213,H21157,中证沪港深红利成长低波动全收益指数,5617.33
20181214,H21157,中证沪港深红利成长低波动全收益指数,5535.82
20181217,H21157,中证沪港深红利成长低波动全收益指数,5526.04
20181218,H21157,中证沪港深红利成长低波动全收益指数,5487.99
20181219,H21157,中证沪港深红利成长低波动全收益指数,5485.37
20181220,H21157,中证沪港深红利成长低波动全收益指数,5454.74
20181221,H21157,中证沪港深红利成长低波动全收益指数,5426.51
20181224,H21157,中证沪港深红利成长低波动全收益指数,5429.05
20181225,H21157,中证沪港深红利成长低波动全收益指数,5408.64
20181226,H21157,中证沪港深红利成长低波动全收益指数,5416.45
20181227,H21157,中证沪港深红利成长低波动全收益指数,5397.54
20181228,H21157,中证沪港深红利成长低波动全收益指数,5416.39
20181231,H21157,中证沪港深红利成长低波动全收益指数,5458.22
20190101,H21157,中证沪港深红利成长低波动全收益指数,5458.22
20190102,H21157,中证沪港深红利成长低波动全收益指数,5365.38
20190103,H21157,中证沪港深红利成长低波动全收益指数,5357.66
20190104,H21157,中证沪港深红利成长低波动全收益指数,5413.13
20190107,H21157,中证沪港深红利成长低波动全收益指数,5459.87
20190108,H21157,中证沪港深红利成长低波动全收益指数,5472.08
20190109,H21157,中证沪港深红利成长低波动全收益指数,5516.43
20190110,H21157,中证沪港深红利成长低波动全收益指数,5499.3
20190111,H21157,中证沪港深红利成长低波动全收益指数,5512.68
20190114,H21157,中证沪港深红利成长低波动全收益指数,5480.76
20190115,H21157,中证沪港深红利成长低波动全收益指数,5547.47
20190116,H21157,中证沪港深红利成长低波动全收益指数,5575.87
20190117,H21157,中证沪港深红利成长低波动全收益指数,5562.33
20190118,H21157,中证沪港深红利成长低波动全收益指数,5607.72
20190121,H21157,中证沪港深红利成长低波动全收益指数,5650.12
20190122,H21157,中证沪港深红利成长低波动全收益指数,5615.18
20190123,H21157,中证沪港深红利成长低波动全收益指数,5625.71
20190124,H21157,中证沪港深红利成长低波动全收益指数,5655.17
20190125,H21157,中证沪港深红利成长低波动全收益指数,5695.8
20190128,H21157,中证沪港深红利成长低波动全收益指数,5670.87
20190129,H21157,中证沪港深红利成长低波动全收益指数,5653.23
20190130,H21157,中证沪港深红利成长低波动全收益指数,5625.77
20190131,H21157,中证沪港深红利成长低波动全收益指数,5675.13
20190201,H21157,中证沪港深红利成长低波动全收益指数,5738.54
20190204,H21157,中证沪港深红利成长低波动全收益指数,5749.12
20190205,H21157,中证沪港深红利成长低波动全收益指数,5749.12
20190206,H21157,中证沪港深红利成长低波动全收益指数,5749.12
20190207,H21157,中证沪港深红利成长低波动全收益指数,5749.12
20190208,H21157,中证沪港深红利成长低波动全收益指数,5741.41
20190211,H21157,中证沪港深红利成长低波动全收益指数,5793.21
20190212,H21157,中证沪港深红利成长低波动全收益指数,5813.92
20190213,H21157,中证沪港深红利成长低波动全收益指数,5877.23
20190214,H21157,中证沪港深红利成长低波动全收益指数,5890.53
20190215,H21157,中证沪港深红利成长低波动全收益指数,5801.96
20190218,H21157,中证沪港深红利成长低波动全收益指数,5911.66
20190219,H21157,中证沪港深红利成长低波动全收益指数,5898.67
20190220,H21157,中证沪港深红利成长低波动全收益指数,5910.45
20190221,H21157,中证沪港深红利成长低波动全收益指数,5912.19
20190222,H21157,中证沪港深红利成长低波动全收益指数,5978.68
20190225,H21157,中证沪港深红利成长低波动全收益指数,6134.23
20190226,H21157,中证沪港深红利成长低波动全收益指数,6107.03
20190227,H21157,中证沪港深红利成长低波动全收益指数,6070.6
20190228,H21157,中证沪港深红利成长低波动全收益指数,6043.51
20190301,H21157,中证沪港深红利成长低波动全收益指数,6104.64
20190304,H21157,中证沪港深红利成长低波动全收益指数,6177.97
20190305,H21157,中证沪港深红利成长低波动全收益指数,6214.01
20190306,H21157,中证沪港深红利成长低波动全收益指数,6262.21
20190307,H21157,中证沪港深红利成长低波动全收益指数,6236.15
20190308,H21157,中证沪港深红利成长低波动全收益指数,6033.45
20190311,H21157,中证沪港深红利成长低波动全收益指数,6115.76
20190312,H21157,中证沪港深红利成长低波动全收益指数,6197.07
20190313,H21157,中证沪港深红利成长低波动全收益指数,6141.33
20190314,H21157,中证沪港深红利成长低波动全收益指数,6089.3
20190315,H21157,中证沪港深红利成长低波动全收益指数,6142.27
20190318,H21157,中证沪港深红利成长低波动全收益指数,6245.56
20190319,H21157,中证沪港深红利成长低波动全收益指数,6256.59
20190320,H21157,中证沪港深红利成长低波动全收益指数,6223.17
20190321,H21157,中证沪港深红利成长低波动全收益指数,6213.38
20190322,H21157,中证沪港深红利成长低波动全收益指数,6250.25
20190325,H21157,中证沪港深红利成长低波动全收益指数,6164.04
20190326,H21157,中证沪港深红利成长低波动全收益指数,6112.07
20190327,H21157,中证沪港深红利成长低波动全收益指数,6157.22
20190328,H21157,中证沪港深红利成长低波动全收益指数,6137.16
20190329,H21157,中证沪港深红利成长低波动全收益指数,6195.73
20190401,H21157,中证沪港深红利成长低波动全收益指数,6322.6
20190402,H21157,中证沪港深红利成长低波动全收益指数,6332.65
20190403,H21157,中证沪港深红利成长低波动全收益指数,6410.18
20190404,H21157,中证沪港深红利成长低波动全收益指数,6450.3
20190405,H21157,中证沪港深红利成长低波动全收益指数,6450.3
20190408,H21157,中证沪港深红利成长低波动全收益指数,6463.57
20190409,H21157,中证沪港深红利成长低波动全收益指数,6446.99
20190410,H21157,中证沪港深红利成长低波动全收益指数,6469.86
20190411,H21157,中证沪港深红利成长低波动全收益指数,6369.97
20190412,H21157,中证沪港深红利成长低波动全收益指数,6370.39
20190415,H21157,中证沪港深红利成长低波动全收益指数,6350.3
20190416,H21157,中证沪港深红利成长低波动全收益指数,6404.18
20190417,H21157,中证沪港深红利成长低波动全收益指数,6426.01
20190418,H21157,中证沪港深红利成长低波动全收益指数,6388.04
20190425,H21157,中证沪港深红利成长低波动全收益指数,6187.08
20190426,H21157,中证沪港深红利成长低波动全收益指数,6136.87
20190429,H21157,中证沪港深红利成长低波动全收益指数,6132.78
20190430,H21157,中证沪港深红利成长低波动全收益指数,6135.21
20190502,H21157,中证沪港深红利成长低波动全收益指数,6126.77
20190503,H21157,中证沪港深红利成长低波动全收益指数,6157.78
20190506,H21157,中证沪港深红利成长低波动全收益指数,5914.86
20190507,H21157,中证沪港深红利成长低波动全收益指数,5947.53
20190508,H21157,中证沪港深红利成长低波动全收益指数,5865.16
20190509,H21157,中证沪港深红利成长低波动全收益指数,5786.45
20190510,H21157,中证沪港深红利成长低波动全收益指数,5862.97
20190513,H21157,中证沪港深红利成长低波动全收益指数,5865.83
20190514,H21157,中证沪港深红利成长低波动全收益指数,5812.55
20190515,H21157,中证沪港深红利成长低波动全收益指数,5862.82
20190516,H21157,中证沪港深红利成长低波动全收益指数,5902.23
20190517,H21157,中证沪港深红利成长低波动全收益指数,5814.02
20190520,H21157,中证沪港深红利成长低波动全收益指数,5766.66
20190521,H21157,中证沪港深红利成长低波动全收益指数,5820.15
20190522,H21157,中证沪港深红利成长低波动全收益指数,5799.5
20190523,H21157,中证沪港深红利成长低波动全收益指数,5732.7
20190524,H21157,中证沪港深红利成长低波动全收益指数,5735.55
20190527,H21157,中证沪港深红利成长低波动全收益指数,5761.43
20190528,H21157,中证沪港深红利成长低波动全收益指数,5796.04
20190529,H21157,中证沪港深红利成长低波动全收益指数,5784.99
20190530,H21157,中证沪港深红利成长低波动全收益指数,5792.74
20190531,H21157,中证沪港深红利成长低波动全收益指数,5778.22
20190603,H21157,中证沪港深红利成长低波动全收益指数,5764.86
20190604,H21157,中证沪港深红利成长低波动全收益指数,5713.65
20190605,H21157,中证沪港深红利成长低波动全收益指数,5721.76
20190606,H21157,中证沪港深红利成长低波动全收益指数,5711.77
20190610,H21157,中证沪港深红利成长低波动全收益指数,5785.32
20190611,H21157,中证沪港深红利成长低波动全收益指数,5895.91
20190612,H21157,中证沪港深红利成长低波动全收益指数,5847.89
20190613,H21157,中证沪港深红利成长低波动全收益指数,5848.6
20190614,H21157,中证沪港深红利成长低波动全收益指数,5794.5
20190617,H21157,中证沪港深红利成长低波动全收益指数,5805.47
20190618,H21157,中证沪港深红利成长低波动全收益指数,5807.96
20190619,H21157,中证沪港深红利成长低波动全收益指数,5873.88
20190620,H21157,中证沪港深红利成长低波动全收益指数,5965.55
20190621,H21157,中证沪港深红利成长低波动全收益指数,5976.48
20190624,H21157,中证沪港深红利成长低波动全收益指数,5990.14
20190625,H21157,中证沪港深红利成长低波动全收益指数,5945.18
20190626,H21157,中证沪港深红利成长低波动全收益指数,5945.05
20190627,H21157,中证沪港深红利成长低波动全收益指数,5981.72
20190628,H21157,中证沪港深红利成长低波动全收益指数,5962.29
20190701,H21157,中证沪港深红利成长低波动全收益指数,6044.37
20190702,H21157,中证沪港深红利成长低波动全收益指数,6071.0
20190703,H21157,中证沪港深红利成长低波动全收益指数,6061.54
20190704,H21157,中证沪港深红利成长低波动全收益指数,6069.2
20190705,H21157,中证沪港深红利成长低波动全收益指数,6075.79
20190708,H21157,中证沪港深红利成长低波动全收益指数,5938.49
20190709,H21157,中证沪港深红利成长低波动全收益指数,5916.75
20190710,H21157,中证沪港深红利成长低波动全收益指数,5897.69
20190711,H21157,中证沪港深红利成长低波动全收益指数,5906.63
20190712,H21157,中证沪港深红利成长低波动全收益指数,5957.81
20190715,H21157,中证沪港深红利成长低波动全收益指数,5975.85
20190716,H21157,中证沪港深红利成长低波动全收益指数,5997.04
20190717,H21157,中证沪港深红利成长低波动全收益指数,5979.29
20190718,H21157,中证沪港深红利成长低波动全收益指数,5935.74
20190719,H21157,中证沪港深红利成长低波动全收益指数,5992.39
20190722,H21157,中证沪港深红利成长低波动全收益指数,5944.3
20190723,H21157,中证沪港深红利成长低波动全收益指数,5960.41
20190724,H21157,中证沪港深红利成长低波动全收益指数,5973.2
20190725,H21157,中证沪港深红利成长低波动全收益指数,5993.01
20190726,H21157,中证沪港深红利成长低波动全收益指数,5996.7
20190729,H21157,中证沪港深红利成长低波动全收益指数,5980.94
20190730,H21157,中证沪港深红利成长低波动全收益指数,6009.51
20190731,H21157,中证沪港深红利成长低波动全收益指数,5955.57
20190801,H21157,中证沪港深红利成长低波动全收益指数,5916.82
20190802,H21157,中证沪港深红利成长低波动全收益指数,5841.73
20190805,H21157,中证沪港深红利成长低波动全收益指数,5749.38
20190806,H21157,中证沪港深红利成长低波动全收益指数,5665.41
20190807,H21157,中证沪港深红利成长低波动全收益指数,5661.48
20190808,H21157,中证沪港深红利成长低波动全收益指数,5710.17
20190809,H21157,中证沪港深红利成长低波动全收益指数,5671.74
20190812,H21157,中证沪港深红利成长低波动全收益指数,5725.65
20190813,H21157,中证沪港深红利成长低波动全收益指数,5669.39
20190814,H21157,中证沪港深红利成长低波动全收益指数,5669.86
20190815,H21157,中证沪港深红利成长低波动全收益指数,5690.37
20190816,H21157,中证沪港深红利成长低波动全收益指数,5717.68
20190819,H21157,中证沪港深红利成长低波动全收益指数,5829.92
20190820,H21157,中证沪港深红利成长低波动全收益指数,5833.43
20190821,H21157,中证沪港深红利成长低波动全收益指数,5835.84
20190822,H21157,中证沪港深红利成长低波动全收益指数,5821.56
20190823,H21157,中证沪港深红利成长低波动全收益指数,5823.58
20190826,H21157,中证沪港深红利成长低波动全收益指数,5761.43
20190827,H21157,中证沪港深红利成长低波动全收益指数,5823.7
20190828,H21157,中证沪港深红利成长低波动全收益指数,5817.81
20190829,H21157,中证沪港深红利成长低波动全收益指数,5795.08
20190830,H21157,中证沪港深红利成长低波动全收益指数,5771.76
20190902,H21157,中证沪港深红利成长低波动全收益指数,5855.24
20190903,H21157,中证沪港深红利成长低波动全收益指数,5860.33
20190904,H21157,中证沪港深红利成长低波动全收益指数,5946.06
20190905,H21157,中证沪港深红利成长低波动全收益指数,5968.31
20190906,H21157,中证沪港深红利成长低波动全收益指数,5993.16
20190909,H21157,中证沪港深红利成长低波动全收益指数,6023.06
20190910,H21157,中证沪港深红利成长低波动全收益指数,6011.44
20190911,H21157,中证沪港深红利成长低波动全收益指数,6017.22
20190912,H21157,中证沪港深红利成长低波动全收益指数,6045.9
20190913,H21157,中证沪港深红利成长低波动全收益指数,6057.91
20190916,H21157,中证沪港深红利成长低波动全收益指数,6050.3
20190917,H21157,中证沪港深红利成长低波动全收益指数,5965.03
20190918,H21157,中证沪港深红利成长低波动全收益指数,5980.57
20190919,H21157,中证沪港深红利成长低波动全收益指数,5975.48
20190920,H21157,中证沪港深红利成长低波动全收益指数,5976.03
20190923,H21157,中证沪港深红利成长低波动全收益指数,5926.65
20190924,H21157,中证沪港深红利成长低波动全收益指数,5916.88
20190925,H21157,中证沪港深红利成长低波动全收益指数,5864.37
20190926,H21157,中证沪港深红利成长低波动全收益指数,5841.94
20190927,H21157,中证沪港深红利成长低波动全收益指数,5832.49
20190930,H21157,中证沪港深红利成长低波动全收益指数,5822.08
20191002,H21157,中证沪港深红利成长低波动全收益指数,5821.48
20191003,H21157,中证沪港深红利成长低波动全收益指数,5816.61
20191004,H21157,中证沪港深红利成长低波动全收益指数,5810.44
20191008,H21157,中证沪港深红利成长低波动全收益指数,5852.77
20191009,H21157,中证沪港深红利成长低波动全收益指数,5885.11
20191010,H21157,中证沪港深红利成长低波动全收益指数,5925.86
20191011,H21157,中证沪港深红利成长低波动全收益指数,5997.01
20191014,H21157,中证沪港深红利成长低波动全收益指数,6069.27
20191015,H21157,中证沪港深红利成长低波动全收益指数,6048.68
20191016,H21157,中证沪港深红利成长低波动全收益指数,6031.71
20191017,H21157,中证沪港深红利成长低波动全收益指数,6029.71
20191018,H21157,中证沪港深红利成长低波动全收益指数,5967.67
20191021,H21157,中证沪港深红利成长低波动全收益指数,5979.02
20191022,H21157,中证沪港深红利成长低波动全收益指数,5984.42
20191023,H21157,中证沪港深红利成长低波动全收益指数,5958.18
20191024,H21157,中证沪港深红利成长低波动全收益指数,5979.29
20191025,H21157,中证沪港深红利成长低波动全收益指数,5985.09
20191028,H21157,中证沪港深红利成长低波动全收益指数,5990.81
20191029,H21157,中证沪港深红利成长低波动全收益指数,5963.23
20191030,H21157,中证沪港深红利成长低波动全收益指数,5932.18
20191031,H21157,中证沪港深红利成长低波动全收益指数,5896.65
20191101,H21157,中证沪港深红利成长低波动全收益指数,5967.89
20191104,H21157,中证沪港深红利成长低波动全收益指数,6016.28
20191105,H21157,中证沪港深红利成长低波动全收益指数,6045.59
20191106,H21157,中证沪港深红利成长低波动全收益指数,6024.78
20191107,H21157,中证沪港深红利成长低波动全收益指数,6040.47
20191108,H21157,中证沪港深红利成长低波动全收益指数,6006.16
20191111,H21157,中证沪港深红利成长低波动全收益指数,5887.59
20191112,H21157,中证沪港深红利成长低波动全收益指数,5930.35
20191113,H21157,中证沪港深红利成长低波动全收益指数,5878.26
20191114,H21157,中证沪港深红利成长低波动全收益指数,5877.48
20191115,H21157,中证沪港深红利成长低波动全收益指数,5830.67
20191118,H21157,中证沪港深红利成长低波动全收益指数,5872.21
20191119,H21157,中证沪港深红利成长低波动全收益指数,5936.39
20191120,H21157,中证沪港深红利成长低波动全收益指数,5891.98
20191121,H21157,中证沪港深红利成长低波动全收益指数,5863.94
20191122,H21157,中证沪港深红利成长低波动全收益指数,5852.68
20191125,H21157,中证沪港深红利成长低波动全收益指数,5927.25
20191126,H21157,中证沪港深红利成长低波动全收益指数,5920.2
20191127,H21157,中证沪港深红利成长低波动全收益指数,5907.0
20191128,H21157,中证沪港深红利成长低波动全收益指数,5888.6
20191129,H21157,中证沪港深红利成长低波动全收益指数,5866.48
20191202,H21157,中证沪港深红利成长低波动全收益指数,5878.7
20191203,H21157,中证沪港深红利成长低波动全收益指数,5896.84
20191204,H21157,中证沪港深红利成长低波动全收益指数,5879.11
20191205,H21157,中证沪港深红利成长低波动全收益指数,5910.98
20191206,H21157,中证沪港深红利成长低波动全收益指数,5917.7
20191209,H21157,中证沪港深红利成长低波动全收益指数,5952.68
20191210,H21157,中证沪港深红利成长低波动全收益指数,5937.81
20191211,H21157,中证沪港深红利成长低波动全收益指数,5959.61
20191212,H21157,中证沪港深红利成长低波动全收益指数,5952.75
20191213,H21157,中证沪港深红利成长低波动全收益指数,6031.13
20191216,H21157,中证沪港深红利成长低波动全收益指数,6053.05
20191217,H21157,中证沪港深红利成长低波动全收益指数,6126.35
20191218,H21157,中证沪港深红利成长低波动全收益指数,6120.18
20191219,H21157,中证沪港深红利成长低波动全收益指数,6116.46
20191220,H21157,中证沪港深红利成长低波动全收益指数,6109.66
20191223,H21157,中证沪港深红利成长低波动全收益指数,6079.18
20191224,H21157,中证沪港深红利成长低波动全收益指数,6089.35
20191225,H21157,中证沪港深红利成长低波动全收益指数,6073.77
20191226,H21157,中证沪港深红利成长低波动全收益指数,6094.64
20191227,H21157,中证沪港深红利成长低波动全收益指数,6131.69
20191230,H21157,中证沪港深红利成长低波动全收益指数,6164.04
20191231,H21157,中证沪港深红利成长低波动全收益指数,6160.96
20200102,H21157,中证沪港深红利成长低波动全收益指数,6250.25
20200103,H21157,中证沪港深红利成长低波动全收益指数,6248.16
20200106,H21157,中证沪港深红利成长低波动全收益指数,6205.81
20200107,H21157,中证沪港深红利成长低波动全收益指数,6207.83
20200108,H21157,中证沪港深红利成长低波动全收益指数,6118.2
20200109,H21157,中证沪港深红利成长低波动全收益指数,6194.88
20200110,H21157,中证沪港深红利成长低波动全收益指数,6193.44
20200113,H21157,中证沪港深红利成长低波动全收益指数,6194.22
20200114,H21157,中证沪港深红利成长低波动全收益指数,6188.46
20200115,H21157,中证沪港深红利成长低波动全收益指数,6154.85
20200116,H21157,中证沪港深红利成长低波动全收益指数,6156.95
20200117,H21157,中证沪港深红利成长低波动全收益指数,6164.62
20200120,H21157,中证沪港深红利成长低波动全收益指数,6140.57
20200121,H21157,中证沪港深红利成长低波动全收益指数,6022.98
20200122,H21157,中证沪港深红利成长低波动全收益指数,6068.91
20200123,H21157,中证沪港深红利成长低波动全收益指数,5932.71
20200124,H21157,中证沪港深红利成长低波动全收益指数,5946.72
20200129,H21157,中证沪港深红利成长低波动全收益指数,5806.7
20200130,H21157,中证沪港深红利成长低波动全收益指数,5726.59
20200131,H21157,中证沪港深红利成长低波动全收益指数,5700.58
20200203,H21157,中证沪港深红利成长低波动全收益指数,5545.64
20200204,H21157,中证沪港深红利成长低波动全收益指数,5619.89
20200205,H21157,中证沪港深红利成长低波动全收益指数,5679.8
20200206,H21157,中证沪港深红利成长低波动全收益指数,5795.37
20200207,H21157,中证沪港深红利成长低波动全收益指数,5785.23
20200210,H21157,中证沪港深红利成长低波动全收益指数,5800.94
20200211,H21157,中证沪港深红利成长低波动全收益指数,5829.29
20200212,H21157,中证沪港深红利成长低波动全收益指数,5862.72
20200213,H21157,中证沪港深红利成长低波动全收益指数,5837.5
20200214,H21157,中证沪港深红利成长低波动全收益指数,5855.69
20200217,H21157,中证沪港深红利成长低波动全收益指数,5911.02
20200218,H21157,中证沪港深红利成长低波动全收益指数,5881.36
20200219,H21157,中证沪港深红利成长低波动全收益指数,5890.7
20200220,H21157,中证沪港深红利成长低波动全收益指数,5920.31
20200221,H21157,中证沪港深红利成长低波动全收益指数,5901.38
20200224,H21157,中证沪港深红利成长低波动全收益指数,5813.94
20200225,H21157,中证沪港深红利成长低波动全收益指数,5759.22
20200226,H21157,中证沪港深红利成长低波动全收益指数,5768.57
20200227,H21157,中证沪港深红利成长低波动全收益指数,5812.95
20200228,H21157,中证沪港深红利成长低波动全收益指数,5652.86
20200302,H21157,中证沪港深红利成长低波动全收益指数,5790.33
20200303,H21157,中证沪港深红利成长低波动全收益指数,5808.44
20200304,H21157,中证沪港深红利成长低波动全收益指数,5818.18
20200305,H21157,中证沪港深红利成长低波动全收益指数,5897.26
20200306,H21157,中证沪港深红利成长低波动全收益指数,5786.21
20200309,H21157,中证沪港深红利成长低波动全收益指数,5568.13
20200310,H21157,中证沪港深红利成长低波动全收益指数,5632.22
20200311,H21157,中证沪港深红利成长低波动全收益指数,5602.97
20200312,H21157,中证沪港深红利成长低波动全收益指数,5477.57
20200313,H21157,中证沪港深红利成长低波动全收益指数,5404.51
20200316,H21157,中证沪港深红利成长低波动全收益指数,5214.88
20200317,H21157,中证沪港深红利成长低波动全收益指数,5188.12
20200318,H21157,中证沪港深红利成长低波动全收益指数,5036.2
20200319,H21157,中证沪港深红利成长低波动全收益指数,4924.84
20200320,H21157,中证沪港深红利成长低波动全收益指数,5107.58
20200323,H21157,中证沪港深红利成长低波动全收益指数,4944.14
20200324,H21157,中证沪港深红利成长低波动全收益指数,5108.64
20200325,H21157,中证沪港深红利成长低波动全收益指数,5282.68
20200326,H21157,中证沪港深红利成长低波动全收益指数,5258.7
20200327,H21157,中证沪港深红利成长低波动全收益指数,5303.11
20200330,H21157,中证沪港深红利成长低波动全收益指数,5270.53
20200331,H21157,中证沪港深红利成长低波动全收益指数,5340.59
20200401,H21157,中证沪港深红利成长低波动全收益指数,5263.93
20200402,H21157,中证沪港深红利成长低波动全收益指数,5279.77
20200403,H21157,中证沪港深红利成长低波动全收益指数,5261.05
20200406,H21157,中证沪港深红利成长低波动全收益指数,5299.19
20200407,H21157,中证沪港深红利成长低波动全收益指数,5401.01
20200408,H21157,中证沪港深红利成长低波动全收益指数,5378.57
20200409,H21157,中证沪港深红利成长低波动全收益指数,5427.58
20200410,H21157,中证沪港深红利成长低波动全收益指数,5401.1
20200413,H21157,中证沪港深红利成长低波动全收益指数,5406.55
20200414,H21157,中证沪港深红利成长低波动全收益指数,5442.88
20200415,H21157,中证沪港深红利成长低波动全收益指数,5390.62
20200416,H21157,中证沪港深红利成长低波动全收益指数,5368.26
20200417,H21157,中证沪港深红利成长低波动全收益指数,5425.74
20200420,H21157,中证沪港深红利成长低波动全收益指数,5434.23
20200421,H21157,中证沪港深红利成长低波动全收益指数,5369.99
20200422,H21157,中证沪港深红利成长低波动全收益指数,5392.5
20200423,H21157,中证沪港深红利成长低波动全收益指数,5389.32
20200424,H21157,中证沪港深红利成长低波动全收益指数,5356.31
20200427,H21157,中证沪港深红利成长低波动全收益指数,5444.9
20200428,H21157,中证沪港深红利成长低波动全收益指数,5466.6
20200429,H21157,中证沪港深红利成长低波动全收益指数,5509.91
20200430,H21157,中证沪港深红利成长低波动全收益指数,5522.75
20200504,H21157,中证沪港深红利成长低波动全收益指数,5401.51
20200505,H21157,中证沪港深红利成长低波动全收益指数,5411.75
20200506,H21157,中证沪港深红利成长低波动全收益指数,5470.77
20200507,H21157,中证沪港深红利成长低波动全收益指数,5445.77
20200508,H21157,中证沪港深红利成长低波动全收益指数,5495.03
20200511,H21157,中证沪港深红利成长低波动全收益指数,5529.52
20200512,H21157,中证沪港深红利成长低波动全收益指数,5478.39
20200513,H21157,中证沪港深红利成长低波动全收益指数,5471.48
20200514,H21157,中证沪港深红利成长低波动全收益指数,5394.91
20200515,H21157,中证沪港深红利成长低波动全收益指数,5392.19
20200518,H21157,中证沪港深红利成长低波动全收益指数,5423.44
20200519,H21157,中证沪港深红利成长低波动全收益指数,5501.39
20200520,H21157,中证沪港深红利成长低波动全收益指数,5470.72
20200521,H21157,中证沪港深红利成长低波动全收益指数,5444.73
20200522,H21157,中证沪港深红利成长低波动全收益指数,5291.54
20200525,H21157,中证沪港深红利成长低波动全收益指数,5311.48
20200526,H21157,中证沪港深红利成长低波动全收益指数,5351.79
20200527,H21157,中证沪港深红利成长低波动全收益指数,5372.72
20200528,H21157,中证沪港深红利成长低波动全收益指数,5375.3
20200529,H21157,中证沪港深红利成长低波动全收益指数,5378.77
20200601,H21157,中证沪港深红利成长低波动全收益指数,5482.01
20200602,H21157,中证沪港深红利成长低波动全收益指数,5504.82
20200603,H21157,中证沪港深红利成长低波动全收益指数,5517.37
20200604,H21157,中证沪港深红利成长低波动全收益指数,5522.46
20200605,H21157,中证沪港深红利成长低波动全收益指数,5554.42
20200608,H21157,中证沪港深红利成长低波动全收益指数,5554.3
20200609,H21157,中证沪港深红利成长低波动全收益指数,5593.42
20200610,H21157,中证沪港深红利成长低波动全收益指数,5571.28
20200611,H21157,中证沪港深红利成长低波动全收益指数,5468.06
20200612,H21157,中证沪港深红利成长低波动全收益指数,5442.48
20200615,H21157,中证沪港深红利成长低波动全收益指数,5423.61
20200616,H21157,中证沪港深红利成长低波动全收益指数,5494.46
20200617,H21157,中证沪港深红利成长低波动全收益指数,5519.73
20200618,H21157,中证沪港深红利成长低波动全收益指数,5536.82
20200619,H21157,中证沪港深红利成长低波动全收益指数,5565.2
20200622,H21157,中证沪港深红利成长低波动全收益指数,5536.52
20200623,H21157,中证沪港深红利成长低波动全收益指数,5525.51
20200624,H21157,中证沪港深红利成长低波动全收益指数,5547.92
20200626,H21157,中证沪港深红利成长低波动全收益指数,5542.57
20200629,H21157,中证沪港深红利成长低波动全收益指数,5505.93
20200630,H21157,中证沪港深红利成长低波动全收益指数,5558.5
20200701,H21157,中证沪港深红利成长低波动全收益指数,5666.53
20200702,H21157,中证沪港深红利成长低波动全收益指数,5826.69
20200703,H21157,中证沪港深红利成长低波动全收益指数,5932.23
20200706,H21157,中证沪港深红利成长低波动全收益指数,6312.93
20200707,H21157,中证沪港深红利成长低波动全收益指数,6286.97
20200708,H21157,中证沪港深红利成长低波动全收益指数,6364.01
20200709,H21157,中证沪港深红利成长低波动全收益指数,6438.72
20200710,H21157,中证沪港深红利成长低波动全收益指数,6298.64
20200713,H21157,中证沪港深红利成长低波动全收益指数,6394.0
20200714,H21157,中证沪港深红利成长低波动全收益指数,6334.91
20200715,H21157,中证沪港深红利成长低波动全收益指数,6206.7
20200716,H21157,中证沪港深红利成长低波动全收益指数,6042.02
20200717,H21157,中证沪港深红利成长低波动全收益指数,6029.29
20200720,H21157,中证沪港深红利成长低波动全收益指数,6234.87
20200721,H21157,中证沪港深红利成长低波动全收益指数,6207.64
20200722,H21157,中证沪港深红利成长低波动全收益指数,6187.92
20200723,H21157,中证沪港深红利成长低波动全收益指数,6146.57
20200724,H21157,中证沪港深红利成长低波动全收益指数,5975.03
20200727,H21157,中证沪港深红利成长低波动全收益指数,5954.44
20200728,H21157,中证沪港深红利成长低波动全收益指数,5974.51
20200729,H21157,中证沪港深红利成长低波动全收益指数,6065.86
20200730,H21157,中证沪港深红利成长低波动全收益指数,6079.45
20200731,H21157,中证沪港深红利成长低波动全收益指数,6103.71
20200803,H21157,中证沪港深红利成长低波动全收益指数,6213.95
20200804,H21157,中证沪港深红利成长低波动全收益指数,6263.7
20200805,H21157,中证沪港深红利成长低波动全收益指数,6210.33
20200806,H21157,中证沪港深红利成长低波动全收益指数,6198.16
20200807,H21157,中证沪港深红利成长低波动全收益指数,6127.58
20200810,H21157,中证沪港深红利成长低波动全收益指数,6207.97
20200811,H21157,中证沪港深红利成长低波动全收益指数,6148.7
20200812,H21157,中证沪港深红利成长低波动全收益指数,6157.94
20200813,H21157,中证沪港深红利成长低波动全收益指数,6189.62
20200814,H21157,中证沪港深红利成长低波动全收益指数,6257.56
20200817,H21157,中证沪港深红利成长低波动全收益指数,6384.83
20200818,H21157,中证沪港深红利成长低波动全收益指数,6367.9
20200819,H21157,中证沪港深红利成长低波动全收益指数,6291.51
20200820,H21157,中证沪港深红利成长低波动全收益指数,6205.0
20200821,H21157,中证沪港深红利成长低波动全收益指数,6236.45
20200824,H21157,中证沪港深红利成长低波动全收益指数,6229.8
20200825,H21157,中证沪港深红利成长低波动全收益指数,6213.0
20200826,H21157,中证沪港深红利成长低波动全收益指数,6149.13
20200827,H21157,中证沪港深红利成长低波动全收益指数,6149.69
20200828,H21157,中证沪港深红利成长低波动全收益指数,6231.91
20200831,H21157,中证沪港深红利成长低波动全收益指数,6178.51
20200901,H21157,中证沪港深红利成长低波动全收益指数,6187.25
20200902,H21157,中证沪港深红利成长低波动全收益指数,6157.29
20200903,H21157,中证沪港深红利成长低波动全收益指数,6122.62
20200904,H21157,中证沪港深红利成长低波动全收益指数,6082.75
20200907,H21157,中证沪港深红利成长低波动全收益指数,6042.97
20200908,H21157,中证沪港深红利成长低波动全收益指数,6132.94
20200909,H21157,中证沪港深红利成长低波动全收益指数,6074.32
20200910,H21157,中证沪港深红利成长低波动全收益指数,5996.09
20200911,H21157,中证沪港深红利成长低波动全收益指数,6011.67
20200914,H21157,中证沪港深红利成长低波动全收益指数,6049.82
20200915,H21157,中证沪港深红利成长低波动全收益指数,6036.7
20200916,H21157,中证沪港深红利成长低波动全收益指数,6041.0
20200917,H21157,中证沪港深红利成长低波动全收益指数,6006.2
20200918,H21157,中证沪港深红利成长低波动全收益指数,6142.07
20200921,H21157,中证沪港深红利成长低波动全收益指数,6097.25
20200922,H21157,中证沪港深红利成长低波动全收益指数,6010.56
20200923,H21157,中证沪港深红利成长低波动全收益指数,5992.49
20200924,H21157,中证沪港深红利成长低波动全收益指数,5869.49
20200925,H21157,中证沪港深红利成长低波动全收益指数,5840.36
20200928,H21157,中证沪港深红利成长低波动全收益指数,5862.46
20200929,H21157,中证沪港深红利成长低波动全收益指数,5860.69
20200930,H21157,中证沪港深红利成长低波动全收益指数,5826.98
20201005,H21157,中证沪港深红利成长低波动全收益指数,5831.01
20201006,H21157,中证沪港深红利成长低波动全收益指数,5832.71
20201007,H21157,中证沪港深红利成长低波动全收益指数,5836.93
20201008,H21157,中证沪港深红利成长低波动全收益指数,5845.7
20201009,H21157,中证沪港深红利成长低波动全收益指数,5918.76
20201012,H21157,中证沪港深红利成长低波动全收益指数,6060.23
20201013,H21157,中证沪港深红利成长低波动全收益指数,6063.73
20201014,H21157,中证沪港深红利成长低波动全收益指数,6014.03
20201015,H21157,中证沪港深红利成长低波动全收益指数,6009.14
20201016,H21157,中证沪港深红利成长低波动全收益指数,6044.03
20201019,H21157,中证沪港深红利成长低波动全收益指数,6025.33
20201020,H21157,中证沪港深红利成长低波动全收益指数,6016.35
20201021,H21157,中证沪港深红利成长低波动全收益指数,6019.18
20201022,H21157,中证沪港深红利成长低波动全收益指数,6002.93
20201023,H21157,中证沪港深红利成长低波动全收益指数,6006.32
20201026,H21157,中证沪港深红利成长低波动全收益指数,5950.43
20201027,H21157,中证沪港深红利成长低波动全收益指数,5923.1
20201028,H21157,中证沪港深红利成长低波动全收益指数,5911.21
20201029,H21157,中证沪港深红利成长低波动全收益指数,5899.15
20201030,H21157,中证沪港深红利成长低波动全收益指数,5805.55
20201102,H21157,中证沪港深红利成长低波动全收益指数,5819.32
20201103,H21157,中证沪港深红利成长低波动全收益指数,5894.59
20201104,H21157,中证沪港深红利成长低波动全收益指数,5886.19
20201105,H21157,中证沪港深红利成长低波动全收益指数,5955.19
20201106,H21157,中证沪港深红利成长低波动全收益指数,5954.83
20201109,H21157,中证沪港深红利成长低波动全收益指数,6019.73
20201110,H21157,中证沪港深红利成长低波动全收益指数,6019.92
20201111,H21157,中证沪港深红利成长低波动全收益指数,6069.68
20201112,H21157,中证沪港深红利成长低波动全收益指数,6035.3
20201113,H21157,中证沪港深红利成长低波动全收益指数,5954.77
20201116,H21157,中证沪港深红利成长低波动全收益指数,6013.38
20201117,H21157,中证沪港深红利成长低波动全收益指数,6050.49
20201118,H21157,中证沪港深红利成长低波动全收益指数,6087.33
20201119,H21157,中证沪港深红利成长低波动全收益指数,6107.28
20201120,H21157,中证沪港深红利成长低波动全收益指数,6088.39
20201123,H21157,中证沪港深红利成长低波动全收益指数,6179.07
20201124,H21157,中证沪港深红利成长低波动全收益指数,6153.03
20201125,H21157,中证沪港深红利成长低波动全收益指数,6105.47
20201126,H21157,中证沪港深红利成长低波动全收益指数,6122.96
20201127,H21157,中证沪港深红利成长低波动全收益指数,6178.12
20201130,H21157,中证沪港深红利成长低波动全收益指数,6145.47
20201201,H21157,中证沪港深红利成长低波动全收益指数,6245.18
20201202,H21157,中证沪港深红利成长低波动全收益指数,6241.84
20201203,H21157,中证沪港深红利成长低波动全收益指数,6218.38
20201204,H21157,中证沪港深红利成长低波动全收益指数,6169.62
20201207,H21157,中证沪港深红利成长低波动全收益指数,6078.99
20201208,H21157,中证沪港深红利成长低波动全收益指数,6036.54
20201209,H21157,中证沪港深红利成长低波动全收益指数,5972.55
20201210,H21157,中证沪港深红利成长低波动全收益指数,5963.57
20201211,H21157,中证沪港深红利成长低波动全收益指数,5902.23
20201214,H21157,中证沪港深红利成长低波动全收益指数,5906.73
20201215,H21157,中证沪港深红利成长低波动全收益指数,5902.86
20201216,H21157,中证沪港深红利成长低波动全收益指数,5890.3
20201217,H21157,中证沪港深红利成长低波动全收益指数,5934.91
20201218,H21157,中证沪港深红利成长低波动全收益指数,5963.41
20201221,H21157,中证沪港深红利成长低波动全收益指数,5964.57
20201222,H21157,中证沪港深红利成长低波动全收益指数,5840.85
20201223,H21157,中证沪港深红利成长低波动全收益指数,5843.16
20201224,H21157,中证沪港深红利成长低波动全收益指数,5803.51
20201225,H21157,中证沪港深红利成长低波动全收益指数,5853.41
20201228,H21157,中证沪港深红利成长低波动全收益指数,5840.11
20201229,H21157,中证沪港深红利成长低波动全收益指数,5820.83
20201230,H21157,中证沪港深红利成长低波动全收益指数,5836.75
20201231,H21157,中证沪港深红利成长低波动全收益指数,5895.59
20210104,H21157,中证沪港深红利成长低波动全收益指数,5905.17
20210105,H21157,中证沪港深红利成长低波动全收益指数,5907.94
20210106,H21157,中证沪港深红利成长低波动全收益指数,5915.91
20210107,H21157,中证沪港深红利成长低波动全收益指数,5864.62
20210108,H21157,中证沪港深红利成长低波动全收益指数,5891.38
20210111,H21157,中证沪港深红利成长低波动全收益指数,5787.85
20210112,H21157,中证沪港深红利成长低波动全收益指数,5866.76
20210113,H21157,中证沪港深红利成长低波动全收益指数,5877.58
20210114,H21157,中证沪港深红利成长低波动全收益指数,5916.73
20210115,H21157,中证沪港深红利成长低波动全收益指数,5933.44
20210118,H21157,中证沪港深红利成长低波动全收益指数,5987.93
20210119,H21157,中证沪港深红利成长低波动全收益指数,6002.15
20210120,H21157,中证沪港深红利成长低波动全收益指数,5965.55
20210121,H21157,中证沪港深红利成长低波动全收益指数,5974.85
20210122,H21157,中证沪港深红利成长低波动全收益指数,5891.05
20210125,H21157,中证沪港深红利成长低波动全收益指数,5835.49
20210126,H21157,中证沪港深红利成长低波动全收益指数,5803.14
20210127,H21157,中证沪港深红利成长低波动全收益指数,5832.32
20210128,H21157,中证沪港深红利成长低波动全收益指数,5743.74
20210129,H21157,中证沪港深红利成长低波动全收益指数,5705.79
20210201,H21157,中证沪港深红利成长低波动全收益指数,5749.48
20210202,H21157,中证沪港深红利成长低波动全收益指数,5777.07
20210203,H21157,中证沪港深红利成长低波动全收益指数,5740.02
20210204,H21157,中证沪港深红利成长低波动全收益指数,5664.01
20210205,H21157,中证沪港深红利成长低波动全收益指数,5643.67
20210208,H21157,中证沪港深红利成长低波动全收益指数,5691.89
20210209,H21157,中证沪港深红利成长低波动全收益指数,5775.9
20210210,H21157,中证沪港深红利成长低波动全收益指数,5772.67
20210211,H21157,中证沪港深红利成长低波动全收益指数,5778.41
20210216,H21157,中证沪港深红利成长低波动全收益指数,5784.41
20210217,H21157,中证沪港深红利成长低波动全收益指数,5794.87
20210218,H21157,中证沪港深红利成长低波动全收益指数,5914.74
20210219,H21157,中证沪港深红利成长低波动全收益指数,6065.02
20210222,H21157,中证沪港深红利成长低波动全收益指数,6096.72
20210223,H21157,中证沪港深红利成长低波动全收益指数,6060.24
20210224,H21157,中证沪港深红利成长低波动全收益指数,6008.35
20210225,H21157,中证沪港深红利成长低波动全收益指数,6077.63
20210226,H21157,中证沪港深红利成长低波动全收益指数,5978.57
20210301,H21157,中证沪港深红利成长低波动全收益指数,6076.92
20210302,H21157,中证沪港深红利成长低波动全收益指数,6071.91
20210303,H21157,中证沪港深红利成长低波动全收益指数,6193.82
20210304,H21157,中证沪港深红利成长低波动全收益指数,6161.78
20210305,H21157,中证沪港深红利成长低波动全收益指数,6124.92
20210308,H21157,中证沪港深红利成长低波动全收益指数,6070.56
20210309,H21157,中证沪港深红利成长低波动全收益指数,6005.26
20210310,H21157,中证沪港深红利成长低波动全收益指数,5967.83
20210311,H21157,中证沪港深红利成长低波动全收益指数,6068.69
20210312,H21157,中证沪港深红利成长低波动全收益指数,6143.63
20210315,H21157,中证沪港深红利成长低波动全收益指数,6181.06
20210316,H21157,中证沪港深红利成长低波动全收益指数,6205.77
20210317,H21157,中证沪港深红利成长低波动全收益指数,6180.96
20210318,H21157,中证沪港深红利成长低波动全收益指数,6203.76
20210319,H21157,中证沪港深红利成长低波动全收益指数,6158.87
20210322,H21157,中证沪港深红利成长低波动全收益指数,6254.01
20210323,H21157,中证沪港深红利成长低波动全收益指数,6189.38
20210324,H21157,中证沪港深红利成长低波动全收益指数,6112.65
20210325,H21157,中证沪港深红利成长低波动全收益指数,6092.68
20210326,H21157,中证沪港深红利成长低波动全收益指数,6152.89
20210329,H21157,中证沪港深红利成长低波动全收益指数,6209.22
20210330,H21157,中证沪港深红利成长低波动全收益指数,6187.92
20210331,H21157,中证沪港深红利成长低波动全收益指数,6221.34
20210401,H21157,中证沪港深红利成长低波动全收益指数,6232.32
20210402,H21157,中证沪港深红利成长低波动全收益指数,6197.19
20210406,H21157,中证沪港深红利成长低波动全收益指数,6209.33
20210407,H21157,中证沪港深红利成长低波动全收益指数,6240.84
20210408,H21157,中证沪港深红利成长低波动全收益指数,6207.14
20210409,H21157,中证沪港深红利成长低波动全收益指数,6195.12
20210412,H21157,中证沪港深红利成长低波动全收益指数,6159.04
20210413,H21157,中证沪港深红利成长低波动全收益指数,6105.33
20210414,H21157,中证沪港深红利成长低波动全收益指数,6156.86
20210415,H21157,中证沪港深红利成长低波动全收益指数,6144.22
20210416,H21157,中证沪港深红利成长低波动全收益指数,6248.1
20210419,H21157,中证沪港深红利成长低波动全收益指数,6269.99
20210420,H21157,中证沪港深红利成长低波动全收益指数,6239.7
20210421,H21157,中证沪港深红利成长低波动全收益指数,6228.93
20210422,H21157,中证沪港深红利成长低波动全收益指数,6246.26
20210423,H21157,中证沪港深红利成长低波动全收益指数,6214.04
20210426,H21157,中证沪港深红利成长低波动全收益指数,6182.18
20210427,H21157,中证沪港深红利成长低波动全收益指数,6161.72
20210428,H21157,中证沪港深红利成长低波动全收益指数,6207.62
20210429,H21157,中证沪港深红利成长低波动全收益指数,6196.57
20210430,H21157,中证沪港深红利成长低波动全收益指数,6120.03
20210503,H21157,中证沪港深红利成长低波动全收益指数,6131.5
20210504,H21157,中证沪港深红利成长低波动全收益指数,6126.28
20210505,H21157,中证沪港深红利成长低波动全收益指数,6128.52
20210506,H21157,中证沪港深红利成长低波动全收益指数,6151.92
20210507,H21157,中证沪港深红利成长低波动全收益指数,6184.89
20210510,H21157,中证沪港深红利成长低波动全收益指数,6212.43
20210511,H21157,中证沪港深红利成长低波动全收益指数,6201.27
20210512,H21157,中证沪港深红利成长低波动全收益指数,6222.25
20210513,H21157,中证沪港深红利成长低波动全收益指数,6154.18
20210514,H21157,中证沪港深红利成长低波动全收益指数,6214.48
20210517,H21157,中证沪港深红利成长低波动全收益指数,6205.4
20210518,H21157,中证沪港深红利成长低波动全收益指数,6226.26
20210519,H21157,中证沪港深红利成长低波动全收益指数,6185.48
20210520,H21157,中证沪港深红利成长低波动全收益指数,6150.36
20210521,H21157,中证沪港深红利成长低波动全收益指数,6154.38
20210524,H21157,中证沪港深红利成长低波动全收益指数,6154.68
20210525,H21157,中证沪港深红利成长低波动全收益指数,6189.06
20210526,H21157,中证沪港深红利成长低波动全收益指数,6223.7
20210527,H21157,中证沪港深红利成长低波动全收益指数,6245.41
20210528,H21157,中证沪港深红利成长低波动全收益指数,6234.0
20210531,H21157,中证沪港深红利成长低波动全收益指数,6248.72
20210601,H21157,中证沪港深红利成长低波动全收益指数,6269.58
20210602,H21157,中证沪港深红利成长低波动全收益指数,6271.64
20210603,H21157,中证沪港深红利成长低波动全收益指数,6283.51
20210604,H21157,中证沪港深红利成长低波动全收益指数,6287.73
20210607,H21157,中证沪港深红利成长低波动全收益指数,6269.55
20210608,H21157,中证沪港深红利成长低波动全收益指数,6227.93
20210609,H21157,中证沪港深红利成长低波动全收益指数,6247.73
20210610,H21157,中证沪港深红利成长低波动全收益指数,6250.13
20210611,H21157,中证沪港深红利成长低波动全收益指数,6226.52
20210615,H21157,中证沪港深红利成长低波动全收益指数,6169.3
20210616,H21157,中证沪港深红利成长低波动全收益指数,6137.96
20210617,H21157,中证沪港深红利成长低波动全收益指数,6134.0
20210618,H21157,中证沪港深红利成长低波动全收益指数,6153.89
20210621,H21157,中证沪港深红利成长低波动全收益指数,6200.27
20210622,H21157,中证沪港深红利成长低波动全收益指数,6254.45
20210623,H21157,中证沪港深红利成长低波动全收益指数,6264.41
20210624,H21157,中证沪港深红利成长低波动全收益指数,6286.62
20210625,H21157,中证沪港深红利成长低波动全收益指数,6281.81
20210628,H21157,中证沪港深红利成长低波动全收益指数,6280.08
20210629,H21157,中证沪港深红利成长低波动全收益指数,6212.72
20210630,H21157,中证沪港深红利成长低波动全收益指数,6224.13
20210701,H21157,中证沪港深红利成长低波动全收益指数,6206.24
20210702,H21157,中证沪港深红利成长低波动全收益指数,6169.29
20210705,H21157,中证沪港深红利成长低波动全收益指数,6154.09
20210706,H21157,中证沪港深红利成长低波动全收益指数,6172.86
20210707,H21157,中证沪港深红利成长低波动全收益指数,6181.7
20210708,H21157,中证沪港深红利成长低波动全收益指数,6113.14
20210709,H21157,中证沪港深红利成长低波动全收益指数,6152.43
20210712,H21157,中证沪港深红利成长低波动全收益指数,6185.61
20210713,H21157,中证沪港深红利成长低波动全收益指数,6234.26
20210714,H21157,中证沪港深红利成长低波动全收益指数,6210.69
20210715,H21157,中证沪港深红利成长低波动全收益指数,6216.86
20210716,H21157,中证沪港深红利成长低波动全收益指数,6207.5
20210719,H21157,中证沪港深红利成长低波动全收益指数,6191.98
20210720,H21157,中证沪港深红利成长低波动全收益指数,6164.64
20210721,H21157,中证沪港深红利成长低波动全收益指数,6172.48
20210722,H21157,中证沪港深红利成长低波动全收益指数,6207.82
20210723,H21157,中证沪港深红利成长低波动全收益指数,6170.82
20210726,H21157,中证沪港深红利成长低波动全收益指数,6076.04
20210727,H21157,中证沪港深红利成长低波动全收益指数,5969.94
20210728,H21157,中证沪港深红利成长低波动全收益指数,5892.75
20210729,H21157,中证沪港深红利成长低波动全收益指数,5921.34
20210730,H21157,中证沪港深红利成长低波动全收益指数,5962.9
20210802,H21157,中证沪港深红利成长低波动全收益指数,6095.89
20210803,H21157,中证沪港深红利成长低波动全收益指数,6131.08
20210804,H21157,中证沪港深红利成长低波动全收益指数,6136.55
20210805,H21157,中证沪港深红利成长低波动全收益指数,6111.08
20210806,H21157,中证沪港深红利成长低波动全收益指数,6113.16
20210809,H21157,中证沪港深红利成长低波动全收益指数,6212.1
20210810,H21157,中证沪港深红利成长低波动全收益指数,6268.21
20210811,H21157,中证沪港深红利成长低波动全收益指数,6288.42
20210812,H21157,中证沪港深红利成长低波动全收益指数,6261.46
20210813,H21157,中证沪港深红利成长低波动全收益指数,6292.4
20210816,H21157,中证沪港深红利成长低波动全收益指数,6343.94
20210817,H21157,中证沪港深红利成长低波动全收益指数,6240.46
20210818,H21157,中证沪港深红利成长低波动全收益指数,6350.42
20210819,H21157,中证沪港深红利成长低波动全收益指数,6279.92
20210820,H21157,中证沪港深红利成长低波动全收益指数,6250.76
20210823,H21157,中证沪港深红利成长低波动全收益指数,6331.14
20210824,H21157,中证沪港深红利成长低波动全收益指数,6392.29
20210825,H21157,中证沪港深红利成长低波动全收益指数,6436.28
20210826,H21157,中证沪港深红利成长低波动全收益指数,6437.24
20210827,H21157,中证沪港深红利成长低波动全收益指数,6494.8
20210830,H21157,中证沪港深红利成长低波动全收益指数,6509.89
20210831,H21157,中证沪港深红利成长低波动全收益指数,6608.01
20210901,H21157,中证沪港深红利成长低波动全收益指数,6645.22
20210902,H21157,中证沪港深红利成长低波动全收益指数,6781.53
20210903,H21157,中证沪港深红利成长低波动全收益指数,6781.4
20210906,H21157,中证沪港深红利成长低波动全收益指数,6863.62
20210907,H21157,中证沪港深红利成长低波动全收益指数,6970.86
20210908,H21157,中证沪港深红利成长低波动全收益指数,7065.79
20210909,H21157,中证沪港深红利成长低波动全收益指数,7163.49
20210910,H21157,中证沪港深红利成长低波动全收益指数,7138.55
20210913,H21157,中证沪港深红利成长低波动全收益指数,7217.0
20210914,H21157,中证沪港深红利成长低波动全收益指数,7027.0
20210915,H21157,中证沪港深红利成长低波动全收益指数,7044.61
20210916,H21157,中证沪港深红利成长低波动全收益指数,6950.25
20210917,H21157,中证沪港深红利成长低波动全收益指数,6938.96
20210920,H21157,中证沪港深红利成长低波动全收益指数,6918.06
20210921,H21157,中证沪港深红利成长低波动全收益指数,6920.83
20210922,H21157,中证沪港深红利成长低波动全收益指数,7011.84
20210923,H21157,中证沪港深红利成长低波动全收益指数,7121.45
20210924,H21157,中证沪港深红利成长低波动全收益指数,6940.23
20210927,H21157,中证沪港深红利成长低波动全收益指数,6705.38
20210928,H21157,中证沪港深红利成长低波动全收益指数,6787.75
20210929,H21157,中证沪港深红利成长低波动全收益指数,6598.09
20210930,H21157,中证沪港深红利成长低波动全收益指数,6662.06
20211004,H21157,中证沪港深红利成长低波动全收益指数,6645.66
20211005,H21157,中证沪港深红利成长低波动全收益指数,6649.78
20211006,H21157,中证沪港深红利成长低波动全收益指数,6642.21
20211007,H21157,中证沪港深红利成长低波动全收益指数,6645.69
20211008,H21157,中证沪港深红利成长低波动全收益指数,6682.21
20211011,H21157,中证沪港深红利成长低波动全收益指数,6590.35
20211012,H21157,中证沪港深红利成长低波动全收益指数,6438.5
20211013,H21157,中证沪港深红利成长低波动全收益指数,6390.5
20211014,H21157,中证沪港深红利成长低波动全收益指数,6407.76
20211015,H21157,中证沪港深红利成长低波动全收益指数,6373.8
20211018,H21157,中证沪港深红利成长低波动全收益指数,6426.65
20211019,H21157,中证沪港深红利成长低波动全收益指数,6478.22
20211020,H21157,中证沪港深红利成长低波动全收益指数,6471.7
20211021,H21157,中证沪港深红利成长低波动全收益指数,6486.7
20211022,H21157,中证沪港深红利成长低波动全收益指数,6410.79
20211025,H21157,中证沪港深红利成长低波动全收益指数,6481.73
20211026,H21157,中证沪港深红利成长低波动全收益指数,6462.01
20211027,H21157,中证沪港深红利成长低波动全收益指数,6403.82
20211028,H21157,中证沪港深红利成长低波动全收益指数,6337.25
20211029,H21157,中证沪港深红利成长低波动全收益指数,6404.87
20211101,H21157,中证沪港深红利成长低波动全收益指数,6468.0
20211102,H21157,中证沪港深红利成长低波动全收益指数,6344.73
20211103,H21157,中证沪港深红利成长低波动全收益指数,6374.19
20211104,H21157,中证沪港深红利成长低波动全收益指数,6423.05
20211105,H21157,中证沪港深红利成长低波动全收益指数,6313.14
20211108,H21157,中证沪港深红利成长低波动全收益指数,6318.07
20211109,H21157,中证沪港深红利成长低波动全收益指数,6345.83
20211110,H21157,中证沪港深红利成长低波动全收益指数,6335.94
20211111,H21157,中证沪港深红利成长低波动全收益指数,6396.23
20211112,H21157,中证沪港深红利成长低波动全收益指数,6380.85
20211115,H21157,中证沪港深红利成长低波动全收益指数,6390.53
20211116,H21157,中证沪港深红利成长低波动全收益指数,6369.02
20211117,H21157,中证沪港深红利成长低波动全收益指数,6411.7
20211118,H21157,中证沪港深红利成长低波动全收益指数,6393.63
20211119,H21157,中证沪港深红利成长低波动全收益指数,6474.94
20211122,H21157,中证沪港深红利成长低波动全收益指数,6525.55
20211123,H21157,中证沪港深红利成长低波动全收益指数,6561.72
20211124,H21157,中证沪港深红利成长低波动全收益指数,6581.29
20211125,H21157,中证沪港深红利成长低波动全收益指数,6589.6
20211126,H21157,中证沪港深红利成长低波动全收益指数,6566.73
20211129,H21157,中证沪港深红利成长低波动全收益指数,6541.46
20211130,H21157,中证沪港深红利成长低波动全收益指数,6548.16
20211201,H21157,中证沪港深红利成长低波动全收益指数,6615.07
20211202,H21157,中证沪港深红利成长低波动全收益指数,6635.44
20211203,H21157,中证沪港深红利成长低波动全收益指数,6750.24
20211206,H21157,中证沪港深红利成长低波动全收益指数,6667.79
20211207,H21157,中证沪港深红利成长低波动全收益指数,6681.09
20211208,H21157,中证沪港深红利成长低波动全收益指数,6721.54
20211209,H21157,中证沪港深红利成长低波动全收益指数,6747.29
20211210,H21157,中证沪港深红利成长低波动全收益指数,6692.21
20211213,H21157,中证沪港深红利成长低波动全收益指数,6678.31
20211214,H21157,中证沪港深红利成长低波动全收益指数,6639.65
20211215,H21157,中证沪港深红利成长低波动全收益指数,6662.74
20211216,H21157,中证沪港深红利成长低波动全收益指数,6703.48
20211217,H21157,中证沪港深红利成长低波动全收益指数,6706.12
20211220,H21157,中证沪港深红利成长低波动全收益指数,6685.07
20211221,H21157,中证沪港深红利成长低波动全收益指数,6769.7
20211222,H21157,中证沪港深红利成长低波动全收益指数,6777.11
20211223,H21157,中证沪港深红利成长低波动全收益指数,6798.16
20211224,H21157,中证沪港深红利成长低波动全收益指数,6783.06
20211227,H21157,中证沪港深红利成长低波动全收益指数,6795.17
20211228,H21157,中证沪港深红利成长低波动全收益指数,6792.53
20211229,H21157,中证沪港深红利成长低波动全收益指数,6782.23
20211230,H21157,中证沪港深红利成长低波动全收益指数,6798.43
20211231,H21157,中证沪港深红利成长低波动全收益指数,6860.65
20220103,H21157,中证沪港深红利成长低波动全收益指数,6874.49
20220104,H21157,中证沪港深红利成长低波动全收益指数,6987.89
20220105,H21157,中证沪港深红利成长低波动全收益指数,6975.09
20220106,H21157,中证沪港深红利成长低波动全收益指数,7006.72
20220107,H21157,中证沪港深红利成长低波动全收益指数,7069.3
20220110,H21157,中证沪港深红利成长低波动全收益指数,7135.67
20220111,H21157,中证沪港深红利成长低波动全收益指数,7173.65
20220112,H21157,中证沪港深红利成长低波动全收益指数,7168.58
20220113,H21157,中证沪港深红利成长低波动全收益指数,7166.76
20220114,H21157,中证沪港深红利成长低波动全收益指数,7098.97
20220117,H21157,中证沪港深红利成长低波动全收益指数,7101.42
20220118,H21157,中证沪港深红利成长低波动全收益指数,7118.58
20220119,H21157,中证沪港深红利成长低波动全收益指数,7176.04
20220120,H21157,中证沪港深红利成长低波动全收益指数,7165.64
20220121,H21157,中证沪港深红利成长低波动全收益指数,7119.73
20220124,H21157,中证沪港深红利成长低波动全收益指数,7119.28
20220125,H21157,中证沪港深红利成长低波动全收益指数,6947.22
20220126,H21157,中证沪港深红利成长低波动全收益指数,6976.98
20220127,H21157,中证沪港深红利成长低波动全收益指数,6924.98
20220128,H21157,中证沪港深红利成长低波动全收益指数,6904.17
20220131,H21157,中证沪港深红利成长低波动全收益指数,6925.07
20220204,H21157,中证沪港深红利成长低波动全收益指数,6978.15
20220207,H21157,中证沪港深红利成长低波动全收益指数,7116.08
20220208,H21157,中证沪港深红利成长低波动全收益指数,7226.2
20220209,H21157,中证沪港深红利成长低波动全收益指数,7267.18
20220210,H21157,中证沪港深红利成长低波动全收益指数,7318.5
20220211,H21157,中证沪港深红利成长低波动全收益指数,7208.97
20220214,H21157,中证沪港深红利成长低波动全收益指数,7113.35
20220215,H21157,中证沪港深红利成长低波动全收益指数,7034.11
20220216,H21157,中证沪港深红利成长低波动全收益指数,7115.19
20220217,H21157,中证沪港深红利成长低波动全收益指数,7072.0
20220218,H21157,中证沪港深红利成长低波动全收益指数,7164.04
20220221,H21157,中证沪港深红利成长低波动全收益指数,7184.06
20220222,H21157,中证沪港深红利成长低波动全收益指数,7104.35
20220223,H21157,中证沪港深红利成长低波动全收益指数,7081.36
20220224,H21157,中证沪港深红利成长低波动全收益指数,6906.09
20220225,H21157,中证沪港深红利成长低波动全收益指数,6886.64
20220228,H21157,中证沪港深红利成长低波动全收益指数,6892.96
20220301,H21157,中证沪港深红利成长低波动全收益指数,6939.27
20220302,H21157,中证沪港深红利成长低波动全收益指数,6909.39
20220303,H21157,中证沪港深红利成长低波动全收益指数,7021.07
20220304,H21157,中证沪港深红利成长低波动全收益指数,6956.12
20220307,H21157,中证沪港深红利成长低波动全收益指数,6843.74
20220308,H21157,中证沪港深红利成长低波动全收益指数,6686.53
20220309,H21157,中证沪港深红利成长低波动全收益指数,6624.95
20220310,H21157,中证沪港深红利成长低波动全收益指数,6744.68
20220311,H21157,中证沪港深红利成长低波动全收益指数,6746.12
20220314,H21157,中证沪港深红利成长低波动全收益指数,6628.62
20220315,H21157,中证沪港深红利成长低波动全收益指数,6281.7
20220316,H21157,中证沪港深红利成长低波动全收益指数,6434.07
20220317,H21157,中证沪港深红利成长低波动全收益指数,6648.25
20220318,H21157,中证沪港深红利成长低波动全收益指数,6762.31
20220321,H21157,中证沪港深红利成长低波动全收益指数,6725.4
20220322,H21157,中证沪港深红利成长低波动全收益指数,6778.44
20220323,H21157,中证沪港深红利成长低波动全收益指数,6782.49
20220324,H21157,中证沪港深红利成长低波动全收益指数,6772.43
20220325,H21157,中证沪港深红利成长低波动全收益指数,6750.45
20220328,H21157,中证沪港深红利成长低波动全收益指数,6790.97
20220329,H21157,中证沪港深红利成长低波动全收益指数,6788.86
20220330,H21157,中证沪港深红利成长低波动全收益指数,6895.05
20220331,H21157,中证沪港深红利成长低波动全收益指数,6924.33
20220401,H21157,中证沪港深红利成长低波动全收益指数,7029.96
20220404,H21157,中证沪港深红利成长低波动全收益指数,7071.6
20220406,H21157,中证沪港深红利成长低波动全收益指数,7153.45
20220407,H21157,中证沪港深红利成长低波动全收益指数,7028.81
20220408,H21157,中证沪港深红利成长低波动全收益指数,7107.0
20220411,H21157,中证沪港深红利成长低波动全收益指数,6994.49
20220412,H21157,中证沪港深红利成长低波动全收益指数,7005.41
20220413,H21157,中证沪港深红利成长低波动全收益指数,6955.71
20220414,H21157,中证沪港深红利成长低波动全收益指数,7027.52
20220415,H21157,中证沪港深红利成长低波动全收益指数,7008.93
20220418,H21157,中证沪港深红利成长低波动全收益指数,6963.62
20220419,H21157,中证沪港深红利成长低波动全收益指数,6979.13
20220420,H21157,中证沪港深红利成长低波动全收益指数,6866.84
20220421,H21157,中证沪港深红利成长低波动全收益指数,6773.58
20220422,H21157,中证沪港深红利成长低波动全收益指数,6844.3
20220425,H21157,中证沪港深红利成长低波动全收益指数,6646.0
20220426,H21157,中证沪港深红利成长低波动全收益指数,6611.85
20220427,H21157,中证沪港深红利成长低波动全收益指数,6674.09
20220428,H21157,中证沪港深红利成长低波动全收益指数,6845.6
20220429,H21157,中证沪港深红利成长低波动全收益指数,6939.8
20220503,H21157,中证沪港深红利成长低波动全收益指数,6928.06
20220504,H21157,中证沪港深红利成长低波动全收益指数,6945.06
20220505,H21157,中证沪港深红利成长低波动全收益指数,6920.52
20220506,H21157,中证沪港深红利成长低波动全收益指数,6775.24
20220509,H21157,中证沪港深红利成长低波动全收益指数,6828.1
20220510,H21157,中证沪港深红利成长低波动全收益指数,6886.64
20220511,H21157,中证沪港深红利成长低波动全收益指数,6866.05
20220512,H21157,中证沪港深红利成长低波动全收益指数,6881.8
20220513,H21157,中证沪港深红利成长低波动全收益指数,6957.29
20220516,H21157,中证沪港深红利成长低波动全收益指数,6972.14
20220517,H21157,中证沪港深红利成长低波动全收益指数,6920.75
20220518,H21157,中证沪港深红利成长低波动全收益指数,6912.63
20220519,H21157,中证沪港深红利成长低波动全收益指数,6947.93
20220520,H21157,中证沪港深红利成长低波动全收益指数,6983.48
20220523,H21157,中证沪港深红利成长低波动全收益指数,6957.02
20220524,H21157,中证沪港深红利成长低波动全收益指数,6810.04
20220525,H21157,中证沪港深红利成长低波动全收益指数,6909.21
20220526,H21157,中证沪港深红利成长低波动全收益指数,6979.98
20220527,H21157,中证沪港深红利成长低波动全收益指数,7010.96
20220530,H21157,中证沪港深红利成长低波动全收益指数,6986.94
20220531,H21157,中证沪港深红利成长低波动全收益指数,7014.72
20220601,H21157,中证沪港深红利成长低波动全收益指数,7028.68
20220602,H21157,中证沪港深红利成长低波动全收益指数,6983.73
20220606,H21157,中证沪港深红利成长低波动全收益指数,6967.71
20220607,H21157,中证沪港深红利成长低波动全收益指数,6986.64
20220608,H21157,中证沪港深红利成长低波动全收益指数,6984.06
20220609,H21157,中证沪港深红利成长低波动全收益指数,6997.02
20220610,H21157,中证沪港深红利成长低波动全收益指数,7027.25
20220613,H21157,中证沪港深红利成长低波动全收益指数,6941.02
20220614,H21157,中证沪港深红利成长低波动全收益指数,7014.52
20220615,H21157,中证沪港深红利成长低波动全收益指数,7067.84
20220616,H21157,中证沪港深红利成长低波动全收益指数,7004.95
20220617,H21157,中证沪港深红利成长低波动全收益指数,7004.47
20220620,H21157,中证沪港深红利成长低波动全收益指数,7006.19
20220621,H21157,中证沪港深红利成长低波动全收益指数,7023.12
20220622,H21157,中证沪港深红利成长低波动全收益指数,6929.06
20220623,H21157,中证沪港深红利成长低波动全收益指数,7000.45
20220624,H21157,中证沪港深红利成长低波动全收益指数,7008.93
20220627,H21157,中证沪港深红利成长低波动全收益指数,7055.42
20220628,H21157,中证沪港深红利成长低波动全收益指数,7127.4
20220629,H21157,中证沪港深红利成长低波动全收益指数,7106.79
20220630,H21157,中证沪港深红利成长低波动全收益指数,7149.22
20220701,H21157,中证沪港深红利成长低波动全收益指数,7162.3
20220704,H21157,中证沪港深红利成长低波动全收益指数,7168.72
20220705,H21157,中证沪港深红利成长低波动全收益指数,7157.77
20220706,H21157,中证沪港深红利成长低波动全收益指数,7056.05
20220707,H21157,中证沪港深红利成长低波动全收益指数,7081.92
20220708,H21157,中证沪港深红利成长低波动全收益指数,7092.25
20220711,H21157,中证沪港深红利成长低波动全收益指数,7070.73
20220712,H21157,中证沪港深红利成长低波动全收益指数,7056.63
20220713,H21157,中证沪港深红利成长低波动全收益指数,7030.26
20220714,H21157,中证沪港深红利成长低波动全收益指数,6979.81
20220715,H21157,中证沪港深红利成长低波动全收益指数,6869.67
20220718,H21157,中证沪港深红利成长低波动全收益指数,6992.78
20220719,H21157,中证沪港深红利成长低波动全收益指数,7026.64
20220720,H21157,中证沪港深红利成长低波动全收益指数,7078.48
20220721,H21157,中证沪港深红利成长低波动全收益指数,7011.74
20220722,H21157,中证沪港深红利成长低波动全收益指数,7007.62
20220725,H21157,中证沪港深红利成长低波动全收益指数,6983.26
20220726,H21157,中证沪港深红利成长低波动全收益指数,7076.23
20220727,H21157,中证沪港深红利成长低波动全收益指数,7058.35
20220728,H21157,中证沪港深红利成长低波动全收益指数,7089.06
20220729,H21157,中证沪港深红利成长低波动全收益指数,7025.63
20220801,H21157,中证沪港深红利成长低波动全收益指数,7014.34
20220802,H21157,中证沪港深红利成长低波动全收益指数,6814.51
20220803,H21157,中证沪港深红利成长低波动全收益指数,6735.14
20220804,H21157,中证沪港深红利成长低波动全收益指数,6802.46
20220805,H21157,中证沪港深红利成长低波动全收益指数,6871.55
20220808,H21157,中证沪港深红利成长低波动全收益指数,6892.52
20220809,H21157,中证沪港深红利成长低波动全收益指数,6898.9
20220810,H21157,中证沪港深红利成长低波动全收益指数,6878.27
20220811,H21157,中证沪港深红利成长低波动全收益指数,7006.13
20220812,H21157,中证沪港深红利成长低波动全收益指数,7017.11
20220815,H21157,中证沪港深红利成长低波动全收益指数,6991.45
20220816,H21157,中证沪港深红利成长低波动全收益指数,7013.09
20220817,H21157,中证沪港深红利成长低波动全收益指数,7044.34
20220818,H21157,中证沪港深红利成长低波动全收益指数,6989.8
20220819,H21157,中证沪港深红利成长低波动全收益指数,6996.87
20220822,H21157,中证沪港深红利成长低波动全收益指数,7050.13
20220823,H21157,中证沪港深红利成长低波动全收益指数,7046.0
20220824,H21157,中证沪港深红利成长低波动全收益指数,6937.48
20220825,H21157,中证沪港深红利成长低波动全收益指数,7024.43
20220826,H21157,中证沪港深红利成长低波动全收益指数,7030.67
20220829,H21157,中证沪港深红利成长低波动全收益指数,7048.18
20220830,H21157,中证沪港深红利成长低波动全收益指数,7051.28
20220831,H21157,中证沪港深红利成长低波动全收益指数,6989.39
20220901,H21157,中证沪港深红利成长低波动全收益指数,7002.14
20220902,H21157,中证沪港深红利成长低波动全收益指数,6996.03
20220905,H21157,中证沪港深红利成长低波动全收益指数,7042.35
20220906,H21157,中证沪港深红利成长低波动全收益指数,7106.11
20220907,H21157,中证沪港深红利成长低波动全收益指数,7082.67
20220908,H21157,中证沪港深红利成长低波动全收益指数,7079.76
20220909,H21157,中证沪港深红利成长低波动全收益指数,7148.14
20220913,H21157,中证沪港深红利成长低波动全收益指数,7134.46
20220914,H21157,中证沪港深红利成长低波动全收益指数,7071.76
20220915,H21157,中证沪港深红利成长低波动全收益指数,7047.24
20220916,H21157,中证沪港深红利成长低波动全收益指数,6882.0
20220919,H21157,中证沪港深红利成长低波动全收益指数,6869.16
20220920,H21157,中证沪港深红利成长低波动全收益指数,6878.14
20220921,H21157,中证沪港深红利成长低波动全收益指数,6911.28
20220922,H21157,中证沪港深红利成长低波动全收益指数,6885.63
20220923,H21157,中证沪港深红利成长低波动全收益指数,6857.58
20220926,H21157,中证沪港深红利成长低波动全收益指数,6733.41
20220927,H21157,中证沪港深红利成长低波动全收益指数,6816.33
20220928,H21157,中证沪港深红利成长低波动全收益指数,6733.66
20220929,H21157,中证沪港深红利成长低波动全收益指数,6675.89
20220930,H21157,中证沪港深红利成长低波动全收益指数,6677.49
20221003,H21157,中证沪港深红利成长低波动全收益指数,6655.36
20221005,H21157,中证沪港深红利成长低波动全收益指数,6701.01
20221006,H21157,中证沪港深红利成长低波动全收益指数,6694.14
20221007,H21157,中证沪港深红利成长低波动全收益指数,6681.53
20221010,H21157,中证沪港深红利成长低波动全收益指数,6638.25
20221011,H21157,中证沪港深红利成长低波动全收益指数,6649.42
20221012,H21157,中证沪港深红利成长低波动全收益指数,6743.62
20221013,H21157,中证沪港深红利成长低波动全收益指数,6717.47
20221014,H21157,中证沪港深红利成长低波动全收益指数,6813.77
20221017,H21157,中证沪港深红利成长低波动全收益指数,6839.41
20221018,H21157,中证沪港深红利成长低波动全收益指数,6831.09
20221019,H21157,中证沪港深红利成长低波动全收益指数,6802.58
20221020,H21157,中证沪港深红利成长低波动全收益指数,6775.97
20221021,H21157,中证沪港深红利成长低波动全收益指数,6812.16
20221024,H21157,中证沪港深红利成长低波动全收益指数,6642.02
20221025,H21157,中证沪港深红利成长低波动全收益指数,6631.18
20221026,H21157,中证沪港深红利成长低波动全收益指数,6648.36
20221027,H21157,中证沪港深红利成长低波动全收益指数,6678.5
20221028,H21157,中证沪港深红利成长低波动全收益指数,6529.48
20221031,H21157,中证沪港深红利成长低波动全收益指数,6480.21
20221101,H21157,中证沪港深红利成长低波动全收益指数,6590.12
20221102,H21157,中证沪港深红利成长低波动全收益指数,6666.67
20221103,H21157,中证沪港深红利成长低波动全收益指数,6623.68
20221104,H21157,中证沪港深红利成长低波动全收益指数,6725.49
20221107,H21157,中证沪港深红利成长低波动全收益指数,6750.27
20221108,H21157,中证沪港深红利成长低波动全收益指数,6750.16
20221109,H21157,中证沪港深红利成长低波动全收益指数,6746.47
20221110,H21157,中证沪港深红利成长低波动全收益指数,6727.4
20221111,H21157,中证沪港深红利成长低波动全收益指数,6851.84
20221114,H21157,中证沪港深红利成长低波动全收益指数,6865.23
20221115,H21157,中证沪港深红利成长低波动全收益指数,6947.88
20221116,H21157,中证沪港深红利成长低波动全收益指数,6910.65
20221117,H21157,中证沪港深红利成长低波动全收益指数,6932.08
20221118,H21157,中证沪港深红利成长低波动全收益指数,6909.04
20221121,H21157,中证沪港深红利成长低波动全收益指数,6906.16
20221122,H21157,中证沪港深红利成长低波动全收益指数,6972.55
20221123,H21157,中证沪港深红利成长低波动全收益指数,6987.73
20221124,H21157,中证沪港深红利成长低波动全收益指数,7001.72
20221125,H21157,中证沪港深红利成长低波动全收益指数,7097.69
20221128,H21157,中证沪港深红利成长低波动全收益指数,7037.07
20221129,H21157,中证沪港深红利成长低波动全收益指数,7215.9
20221130,H21157,中证沪港深红利成长低波动全收益指数,7230.13
20221201,H21157,中证沪港深红利成长低波动全收益指数,7206.24
20221202,H21157,中证沪港深红利成长低波动全收益指数,7156.16
20221205,H21157,中证沪港深红利成长低波动全收益指数,7298.4
20221206,H21157,中证沪港深红利成长低波动全收益指数,7283.41
20221207,H21157,中证沪港深红利成长低波动全收益指数,7232.42
20221208,H21157,中证沪港深红利成长低波动全收益指数,7272.43
20221209,H21157,中证沪港深红利成长低波动全收益指数,7268.49
20221212,H21157,中证沪港深红利成长低波动全收益指数,7219.69
20221213,H21157,中证沪港深红利成长低波动全收益指数,7218.98
20221214,H21157,中证沪港深红利成长低波动全收益指数,7205.73
20221215,H21157,中证沪港深红利成长低波动全收益指数,7162.35
20221216,H21157,中证沪港深红利成长低波动全收益指数,7193.06
20221219,H21157,中证沪港深红利成长低波动全收益指数,7040.48
20221220,H21157,中证沪港深红利成长低波动全收益指数,6987.12
20221221,H21157,中证沪港深红利成长低波动全收益指数,7000.19
20221222,H21157,中证沪港深红利成长低波动全收益指数,6998.15
20221223,H21157,中证沪港深红利成长低波动全收益指数,6971.22
20221226,H21157,中证沪港深红利成长低波动全收益指数,6968.74
20221227,H21157,中证沪港深红利成长低波动全收益指数,7017.03
20221228,H21157,中证沪港深红利成长低波动全收益指数,7092.11
20221229,H21157,中证沪港深红利成长低波动全收益指数,7057.37
20221230,H21157,中证沪港深红利成长低波动全收益指数,7084.44
20230103,H21157,中证沪港深红利成长低波动全收益指数,7131.73
20230104,H21157,中证沪港深红利成长低波动全收益指数,7221.61
20230105,H21157,中证沪港深红利成长低波动全收益指数,7228.96
20230106,H21157,中证沪港深红利成长低波动全收益指数,7204.93
20230109,H21157,中证沪港深红利成长低波动全收益指数,7191.35
20230110,H21157,中证沪港深红利成长低波动全收益指数,7154.97
20230111,H21157,中证沪港深红利成长低波动全收益指数,7155.5
20230112,H21157,中证沪港深红利成长低波动全收益指数,7157.44
20230113,H21157,中证沪港深红利成长低波动全收益指数,7222.19
20230116,H21157,中证沪港深红利成长低波动全收益指数,7264.13
20230117,H21157,中证沪港深红利成长低波动全收益指数,7249.49
20230118,H21157,中证沪港深红利成长低波动全收益指数,7290.68
20230119,H21157,中证沪港深红利成长低波动全收益指数,7296.65
20230120,H21157,中证沪港深红利成长低波动全收益指数,7360.72
20230126,H21157,中证沪港深红利成长低波动全收益指数,7388.32
20230127,H21157,中证沪港深红利成长低波动全收益指数,7408.3
20230130,H21157,中证沪港深红利成长低波动全收益指数,7346.56
20230131,H21157,中证沪港深红利成长低波动全收益指数,7308.65
20230201,H21157,中证沪港深红利成长低波动全收益指数,7355.32
20230202,H21157,中证沪港深红利成长低波动全收益指数,7319.4
20230203,H21157,中证沪港深红利成长低波动全收益指数,7271.03
20230206,H21157,中证沪港深红利成长低波动全收益指数,7227.96
20230207,H21157,中证沪港深红利成长低波动全收益指数,7265.31
20230208,H21157,中证沪港深红利成长低波动全收益指数,7244.27
20230209,H21157,中证沪港深红利成长低波动全收益指数,7291.5
20230210,H21157,中证沪港深红利成长低波动全收益指数,7305.27
20230213,H21157,中证沪港深红利成长低波动全收益指数,7338.29
20230214,H21157,中证沪港深红利成长低波动全收益指数,7363.7
20230215,H21157,中证沪港深红利成长低波动全收益指数,7340.32
20230216,H21157,中证沪港深红利成长低波动全收益指数,7311.28
20230217,H21157,中证沪港深红利成长低波动全收益指数,7302.72
20230220,H21157,中证沪港深红利成长低波动全收益指数,7435.69
20230221,H21157,中证沪港深红利成长低波动全收益指数,7455.4
20230222,H21157,中证沪港深红利成长低波动全收益指数,7434.09
20230223,H21157,中证沪港深红利成长低波动全收益指数,7431.68
20230224,H21157,中证沪港深红利成长低波动全收益指数,7408.15
20230227,H21157,中证沪港深红利成长低波动全收益指数,7369.06
20230228,H21157,中证沪港深红利成长低波动全收益指数,7369.65
20230301,H21157,中证沪港深红利成长低波动全收益指数,7467.03
20230302,H21157,中证沪港深红利成长低波动全收益指数,7531.82
20230303,H21157,中证沪港深红利成长低波动全收益指数,7600.38
20230306,H21157,中证沪港深红利成长低波动全收益指数,7630.54
20230307,H21157,中证沪港深红利成长低波动全收益指数,7607.13
20230308,H21157,中证沪港深红利成长低波动全收益指数,7618.13
20230309,H21157,中证沪港深红利成长低波动全收益指数,7569.02
20230310,H21157,中证沪港深红利成长低波动全收益指数,7439.2
20230313,H21157,中证沪港深红利成长低波动全收益指数,7539.09
20230314,H21157,中证沪港深红利成长低波动全收益指数,7434.89
20230315,H21157,中证沪港深红利成长低波动全收益指数,7572.98
20230316,H21157,中证沪港深红利成长低波动全收益指数,7576.76
20230317,H21157,中证沪港深红利成长低波动全收益指数,7648.13
20230320,H21157,中证沪港深红利成长低波动全收益指数,7589.93
20230321,H21157,中证沪港深红利成长低波动全收益指数,7579.6
20230322,H21157,中证沪港深红利成长低波动全收益指数,7655.52
20230323,H21157,中证沪港深红利成长低波动全收益指数,7689.62
20230324,H21157,中证沪港深红利成长低波动全收益指数,7614.86
20230327,H21157,中证沪港深红利成长低波动全收益指数,7561.73
20230328,H21157,中证沪港深红利成长低波动全收益指数,7610.33
20230329,H21157,中证沪港深红利成长低波动全收益指数,7604.94
20230330,H21157,中证沪港深红利成长低波动全收益指数,7604.93
20230331,H21157,中证沪港深红利成长低波动全收益指数,7620.72
20230403,H21157,中证沪港深红利成长低波动全收益指数,7644.84
20230404,H21157,中证沪港深红利成长低波动全收益指数,7720.8
20230406,H21157,中证沪港深红利成长低波动全收益指数,7710.63
20230407,H21157,中证沪港深红利成长低波动全收益指数,7707.78
20230410,H21157,中证沪港深红利成长低波动全收益指数,7688.69
20230411,H21157,中证沪港深红利成长低波动全收益指数,7723.48
20230412,H21157,中证沪港深红利成长低波动全收益指数,7795.4
20230413,H21157,中证沪港深红利成长低波动全收益指数,7815.57
20230414,H21157,中证沪港深红利成长低波动全收益指数,7831.04
20230417,H21157,中证沪港深红利成长低波动全收益指数,7974.43
20230418,H21157,中证沪港深红利成长低波动全收益指数,8008.71
20230419,H21157,中证沪港深红利成长低波动全收益指数,7992.1
20230420,H21157,中证沪港深红利成长低波动全收益指数,8054.02
20230421,H21157,中证沪港深红利成长低波动全收益指数,7972.5
20230424,H21157,中证沪港深红利成长低波动全收益指数,7962.29
20230425,H21157,中证沪港深红利成长低波动全收益指数,8004.8
20230426,H21157,中证沪港深红利成长低波动全收益指数,7962.41
20230427,H21157,中证沪港深红利成长低波动全收益指数,8046.49
20230428,H21157,中证沪港深红利成长低波动全收益指数,8121.91
20230502,H21157,中证沪港深红利成长低波动全收益指数,8123.1
20230503,H21157,中证沪港深红利成长低波动全收益指数,8095.04
20230504,H21157,中证沪港深红利成长低波动全收益指数,8309.9
20230505,H21157,中证沪港深红利成长低波动全收益指数,8289.26
20230508,H21157,中证沪港深红利成长低波动全收益指数,8492.58
20230509,H21157,中证沪港深红利成长低波动全收益指数,8400.7
20230510,H21157,中证沪港深红利成长低波动全收益指数,8256.95
20230511,H21157,中证沪港深红利成长低波动全收益指数,8223.09
20230512,H21157,中证沪港深红利成长低波动全收益指数,8100.12
20230515,H21157,中证沪港深红利成长低波动全收益指数,8168.62
20230516,H21157,中证沪港深红利成长低波动全收益指数,8127.05
20230517,H21157,中证沪港深红利成长低波动全收益指数,8094.24
20230518,H21157,中证沪港深红利成长低波动全收益指数,8197.12
20230519,H21157,中证沪港深红利成长低波动全收益指数,8127.96
20230522,H21157,中证沪港深红利成长低波动全收益指数,8143.1
20230523,H21157,中证沪港深红利成长低波动全收益指数,8035.77
20230524,H21157,中证沪港深红利成长低波动全收益指数,7905.31
20230525,H21157,中证沪港深红利成长低波动全收益指数,7857.5
20230526,H21157,中证沪港深红利成长低波动全收益指数,7886.07
20230529,H21157,中证沪港深红利成长低波动全收益指数,7951.92
20230530,H21157,中证沪港深红利成长低波动全收益指数,7967.26
20230531,H21157,中证沪港深红利成长低波动全收益指数,7907.14
20230601,H21157,中证沪港深红利成长低波动全收益指数,7903.92
20230602,H21157,中证沪港深红利成长低波动全收益指数,7935.81
20230605,H21157,中证沪港深红利成长低波动全收益指数,8001.78
20230606,H21157,中证沪港深红利成长低波动全收益指数,7957.58
20230607,H21157,中证沪港深红利成长低波动全收益指数,8025.11
20230608,H21157,中证沪港深红利成长低波动全收益指数,8103.93
20230609,H21157,中证沪港深红利成长低波动全收益指数,8119.95
20230612,H21157,中证沪港深红利成长低波动全收益指数,8075.85
20230613,H21157,中证沪港深红利成长低波动全收益指数,8055.33
20230614,H21157,中证沪港深红利成长低波动全收益指数,8008.98
20230615,H21157,中证沪港深红利成长低波动全收益指数,8033.36
20230616,H21157,中证沪港深红利成长低波动全收益指数,8038.85
20230619,H21157,中证沪港深红利成长低波动全收益指数,7976.54
20230620,H21157,中证沪港深红利成长低波动全收益指数,7935.34
20230621,H21157,中证沪港深红利成长低波动全收益指数,7887.33
20230623,H21157,中证沪港深红利成长低波动全收益指数,7867.13
20230626,H21157,中证沪港深红利成长低波动全收益指数,7776.39
20230627,H21157,中证沪港深红利成长低波动全收益指数,7884.93
20230628,H21157,中证沪港深红利成长低波动全收益指数,7919.89
20230629,H21157,中证沪港深红利成长低波动全收益指数,7929.04
20230630,H21157,中证沪港深红利成长低波动全收益指数,7977.34
20230703,H21157,中证沪港深红利成长低波动全收益指数,8053.66
20230704,H21157,中证沪港深红利成长低波动全收益指数,8005.84
20230705,H21157,中证沪港深红利成长低波动全收益指数,7986.12
20230706,H21157,中证沪港深红利成长低波动全收益指数,7940.57
20230707,H21157,中证沪港深红利成长低波动全收益指数,7953.89
20230710,H21157,中证沪港深红利成长低波动全收益指数,7967.16
20230711,H21157,中证沪港深红利成长低波动全收益指数,8000.24
20230712,H21157,中证沪港深红利成长低波动全收益指数,7964.49
20230713,H21157,中证沪港深红利成长低波动全收益指数,8047.39
20230714,H21157,中证沪港深红利成长低波动全收益指数,8049.51
20230717,H21157,中证沪港深红利成长低波动全收益指数,8045.91
20230718,H21157,中证沪港深红利成长低波动全收益指数,8029.35
20230719,H21157,中证沪港深红利成长低波动全收益指数,8067.96
20230720,H21157,中证沪港深红利成长低波动全收益指数,8025.83
20230721,H21157,中证沪港深红利成长低波动全收益指数,8037.89
20230724,H21157,中证沪港深红利成长低波动全收益指数,8027.99
20230725,H21157,中证沪港深红利成长低波动全收益指数,8174.8
20230726,H21157,中证沪港深红利成长低波动全收益指数,8166.23
20230727,H21157,中证沪港深红利成长低波动全收益指数,8164.51
20230728,H21157,中证沪港深红利成长低波动全收益指数,8344.07
20230731,H21157,中证沪港深红利成长低波动全收益指数,8420.28
20230801,H21157,中证沪港深红利成长低波动全收益指数,8393.07
20230802,H21157,中证沪港深红利成长低波动全收益指数,8317.86
20230803,H21157,中证沪港深红利成长低波动全收益指数,8383.02
20230804,H21157,中证沪港深红利成长低波动全收益指数,8409.01
20230807,H21157,中证沪港深红利成长低波动全收益指数,8337.8
20230808,H21157,中证沪港深红利成长低波动全收益指数,8338.94
20230809,H21157,中证沪港深红利成长低波动全收益指数,8305.3
20230810,H21157,中证沪港深红利成长低波动全收益指数,8324.63
20230811,H21157,中证沪港深红利成长低波动全收益指数,8174.23
20230814,H21157,中证沪港深红利成长低波动全收益指数,8145.32
20230815,H21157,中证沪港深红利成长低波动全收益指数,8184.59
20230816,H21157,中证沪港深红利成长低波动全收益指数,8152.44
20230817,H21157,中证沪港深红利成长低波动全收益指数,8147.88
20230818,H21157,中证沪港深红利成长低波动全收益指数,8109.31
20230821,H21157,中证沪港深红利成长低波动全收益指数,8017.36
20230822,H21157,中证沪港深红利成长低波动全收益指数,8076.07
20230823,H21157,中证沪港深红利成长低波动全收益指数,8043.45
20230824,H21157,中证沪港深红利成长低波动全收益指数,8018.56
20230825,H21157,中证沪港深红利成长低波动全收益指数,8050.72
20230828,H21157,中证沪港深红利成长低波动全收益指数,8149.5
20230829,H21157,中证沪港深红利成长低波动全收益指数,8160.23
20230830,H21157,中证沪港深红利成长低波动全收益指数,8058.55
20230831,H21157,中证沪港深红利成长低波动全收益指数,8018.54
20230901,H21157,中证沪港深红利成长低波动全收益指数,8073.53
20230904,H21157,中证沪港深红利成长低波动全收益指数,8204.63
20230905,H21157,中证沪港深红利成长低波动全收益指数,8114.01
20230906,H21157,中证沪港深红利成长低波动全收益指数,8100.43
20230907,H21157,中证沪港深红利成长低波动全收益指数,8058.13
20230908,H21157,中证沪港深红利成长低波动全收益指数,8054.21
20230911,H21157,中证沪港深红利成长低波动全收益指数,8130.99
20230912,H21157,中证沪港深红利成长低波动全收益指数,8113.94
20230913,H21157,中证沪港深红利成长低波动全收益指数,8087.79
20230914,H21157,中证沪港深红利成长低波动全收益指数,8149.02
20230915,H21157,中证沪港深红利成长低波动全收益指数,8144.42
20230918,H21157,中证沪港深红利成长低波动全收益指数,8161.02
20230919,H21157,中证沪港深红利成长低波动全收益指数,8195.47
20230920,H21157,中证沪港深红利成长低波动全收益指数,8191.17
20230921,H21157,中证沪港深红利成长低波动全收益指数,8145.06
20230922,H21157,中证沪港深红利成长低波动全收益指数,8220.32
20230925,H21157,中证沪港深红利成长低波动全收益指数,8209.66
20230926,H21157,中证沪港深红利成长低波动全收益指数,8181.83
20230927,H21157,中证沪港深红利成长低波动全收益指数,8175.37
20230928,H21157,中证沪港深红利成长低波动全收益指数,8165.12
20230929,H21157,中证沪港深红利成长低波动全收益指数,8177.28
20231003,H21157,中证沪港深红利成长低波动全收益指数,8145.05
20231004,H21157,中证沪港深红利成长低波动全收益指数,8145.21
20231005,H21157,中证沪港深红利成长低波动全收益指数,8145.56
20231006,H21157,中证沪港深红利成长低波动全收益指数,8161.4
20231009,H21157,中证沪港深红利成长低波动全收益指数,8129.25
20231010,H21157,中证沪港深红利成长低波动全收益指数,8058.71
20231011,H21157,中证沪港深红利成长低波动全收益指数,8022.97
20231012,H21157,中证沪港深红利成长低波动全收益指数,8127.93
20231013,H21157,中证沪港深红利成长低波动全收益指数,8102.14
20231016,H21157,中证沪港深红利成长低波动全收益指数,8096.1
20231017,H21157,中证沪港深红利成长低波动全收益指数,8126.07
20231018,H21157,中证沪港深红利成长低波动全收益指数,8049.78
20231019,H21157,中证沪港深红利成长低波动全收益指数,7904.87
20231020,H21157,中证沪港深红利成长低波动全收益指数,7884.52
20231023,H21157,中证沪港深红利成长低波动全收益指数,7771.53
20231024,H21157,中证沪港深红利成长低波动全收益指数,7821.23
20231025,H21157,中证沪港深红利成长低波动全收益指数,7859.09
20231026,H21157,中证沪港深红利成长低波动全收益指数,7917.24
20231027,H21157,中证沪港深红利成长低波动全收益指数,7942.77
20231030,H21157,中证沪港深红利成长低波动全收益指数,7870.25
20231031,H21157,中证沪港深红利成长低波动全收益指数,7870.97
20231101,H21157,中证沪港深红利成长低波动全收益指数,7865.05
20231102,H21157,中证沪港深红利成长低波动全收益指数,7859.62
20231103,H21157,中证沪港深红利成长低波动全收益指数,7873.87
20231106,H21157,中证沪港深红利成长低波动全收益指数,7919.71
20231107,H21157,中证沪港深红利成长低波动全收益指数,7895.48
20231108,H21157,中证沪港深红利成长低波动全收益指数,7861.32
20231109,H21157,中证沪港深红利成长低波动全收益指数,7866.77
20231110,H21157,中证沪港深红利成长低波动全收益指数,7833.73
20231113,H21157,中证沪港深红利成长低波动全收益指数,7856.91
20231114,H21157,中证沪港深红利成长低波动全收益指数,7871.25
20231115,H21157,中证沪港深红利成长低波动全收益指数,7922.18
20231116,H21157,中证沪港深红利成长低波动全收益指数,7892.53
20231117,H21157,中证沪港深红利成长低波动全收益指数,7875.97
20231120,H21157,中证沪港深红利成长低波动全收益指数,7897.2
20231121,H21157,中证沪港深红利成长低波动全收益指数,7899.8
20231122,H21157,中证沪港深红利成长低波动全收益指数,7867.39
20231123,H21157,中证沪港深红利成长低波动全收益指数,7917.23
20231124,H21157,中证沪港深红利成长低波动全收益指数,7904.09
20231127,H21157,中证沪港深红利成长低波动全收益指数,7874.05
20231128,H21157,中证沪港深红利成长低波动全收益指数,7878.54
20231129,H21157,中证沪港深红利成长低波动全收益指数,7815.41
20231130,H21157,中证沪港深红利成长低波动全收益指数,7827.54
20231201,H21157,中证沪港深红利成长低波动全收益指数,7867.83
20231204,H21157,中证沪港深红利成长低波动全收益指数,7868.91
20231205,H21157,中证沪港深红利成长低波动全收益指数,7760.95
20231206,H21157,中证沪港深红利成长低波动全收益指数,7772.16
20231207,H21157,中证沪港深红利成长低波动全收益指数,7776.25
20231208,H21157,中证沪港深红利成长低波动全收益指数,7736.41
20231211,H21157,中证沪港深红利成长低波动全收益指数,7777.02
20231212,H21157,中证沪港深红利成长低波动全收益指数,7841.35
20231213,H21157,中证沪港深红利成长低波动全收益指数,7806.51
20231214,H21157,中证沪港深红利成长低波动全收益指数,7784.48
20231215,H21157,中证沪港深红利成长低波动全收益指数,7756.88
20231218,H21157,中证沪港深红利成长低波动全收益指数,7728.76
20231219,H21157,中证沪港深红利成长低波动全收益指数,7708.17
20231220,H21157,中证沪港深红利成长低波动全收益指数,7670.39
20231221,H21157,中证沪港深红利成长低波动全收益指数,7699.95
20231222,H21157,中证沪港深红利成长低波动全收益指数,7697.04
20231225,H21157,中证沪港深红利成长低波动全收益指数,7683.83
20231226,H21157,中证沪港深红利成长低波动全收益指数,7672.22
20231227,H21157,中证沪港深红利成长低波动全收益指数,7733.54
20231228,H21157,中证沪港深红利成长低波动全收益指数,7786.19
20231229,H21157,中证沪港深红利成长低波动全收益指数,7807.05
20240102,H21157,中证沪港深红利成长低波动全收益指数,7824.29
20240103,H21157,中证沪港深红利成长低波动全收益指数,7871.55
20240104,H21157,中证沪港深红利成长低波动全收益指数,7894.21
20240105,H21157,中证沪港深红利成长低波动全收益指数,7919.13
20240108,H21157,中证沪港深红利成长低波动全收益指数,7819.85
20240109,H21157,中证沪港深红利成长低波动全收益指数,7867.99
20240110,H21157,中证沪港深红利成长低波动全收益指数,7841.62
20240111,H21157,中证沪港深红利成长低波动全收益指数,7838.91
20240112,H21157,中证沪港深红利成长低波动全收益指数,7887.03
20240115,H21157,中证沪港深红利成长低波动全收益指数,7910.46
20240116,H21157,中证沪港深红利成长低波动全收益指数,7921.91
20240117,H21157,中证沪港深红利成长低波动全收益指数,7794.94
20240118,H21157,中证沪港深红利成长低波动全收益指数,7750.8
20240119,H21157,中证沪港深红利成长低波动全收益指数,7732.0
20240122,H21157,中证沪港深红利成长低波动全收益指数,7511.39
20240123,H21157,中证沪港深红利成长低波动全收益指数,7585.31
20240124,H21157,中证沪港深红利成长低波动全收益指数,7782.68
20240125,H21157,中证沪港深红利成长低波动全收益指数,7941.75
20240126,H21157,中证沪港深红利成长低波动全收益指数,8019.81
20240129,H21157,中证沪港深红利成长低波动全收益指数,8031.0
20240130,H21157,中证沪港深红利成长低波动全收益指数,7924.07
20240131,H21157,中证沪港深红利成长低波动全收益指数,7867.81
20240201,H21157,中证沪港深红利成长低波动全收益指数,7817.1
20240202,H21157,中证沪港深红利成长低波动全收益指数,7761.68
20240205,H21157,中证沪港深红利成长低波动全收益指数,7705.07
20240206,H21157,中证沪港深红利成长低波动全收益指数,7958.5
20240207,H21157,中证沪港深红利成长低波动全收益指数,8077.82
20240208,H21157,中证沪港深红利成长低波动全收益指数,8078.93
20240209,H21157,中证沪港深红利成长低波动全收益指数,8063.08
20240214,H21157,中证沪港深红利成长低波动全收益指数,8079.5
20240215,H21157,中证沪港深红利成长低波动全收益指数,8084.86
20240216,H21157,中证沪港深红利成长低波动全收益指数,8103.18
20240219,H21157,中证沪港深红利成长低波动全收益指数,8162.27
20240220,H21157,中证沪港深红利成长低波动全收益指数,8239.56
20240221,H21157,中证沪港深红利成长低波动全收益指数,8321.46
20240222,H21157,中证沪港深红利成长低波动全收益指数,8377.81
20240223,H21157,中证沪港深红利成长低波动全收益指数,8395.9
20240226,H21157,中证沪港深红利成长低波动全收益指数,8271.45
20240227,H21157,中证沪港深红利成长低波动全收益指数,8304.31
20240228,H21157,中证沪港深红利成长低波动全收益指数,8226.11
20240229,H21157,中证沪港深红利成长低波动全收益指数,8311.0
20240301,H21157,中证沪港深红利成长低波动全收益指数,8298.45
20240304,H21157,中证沪港深红利成长低波动全收益指数,8281.69
20240305,H21157,中证沪港深红利成长低波动全收益指数,8321.33
20240306,H21157,中证沪港深红利成长低波动全收益指数,8331.78
20240307,H21157,中证沪港深红利成长低波动全收益指数,8348.67
20240308,H21157,中证沪港深红利成长低波动全收益指数,8394.81
20240311,H21157,中证沪港深红利成长低波动全收益指数,8396.91
20240312,H21157,中证沪港深红利成长低波动全收益指数,8321.24
20240313,H21157,中证沪港深红利成长低波动全收益指数,8281.57
20240314,H21157,中证沪港深红利成长低波动全收益指数,8286.99
20240315,H21157,中证沪港深红利成长低波动全收益指数,8329.56
20240318,H21157,中证沪港深红利成长低波动全收益指数,8366.17
20240319,H21157,中证沪港深红利成长低波动全收益指数,8291.71
20240320,H21157,中证沪港深红利成长低波动全收益指数,8325.73
20240321,H21157,中证沪港深红利成长低波动全收益指数,8369.16
20240322,H21157,中证沪港深红利成长低波动全收益指数,8304.98
20240325,H21157,中证沪港深红利成长低波动全收益指数,8290.44
20240326,H21157,中证沪港深红利成长低波动全收益指数,8367.86
20240327,H21157,中证沪港深红利成长低波动全收益指数,8340.26
20240328,H21157,中证沪港深红利成长低波动全收益指数,8309.83
20240329,H21157,中证沪港深红利成长低波动全收益指数,8375.2
20240401,H21157,中证沪港深红利成长低波动全收益指数,8432.37
20240402,H21157,中证沪港深红利成长低波动全收益指数,8494.55
20240403,H21157,中证沪港深红利成长低波动全收益指数,8511.69
20240405,H21157,中证沪港深红利成长低波动全收益指数,8492.5
20240408,H21157,中证沪港深红利成长低波动全收益指数,8532.65
20240409,H21157,中证沪港深红利成长低波动全收益指数,8528.99
20240410,H21157,中证沪港深红利成长低波动全收益指数,8528.13
20240411,H21157,中证沪港深红利成长低波动全收益指数,8559.11
20240412,H21157,中证沪港深红利成长低波动全收益指数,8513.24
20240415,H21157,中证沪港深红利成长低波动全收益指数,8637.07
20240416,H21157,中证沪港深红利成长低波动全收益指数,8558.99
20240417,H21157,中证沪港深红利成长低波动全收益指数,8710.24
20240418,H21157,中证沪港深红利成长低波动全收益指数,8777.62
20240419,H21157,中证沪港深红利成长低波动全收益指数,8828.8
20240422,H21157,中证沪港深红利成长低波动全收益指数,8763.72
20240423,H21157,中证沪港深红利成长低波动全收益指数,8696.99
20240424,H21157,中证沪港深红利成长低波动全收益指数,8717.02
20240425,H21157,中证沪港深红利成长低波动全收益指数,8794.81
20240426,H21157,中证沪港深红利成长低波动全收益指数,8706.74
20240429,H21157,中证沪港深红利成长低波动全收益指数,8769.48
20240430,H21157,中证沪港深红利成长低波动全收益指数,8801.11
20240502,H21157,中证沪港深红利成长低波动全收益指数,8766.57
20240503,H21157,中证沪港深红利成长低波动全收益指数,8784.4
20240506,H21157,中证沪港深红利成长低波动全收益指数,8884.51
20240507,H21157,中证沪港深红利成长低波动全收益指数,8865.77
20240508,H21157,中证沪港深红利成长低波动全收益指数,8852.73
20240509,H21157,中证沪港深红利成长低波动全收益指数,8948.84
20240510,H21157,中证沪港深红利成长低波动全收益指数,9086.64
20240513,H21157,中证沪港深红利成长低波动全收益指数,9182.09
20240514,H21157,中证沪港深红利成长低波动全收益指数,9157.9
20240515,H21157,中证沪港深红利成长低波动全收益指数,9131.0
20240516,H21157,中证沪港深红利成长低波动全收益指数,9220.89
20240517,H21157,中证沪港深红利成长低波动全收益指数,9298.98
20240520,H21157,中证沪港深红利成长低波动全收益指数,9311.54
20240521,H21157,中证沪港深红利成长低波动全收益指数,9329.09
20240522,H21157,中证沪港深红利成长低波动全收益指数,9331.74
20240523,H21157,中证沪港深红利成长低波动全收益指数,9236.68
20240524,H21157,中证沪港深红利成长低波动全收益指数,9234.33
20240527,H21157,中证沪港深红利成长低波动全收益指数,9337.11
20240528,H21157,中证沪港深红利成长低波动全收益指数,9300.12
20240529,H21157,中证沪港深红利成长低波动全收益指数,9247.64
20240530,H21157,中证沪港深红利成长低波动全收益指数,9142.02
20240531,H21157,中证沪港深红利成长低波动全收益指数,9132.41
20240603,H21157,中证沪港深红利成长低波动全收益指数,9086.12
20240604,H21157,中证沪港深红利成长低波动全收益指数,9146.69
20240605,H21157,中证沪港深红利成长低波动全收益指数,9041.39
20240606,H21157,中证沪港深红利成长低波动全收益指数,9024.6
20240607,H21157,中证沪港深红利成长低波动全收益指数,9118.34
20240611,H21157,中证沪港深红利成长低波动全收益指数,8977.64
20240612,H21157,中证沪港深红利成长低波动全收益指数,8999.59
20240613,H21157,中证沪港深红利成长低波动全收益指数,8954.99
20240614,H21157,中证沪港深红利成长低波动全收益指数,8974.42
20240617,H21157,中证沪港深红利成长低波动全收益指数,8908.51
20240618,H21157,中证沪港深红利成长低波动全收益指数,8981.8
20240619,H21157,中证沪港深红利成长低波动全收益指数,8998.21
20240620,H21157,中证沪港深红利成长低波动全收益指数,8924.48
20240621,H21157,中证沪港深红利成长低波动全收益指数,8923.85
20240624,H21157,中证沪港深红利成长低波动全收益指数,8841.94
20240625,H21157,中证沪港深红利成长低波动全收益指数,8882.22
20240626,H21157,中证沪港深红利成长低波动全收益指数,8929.75
20240627,H21157,中证沪港深红利成长低波动全收益指数,8891.86
20240628,H21157,中证沪港深红利成长低波动全收益指数,9006.21
20240701,H21157,中证沪港深红利成长低波动全收益指数,9117.69
20240702,H21157,中证沪港深红利成长低波动全收益指数,9146.66
20240703,H21157,中证沪港深红利成长低波动全收益指数,9113.25
20240704,H21157,中证沪港深红利成长低波动全收益指数,9063.56
20240705,H21157,中证沪港深红利成长低波动全收益指数,9010.38
20240708,H21157,中证沪港深红利成长低波动全收益指数,8958.41
20240709,H21157,中证沪港深红利成长低波动全收益指数,9071.53
20240710,H21157,中证沪港深红利成长低波动全收益指数,9013.66
20240711,H21157,中证沪港深红利成长低波动全收益指数,9089.65
20240712,H21157,中证沪港深红利成长低波动全收益指数,9155.55
20240715,H21157,中证沪港深红利成长低波动全收益指数,9162.12
20240716,H21157,中证沪港深红利成长低波动全收益指数,9108.91
20240717,H21157,中证沪港深红利成长低波动全收益指数,9076.99
20240718,H21157,中证沪港深红利成长低波动全收益指数,9134.75
20240719,H21157,中证沪港深红利成长低波动全收益指数,9082.5
20240722,H21157,中证沪港深红利成长低波动全收益指数,9037.1
20240723,H21157,中证沪港深红利成长低波动全收益指数,8982.64
20240724,H21157,中证沪港深红利成长低波动全收益指数,8975.8
20240725,H21157,中证沪港深红利成长低波动全收益指数,8902.24
20240726,H21157,中证沪港深红利成长低波动全收益指数,8922.11
20240729,H21157,中证沪港深红利成长低波动全收益指数,8972.4
20240730,H21157,中证沪港深红利成长低波动全收益指数,8923.61
20240731,H21157,中证沪港深红利成长低波动全收益指数,9016.35
20240801,H21157,中证沪港深红利成长低波动全收益指数,9044.36
20240802,H21157,中证沪港深红利成长低波动全收益指数,8999.71
20240805,H21157,中证沪港深红利成长低波动全收益指数,8852.44
20240806,H21157,中证沪港深红利成长低波动全收益指数,8835.99
20240807,H21157,中证沪港深红利成长低波动全收益指数,8879.0
20240808,H21157,中证沪港深红利成长低波动全收益指数,8888.43
20240809,H21157,中证沪港深红利成长低波动全收益指数,8873.07
20240812,H21157,中证沪港深红利成长低波动全收益指数,8857.7
20240813,H21157,中证沪港深红利成长低波动全收益指数,8909.09
20240814,H21157,中证沪港深红利成长低波动全收益指数,8871.76
20240815,H21157,中证沪港深红利成长低波动全收益指数,8949.32
20240816,H21157,中证沪港深红利成长低波动全收益指数,8968.48
20240819,H21157,中证沪港深红利成长低波动全收益指数,9078.76
20240820,H21157,中证沪港深红利成长低波动全收益指数,9031.55
20240821,H21157,中证沪港深红利成长低波动全收益指数,8959.28
20240822,H21157,中证沪港深红利成长低波动全收益指数,8986.94
20240823,H21157,中证沪港深红利成长低波动全收益指数,8986.42
20240826,H21157,中证沪港深红利成长低波动全收益指数,8986.22
20240827,H21157,中证沪港深红利成长低波动全收益指数,8983.36
20240828,H21157,中证沪港深红利成长低波动全收益指数,8925.51
20240829,H21157,中证沪港深红利成长低波动全收益指数,8809.6
20240830,H21157,中证沪港深红利成长低波动全收益指数,8797.77
20240902,H21157,中证沪港深红利成长低波动全收益指数,8775.53
20240903,H21157,中证沪港深红利成长低波动全收益指数,8737.09
20240904,H21157,中证沪港深红利成长低波动全收益指数,8702.36
20240905,H21157,中证沪港深红利成长低波动全收益指数,8714.06
20240906,H21157,中证沪港深红利成长低波动全收益指数,8667.26
20240909,H21157,中证沪港深红利成长低波动全收益指数,8551.96
20240910,H21157,中证沪港深红利成长低波动全收益指数,8553.0
20240911,H21157,中证沪港深红利成长低波动全收益指数,8430.08
20240912,H21157,中证沪港深红利成长低波动全收益指数,8444.57
20240913,H21157,中证沪港深红利成长低波动全收益指数,8430.94
20240916,H21157,中证沪港深红利成长低波动全收益指数,8440.03
20240917,H21157,中证沪港深红利成长低波动全收益指数,8462.53
20240918,H21157,中证沪港深红利成长低波动全收益指数,8513.6
20240919,H21157,中证沪港深红利成长低波动全收益指数,8568.57
20240920,H21157,中证沪港深红利成长低波动全收益指数,8574.44
20240923,H21157,中证沪港深红利成长低波动全收益指数,8657.43
20240924,H21157,中证沪港深红利成长低波动全收益指数,8923.07
20240925,H21157,中证沪港深红利成长低波动全收益指数,9047.34
20240926,H21157,中证沪港深红利成长低波动全收益指数,9309.54
20240927,H21157,中证沪港深红利成长低波动全收益指数,9426.48
20240930,H21157,中证沪港深红利成长低波动全收益指数,9957.35
20241002,H21157,中证沪港深红利成长低波动全收益指数,10012.06
20241003,H21157,中证沪港深红利成长低波动全收益指数,9991.86
20241004,H21157,中证沪港深红利成长低波动全收益指数,10043.78
20241007,H21157,中证沪港深红利成长低波动全收益指数,10099.41
20241008,H21157,中证沪港深红利成长低波动全收益指数,10203.31
20241009,H21157,中证沪港深红利成长低波动全收益指数,9571.19
20241010,H21157,中证沪港深红利成长低波动全收益指数,9835.08
20241011,H21157,中证沪港深红利成长低波动全收益指数,9674.54
20241014,H21157,中证沪港深红利成长低波动全收益指数,9891.32
20241015,H21157,中证沪港深红利成长低波动全收益指数,9674.9
20241016,H21157,中证沪港深红利成长低波动全收益指数,9779.56
20241017,H21157,中证沪港深红利成长低波动全收益指数,9635.43
20241018,H21157,中证沪港深红利成长低波动全收益指数,9774.13
20241021,H21157,中证沪港深红利成长低波动全收益指数,9729.31
20241022,H21157,中证沪港深红利成长低波动全收益指数,9798.64
20241023,H21157,中证沪港深红利成长低波动全收益指数,9835.09
20241024,H21157,中证沪港深红利成长低波动全收益指数,9776.81
20241025,H21157,中证沪港深红利成长低波动全收益指数,9773.7
20241028,H21157,中证沪港深红利成长低波动全收益指数,9815.75
20241029,H21157,中证沪港深红利成长低波动全收益指数,9733.2
20241030,H21157,中证沪港深红利成长低波动全收益指数,9644.88
20241031,H21157,中证沪港深红利成长低波动全收益指数,9662.54
20241101,H21157,中证沪港深红利成长低波动全收益指数,9712.39
20241104,H21157,中证沪港深红利成长低波动全收益指数,9800.44
20241105,H21157,中证沪港深红利成长低波动全收益指数,9920.31
20241106,H21157,中证沪港深红利成长低波动全收益指数,9870.97
20241107,H21157,中证沪港深红利成长低波动全收益指数,10073.91
20241108,H21157,中证沪港深红利成长低波动全收益指数,9959.05
20241111,H21157,中证沪港深红利成长低波动全收益指数,9886.38
20241112,H21157,中证沪港深红利成长低波动全收益指数,9824.11
20241113,H21157,中证沪港深红利成长低波动全收益指数,9876.06
20241114,H21157,中证沪港深红利成长低波动全收益指数,9779.21
20241115,H21157,中证沪港深红利成长低波动全收益指数,9745.91
20241118,H21157,中证沪港深红利成长低波动全收益指数,9868.37
20241119,H21157,中证沪港深红利成长低波动全收益指数,9916.7
20241120,H21157,中证沪港深红利成长低波动全收益指数,9917.99
20241121,H21157,中证沪港深红利成长低波动全收益指数,9915.01
20241122,H21157,中证沪港深红利成长低波动全收益指数,9667.04
20241125,H21157,中证沪港深红利成长低波动全收益指数,9671.88
20241126,H21157,中证沪港深红利成长低波动全收益指数,9675.28
20241127,H21157,中证沪港深红利成长低波动全收益指数,9776.83
20241128,H21157,中证沪港深红利成长低波动全收益指数,9730.94
20241129,H21157,中证沪港深红利成长低波动全收益指数,9787.76
20241202,H21157,中证沪港深红利成长低波动全收益指数,9838.42
20241203,H21157,中证沪港深红利成长低波动全收益指数,9931.91
20241204,H21157,中证沪港深红利成长低波动全收益指数,9891.79
20241205,H21157,中证沪港深红利成长低波动全收益指数,9881.89
20241206,H21157,中证沪港深红利成长低波动全收益指数,9989.04
20241209,H21157,中证沪港深红利成长低波动全收益指数,10039.29
20241210,H21157,中证沪港深红利成长低波动全收益指数,10033.65
20241211,H21157,中证沪港深红利成长低波动全收益指数,10059.31
20241212,H21157,中证沪港深红利成长低波动全收益指数,10162.14
20241213,H21157,中证沪港深红利成长低波动全收益指数,9984.88
20241216,H21157,中证沪港深红利成长低波动全收益指数,10056.71
20241217,H21157,中证沪港深红利成长低波动全收益指数,10002.72
20241218,H21157,中证沪港深红利成长低波动全收益指数,10081.92
20241219,H21157,中证沪港深红利成长低波动全收益指数,10032.41
20241220,H21157,中证沪港深红利成长低波动全收益指数,9999.87
20241223,H21157,中证沪港深红利成长低波动全收益指数,10093.76
20241224,H21157,中证沪港深红利成长低波动全收益指数,10224.4
20241225,H21157,中证沪港深红利成长低波动全收益指数,10271.05
20241226,H21157,中证沪港深红利成长低波动全收益指数,10245.25
20241227,H21157,中证沪港深红利成长低波动全收益指数,10314.4
20241230,H21157,中证沪港深红利成长低波动全收益指数,10372.13
20241231,H21157,中证沪港深红利成长低波动全收益指数,10300.47
20250102,H21157,中证沪港深红利成长低波动全收益指数,10047.25
20250103,H21157,中证沪港深红利成长低波动全收益指数,9971.59
20250106,H21157,中证沪港深红利成长低波动全收益指数,10022.81
20250107,H21157,中证沪港深红利成长低波动全收益指数,10006.19
20250108,H21157,中证沪港深红利成长低波动全收益指数,10040.54
20250109,H21157,中证沪港深红利成长低波动全收益指数,9946.95
20250110,H21157,中证沪港深红利成长低波动全收益指数,9842.21
20250113,H21157,中证沪港深红利成长低波动全收益指数,9769.16
20250114,H21157,中证沪港深红利成长低波动全收益指数,9924.19
20250115,H21157,中证沪港深红利成长低波动全收益指数,9944.35
20250116,H21157,中证沪港深红利成长低波动全收益指数,10032.68
20250117,H21157,中证沪港深红利成长低波动全收益指数,10028.01
20250120,H21157,中证沪港深红利成长低波动全收益指数,10033.06
20250121,H21157,中证沪港深红利成长低波动全收益指数,10018.45
20250122,H21157,中证沪港深红利成长低波动全收益指数,9922.79
20250123,H21157,中证沪港深红利成长低波动全收益指数,10041.56
20250124,H21157,中证沪港深红利成长低波动全收益指数,10079.17
20250127,H21157,中证沪港深红利成长低波动全收益指数,10220.45
20250128,H21157,中证沪港深红利成长低波动全收益指数,10191.24
20250203,H21157,中证沪港深红利成长低波动全收益指数,10183.8
20250204,H21157,中证沪港深红利成长低波动全收益指数,10218.11
20250205,H21157,中证沪港深红利成长低波动全收益指数,10082.69
20250206,H21157,中证沪港深红利成长低波动全收益指数,10121.41
20250207,H21157,中证沪港深红利成长低波动全收益指数,10135.38
20250210,H21157,中证沪港深红利成长低波动全收益指数,10137.44
20250211,H21157,中证沪港深红利成长低波动全收益指数,10192.8
20250212,H21157,中证沪港深红利成长低波动全收益指数,10246.03
20250213,H21157,中证沪港深红利成长低波动全收益指数,10211.33
20250214,H21157,中证沪港深红利成长低波动全收益指数,10231.4
20250217,H21157,中证沪港深红利成长低波动全收益指数,10241.22
20250218,H21157,中证沪港深红利成长低波动全收益指数,10277.33
20250219,H21157,中证沪港深红利成长低波动全收益指数,10251.6
20250220,H21157,中证沪港深红利成长低波动全收益指数,10205.59
20250221,H21157,中证沪港深红利成长低波动全收益指数,10198.61
20250224,H21157,中证沪港深红利成长低波动全收益指数,10189.77
20250225,H21157,中证沪港深红利成长低波动全收益指数,10066.17
20250226,H21157,中证沪港深红利成长低波动全收益指数,10174.02
20250227,H21157,中证沪港深红利成长低波动全收益指数,10217.83
20250228,H21157,中证沪港深红利成长低波动全收益指数,10135.36
20250303,H21157,中证沪港深红利成长低波动全收益指数,10160.72
20250304,H21157,中证沪港深红利成长低波动全收益指数,10162.02
20250305,H21157,中证沪港深红利成长低波动全收益指数,10266.31
20250306,H21157,中证沪港深红利成长低波动全收益指数,10259.56
20250307,H21157,中证沪港深红利成长低波动全收益指数,10257.99
20250310,H21157,中证沪港深红利成长低波动全收益指数,10250.18
20250311,H21157,中证沪港深红利成长低波动全收益指数,10290.52
20250312,H21157,中证沪港深红利成长低波动全收益指数,10306.36
20250313,H21157,中证沪港深红利成长低波动全收益指数,10347.05
20250314,H21157,中证沪港深红利成长低波动全收益指数,10448.76
20250317,H21157,中证沪港深红利成长低波动全收益指数,10487.49
20250318,H21157,中证沪港深红利成长低波动全收益指数,10506.9
20250319,H21157,中证沪港深红利成长低波动全收益指数,10532.48
20250320,H21157,中证沪港深红利成长低波动全收益指数,10502.96
20250321,H21157,中证沪港深红利成长低波动全收益指数,10446.41
20250324,H21157,中证沪港深红利成长低波动全收益指数,10532.25
20250325,H21157,中证沪港深红利成长低波动全收益指数,10561.31
20250326,H21157,中证沪港深红利成长低波动全收益指数,10537.79
20250327,H21157,中证沪港深红利成长低波动全收益指数,10517.22
20250328,H21157,中证沪港深红利成长低波动全收益指数,10483.27
20250331,H21157,中证沪港深红利成长低波动全收益指数,10451.28
20250401,H21157,中证沪港深红利成长低波动全收益指数,10531.04
20250402,H21157,中证沪港深红利成长低波动全收益指数,10596.0
20250403,H21157,中证沪港深红利成长低波动全收益指数,10598.46
20250407,H21157,中证沪港深红利成长低波动全收益指数,9841.74
20250408,H21157,中证沪港深红利成长低波动全收益指数,10009.46
20250409,H21157,中证沪港深红利成长低波动全收益指数,10072.4
20250410,H21157,中证沪港深红利成长低波动全收益指数,10159.22
20250411,H21157,中证沪港深红利成长低波动全收益指数,10184.77
20250414,H21157,中证沪港深红利成长低波动全收益指数,10265.6
20250415,H21157,中证沪港深红利成长低波动全收益指数,10336.29
20250416,H21157,中证沪港深红利成长低波动全收益指数,10356.82
20250417,H21157,中证沪港深红利成长低波动全收益指数,10372.59
20250418,H21157,中证沪港深红利成长低波动全收益指数,10372.98
20250421,H21157,中证沪港深红利成长低波动全收益指数,10351.66
20250422,H21157,中证沪港深红利成长低波动全收益指数,10431.52
20250423,H21157,中证沪港深红利成长低波动全收益指数,10405.41
20250424,H21157,中证沪港深红利成长低波动全收益指数,10472.26
20250425,H21157,中证沪港深红利成长低波动全收益指数,10482.85
20250428,H21157,中证沪港深红利成长低波动全收益指数,10537.14
20250429,H21157,中证沪港深红利成长低波动全收益指数,10490.53
20250430,H21157,中证沪港深红利成长低波动全收益指数,10396.22
20250502,H21157,中证沪港深红利成长低波动全收益指数,10402.78
20250506,H21157,中证沪港深红利成长低波动全收益指数,10403.89
20250507,H21157,中证沪港深红利成长低波动全收益指数,10495.33
20250508,H21157,中证沪港深红利成长低波动全收益指数,10551.74
20250509,H21157,中证沪港深红利成长低波动全收益指数,10650.63
20250512,H21157,中证沪港深红利成长低波动全收益指数,10683.2
20250513,H21157,中证沪港深红利成长低波动全收益指数,10787.93
20250514,H21157,中证沪港深红利成长低波动全收益指数,10878.72
20250515,H21157,中证沪港深红利成长低波动全收益指数,10833.08
20250516,H21157,中证沪港深红利成长低波动全收益指数,10799.71
20250519,H21157,中证沪港深红利成长低波动全收益指数,10810.72
20250520,H21157,中证沪港深红利成长低波动全收益指数,10855.02
20250521,H21157,中证沪港深红利成长低波动全收益指数,10928.91
20250522,H21157,中证沪港深红利成长低波动全收益指数,10957.96
20250523,H21157,中证沪港深红利成长低波动全收益指数,10886.27
20250526,H21157,中证沪港深红利成长低波动全收益指数,10828.16
20250527,H21157,中证沪港深红利成长低波动全收益指数,10854.52
20250528,H21157,中证沪港深红利成长低波动全收益指数,10883.46
20250529,H21157,中证沪港深红利成长低波动全收益指数,10901.48
20250530,H21157,中证沪港深红利成长低波动全收益指数,10932.1
20250602,H21157,中证沪港深红利成长低波动全收益指数,10914.74
20250603,H21157,中证沪港深红利成长低波动全收益指数,11091.53
20250604,H21157,中证沪港深红利成长低波动全收益指数,11132.77
20250605,H21157,中证沪港深红利成长低波动全收益指数,11060.34
20250606,H21157,中证沪港深红利成长低波动全收益指数,11086.41
20250609,H21157,中证沪港深红利成长低波动全收益指数,11168.18
20250610,H21157,中证沪港深红利成长低波动全收益指数,11216.32
20250611,H21157,中证沪港深红利成长低波动全收益指数,11276.38
20250612,H21157,中证沪港深红利成长低波动全收益指数,11301.1
20250613,H21157,中证沪港深红利成长低波动全收益指数,11219.39
20250616,H21157,中证沪港深红利成长低波动全收益指数,11256.54
20250617,H21157,中证沪港深红利成长低波动全收益指数,11240.7
20250618,H21157,中证沪港深红利成长低波动全收益指数,11257.7
20250619,H21157,中证沪港深红利成长低波动全收益指数,11175.31
20250620,H21157,中证沪港深红利成长低波动全收益指数,11250.14
20250623,H21157,中证沪港深红利成长低波动全收益指数,11267.42
20250624,H21157,中证沪港深红利成长低波动全收益指数,11332.73
20250625,H21157,中证沪港深红利成长低波动全收益指数,11396.81
20250626,H21157,中证沪港深红利成长低波动全收益指数,11419.82
20250627,H21157,中证沪港深红利成长低波动全收益指数,11296.08
20250630,H21157,中证沪港深红利成长低波动全收益指数,11225.86
20250701,H21157,中证沪港深红利成长低波动全收益指数,11303.15
20250702,H21157,中证沪港深红利成长低波动全收益指数,11378.07
20250703,H21157,中证沪港深红利成长低波动全收益指数,11384.13
20250704,H21157,中证沪港深红利成长低波动全收益指数,11457.67
20250707,H21157,中证沪港深红利成长低波动全收益指数,11486.05
20250708,H21157,中证沪港深红利成长低波动全收益指数,11480.69
20250709,H21157,中证沪港深红利成长低波动全收益指数,11493.8
20250710,H21157,中证沪港深红利成长低波动全收益指数,11594.39
20250711,H21157,中证沪港深红利成长低波动全收益指数,11523.76
20250714,H21157,中证沪港深红利成长低波动全收益指数,11601.71
20250715,H21157,中证沪港深红利成长低波动全收益指数,11531.61
20250716,H21157,中证沪港深红利成长低波动全收益指数,11531.97
20250717,H21157,中证沪港深红利成长低波动全收益指数,11510.39
20250718,H21157,中证沪港深红利成长低波动全收益指数,11575.19
20250721,H21157,中证沪港深红利成长低波动全收益指数,11603.66
20250722,H21157,中证沪港深红利成长低波动全收益指数,11636.42
20250723,H21157,中证沪港深红利成长低波动全收益指数,11630.26
20250724,H21157,中证沪港深红利成长低波动全收益指数,11600.84
20250725,H21157,中证沪港深红利成长低波动全收益指数,11544.35
20250728,H21157,中证沪港深红利成长低波动全收益指数,11548.9
20250729,H21157,中证沪港深红利成长低波动全收益指数,11483.14
20250730,H21157,中证沪港深红利成长低波动全收益指数,11521.6
20250731,H21157,中证沪港深红利成长低波动全收益指数,11355.06
20250801,H21157,中证沪港深红利成长低波动全收益指数,11361.15
20250804,H21157,中证沪港深红利成长低波动全收益指数,11420.56
20250805,H21157,中证沪港深红利成长低波动全收益指数,11556.83
20250806,H21157,中证沪港深红利成长低波动全收益指数,11529.99
20250807,H21157,中证沪港深红利成长低波动全收益指数,11579.03
20250808,H21157,中证沪港深红利成长低波动全收益指数,11601.15
20250811,H21157,中证沪港深红利成长低波动全收益指数,11570.67
20250812,H21157,中证沪港深红利成长低波动全收益指数,11612.72
20250813,H21157,中证沪港深红利成长低波动全收益指数,11594.72
20250814,H21157,中证沪港深红利成长低波动全收益指数,11507.06
20250815,H21157,中证沪港深红利成长低波动全收益指数,11491.93
20250818,H21157,中证沪港深红利成长低波动全收益指数,11478.4
20250819,H21157,中证沪港深红利成长低波动全收益指数,11449.76
20250820,H21157,中证沪港深红利成长低波动全收益指数,11548.32
20250821,H21157,中证沪港深红利成长低波动全收益指数,11607.62
20250822,H21157,中证沪港深红利成长低波动全收益指数,11574.92
20250825,H21157,中证沪港深红利成长低波动全收益指数,11630.34
20250826,H21157,中证沪港深红利成长低波动全收益指数,11604.53
20250827,H21157,中证沪港深红利成长低波动全收益指数,11405.81
20250828,H21157,中证沪港深红利成长低波动全收益指数,11429.83
20250829,H21157,中证沪港深红利成长低波动全收益指数,11400.18
20250901,H21157,中证沪港深红利成长低波动全收益指数,11410.44
20250902,H21157,中证沪港深红利成长低波动全收益指数,11473.2
20250903,H21157,中证沪港深红利成长低波动全收益指数,11393.73
20250904,H21157,中证沪港深红利成长低波动全收益指数,11366.65
20250905,H21157,中证沪港深红利成长低波动全收益指数,11419.28
20250908,H21157,中证沪港深红利成长低波动全收益指数,11483.07
20250909,H21157,中证沪港深红利成长低波动全收益指数,11542.85
20250910,H21157,中证沪港深红利成长低波动全收益指数,11562.49
20250911,H21157,中证沪港深红利成长低波动全收益指数,11612.65
20250912,H21157,中证沪港深红利成长低波动全收益指数,11558.96
20250915,H21157,中证沪港深红利成长低波动全收益指数,11478.84
20250916,H21157,中证沪港深红利成长低波动全收益指数,11462.21
20250917,H21157,中证沪港深红利成长低波动全收益指数,11467.85
20250918,H21157,中证沪港深红利成长低波动全收益指数,11281.62
20250919,H21157,中证沪港深红利成长低波动全收益指数,11295.44
20250922,H21157,中证沪港深红利成长低波动全收益指数,11208.93
20250923,H21157,中证沪港深红利成长低波动全收益指数,11235.19
20250924,H21157,中证沪港深红利成长低波动全收益指数,11308.25
20250925,H21157,中证沪港深红利成长低波动全收益指数,11188.07
20250926,H21157,中证沪港深红利成长低波动全收益指数,11239.65
20250929,H21157,中证沪港深红利成长低波动全收益指数,11290.41
20250930,H21157,中证沪港深红利成长低波动全收益指数,11275.84
20251002,H21157,中证沪港深红利成长低波动全收益指数,11278.01
20251003,H21157,中证沪港深红利成长低波动全收益指数,11267.27
20251006,H21157,中证沪港深红利成长低波动全收益指数,11252.76
20251008,H21157,中证沪港深红利成长低波动全收益指数,11232.97
20251009,H21157,中证沪港深红利成长低波动全收益指数,11345.35
20251010,H21157,中证沪港深红利成长低波动全收益指数,11435.09
20251013,H21157,中证沪港深红利成长低波动全收益指数,11407.55
20251014,H21157,中证沪港深红利成长低波动全收益指数,11509.34
20251015,H21157,中证沪港深红利成长低波动全收益指数,11572.71
20251016,H21157,中证沪港深红利成长低波动全收益指数,11637.54
20251017,H21157,中证沪港深红利成长低波动全收益指数,11538.76
20251020,H21157,中证沪港深红利成长低波动全收益指数,11552.13
20251021,H21157,中证沪港深红利成长低波动全收益指数,11633.81
20251022,H21157,中证沪港深红利成长低波动全收益指数,11655.13
20251023,H21157,中证沪港深红利成长低波动全收益指数,11728.07
20251024,H21157,中证沪港深红利成长低波动全收益指数,11707.78
20251027,H21157,中证沪港深红利成长低波动全收益指数,11786.74
20251028,H21157,中证沪港深红利成长低波动全收益指数,11763.99
20251029,H21157,中证沪港深红利成长低波动全收益指数,11769.21
20251030,H21157,中证沪港深红利成长低波动全收益指数,11749.2
20251031,H21157,中证沪港深红利成长低波动全收益指数,11704.02
20251103,H21157,中证沪港深红利成长低波动全收益指数,11793.45
20251104,H21157,中证沪港深红利成长低波动全收益指数,11833.83
20251105,H21157,中证沪港深红利成长低波动全收益指数,11851.86
20251106,H21157,中证沪港深红利成长低波动全收益指数,11960.01
20251107,H21157,中证沪港深红利成长低波动全收益指数,11986.9
20251110,H21157,中证沪港深红利成长低波动全收益指数,12085.5
20251111,H21157,中证沪港深红利成长低波动全收益指数,12107.46
20251112,H21157,中证沪港深红利成长低波动全收益指数,12151.3
20251113,H21157,中证沪港深红利成长低波动全收益指数,12146.44
20251114,H21157,中证沪港深红利成长低波动全收益指数,12076.99
20251117,H21157,中证沪港深红利成长低波动全收益指数,11952.44
20251118,H21157,中证沪港深红利成长低波动全收益指数,11841.8
20251119,H21157,中证沪港深红利成长低波动全收益指数,11861.09
20251120,H21157,中证沪港深红利成长低波动全收益指数,11906.49
20251121,H21157,中证沪港深红利成长低波动全收益指数,11682.51
20251124,H21157,中证沪港深红利成长低波动全收益指数,11710.55
20251125,H21157,中证沪港深红利成长低波动全收益指数,11779.44
20251126,H21157,中证沪港深红利成长低波动全收益指数,11771.04
20251127,H21157,中证沪港深红利成长低波动全收益指数,11787.76
20251128,H21157,中证沪港深红利成长低波动全收益指数,11761.66
20251201,H21157,中证沪港深红利成长低波动全收益指数,11882.29
20251202,H21157,中证沪港深红利成长低波动全收益指数,11895.29
20251203,H21157,中证沪港深红利成长低波动全收益指数,11901.18
20251204,H21157,中证沪港深红利成长低波动全收益指数,11892.33
20251205,H21157,中证沪港深红利成长低波动全收益指数,11888.39
20251208,H21157,中证沪港深红利成长低波动全收益指数,11801.28
20251209,H21157,中证沪港深红利成长低波动全收益指数,11708.3
20251210,H21157,中证沪港深红利成长低波动全收益指数,11694.05
20251211,H21157,中证沪港深红利成长低波动全收益指数,11669.02
20251212,H21157,中证沪港深红利成长低波动全收益指数,11687.76
20251215,H21157,中证沪港深红利成长低波动全收益指数,11694.69
20251216,H21157,中证沪港深红利成长低波动全收益指数,11598.32
20251217,H21157,中证沪港深红利成长低波动全收益指数,11647.18
20251218,H21157,中证沪港深红利成长低波动全收益指数,11730.95
20251219,H21157,中证沪港深红利成长低波动全收益指数,11748.03
20251222,H21157,中证沪港深红利成长低波动全收益指数,11714.88
20251223,H21157,中证沪港深红利成长低波动全收益指数,11719.75
20251224,H21157,中证沪港深红利成长低波动全收益指数,11728.46
20251225,H21157,中证沪港深红利成长低波动全收益指数,11736.76
20251226,H21157,中证沪港深红利成长低波动全收益指数,11733.83
20251229,H21157,中证沪港深红利成长低波动全收益指数,11693.07
20251230,H21157,中证沪港深红利成长低波动全收益指数,11677.28
20251231,H21157,中证沪港深红利成长低波动全收益指数,11667.38
20260102,H21157,中证沪港深红利成长低波动全收益指数,11686.64
20260105,H21157,中证沪港深红利成长低波动全收益指数,11732.39
20260106,H21157,中证沪港深红利成长低波动全收益指数,11824.52
20260107,H21157,中证沪港深红利成长低波动全收益指数,11778.6
20260108,H21157,中证沪港深红利成长低波动全收益指数,11698.86
20260109,H21157,中证沪港深红利成长低波动全收益指数,11748.88
20260112,H21157,中证沪港深红利成长低波动全收益指数,11790.0
20260113,H21157,中证沪港深红利成长低波动全收益指数,11793.58
20260114,H21157,中证沪港深红利成长低波动全收益指数,11686.94
20260115,H21157,中证沪港深红利成长低波动全收益指数,11688.04
20260116,H21157,中证沪港深红利成长低波动全收益指数,11608.66
20260119,H21157,中证沪港深红利成长低波动全收益指数,11638.88
20260120,H21157,中证沪港深红利成长低波动全收益指数,11749.83
20260121,H21157,中证沪港深红利成长低波动全收益指数,11709.3
20260122,H21157,中证沪港深红利成长低波动全收益指数,11742.32
20260123,H21157,中证沪港深红利成长低波动全收益指数,11753.67
20260126,H21157,中证沪港深红利成长低波动全收益指数,11809.7
20260127,H21157,中证沪港深红利成长低波动全收益指数,11777.53
20260128,H21157,中证沪港深红利成长低波动全收益指数,11840.02
20260129,H21157,中证沪港深红利成长低波动全收益指数,11983.99
20260130,H21157,中证沪港深红利成长低波动全收益指数,11901.44
20260202,H21157,中证沪港深红利成长低波动全收益指数,11720.01
20260203,H21157,中证沪港深红利成长低波动全收益指数,11796.72
20260204,H21157,中证沪港深红利成长低波动全收益指数,11955.3
20260205,H21157,中证沪港深红利成长低波动全收益指数,12070.6
20260206,H21157,中证沪港深红利成长低波动全收益指数,12009.01
20260209,H21157,中证沪港深红利成长低波动全收益指数,12101.7
20260210,H21157,中证沪港深红利成长低波动全收益指数,12118.74
20260211,H21157,中证沪港深红利成长低波动全收益指数,12152.96
20260212,H21157,中证沪港深红利成长低波动全收益指数,12084.55
20260213,H21157,中证沪港深红利成长低波动全收益指数,11944.02
20260216,H21157,中证沪港深红利成长低波动全收益指数,11950.23
20260220,H21157,中证沪港深红利成长低波动全收益指数,11950.3
20260223,H21157,中证沪港深红利成长低波动全收益指数,11990.11
20260224,H21157,中证沪港深红利成长低波动全收益指数,12044.99
20260225,H21157,中证沪港深红利成长低波动全收益指数,12040.68
20260226,H21157,中证沪港深红利成长低波动全收益指数,12044.43
20260227,H21157,中证沪港深红利成长低波动全收益指数,12081.63
20260302,H21157,中证沪港深红利成长低波动全收益指数,12067.83
20260303,H21157,中证沪港深红利成长低波动全收益指数,12003.39
20260304,H21157,中证沪港深红利成长低波动全收益指数,11864.16
20260305,H21157,中证沪港深红利成长低波动全收益指数,11930.16
20260306,H21157,中证沪港深红利成长低波动全收益指数,12048.35
20260309,H21157,中证沪港深红利成长低波动全收益指数,11939.37
20260310,H21157,中证沪港深红利成长低波动全收益指数,11998.19
20260311,H21157,中证沪港深红利成长低波动全收益指数,12042.5
20260312,H21157,中证沪港深红利成长低波动全收益指数,12070.11
20260313,H21157,中证沪港深红利成长低波动全收益指数,12049.5
20260316,H21157,中证沪港深红利成长低波动全收益指数,12013.31
20260317,H21157,中证沪港深红利成长低波动全收益指数,12018.2
20260318,H21157,中证沪港深红利成长低波动全收益指数,11981.83
20260319,H21157,中证沪港深红利成长低波动全收益指数,11878.83
20260320,H21157,中证沪港深红利成长低波动全收益指数,11833.17
20260323,H21157,中证沪港深红利成长低波动全收益指数,11404.03
20260324,H21157,中证沪港深红利成长低波动全收益指数,11623.01
20260325,H21157,中证沪港深红利成长低波动全收益指数,11791.31
20260326,H21157,中证沪港深红利成长低波动全收益指数,11701.91
20260327,H21157,中证沪港深红利成长低波动全收益指数,11710.94
20260330,H21157,中证沪港深红利成长低波动全收益指数,11742.08
20260331,H21157,中证沪港深红利成长低波动全收益指数,11771.88
20260401,H21157,中证沪港深红利成长低波动全收益指数,11836.61
20260402,H21157,中证沪港深红利成长低波动全收益指数,11855.21
20260403,H21157,中证沪港深红利成长低波动全收益指数,11738.01
20260407,H21157,中证沪港深红利成长低波动全收益指数,11679.29
20260408,H21157,中证沪港深红利成长低波动全收益指数,11880.57
20260409,H21157,中证沪港深红利成长低波动全收益指数,11794.89
20260410,H21157,中证沪港深红利成长低波动全收益指数,11857.12
20260413,H21157,中证沪港深红利成长低波动全收益指数,11795.98
20260414,H21157,中证沪港深红利成长低波动全收益指数,11830.49
20260415,H21157,中证沪港深红利成长低波动全收益指数,11877.87
20260416,H21157,中证沪港深红利成长低波动全收益指数,11875.77
20260417,H21157,中证沪港深红利成长低波动全收益指数,11825.37
20260420,H21157,中证沪港深红利成长低波动全收益指数,11862.22
20260421,H21157,中证沪港深红利成长低波动全收益指数,11940.14
20260422,H21157,中证沪港深红利成长低波动全收益指数,11939.3
20260423,H21157,中证沪港深红利成长低波动全收益指数,11994.24
20260424,H21157,中证沪港深红利成长低波动全收益指数,11942.54
20260427,H21157,中证沪港深红利成长低波动全收益指数,11838.45
20260428,H21157,中证沪港深红利成长低波动全收益指数,11876.96
20260429,H21157,中证沪港深红利成长低波动全收益指数,11950.82
20260430,H21157,中证沪港深红利成长低波动全收益指数,11850.84
20260504,H21157,中证沪港深红利成长低波动全收益指数,11847.87
20260505,H21157,中证沪港深红利成长低波动全收益指数,11834.01
20260506,H21157,中证沪港深红利成长低波动全收益指数,11869.7
20260507,H21157,中证沪港深红利成长低波动全收益指数,11834.84
20260508,H21157,中证沪港深红利成长低波动全收益指数,11773.81
20260511,H21157,中证沪港深红利成长低波动全收益指数,11814.65
20260512,H21157,中证沪港深红利成长低波动全收益指数,11782.71
20260513,H21157,中证沪港深红利成长低波动全收益指数,11788.4
20260514,H21157,中证沪港深红利成长低波动全收益指数,11727.68
20260515,H21157,中证沪港深红利成长低波动全收益指数,11617.13
20260518,H21157,中证沪港深红利成长低波动全收益指数,11528.35
20260519,H21157,中证沪港深红利成长低波动全收益指数,11592.18
20260520,H21157,中证沪港深红利成长低波动全收益指数,11529.96
20260521,H21157,中证沪港深红利成长低波动全收益指数,11449.07
20260522,H21157,中证沪港深红利成长低波动全收益指数,11433.16
20260525,H21157,中证沪港深红利成长低波动全收益指数,11434.58
20260526,H21157,中证沪港深红利成长低波动全收益指数,11444.95
20260527,H21157,中证沪港深红利成长低波动全收益指数,11371.34
20260528,H21157,中证沪港深红利成长低波动全收益指数,11292.67
20260529,H21157,中证沪港深红利成长低波动全收益指数,11445.4
20260601,H21157,中证沪港深红利成长低波动全收益指数,11568.78
20260602,H21157,中证沪港深红利成长低波动全收益指数,11553.84
20260603,H21157,中证沪港深红利成长低波动全收益指数,11468.22
20260604,H21157,中证沪港深红利成长低波动全收益指数,11364.83
20260605,H21157,中证沪港深红利成长低波动全收益指数,11384.9
20260608,H21157,中证沪港深红利成长低波动全收益指数,11350.21
20260609,H21157,中证沪港深红利成长低波动全收益指数,11361.18
20260610,H21157,中证沪港深红利成长低波动全收益指数,11431.0
20260611,H21157,中证沪港深红利成长低波动全收益指数,11369.37
20260612,H21157,中证沪港深红利成长低波动全收益指数,11510.57
20260615,H21157,中证沪港深红利成长低波动全收益指数,11490.16
20260616,H21157,中证沪港深红利成长低波动全收益指数,11387.23
20260617,H21157,中证沪港深红利成长低波动全收益指数,11263.13
20260618,H21157,中证沪港深红利成长低波动全收益指数,11045.88
20260622,H21157,中证沪港深红利成长低波动全收益指数,11152.84
20260623,H21157,中证沪港深红利成长低波动全收益指数,11183.44
20260624,H21157,中证沪港深红利成长低波动全收益指数,11006.31
20260625,H21157,中证沪港深红利成长低波动全收益指数,10946.94
20260626,H21157,中证沪港深红利成长低波动全收益指数,10789.72
20260629,H21157,中证沪港深红利成长低波动全收益指数,10889.3
20260630,H21157,中证沪港深红利成长低波动全收益指数,10702.67
20260701,H21157,中证沪港深红利成长低波动全收益指数,10861.38
20260702,H21157,中证沪港深红利成长低波动全收益指数,10892.61
20260703,H21157,中证沪港深红利成长低波动全收益指数,10976.63
20260706,H21157,中证沪港深红利成长低波动全收益指数,11117.16
20260707,H21157,中证沪港深红利成长低波动全收益指数,10991.11
20260708,H21157,中证沪港深红利成长低波动全收益指数,11097.27
20260709,H21157,中证沪港深红利成长低波动全收益指数,10997.47
20260710,H21157,中证沪港深红利成长低波动全收益指数,11003.88
20260713,H21157,中证沪港深红利成长低波动全收益指数,11094.56
20260714,H21157,中证沪港深红利成长低波动全收益指数,11212.91
20260715,H21157,中证沪港深红利成长低波动全收益指数,11361.8
20260716,H21157,中证沪港深红利成长低波动全收益指数,11336.71
20260717,H21157,中证沪港深红利成长低波动全收益指数,11280.64
20260720,H21157,中证沪港深红利成长低波动全收益指数,11520.32
20260721,H21157,中证沪港深红利成长低波动全收益指数,11449.64
20260722,H21157,中证沪港深红利成长低波动全收益指数,11445.48
20260723,H21157,中证沪港深红利成长低波动全收益指数,11556.72
20260724,H21157,中证沪港深红利成长低波动全收益指数,11429.23
20260727,H21157,中证沪港深红利成长低波动全收益指数,11515.09
20260728,H21157,中证沪港深红利成长低波动全收益指数,11553.73
20260729,H21157,中证沪港深红利成长低波动全收益指数,11717.38
20260730,H21157,中证沪港深红利成长低波动全收益指数,11862.47
20260731,H21157,中证沪港深红利成长低波动全收益指数,11815.81
