交易日期,指数名称,收盘点位
2016-06-30,S&P China A-Share Dividend Opportunities Index (CHINESE RENMINBI) (TR),12105.41
2016-07-01,S&P China A-Share Dividend Opportunities Index (CHINESE RENMINBI) (TR),12123.39
2016-07-04,S&P China A-Share Dividend Opportunities Index (CHINESE RENMINBI) (TR),12348.48
2016-07-05,S&P China A-Share Dividend Opportunities Index (CHINESE RENMINBI) (TR),12350.66
2016-07-06,S&P China A-Share Dividend Opportunities Index (CHINESE RENMINBI) (TR),12397.40
2016-07-07,S&P China A-Share Dividend Opportunities Index (CHINESE RENMINBI) (TR),12436.02
2016-07-08,S&P China A-Share Dividend Opportunities Index (CHINESE RENMINBI) (TR),12379.15
2016-07-11,S&P China A-Share Dividend Opportunities Index (CHINESE RENMINBI) (TR),12424.30
2016-07-12,S&P China A-Share Dividend Opportunities Index (CHINESE RENMINBI) (TR),12747.56
2016-07-13,S&P China A-Share Dividend Opportunities Index (CHINESE RENMINBI) (TR),12779.93
2016-07-14,S&P China A-Share Dividend Opportunities Index (CHINESE RENMINBI) (TR),12758.01
2016-07-15,S&P China A-Share Dividend Opportunities Index (CHINESE RENMINBI) (TR),12769.99
2016-07-18,S&P China A-Share Dividend Opportunities Index (CHINESE RENMINBI) (TR),12782.55
2016-07-19,S&P China A-Share Dividend Opportunities Index (CHINESE RENMINBI) (TR),12719.70
2016-07-20,S&P China A-Share Dividend Opportunities Index (CHINESE RENMINBI) (TR),12699.07
2016-07-21,S&P China A-Share Dividend Opportunities Index (CHINESE RENMINBI) (TR),12760.48
2016-07-22,S&P China A-Share Dividend Opportunities Index (CHINESE RENMINBI) (TR),12626.26
2016-07-25,S&P China A-Share Dividend Opportunities Index (CHINESE RENMINBI) (TR),12681.36
2016-07-26,S&P China A-Share Dividend Opportunities Index (CHINESE RENMINBI) (TR),12847.57
2016-07-27,S&P China A-Share Dividend Opportunities Index (CHINESE RENMINBI) (TR),12661.26
2016-07-28,S&P China A-Share Dividend Opportunities Index (CHINESE RENMINBI) (TR),12827.43
2016-07-29,S&P China A-Share Dividend Opportunities Index (CHINESE RENMINBI) (TR),12823.50
2016-08-01,S&P China A-Share Dividend Opportunities Index (CHINESE RENMINBI) (TR),12701.18
2016-08-02,S&P China A-Share Dividend Opportunities Index (CHINESE RENMINBI) (TR),12754.75
2016-08-03,S&P China A-Share Dividend Opportunities Index (CHINESE RENMINBI) (TR),12801.76
2016-08-04,S&P China A-Share Dividend Opportunities Index (CHINESE RENMINBI) (TR),12829.68
2016-08-05,S&P China A-Share Dividend Opportunities Index (CHINESE RENMINBI) (TR),12815.15
2016-08-08,S&P China A-Share Dividend Opportunities Index (CHINESE RENMINBI) (TR),12949.10
2016-08-09,S&P China A-Share Dividend Opportunities Index (CHINESE RENMINBI) (TR),13022.55
2016-08-10,S&P China A-Share Dividend Opportunities Index (CHINESE RENMINBI) (TR),12946.62
2016-08-11,S&P China A-Share Dividend Opportunities Index (CHINESE RENMINBI) (TR),12887.47
2016-08-12,S&P China A-Share Dividend Opportunities Index (CHINESE RENMINBI) (TR),13142.96
2016-08-15,S&P China A-Share Dividend Opportunities Index (CHINESE RENMINBI) (TR),13498.27
2016-08-16,S&P China A-Share Dividend Opportunities Index (CHINESE RENMINBI) (TR),13430.37
2016-08-17,S&P China A-Share Dividend Opportunities Index (CHINESE RENMINBI) (TR),13431.67
2016-08-18,S&P China A-Share Dividend Opportunities Index (CHINESE RENMINBI) (TR),13408.00
2016-08-19,S&P China A-Share Dividend Opportunities Index (CHINESE RENMINBI) (TR),13398.93
2016-08-22,S&P China A-Share Dividend Opportunities Index (CHINESE RENMINBI) (TR),13278.20
2016-08-23,S&P China A-Share Dividend Opportunities Index (CHINESE RENMINBI) (TR),13284.85
2016-08-24,S&P China A-Share Dividend Opportunities Index (CHINESE RENMINBI) (TR),13253.60
2016-08-25,S&P China A-Share Dividend Opportunities Index (CHINESE RENMINBI) (TR),13169.39
2016-08-26,S&P China A-Share Dividend Opportunities Index (CHINESE RENMINBI) (TR),13155.43
2016-08-29,S&P China A-Share Dividend Opportunities Index (CHINESE RENMINBI) (TR),13144.03
2016-08-30,S&P China A-Share Dividend Opportunities Index (CHINESE RENMINBI) (TR),13170.21
2016-08-31,S&P China A-Share Dividend Opportunities Index (CHINESE RENMINBI) (TR),13206.79
2016-09-01,S&P China A-Share Dividend Opportunities Index (CHINESE RENMINBI) (TR),13085.69
2016-09-02,S&P China A-Share Dividend Opportunities Index (CHINESE RENMINBI) (TR),13094.19
2016-09-05,S&P China A-Share Dividend Opportunities Index (CHINESE RENMINBI) (TR),13147.36
2016-09-06,S&P China A-Share Dividend Opportunities Index (CHINESE RENMINBI) (TR),13268.21
2016-09-07,S&P China A-Share Dividend Opportunities Index (CHINESE RENMINBI) (TR),13274.31
2016-09-08,S&P China A-Share Dividend Opportunities Index (CHINESE RENMINBI) (TR),13281.02
2016-09-09,S&P China A-Share Dividend Opportunities Index (CHINESE RENMINBI) (TR),13184.24
2016-09-12,S&P China A-Share Dividend Opportunities Index (CHINESE RENMINBI) (TR),12963.86
2016-09-13,S&P China A-Share Dividend Opportunities Index (CHINESE RENMINBI) (TR),12997.98
2016-09-14,S&P China A-Share Dividend Opportunities Index (CHINESE RENMINBI) (TR),12888.03
2016-09-19,S&P China A-Share Dividend Opportunities Index (CHINESE RENMINBI) (TR),13009.06
2016-09-20,S&P China A-Share Dividend Opportunities Index (CHINESE RENMINBI) (TR),13023.17
2016-09-21,S&P China A-Share Dividend Opportunities Index (CHINESE RENMINBI) (TR),13032.48
2016-09-22,S&P China A-Share Dividend Opportunities Index (CHINESE RENMINBI) (TR),13109.94
2016-09-23,S&P China A-Share Dividend Opportunities Index (CHINESE RENMINBI) (TR),13049.59
2016-09-26,S&P China A-Share Dividend Opportunities Index (CHINESE RENMINBI) (TR),12862.97
2016-09-27,S&P China A-Share Dividend Opportunities Index (CHINESE RENMINBI) (TR),12959.12
2016-09-28,S&P China A-Share Dividend Opportunities Index (CHINESE RENMINBI) (TR),12941.42
2016-09-29,S&P China A-Share Dividend Opportunities Index (CHINESE RENMINBI) (TR),12999.98
2016-09-30,S&P China A-Share Dividend Opportunities Index (CHINESE RENMINBI) (TR),13028.72
2016-10-10,S&P China A-Share Dividend Opportunities Index (CHINESE RENMINBI) (TR),13196.37
2016-10-11,S&P China A-Share Dividend Opportunities Index (CHINESE RENMINBI) (TR),13228.70
2016-10-12,S&P China A-Share Dividend Opportunities Index (CHINESE RENMINBI) (TR),13228.08
2016-10-13,S&P China A-Share Dividend Opportunities Index (CHINESE RENMINBI) (TR),13250.11
2016-10-14,S&P China A-Share Dividend Opportunities Index (CHINESE RENMINBI) (TR),13222.73
2016-10-17,S&P China A-Share Dividend Opportunities Index (CHINESE RENMINBI) (TR),13093.82
2016-10-18,S&P China A-Share Dividend Opportunities Index (CHINESE RENMINBI) (TR),13262.12
2016-10-19,S&P China A-Share Dividend Opportunities Index (CHINESE RENMINBI) (TR),13240.40
2016-10-20,S&P China A-Share Dividend Opportunities Index (CHINESE RENMINBI) (TR),13250.69
2016-10-21,S&P China A-Share Dividend Opportunities Index (CHINESE RENMINBI) (TR),13308.23
2016-10-24,S&P China A-Share Dividend Opportunities Index (CHINESE RENMINBI) (TR),13458.18
2016-10-25,S&P China A-Share Dividend Opportunities Index (CHINESE RENMINBI) (TR),13484.23
2016-10-26,S&P China A-Share Dividend Opportunities Index (CHINESE RENMINBI) (TR),13403.42
2016-10-27,S&P China A-Share Dividend Opportunities Index (CHINESE RENMINBI) (TR),13382.69
2016-10-28,S&P China A-Share Dividend Opportunities Index (CHINESE RENMINBI) (TR),13330.27
2016-10-31,S&P China A-Share Dividend Opportunities Index (CHINESE RENMINBI) (TR),13330.56
2016-11-01,S&P China A-Share Dividend Opportunities Index (CHINESE RENMINBI) (TR),13420.15
2016-11-02,S&P China A-Share Dividend Opportunities Index (CHINESE RENMINBI) (TR),13303.23
2016-11-03,S&P China A-Share Dividend Opportunities Index (CHINESE RENMINBI) (TR),13419.93
2016-11-04,S&P China A-Share Dividend Opportunities Index (CHINESE RENMINBI) (TR),13392.61
2016-11-07,S&P China A-Share Dividend Opportunities Index (CHINESE RENMINBI) (TR),13409.61
2016-11-08,S&P China A-Share Dividend Opportunities Index (CHINESE RENMINBI) (TR),13465.35
2016-11-09,S&P China A-Share Dividend Opportunities Index (CHINESE RENMINBI) (TR),13371.34
2016-11-10,S&P China A-Share Dividend Opportunities Index (CHINESE RENMINBI) (TR),13542.02
2016-11-11,S&P China A-Share Dividend Opportunities Index (CHINESE RENMINBI) (TR),13637.31
2016-11-14,S&P China A-Share Dividend Opportunities Index (CHINESE RENMINBI) (TR),13650.55
2016-11-15,S&P China A-Share Dividend Opportunities Index (CHINESE RENMINBI) (TR),13662.72
2016-11-16,S&P China A-Share Dividend Opportunities Index (CHINESE RENMINBI) (TR),13659.52
2016-11-17,S&P China A-Share Dividend Opportunities Index (CHINESE RENMINBI) (TR),13709.74
2016-11-18,S&P China A-Share Dividend Opportunities Index (CHINESE RENMINBI) (TR),13644.61
2016-11-21,S&P China A-Share Dividend Opportunities Index (CHINESE RENMINBI) (TR),13738.56
2016-11-22,S&P China A-Share Dividend Opportunities Index (CHINESE RENMINBI) (TR),13818.01
2016-11-23,S&P China A-Share Dividend Opportunities Index (CHINESE RENMINBI) (TR),13861.44
2016-11-24,S&P China A-Share Dividend Opportunities Index (CHINESE RENMINBI) (TR),13963.93
2016-11-25,S&P China A-Share Dividend Opportunities Index (CHINESE RENMINBI) (TR),14078.40
2016-11-28,S&P China A-Share Dividend Opportunities Index (CHINESE RENMINBI) (TR),14151.73
2016-11-29,S&P China A-Share Dividend Opportunities Index (CHINESE RENMINBI) (TR),14243.67
2016-11-30,S&P China A-Share Dividend Opportunities Index (CHINESE RENMINBI) (TR),14110.74
2016-12-01,S&P China A-Share Dividend Opportunities Index (CHINESE RENMINBI) (TR),14238.84
2016-12-02,S&P China A-Share Dividend Opportunities Index (CHINESE RENMINBI) (TR),14030.06
2016-12-05,S&P China A-Share Dividend Opportunities Index (CHINESE RENMINBI) (TR),13787.50
2016-12-06,S&P China A-Share Dividend Opportunities Index (CHINESE RENMINBI) (TR),13767.51
2016-12-07,S&P China A-Share Dividend Opportunities Index (CHINESE RENMINBI) (TR),13841.42
2016-12-08,S&P China A-Share Dividend Opportunities Index (CHINESE RENMINBI) (TR),13801.69
2016-12-09,S&P China A-Share Dividend Opportunities Index (CHINESE RENMINBI) (TR),13896.23
2016-12-12,S&P China A-Share Dividend Opportunities Index (CHINESE RENMINBI) (TR),13526.55
2016-12-13,S&P China A-Share Dividend Opportunities Index (CHINESE RENMINBI) (TR),13509.68
2016-12-14,S&P China A-Share Dividend Opportunities Index (CHINESE RENMINBI) (TR),13445.02
2016-12-15,S&P China A-Share Dividend Opportunities Index (CHINESE RENMINBI) (TR),13346.40
2016-12-16,S&P China A-Share Dividend Opportunities Index (CHINESE RENMINBI) (TR),13413.49
2016-12-19,S&P China A-Share Dividend Opportunities Index (CHINESE RENMINBI) (TR),13388.60
2016-12-20,S&P China A-Share Dividend Opportunities Index (CHINESE RENMINBI) (TR),13283.77
2016-12-21,S&P China A-Share Dividend Opportunities Index (CHINESE RENMINBI) (TR),13398.39
2016-12-22,S&P China A-Share Dividend Opportunities Index (CHINESE RENMINBI) (TR),13428.65
2016-12-23,S&P China A-Share Dividend Opportunities Index (CHINESE RENMINBI) (TR),13280.84
2016-12-26,S&P China A-Share Dividend Opportunities Index (CHINESE RENMINBI) (TR),13309.10
2016-12-27,S&P China A-Share Dividend Opportunities Index (CHINESE RENMINBI) (TR),13317.71
2016-12-28,S&P China A-Share Dividend Opportunities Index (CHINESE RENMINBI) (TR),13282.51
2016-12-29,S&P China A-Share Dividend Opportunities Index (CHINESE RENMINBI) (TR),13261.10
2016-12-30,S&P China A-Share Dividend Opportunities Index (CHINESE RENMINBI) (TR),13318.59
2017-01-03,S&P China A-Share Dividend Opportunities Index (CHINESE RENMINBI) (TR),13464.35
2017-01-04,S&P China A-Share Dividend Opportunities Index (CHINESE RENMINBI) (TR),13567.29
2017-01-05,S&P China A-Share Dividend Opportunities Index (CHINESE RENMINBI) (TR),13577.27
2017-01-06,S&P China A-Share Dividend Opportunities Index (CHINESE RENMINBI) (TR),13524.04
2017-01-09,S&P China A-Share Dividend Opportunities Index (CHINESE RENMINBI) (TR),13614.88
2017-01-10,S&P China A-Share Dividend Opportunities Index (CHINESE RENMINBI) (TR),13593.52
2017-01-11,S&P China A-Share Dividend Opportunities Index (CHINESE RENMINBI) (TR),13450.22
2017-01-12,S&P China A-Share Dividend Opportunities Index (CHINESE RENMINBI) (TR),13372.59
2017-01-13,S&P China A-Share Dividend Opportunities Index (CHINESE RENMINBI) (TR),13369.11
2017-01-16,S&P China A-Share Dividend Opportunities Index (CHINESE RENMINBI) (TR),13317.14
2017-01-17,S&P China A-Share Dividend Opportunities Index (CHINESE RENMINBI) (TR),13337.41
2017-01-18,S&P China A-Share Dividend Opportunities Index (CHINESE RENMINBI) (TR),13419.21
2017-01-19,S&P China A-Share Dividend Opportunities Index (CHINESE RENMINBI) (TR),13380.77
2017-01-20,S&P China A-Share Dividend Opportunities Index (CHINESE RENMINBI) (TR),13486.13
2017-01-23,S&P China A-Share Dividend Opportunities Index (CHINESE RENMINBI) (TR),13498.22
2017-01-24,S&P China A-Share Dividend Opportunities Index (CHINESE RENMINBI) (TR),13536.22
2017-01-25,S&P China A-Share Dividend Opportunities Index (CHINESE RENMINBI) (TR),13575.71
2017-01-26,S&P China A-Share Dividend Opportunities Index (CHINESE RENMINBI) (TR),13609.33
2017-02-03,S&P China A-Share Dividend Opportunities Index (CHINESE RENMINBI) (TR),13515.45
2017-02-06,S&P China A-Share Dividend Opportunities Index (CHINESE RENMINBI) (TR),13591.79
2017-02-07,S&P China A-Share Dividend Opportunities Index (CHINESE RENMINBI) (TR),13611.21
2017-02-08,S&P China A-Share Dividend Opportunities Index (CHINESE RENMINBI) (TR),13687.06
2017-02-09,S&P China A-Share Dividend Opportunities Index (CHINESE RENMINBI) (TR),13723.01
2017-02-10,S&P China A-Share Dividend Opportunities Index (CHINESE RENMINBI) (TR),13767.40
2017-02-13,S&P China A-Share Dividend Opportunities Index (CHINESE RENMINBI) (TR),13862.79
2017-02-14,S&P China A-Share Dividend Opportunities Index (CHINESE RENMINBI) (TR),13845.23
2017-02-15,S&P China A-Share Dividend Opportunities Index (CHINESE RENMINBI) (TR),13819.36
2017-02-16,S&P China A-Share Dividend Opportunities Index (CHINESE RENMINBI) (TR),13896.24
2017-02-17,S&P China A-Share Dividend Opportunities Index (CHINESE RENMINBI) (TR),13795.44
2017-02-20,S&P China A-Share Dividend Opportunities Index (CHINESE RENMINBI) (TR),14039.05
2017-02-21,S&P China A-Share Dividend Opportunities Index (CHINESE RENMINBI) (TR),14074.72
2017-02-22,S&P China A-Share Dividend Opportunities Index (CHINESE RENMINBI) (TR),14144.09
2017-02-23,S&P China A-Share Dividend Opportunities Index (CHINESE RENMINBI) (TR),14075.04
2017-02-24,S&P China A-Share Dividend Opportunities Index (CHINESE RENMINBI) (TR),14069.48
2017-02-27,S&P China A-Share Dividend Opportunities Index (CHINESE RENMINBI) (TR),13937.89
2017-02-28,S&P China A-Share Dividend Opportunities Index (CHINESE RENMINBI) (TR),14012.87
2017-03-01,S&P China A-Share Dividend Opportunities Index (CHINESE RENMINBI) (TR),14020.12
2017-03-02,S&P China A-Share Dividend Opportunities Index (CHINESE RENMINBI) (TR),13947.20
2017-03-03,S&P China A-Share Dividend Opportunities Index (CHINESE RENMINBI) (TR),13938.43
2017-03-06,S&P China A-Share Dividend Opportunities Index (CHINESE RENMINBI) (TR),14012.07
2017-03-07,S&P China A-Share Dividend Opportunities Index (CHINESE RENMINBI) (TR),14018.40
2017-03-08,S&P China A-Share Dividend Opportunities Index (CHINESE RENMINBI) (TR),13976.70
2017-03-09,S&P China A-Share Dividend Opportunities Index (CHINESE RENMINBI) (TR),13885.24
2017-03-10,S&P China A-Share Dividend Opportunities Index (CHINESE RENMINBI) (TR),13903.15
2017-03-13,S&P China A-Share Dividend Opportunities Index (CHINESE RENMINBI) (TR),14035.86
2017-03-14,S&P China A-Share Dividend Opportunities Index (CHINESE RENMINBI) (TR),14029.78
2017-03-15,S&P China A-Share Dividend Opportunities Index (CHINESE RENMINBI) (TR),14083.42
2017-03-16,S&P China A-Share Dividend Opportunities Index (CHINESE RENMINBI) (TR),14152.19
2017-03-17,S&P China A-Share Dividend Opportunities Index (CHINESE RENMINBI) (TR),14003.75
2017-03-20,S&P China A-Share Dividend Opportunities Index (CHINESE RENMINBI) (TR),14042.20
2017-03-21,S&P China A-Share Dividend Opportunities Index (CHINESE RENMINBI) (TR),14122.01
2017-03-22,S&P China A-Share Dividend Opportunities Index (CHINESE RENMINBI) (TR),14031.91
2017-03-23,S&P China A-Share Dividend Opportunities Index (CHINESE RENMINBI) (TR),14079.46
2017-03-24,S&P China A-Share Dividend Opportunities Index (CHINESE RENMINBI) (TR),14203.22
2017-03-27,S&P China A-Share Dividend Opportunities Index (CHINESE RENMINBI) (TR),14176.49
2017-03-28,S&P China A-Share Dividend Opportunities Index (CHINESE RENMINBI) (TR),14111.86
2017-03-29,S&P China A-Share Dividend Opportunities Index (CHINESE RENMINBI) (TR),14077.13
2017-03-30,S&P China A-Share Dividend Opportunities Index (CHINESE RENMINBI) (TR),13988.03
2017-03-31,S&P China A-Share Dividend Opportunities Index (CHINESE RENMINBI) (TR),14069.32
2017-04-05,S&P China A-Share Dividend Opportunities Index (CHINESE RENMINBI) (TR),14280.03
2017-04-06,S&P China A-Share Dividend Opportunities Index (CHINESE RENMINBI) (TR),14346.85
2017-04-07,S&P China A-Share Dividend Opportunities Index (CHINESE RENMINBI) (TR),14400.10
2017-04-10,S&P China A-Share Dividend Opportunities Index (CHINESE RENMINBI) (TR),14434.08
2017-04-11,S&P China A-Share Dividend Opportunities Index (CHINESE RENMINBI) (TR),14526.67
2017-04-12,S&P China A-Share Dividend Opportunities Index (CHINESE RENMINBI) (TR),14522.85
2017-04-13,S&P China A-Share Dividend Opportunities Index (CHINESE RENMINBI) (TR),14616.78
2017-04-14,S&P China A-Share Dividend Opportunities Index (CHINESE RENMINBI) (TR),14418.37
2017-04-17,S&P China A-Share Dividend Opportunities Index (CHINESE RENMINBI) (TR),14270.29
2017-04-18,S&P China A-Share Dividend Opportunities Index (CHINESE RENMINBI) (TR),14210.28
2017-04-19,S&P China A-Share Dividend Opportunities Index (CHINESE RENMINBI) (TR),14140.98
2017-04-20,S&P China A-Share Dividend Opportunities Index (CHINESE RENMINBI) (TR),14113.51
2017-04-21,S&P China A-Share Dividend Opportunities Index (CHINESE RENMINBI) (TR),14150.85
2017-04-24,S&P China A-Share Dividend Opportunities Index (CHINESE RENMINBI) (TR),13974.40
2017-04-25,S&P China A-Share Dividend Opportunities Index (CHINESE RENMINBI) (TR),14033.54
2017-04-26,S&P China A-Share Dividend Opportunities Index (CHINESE RENMINBI) (TR),14081.38
2017-04-27,S&P China A-Share Dividend Opportunities Index (CHINESE RENMINBI) (TR),14034.80
2017-04-28,S&P China A-Share Dividend Opportunities Index (CHINESE RENMINBI) (TR),13982.72
2017-05-02,S&P China A-Share Dividend Opportunities Index (CHINESE RENMINBI) (TR),13910.28
2017-05-03,S&P China A-Share Dividend Opportunities Index (CHINESE RENMINBI) (TR),13798.66
2017-05-04,S&P China A-Share Dividend Opportunities Index (CHINESE RENMINBI) (TR),13792.19
2017-05-05,S&P China A-Share Dividend Opportunities Index (CHINESE RENMINBI) (TR),13708.32
2017-05-08,S&P China A-Share Dividend Opportunities Index (CHINESE RENMINBI) (TR),13549.00
2017-05-09,S&P China A-Share Dividend Opportunities Index (CHINESE RENMINBI) (TR),13572.42
2017-05-10,S&P China A-Share Dividend Opportunities Index (CHINESE RENMINBI) (TR),13410.82
2017-05-11,S&P China A-Share Dividend Opportunities Index (CHINESE RENMINBI) (TR),13471.64
2017-05-12,S&P China A-Share Dividend Opportunities Index (CHINESE RENMINBI) (TR),13563.24
2017-05-15,S&P China A-Share Dividend Opportunities Index (CHINESE RENMINBI) (TR),13634.24
2017-05-16,S&P China A-Share Dividend Opportunities Index (CHINESE RENMINBI) (TR),13792.89
2017-05-17,S&P China A-Share Dividend Opportunities Index (CHINESE RENMINBI) (TR),13776.43
2017-05-18,S&P China A-Share Dividend Opportunities Index (CHINESE RENMINBI) (TR),13705.87
2017-05-19,S&P China A-Share Dividend Opportunities Index (CHINESE RENMINBI) (TR),13764.80
2017-05-22,S&P China A-Share Dividend Opportunities Index (CHINESE RENMINBI) (TR),13652.26
2017-05-23,S&P China A-Share Dividend Opportunities Index (CHINESE RENMINBI) (TR),13625.51
2017-05-24,S&P China A-Share Dividend Opportunities Index (CHINESE RENMINBI) (TR),13684.68
2017-05-25,S&P China A-Share Dividend Opportunities Index (CHINESE RENMINBI) (TR),13888.83
2017-05-26,S&P China A-Share Dividend Opportunities Index (CHINESE RENMINBI) (TR),13908.85
2017-05-31,S&P China A-Share Dividend Opportunities Index (CHINESE RENMINBI) (TR),13943.30
2017-06-01,S&P China A-Share Dividend Opportunities Index (CHINESE RENMINBI) (TR),13891.86
2017-06-02,S&P China A-Share Dividend Opportunities Index (CHINESE RENMINBI) (TR),13923.38
2017-06-05,S&P China A-Share Dividend Opportunities Index (CHINESE RENMINBI) (TR),13915.47
2017-06-06,S&P China A-Share Dividend Opportunities Index (CHINESE RENMINBI) (TR),13987.96
2017-06-07,S&P China A-Share Dividend Opportunities Index (CHINESE RENMINBI) (TR),14168.97
2017-06-08,S&P China A-Share Dividend Opportunities Index (CHINESE RENMINBI) (TR),14276.57
2017-06-09,S&P China A-Share Dividend Opportunities Index (CHINESE RENMINBI) (TR),14317.46
2017-06-12,S&P China A-Share Dividend Opportunities Index (CHINESE RENMINBI) (TR),14332.45
2017-06-13,S&P China A-Share Dividend Opportunities Index (CHINESE RENMINBI) (TR),14414.17
2017-06-14,S&P China A-Share Dividend Opportunities Index (CHINESE RENMINBI) (TR),14267.89
2017-06-15,S&P China A-Share Dividend Opportunities Index (CHINESE RENMINBI) (TR),14256.05
2017-06-16,S&P China A-Share Dividend Opportunities Index (CHINESE RENMINBI) (TR),14183.89
2017-06-19,S&P China A-Share Dividend Opportunities Index (CHINESE RENMINBI) (TR),14300.16
2017-06-20,S&P China A-Share Dividend Opportunities Index (CHINESE RENMINBI) (TR),14281.25
2017-06-21,S&P China A-Share Dividend Opportunities Index (CHINESE RENMINBI) (TR),14409.00
2017-06-22,S&P China A-Share Dividend Opportunities Index (CHINESE RENMINBI) (TR),14391.44
2017-06-23,S&P China A-Share Dividend Opportunities Index (CHINESE RENMINBI) (TR),14488.03
2017-06-26,S&P China A-Share Dividend Opportunities Index (CHINESE RENMINBI) (TR),14646.34
2017-06-27,S&P China A-Share Dividend Opportunities Index (CHINESE RENMINBI) (TR),14677.97
2017-06-28,S&P China A-Share Dividend Opportunities Index (CHINESE RENMINBI) (TR),14614.53
2017-06-29,S&P China A-Share Dividend Opportunities Index (CHINESE RENMINBI) (TR),14657.60
2017-06-30,S&P China A-Share Dividend Opportunities Index (CHINESE RENMINBI) (TR),14678.29
2017-07-03,S&P China A-Share Dividend Opportunities Index (CHINESE RENMINBI) (TR),14663.01
2017-07-04,S&P China A-Share Dividend Opportunities Index (CHINESE RENMINBI) (TR),14568.39
2017-07-05,S&P China A-Share Dividend Opportunities Index (CHINESE RENMINBI) (TR),14692.68
2017-07-06,S&P China A-Share Dividend Opportunities Index (CHINESE RENMINBI) (TR),14709.49
2017-07-07,S&P China A-Share Dividend Opportunities Index (CHINESE RENMINBI) (TR),14724.86
2017-07-10,S&P China A-Share Dividend Opportunities Index (CHINESE RENMINBI) (TR),14716.76
2017-07-11,S&P China A-Share Dividend Opportunities Index (CHINESE RENMINBI) (TR),14760.84
2017-07-12,S&P China A-Share Dividend Opportunities Index (CHINESE RENMINBI) (TR),14691.54
2017-07-13,S&P China A-Share Dividend Opportunities Index (CHINESE RENMINBI) (TR),14746.22
2017-07-14,S&P China A-Share Dividend Opportunities Index (CHINESE RENMINBI) (TR),14815.78
2017-07-17,S&P China A-Share Dividend Opportunities Index (CHINESE RENMINBI) (TR),14564.19
2017-07-18,S&P China A-Share Dividend Opportunities Index (CHINESE RENMINBI) (TR),14572.62
2017-07-19,S&P China A-Share Dividend Opportunities Index (CHINESE RENMINBI) (TR),14781.21
2017-07-20,S&P China A-Share Dividend Opportunities Index (CHINESE RENMINBI) (TR),14903.33
2017-07-21,S&P China A-Share Dividend Opportunities Index (CHINESE RENMINBI) (TR),14902.00
2017-07-24,S&P China A-Share Dividend Opportunities Index (CHINESE RENMINBI) (TR),15031.07
2017-07-25,S&P China A-Share Dividend Opportunities Index (CHINESE RENMINBI) (TR),14941.88
2017-07-26,S&P China A-Share Dividend Opportunities Index (CHINESE RENMINBI) (TR),14882.23
2017-07-27,S&P China A-Share Dividend Opportunities Index (CHINESE RENMINBI) (TR),14905.46
2017-07-28,S&P China A-Share Dividend Opportunities Index (CHINESE RENMINBI) (TR),14926.50
2017-07-31,S&P China A-Share Dividend Opportunities Index (CHINESE RENMINBI) (TR),14953.50
2017-08-01,S&P China A-Share Dividend Opportunities Index (CHINESE RENMINBI) (TR),15027.78
2017-08-02,S&P China A-Share Dividend Opportunities Index (CHINESE RENMINBI) (TR),14928.59
2017-08-03,S&P China A-Share Dividend Opportunities Index (CHINESE RENMINBI) (TR),14854.12
2017-08-04,S&P China A-Share Dividend Opportunities Index (CHINESE RENMINBI) (TR),14775.16
2017-08-07,S&P China A-Share Dividend Opportunities Index (CHINESE RENMINBI) (TR),14839.87
2017-08-08,S&P China A-Share Dividend Opportunities Index (CHINESE RENMINBI) (TR),14844.89
2017-08-09,S&P China A-Share Dividend Opportunities Index (CHINESE RENMINBI) (TR),14875.11
2017-08-10,S&P China A-Share Dividend Opportunities Index (CHINESE RENMINBI) (TR),14779.46
2017-08-11,S&P China A-Share Dividend Opportunities Index (CHINESE RENMINBI) (TR),14483.21
2017-08-14,S&P China A-Share Dividend Opportunities Index (CHINESE RENMINBI) (TR),14640.75
2017-08-15,S&P China A-Share Dividend Opportunities Index (CHINESE RENMINBI) (TR),14689.00
2017-08-16,S&P China A-Share Dividend Opportunities Index (CHINESE RENMINBI) (TR),14679.70
2017-08-17,S&P China A-Share Dividend Opportunities Index (CHINESE RENMINBI) (TR),14737.69
2017-08-18,S&P China A-Share Dividend Opportunities Index (CHINESE RENMINBI) (TR),14760.25
2017-08-21,S&P China A-Share Dividend Opportunities Index (CHINESE RENMINBI) (TR),14819.68
2017-08-22,S&P China A-Share Dividend Opportunities Index (CHINESE RENMINBI) (TR),14788.47
2017-08-23,S&P China A-Share Dividend Opportunities Index (CHINESE RENMINBI) (TR),14758.87
2017-08-24,S&P China A-Share Dividend Opportunities Index (CHINESE RENMINBI) (TR),14689.41
2017-08-25,S&P China A-Share Dividend Opportunities Index (CHINESE RENMINBI) (TR),14887.17
2017-08-28,S&P China A-Share Dividend Opportunities Index (CHINESE RENMINBI) (TR),15000.99
2017-08-29,S&P China A-Share Dividend Opportunities Index (CHINESE RENMINBI) (TR),14972.51
2017-08-30,S&P China A-Share Dividend Opportunities Index (CHINESE RENMINBI) (TR),14980.65
2017-08-31,S&P China A-Share Dividend Opportunities Index (CHINESE RENMINBI) (TR),14936.61
2017-09-01,S&P China A-Share Dividend Opportunities Index (CHINESE RENMINBI) (TR),14952.62
2017-09-04,S&P China A-Share Dividend Opportunities Index (CHINESE RENMINBI) (TR),15015.95
2017-09-05,S&P China A-Share Dividend Opportunities Index (CHINESE RENMINBI) (TR),15063.18
2017-09-06,S&P China A-Share Dividend Opportunities Index (CHINESE RENMINBI) (TR),15030.61
2017-09-07,S&P China A-Share Dividend Opportunities Index (CHINESE RENMINBI) (TR),15008.03
2017-09-08,S&P China A-Share Dividend Opportunities Index (CHINESE RENMINBI) (TR),15021.14
2017-09-11,S&P China A-Share Dividend Opportunities Index (CHINESE RENMINBI) (TR),15094.08
2017-09-12,S&P China A-Share Dividend Opportunities Index (CHINESE RENMINBI) (TR),15112.53
2017-09-13,S&P China A-Share Dividend Opportunities Index (CHINESE RENMINBI) (TR),15118.61
2017-09-14,S&P China A-Share Dividend Opportunities Index (CHINESE RENMINBI) (TR),15098.18
2017-09-15,S&P China A-Share Dividend Opportunities Index (CHINESE RENMINBI) (TR),15099.94
2017-09-18,S&P China A-Share Dividend Opportunities Index (CHINESE RENMINBI) (TR),15168.53
2017-09-19,S&P China A-Share Dividend Opportunities Index (CHINESE RENMINBI) (TR),15159.59
2017-09-20,S&P China A-Share Dividend Opportunities Index (CHINESE RENMINBI) (TR),15234.39
2017-09-21,S&P China A-Share Dividend Opportunities Index (CHINESE RENMINBI) (TR),15170.82
2017-09-22,S&P China A-Share Dividend Opportunities Index (CHINESE RENMINBI) (TR),15156.41
2017-09-25,S&P China A-Share Dividend Opportunities Index (CHINESE RENMINBI) (TR),14991.58
2017-09-26,S&P China A-Share Dividend Opportunities Index (CHINESE RENMINBI) (TR),14994.92
2017-09-27,S&P China A-Share Dividend Opportunities Index (CHINESE RENMINBI) (TR),15059.89
2017-09-28,S&P China A-Share Dividend Opportunities Index (CHINESE RENMINBI) (TR),15052.17
2017-09-29,S&P China A-Share Dividend Opportunities Index (CHINESE RENMINBI) (TR),15132.93
2017-10-09,S&P China A-Share Dividend Opportunities Index (CHINESE RENMINBI) (TR),15301.24
2017-10-10,S&P China A-Share Dividend Opportunities Index (CHINESE RENMINBI) (TR),15360.88
2017-10-11,S&P China A-Share Dividend Opportunities Index (CHINESE RENMINBI) (TR),15410.12
2017-10-12,S&P China A-Share Dividend Opportunities Index (CHINESE RENMINBI) (TR),15366.15
2017-10-13,S&P China A-Share Dividend Opportunities Index (CHINESE RENMINBI) (TR),15369.70
2017-10-16,S&P China A-Share Dividend Opportunities Index (CHINESE RENMINBI) (TR),15266.72
2017-10-17,S&P China A-Share Dividend Opportunities Index (CHINESE RENMINBI) (TR),15247.03
2017-10-18,S&P China A-Share Dividend Opportunities Index (CHINESE RENMINBI) (TR),15280.42
2017-10-19,S&P China A-Share Dividend Opportunities Index (CHINESE RENMINBI) (TR),15225.88
2017-10-20,S&P China A-Share Dividend Opportunities Index (CHINESE RENMINBI) (TR),15273.98
2017-10-23,S&P China A-Share Dividend Opportunities Index (CHINESE RENMINBI) (TR),15283.07
2017-10-24,S&P China A-Share Dividend Opportunities Index (CHINESE RENMINBI) (TR),15331.67
2017-10-25,S&P China A-Share Dividend Opportunities Index (CHINESE RENMINBI) (TR),15408.68
2017-10-26,S&P China A-Share Dividend Opportunities Index (CHINESE RENMINBI) (TR),15371.78
2017-10-27,S&P China A-Share Dividend Opportunities Index (CHINESE RENMINBI) (TR),15387.75
2017-10-30,S&P China A-Share Dividend Opportunities Index (CHINESE RENMINBI) (TR),15254.81
2017-10-31,S&P China A-Share Dividend Opportunities Index (CHINESE RENMINBI) (TR),15246.04
2017-11-01,S&P China A-Share Dividend Opportunities Index (CHINESE RENMINBI) (TR),15193.32
2017-11-02,S&P China A-Share Dividend Opportunities Index (CHINESE RENMINBI) (TR),15150.28
2017-11-03,S&P China A-Share Dividend Opportunities Index (CHINESE RENMINBI) (TR),15037.00
2017-11-06,S&P China A-Share Dividend Opportunities Index (CHINESE RENMINBI) (TR),15115.72
2017-11-07,S&P China A-Share Dividend Opportunities Index (CHINESE RENMINBI) (TR),15212.39
2017-11-08,S&P China A-Share Dividend Opportunities Index (CHINESE RENMINBI) (TR),15231.25
2017-11-09,S&P China A-Share Dividend Opportunities Index (CHINESE RENMINBI) (TR),15256.55
2017-11-10,S&P China A-Share Dividend Opportunities Index (CHINESE RENMINBI) (TR),15346.29
2017-11-13,S&P China A-Share Dividend Opportunities Index (CHINESE RENMINBI) (TR),15372.67
2017-11-14,S&P China A-Share Dividend Opportunities Index (CHINESE RENMINBI) (TR),15268.05
2017-11-15,S&P China A-Share Dividend Opportunities Index (CHINESE RENMINBI) (TR),15173.57
2017-11-16,S&P China A-Share Dividend Opportunities Index (CHINESE RENMINBI) (TR),15222.79
2017-11-17,S&P China A-Share Dividend Opportunities Index (CHINESE RENMINBI) (TR),15111.38
2017-11-20,S&P China A-Share Dividend Opportunities Index (CHINESE RENMINBI) (TR),15182.51
2017-11-21,S&P China A-Share Dividend Opportunities Index (CHINESE RENMINBI) (TR),15349.38
2017-11-22,S&P China A-Share Dividend Opportunities Index (CHINESE RENMINBI) (TR),15365.77
2017-11-23,S&P China A-Share Dividend Opportunities Index (CHINESE RENMINBI) (TR),15039.91
2017-11-24,S&P China A-Share Dividend Opportunities Index (CHINESE RENMINBI) (TR),15052.41
2017-11-27,S&P China A-Share Dividend Opportunities Index (CHINESE RENMINBI) (TR),14958.41
2017-11-28,S&P China A-Share Dividend Opportunities Index (CHINESE RENMINBI) (TR),14994.84
2017-11-29,S&P China A-Share Dividend Opportunities Index (CHINESE RENMINBI) (TR),15043.96
2017-11-30,S&P China A-Share Dividend Opportunities Index (CHINESE RENMINBI) (TR),14948.90
2017-12-01,S&P China A-Share Dividend Opportunities Index (CHINESE RENMINBI) (TR),14970.04
2017-12-04,S&P China A-Share Dividend Opportunities Index (CHINESE RENMINBI) (TR),14915.01
2017-12-05,S&P China A-Share Dividend Opportunities Index (CHINESE RENMINBI) (TR),14854.34
2017-12-06,S&P China A-Share Dividend Opportunities Index (CHINESE RENMINBI) (TR),14852.11
2017-12-07,S&P China A-Share Dividend Opportunities Index (CHINESE RENMINBI) (TR),14751.36
2017-12-08,S&P China A-Share Dividend Opportunities Index (CHINESE RENMINBI) (TR),14839.25
2017-12-11,S&P China A-Share Dividend Opportunities Index (CHINESE RENMINBI) (TR),14985.11
2017-12-12,S&P China A-Share Dividend Opportunities Index (CHINESE RENMINBI) (TR),14848.67
2017-12-13,S&P China A-Share Dividend Opportunities Index (CHINESE RENMINBI) (TR),14949.63
2017-12-14,S&P China A-Share Dividend Opportunities Index (CHINESE RENMINBI) (TR),14906.05
2017-12-15,S&P China A-Share Dividend Opportunities Index (CHINESE RENMINBI) (TR),14797.59
2017-12-18,S&P China A-Share Dividend Opportunities Index (CHINESE RENMINBI) (TR),14756.47
2017-12-19,S&P China A-Share Dividend Opportunities Index (CHINESE RENMINBI) (TR),14886.06
2017-12-20,S&P China A-Share Dividend Opportunities Index (CHINESE RENMINBI) (TR),14840.15
2017-12-21,S&P China A-Share Dividend Opportunities Index (CHINESE RENMINBI) (TR),14947.32
2017-12-22,S&P China A-Share Dividend Opportunities Index (CHINESE RENMINBI) (TR),14969.23
2017-12-25,S&P China A-Share Dividend Opportunities Index (CHINESE RENMINBI) (TR),14965.80
2017-12-26,S&P China A-Share Dividend Opportunities Index (CHINESE RENMINBI) (TR),15012.06
2017-12-27,S&P China A-Share Dividend Opportunities Index (CHINESE RENMINBI) (TR),14865.90
2017-12-28,S&P China A-Share Dividend Opportunities Index (CHINESE RENMINBI) (TR),14919.75
2017-12-29,S&P China A-Share Dividend Opportunities Index (CHINESE RENMINBI) (TR),15071.44
2018-01-02,S&P China A-Share Dividend Opportunities Index (CHINESE RENMINBI) (TR),15333.02
2018-01-03,S&P China A-Share Dividend Opportunities Index (CHINESE RENMINBI) (TR),15413.15
2018-01-04,S&P China A-Share Dividend Opportunities Index (CHINESE RENMINBI) (TR),15454.55
2018-01-05,S&P China A-Share Dividend Opportunities Index (CHINESE RENMINBI) (TR),15591.90
2018-01-08,S&P China A-Share Dividend Opportunities Index (CHINESE RENMINBI) (TR),15706.58
2018-01-09,S&P China A-Share Dividend Opportunities Index (CHINESE RENMINBI) (TR),15684.52
2018-01-10,S&P China A-Share Dividend Opportunities Index (CHINESE RENMINBI) (TR),15733.17
2018-01-11,S&P China A-Share Dividend Opportunities Index (CHINESE RENMINBI) (TR),15668.45
2018-01-12,S&P China A-Share Dividend Opportunities Index (CHINESE RENMINBI) (TR),15725.27
2018-01-15,S&P China A-Share Dividend Opportunities Index (CHINESE RENMINBI) (TR),15640.42
2018-01-16,S&P China A-Share Dividend Opportunities Index (CHINESE RENMINBI) (TR),15933.45
2018-01-17,S&P China A-Share Dividend Opportunities Index (CHINESE RENMINBI) (TR),15873.36
2018-01-18,S&P China A-Share Dividend Opportunities Index (CHINESE RENMINBI) (TR),15996.17
2018-01-19,S&P China A-Share Dividend Opportunities Index (CHINESE RENMINBI) (TR),15930.20
2018-01-22,S&P China A-Share Dividend Opportunities Index (CHINESE RENMINBI) (TR),16088.61
2018-01-23,S&P China A-Share Dividend Opportunities Index (CHINESE RENMINBI) (TR),16247.06
2018-01-24,S&P China A-Share Dividend Opportunities Index (CHINESE RENMINBI) (TR),16251.54
2018-01-25,S&P China A-Share Dividend Opportunities Index (CHINESE RENMINBI) (TR),16203.91
2018-01-26,S&P China A-Share Dividend Opportunities Index (CHINESE RENMINBI) (TR),16321.59
2018-01-29,S&P China A-Share Dividend Opportunities Index (CHINESE RENMINBI) (TR),16137.25
2018-01-30,S&P China A-Share Dividend Opportunities Index (CHINESE RENMINBI) (TR),16002.17
2018-01-31,S&P China A-Share Dividend Opportunities Index (CHINESE RENMINBI) (TR),16000.04
2018-02-01,S&P China A-Share Dividend Opportunities Index (CHINESE RENMINBI) (TR),15689.59
2018-02-02,S&P China A-Share Dividend Opportunities Index (CHINESE RENMINBI) (TR),15736.73
2018-02-05,S&P China A-Share Dividend Opportunities Index (CHINESE RENMINBI) (TR),15857.50
2018-02-06,S&P China A-Share Dividend Opportunities Index (CHINESE RENMINBI) (TR),15226.30
2018-02-07,S&P China A-Share Dividend Opportunities Index (CHINESE RENMINBI) (TR),15051.61
2018-02-08,S&P China A-Share Dividend Opportunities Index (CHINESE RENMINBI) (TR),15026.13
2018-02-09,S&P China A-Share Dividend Opportunities Index (CHINESE RENMINBI) (TR),14420.16
2018-02-12,S&P China A-Share Dividend Opportunities Index (CHINESE RENMINBI) (TR),14635.16
2018-02-13,S&P China A-Share Dividend Opportunities Index (CHINESE RENMINBI) (TR),14751.66
2018-02-14,S&P China A-Share Dividend Opportunities Index (CHINESE RENMINBI) (TR),14808.00
2018-02-22,S&P China A-Share Dividend Opportunities Index (CHINESE RENMINBI) (TR),15068.66
2018-02-23,S&P China A-Share Dividend Opportunities Index (CHINESE RENMINBI) (TR),15119.08
2018-02-26,S&P China A-Share Dividend Opportunities Index (CHINESE RENMINBI) (TR),15308.68
2018-02-27,S&P China A-Share Dividend Opportunities Index (CHINESE RENMINBI) (TR),15099.64
2018-02-28,S&P China A-Share Dividend Opportunities Index (CHINESE RENMINBI) (TR),15115.34
2018-03-01,S&P China A-Share Dividend Opportunities Index (CHINESE RENMINBI) (TR),15179.24
2018-03-02,S&P China A-Share Dividend Opportunities Index (CHINESE RENMINBI) (TR),15141.59
2018-03-05,S&P China A-Share Dividend Opportunities Index (CHINESE RENMINBI) (TR),15152.06
2018-03-06,S&P China A-Share Dividend Opportunities Index (CHINESE RENMINBI) (TR),15339.46
2018-03-07,S&P China A-Share Dividend Opportunities Index (CHINESE RENMINBI) (TR),15221.54
2018-03-08,S&P China A-Share Dividend Opportunities Index (CHINESE RENMINBI) (TR),15308.77
2018-03-09,S&P China A-Share Dividend Opportunities Index (CHINESE RENMINBI) (TR),15408.58
2018-03-12,S&P China A-Share Dividend Opportunities Index (CHINESE RENMINBI) (TR),15513.33
2018-03-13,S&P China A-Share Dividend Opportunities Index (CHINESE RENMINBI) (TR),15428.00
2018-03-14,S&P China A-Share Dividend Opportunities Index (CHINESE RENMINBI) (TR),15351.37
2018-03-15,S&P China A-Share Dividend Opportunities Index (CHINESE RENMINBI) (TR),15297.93
2018-03-16,S&P China A-Share Dividend Opportunities Index (CHINESE RENMINBI) (TR),15245.66
2018-03-19,S&P China A-Share Dividend Opportunities Index (CHINESE RENMINBI) (TR),15189.55
2018-03-20,S&P China A-Share Dividend Opportunities Index (CHINESE RENMINBI) (TR),15153.41
2018-03-21,S&P China A-Share Dividend Opportunities Index (CHINESE RENMINBI) (TR),15131.37
2018-03-22,S&P China A-Share Dividend Opportunities Index (CHINESE RENMINBI) (TR),15093.50
2018-03-23,S&P China A-Share Dividend Opportunities Index (CHINESE RENMINBI) (TR),14510.36
2018-03-26,S&P China A-Share Dividend Opportunities Index (CHINESE RENMINBI) (TR),14559.17
2018-03-27,S&P China A-Share Dividend Opportunities Index (CHINESE RENMINBI) (TR),14715.36
2018-03-28,S&P China A-Share Dividend Opportunities Index (CHINESE RENMINBI) (TR),14506.28
2018-03-29,S&P China A-Share Dividend Opportunities Index (CHINESE RENMINBI) (TR),14743.79
2018-03-30,S&P China A-Share Dividend Opportunities Index (CHINESE RENMINBI) (TR),14778.47
2018-04-02,S&P China A-Share Dividend Opportunities Index (CHINESE RENMINBI) (TR),14734.11
2018-04-03,S&P China A-Share Dividend Opportunities Index (CHINESE RENMINBI) (TR),14599.91
2018-04-04,S&P China A-Share Dividend Opportunities Index (CHINESE RENMINBI) (TR),14599.71
2018-04-09,S&P China A-Share Dividend Opportunities Index (CHINESE RENMINBI) (TR),14581.90
2018-04-10,S&P China A-Share Dividend Opportunities Index (CHINESE RENMINBI) (TR),14747.07
2018-04-11,S&P China A-Share Dividend Opportunities Index (CHINESE RENMINBI) (TR),14845.34
2018-04-12,S&P China A-Share Dividend Opportunities Index (CHINESE RENMINBI) (TR),14732.25
2018-04-13,S&P China A-Share Dividend Opportunities Index (CHINESE RENMINBI) (TR),14695.48
2018-04-16,S&P China A-Share Dividend Opportunities Index (CHINESE RENMINBI) (TR),14545.54
2018-04-17,S&P China A-Share Dividend Opportunities Index (CHINESE RENMINBI) (TR),14367.67
2018-04-18,S&P China A-Share Dividend Opportunities Index (CHINESE RENMINBI) (TR),14463.37
2018-04-19,S&P China A-Share Dividend Opportunities Index (CHINESE RENMINBI) (TR),14547.12
2018-04-20,S&P China A-Share Dividend Opportunities Index (CHINESE RENMINBI) (TR),14335.84
2018-04-23,S&P China A-Share Dividend Opportunities Index (CHINESE RENMINBI) (TR),14291.27
2018-04-24,S&P China A-Share Dividend Opportunities Index (CHINESE RENMINBI) (TR),14542.13
2018-04-25,S&P China A-Share Dividend Opportunities Index (CHINESE RENMINBI) (TR),14510.64
2018-04-26,S&P China A-Share Dividend Opportunities Index (CHINESE RENMINBI) (TR),14337.55
2018-04-27,S&P China A-Share Dividend Opportunities Index (CHINESE RENMINBI) (TR),14386.35
2018-05-02,S&P China A-Share Dividend Opportunities Index (CHINESE RENMINBI) (TR),14464.02
2018-05-03,S&P China A-Share Dividend Opportunities Index (CHINESE RENMINBI) (TR),14550.06
2018-05-04,S&P China A-Share Dividend Opportunities Index (CHINESE RENMINBI) (TR),14538.99
2018-05-07,S&P China A-Share Dividend Opportunities Index (CHINESE RENMINBI) (TR),14770.34
2018-05-08,S&P China A-Share Dividend Opportunities Index (CHINESE RENMINBI) (TR),14849.40
2018-05-09,S&P China A-Share Dividend Opportunities Index (CHINESE RENMINBI) (TR),14841.09
2018-05-10,S&P China A-Share Dividend Opportunities Index (CHINESE RENMINBI) (TR),14946.55
2018-05-11,S&P China A-Share Dividend Opportunities Index (CHINESE RENMINBI) (TR),14862.26
2018-05-14,S&P China A-Share Dividend Opportunities Index (CHINESE RENMINBI) (TR),14869.42
2018-05-15,S&P China A-Share Dividend Opportunities Index (CHINESE RENMINBI) (TR),14947.98
2018-05-16,S&P China A-Share Dividend Opportunities Index (CHINESE RENMINBI) (TR),14960.31
2018-05-17,S&P China A-Share Dividend Opportunities Index (CHINESE RENMINBI) (TR),14898.39
2018-05-18,S&P China A-Share Dividend Opportunities Index (CHINESE RENMINBI) (TR),14993.51
2018-05-21,S&P China A-Share Dividend Opportunities Index (CHINESE RENMINBI) (TR),15082.20
2018-05-22,S&P China A-Share Dividend Opportunities Index (CHINESE RENMINBI) (TR),15109.13
2018-05-23,S&P China A-Share Dividend Opportunities Index (CHINESE RENMINBI) (TR),14934.66
2018-05-24,S&P China A-Share Dividend Opportunities Index (CHINESE RENMINBI) (TR),14870.76
2018-05-25,S&P China A-Share Dividend Opportunities Index (CHINESE RENMINBI) (TR),14845.33
2018-05-28,S&P China A-Share Dividend Opportunities Index (CHINESE RENMINBI) (TR),14852.29
2018-05-29,S&P China A-Share Dividend Opportunities Index (CHINESE RENMINBI) (TR),14808.50
2018-05-30,S&P China A-Share Dividend Opportunities Index (CHINESE RENMINBI) (TR),14462.10
2018-05-31,S&P China A-Share Dividend Opportunities Index (CHINESE RENMINBI) (TR),14773.67
2018-06-01,S&P China A-Share Dividend Opportunities Index (CHINESE RENMINBI) (TR),14650.64
2018-06-04,S&P China A-Share Dividend Opportunities Index (CHINESE RENMINBI) (TR),14703.16
2018-06-05,S&P China A-Share Dividend Opportunities Index (CHINESE RENMINBI) (TR),14818.98
2018-06-06,S&P China A-Share Dividend Opportunities Index (CHINESE RENMINBI) (TR),14827.62
2018-06-07,S&P China A-Share Dividend Opportunities Index (CHINESE RENMINBI) (TR),14740.33
2018-06-08,S&P China A-Share Dividend Opportunities Index (CHINESE RENMINBI) (TR),14576.60
2018-06-11,S&P China A-Share Dividend Opportunities Index (CHINESE RENMINBI) (TR),14501.67
2018-06-12,S&P China A-Share Dividend Opportunities Index (CHINESE RENMINBI) (TR),14631.28
2018-06-13,S&P China A-Share Dividend Opportunities Index (CHINESE RENMINBI) (TR),14497.08
2018-06-14,S&P China A-Share Dividend Opportunities Index (CHINESE RENMINBI) (TR),14454.08
2018-06-15,S&P China A-Share Dividend Opportunities Index (CHINESE RENMINBI) (TR),14346.91
2018-06-19,S&P China A-Share Dividend Opportunities Index (CHINESE RENMINBI) (TR),13627.95
2018-06-20,S&P China A-Share Dividend Opportunities Index (CHINESE RENMINBI) (TR),13747.43
2018-06-21,S&P China A-Share Dividend Opportunities Index (CHINESE RENMINBI) (TR),13606.03
2018-06-22,S&P China A-Share Dividend Opportunities Index (CHINESE RENMINBI) (TR),13721.63
2018-06-25,S&P China A-Share Dividend Opportunities Index (CHINESE RENMINBI) (TR),13657.16
2018-06-26,S&P China A-Share Dividend Opportunities Index (CHINESE RENMINBI) (TR),13585.28
2018-06-27,S&P China A-Share Dividend Opportunities Index (CHINESE RENMINBI) (TR),13463.37
2018-06-28,S&P China A-Share Dividend Opportunities Index (CHINESE RENMINBI) (TR),13330.27
2018-06-29,S&P China A-Share Dividend Opportunities Index (CHINESE RENMINBI) (TR),13626.74
2018-07-02,S&P China A-Share Dividend Opportunities Index (CHINESE RENMINBI) (TR),13315.63
2018-07-03,S&P China A-Share Dividend Opportunities Index (CHINESE RENMINBI) (TR),13327.70
2018-07-04,S&P China A-Share Dividend Opportunities Index (CHINESE RENMINBI) (TR),13180.68
2018-07-05,S&P China A-Share Dividend Opportunities Index (CHINESE RENMINBI) (TR),12963.70
2018-07-06,S&P China A-Share Dividend Opportunities Index (CHINESE RENMINBI) (TR),12966.59
2018-07-09,S&P China A-Share Dividend Opportunities Index (CHINESE RENMINBI) (TR),13260.05
2018-07-10,S&P China A-Share Dividend Opportunities Index (CHINESE RENMINBI) (TR),13340.81
2018-07-11,S&P China A-Share Dividend Opportunities Index (CHINESE RENMINBI) (TR),13141.85
2018-07-12,S&P China A-Share Dividend Opportunities Index (CHINESE RENMINBI) (TR),13394.76
2018-07-13,S&P China A-Share Dividend Opportunities Index (CHINESE RENMINBI) (TR),13461.44
2018-07-16,S&P China A-Share Dividend Opportunities Index (CHINESE RENMINBI) (TR),13440.00
2018-07-17,S&P China A-Share Dividend Opportunities Index (CHINESE RENMINBI) (TR),13434.80
2018-07-18,S&P China A-Share Dividend Opportunities Index (CHINESE RENMINBI) (TR),13412.95
2018-07-19,S&P China A-Share Dividend Opportunities Index (CHINESE RENMINBI) (TR),13384.58
2018-07-20,S&P China A-Share Dividend Opportunities Index (CHINESE RENMINBI) (TR),13537.06
2018-07-23,S&P China A-Share Dividend Opportunities Index (CHINESE RENMINBI) (TR),13661.90
2018-07-24,S&P China A-Share Dividend Opportunities Index (CHINESE RENMINBI) (TR),13865.44
2018-07-25,S&P China A-Share Dividend Opportunities Index (CHINESE RENMINBI) (TR),13840.86
2018-07-26,S&P China A-Share Dividend Opportunities Index (CHINESE RENMINBI) (TR),13817.88
2018-07-27,S&P China A-Share Dividend Opportunities Index (CHINESE RENMINBI) (TR),13751.06
2018-07-30,S&P China A-Share Dividend Opportunities Index (CHINESE RENMINBI) (TR),13640.02
2018-07-31,S&P China A-Share Dividend Opportunities Index (CHINESE RENMINBI) (TR),13650.42
2018-08-01,S&P China A-Share Dividend Opportunities Index (CHINESE RENMINBI) (TR),13354.28
2018-08-02,S&P China A-Share Dividend Opportunities Index (CHINESE RENMINBI) (TR),13072.69
2018-08-03,S&P China A-Share Dividend Opportunities Index (CHINESE RENMINBI) (TR),13014.62
2018-08-06,S&P China A-Share Dividend Opportunities Index (CHINESE RENMINBI) (TR),12850.74
2018-08-07,S&P China A-Share Dividend Opportunities Index (CHINESE RENMINBI) (TR),13196.46
2018-08-08,S&P China A-Share Dividend Opportunities Index (CHINESE RENMINBI) (TR),13074.12
2018-08-09,S&P China A-Share Dividend Opportunities Index (CHINESE RENMINBI) (TR),13282.74
2018-08-10,S&P China A-Share Dividend Opportunities Index (CHINESE RENMINBI) (TR),13283.98
2018-08-13,S&P China A-Share Dividend Opportunities Index (CHINESE RENMINBI) (TR),13300.20
2018-08-14,S&P China A-Share Dividend Opportunities Index (CHINESE RENMINBI) (TR),13258.18
2018-08-15,S&P China A-Share Dividend Opportunities Index (CHINESE RENMINBI) (TR),13011.03
2018-08-16,S&P China A-Share Dividend Opportunities Index (CHINESE RENMINBI) (TR),12889.54
2018-08-17,S&P China A-Share Dividend Opportunities Index (CHINESE RENMINBI) (TR),12755.54
2018-08-20,S&P China A-Share Dividend Opportunities Index (CHINESE RENMINBI) (TR),12847.56
2018-08-21,S&P China A-Share Dividend Opportunities Index (CHINESE RENMINBI) (TR),12937.51
2018-08-22,S&P China A-Share Dividend Opportunities Index (CHINESE RENMINBI) (TR),12848.39
2018-08-23,S&P China A-Share Dividend Opportunities Index (CHINESE RENMINBI) (TR),12840.46
2018-08-24,S&P China A-Share Dividend Opportunities Index (CHINESE RENMINBI) (TR),12856.43
2018-08-27,S&P China A-Share Dividend Opportunities Index (CHINESE RENMINBI) (TR),13053.09
2018-08-28,S&P China A-Share Dividend Opportunities Index (CHINESE RENMINBI) (TR),13075.25
2018-08-29,S&P China A-Share Dividend Opportunities Index (CHINESE RENMINBI) (TR),12980.45
2018-08-30,S&P China A-Share Dividend Opportunities Index (CHINESE RENMINBI) (TR),12878.89
2018-08-31,S&P China A-Share Dividend Opportunities Index (CHINESE RENMINBI) (TR),12800.84
2018-09-03,S&P China A-Share Dividend Opportunities Index (CHINESE RENMINBI) (TR),12770.54
2018-09-04,S&P China A-Share Dividend Opportunities Index (CHINESE RENMINBI) (TR),12896.62
2018-09-05,S&P China A-Share Dividend Opportunities Index (CHINESE RENMINBI) (TR),12699.18
2018-09-06,S&P China A-Share Dividend Opportunities Index (CHINESE RENMINBI) (TR),12611.35
2018-09-07,S&P China A-Share Dividend Opportunities Index (CHINESE RENMINBI) (TR),12660.59
2018-09-10,S&P China A-Share Dividend Opportunities Index (CHINESE RENMINBI) (TR),12533.30
2018-09-11,S&P China A-Share Dividend Opportunities Index (CHINESE RENMINBI) (TR),12411.81
2018-09-12,S&P China A-Share Dividend Opportunities Index (CHINESE RENMINBI) (TR),12406.32
2018-09-13,S&P China A-Share Dividend Opportunities Index (CHINESE RENMINBI) (TR),12519.31
2018-09-14,S&P China A-Share Dividend Opportunities Index (CHINESE RENMINBI) (TR),12510.11
2018-09-17,S&P China A-Share Dividend Opportunities Index (CHINESE RENMINBI) (TR),12364.57
2018-09-18,S&P China A-Share Dividend Opportunities Index (CHINESE RENMINBI) (TR),12582.20
2018-09-19,S&P China A-Share Dividend Opportunities Index (CHINESE RENMINBI) (TR),12717.71
2018-09-20,S&P China A-Share Dividend Opportunities Index (CHINESE RENMINBI) (TR),12696.66
2018-09-21,S&P China A-Share Dividend Opportunities Index (CHINESE RENMINBI) (TR),12959.26
2018-09-25,S&P China A-Share Dividend Opportunities Index (CHINESE RENMINBI) (TR),12853.21
2018-09-26,S&P China A-Share Dividend Opportunities Index (CHINESE RENMINBI) (TR),12907.51
2018-09-27,S&P China A-Share Dividend Opportunities Index (CHINESE RENMINBI) (TR),12841.33
2018-09-28,S&P China A-Share Dividend Opportunities Index (CHINESE RENMINBI) (TR),12921.32
2018-10-08,S&P China A-Share Dividend Opportunities Index (CHINESE RENMINBI) (TR),12529.02
2018-10-09,S&P China A-Share Dividend Opportunities Index (CHINESE RENMINBI) (TR),12538.71
2018-10-10,S&P China A-Share Dividend Opportunities Index (CHINESE RENMINBI) (TR),12590.31
2018-10-11,S&P China A-Share Dividend Opportunities Index (CHINESE RENMINBI) (TR),11869.06
2018-10-12,S&P China A-Share Dividend Opportunities Index (CHINESE RENMINBI) (TR),11924.02
2018-10-15,S&P China A-Share Dividend Opportunities Index (CHINESE RENMINBI) (TR),11719.74
2018-10-16,S&P China A-Share Dividend Opportunities Index (CHINESE RENMINBI) (TR),11535.61
2018-10-17,S&P China A-Share Dividend Opportunities Index (CHINESE RENMINBI) (TR),11627.87
2018-10-18,S&P China A-Share Dividend Opportunities Index (CHINESE RENMINBI) (TR),11363.60
2018-10-19,S&P China A-Share Dividend Opportunities Index (CHINESE RENMINBI) (TR),11599.80
2018-10-22,S&P China A-Share Dividend Opportunities Index (CHINESE RENMINBI) (TR),12068.89
2018-10-23,S&P China A-Share Dividend Opportunities Index (CHINESE RENMINBI) (TR),11856.58
2018-10-24,S&P China A-Share Dividend Opportunities Index (CHINESE RENMINBI) (TR),11896.71
2018-10-25,S&P China A-Share Dividend Opportunities Index (CHINESE RENMINBI) (TR),11913.81
2018-10-26,S&P China A-Share Dividend Opportunities Index (CHINESE RENMINBI) (TR),12017.10
2018-10-29,S&P China A-Share Dividend Opportunities Index (CHINESE RENMINBI) (TR),11807.54
2018-10-30,S&P China A-Share Dividend Opportunities Index (CHINESE RENMINBI) (TR),11900.19
2018-10-31,S&P China A-Share Dividend Opportunities Index (CHINESE RENMINBI) (TR),12023.48
2018-11-01,S&P China A-Share Dividend Opportunities Index (CHINESE RENMINBI) (TR),12029.01
2018-11-02,S&P China A-Share Dividend Opportunities Index (CHINESE RENMINBI) (TR),12267.31
2018-11-05,S&P China A-Share Dividend Opportunities Index (CHINESE RENMINBI) (TR),12253.36
2018-11-06,S&P China A-Share Dividend Opportunities Index (CHINESE RENMINBI) (TR),12253.82
2018-11-07,S&P China A-Share Dividend Opportunities Index (CHINESE RENMINBI) (TR),12183.45
2018-11-08,S&P China A-Share Dividend Opportunities Index (CHINESE RENMINBI) (TR),12153.22
2018-11-09,S&P China A-Share Dividend Opportunities Index (CHINESE RENMINBI) (TR),12105.87
2018-11-12,S&P China A-Share Dividend Opportunities Index (CHINESE RENMINBI) (TR),12298.56
2018-11-13,S&P China A-Share Dividend Opportunities Index (CHINESE RENMINBI) (TR),12473.03
2018-11-14,S&P China A-Share Dividend Opportunities Index (CHINESE RENMINBI) (TR),12442.08
2018-11-15,S&P China A-Share Dividend Opportunities Index (CHINESE RENMINBI) (TR),12545.08
2018-11-16,S&P China A-Share Dividend Opportunities Index (CHINESE RENMINBI) (TR),12631.17
2018-11-19,S&P China A-Share Dividend Opportunities Index (CHINESE RENMINBI) (TR),12742.16
2018-11-20,S&P China A-Share Dividend Opportunities Index (CHINESE RENMINBI) (TR),12456.01
2018-11-21,S&P China A-Share Dividend Opportunities Index (CHINESE RENMINBI) (TR),12466.62
2018-11-22,S&P China A-Share Dividend Opportunities Index (CHINESE RENMINBI) (TR),12410.68
2018-11-23,S&P China A-Share Dividend Opportunities Index (CHINESE RENMINBI) (TR),12018.05
2018-11-26,S&P China A-Share Dividend Opportunities Index (CHINESE RENMINBI) (TR),11988.75
2018-11-27,S&P China A-Share Dividend Opportunities Index (CHINESE RENMINBI) (TR),11980.90
2018-11-28,S&P China A-Share Dividend Opportunities Index (CHINESE RENMINBI) (TR),12077.32
2018-11-29,S&P China A-Share Dividend Opportunities Index (CHINESE RENMINBI) (TR),11869.56
2018-11-30,S&P China A-Share Dividend Opportunities Index (CHINESE RENMINBI) (TR),11949.06
2018-12-03,S&P China A-Share Dividend Opportunities Index (CHINESE RENMINBI) (TR),12225.60
2018-12-04,S&P China A-Share Dividend Opportunities Index (CHINESE RENMINBI) (TR),12282.66
2018-12-05,S&P China A-Share Dividend Opportunities Index (CHINESE RENMINBI) (TR),12209.49
2018-12-06,S&P China A-Share Dividend Opportunities Index (CHINESE RENMINBI) (TR),12061.52
2018-12-07,S&P China A-Share Dividend Opportunities Index (CHINESE RENMINBI) (TR),12095.01
2018-12-10,S&P China A-Share Dividend Opportunities Index (CHINESE RENMINBI) (TR),11962.22
2018-12-11,S&P China A-Share Dividend Opportunities Index (CHINESE RENMINBI) (TR),12040.75
2018-12-12,S&P China A-Share Dividend Opportunities Index (CHINESE RENMINBI) (TR),12077.65
2018-12-13,S&P China A-Share Dividend Opportunities Index (CHINESE RENMINBI) (TR),12243.73
2018-12-14,S&P China A-Share Dividend Opportunities Index (CHINESE RENMINBI) (TR),12090.32
2018-12-17,S&P China A-Share Dividend Opportunities Index (CHINESE RENMINBI) (TR),12175.71
2018-12-18,S&P China A-Share Dividend Opportunities Index (CHINESE RENMINBI) (TR),12101.86
2018-12-19,S&P China A-Share Dividend Opportunities Index (CHINESE RENMINBI) (TR),12048.98
2018-12-20,S&P China A-Share Dividend Opportunities Index (CHINESE RENMINBI) (TR),12023.89
2018-12-21,S&P China A-Share Dividend Opportunities Index (CHINESE RENMINBI) (TR),11937.96
2018-12-24,S&P China A-Share Dividend Opportunities Index (CHINESE RENMINBI) (TR),11985.67
2018-12-25,S&P China A-Share Dividend Opportunities Index (CHINESE RENMINBI) (TR),11851.77
2018-12-26,S&P China A-Share Dividend Opportunities Index (CHINESE RENMINBI) (TR),11878.78
2018-12-27,S&P China A-Share Dividend Opportunities Index (CHINESE RENMINBI) (TR),11804.01
2018-12-28,S&P China A-Share Dividend Opportunities Index (CHINESE RENMINBI) (TR),11837.73
2019-01-02,S&P China A-Share Dividend Opportunities Index (CHINESE RENMINBI) (TR),11656.24
2019-01-03,S&P China A-Share Dividend Opportunities Index (CHINESE RENMINBI) (TR),11640.67
2019-01-04,S&P China A-Share Dividend Opportunities Index (CHINESE RENMINBI) (TR),11853.54
2019-01-07,S&P China A-Share Dividend Opportunities Index (CHINESE RENMINBI) (TR),11993.76
2019-01-08,S&P China A-Share Dividend Opportunities Index (CHINESE RENMINBI) (TR),12007.08
2019-01-09,S&P China A-Share Dividend Opportunities Index (CHINESE RENMINBI) (TR),12067.48
2019-01-10,S&P China A-Share Dividend Opportunities Index (CHINESE RENMINBI) (TR),12030.47
2019-01-11,S&P China A-Share Dividend Opportunities Index (CHINESE RENMINBI) (TR),12092.78
2019-01-14,S&P China A-Share Dividend Opportunities Index (CHINESE RENMINBI) (TR),12095.51
2019-01-15,S&P China A-Share Dividend Opportunities Index (CHINESE RENMINBI) (TR),12162.35
2019-01-16,S&P China A-Share Dividend Opportunities Index (CHINESE RENMINBI) (TR),12163.76
2019-01-17,S&P China A-Share Dividend Opportunities Index (CHINESE RENMINBI) (TR),12165.09
2019-01-18,S&P China A-Share Dividend Opportunities Index (CHINESE RENMINBI) (TR),12298.04
2019-01-21,S&P China A-Share Dividend Opportunities Index (CHINESE RENMINBI) (TR),12309.89
2019-01-22,S&P China A-Share Dividend Opportunities Index (CHINESE RENMINBI) (TR),12185.66
2019-01-23,S&P China A-Share Dividend Opportunities Index (CHINESE RENMINBI) (TR),12211.53
2019-01-24,S&P China A-Share Dividend Opportunities Index (CHINESE RENMINBI) (TR),12217.23
2019-01-25,S&P China A-Share Dividend Opportunities Index (CHINESE RENMINBI) (TR),12234.24
2019-01-28,S&P China A-Share Dividend Opportunities Index (CHINESE RENMINBI) (TR),12193.12
2019-01-29,S&P China A-Share Dividend Opportunities Index (CHINESE RENMINBI) (TR),12196.69
2019-01-30,S&P China A-Share Dividend Opportunities Index (CHINESE RENMINBI) (TR),12130.14
2019-01-31,S&P China A-Share Dividend Opportunities Index (CHINESE RENMINBI) (TR),12084.79
2019-02-01,S&P China A-Share Dividend Opportunities Index (CHINESE RENMINBI) (TR),12302.48
2019-02-11,S&P China A-Share Dividend Opportunities Index (CHINESE RENMINBI) (TR),12487.14
2019-02-12,S&P China A-Share Dividend Opportunities Index (CHINESE RENMINBI) (TR),12620.34
2019-02-13,S&P China A-Share Dividend Opportunities Index (CHINESE RENMINBI) (TR),12798.24
2019-02-14,S&P China A-Share Dividend Opportunities Index (CHINESE RENMINBI) (TR),12839.94
2019-02-15,S&P China A-Share Dividend Opportunities Index (CHINESE RENMINBI) (TR),12698.77
2019-02-18,S&P China A-Share Dividend Opportunities Index (CHINESE RENMINBI) (TR),13048.83
2019-02-19,S&P China A-Share Dividend Opportunities Index (CHINESE RENMINBI) (TR),13081.46
2019-02-20,S&P China A-Share Dividend Opportunities Index (CHINESE RENMINBI) (TR),13108.76
2019-02-21,S&P China A-Share Dividend Opportunities Index (CHINESE RENMINBI) (TR),13009.28
2019-02-22,S&P China A-Share Dividend Opportunities Index (CHINESE RENMINBI) (TR),13208.01
2019-02-25,S&P China A-Share Dividend Opportunities Index (CHINESE RENMINBI) (TR),13827.01
2019-02-26,S&P China A-Share Dividend Opportunities Index (CHINESE RENMINBI) (TR),13919.01
2019-02-27,S&P China A-Share Dividend Opportunities Index (CHINESE RENMINBI) (TR),13923.94
2019-02-28,S&P China A-Share Dividend Opportunities Index (CHINESE RENMINBI) (TR),13949.91
2019-03-01,S&P China A-Share Dividend Opportunities Index (CHINESE RENMINBI) (TR),14054.87
2019-03-04,S&P China A-Share Dividend Opportunities Index (CHINESE RENMINBI) (TR),14235.24
2019-03-05,S&P China A-Share Dividend Opportunities Index (CHINESE RENMINBI) (TR),14430.58
2019-03-06,S&P China A-Share Dividend Opportunities Index (CHINESE RENMINBI) (TR),14756.35
2019-03-07,S&P China A-Share Dividend Opportunities Index (CHINESE RENMINBI) (TR),14808.02
2019-03-08,S&P China A-Share Dividend Opportunities Index (CHINESE RENMINBI) (TR),14013.23
2019-03-11,S&P China A-Share Dividend Opportunities Index (CHINESE RENMINBI) (TR),14382.46
2019-03-12,S&P China A-Share Dividend Opportunities Index (CHINESE RENMINBI) (TR),14560.78
2019-03-13,S&P China A-Share Dividend Opportunities Index (CHINESE RENMINBI) (TR),14498.22
2019-03-14,S&P China A-Share Dividend Opportunities Index (CHINESE RENMINBI) (TR),14347.40
2019-03-15,S&P China A-Share Dividend Opportunities Index (CHINESE RENMINBI) (TR),14546.07
2019-03-18,S&P China A-Share Dividend Opportunities Index (CHINESE RENMINBI) (TR),14940.89
2019-03-19,S&P China A-Share Dividend Opportunities Index (CHINESE RENMINBI) (TR),14939.80
2019-03-20,S&P China A-Share Dividend Opportunities Index (CHINESE RENMINBI) (TR),14989.33
2019-03-21,S&P China A-Share Dividend Opportunities Index (CHINESE RENMINBI) (TR),15036.39
2019-03-22,S&P China A-Share Dividend Opportunities Index (CHINESE RENMINBI) (TR),15009.29
2019-03-25,S&P China A-Share Dividend Opportunities Index (CHINESE RENMINBI) (TR),14858.21
2019-03-26,S&P China A-Share Dividend Opportunities Index (CHINESE RENMINBI) (TR),14630.53
2019-03-27,S&P China A-Share Dividend Opportunities Index (CHINESE RENMINBI) (TR),14834.77
2019-03-28,S&P China A-Share Dividend Opportunities Index (CHINESE RENMINBI) (TR),14584.90
2019-03-29,S&P China A-Share Dividend Opportunities Index (CHINESE RENMINBI) (TR),14996.63
2019-04-01,S&P China A-Share Dividend Opportunities Index (CHINESE RENMINBI) (TR),15506.93
2019-04-02,S&P China A-Share Dividend Opportunities Index (CHINESE RENMINBI) (TR),15603.23
2019-04-03,S&P China A-Share Dividend Opportunities Index (CHINESE RENMINBI) (TR),15857.50
2019-04-04,S&P China A-Share Dividend Opportunities Index (CHINESE RENMINBI) (TR),16063.40
2019-04-08,S&P China A-Share Dividend Opportunities Index (CHINESE RENMINBI) (TR),16356.74
2019-04-09,S&P China A-Share Dividend Opportunities Index (CHINESE RENMINBI) (TR),16345.12
2019-04-10,S&P China A-Share Dividend Opportunities Index (CHINESE RENMINBI) (TR),16301.72
2019-04-11,S&P China A-Share Dividend Opportunities Index (CHINESE RENMINBI) (TR),16008.98
2019-04-12,S&P China A-Share Dividend Opportunities Index (CHINESE RENMINBI) (TR),15889.84
2019-04-15,S&P China A-Share Dividend Opportunities Index (CHINESE RENMINBI) (TR),15750.48
2019-04-16,S&P China A-Share Dividend Opportunities Index (CHINESE RENMINBI) (TR),16051.10
2019-04-17,S&P China A-Share Dividend Opportunities Index (CHINESE RENMINBI) (TR),16132.23
2019-04-18,S&P China A-Share Dividend Opportunities Index (CHINESE RENMINBI) (TR),16021.84
2019-04-19,S&P China A-Share Dividend Opportunities Index (CHINESE RENMINBI) (TR),16134.01
2019-04-22,S&P China A-Share Dividend Opportunities Index (CHINESE RENMINBI) (TR),15743.21
2019-04-23,S&P China A-Share Dividend Opportunities Index (CHINESE RENMINBI) (TR),15538.07
2019-04-24,S&P China A-Share Dividend Opportunities Index (CHINESE RENMINBI) (TR),15714.64
2019-04-25,S&P China A-Share Dividend Opportunities Index (CHINESE RENMINBI) (TR),15158.60
2019-04-26,S&P China A-Share Dividend Opportunities Index (CHINESE RENMINBI) (TR),14892.82
2019-04-29,S&P China A-Share Dividend Opportunities Index (CHINESE RENMINBI) (TR),14639.65
2019-04-30,S&P China A-Share Dividend Opportunities Index (CHINESE RENMINBI) (TR),14711.09
2019-05-06,S&P China A-Share Dividend Opportunities Index (CHINESE RENMINBI) (TR),13815.69
2019-05-07,S&P China A-Share Dividend Opportunities Index (CHINESE RENMINBI) (TR),14013.83
2019-05-08,S&P China A-Share Dividend Opportunities Index (CHINESE RENMINBI) (TR),13845.23
2019-05-09,S&P China A-Share Dividend Opportunities Index (CHINESE RENMINBI) (TR),13651.07
2019-05-10,S&P China A-Share Dividend Opportunities Index (CHINESE RENMINBI) (TR),14024.91
2019-05-13,S&P China A-Share Dividend Opportunities Index (CHINESE RENMINBI) (TR),13888.50
2019-05-14,S&P China A-Share Dividend Opportunities Index (CHINESE RENMINBI) (TR),13782.32
2019-05-15,S&P China A-Share Dividend Opportunities Index (CHINESE RENMINBI) (TR),14098.31
2019-05-16,S&P China A-Share Dividend Opportunities Index (CHINESE RENMINBI) (TR),14216.04
2019-05-17,S&P China A-Share Dividend Opportunities Index (CHINESE RENMINBI) (TR),13782.65
2019-05-20,S&P China A-Share Dividend Opportunities Index (CHINESE RENMINBI) (TR),13634.73
2019-05-21,S&P China A-Share Dividend Opportunities Index (CHINESE RENMINBI) (TR),13837.44
2019-05-22,S&P China A-Share Dividend Opportunities Index (CHINESE RENMINBI) (TR),13720.50
2019-05-23,S&P China A-Share Dividend Opportunities Index (CHINESE RENMINBI) (TR),13505.78
2019-05-24,S&P China A-Share Dividend Opportunities Index (CHINESE RENMINBI) (TR),13534.17
2019-05-27,S&P China A-Share Dividend Opportunities Index (CHINESE RENMINBI) (TR),13744.39
2019-05-28,S&P China A-Share Dividend Opportunities Index (CHINESE RENMINBI) (TR),13809.01
2019-05-29,S&P China A-Share Dividend Opportunities Index (CHINESE RENMINBI) (TR),13776.70
2019-05-30,S&P China A-Share Dividend Opportunities Index (CHINESE RENMINBI) (TR),13720.92
2019-05-31,S&P China A-Share Dividend Opportunities Index (CHINESE RENMINBI) (TR),13661.52
2019-06-03,S&P China A-Share Dividend Opportunities Index (CHINESE RENMINBI) (TR),13488.03
2019-06-04,S&P China A-Share Dividend Opportunities Index (CHINESE RENMINBI) (TR),13355.80
2019-06-05,S&P China A-Share Dividend Opportunities Index (CHINESE RENMINBI) (TR),13377.25
2019-06-06,S&P China A-Share Dividend Opportunities Index (CHINESE RENMINBI) (TR),13244.30
2019-06-10,S&P China A-Share Dividend Opportunities Index (CHINESE RENMINBI) (TR),13322.36
2019-06-11,S&P China A-Share Dividend Opportunities Index (CHINESE RENMINBI) (TR),13703.46
2019-06-12,S&P China A-Share Dividend Opportunities Index (CHINESE RENMINBI) (TR),13601.83
2019-06-13,S&P China A-Share Dividend Opportunities Index (CHINESE RENMINBI) (TR),13655.56
2019-06-14,S&P China A-Share Dividend Opportunities Index (CHINESE RENMINBI) (TR),13460.80
2019-06-17,S&P China A-Share Dividend Opportunities Index (CHINESE RENMINBI) (TR),13473.24
2019-06-18,S&P China A-Share Dividend Opportunities Index (CHINESE RENMINBI) (TR),13436.52
2019-06-19,S&P China A-Share Dividend Opportunities Index (CHINESE RENMINBI) (TR),13558.11
2019-06-20,S&P China A-Share Dividend Opportunities Index (CHINESE RENMINBI) (TR),13795.72
2019-06-21,S&P China A-Share Dividend Opportunities Index (CHINESE RENMINBI) (TR),13898.58
2019-06-24,S&P China A-Share Dividend Opportunities Index (CHINESE RENMINBI) (TR),13973.76
2019-06-25,S&P China A-Share Dividend Opportunities Index (CHINESE RENMINBI) (TR),13859.96
2019-06-26,S&P China A-Share Dividend Opportunities Index (CHINESE RENMINBI) (TR),13848.65
2019-06-27,S&P China A-Share Dividend Opportunities Index (CHINESE RENMINBI) (TR),13889.64
2019-06-28,S&P China A-Share Dividend Opportunities Index (CHINESE RENMINBI) (TR),13778.44
2019-07-01,S&P China A-Share Dividend Opportunities Index (CHINESE RENMINBI) (TR),14084.49
2019-07-02,S&P China A-Share Dividend Opportunities Index (CHINESE RENMINBI) (TR),14067.77
2019-07-03,S&P China A-Share Dividend Opportunities Index (CHINESE RENMINBI) (TR),14013.14
2019-07-04,S&P China A-Share Dividend Opportunities Index (CHINESE RENMINBI) (TR),14005.53
2019-07-05,S&P China A-Share Dividend Opportunities Index (CHINESE RENMINBI) (TR),14024.13
2019-07-08,S&P China A-Share Dividend Opportunities Index (CHINESE RENMINBI) (TR),13656.63
2019-07-09,S&P China A-Share Dividend Opportunities Index (CHINESE RENMINBI) (TR),13657.83
2019-07-10,S&P China A-Share Dividend Opportunities Index (CHINESE RENMINBI) (TR),13525.37
2019-07-11,S&P China A-Share Dividend Opportunities Index (CHINESE RENMINBI) (TR),13495.93
2019-07-12,S&P China A-Share Dividend Opportunities Index (CHINESE RENMINBI) (TR),13590.75
2019-07-15,S&P China A-Share Dividend Opportunities Index (CHINESE RENMINBI) (TR),13656.41
2019-07-16,S&P China A-Share Dividend Opportunities Index (CHINESE RENMINBI) (TR),13691.33
2019-07-17,S&P China A-Share Dividend Opportunities Index (CHINESE RENMINBI) (TR),13692.32
2019-07-18,S&P China A-Share Dividend Opportunities Index (CHINESE RENMINBI) (TR),13494.24
2019-07-19,S&P China A-Share Dividend Opportunities Index (CHINESE RENMINBI) (TR),13582.80
2019-07-22,S&P China A-Share Dividend Opportunities Index (CHINESE RENMINBI) (TR),13378.61
2019-07-23,S&P China A-Share Dividend Opportunities Index (CHINESE RENMINBI) (TR),13419.98
2019-07-24,S&P China A-Share Dividend Opportunities Index (CHINESE RENMINBI) (TR),13529.86
2019-07-25,S&P China A-Share Dividend Opportunities Index (CHINESE RENMINBI) (TR),13537.15
2019-07-26,S&P China A-Share Dividend Opportunities Index (CHINESE RENMINBI) (TR),13534.73
2019-07-29,S&P China A-Share Dividend Opportunities Index (CHINESE RENMINBI) (TR),13487.35
2019-07-30,S&P China A-Share Dividend Opportunities Index (CHINESE RENMINBI) (TR),13572.56
2019-07-31,S&P China A-Share Dividend Opportunities Index (CHINESE RENMINBI) (TR),13456.14
2019-08-01,S&P China A-Share Dividend Opportunities Index (CHINESE RENMINBI) (TR),13393.43
2019-08-02,S&P China A-Share Dividend Opportunities Index (CHINESE RENMINBI) (TR),13202.10
2019-08-05,S&P China A-Share Dividend Opportunities Index (CHINESE RENMINBI) (TR),12961.42
2019-08-06,S&P China A-Share Dividend Opportunities Index (CHINESE RENMINBI) (TR),12635.41
2019-08-07,S&P China A-Share Dividend Opportunities Index (CHINESE RENMINBI) (TR),12632.54
2019-08-08,S&P China A-Share Dividend Opportunities Index (CHINESE RENMINBI) (TR),12709.93
2019-08-09,S&P China A-Share Dividend Opportunities Index (CHINESE RENMINBI) (TR),12597.34
2019-08-12,S&P China A-Share Dividend Opportunities Index (CHINESE RENMINBI) (TR),12737.53
2019-08-13,S&P China A-Share Dividend Opportunities Index (CHINESE RENMINBI) (TR),12639.80
2019-08-14,S&P China A-Share Dividend Opportunities Index (CHINESE RENMINBI) (TR),12708.46
2019-08-15,S&P China A-Share Dividend Opportunities Index (CHINESE RENMINBI) (TR),12755.99
2019-08-16,S&P China A-Share Dividend Opportunities Index (CHINESE RENMINBI) (TR),12773.64
2019-08-19,S&P China A-Share Dividend Opportunities Index (CHINESE RENMINBI) (TR),13080.92
2019-08-20,S&P China A-Share Dividend Opportunities Index (CHINESE RENMINBI) (TR),13083.31
2019-08-21,S&P China A-Share Dividend Opportunities Index (CHINESE RENMINBI) (TR),13070.12
2019-08-22,S&P China A-Share Dividend Opportunities Index (CHINESE RENMINBI) (TR),13088.44
2019-08-23,S&P China A-Share Dividend Opportunities Index (CHINESE RENMINBI) (TR),13074.91
2019-08-26,S&P China A-Share Dividend Opportunities Index (CHINESE RENMINBI) (TR),12960.41
2019-08-27,S&P China A-Share Dividend Opportunities Index (CHINESE RENMINBI) (TR),13151.91
2019-08-28,S&P China A-Share Dividend Opportunities Index (CHINESE RENMINBI) (TR),13166.95
2019-08-29,S&P China A-Share Dividend Opportunities Index (CHINESE RENMINBI) (TR),13146.60
2019-08-30,S&P China A-Share Dividend Opportunities Index (CHINESE RENMINBI) (TR),13049.58
2019-09-02,S&P China A-Share Dividend Opportunities Index (CHINESE RENMINBI) (TR),13262.84
2019-09-03,S&P China A-Share Dividend Opportunities Index (CHINESE RENMINBI) (TR),13300.80
2019-09-04,S&P China A-Share Dividend Opportunities Index (CHINESE RENMINBI) (TR),13433.29
2019-09-05,S&P China A-Share Dividend Opportunities Index (CHINESE RENMINBI) (TR),13499.57
2019-09-06,S&P China A-Share Dividend Opportunities Index (CHINESE RENMINBI) (TR),13554.80
2019-09-09,S&P China A-Share Dividend Opportunities Index (CHINESE RENMINBI) (TR),13706.53
2019-09-10,S&P China A-Share Dividend Opportunities Index (CHINESE RENMINBI) (TR),13740.95
2019-09-11,S&P China A-Share Dividend Opportunities Index (CHINESE RENMINBI) (TR),13715.92
2019-09-12,S&P China A-Share Dividend Opportunities Index (CHINESE RENMINBI) (TR),13816.72
2019-09-16,S&P China A-Share Dividend Opportunities Index (CHINESE RENMINBI) (TR),13826.93
2019-09-17,S&P China A-Share Dividend Opportunities Index (CHINESE RENMINBI) (TR),13550.46
2019-09-18,S&P China A-Share Dividend Opportunities Index (CHINESE RENMINBI) (TR),13580.54
2019-09-19,S&P China A-Share Dividend Opportunities Index (CHINESE RENMINBI) (TR),13651.33
2019-09-20,S&P China A-Share Dividend Opportunities Index (CHINESE RENMINBI) (TR),13648.48
2019-09-23,S&P China A-Share Dividend Opportunities Index (CHINESE RENMINBI) (TR),13482.73
2019-09-24,S&P China A-Share Dividend Opportunities Index (CHINESE RENMINBI) (TR),13523.80
2019-09-25,S&P China A-Share Dividend Opportunities Index (CHINESE RENMINBI) (TR),13359.57
2019-09-26,S&P China A-Share Dividend Opportunities Index (CHINESE RENMINBI) (TR),13250.41
2019-09-27,S&P China A-Share Dividend Opportunities Index (CHINESE RENMINBI) (TR),13277.37
2019-09-30,S&P China A-Share Dividend Opportunities Index (CHINESE RENMINBI) (TR),13224.81
2019-10-08,S&P China A-Share Dividend Opportunities Index (CHINESE RENMINBI) (TR),13323.55
2019-10-09,S&P China A-Share Dividend Opportunities Index (CHINESE RENMINBI) (TR),13428.05
2019-10-10,S&P China A-Share Dividend Opportunities Index (CHINESE RENMINBI) (TR),13479.25
2019-10-11,S&P China A-Share Dividend Opportunities Index (CHINESE RENMINBI) (TR),13536.59
2019-10-14,S&P China A-Share Dividend Opportunities Index (CHINESE RENMINBI) (TR),13679.07
2019-10-15,S&P China A-Share Dividend Opportunities Index (CHINESE RENMINBI) (TR),13580.97
2019-10-16,S&P China A-Share Dividend Opportunities Index (CHINESE RENMINBI) (TR),13542.38
2019-10-17,S&P China A-Share Dividend Opportunities Index (CHINESE RENMINBI) (TR),13501.24
2019-10-18,S&P China A-Share Dividend Opportunities Index (CHINESE RENMINBI) (TR),13375.20
2019-10-21,S&P China A-Share Dividend Opportunities Index (CHINESE RENMINBI) (TR),13350.44
2019-10-22,S&P China A-Share Dividend Opportunities Index (CHINESE RENMINBI) (TR),13431.63
2019-10-23,S&P China A-Share Dividend Opportunities Index (CHINESE RENMINBI) (TR),13371.94
2019-10-24,S&P China A-Share Dividend Opportunities Index (CHINESE RENMINBI) (TR),13364.16
2019-10-25,S&P China A-Share Dividend Opportunities Index (CHINESE RENMINBI) (TR),13427.67
2019-10-28,S&P China A-Share Dividend Opportunities Index (CHINESE RENMINBI) (TR),13541.94
2019-10-29,S&P China A-Share Dividend Opportunities Index (CHINESE RENMINBI) (TR),13426.65
2019-10-30,S&P China A-Share Dividend Opportunities Index (CHINESE RENMINBI) (TR),13370.74
2019-10-31,S&P China A-Share Dividend Opportunities Index (CHINESE RENMINBI) (TR),13284.76
2019-11-01,S&P China A-Share Dividend Opportunities Index (CHINESE RENMINBI) (TR),13385.62
2019-11-04,S&P China A-Share Dividend Opportunities Index (CHINESE RENMINBI) (TR),13413.99
2019-11-05,S&P China A-Share Dividend Opportunities Index (CHINESE RENMINBI) (TR),13481.34
2019-11-06,S&P China A-Share Dividend Opportunities Index (CHINESE RENMINBI) (TR),13418.47
2019-11-07,S&P China A-Share Dividend Opportunities Index (CHINESE RENMINBI) (TR),13464.15
2019-11-08,S&P China A-Share Dividend Opportunities Index (CHINESE RENMINBI) (TR),13434.43
2019-11-11,S&P China A-Share Dividend Opportunities Index (CHINESE RENMINBI) (TR),13166.51
2019-11-12,S&P China A-Share Dividend Opportunities Index (CHINESE RENMINBI) (TR),13193.64
2019-11-13,S&P China A-Share Dividend Opportunities Index (CHINESE RENMINBI) (TR),13136.56
2019-11-14,S&P China A-Share Dividend Opportunities Index (CHINESE RENMINBI) (TR),13168.70
2019-11-15,S&P China A-Share Dividend Opportunities Index (CHINESE RENMINBI) (TR),13065.14
2019-11-18,S&P China A-Share Dividend Opportunities Index (CHINESE RENMINBI) (TR),13206.83
2019-11-19,S&P China A-Share Dividend Opportunities Index (CHINESE RENMINBI) (TR),13398.47
2019-11-20,S&P China A-Share Dividend Opportunities Index (CHINESE RENMINBI) (TR),13320.07
2019-11-21,S&P China A-Share Dividend Opportunities Index (CHINESE RENMINBI) (TR),13338.92
2019-11-22,S&P China A-Share Dividend Opportunities Index (CHINESE RENMINBI) (TR),13304.47
2019-11-25,S&P China A-Share Dividend Opportunities Index (CHINESE RENMINBI) (TR),13519.12
2019-11-26,S&P China A-Share Dividend Opportunities Index (CHINESE RENMINBI) (TR),13423.48
2019-11-27,S&P China A-Share Dividend Opportunities Index (CHINESE RENMINBI) (TR),13407.76
2019-11-28,S&P China A-Share Dividend Opportunities Index (CHINESE RENMINBI) (TR),13329.10
2019-11-29,S&P China A-Share Dividend Opportunities Index (CHINESE RENMINBI) (TR),13310.20
2019-12-02,S&P China A-Share Dividend Opportunities Index (CHINESE RENMINBI) (TR),13352.05
2019-12-03,S&P China A-Share Dividend Opportunities Index (CHINESE RENMINBI) (TR),13402.49
2019-12-04,S&P China A-Share Dividend Opportunities Index (CHINESE RENMINBI) (TR),13339.18
2019-12-05,S&P China A-Share Dividend Opportunities Index (CHINESE RENMINBI) (TR),13436.69
2019-12-06,S&P China A-Share Dividend Opportunities Index (CHINESE RENMINBI) (TR),13490.42
2019-12-09,S&P China A-Share Dividend Opportunities Index (CHINESE RENMINBI) (TR),13630.02
2019-12-10,S&P China A-Share Dividend Opportunities Index (CHINESE RENMINBI) (TR),13615.83
2019-12-11,S&P China A-Share Dividend Opportunities Index (CHINESE RENMINBI) (TR),13665.85
2019-12-12,S&P China A-Share Dividend Opportunities Index (CHINESE RENMINBI) (TR),13676.02
2019-12-13,S&P China A-Share Dividend Opportunities Index (CHINESE RENMINBI) (TR),13880.79
2019-12-16,S&P China A-Share Dividend Opportunities Index (CHINESE RENMINBI) (TR),14017.73
2019-12-17,S&P China A-Share Dividend Opportunities Index (CHINESE RENMINBI) (TR),14131.93
2019-12-18,S&P China A-Share Dividend Opportunities Index (CHINESE RENMINBI) (TR),14115.28
2019-12-19,S&P China A-Share Dividend Opportunities Index (CHINESE RENMINBI) (TR),14159.09
2019-12-20,S&P China A-Share Dividend Opportunities Index (CHINESE RENMINBI) (TR),14095.15
2019-12-23,S&P China A-Share Dividend Opportunities Index (CHINESE RENMINBI) (TR),13899.30
2019-12-24,S&P China A-Share Dividend Opportunities Index (CHINESE RENMINBI) (TR),13992.52
2019-12-25,S&P China A-Share Dividend Opportunities Index (CHINESE RENMINBI) (TR),13977.43
2019-12-26,S&P China A-Share Dividend Opportunities Index (CHINESE RENMINBI) (TR),14112.12
2019-12-27,S&P China A-Share Dividend Opportunities Index (CHINESE RENMINBI) (TR),14062.74
2019-12-30,S&P China A-Share Dividend Opportunities Index (CHINESE RENMINBI) (TR),14293.51
2019-12-31,S&P China A-Share Dividend Opportunities Index (CHINESE RENMINBI) (TR),14385.86
2020-01-02,S&P China A-Share Dividend Opportunities Index (CHINESE RENMINBI) (TR),14574.62
2020-01-03,S&P China A-Share Dividend Opportunities Index (CHINESE RENMINBI) (TR),14568.08
2020-01-06,S&P China A-Share Dividend Opportunities Index (CHINESE RENMINBI) (TR),14577.08
2020-01-07,S&P China A-Share Dividend Opportunities Index (CHINESE RENMINBI) (TR),14814.13
2020-01-08,S&P China A-Share Dividend Opportunities Index (CHINESE RENMINBI) (TR),14661.25
2020-01-09,S&P China A-Share Dividend Opportunities Index (CHINESE RENMINBI) (TR),14845.11
2020-01-10,S&P China A-Share Dividend Opportunities Index (CHINESE RENMINBI) (TR),14777.50
2020-01-13,S&P China A-Share Dividend Opportunities Index (CHINESE RENMINBI) (TR),14886.19
2020-01-14,S&P China A-Share Dividend Opportunities Index (CHINESE RENMINBI) (TR),14913.22
2020-01-15,S&P China A-Share Dividend Opportunities Index (CHINESE RENMINBI) (TR),14856.52
2020-01-16,S&P China A-Share Dividend Opportunities Index (CHINESE RENMINBI) (TR),14780.29
2020-01-17,S&P China A-Share Dividend Opportunities Index (CHINESE RENMINBI) (TR),14744.73
2020-01-20,S&P China A-Share Dividend Opportunities Index (CHINESE RENMINBI) (TR),14795.97
2020-01-21,S&P China A-Share Dividend Opportunities Index (CHINESE RENMINBI) (TR),14537.06
2020-01-22,S&P China A-Share Dividend Opportunities Index (CHINESE RENMINBI) (TR),14546.41
2020-01-23,S&P China A-Share Dividend Opportunities Index (CHINESE RENMINBI) (TR),14112.35
2020-02-03,S&P China A-Share Dividend Opportunities Index (CHINESE RENMINBI) (TR),12874.94
2020-02-04,S&P China A-Share Dividend Opportunities Index (CHINESE RENMINBI) (TR),13109.59
2020-02-05,S&P China A-Share Dividend Opportunities Index (CHINESE RENMINBI) (TR),13312.28
2020-02-06,S&P China A-Share Dividend Opportunities Index (CHINESE RENMINBI) (TR),13530.37
2020-02-07,S&P China A-Share Dividend Opportunities Index (CHINESE RENMINBI) (TR),13592.98
2020-02-10,S&P China A-Share Dividend Opportunities Index (CHINESE RENMINBI) (TR),13820.03
2020-02-11,S&P China A-Share Dividend Opportunities Index (CHINESE RENMINBI) (TR),13824.91
2020-02-12,S&P China A-Share Dividend Opportunities Index (CHINESE RENMINBI) (TR),13895.42
2020-02-13,S&P China A-Share Dividend Opportunities Index (CHINESE RENMINBI) (TR),13796.80
2020-02-14,S&P China A-Share Dividend Opportunities Index (CHINESE RENMINBI) (TR),13886.83
2020-02-17,S&P China A-Share Dividend Opportunities Index (CHINESE RENMINBI) (TR),14172.41
2020-02-18,S&P China A-Share Dividend Opportunities Index (CHINESE RENMINBI) (TR),14163.86
2020-02-19,S&P China A-Share Dividend Opportunities Index (CHINESE RENMINBI) (TR),14109.53
2020-02-20,S&P China A-Share Dividend Opportunities Index (CHINESE RENMINBI) (TR),14275.82
2020-02-21,S&P China A-Share Dividend Opportunities Index (CHINESE RENMINBI) (TR),14286.10
2020-02-24,S&P China A-Share Dividend Opportunities Index (CHINESE RENMINBI) (TR),14194.65
2020-02-25,S&P China A-Share Dividend Opportunities Index (CHINESE RENMINBI) (TR),14049.14
2020-02-26,S&P China A-Share Dividend Opportunities Index (CHINESE RENMINBI) (TR),14126.41
2020-02-27,S&P China A-Share Dividend Opportunities Index (CHINESE RENMINBI) (TR),14113.47
2020-02-28,S&P China A-Share Dividend Opportunities Index (CHINESE RENMINBI) (TR),13584.13
2020-03-02,S&P China A-Share Dividend Opportunities Index (CHINESE RENMINBI) (TR),14144.75
2020-03-03,S&P China A-Share Dividend Opportunities Index (CHINESE RENMINBI) (TR),14203.96
2020-03-04,S&P China A-Share Dividend Opportunities Index (CHINESE RENMINBI) (TR),14471.66
2020-03-05,S&P China A-Share Dividend Opportunities Index (CHINESE RENMINBI) (TR),14670.21
2020-03-06,S&P China A-Share Dividend Opportunities Index (CHINESE RENMINBI) (TR),14511.95
2020-03-09,S&P China A-Share Dividend Opportunities Index (CHINESE RENMINBI) (TR),14054.88
2020-03-10,S&P China A-Share Dividend Opportunities Index (CHINESE RENMINBI) (TR),14237.38
2020-03-11,S&P China A-Share Dividend Opportunities Index (CHINESE RENMINBI) (TR),14089.93
2020-03-12,S&P China A-Share Dividend Opportunities Index (CHINESE RENMINBI) (TR),13847.55
2020-03-13,S&P China A-Share Dividend Opportunities Index (CHINESE RENMINBI) (TR),13646.85
2020-03-16,S&P China A-Share Dividend Opportunities Index (CHINESE RENMINBI) (TR),13298.38
2020-03-17,S&P China A-Share Dividend Opportunities Index (CHINESE RENMINBI) (TR),13214.71
2020-03-18,S&P China A-Share Dividend Opportunities Index (CHINESE RENMINBI) (TR),13012.09
2020-03-19,S&P China A-Share Dividend Opportunities Index (CHINESE RENMINBI) (TR),12878.68
2020-03-20,S&P China A-Share Dividend Opportunities Index (CHINESE RENMINBI) (TR),13077.04
2020-03-23,S&P China A-Share Dividend Opportunities Index (CHINESE RENMINBI) (TR),12670.60
2020-03-24,S&P China A-Share Dividend Opportunities Index (CHINESE RENMINBI) (TR),12927.72
2020-03-25,S&P China A-Share Dividend Opportunities Index (CHINESE RENMINBI) (TR),13211.04
2020-03-26,S&P China A-Share Dividend Opportunities Index (CHINESE RENMINBI) (TR),13111.69
2020-03-27,S&P China A-Share Dividend Opportunities Index (CHINESE RENMINBI) (TR),13211.12
2020-03-30,S&P China A-Share Dividend Opportunities Index (CHINESE RENMINBI) (TR),13087.57
2020-03-31,S&P China A-Share Dividend Opportunities Index (CHINESE RENMINBI) (TR),13062.90
2020-04-01,S&P China A-Share Dividend Opportunities Index (CHINESE RENMINBI) (TR),12968.57
2020-04-02,S&P China A-Share Dividend Opportunities Index (CHINESE RENMINBI) (TR),13125.64
2020-04-03,S&P China A-Share Dividend Opportunities Index (CHINESE RENMINBI) (TR),13088.50
2020-04-07,S&P China A-Share Dividend Opportunities Index (CHINESE RENMINBI) (TR),13330.72
2020-04-08,S&P China A-Share Dividend Opportunities Index (CHINESE RENMINBI) (TR),13337.50
2020-04-09,S&P China A-Share Dividend Opportunities Index (CHINESE RENMINBI) (TR),13358.77
2020-04-10,S&P China A-Share Dividend Opportunities Index (CHINESE RENMINBI) (TR),13226.49
2020-04-13,S&P China A-Share Dividend Opportunities Index (CHINESE RENMINBI) (TR),13201.52
2020-04-14,S&P China A-Share Dividend Opportunities Index (CHINESE RENMINBI) (TR),13339.83
2020-04-15,S&P China A-Share Dividend Opportunities Index (CHINESE RENMINBI) (TR),13270.61
2020-04-16,S&P China A-Share Dividend Opportunities Index (CHINESE RENMINBI) (TR),13242.02
2020-04-17,S&P China A-Share Dividend Opportunities Index (CHINESE RENMINBI) (TR),13251.83
2020-04-20,S&P China A-Share Dividend Opportunities Index (CHINESE RENMINBI) (TR),13294.30
2020-04-21,S&P China A-Share Dividend Opportunities Index (CHINESE RENMINBI) (TR),13187.11
2020-04-22,S&P China A-Share Dividend Opportunities Index (CHINESE RENMINBI) (TR),13266.23
2020-04-23,S&P China A-Share Dividend Opportunities Index (CHINESE RENMINBI) (TR),13247.77
2020-04-24,S&P China A-Share Dividend Opportunities Index (CHINESE RENMINBI) (TR),13161.87
2020-04-27,S&P China A-Share Dividend Opportunities Index (CHINESE RENMINBI) (TR),13206.96
2020-04-28,S&P China A-Share Dividend Opportunities Index (CHINESE RENMINBI) (TR),13102.95
2020-04-29,S&P China A-Share Dividend Opportunities Index (CHINESE RENMINBI) (TR),13196.66
2020-04-30,S&P China A-Share Dividend Opportunities Index (CHINESE RENMINBI) (TR),13364.62
2020-05-06,S&P China A-Share Dividend Opportunities Index (CHINESE RENMINBI) (TR),13416.64
2020-05-07,S&P China A-Share Dividend Opportunities Index (CHINESE RENMINBI) (TR),13414.77
2020-05-08,S&P China A-Share Dividend Opportunities Index (CHINESE RENMINBI) (TR),13557.10
2020-05-11,S&P China A-Share Dividend Opportunities Index (CHINESE RENMINBI) (TR),13594.46
2020-05-12,S&P China A-Share Dividend Opportunities Index (CHINESE RENMINBI) (TR),13495.68
2020-05-13,S&P China A-Share Dividend Opportunities Index (CHINESE RENMINBI) (TR),13504.65
2020-05-14,S&P China A-Share Dividend Opportunities Index (CHINESE RENMINBI) (TR),13377.15
2020-05-15,S&P China A-Share Dividend Opportunities Index (CHINESE RENMINBI) (TR),13359.22
2020-05-18,S&P China A-Share Dividend Opportunities Index (CHINESE RENMINBI) (TR),13376.91
2020-05-19,S&P China A-Share Dividend Opportunities Index (CHINESE RENMINBI) (TR),13465.97
2020-05-20,S&P China A-Share Dividend Opportunities Index (CHINESE RENMINBI) (TR),13384.93
2020-05-21,S&P China A-Share Dividend Opportunities Index (CHINESE RENMINBI) (TR),13352.57
2020-05-22,S&P China A-Share Dividend Opportunities Index (CHINESE RENMINBI) (TR),13152.92
2020-05-25,S&P China A-Share Dividend Opportunities Index (CHINESE RENMINBI) (TR),13218.60
2020-05-26,S&P China A-Share Dividend Opportunities Index (CHINESE RENMINBI) (TR),13338.03
2020-05-27,S&P China A-Share Dividend Opportunities Index (CHINESE RENMINBI) (TR),13397.38
2020-05-28,S&P China A-Share Dividend Opportunities Index (CHINESE RENMINBI) (TR),13388.89
2020-05-29,S&P China A-Share Dividend Opportunities Index (CHINESE RENMINBI) (TR),13341.05
2020-06-01,S&P China A-Share Dividend Opportunities Index (CHINESE RENMINBI) (TR),13603.82
2020-06-02,S&P China A-Share Dividend Opportunities Index (CHINESE RENMINBI) (TR),13690.59
2020-06-03,S&P China A-Share Dividend Opportunities Index (CHINESE RENMINBI) (TR),13665.59
2020-06-04,S&P China A-Share Dividend Opportunities Index (CHINESE RENMINBI) (TR),13708.81
2020-06-05,S&P China A-Share Dividend Opportunities Index (CHINESE RENMINBI) (TR),13696.80
2020-06-08,S&P China A-Share Dividend Opportunities Index (CHINESE RENMINBI) (TR),13688.70
2020-06-09,S&P China A-Share Dividend Opportunities Index (CHINESE RENMINBI) (TR),13731.22
2020-06-10,S&P China A-Share Dividend Opportunities Index (CHINESE RENMINBI) (TR),13671.61
2020-06-11,S&P China A-Share Dividend Opportunities Index (CHINESE RENMINBI) (TR),13572.47
2020-06-12,S&P China A-Share Dividend Opportunities Index (CHINESE RENMINBI) (TR),13597.71
2020-06-15,S&P China A-Share Dividend Opportunities Index (CHINESE RENMINBI) (TR),13531.52
2020-06-16,S&P China A-Share Dividend Opportunities Index (CHINESE RENMINBI) (TR),13743.91
2020-06-17,S&P China A-Share Dividend Opportunities Index (CHINESE RENMINBI) (TR),13847.84
2020-06-18,S&P China A-Share Dividend Opportunities Index (CHINESE RENMINBI) (TR),13971.58
2020-06-19,S&P China A-Share Dividend Opportunities Index (CHINESE RENMINBI) (TR),13969.92
2020-06-22,S&P China A-Share Dividend Opportunities Index (CHINESE RENMINBI) (TR),13890.40
2020-06-23,S&P China A-Share Dividend Opportunities Index (CHINESE RENMINBI) (TR),13876.37
2020-06-24,S&P China A-Share Dividend Opportunities Index (CHINESE RENMINBI) (TR),13868.72
2020-06-29,S&P China A-Share Dividend Opportunities Index (CHINESE RENMINBI) (TR),13752.21
2020-06-30,S&P China A-Share Dividend Opportunities Index (CHINESE RENMINBI) (TR),13933.23
2020-07-01,S&P China A-Share Dividend Opportunities Index (CHINESE RENMINBI) (TR),14207.78
2020-07-02,S&P China A-Share Dividend Opportunities Index (CHINESE RENMINBI) (TR),14555.29
2020-07-03,S&P China A-Share Dividend Opportunities Index (CHINESE RENMINBI) (TR),14770.65
2020-07-06,S&P China A-Share Dividend Opportunities Index (CHINESE RENMINBI) (TR),15607.94
2020-07-07,S&P China A-Share Dividend Opportunities Index (CHINESE RENMINBI) (TR),15547.05
2020-07-08,S&P China A-Share Dividend Opportunities Index (CHINESE RENMINBI) (TR),15759.17
2020-07-09,S&P China A-Share Dividend Opportunities Index (CHINESE RENMINBI) (TR),15990.71
2020-07-10,S&P China A-Share Dividend Opportunities Index (CHINESE RENMINBI) (TR),15709.24
2020-07-13,S&P China A-Share Dividend Opportunities Index (CHINESE RENMINBI) (TR),16116.62
2020-07-14,S&P China A-Share Dividend Opportunities Index (CHINESE RENMINBI) (TR),16077.95
2020-07-15,S&P China A-Share Dividend Opportunities Index (CHINESE RENMINBI) (TR),15718.08
2020-07-16,S&P China A-Share Dividend Opportunities Index (CHINESE RENMINBI) (TR),15190.24
2020-07-17,S&P China A-Share Dividend Opportunities Index (CHINESE RENMINBI) (TR),15228.80
2020-07-20,S&P China A-Share Dividend Opportunities Index (CHINESE RENMINBI) (TR),15877.21
2020-07-21,S&P China A-Share Dividend Opportunities Index (CHINESE RENMINBI) (TR),15900.70
2020-07-22,S&P China A-Share Dividend Opportunities Index (CHINESE RENMINBI) (TR),15922.87
2020-07-23,S&P China A-Share Dividend Opportunities Index (CHINESE RENMINBI) (TR),15757.27
2020-07-24,S&P China A-Share Dividend Opportunities Index (CHINESE RENMINBI) (TR),15184.09
2020-07-27,S&P China A-Share Dividend Opportunities Index (CHINESE RENMINBI) (TR),15136.08
2020-07-28,S&P China A-Share Dividend Opportunities Index (CHINESE RENMINBI) (TR),15264.66
2020-07-29,S&P China A-Share Dividend Opportunities Index (CHINESE RENMINBI) (TR),15525.38
2020-07-30,S&P China A-Share Dividend Opportunities Index (CHINESE RENMINBI) (TR),15587.48
2020-07-31,S&P China A-Share Dividend Opportunities Index (CHINESE RENMINBI) (TR),15698.14
2020-08-03,S&P China A-Share Dividend Opportunities Index (CHINESE RENMINBI) (TR),15996.85
2020-08-04,S&P China A-Share Dividend Opportunities Index (CHINESE RENMINBI) (TR),16046.80
2020-08-05,S&P China A-Share Dividend Opportunities Index (CHINESE RENMINBI) (TR),15986.36
2020-08-06,S&P China A-Share Dividend Opportunities Index (CHINESE RENMINBI) (TR),15918.66
2020-08-07,S&P China A-Share Dividend Opportunities Index (CHINESE RENMINBI) (TR),15778.95
2020-08-10,S&P China A-Share Dividend Opportunities Index (CHINESE RENMINBI) (TR),15982.09
2020-08-11,S&P China A-Share Dividend Opportunities Index (CHINESE RENMINBI) (TR),15817.86
2020-08-12,S&P China A-Share Dividend Opportunities Index (CHINESE RENMINBI) (TR),15797.02
2020-08-13,S&P China A-Share Dividend Opportunities Index (CHINESE RENMINBI) (TR),15889.01
2020-08-14,S&P China A-Share Dividend Opportunities Index (CHINESE RENMINBI) (TR),16003.05
2020-08-17,S&P China A-Share Dividend Opportunities Index (CHINESE RENMINBI) (TR),16367.50
2020-08-18,S&P China A-Share Dividend Opportunities Index (CHINESE RENMINBI) (TR),16379.72
2020-08-19,S&P China A-Share Dividend Opportunities Index (CHINESE RENMINBI) (TR),16339.15
2020-08-20,S&P China A-Share Dividend Opportunities Index (CHINESE RENMINBI) (TR),16106.96
2020-08-21,S&P China A-Share Dividend Opportunities Index (CHINESE RENMINBI) (TR),16189.33
2020-08-24,S&P China A-Share Dividend Opportunities Index (CHINESE RENMINBI) (TR),16206.27
2020-08-25,S&P China A-Share Dividend Opportunities Index (CHINESE RENMINBI) (TR),16225.58
2020-08-26,S&P China A-Share Dividend Opportunities Index (CHINESE RENMINBI) (TR),15988.87
2020-08-27,S&P China A-Share Dividend Opportunities Index (CHINESE RENMINBI) (TR),16026.94
2020-08-28,S&P China A-Share Dividend Opportunities Index (CHINESE RENMINBI) (TR),16226.69
2020-08-31,S&P China A-Share Dividend Opportunities Index (CHINESE RENMINBI) (TR),16175.05
2020-09-01,S&P China A-Share Dividend Opportunities Index (CHINESE RENMINBI) (TR),16174.44
2020-09-02,S&P China A-Share Dividend Opportunities Index (CHINESE RENMINBI) (TR),16154.94
2020-09-03,S&P China A-Share Dividend Opportunities Index (CHINESE RENMINBI) (TR),16061.85
2020-09-04,S&P China A-Share Dividend Opportunities Index (CHINESE RENMINBI) (TR),15958.16
2020-09-07,S&P China A-Share Dividend Opportunities Index (CHINESE RENMINBI) (TR),15805.59
2020-09-08,S&P China A-Share Dividend Opportunities Index (CHINESE RENMINBI) (TR),15941.65
2020-09-09,S&P China A-Share Dividend Opportunities Index (CHINESE RENMINBI) (TR),15702.89
2020-09-10,S&P China A-Share Dividend Opportunities Index (CHINESE RENMINBI) (TR),15624.04
2020-09-11,S&P China A-Share Dividend Opportunities Index (CHINESE RENMINBI) (TR),15649.65
2020-09-14,S&P China A-Share Dividend Opportunities Index (CHINESE RENMINBI) (TR),15651.45
2020-09-15,S&P China A-Share Dividend Opportunities Index (CHINESE RENMINBI) (TR),15665.80
2020-09-16,S&P China A-Share Dividend Opportunities Index (CHINESE RENMINBI) (TR),15702.61
2020-09-17,S&P China A-Share Dividend Opportunities Index (CHINESE RENMINBI) (TR),15670.08
2020-09-18,S&P China A-Share Dividend Opportunities Index (CHINESE RENMINBI) (TR),16046.51
2020-09-21,S&P China A-Share Dividend Opportunities Index (CHINESE RENMINBI) (TR),15964.18
2020-09-22,S&P China A-Share Dividend Opportunities Index (CHINESE RENMINBI) (TR),15689.77
2020-09-23,S&P China A-Share Dividend Opportunities Index (CHINESE RENMINBI) (TR),15664.74
2020-09-24,S&P China A-Share Dividend Opportunities Index (CHINESE RENMINBI) (TR),15333.26
2020-09-25,S&P China A-Share Dividend Opportunities Index (CHINESE RENMINBI) (TR),15231.74
2020-09-28,S&P China A-Share Dividend Opportunities Index (CHINESE RENMINBI) (TR),15252.08
2020-09-29,S&P China A-Share Dividend Opportunities Index (CHINESE RENMINBI) (TR),15283.17
2020-09-30,S&P China A-Share Dividend Opportunities Index (CHINESE RENMINBI) (TR),15155.24
2020-10-09,S&P China A-Share Dividend Opportunities Index (CHINESE RENMINBI) (TR),15420.52
2020-10-12,S&P China A-Share Dividend Opportunities Index (CHINESE RENMINBI) (TR),15756.41
2020-10-13,S&P China A-Share Dividend Opportunities Index (CHINESE RENMINBI) (TR),15759.85
2020-10-14,S&P China A-Share Dividend Opportunities Index (CHINESE RENMINBI) (TR),15653.54
2020-10-15,S&P China A-Share Dividend Opportunities Index (CHINESE RENMINBI) (TR),15699.83
2020-10-16,S&P China A-Share Dividend Opportunities Index (CHINESE RENMINBI) (TR),15788.51
2020-10-19,S&P China A-Share Dividend Opportunities Index (CHINESE RENMINBI) (TR),15672.90
2020-10-20,S&P China A-Share Dividend Opportunities Index (CHINESE RENMINBI) (TR),15669.45
2020-10-21,S&P China A-Share Dividend Opportunities Index (CHINESE RENMINBI) (TR),15630.98
2020-10-22,S&P China A-Share Dividend Opportunities Index (CHINESE RENMINBI) (TR),15562.35
2020-10-23,S&P China A-Share Dividend Opportunities Index (CHINESE RENMINBI) (TR),15493.41
2020-10-26,S&P China A-Share Dividend Opportunities Index (CHINESE RENMINBI) (TR),15392.86
2020-10-27,S&P China A-Share Dividend Opportunities Index (CHINESE RENMINBI) (TR),15339.17
2020-10-28,S&P China A-Share Dividend Opportunities Index (CHINESE RENMINBI) (TR),15301.35
2020-10-29,S&P China A-Share Dividend Opportunities Index (CHINESE RENMINBI) (TR),15300.69
2020-10-30,S&P China A-Share Dividend Opportunities Index (CHINESE RENMINBI) (TR),15036.14
2020-11-02,S&P China A-Share Dividend Opportunities Index (CHINESE RENMINBI) (TR),15062.33
2020-11-03,S&P China A-Share Dividend Opportunities Index (CHINESE RENMINBI) (TR),15292.28
2020-11-04,S&P China A-Share Dividend Opportunities Index (CHINESE RENMINBI) (TR),15302.19
2020-11-05,S&P China A-Share Dividend Opportunities Index (CHINESE RENMINBI) (TR),15495.72
2020-11-06,S&P China A-Share Dividend Opportunities Index (CHINESE RENMINBI) (TR),15496.50
2020-11-09,S&P China A-Share Dividend Opportunities Index (CHINESE RENMINBI) (TR),15691.34
2020-11-10,S&P China A-Share Dividend Opportunities Index (CHINESE RENMINBI) (TR),15637.62
2020-11-11,S&P China A-Share Dividend Opportunities Index (CHINESE RENMINBI) (TR),15787.21
2020-11-12,S&P China A-Share Dividend Opportunities Index (CHINESE RENMINBI) (TR),15742.44
2020-11-13,S&P China A-Share Dividend Opportunities Index (CHINESE RENMINBI) (TR),15618.32
2020-11-16,S&P China A-Share Dividend Opportunities Index (CHINESE RENMINBI) (TR),15954.74
2020-11-17,S&P China A-Share Dividend Opportunities Index (CHINESE RENMINBI) (TR),15959.71
2020-11-18,S&P China A-Share Dividend Opportunities Index (CHINESE RENMINBI) (TR),16026.63
2020-11-19,S&P China A-Share Dividend Opportunities Index (CHINESE RENMINBI) (TR),15949.65
2020-11-20,S&P China A-Share Dividend Opportunities Index (CHINESE RENMINBI) (TR),16017.49
2020-11-23,S&P China A-Share Dividend Opportunities Index (CHINESE RENMINBI) (TR),16317.36
2020-11-24,S&P China A-Share Dividend Opportunities Index (CHINESE RENMINBI) (TR),16264.49
2020-11-25,S&P China A-Share Dividend Opportunities Index (CHINESE RENMINBI) (TR),16036.45
2020-11-26,S&P China A-Share Dividend Opportunities Index (CHINESE RENMINBI) (TR),16016.78
2020-11-27,S&P China A-Share Dividend Opportunities Index (CHINESE RENMINBI) (TR),16151.29
2020-11-30,S&P China A-Share Dividend Opportunities Index (CHINESE RENMINBI) (TR),16077.73
2020-12-01,S&P China A-Share Dividend Opportunities Index (CHINESE RENMINBI) (TR),16276.74
2020-12-02,S&P China A-Share Dividend Opportunities Index (CHINESE RENMINBI) (TR),16345.30
2020-12-03,S&P China A-Share Dividend Opportunities Index (CHINESE RENMINBI) (TR),16196.95
2020-12-04,S&P China A-Share Dividend Opportunities Index (CHINESE RENMINBI) (TR),16149.65
2020-12-07,S&P China A-Share Dividend Opportunities Index (CHINESE RENMINBI) (TR),15980.67
2020-12-08,S&P China A-Share Dividend Opportunities Index (CHINESE RENMINBI) (TR),15885.01
2020-12-09,S&P China A-Share Dividend Opportunities Index (CHINESE RENMINBI) (TR),15776.65
2020-12-10,S&P China A-Share Dividend Opportunities Index (CHINESE RENMINBI) (TR),15814.13
2020-12-11,S&P China A-Share Dividend Opportunities Index (CHINESE RENMINBI) (TR),15666.62
2020-12-14,S&P China A-Share Dividend Opportunities Index (CHINESE RENMINBI) (TR),15532.90
2020-12-15,S&P China A-Share Dividend Opportunities Index (CHINESE RENMINBI) (TR),15496.44
2020-12-16,S&P China A-Share Dividend Opportunities Index (CHINESE RENMINBI) (TR),15411.32
2020-12-17,S&P China A-Share Dividend Opportunities Index (CHINESE RENMINBI) (TR),15554.45
2020-12-18,S&P China A-Share Dividend Opportunities Index (CHINESE RENMINBI) (TR),15687.65
2020-12-21,S&P China A-Share Dividend Opportunities Index (CHINESE RENMINBI) (TR),15739.61
2020-12-22,S&P China A-Share Dividend Opportunities Index (CHINESE RENMINBI) (TR),15337.08
2020-12-23,S&P China A-Share Dividend Opportunities Index (CHINESE RENMINBI) (TR),15333.61
2020-12-24,S&P China A-Share Dividend Opportunities Index (CHINESE RENMINBI) (TR),15227.09
2020-12-25,S&P China A-Share Dividend Opportunities Index (CHINESE RENMINBI) (TR),15362.82
2020-12-28,S&P China A-Share Dividend Opportunities Index (CHINESE RENMINBI) (TR),15281.01
2020-12-29,S&P China A-Share Dividend Opportunities Index (CHINESE RENMINBI) (TR),15176.74
2020-12-30,S&P China A-Share Dividend Opportunities Index (CHINESE RENMINBI) (TR),15196.09
2020-12-31,S&P China A-Share Dividend Opportunities Index (CHINESE RENMINBI) (TR),15266.26
2021-01-04,S&P China A-Share Dividend Opportunities Index (CHINESE RENMINBI) (TR),15309.52
2021-01-05,S&P China A-Share Dividend Opportunities Index (CHINESE RENMINBI) (TR),15270.25
2021-01-06,S&P China A-Share Dividend Opportunities Index (CHINESE RENMINBI) (TR),15308.14
2021-01-07,S&P China A-Share Dividend Opportunities Index (CHINESE RENMINBI) (TR),15276.64
2021-01-08,S&P China A-Share Dividend Opportunities Index (CHINESE RENMINBI) (TR),15344.25
2021-01-11,S&P China A-Share Dividend Opportunities Index (CHINESE RENMINBI) (TR),15126.52
2021-01-12,S&P China A-Share Dividend Opportunities Index (CHINESE RENMINBI) (TR),15210.27
2021-01-13,S&P China A-Share Dividend Opportunities Index (CHINESE RENMINBI) (TR),15162.27
2021-01-14,S&P China A-Share Dividend Opportunities Index (CHINESE RENMINBI) (TR),15144.69
2021-01-15,S&P China A-Share Dividend Opportunities Index (CHINESE RENMINBI) (TR),15263.36
2021-01-18,S&P China A-Share Dividend Opportunities Index (CHINESE RENMINBI) (TR),15473.54
2021-01-19,S&P China A-Share Dividend Opportunities Index (CHINESE RENMINBI) (TR),15572.36
2021-01-20,S&P China A-Share Dividend Opportunities Index (CHINESE RENMINBI) (TR),15512.50
2021-01-21,S&P China A-Share Dividend Opportunities Index (CHINESE RENMINBI) (TR),15616.24
2021-01-22,S&P China A-Share Dividend Opportunities Index (CHINESE RENMINBI) (TR),15428.94
2021-01-25,S&P China A-Share Dividend Opportunities Index (CHINESE RENMINBI) (TR),15240.53
2021-01-26,S&P China A-Share Dividend Opportunities Index (CHINESE RENMINBI) (TR),15232.36
2021-01-27,S&P China A-Share Dividend Opportunities Index (CHINESE RENMINBI) (TR),15219.06
2021-01-28,S&P China A-Share Dividend Opportunities Index (CHINESE RENMINBI) (TR),14954.75
2021-01-29,S&P China A-Share Dividend Opportunities Index (CHINESE RENMINBI) (TR),14830.70
2021-02-01,S&P China A-Share Dividend Opportunities Index (CHINESE RENMINBI) (TR),14940.82
2021-02-02,S&P China A-Share Dividend Opportunities Index (CHINESE RENMINBI) (TR),14929.09
2021-02-03,S&P China A-Share Dividend Opportunities Index (CHINESE RENMINBI) (TR),14878.36
2021-02-04,S&P China A-Share Dividend Opportunities Index (CHINESE RENMINBI) (TR),14771.01
2021-02-05,S&P China A-Share Dividend Opportunities Index (CHINESE RENMINBI) (TR),14860.27
2021-02-08,S&P China A-Share Dividend Opportunities Index (CHINESE RENMINBI) (TR),14949.11
2021-02-09,S&P China A-Share Dividend Opportunities Index (CHINESE RENMINBI) (TR),15063.36
2021-02-10,S&P China A-Share Dividend Opportunities Index (CHINESE RENMINBI) (TR),15168.95
2021-02-18,S&P China A-Share Dividend Opportunities Index (CHINESE RENMINBI) (TR),15490.40
2021-02-19,S&P China A-Share Dividend Opportunities Index (CHINESE RENMINBI) (TR),15888.14
2021-02-22,S&P China A-Share Dividend Opportunities Index (CHINESE RENMINBI) (TR),16022.67
2021-02-23,S&P China A-Share Dividend Opportunities Index (CHINESE RENMINBI) (TR),15903.80
2021-02-24,S&P China A-Share Dividend Opportunities Index (CHINESE RENMINBI) (TR),15852.35
2021-02-25,S&P China A-Share Dividend Opportunities Index (CHINESE RENMINBI) (TR),16123.02
2021-02-26,S&P China A-Share Dividend Opportunities Index (CHINESE RENMINBI) (TR),15812.21
2021-03-01,S&P China A-Share Dividend Opportunities Index (CHINESE RENMINBI) (TR),16031.70
2021-03-02,S&P China A-Share Dividend Opportunities Index (CHINESE RENMINBI) (TR),15917.97
2021-03-03,S&P China A-Share Dividend Opportunities Index (CHINESE RENMINBI) (TR),16284.77
2021-03-04,S&P China A-Share Dividend Opportunities Index (CHINESE RENMINBI) (TR),16228.56
2021-03-05,S&P China A-Share Dividend Opportunities Index (CHINESE RENMINBI) (TR),16077.78
2021-03-08,S&P China A-Share Dividend Opportunities Index (CHINESE RENMINBI) (TR),16013.77
2021-03-09,S&P China A-Share Dividend Opportunities Index (CHINESE RENMINBI) (TR),15862.01
2021-03-10,S&P China A-Share Dividend Opportunities Index (CHINESE RENMINBI) (TR),15747.97
2021-03-11,S&P China A-Share Dividend Opportunities Index (CHINESE RENMINBI) (TR),16137.31
2021-03-12,S&P China A-Share Dividend Opportunities Index (CHINESE RENMINBI) (TR),16367.46
2021-03-15,S&P China A-Share Dividend Opportunities Index (CHINESE RENMINBI) (TR),16416.48
2021-03-16,S&P China A-Share Dividend Opportunities Index (CHINESE RENMINBI) (TR),16511.88
2021-03-17,S&P China A-Share Dividend Opportunities Index (CHINESE RENMINBI) (TR),16393.88
2021-03-18,S&P China A-Share Dividend Opportunities Index (CHINESE RENMINBI) (TR),16437.43
2021-03-19,S&P China A-Share Dividend Opportunities Index (CHINESE RENMINBI) (TR),16281.52
2021-03-22,S&P China A-Share Dividend Opportunities Index (CHINESE RENMINBI) (TR),16508.83
2021-03-23,S&P China A-Share Dividend Opportunities Index (CHINESE RENMINBI) (TR),16316.85
2021-03-24,S&P China A-Share Dividend Opportunities Index (CHINESE RENMINBI) (TR),16081.25
2021-03-25,S&P China A-Share Dividend Opportunities Index (CHINESE RENMINBI) (TR),16014.90
2021-03-26,S&P China A-Share Dividend Opportunities Index (CHINESE RENMINBI) (TR),16169.10
2021-03-29,S&P China A-Share Dividend Opportunities Index (CHINESE RENMINBI) (TR),16356.85
2021-03-30,S&P China A-Share Dividend Opportunities Index (CHINESE RENMINBI) (TR),16335.16
2021-03-31,S&P China A-Share Dividend Opportunities Index (CHINESE RENMINBI) (TR),16351.02
2021-04-01,S&P China A-Share Dividend Opportunities Index (CHINESE RENMINBI) (TR),16448.40
2021-04-02,S&P China A-Share Dividend Opportunities Index (CHINESE RENMINBI) (TR),16301.74
2021-04-06,S&P China A-Share Dividend Opportunities Index (CHINESE RENMINBI) (TR),16359.37
2021-04-07,S&P China A-Share Dividend Opportunities Index (CHINESE RENMINBI) (TR),16519.71
2021-04-08,S&P China A-Share Dividend Opportunities Index (CHINESE RENMINBI) (TR),16455.53
2021-04-09,S&P China A-Share Dividend Opportunities Index (CHINESE RENMINBI) (TR),16448.80
2021-04-12,S&P China A-Share Dividend Opportunities Index (CHINESE RENMINBI) (TR),16401.12
2021-04-13,S&P China A-Share Dividend Opportunities Index (CHINESE RENMINBI) (TR),16209.35
2021-04-14,S&P China A-Share Dividend Opportunities Index (CHINESE RENMINBI) (TR),16304.47
2021-04-15,S&P China A-Share Dividend Opportunities Index (CHINESE RENMINBI) (TR),16325.06
2021-04-16,S&P China A-Share Dividend Opportunities Index (CHINESE RENMINBI) (TR),16520.82
2021-04-19,S&P China A-Share Dividend Opportunities Index (CHINESE RENMINBI) (TR),16538.22
2021-04-20,S&P China A-Share Dividend Opportunities Index (CHINESE RENMINBI) (TR),16504.05
2021-04-21,S&P China A-Share Dividend Opportunities Index (CHINESE RENMINBI) (TR),16469.94
2021-04-22,S&P China A-Share Dividend Opportunities Index (CHINESE RENMINBI) (TR),16506.75
2021-04-23,S&P China A-Share Dividend Opportunities Index (CHINESE RENMINBI) (TR),16396.47
2021-04-26,S&P China A-Share Dividend Opportunities Index (CHINESE RENMINBI) (TR),16321.09
2021-04-27,S&P China A-Share Dividend Opportunities Index (CHINESE RENMINBI) (TR),16302.15
2021-04-28,S&P China A-Share Dividend Opportunities Index (CHINESE RENMINBI) (TR),16378.78
2021-04-29,S&P China A-Share Dividend Opportunities Index (CHINESE RENMINBI) (TR),16474.96
2021-04-30,S&P China A-Share Dividend Opportunities Index (CHINESE RENMINBI) (TR),16258.75
2021-05-06,S&P China A-Share Dividend Opportunities Index (CHINESE RENMINBI) (TR),16458.08
2021-05-07,S&P China A-Share Dividend Opportunities Index (CHINESE RENMINBI) (TR),16560.28
2021-05-10,S&P China A-Share Dividend Opportunities Index (CHINESE RENMINBI) (TR),16659.06
2021-05-11,S&P China A-Share Dividend Opportunities Index (CHINESE RENMINBI) (TR),16590.58
2021-05-12,S&P China A-Share Dividend Opportunities Index (CHINESE RENMINBI) (TR),16696.16
2021-05-13,S&P China A-Share Dividend Opportunities Index (CHINESE RENMINBI) (TR),16500.97
2021-05-14,S&P China A-Share Dividend Opportunities Index (CHINESE RENMINBI) (TR),16571.55
2021-05-17,S&P China A-Share Dividend Opportunities Index (CHINESE RENMINBI) (TR),16539.40
2021-05-18,S&P China A-Share Dividend Opportunities Index (CHINESE RENMINBI) (TR),16635.67
2021-05-19,S&P China A-Share Dividend Opportunities Index (CHINESE RENMINBI) (TR),16458.57
2021-05-20,S&P China A-Share Dividend Opportunities Index (CHINESE RENMINBI) (TR),16277.96
2021-05-21,S&P China A-Share Dividend Opportunities Index (CHINESE RENMINBI) (TR),16286.49
2021-05-24,S&P China A-Share Dividend Opportunities Index (CHINESE RENMINBI) (TR),16312.59
2021-05-25,S&P China A-Share Dividend Opportunities Index (CHINESE RENMINBI) (TR),16423.37
2021-05-26,S&P China A-Share Dividend Opportunities Index (CHINESE RENMINBI) (TR),16507.76
2021-05-27,S&P China A-Share Dividend Opportunities Index (CHINESE RENMINBI) (TR),16557.08
2021-05-28,S&P China A-Share Dividend Opportunities Index (CHINESE RENMINBI) (TR),16503.26
2021-05-31,S&P China A-Share Dividend Opportunities Index (CHINESE RENMINBI) (TR),16536.35
2021-06-01,S&P China A-Share Dividend Opportunities Index (CHINESE RENMINBI) (TR),16566.83
2021-06-02,S&P China A-Share Dividend Opportunities Index (CHINESE RENMINBI) (TR),16578.21
2021-06-03,S&P China A-Share Dividend Opportunities Index (CHINESE RENMINBI) (TR),16634.39
2021-06-04,S&P China A-Share Dividend Opportunities Index (CHINESE RENMINBI) (TR),16609.81
2021-06-07,S&P China A-Share Dividend Opportunities Index (CHINESE RENMINBI) (TR),16528.08
2021-06-08,S&P China A-Share Dividend Opportunities Index (CHINESE RENMINBI) (TR),16524.57
2021-06-09,S&P China A-Share Dividend Opportunities Index (CHINESE RENMINBI) (TR),16609.69
2021-06-10,S&P China A-Share Dividend Opportunities Index (CHINESE RENMINBI) (TR),16617.55
2021-06-11,S&P China A-Share Dividend Opportunities Index (CHINESE RENMINBI) (TR),16609.49
2021-06-15,S&P China A-Share Dividend Opportunities Index (CHINESE RENMINBI) (TR),16416.59
2021-06-16,S&P China A-Share Dividend Opportunities Index (CHINESE RENMINBI) (TR),16393.06
2021-06-17,S&P China A-Share Dividend Opportunities Index (CHINESE RENMINBI) (TR),16346.33
2021-06-18,S&P China A-Share Dividend Opportunities Index (CHINESE RENMINBI) (TR),16256.81
2021-06-21,S&P China A-Share Dividend Opportunities Index (CHINESE RENMINBI) (TR),16211.74
2021-06-22,S&P China A-Share Dividend Opportunities Index (CHINESE RENMINBI) (TR),16289.27
2021-06-23,S&P China A-Share Dividend Opportunities Index (CHINESE RENMINBI) (TR),16348.50
2021-06-24,S&P China A-Share Dividend Opportunities Index (CHINESE RENMINBI) (TR),16433.87
2021-06-25,S&P China A-Share Dividend Opportunities Index (CHINESE RENMINBI) (TR),16568.50
2021-06-28,S&P China A-Share Dividend Opportunities Index (CHINESE RENMINBI) (TR),16430.32
2021-06-29,S&P China A-Share Dividend Opportunities Index (CHINESE RENMINBI) (TR),16294.25
2021-06-30,S&P China A-Share Dividend Opportunities Index (CHINESE RENMINBI) (TR),16305.97
2021-07-01,S&P China A-Share Dividend Opportunities Index (CHINESE RENMINBI) (TR),16322.95
2021-07-02,S&P China A-Share Dividend Opportunities Index (CHINESE RENMINBI) (TR),16209.95
2021-07-05,S&P China A-Share Dividend Opportunities Index (CHINESE RENMINBI) (TR),16184.93
2021-07-06,S&P China A-Share Dividend Opportunities Index (CHINESE RENMINBI) (TR),16283.71
2021-07-07,S&P China A-Share Dividend Opportunities Index (CHINESE RENMINBI) (TR),16258.22
2021-07-08,S&P China A-Share Dividend Opportunities Index (CHINESE RENMINBI) (TR),16024.97
2021-07-09,S&P China A-Share Dividend Opportunities Index (CHINESE RENMINBI) (TR),16123.67
2021-07-12,S&P China A-Share Dividend Opportunities Index (CHINESE RENMINBI) (TR),16127.63
2021-07-13,S&P China A-Share Dividend Opportunities Index (CHINESE RENMINBI) (TR),16286.48
2021-07-14,S&P China A-Share Dividend Opportunities Index (CHINESE RENMINBI) (TR),16239.19
2021-07-15,S&P China A-Share Dividend Opportunities Index (CHINESE RENMINBI) (TR),16386.10
2021-07-16,S&P China A-Share Dividend Opportunities Index (CHINESE RENMINBI) (TR),16452.31
2021-07-19,S&P China A-Share Dividend Opportunities Index (CHINESE RENMINBI) (TR),16351.43
2021-07-20,S&P China A-Share Dividend Opportunities Index (CHINESE RENMINBI) (TR),16290.63
2021-07-21,S&P China A-Share Dividend Opportunities Index (CHINESE RENMINBI) (TR),16251.24
2021-07-22,S&P China A-Share Dividend Opportunities Index (CHINESE RENMINBI) (TR),16399.67
2021-07-23,S&P China A-Share Dividend Opportunities Index (CHINESE RENMINBI) (TR),16361.89
2021-07-26,S&P China A-Share Dividend Opportunities Index (CHINESE RENMINBI) (TR),16098.43
2021-07-27,S&P China A-Share Dividend Opportunities Index (CHINESE RENMINBI) (TR),15660.81
2021-07-28,S&P China A-Share Dividend Opportunities Index (CHINESE RENMINBI) (TR),15566.72
2021-07-29,S&P China A-Share Dividend Opportunities Index (CHINESE RENMINBI) (TR),15641.02
2021-07-30,S&P China A-Share Dividend Opportunities Index (CHINESE RENMINBI) (TR),15706.22
2021-08-02,S&P China A-Share Dividend Opportunities Index (CHINESE RENMINBI) (TR),15899.20
2021-08-03,S&P China A-Share Dividend Opportunities Index (CHINESE RENMINBI) (TR),15888.54
2021-08-04,S&P China A-Share Dividend Opportunities Index (CHINESE RENMINBI) (TR),15923.86
2021-08-05,S&P China A-Share Dividend Opportunities Index (CHINESE RENMINBI) (TR),15965.43
2021-08-06,S&P China A-Share Dividend Opportunities Index (CHINESE RENMINBI) (TR),16009.14
2021-08-09,S&P China A-Share Dividend Opportunities Index (CHINESE RENMINBI) (TR),16330.48
2021-08-10,S&P China A-Share Dividend Opportunities Index (CHINESE RENMINBI) (TR),16386.21
2021-08-11,S&P China A-Share Dividend Opportunities Index (CHINESE RENMINBI) (TR),16577.34
2021-08-12,S&P China A-Share Dividend Opportunities Index (CHINESE RENMINBI) (TR),16574.58
2021-08-13,S&P China A-Share Dividend Opportunities Index (CHINESE RENMINBI) (TR),16580.29
2021-08-16,S&P China A-Share Dividend Opportunities Index (CHINESE RENMINBI) (TR),16663.51
2021-08-17,S&P China A-Share Dividend Opportunities Index (CHINESE RENMINBI) (TR),16486.64
2021-08-18,S&P China A-Share Dividend Opportunities Index (CHINESE RENMINBI) (TR),16713.95
2021-08-19,S&P China A-Share Dividend Opportunities Index (CHINESE RENMINBI) (TR),16523.78
2021-08-20,S&P China A-Share Dividend Opportunities Index (CHINESE RENMINBI) (TR),16561.86
2021-08-23,S&P China A-Share Dividend Opportunities Index (CHINESE RENMINBI) (TR),16684.48
2021-08-24,S&P China A-Share Dividend Opportunities Index (CHINESE RENMINBI) (TR),16757.17
2021-08-25,S&P China A-Share Dividend Opportunities Index (CHINESE RENMINBI) (TR),16863.43
2021-08-26,S&P China A-Share Dividend Opportunities Index (CHINESE RENMINBI) (TR),16792.24
2021-08-27,S&P China A-Share Dividend Opportunities Index (CHINESE RENMINBI) (TR),16798.46
2021-08-30,S&P China A-Share Dividend Opportunities Index (CHINESE RENMINBI) (TR),16711.09
2021-08-31,S&P China A-Share Dividend Opportunities Index (CHINESE RENMINBI) (TR),17071.69
2021-09-01,S&P China A-Share Dividend Opportunities Index (CHINESE RENMINBI) (TR),17311.80
2021-09-02,S&P China A-Share Dividend Opportunities Index (CHINESE RENMINBI) (TR),17627.12
2021-09-03,S&P China A-Share Dividend Opportunities Index (CHINESE RENMINBI) (TR),17676.23
2021-09-06,S&P China A-Share Dividend Opportunities Index (CHINESE RENMINBI) (TR),17786.20
2021-09-07,S&P China A-Share Dividend Opportunities Index (CHINESE RENMINBI) (TR),18019.60
2021-09-08,S&P China A-Share Dividend Opportunities Index (CHINESE RENMINBI) (TR),18263.39
2021-09-09,S&P China A-Share Dividend Opportunities Index (CHINESE RENMINBI) (TR),18553.14
2021-09-10,S&P China A-Share Dividend Opportunities Index (CHINESE RENMINBI) (TR),18484.16
2021-09-13,S&P China A-Share Dividend Opportunities Index (CHINESE RENMINBI) (TR),18893.31
2021-09-14,S&P China A-Share Dividend Opportunities Index (CHINESE RENMINBI) (TR),18477.53
2021-09-15,S&P China A-Share Dividend Opportunities Index (CHINESE RENMINBI) (TR),18447.55
2021-09-16,S&P China A-Share Dividend Opportunities Index (CHINESE RENMINBI) (TR),18262.56
2021-09-17,S&P China A-Share Dividend Opportunities Index (CHINESE RENMINBI) (TR),18242.04
2021-09-22,S&P China A-Share Dividend Opportunities Index (CHINESE RENMINBI) (TR),18601.08
2021-09-23,S&P China A-Share Dividend Opportunities Index (CHINESE RENMINBI) (TR),19013.03
2021-09-24,S&P China A-Share Dividend Opportunities Index (CHINESE RENMINBI) (TR),18575.24
2021-09-27,S&P China A-Share Dividend Opportunities Index (CHINESE RENMINBI) (TR),17922.50
2021-09-28,S&P China A-Share Dividend Opportunities Index (CHINESE RENMINBI) (TR),18318.04
2021-09-29,S&P China A-Share Dividend Opportunities Index (CHINESE RENMINBI) (TR),17879.37
2021-09-30,S&P China A-Share Dividend Opportunities Index (CHINESE RENMINBI) (TR),18118.22
2021-10-08,S&P China A-Share Dividend Opportunities Index (CHINESE RENMINBI) (TR),18206.13
2021-10-11,S&P China A-Share Dividend Opportunities Index (CHINESE RENMINBI) (TR),18247.69
2021-10-12,S&P China A-Share Dividend Opportunities Index (CHINESE RENMINBI) (TR),17979.87
2021-10-13,S&P China A-Share Dividend Opportunities Index (CHINESE RENMINBI) (TR),17694.22
2021-10-14,S&P China A-Share Dividend Opportunities Index (CHINESE RENMINBI) (TR),17621.59
2021-10-15,S&P China A-Share Dividend Opportunities Index (CHINESE RENMINBI) (TR),17579.07
2021-10-18,S&P China A-Share Dividend Opportunities Index (CHINESE RENMINBI) (TR),17762.35
2021-10-19,S&P China A-Share Dividend Opportunities Index (CHINESE RENMINBI) (TR),17862.87
2021-10-20,S&P China A-Share Dividend Opportunities Index (CHINESE RENMINBI) (TR),17744.25
2021-10-21,S&P China A-Share Dividend Opportunities Index (CHINESE RENMINBI) (TR),17823.63
2021-10-22,S&P China A-Share Dividend Opportunities Index (CHINESE RENMINBI) (TR),17653.54
2021-10-25,S&P China A-Share Dividend Opportunities Index (CHINESE RENMINBI) (TR),17629.48
2021-10-26,S&P China A-Share Dividend Opportunities Index (CHINESE RENMINBI) (TR),17540.26
2021-10-27,S&P China A-Share Dividend Opportunities Index (CHINESE RENMINBI) (TR),17390.14
2021-10-28,S&P China A-Share Dividend Opportunities Index (CHINESE RENMINBI) (TR),17097.07
2021-10-29,S&P China A-Share Dividend Opportunities Index (CHINESE RENMINBI) (TR),17177.51
2021-11-01,S&P China A-Share Dividend Opportunities Index (CHINESE RENMINBI) (TR),17323.50
2021-11-02,S&P China A-Share Dividend Opportunities Index (CHINESE RENMINBI) (TR),17021.82
2021-11-03,S&P China A-Share Dividend Opportunities Index (CHINESE RENMINBI) (TR),17255.74
2021-11-04,S&P China A-Share Dividend Opportunities Index (CHINESE RENMINBI) (TR),17385.35
2021-11-05,S&P China A-Share Dividend Opportunities Index (CHINESE RENMINBI) (TR),17148.10
2021-11-08,S&P China A-Share Dividend Opportunities Index (CHINESE RENMINBI) (TR),17170.57
2021-11-09,S&P China A-Share Dividend Opportunities Index (CHINESE RENMINBI) (TR),17167.86
2021-11-10,S&P China A-Share Dividend Opportunities Index (CHINESE RENMINBI) (TR),17237.96
2021-11-11,S&P China A-Share Dividend Opportunities Index (CHINESE RENMINBI) (TR),17564.81
2021-11-12,S&P China A-Share Dividend Opportunities Index (CHINESE RENMINBI) (TR),17591.22
2021-11-15,S&P China A-Share Dividend Opportunities Index (CHINESE RENMINBI) (TR),17628.93
2021-11-16,S&P China A-Share Dividend Opportunities Index (CHINESE RENMINBI) (TR),17449.85
2021-11-17,S&P China A-Share Dividend Opportunities Index (CHINESE RENMINBI) (TR),17510.22
2021-11-18,S&P China A-Share Dividend Opportunities Index (CHINESE RENMINBI) (TR),17406.38
2021-11-19,S&P China A-Share Dividend Opportunities Index (CHINESE RENMINBI) (TR),17673.55
2021-11-22,S&P China A-Share Dividend Opportunities Index (CHINESE RENMINBI) (TR),17665.45
2021-11-23,S&P China A-Share Dividend Opportunities Index (CHINESE RENMINBI) (TR),17694.49
2021-11-24,S&P China A-Share Dividend Opportunities Index (CHINESE RENMINBI) (TR),17731.59
2021-11-25,S&P China A-Share Dividend Opportunities Index (CHINESE RENMINBI) (TR),17653.71
2021-11-26,S&P China A-Share Dividend Opportunities Index (CHINESE RENMINBI) (TR),17523.01
2021-11-29,S&P China A-Share Dividend Opportunities Index (CHINESE RENMINBI) (TR),17524.82
2021-11-30,S&P China A-Share Dividend Opportunities Index (CHINESE RENMINBI) (TR),17568.44
2021-12-01,S&P China A-Share Dividend Opportunities Index (CHINESE RENMINBI) (TR),17788.43
2021-12-02,S&P China A-Share Dividend Opportunities Index (CHINESE RENMINBI) (TR),17790.11
2021-12-03,S&P China A-Share Dividend Opportunities Index (CHINESE RENMINBI) (TR),18019.12
2021-12-06,S&P China A-Share Dividend Opportunities Index (CHINESE RENMINBI) (TR),18054.08
2021-12-07,S&P China A-Share Dividend Opportunities Index (CHINESE RENMINBI) (TR),18176.97
2021-12-08,S&P China A-Share Dividend Opportunities Index (CHINESE RENMINBI) (TR),18318.37
2021-12-09,S&P China A-Share Dividend Opportunities Index (CHINESE RENMINBI) (TR),18473.45
2021-12-10,S&P China A-Share Dividend Opportunities Index (CHINESE RENMINBI) (TR),18301.91
2021-12-13,S&P China A-Share Dividend Opportunities Index (CHINESE RENMINBI) (TR),18405.80
2021-12-14,S&P China A-Share Dividend Opportunities Index (CHINESE RENMINBI) (TR),18279.82
2021-12-15,S&P China A-Share Dividend Opportunities Index (CHINESE RENMINBI) (TR),18473.92
2021-12-16,S&P China A-Share Dividend Opportunities Index (CHINESE RENMINBI) (TR),18653.74
2021-12-17,S&P China A-Share Dividend Opportunities Index (CHINESE RENMINBI) (TR),18613.48
2021-12-20,S&P China A-Share Dividend Opportunities Index (CHINESE RENMINBI) (TR),18416.28
2021-12-21,S&P China A-Share Dividend Opportunities Index (CHINESE RENMINBI) (TR),18799.92
2021-12-22,S&P China A-Share Dividend Opportunities Index (CHINESE RENMINBI) (TR),18767.10
2021-12-23,S&P China A-Share Dividend Opportunities Index (CHINESE RENMINBI) (TR),18869.77
2021-12-24,S&P China A-Share Dividend Opportunities Index (CHINESE RENMINBI) (TR),18686.50
2021-12-27,S&P China A-Share Dividend Opportunities Index (CHINESE RENMINBI) (TR),18737.62
2021-12-28,S&P China A-Share Dividend Opportunities Index (CHINESE RENMINBI) (TR),18604.72
2021-12-29,S&P China A-Share Dividend Opportunities Index (CHINESE RENMINBI) (TR),18512.13
2021-12-30,S&P China A-Share Dividend Opportunities Index (CHINESE RENMINBI) (TR),18650.32
2021-12-31,S&P China A-Share Dividend Opportunities Index (CHINESE RENMINBI) (TR),18796.47
2022-01-04,S&P China A-Share Dividend Opportunities Index (CHINESE RENMINBI) (TR),19037.84
2022-01-05,S&P China A-Share Dividend Opportunities Index (CHINESE RENMINBI) (TR),18937.89
2022-01-06,S&P China A-Share Dividend Opportunities Index (CHINESE RENMINBI) (TR),19035.24
2022-01-07,S&P China A-Share Dividend Opportunities Index (CHINESE RENMINBI) (TR),19092.39
2022-01-10,S&P China A-Share Dividend Opportunities Index (CHINESE RENMINBI) (TR),19261.10
2022-01-11,S&P China A-Share Dividend Opportunities Index (CHINESE RENMINBI) (TR),19237.33
2022-01-12,S&P China A-Share Dividend Opportunities Index (CHINESE RENMINBI) (TR),19243.49
2022-01-13,S&P China A-Share Dividend Opportunities Index (CHINESE RENMINBI) (TR),19069.17
2022-01-14,S&P China A-Share Dividend Opportunities Index (CHINESE RENMINBI) (TR),18753.76
2022-01-17,S&P China A-Share Dividend Opportunities Index (CHINESE RENMINBI) (TR),18885.62
2022-01-18,S&P China A-Share Dividend Opportunities Index (CHINESE RENMINBI) (TR),19017.31
2022-01-19,S&P China A-Share Dividend Opportunities Index (CHINESE RENMINBI) (TR),19182.23
2022-01-20,S&P China A-Share Dividend Opportunities Index (CHINESE RENMINBI) (TR),19026.59
2022-01-21,S&P China A-Share Dividend Opportunities Index (CHINESE RENMINBI) (TR),18807.14
2022-01-24,S&P China A-Share Dividend Opportunities Index (CHINESE RENMINBI) (TR),18896.48
2022-01-25,S&P China A-Share Dividend Opportunities Index (CHINESE RENMINBI) (TR),18210.92
2022-01-26,S&P China A-Share Dividend Opportunities Index (CHINESE RENMINBI) (TR),18374.83
2022-01-27,S&P China A-Share Dividend Opportunities Index (CHINESE RENMINBI) (TR),18058.13
2022-01-28,S&P China A-Share Dividend Opportunities Index (CHINESE RENMINBI) (TR),17975.75
2022-02-07,S&P China A-Share Dividend Opportunities Index (CHINESE RENMINBI) (TR),18392.67
2022-02-08,S&P China A-Share Dividend Opportunities Index (CHINESE RENMINBI) (TR),18832.09
2022-02-09,S&P China A-Share Dividend Opportunities Index (CHINESE RENMINBI) (TR),18895.35
2022-02-10,S&P China A-Share Dividend Opportunities Index (CHINESE RENMINBI) (TR),19142.23
2022-02-11,S&P China A-Share Dividend Opportunities Index (CHINESE RENMINBI) (TR),19150.18
2022-02-14,S&P China A-Share Dividend Opportunities Index (CHINESE RENMINBI) (TR),18784.81
2022-02-15,S&P China A-Share Dividend Opportunities Index (CHINESE RENMINBI) (TR),18635.80
2022-02-16,S&P China A-Share Dividend Opportunities Index (CHINESE RENMINBI) (TR),18832.25
2022-02-17,S&P China A-Share Dividend Opportunities Index (CHINESE RENMINBI) (TR),18750.96
2022-02-18,S&P China A-Share Dividend Opportunities Index (CHINESE RENMINBI) (TR),19142.78
2022-02-21,S&P China A-Share Dividend Opportunities Index (CHINESE RENMINBI) (TR),19200.44
2022-02-22,S&P China A-Share Dividend Opportunities Index (CHINESE RENMINBI) (TR),18997.17
2022-02-23,S&P China A-Share Dividend Opportunities Index (CHINESE RENMINBI) (TR),18903.42
2022-02-24,S&P China A-Share Dividend Opportunities Index (CHINESE RENMINBI) (TR),18514.22
2022-02-25,S&P China A-Share Dividend Opportunities Index (CHINESE RENMINBI) (TR),18496.13
2022-02-28,S&P China A-Share Dividend Opportunities Index (CHINESE RENMINBI) (TR),18478.58
2022-03-01,S&P China A-Share Dividend Opportunities Index (CHINESE RENMINBI) (TR),18634.72
2022-03-02,S&P China A-Share Dividend Opportunities Index (CHINESE RENMINBI) (TR),18735.57
2022-03-03,S&P China A-Share Dividend Opportunities Index (CHINESE RENMINBI) (TR),19042.65
2022-03-04,S&P China A-Share Dividend Opportunities Index (CHINESE RENMINBI) (TR),18854.95
2022-03-07,S&P China A-Share Dividend Opportunities Index (CHINESE RENMINBI) (TR),18754.28
2022-03-08,S&P China A-Share Dividend Opportunities Index (CHINESE RENMINBI) (TR),18174.15
2022-03-09,S&P China A-Share Dividend Opportunities Index (CHINESE RENMINBI) (TR),17872.61
2022-03-10,S&P China A-Share Dividend Opportunities Index (CHINESE RENMINBI) (TR),18088.32
2022-03-11,S&P China A-Share Dividend Opportunities Index (CHINESE RENMINBI) (TR),18193.77
2022-03-14,S&P China A-Share Dividend Opportunities Index (CHINESE RENMINBI) (TR),17818.13
2022-03-15,S&P China A-Share Dividend Opportunities Index (CHINESE RENMINBI) (TR),16749.37
2022-03-16,S&P China A-Share Dividend Opportunities Index (CHINESE RENMINBI) (TR),17163.39
2022-03-17,S&P China A-Share Dividend Opportunities Index (CHINESE RENMINBI) (TR),17433.91
2022-03-18,S&P China A-Share Dividend Opportunities Index (CHINESE RENMINBI) (TR),17956.57
2022-03-21,S&P China A-Share Dividend Opportunities Index (CHINESE RENMINBI) (TR),17977.35
2022-03-22,S&P China A-Share Dividend Opportunities Index (CHINESE RENMINBI) (TR),18352.57
2022-03-23,S&P China A-Share Dividend Opportunities Index (CHINESE RENMINBI) (TR),18424.47
2022-03-24,S&P China A-Share Dividend Opportunities Index (CHINESE RENMINBI) (TR),18346.73
2022-03-25,S&P China A-Share Dividend Opportunities Index (CHINESE RENMINBI) (TR),18374.10
2022-03-28,S&P China A-Share Dividend Opportunities Index (CHINESE RENMINBI) (TR),18667.17
2022-03-29,S&P China A-Share Dividend Opportunities Index (CHINESE RENMINBI) (TR),18534.38
2022-03-30,S&P China A-Share Dividend Opportunities Index (CHINESE RENMINBI) (TR),18936.14
2022-03-31,S&P China A-Share Dividend Opportunities Index (CHINESE RENMINBI) (TR),19238.82
2022-04-01,S&P China A-Share Dividend Opportunities Index (CHINESE RENMINBI) (TR),19509.60
2022-04-06,S&P China A-Share Dividend Opportunities Index (CHINESE RENMINBI) (TR),19830.22
2022-04-07,S&P China A-Share Dividend Opportunities Index (CHINESE RENMINBI) (TR),19426.16
2022-04-08,S&P China A-Share Dividend Opportunities Index (CHINESE RENMINBI) (TR),19662.89
2022-04-11,S&P China A-Share Dividend Opportunities Index (CHINESE RENMINBI) (TR),19216.12
2022-04-12,S&P China A-Share Dividend Opportunities Index (CHINESE RENMINBI) (TR),19211.23
2022-04-13,S&P China A-Share Dividend Opportunities Index (CHINESE RENMINBI) (TR),19055.66
2022-04-14,S&P China A-Share Dividend Opportunities Index (CHINESE RENMINBI) (TR),19444.76
2022-04-15,S&P China A-Share Dividend Opportunities Index (CHINESE RENMINBI) (TR),19347.75
2022-04-18,S&P China A-Share Dividend Opportunities Index (CHINESE RENMINBI) (TR),19066.29
2022-04-19,S&P China A-Share Dividend Opportunities Index (CHINESE RENMINBI) (TR),19164.81
2022-04-20,S&P China A-Share Dividend Opportunities Index (CHINESE RENMINBI) (TR),18617.71
2022-04-21,S&P China A-Share Dividend Opportunities Index (CHINESE RENMINBI) (TR),18164.55
2022-04-22,S&P China A-Share Dividend Opportunities Index (CHINESE RENMINBI) (TR),18438.86
2022-04-25,S&P China A-Share Dividend Opportunities Index (CHINESE RENMINBI) (TR),17535.76
2022-04-26,S&P China A-Share Dividend Opportunities Index (CHINESE RENMINBI) (TR),17344.62
2022-04-27,S&P China A-Share Dividend Opportunities Index (CHINESE RENMINBI) (TR),17514.23
2022-04-28,S&P China A-Share Dividend Opportunities Index (CHINESE RENMINBI) (TR),17786.53
2022-04-29,S&P China A-Share Dividend Opportunities Index (CHINESE RENMINBI) (TR),18170.93
2022-05-05,S&P China A-Share Dividend Opportunities Index (CHINESE RENMINBI) (TR),18232.01
2022-05-06,S&P China A-Share Dividend Opportunities Index (CHINESE RENMINBI) (TR),17701.21
2022-05-09,S&P China A-Share Dividend Opportunities Index (CHINESE RENMINBI) (TR),17894.10
2022-05-10,S&P China A-Share Dividend Opportunities Index (CHINESE RENMINBI) (TR),18021.45
2022-05-11,S&P China A-Share Dividend Opportunities Index (CHINESE RENMINBI) (TR),17954.18
2022-05-12,S&P China A-Share Dividend Opportunities Index (CHINESE RENMINBI) (TR),17944.28
2022-05-13,S&P China A-Share Dividend Opportunities Index (CHINESE RENMINBI) (TR),18292.85
2022-05-16,S&P China A-Share Dividend Opportunities Index (CHINESE RENMINBI) (TR),18431.36
2022-05-17,S&P China A-Share Dividend Opportunities Index (CHINESE RENMINBI) (TR),18314.60
2022-05-18,S&P China A-Share Dividend Opportunities Index (CHINESE RENMINBI) (TR),18209.60
2022-05-19,S&P China A-Share Dividend Opportunities Index (CHINESE RENMINBI) (TR),18326.92
2022-05-20,S&P China A-Share Dividend Opportunities Index (CHINESE RENMINBI) (TR),18465.17
2022-05-23,S&P China A-Share Dividend Opportunities Index (CHINESE RENMINBI) (TR),18402.55
2022-05-24,S&P China A-Share Dividend Opportunities Index (CHINESE RENMINBI) (TR),17891.56
2022-05-25,S&P China A-Share Dividend Opportunities Index (CHINESE RENMINBI) (TR),18161.34
2022-05-26,S&P China A-Share Dividend Opportunities Index (CHINESE RENMINBI) (TR),18394.92
2022-05-27,S&P China A-Share Dividend Opportunities Index (CHINESE RENMINBI) (TR),18412.67
2022-05-30,S&P China A-Share Dividend Opportunities Index (CHINESE RENMINBI) (TR),18386.55
2022-05-31,S&P China A-Share Dividend Opportunities Index (CHINESE RENMINBI) (TR),18411.08
2022-06-01,S&P China A-Share Dividend Opportunities Index (CHINESE RENMINBI) (TR),18475.20
2022-06-02,S&P China A-Share Dividend Opportunities Index (CHINESE RENMINBI) (TR),18335.90
2022-06-06,S&P China A-Share Dividend Opportunities Index (CHINESE RENMINBI) (TR),18364.99
2022-06-07,S&P China A-Share Dividend Opportunities Index (CHINESE RENMINBI) (TR),18460.90
2022-06-08,S&P China A-Share Dividend Opportunities Index (CHINESE RENMINBI) (TR),18551.23
2022-06-09,S&P China A-Share Dividend Opportunities Index (CHINESE RENMINBI) (TR),18531.74
2022-06-10,S&P China A-Share Dividend Opportunities Index (CHINESE RENMINBI) (TR),18700.38
2022-06-13,S&P China A-Share Dividend Opportunities Index (CHINESE RENMINBI) (TR),18414.88
2022-06-14,S&P China A-Share Dividend Opportunities Index (CHINESE RENMINBI) (TR),18657.03
2022-06-15,S&P China A-Share Dividend Opportunities Index (CHINESE RENMINBI) (TR),18766.06
2022-06-16,S&P China A-Share Dividend Opportunities Index (CHINESE RENMINBI) (TR),18540.10
2022-06-17,S&P China A-Share Dividend Opportunities Index (CHINESE RENMINBI) (TR),18502.83
2022-06-20,S&P China A-Share Dividend Opportunities Index (CHINESE RENMINBI) (TR),18497.26
2022-06-21,S&P China A-Share Dividend Opportunities Index (CHINESE RENMINBI) (TR),18557.23
2022-06-22,S&P China A-Share Dividend Opportunities Index (CHINESE RENMINBI) (TR),18257.86
2022-06-23,S&P China A-Share Dividend Opportunities Index (CHINESE RENMINBI) (TR),18477.60
2022-06-24,S&P China A-Share Dividend Opportunities Index (CHINESE RENMINBI) (TR),18463.00
2022-06-27,S&P China A-Share Dividend Opportunities Index (CHINESE RENMINBI) (TR),18599.29
2022-06-28,S&P China A-Share Dividend Opportunities Index (CHINESE RENMINBI) (TR),18718.67
2022-06-29,S&P China A-Share Dividend Opportunities Index (CHINESE RENMINBI) (TR),18785.48
2022-06-30,S&P China A-Share Dividend Opportunities Index (CHINESE RENMINBI) (TR),18912.67
2022-07-01,S&P China A-Share Dividend Opportunities Index (CHINESE RENMINBI) (TR),18969.31
2022-07-04,S&P China A-Share Dividend Opportunities Index (CHINESE RENMINBI) (TR),19000.41
2022-07-05,S&P China A-Share Dividend Opportunities Index (CHINESE RENMINBI) (TR),19013.19
2022-07-06,S&P China A-Share Dividend Opportunities Index (CHINESE RENMINBI) (TR),18597.00
2022-07-07,S&P China A-Share Dividend Opportunities Index (CHINESE RENMINBI) (TR),18664.15
2022-07-08,S&P China A-Share Dividend Opportunities Index (CHINESE RENMINBI) (TR),18654.88
2022-07-11,S&P China A-Share Dividend Opportunities Index (CHINESE RENMINBI) (TR),18592.62
2022-07-12,S&P China A-Share Dividend Opportunities Index (CHINESE RENMINBI) (TR),18755.07
2022-07-13,S&P China A-Share Dividend Opportunities Index (CHINESE RENMINBI) (TR),18782.86
2022-07-14,S&P China A-Share Dividend Opportunities Index (CHINESE RENMINBI) (TR),18557.93
2022-07-15,S&P China A-Share Dividend Opportunities Index (CHINESE RENMINBI) (TR),18163.32
2022-07-18,S&P China A-Share Dividend Opportunities Index (CHINESE RENMINBI) (TR),18562.68
2022-07-19,S&P China A-Share Dividend Opportunities Index (CHINESE RENMINBI) (TR),18628.25
2022-07-20,S&P China A-Share Dividend Opportunities Index (CHINESE RENMINBI) (TR),18687.20
2022-07-21,S&P China A-Share Dividend Opportunities Index (CHINESE RENMINBI) (TR),18415.83
2022-07-22,S&P China A-Share Dividend Opportunities Index (CHINESE RENMINBI) (TR),18394.39
2022-07-25,S&P China A-Share Dividend Opportunities Index (CHINESE RENMINBI) (TR),18408.04
2022-07-26,S&P China A-Share Dividend Opportunities Index (CHINESE RENMINBI) (TR),18688.73
2022-07-27,S&P China A-Share Dividend Opportunities Index (CHINESE RENMINBI) (TR),18652.01
2022-07-28,S&P China A-Share Dividend Opportunities Index (CHINESE RENMINBI) (TR),18658.79
2022-07-29,S&P China A-Share Dividend Opportunities Index (CHINESE RENMINBI) (TR),18493.35
2022-08-01,S&P China A-Share Dividend Opportunities Index (CHINESE RENMINBI) (TR),18538.04
2022-08-02,S&P China A-Share Dividend Opportunities Index (CHINESE RENMINBI) (TR),18000.12
2022-08-03,S&P China A-Share Dividend Opportunities Index (CHINESE RENMINBI) (TR),17795.82
2022-08-04,S&P China A-Share Dividend Opportunities Index (CHINESE RENMINBI) (TR),17914.21
2022-08-05,S&P China A-Share Dividend Opportunities Index (CHINESE RENMINBI) (TR),18073.08
2022-08-08,S&P China A-Share Dividend Opportunities Index (CHINESE RENMINBI) (TR),18238.97
2022-08-09,S&P China A-Share Dividend Opportunities Index (CHINESE RENMINBI) (TR),18275.24
2022-08-10,S&P China A-Share Dividend Opportunities Index (CHINESE RENMINBI) (TR),18245.99
2022-08-11,S&P China A-Share Dividend Opportunities Index (CHINESE RENMINBI) (TR),18519.41
2022-08-12,S&P China A-Share Dividend Opportunities Index (CHINESE RENMINBI) (TR),18638.72
2022-08-15,S&P China A-Share Dividend Opportunities Index (CHINESE RENMINBI) (TR),18675.34
2022-08-16,S&P China A-Share Dividend Opportunities Index (CHINESE RENMINBI) (TR),18714.75
2022-08-17,S&P China A-Share Dividend Opportunities Index (CHINESE RENMINBI) (TR),18757.67
2022-08-18,S&P China A-Share Dividend Opportunities Index (CHINESE RENMINBI) (TR),18614.75
2022-08-19,S&P China A-Share Dividend Opportunities Index (CHINESE RENMINBI) (TR),18671.16
2022-08-22,S&P China A-Share Dividend Opportunities Index (CHINESE RENMINBI) (TR),18829.59
2022-08-23,S&P China A-Share Dividend Opportunities Index (CHINESE RENMINBI) (TR),18906.07
2022-08-24,S&P China A-Share Dividend Opportunities Index (CHINESE RENMINBI) (TR),18674.97
2022-08-25,S&P China A-Share Dividend Opportunities Index (CHINESE RENMINBI) (TR),18987.35
2022-08-26,S&P China A-Share Dividend Opportunities Index (CHINESE RENMINBI) (TR),18941.95
2022-08-29,S&P China A-Share Dividend Opportunities Index (CHINESE RENMINBI) (TR),19043.56
2022-08-30,S&P China A-Share Dividend Opportunities Index (CHINESE RENMINBI) (TR),18950.37
2022-08-31,S&P China A-Share Dividend Opportunities Index (CHINESE RENMINBI) (TR),18728.13
2022-09-01,S&P China A-Share Dividend Opportunities Index (CHINESE RENMINBI) (TR),18824.29
2022-09-02,S&P China A-Share Dividend Opportunities Index (CHINESE RENMINBI) (TR),18807.55
2022-09-05,S&P China A-Share Dividend Opportunities Index (CHINESE RENMINBI) (TR),19030.96
2022-09-06,S&P China A-Share Dividend Opportunities Index (CHINESE RENMINBI) (TR),19267.58
2022-09-07,S&P China A-Share Dividend Opportunities Index (CHINESE RENMINBI) (TR),19233.31
2022-09-08,S&P China A-Share Dividend Opportunities Index (CHINESE RENMINBI) (TR),19165.48
2022-09-09,S&P China A-Share Dividend Opportunities Index (CHINESE RENMINBI) (TR),19378.38
2022-09-13,S&P China A-Share Dividend Opportunities Index (CHINESE RENMINBI) (TR),19271.26
2022-09-14,S&P China A-Share Dividend Opportunities Index (CHINESE RENMINBI) (TR),19114.39
2022-09-15,S&P China A-Share Dividend Opportunities Index (CHINESE RENMINBI) (TR),19104.55
2022-09-16,S&P China A-Share Dividend Opportunities Index (CHINESE RENMINBI) (TR),18560.68
2022-09-19,S&P China A-Share Dividend Opportunities Index (CHINESE RENMINBI) (TR),18536.00
2022-09-20,S&P China A-Share Dividend Opportunities Index (CHINESE RENMINBI) (TR),18573.79
2022-09-21,S&P China A-Share Dividend Opportunities Index (CHINESE RENMINBI) (TR),18714.03
2022-09-22,S&P China A-Share Dividend Opportunities Index (CHINESE RENMINBI) (TR),18698.26
2022-09-23,S&P China A-Share Dividend Opportunities Index (CHINESE RENMINBI) (TR),18580.99
2022-09-26,S&P China A-Share Dividend Opportunities Index (CHINESE RENMINBI) (TR),18142.26
2022-09-27,S&P China A-Share Dividend Opportunities Index (CHINESE RENMINBI) (TR),18380.20
2022-09-28,S&P China A-Share Dividend Opportunities Index (CHINESE RENMINBI) (TR),18176.38
2022-09-29,S&P China A-Share Dividend Opportunities Index (CHINESE RENMINBI) (TR),18070.01
2022-09-30,S&P China A-Share Dividend Opportunities Index (CHINESE RENMINBI) (TR),18173.67
2022-10-10,S&P China A-Share Dividend Opportunities Index (CHINESE RENMINBI) (TR),18135.27
2022-10-11,S&P China A-Share Dividend Opportunities Index (CHINESE RENMINBI) (TR),18130.05
2022-10-12,S&P China A-Share Dividend Opportunities Index (CHINESE RENMINBI) (TR),18384.59
2022-10-13,S&P China A-Share Dividend Opportunities Index (CHINESE RENMINBI) (TR),18205.56
2022-10-14,S&P China A-Share Dividend Opportunities Index (CHINESE RENMINBI) (TR),18421.39
2022-10-17,S&P China A-Share Dividend Opportunities Index (CHINESE RENMINBI) (TR),18458.11
2022-10-18,S&P China A-Share Dividend Opportunities Index (CHINESE RENMINBI) (TR),18426.66
2022-10-19,S&P China A-Share Dividend Opportunities Index (CHINESE RENMINBI) (TR),18289.88
2022-10-20,S&P China A-Share Dividend Opportunities Index (CHINESE RENMINBI) (TR),18139.77
2022-10-21,S&P China A-Share Dividend Opportunities Index (CHINESE RENMINBI) (TR),18128.51
2022-10-24,S&P China A-Share Dividend Opportunities Index (CHINESE RENMINBI) (TR),17759.25
2022-10-25,S&P China A-Share Dividend Opportunities Index (CHINESE RENMINBI) (TR),17625.32
2022-10-26,S&P China A-Share Dividend Opportunities Index (CHINESE RENMINBI) (TR),17625.29
2022-10-27,S&P China A-Share Dividend Opportunities Index (CHINESE RENMINBI) (TR),17723.96
2022-10-28,S&P China A-Share Dividend Opportunities Index (CHINESE RENMINBI) (TR),17246.54
2022-10-31,S&P China A-Share Dividend Opportunities Index (CHINESE RENMINBI) (TR),16973.00
2022-11-01,S&P China A-Share Dividend Opportunities Index (CHINESE RENMINBI) (TR),17244.41
2022-11-02,S&P China A-Share Dividend Opportunities Index (CHINESE RENMINBI) (TR),17407.68
2022-11-03,S&P China A-Share Dividend Opportunities Index (CHINESE RENMINBI) (TR),17280.18
2022-11-04,S&P China A-Share Dividend Opportunities Index (CHINESE RENMINBI) (TR),17596.05
2022-11-07,S&P China A-Share Dividend Opportunities Index (CHINESE RENMINBI) (TR),17730.75
2022-11-08,S&P China A-Share Dividend Opportunities Index (CHINESE RENMINBI) (TR),17743.63
2022-11-09,S&P China A-Share Dividend Opportunities Index (CHINESE RENMINBI) (TR),17727.07
2022-11-10,S&P China A-Share Dividend Opportunities Index (CHINESE RENMINBI) (TR),17718.90
2022-11-11,S&P China A-Share Dividend Opportunities Index (CHINESE RENMINBI) (TR),18046.14
2022-11-14,S&P China A-Share Dividend Opportunities Index (CHINESE RENMINBI) (TR),18105.84
2022-11-15,S&P China A-Share Dividend Opportunities Index (CHINESE RENMINBI) (TR),18276.75
2022-11-16,S&P China A-Share Dividend Opportunities Index (CHINESE RENMINBI) (TR),18211.93
2022-11-17,S&P China A-Share Dividend Opportunities Index (CHINESE RENMINBI) (TR),18180.60
2022-11-18,S&P China A-Share Dividend Opportunities Index (CHINESE RENMINBI) (TR),18098.37
2022-11-21,S&P China A-Share Dividend Opportunities Index (CHINESE RENMINBI) (TR),18081.56
2022-11-22,S&P China A-Share Dividend Opportunities Index (CHINESE RENMINBI) (TR),18155.64
2022-11-23,S&P China A-Share Dividend Opportunities Index (CHINESE RENMINBI) (TR),18192.53
2022-11-24,S&P China A-Share Dividend Opportunities Index (CHINESE RENMINBI) (TR),18262.89
2022-11-25,S&P China A-Share Dividend Opportunities Index (CHINESE RENMINBI) (TR),18493.59
2022-11-28,S&P China A-Share Dividend Opportunities Index (CHINESE RENMINBI) (TR),18355.13
2022-11-29,S&P China A-Share Dividend Opportunities Index (CHINESE RENMINBI) (TR),18869.98
2022-11-30,S&P China A-Share Dividend Opportunities Index (CHINESE RENMINBI) (TR),18821.10
2022-12-01,S&P China A-Share Dividend Opportunities Index (CHINESE RENMINBI) (TR),18793.46
2022-12-02,S&P China A-Share Dividend Opportunities Index (CHINESE RENMINBI) (TR),18703.67
2022-12-05,S&P China A-Share Dividend Opportunities Index (CHINESE RENMINBI) (TR),19055.65
2022-12-06,S&P China A-Share Dividend Opportunities Index (CHINESE RENMINBI) (TR),19043.63
2022-12-07,S&P China A-Share Dividend Opportunities Index (CHINESE RENMINBI) (TR),19002.65
2022-12-08,S&P China A-Share Dividend Opportunities Index (CHINESE RENMINBI) (TR),19058.37
2022-12-09,S&P China A-Share Dividend Opportunities Index (CHINESE RENMINBI) (TR),19125.42
2022-12-12,S&P China A-Share Dividend Opportunities Index (CHINESE RENMINBI) (TR),18829.50
2022-12-13,S&P China A-Share Dividend Opportunities Index (CHINESE RENMINBI) (TR),18926.85
2022-12-14,S&P China A-Share Dividend Opportunities Index (CHINESE RENMINBI) (TR),18838.80
2022-12-15,S&P China A-Share Dividend Opportunities Index (CHINESE RENMINBI) (TR),18662.83
2022-12-16,S&P China A-Share Dividend Opportunities Index (CHINESE RENMINBI) (TR),18839.26
2022-12-19,S&P China A-Share Dividend Opportunities Index (CHINESE RENMINBI) (TR),18450.73
2022-12-20,S&P China A-Share Dividend Opportunities Index (CHINESE RENMINBI) (TR),18303.58
2022-12-21,S&P China A-Share Dividend Opportunities Index (CHINESE RENMINBI) (TR),18279.63
2022-12-22,S&P China A-Share Dividend Opportunities Index (CHINESE RENMINBI) (TR),18134.33
2022-12-23,S&P China A-Share Dividend Opportunities Index (CHINESE RENMINBI) (TR),18062.99
2022-12-26,S&P China A-Share Dividend Opportunities Index (CHINESE RENMINBI) (TR),18051.34
2022-12-27,S&P China A-Share Dividend Opportunities Index (CHINESE RENMINBI) (TR),18237.24
2022-12-28,S&P China A-Share Dividend Opportunities Index (CHINESE RENMINBI) (TR),18195.91
2022-12-29,S&P China A-Share Dividend Opportunities Index (CHINESE RENMINBI) (TR),17996.66
2022-12-30,S&P China A-Share Dividend Opportunities Index (CHINESE RENMINBI) (TR),18122.33
2023-01-03,S&P China A-Share Dividend Opportunities Index (CHINESE RENMINBI) (TR),18231.47
2023-01-04,S&P China A-Share Dividend Opportunities Index (CHINESE RENMINBI) (TR),18392.71
2023-01-05,S&P China A-Share Dividend Opportunities Index (CHINESE RENMINBI) (TR),18412.78
2023-01-06,S&P China A-Share Dividend Opportunities Index (CHINESE RENMINBI) (TR),18399.35
2023-01-09,S&P China A-Share Dividend Opportunities Index (CHINESE RENMINBI) (TR),18418.78
2023-01-10,S&P China A-Share Dividend Opportunities Index (CHINESE RENMINBI) (TR),18295.96
2023-01-11,S&P China A-Share Dividend Opportunities Index (CHINESE RENMINBI) (TR),18371.22
2023-01-12,S&P China A-Share Dividend Opportunities Index (CHINESE RENMINBI) (TR),18326.00
2023-01-13,S&P China A-Share Dividend Opportunities Index (CHINESE RENMINBI) (TR),18484.49
2023-01-16,S&P China A-Share Dividend Opportunities Index (CHINESE RENMINBI) (TR),18578.85
2023-01-17,S&P China A-Share Dividend Opportunities Index (CHINESE RENMINBI) (TR),18523.20
2023-01-18,S&P China A-Share Dividend Opportunities Index (CHINESE RENMINBI) (TR),18559.96
2023-01-19,S&P China A-Share Dividend Opportunities Index (CHINESE RENMINBI) (TR),18656.30
2023-01-20,S&P China A-Share Dividend Opportunities Index (CHINESE RENMINBI) (TR),18847.46
2023-01-30,S&P China A-Share Dividend Opportunities Index (CHINESE RENMINBI) (TR),18846.24
2023-01-31,S&P China A-Share Dividend Opportunities Index (CHINESE RENMINBI) (TR),18908.10
2023-02-01,S&P China A-Share Dividend Opportunities Index (CHINESE RENMINBI) (TR),19033.52
2023-02-02,S&P China A-Share Dividend Opportunities Index (CHINESE RENMINBI) (TR),19072.19
2023-02-03,S&P China A-Share Dividend Opportunities Index (CHINESE RENMINBI) (TR),18908.95
2023-02-06,S&P China A-Share Dividend Opportunities Index (CHINESE RENMINBI) (TR),18833.08
2023-02-07,S&P China A-Share Dividend Opportunities Index (CHINESE RENMINBI) (TR),18948.50
2023-02-08,S&P China A-Share Dividend Opportunities Index (CHINESE RENMINBI) (TR),18874.87
2023-02-09,S&P China A-Share Dividend Opportunities Index (CHINESE RENMINBI) (TR),19034.12
2023-02-10,S&P China A-Share Dividend Opportunities Index (CHINESE RENMINBI) (TR),19049.98
2023-02-13,S&P China A-Share Dividend Opportunities Index (CHINESE RENMINBI) (TR),19148.61
2023-02-14,S&P China A-Share Dividend Opportunities Index (CHINESE RENMINBI) (TR),19239.63
2023-02-15,S&P China A-Share Dividend Opportunities Index (CHINESE RENMINBI) (TR),19168.37
2023-02-16,S&P China A-Share Dividend Opportunities Index (CHINESE RENMINBI) (TR),18945.71
2023-02-17,S&P China A-Share Dividend Opportunities Index (CHINESE RENMINBI) (TR),18996.55
2023-02-20,S&P China A-Share Dividend Opportunities Index (CHINESE RENMINBI) (TR),19405.89
2023-02-21,S&P China A-Share Dividend Opportunities Index (CHINESE RENMINBI) (TR),19626.66
2023-02-22,S&P China A-Share Dividend Opportunities Index (CHINESE RENMINBI) (TR),19672.29
2023-02-23,S&P China A-Share Dividend Opportunities Index (CHINESE RENMINBI) (TR),19700.06
2023-02-24,S&P China A-Share Dividend Opportunities Index (CHINESE RENMINBI) (TR),19609.89
2023-02-27,S&P China A-Share Dividend Opportunities Index (CHINESE RENMINBI) (TR),19562.03
2023-02-28,S&P China A-Share Dividend Opportunities Index (CHINESE RENMINBI) (TR),19621.92
2023-03-01,S&P China A-Share Dividend Opportunities Index (CHINESE RENMINBI) (TR),19747.37
2023-03-02,S&P China A-Share Dividend Opportunities Index (CHINESE RENMINBI) (TR),19821.89
2023-03-03,S&P China A-Share Dividend Opportunities Index (CHINESE RENMINBI) (TR),19930.94
2023-03-06,S&P China A-Share Dividend Opportunities Index (CHINESE RENMINBI) (TR),19789.81
2023-03-07,S&P China A-Share Dividend Opportunities Index (CHINESE RENMINBI) (TR),19666.24
2023-03-08,S&P China A-Share Dividend Opportunities Index (CHINESE RENMINBI) (TR),19662.23
2023-03-09,S&P China A-Share Dividend Opportunities Index (CHINESE RENMINBI) (TR),19628.70
2023-03-10,S&P China A-Share Dividend Opportunities Index (CHINESE RENMINBI) (TR),19282.06
2023-03-13,S&P China A-Share Dividend Opportunities Index (CHINESE RENMINBI) (TR),19424.39
2023-03-14,S&P China A-Share Dividend Opportunities Index (CHINESE RENMINBI) (TR),19233.24
2023-03-15,S&P China A-Share Dividend Opportunities Index (CHINESE RENMINBI) (TR),19507.58
2023-03-16,S&P China A-Share Dividend Opportunities Index (CHINESE RENMINBI) (TR),19287.27
2023-03-17,S&P China A-Share Dividend Opportunities Index (CHINESE RENMINBI) (TR),19477.79
2023-03-20,S&P China A-Share Dividend Opportunities Index (CHINESE RENMINBI) (TR),19429.16
2023-03-21,S&P China A-Share Dividend Opportunities Index (CHINESE RENMINBI) (TR),19466.90
2023-03-22,S&P China A-Share Dividend Opportunities Index (CHINESE RENMINBI) (TR),19644.85
2023-03-23,S&P China A-Share Dividend Opportunities Index (CHINESE RENMINBI) (TR),19716.31
2023-03-24,S&P China A-Share Dividend Opportunities Index (CHINESE RENMINBI) (TR),19602.98
2023-03-27,S&P China A-Share Dividend Opportunities Index (CHINESE RENMINBI) (TR),19502.94
2023-03-28,S&P China A-Share Dividend Opportunities Index (CHINESE RENMINBI) (TR),19473.38
2023-03-29,S&P China A-Share Dividend Opportunities Index (CHINESE RENMINBI) (TR),19355.99
2023-03-30,S&P China A-Share Dividend Opportunities Index (CHINESE RENMINBI) (TR),19525.24
2023-03-31,S&P China A-Share Dividend Opportunities Index (CHINESE RENMINBI) (TR),19542.24
2023-04-03,S&P China A-Share Dividend Opportunities Index (CHINESE RENMINBI) (TR),19683.01
2023-04-04,S&P China A-Share Dividend Opportunities Index (CHINESE RENMINBI) (TR),19706.39
2023-04-06,S&P China A-Share Dividend Opportunities Index (CHINESE RENMINBI) (TR),19598.51
2023-04-07,S&P China A-Share Dividend Opportunities Index (CHINESE RENMINBI) (TR),19631.60
2023-04-10,S&P China A-Share Dividend Opportunities Index (CHINESE RENMINBI) (TR),19544.61
2023-04-11,S&P China A-Share Dividend Opportunities Index (CHINESE RENMINBI) (TR),19667.98
2023-04-12,S&P China A-Share Dividend Opportunities Index (CHINESE RENMINBI) (TR),19843.45
2023-04-13,S&P China A-Share Dividend Opportunities Index (CHINESE RENMINBI) (TR),19865.41
2023-04-14,S&P China A-Share Dividend Opportunities Index (CHINESE RENMINBI) (TR),19829.52
2023-04-17,S&P China A-Share Dividend Opportunities Index (CHINESE RENMINBI) (TR),20086.84
2023-04-18,S&P China A-Share Dividend Opportunities Index (CHINESE RENMINBI) (TR),20204.43
2023-04-19,S&P China A-Share Dividend Opportunities Index (CHINESE RENMINBI) (TR),20160.34
2023-04-20,S&P China A-Share Dividend Opportunities Index (CHINESE RENMINBI) (TR),20210.25
2023-04-21,S&P China A-Share Dividend Opportunities Index (CHINESE RENMINBI) (TR),19940.89
2023-04-24,S&P China A-Share Dividend Opportunities Index (CHINESE RENMINBI) (TR),19893.38
2023-04-25,S&P China A-Share Dividend Opportunities Index (CHINESE RENMINBI) (TR),19930.20
2023-04-26,S&P China A-Share Dividend Opportunities Index (CHINESE RENMINBI) (TR),20026.67
2023-04-27,S&P China A-Share Dividend Opportunities Index (CHINESE RENMINBI) (TR),19963.61
2023-04-28,S&P China A-Share Dividend Opportunities Index (CHINESE RENMINBI) (TR),20171.53
2023-05-04,S&P China A-Share Dividend Opportunities Index (CHINESE RENMINBI) (TR),20512.58
2023-05-05,S&P China A-Share Dividend Opportunities Index (CHINESE RENMINBI) (TR),20519.75
2023-05-08,S&P China A-Share Dividend Opportunities Index (CHINESE RENMINBI) (TR),20953.44
2023-05-09,S&P China A-Share Dividend Opportunities Index (CHINESE RENMINBI) (TR),20938.24
2023-05-10,S&P China A-Share Dividend Opportunities Index (CHINESE RENMINBI) (TR),20612.89
2023-05-11,S&P China A-Share Dividend Opportunities Index (CHINESE RENMINBI) (TR),20509.31
2023-05-12,S&P China A-Share Dividend Opportunities Index (CHINESE RENMINBI) (TR),20315.75
2023-05-15,S&P China A-Share Dividend Opportunities Index (CHINESE RENMINBI) (TR),20349.12
2023-05-16,S&P China A-Share Dividend Opportunities Index (CHINESE RENMINBI) (TR),20227.71
2023-05-17,S&P China A-Share Dividend Opportunities Index (CHINESE RENMINBI) (TR),20182.71
2023-05-18,S&P China A-Share Dividend Opportunities Index (CHINESE RENMINBI) (TR),20313.31
2023-05-19,S&P China A-Share Dividend Opportunities Index (CHINESE RENMINBI) (TR),20083.45
2023-05-22,S&P China A-Share Dividend Opportunities Index (CHINESE RENMINBI) (TR),20031.02
2023-05-23,S&P China A-Share Dividend Opportunities Index (CHINESE RENMINBI) (TR),19824.86
2023-05-24,S&P China A-Share Dividend Opportunities Index (CHINESE RENMINBI) (TR),19583.82
2023-05-25,S&P China A-Share Dividend Opportunities Index (CHINESE RENMINBI) (TR),19496.69
2023-05-26,S&P China A-Share Dividend Opportunities Index (CHINESE RENMINBI) (TR),19616.44
2023-05-29,S&P China A-Share Dividend Opportunities Index (CHINESE RENMINBI) (TR),19725.64
2023-05-30,S&P China A-Share Dividend Opportunities Index (CHINESE RENMINBI) (TR),19770.47
2023-05-31,S&P China A-Share Dividend Opportunities Index (CHINESE RENMINBI) (TR),19617.25
2023-06-01,S&P China A-Share Dividend Opportunities Index (CHINESE RENMINBI) (TR),19615.78
2023-06-02,S&P China A-Share Dividend Opportunities Index (CHINESE RENMINBI) (TR),19768.21
2023-06-05,S&P China A-Share Dividend Opportunities Index (CHINESE RENMINBI) (TR),19901.06
2023-06-06,S&P China A-Share Dividend Opportunities Index (CHINESE RENMINBI) (TR),19683.05
2023-06-07,S&P China A-Share Dividend Opportunities Index (CHINESE RENMINBI) (TR),19807.20
2023-06-08,S&P China A-Share Dividend Opportunities Index (CHINESE RENMINBI) (TR),19937.98
2023-06-09,S&P China A-Share Dividend Opportunities Index (CHINESE RENMINBI) (TR),19950.94
2023-06-12,S&P China A-Share Dividend Opportunities Index (CHINESE RENMINBI) (TR),19891.48
2023-06-13,S&P China A-Share Dividend Opportunities Index (CHINESE RENMINBI) (TR),19818.21
2023-06-14,S&P China A-Share Dividend Opportunities Index (CHINESE RENMINBI) (TR),19757.91
2023-06-15,S&P China A-Share Dividend Opportunities Index (CHINESE RENMINBI) (TR),19806.70
2023-06-16,S&P China A-Share Dividend Opportunities Index (CHINESE RENMINBI) (TR),19806.64
2023-06-19,S&P China A-Share Dividend Opportunities Index (CHINESE RENMINBI) (TR),19626.90
2023-06-20,S&P China A-Share Dividend Opportunities Index (CHINESE RENMINBI) (TR),19461.58
2023-06-21,S&P China A-Share Dividend Opportunities Index (CHINESE RENMINBI) (TR),19284.31
2023-06-26,S&P China A-Share Dividend Opportunities Index (CHINESE RENMINBI) (TR),18958.11
2023-06-27,S&P China A-Share Dividend Opportunities Index (CHINESE RENMINBI) (TR),19305.18
2023-06-28,S&P China A-Share Dividend Opportunities Index (CHINESE RENMINBI) (TR),19414.15
2023-06-29,S&P China A-Share Dividend Opportunities Index (CHINESE RENMINBI) (TR),19385.93
2023-06-30,S&P China A-Share Dividend Opportunities Index (CHINESE RENMINBI) (TR),19539.25
2023-07-03,S&P China A-Share Dividend Opportunities Index (CHINESE RENMINBI) (TR),19718.35
2023-07-04,S&P China A-Share Dividend Opportunities Index (CHINESE RENMINBI) (TR),19628.73
2023-07-05,S&P China A-Share Dividend Opportunities Index (CHINESE RENMINBI) (TR),19579.32
2023-07-06,S&P China A-Share Dividend Opportunities Index (CHINESE RENMINBI) (TR),19513.29
2023-07-07,S&P China A-Share Dividend Opportunities Index (CHINESE RENMINBI) (TR),19571.89
2023-07-10,S&P China A-Share Dividend Opportunities Index (CHINESE RENMINBI) (TR),19683.69
2023-07-11,S&P China A-Share Dividend Opportunities Index (CHINESE RENMINBI) (TR),19723.36
2023-07-12,S&P China A-Share Dividend Opportunities Index (CHINESE RENMINBI) (TR),19575.49
2023-07-13,S&P China A-Share Dividend Opportunities Index (CHINESE RENMINBI) (TR),19804.95
2023-07-14,S&P China A-Share Dividend Opportunities Index (CHINESE RENMINBI) (TR),19902.79
2023-07-17,S&P China A-Share Dividend Opportunities Index (CHINESE RENMINBI) (TR),19806.47
2023-07-18,S&P China A-Share Dividend Opportunities Index (CHINESE RENMINBI) (TR),19807.03
2023-07-19,S&P China A-Share Dividend Opportunities Index (CHINESE RENMINBI) (TR),19919.79
2023-07-20,S&P China A-Share Dividend Opportunities Index (CHINESE RENMINBI) (TR),19818.60
2023-07-21,S&P China A-Share Dividend Opportunities Index (CHINESE RENMINBI) (TR),19808.11
2023-07-24,S&P China A-Share Dividend Opportunities Index (CHINESE RENMINBI) (TR),19880.58
2023-07-25,S&P China A-Share Dividend Opportunities Index (CHINESE RENMINBI) (TR),20201.09
2023-07-26,S&P China A-Share Dividend Opportunities Index (CHINESE RENMINBI) (TR),20217.72
2023-07-27,S&P China A-Share Dividend Opportunities Index (CHINESE RENMINBI) (TR),20159.55
2023-07-28,S&P China A-Share Dividend Opportunities Index (CHINESE RENMINBI) (TR),20463.33
2023-07-31,S&P China A-Share Dividend Opportunities Index (CHINESE RENMINBI) (TR),20605.57
2023-08-01,S&P China A-Share Dividend Opportunities Index (CHINESE RENMINBI) (TR),20584.43
2023-08-02,S&P China A-Share Dividend Opportunities Index (CHINESE RENMINBI) (TR),20353.99
2023-08-03,S&P China A-Share Dividend Opportunities Index (CHINESE RENMINBI) (TR),20430.26
2023-08-04,S&P China A-Share Dividend Opportunities Index (CHINESE RENMINBI) (TR),20378.42
2023-08-07,S&P China A-Share Dividend Opportunities Index (CHINESE RENMINBI) (TR),20205.61
2023-08-08,S&P China A-Share Dividend Opportunities Index (CHINESE RENMINBI) (TR),20226.92
2023-08-09,S&P China A-Share Dividend Opportunities Index (CHINESE RENMINBI) (TR),20142.59
2023-08-10,S&P China A-Share Dividend Opportunities Index (CHINESE RENMINBI) (TR),20304.71
2023-08-11,S&P China A-Share Dividend Opportunities Index (CHINESE RENMINBI) (TR),19984.12
2023-08-14,S&P China A-Share Dividend Opportunities Index (CHINESE RENMINBI) (TR),19920.27
2023-08-15,S&P China A-Share Dividend Opportunities Index (CHINESE RENMINBI) (TR),19991.47
2023-08-16,S&P China A-Share Dividend Opportunities Index (CHINESE RENMINBI) (TR),19965.76
2023-08-17,S&P China A-Share Dividend Opportunities Index (CHINESE RENMINBI) (TR),19944.18
2023-08-18,S&P China A-Share Dividend Opportunities Index (CHINESE RENMINBI) (TR),19836.25
2023-08-21,S&P China A-Share Dividend Opportunities Index (CHINESE RENMINBI) (TR),19631.04
2023-08-22,S&P China A-Share Dividend Opportunities Index (CHINESE RENMINBI) (TR),19760.03
2023-08-23,S&P China A-Share Dividend Opportunities Index (CHINESE RENMINBI) (TR),19736.40
2023-08-24,S&P China A-Share Dividend Opportunities Index (CHINESE RENMINBI) (TR),19689.94
2023-08-25,S&P China A-Share Dividend Opportunities Index (CHINESE RENMINBI) (TR),19642.43
2023-08-28,S&P China A-Share Dividend Opportunities Index (CHINESE RENMINBI) (TR),19971.43
2023-08-29,S&P China A-Share Dividend Opportunities Index (CHINESE RENMINBI) (TR),20086.15
2023-08-30,S&P China A-Share Dividend Opportunities Index (CHINESE RENMINBI) (TR),19974.46
2023-08-31,S&P China A-Share Dividend Opportunities Index (CHINESE RENMINBI) (TR),19814.36
2023-09-01,S&P China A-Share Dividend Opportunities Index (CHINESE RENMINBI) (TR),20153.32
2023-09-04,S&P China A-Share Dividend Opportunities Index (CHINESE RENMINBI) (TR),20509.26
2023-09-05,S&P China A-Share Dividend Opportunities Index (CHINESE RENMINBI) (TR),20414.67
2023-09-06,S&P China A-Share Dividend Opportunities Index (CHINESE RENMINBI) (TR),20438.47
2023-09-07,S&P China A-Share Dividend Opportunities Index (CHINESE RENMINBI) (TR),20385.54
2023-09-08,S&P China A-Share Dividend Opportunities Index (CHINESE RENMINBI) (TR),20262.43
2023-09-11,S&P China A-Share Dividend Opportunities Index (CHINESE RENMINBI) (TR),20470.67
2023-09-12,S&P China A-Share Dividend Opportunities Index (CHINESE RENMINBI) (TR),20444.67
2023-09-13,S&P China A-Share Dividend Opportunities Index (CHINESE RENMINBI) (TR),20509.82
2023-09-14,S&P China A-Share Dividend Opportunities Index (CHINESE RENMINBI) (TR),20809.50
2023-09-15,S&P China A-Share Dividend Opportunities Index (CHINESE RENMINBI) (TR),20779.94
2023-09-18,S&P China A-Share Dividend Opportunities Index (CHINESE RENMINBI) (TR),20854.49
2023-09-19,S&P China A-Share Dividend Opportunities Index (CHINESE RENMINBI) (TR),20930.39
2023-09-20,S&P China A-Share Dividend Opportunities Index (CHINESE RENMINBI) (TR),20932.17
2023-09-21,S&P China A-Share Dividend Opportunities Index (CHINESE RENMINBI) (TR),20825.66
2023-09-22,S&P China A-Share Dividend Opportunities Index (CHINESE RENMINBI) (TR),20857.70
2023-09-25,S&P China A-Share Dividend Opportunities Index (CHINESE RENMINBI) (TR),20919.74
2023-09-26,S&P China A-Share Dividend Opportunities Index (CHINESE RENMINBI) (TR),20817.44
2023-09-27,S&P China A-Share Dividend Opportunities Index (CHINESE RENMINBI) (TR),20747.77
2023-09-28,S&P China A-Share Dividend Opportunities Index (CHINESE RENMINBI) (TR),20780.64
2023-10-09,S&P China A-Share Dividend Opportunities Index (CHINESE RENMINBI) (TR),20769.19
2023-10-10,S&P China A-Share Dividend Opportunities Index (CHINESE RENMINBI) (TR),20525.05
2023-10-11,S&P China A-Share Dividend Opportunities Index (CHINESE RENMINBI) (TR),20446.89
2023-10-12,S&P China A-Share Dividend Opportunities Index (CHINESE RENMINBI) (TR),20626.58
2023-10-13,S&P China A-Share Dividend Opportunities Index (CHINESE RENMINBI) (TR),20614.45
2023-10-16,S&P China A-Share Dividend Opportunities Index (CHINESE RENMINBI) (TR),20679.42
2023-10-17,S&P China A-Share Dividend Opportunities Index (CHINESE RENMINBI) (TR),20734.14
2023-10-18,S&P China A-Share Dividend Opportunities Index (CHINESE RENMINBI) (TR),20504.62
2023-10-19,S&P China A-Share Dividend Opportunities Index (CHINESE RENMINBI) (TR),20185.44
2023-10-20,S&P China A-Share Dividend Opportunities Index (CHINESE RENMINBI) (TR),20097.20
2023-10-23,S&P China A-Share Dividend Opportunities Index (CHINESE RENMINBI) (TR),19764.38
2023-10-24,S&P China A-Share Dividend Opportunities Index (CHINESE RENMINBI) (TR),19973.42
2023-10-25,S&P China A-Share Dividend Opportunities Index (CHINESE RENMINBI) (TR),20167.32
2023-10-26,S&P China A-Share Dividend Opportunities Index (CHINESE RENMINBI) (TR),20084.26
2023-10-27,S&P China A-Share Dividend Opportunities Index (CHINESE RENMINBI) (TR),20150.43
2023-10-30,S&P China A-Share Dividend Opportunities Index (CHINESE RENMINBI) (TR),19908.45
2023-10-31,S&P China A-Share Dividend Opportunities Index (CHINESE RENMINBI) (TR),19987.89
2023-11-01,S&P China A-Share Dividend Opportunities Index (CHINESE RENMINBI) (TR),19942.19
2023-11-02,S&P China A-Share Dividend Opportunities Index (CHINESE RENMINBI) (TR),19929.31
2023-11-03,S&P China A-Share Dividend Opportunities Index (CHINESE RENMINBI) (TR),19927.43
2023-11-06,S&P China A-Share Dividend Opportunities Index (CHINESE RENMINBI) (TR),19855.87
2023-11-07,S&P China A-Share Dividend Opportunities Index (CHINESE RENMINBI) (TR),19919.61
2023-11-08,S&P China A-Share Dividend Opportunities Index (CHINESE RENMINBI) (TR),19874.95
2023-11-09,S&P China A-Share Dividend Opportunities Index (CHINESE RENMINBI) (TR),20058.99
2023-11-10,S&P China A-Share Dividend Opportunities Index (CHINESE RENMINBI) (TR),20081.83
2023-11-13,S&P China A-Share Dividend Opportunities Index (CHINESE RENMINBI) (TR),20131.59
2023-11-14,S&P China A-Share Dividend Opportunities Index (CHINESE RENMINBI) (TR),20071.26
2023-11-15,S&P China A-Share Dividend Opportunities Index (CHINESE RENMINBI) (TR),20213.44
2023-11-16,S&P China A-Share Dividend Opportunities Index (CHINESE RENMINBI) (TR),20195.37
2023-11-17,S&P China A-Share Dividend Opportunities Index (CHINESE RENMINBI) (TR),20190.19
2023-11-20,S&P China A-Share Dividend Opportunities Index (CHINESE RENMINBI) (TR),20246.43
2023-11-21,S&P China A-Share Dividend Opportunities Index (CHINESE RENMINBI) (TR),20340.12
2023-11-22,S&P China A-Share Dividend Opportunities Index (CHINESE RENMINBI) (TR),20257.61
2023-11-23,S&P China A-Share Dividend Opportunities Index (CHINESE RENMINBI) (TR),20452.31
2023-11-24,S&P China A-Share Dividend Opportunities Index (CHINESE RENMINBI) (TR),20506.31
2023-11-27,S&P China A-Share Dividend Opportunities Index (CHINESE RENMINBI) (TR),20569.04
2023-11-28,S&P China A-Share Dividend Opportunities Index (CHINESE RENMINBI) (TR),20577.71
2023-11-29,S&P China A-Share Dividend Opportunities Index (CHINESE RENMINBI) (TR),20578.58
2023-11-30,S&P China A-Share Dividend Opportunities Index (CHINESE RENMINBI) (TR),20581.13
2023-12-01,S&P China A-Share Dividend Opportunities Index (CHINESE RENMINBI) (TR),20684.24
2023-12-04,S&P China A-Share Dividend Opportunities Index (CHINESE RENMINBI) (TR),20811.12
2023-12-05,S&P China A-Share Dividend Opportunities Index (CHINESE RENMINBI) (TR),20489.97
2023-12-06,S&P China A-Share Dividend Opportunities Index (CHINESE RENMINBI) (TR),20515.64
2023-12-07,S&P China A-Share Dividend Opportunities Index (CHINESE RENMINBI) (TR),20492.45
2023-12-08,S&P China A-Share Dividend Opportunities Index (CHINESE RENMINBI) (TR),20356.76
2023-12-11,S&P China A-Share Dividend Opportunities Index (CHINESE RENMINBI) (TR),20735.45
2023-12-12,S&P China A-Share Dividend Opportunities Index (CHINESE RENMINBI) (TR),20885.71
2023-12-13,S&P China A-Share Dividend Opportunities Index (CHINESE RENMINBI) (TR),20730.85
2023-12-14,S&P China A-Share Dividend Opportunities Index (CHINESE RENMINBI) (TR),20733.26
2023-12-15,S&P China A-Share Dividend Opportunities Index (CHINESE RENMINBI) (TR),20588.09
2023-12-18,S&P China A-Share Dividend Opportunities Index (CHINESE RENMINBI) (TR),20588.98
2023-12-19,S&P China A-Share Dividend Opportunities Index (CHINESE RENMINBI) (TR),20565.80
2023-12-20,S&P China A-Share Dividend Opportunities Index (CHINESE RENMINBI) (TR),20543.65
2023-12-21,S&P China A-Share Dividend Opportunities Index (CHINESE RENMINBI) (TR),20534.36
2023-12-22,S&P China A-Share Dividend Opportunities Index (CHINESE RENMINBI) (TR),20558.46
2023-12-25,S&P China A-Share Dividend Opportunities Index (CHINESE RENMINBI) (TR),20593.31
2023-12-26,S&P China A-Share Dividend Opportunities Index (CHINESE RENMINBI) (TR),20462.99
2023-12-27,S&P China A-Share Dividend Opportunities Index (CHINESE RENMINBI) (TR),20623.46
2023-12-28,S&P China A-Share Dividend Opportunities Index (CHINESE RENMINBI) (TR),20535.29
2023-12-29,S&P China A-Share Dividend Opportunities Index (CHINESE RENMINBI) (TR),20696.69
2024-01-02,S&P China A-Share Dividend Opportunities Index (CHINESE RENMINBI) (TR),21028.35
2024-01-03,S&P China A-Share Dividend Opportunities Index (CHINESE RENMINBI) (TR),21210.63
2024-01-04,S&P China A-Share Dividend Opportunities Index (CHINESE RENMINBI) (TR),21339.13
2024-01-05,S&P China A-Share Dividend Opportunities Index (CHINESE RENMINBI) (TR),21321.80
2024-01-08,S&P China A-Share Dividend Opportunities Index (CHINESE RENMINBI) (TR),21132.89
2024-01-09,S&P China A-Share Dividend Opportunities Index (CHINESE RENMINBI) (TR),21314.41
2024-01-10,S&P China A-Share Dividend Opportunities Index (CHINESE RENMINBI) (TR),21145.62
2024-01-11,S&P China A-Share Dividend Opportunities Index (CHINESE RENMINBI) (TR),21048.31
2024-01-12,S&P China A-Share Dividend Opportunities Index (CHINESE RENMINBI) (TR),21094.30
2024-01-15,S&P China A-Share Dividend Opportunities Index (CHINESE RENMINBI) (TR),21207.75
2024-01-16,S&P China A-Share Dividend Opportunities Index (CHINESE RENMINBI) (TR),21238.89
2024-01-17,S&P China A-Share Dividend Opportunities Index (CHINESE RENMINBI) (TR),20934.40
2024-01-18,S&P China A-Share Dividend Opportunities Index (CHINESE RENMINBI) (TR),20788.94
2024-01-19,S&P China A-Share Dividend Opportunities Index (CHINESE RENMINBI) (TR),20619.88
2024-01-22,S&P China A-Share Dividend Opportunities Index (CHINESE RENMINBI) (TR),19881.61
2024-01-23,S&P China A-Share Dividend Opportunities Index (CHINESE RENMINBI) (TR),20151.88
2024-01-24,S&P China A-Share Dividend Opportunities Index (CHINESE RENMINBI) (TR),20571.56
2024-01-25,S&P China A-Share Dividend Opportunities Index (CHINESE RENMINBI) (TR),21194.66
2024-01-26,S&P China A-Share Dividend Opportunities Index (CHINESE RENMINBI) (TR),21401.70
2024-01-29,S&P China A-Share Dividend Opportunities Index (CHINESE RENMINBI) (TR),21296.09
2024-01-30,S&P China A-Share Dividend Opportunities Index (CHINESE RENMINBI) (TR),20980.17
2024-01-31,S&P China A-Share Dividend Opportunities Index (CHINESE RENMINBI) (TR),20787.27
2024-02-01,S&P China A-Share Dividend Opportunities Index (CHINESE RENMINBI) (TR),20559.86
2024-02-02,S&P China A-Share Dividend Opportunities Index (CHINESE RENMINBI) (TR),20430.04
2024-02-05,S&P China A-Share Dividend Opportunities Index (CHINESE RENMINBI) (TR),20287.09
2024-02-06,S&P China A-Share Dividend Opportunities Index (CHINESE RENMINBI) (TR),20766.40
2024-02-07,S&P China A-Share Dividend Opportunities Index (CHINESE RENMINBI) (TR),21088.98
2024-02-08,S&P China A-Share Dividend Opportunities Index (CHINESE RENMINBI) (TR),21260.88
2024-02-19,S&P China A-Share Dividend Opportunities Index (CHINESE RENMINBI) (TR),21758.06
2024-02-20,S&P China A-Share Dividend Opportunities Index (CHINESE RENMINBI) (TR),21929.20
2024-02-21,S&P China A-Share Dividend Opportunities Index (CHINESE RENMINBI) (TR),21996.99
2024-02-22,S&P China A-Share Dividend Opportunities Index (CHINESE RENMINBI) (TR),22402.27
2024-02-23,S&P China A-Share Dividend Opportunities Index (CHINESE RENMINBI) (TR),22355.27
2024-02-26,S&P China A-Share Dividend Opportunities Index (CHINESE RENMINBI) (TR),22035.44
2024-02-27,S&P China A-Share Dividend Opportunities Index (CHINESE RENMINBI) (TR),22182.89
2024-02-28,S&P China A-Share Dividend Opportunities Index (CHINESE RENMINBI) (TR),21890.35
2024-02-29,S&P China A-Share Dividend Opportunities Index (CHINESE RENMINBI) (TR),22205.57
2024-03-01,S&P China A-Share Dividend Opportunities Index (CHINESE RENMINBI) (TR),22269.56
2024-03-04,S&P China A-Share Dividend Opportunities Index (CHINESE RENMINBI) (TR),22456.34
2024-03-05,S&P China A-Share Dividend Opportunities Index (CHINESE RENMINBI) (TR),22510.45
2024-03-06,S&P China A-Share Dividend Opportunities Index (CHINESE RENMINBI) (TR),22582.12
2024-03-07,S&P China A-Share Dividend Opportunities Index (CHINESE RENMINBI) (TR),22665.50
2024-03-08,S&P China A-Share Dividend Opportunities Index (CHINESE RENMINBI) (TR),22844.56
2024-03-11,S&P China A-Share Dividend Opportunities Index (CHINESE RENMINBI) (TR),22691.53
2024-03-12,S&P China A-Share Dividend Opportunities Index (CHINESE RENMINBI) (TR),22268.70
2024-03-13,S&P China A-Share Dividend Opportunities Index (CHINESE RENMINBI) (TR),22161.63
2024-03-14,S&P China A-Share Dividend Opportunities Index (CHINESE RENMINBI) (TR),22203.77
2024-03-15,S&P China A-Share Dividend Opportunities Index (CHINESE RENMINBI) (TR),22195.61
2024-03-18,S&P China A-Share Dividend Opportunities Index (CHINESE RENMINBI) (TR),22167.29
2024-03-19,S&P China A-Share Dividend Opportunities Index (CHINESE RENMINBI) (TR),22051.51
2024-03-20,S&P China A-Share Dividend Opportunities Index (CHINESE RENMINBI) (TR),22150.07
2024-03-21,S&P China A-Share Dividend Opportunities Index (CHINESE RENMINBI) (TR),22174.10
2024-03-22,S&P China A-Share Dividend Opportunities Index (CHINESE RENMINBI) (TR),22004.73
2024-03-25,S&P China A-Share Dividend Opportunities Index (CHINESE RENMINBI) (TR),21965.80
2024-03-26,S&P China A-Share Dividend Opportunities Index (CHINESE RENMINBI) (TR),21935.43
2024-03-27,S&P China A-Share Dividend Opportunities Index (CHINESE RENMINBI) (TR),21756.46
2024-03-28,S&P China A-Share Dividend Opportunities Index (CHINESE RENMINBI) (TR),21801.16
2024-03-29,S&P China A-Share Dividend Opportunities Index (CHINESE RENMINBI) (TR),22085.52
2024-04-01,S&P China A-Share Dividend Opportunities Index (CHINESE RENMINBI) (TR),22170.89
2024-04-02,S&P China A-Share Dividend Opportunities Index (CHINESE RENMINBI) (TR),22292.88
2024-04-03,S&P China A-Share Dividend Opportunities Index (CHINESE RENMINBI) (TR),22553.65
2024-04-08,S&P China A-Share Dividend Opportunities Index (CHINESE RENMINBI) (TR),22455.94
2024-04-09,S&P China A-Share Dividend Opportunities Index (CHINESE RENMINBI) (TR),22390.91
2024-04-10,S&P China A-Share Dividend Opportunities Index (CHINESE RENMINBI) (TR),22410.72
2024-04-11,S&P China A-Share Dividend Opportunities Index (CHINESE RENMINBI) (TR),22591.99
2024-04-12,S&P China A-Share Dividend Opportunities Index (CHINESE RENMINBI) (TR),22548.48
2024-04-15,S&P China A-Share Dividend Opportunities Index (CHINESE RENMINBI) (TR),22907.12
2024-04-16,S&P China A-Share Dividend Opportunities Index (CHINESE RENMINBI) (TR),22685.27
2024-04-17,S&P China A-Share Dividend Opportunities Index (CHINESE RENMINBI) (TR),23130.07
2024-04-18,S&P China A-Share Dividend Opportunities Index (CHINESE RENMINBI) (TR),23219.61
2024-04-19,S&P China A-Share Dividend Opportunities Index (CHINESE RENMINBI) (TR),23263.44
2024-04-22,S&P China A-Share Dividend Opportunities Index (CHINESE RENMINBI) (TR),22813.13
2024-04-23,S&P China A-Share Dividend Opportunities Index (CHINESE RENMINBI) (TR),22432.74
2024-04-24,S&P China A-Share Dividend Opportunities Index (CHINESE RENMINBI) (TR),22403.31
2024-04-25,S&P China A-Share Dividend Opportunities Index (CHINESE RENMINBI) (TR),22570.13
2024-04-26,S&P China A-Share Dividend Opportunities Index (CHINESE RENMINBI) (TR),22377.40
2024-04-29,S&P China A-Share Dividend Opportunities Index (CHINESE RENMINBI) (TR),22360.69
2024-04-30,S&P China A-Share Dividend Opportunities Index (CHINESE RENMINBI) (TR),22397.59
2024-05-06,S&P China A-Share Dividend Opportunities Index (CHINESE RENMINBI) (TR),22661.01
2024-05-07,S&P China A-Share Dividend Opportunities Index (CHINESE RENMINBI) (TR),22725.36
2024-05-08,S&P China A-Share Dividend Opportunities Index (CHINESE RENMINBI) (TR),22768.94
2024-05-09,S&P China A-Share Dividend Opportunities Index (CHINESE RENMINBI) (TR),23038.82
2024-05-10,S&P China A-Share Dividend Opportunities Index (CHINESE RENMINBI) (TR),23128.15
2024-05-13,S&P China A-Share Dividend Opportunities Index (CHINESE RENMINBI) (TR),23218.70
2024-05-14,S&P China A-Share Dividend Opportunities Index (CHINESE RENMINBI) (TR),23157.42
2024-05-15,S&P China A-Share Dividend Opportunities Index (CHINESE RENMINBI) (TR),23145.86
2024-05-16,S&P China A-Share Dividend Opportunities Index (CHINESE RENMINBI) (TR),23166.54
2024-05-17,S&P China A-Share Dividend Opportunities Index (CHINESE RENMINBI) (TR),23344.54
2024-05-20,S&P China A-Share Dividend Opportunities Index (CHINESE RENMINBI) (TR),23616.92
2024-05-21,S&P China A-Share Dividend Opportunities Index (CHINESE RENMINBI) (TR),23639.43
2024-05-22,S&P China A-Share Dividend Opportunities Index (CHINESE RENMINBI) (TR),23647.26
2024-05-23,S&P China A-Share Dividend Opportunities Index (CHINESE RENMINBI) (TR),23352.95
2024-05-24,S&P China A-Share Dividend Opportunities Index (CHINESE RENMINBI) (TR),23284.77
2024-05-27,S&P China A-Share Dividend Opportunities Index (CHINESE RENMINBI) (TR),23680.08
2024-05-28,S&P China A-Share Dividend Opportunities Index (CHINESE RENMINBI) (TR),23586.17
2024-05-29,S&P China A-Share Dividend Opportunities Index (CHINESE RENMINBI) (TR),23693.85
2024-05-30,S&P China A-Share Dividend Opportunities Index (CHINESE RENMINBI) (TR),23464.37
2024-05-31,S&P China A-Share Dividend Opportunities Index (CHINESE RENMINBI) (TR),23462.89
2024-06-03,S&P China A-Share Dividend Opportunities Index (CHINESE RENMINBI) (TR),23316.87
2024-06-04,S&P China A-Share Dividend Opportunities Index (CHINESE RENMINBI) (TR),23446.82
2024-06-05,S&P China A-Share Dividend Opportunities Index (CHINESE RENMINBI) (TR),23093.80
2024-06-06,S&P China A-Share Dividend Opportunities Index (CHINESE RENMINBI) (TR),23088.93
2024-06-07,S&P China A-Share Dividend Opportunities Index (CHINESE RENMINBI) (TR),23285.30
2024-06-11,S&P China A-Share Dividend Opportunities Index (CHINESE RENMINBI) (TR),22824.69
2024-06-12,S&P China A-Share Dividend Opportunities Index (CHINESE RENMINBI) (TR),23132.18
2024-06-13,S&P China A-Share Dividend Opportunities Index (CHINESE RENMINBI) (TR),22874.72
2024-06-14,S&P China A-Share Dividend Opportunities Index (CHINESE RENMINBI) (TR),22910.81
2024-06-17,S&P China A-Share Dividend Opportunities Index (CHINESE RENMINBI) (TR),22649.70
2024-06-18,S&P China A-Share Dividend Opportunities Index (CHINESE RENMINBI) (TR),22751.41
2024-06-19,S&P China A-Share Dividend Opportunities Index (CHINESE RENMINBI) (TR),22691.38
2024-06-20,S&P China A-Share Dividend Opportunities Index (CHINESE RENMINBI) (TR),22634.59
2024-06-21,S&P China A-Share Dividend Opportunities Index (CHINESE RENMINBI) (TR),22631.43
2024-06-24,S&P China A-Share Dividend Opportunities Index (CHINESE RENMINBI) (TR),22250.80
2024-06-25,S&P China A-Share Dividend Opportunities Index (CHINESE RENMINBI) (TR),22275.19
2024-06-26,S&P China A-Share Dividend Opportunities Index (CHINESE RENMINBI) (TR),22410.22
2024-06-27,S&P China A-Share Dividend Opportunities Index (CHINESE RENMINBI) (TR),22229.47
2024-06-28,S&P China A-Share Dividend Opportunities Index (CHINESE RENMINBI) (TR),22430.50
2024-07-01,S&P China A-Share Dividend Opportunities Index (CHINESE RENMINBI) (TR),22907.92
2024-07-02,S&P China A-Share Dividend Opportunities Index (CHINESE RENMINBI) (TR),22852.13
2024-07-03,S&P China A-Share Dividend Opportunities Index (CHINESE RENMINBI) (TR),22587.14
2024-07-04,S&P China A-Share Dividend Opportunities Index (CHINESE RENMINBI) (TR),22413.71
2024-07-05,S&P China A-Share Dividend Opportunities Index (CHINESE RENMINBI) (TR),22315.65
2024-07-08,S&P China A-Share Dividend Opportunities Index (CHINESE RENMINBI) (TR),22009.64
2024-07-09,S&P China A-Share Dividend Opportunities Index (CHINESE RENMINBI) (TR),22225.13
2024-07-10,S&P China A-Share Dividend Opportunities Index (CHINESE RENMINBI) (TR),21771.10
2024-07-11,S&P China A-Share Dividend Opportunities Index (CHINESE RENMINBI) (TR),21902.30
2024-07-12,S&P China A-Share Dividend Opportunities Index (CHINESE RENMINBI) (TR),21795.56
2024-07-15,S&P China A-Share Dividend Opportunities Index (CHINESE RENMINBI) (TR),21904.53
2024-07-16,S&P China A-Share Dividend Opportunities Index (CHINESE RENMINBI) (TR),21795.15
2024-07-17,S&P China A-Share Dividend Opportunities Index (CHINESE RENMINBI) (TR),21615.86
2024-07-18,S&P China A-Share Dividend Opportunities Index (CHINESE RENMINBI) (TR),21714.02
2024-07-19,S&P China A-Share Dividend Opportunities Index (CHINESE RENMINBI) (TR),21568.19
2024-07-22,S&P China A-Share Dividend Opportunities Index (CHINESE RENMINBI) (TR),21340.14
2024-07-23,S&P China A-Share Dividend Opportunities Index (CHINESE RENMINBI) (TR),21105.51
2024-07-24,S&P China A-Share Dividend Opportunities Index (CHINESE RENMINBI) (TR),21000.97
2024-07-25,S&P China A-Share Dividend Opportunities Index (CHINESE RENMINBI) (TR),20912.08
2024-07-26,S&P China A-Share Dividend Opportunities Index (CHINESE RENMINBI) (TR),20956.98
2024-07-29,S&P China A-Share Dividend Opportunities Index (CHINESE RENMINBI) (TR),20923.78
2024-07-30,S&P China A-Share Dividend Opportunities Index (CHINESE RENMINBI) (TR),20794.72
2024-07-31,S&P China A-Share Dividend Opportunities Index (CHINESE RENMINBI) (TR),21195.19
2024-08-01,S&P China A-Share Dividend Opportunities Index (CHINESE RENMINBI) (TR),21050.95
2024-08-02,S&P China A-Share Dividend Opportunities Index (CHINESE RENMINBI) (TR),20925.38
2024-08-05,S&P China A-Share Dividend Opportunities Index (CHINESE RENMINBI) (TR),20682.30
2024-08-06,S&P China A-Share Dividend Opportunities Index (CHINESE RENMINBI) (TR),20827.47
2024-08-07,S&P China A-Share Dividend Opportunities Index (CHINESE RENMINBI) (TR),20837.46
2024-08-08,S&P China A-Share Dividend Opportunities Index (CHINESE RENMINBI) (TR),20890.59
2024-08-09,S&P China A-Share Dividend Opportunities Index (CHINESE RENMINBI) (TR),20794.89
2024-08-12,S&P China A-Share Dividend Opportunities Index (CHINESE RENMINBI) (TR),20842.39
2024-08-13,S&P China A-Share Dividend Opportunities Index (CHINESE RENMINBI) (TR),20862.33
2024-08-14,S&P China A-Share Dividend Opportunities Index (CHINESE RENMINBI) (TR),20707.26
2024-08-15,S&P China A-Share Dividend Opportunities Index (CHINESE RENMINBI) (TR),20891.04
2024-08-16,S&P China A-Share Dividend Opportunities Index (CHINESE RENMINBI) (TR),20835.38
2024-08-19,S&P China A-Share Dividend Opportunities Index (CHINESE RENMINBI) (TR),20953.35
2024-08-20,S&P China A-Share Dividend Opportunities Index (CHINESE RENMINBI) (TR),20648.68
2024-08-21,S&P China A-Share Dividend Opportunities Index (CHINESE RENMINBI) (TR),20557.23
2024-08-22,S&P China A-Share Dividend Opportunities Index (CHINESE RENMINBI) (TR),20442.99
2024-08-23,S&P China A-Share Dividend Opportunities Index (CHINESE RENMINBI) (TR),20383.00
2024-08-26,S&P China A-Share Dividend Opportunities Index (CHINESE RENMINBI) (TR),20403.02
2024-08-27,S&P China A-Share Dividend Opportunities Index (CHINESE RENMINBI) (TR),20336.97
2024-08-28,S&P China A-Share Dividend Opportunities Index (CHINESE RENMINBI) (TR),20283.00
2024-08-29,S&P China A-Share Dividend Opportunities Index (CHINESE RENMINBI) (TR),20197.74
2024-08-30,S&P China A-Share Dividend Opportunities Index (CHINESE RENMINBI) (TR),20268.12
2024-09-02,S&P China A-Share Dividend Opportunities Index (CHINESE RENMINBI) (TR),20087.81
2024-09-03,S&P China A-Share Dividend Opportunities Index (CHINESE RENMINBI) (TR),20091.78
2024-09-04,S&P China A-Share Dividend Opportunities Index (CHINESE RENMINBI) (TR),20047.44
2024-09-05,S&P China A-Share Dividend Opportunities Index (CHINESE RENMINBI) (TR),20101.19
2024-09-06,S&P China A-Share Dividend Opportunities Index (CHINESE RENMINBI) (TR),19875.83
2024-09-09,S&P China A-Share Dividend Opportunities Index (CHINESE RENMINBI) (TR),19596.82
2024-09-10,S&P China A-Share Dividend Opportunities Index (CHINESE RENMINBI) (TR),19631.57
2024-09-11,S&P China A-Share Dividend Opportunities Index (CHINESE RENMINBI) (TR),19467.20
2024-09-12,S&P China A-Share Dividend Opportunities Index (CHINESE RENMINBI) (TR),19479.54
2024-09-13,S&P China A-Share Dividend Opportunities Index (CHINESE RENMINBI) (TR),19265.21
2024-09-18,S&P China A-Share Dividend Opportunities Index (CHINESE RENMINBI) (TR),19424.13
2024-09-19,S&P China A-Share Dividend Opportunities Index (CHINESE RENMINBI) (TR),19640.86
2024-09-20,S&P China A-Share Dividend Opportunities Index (CHINESE RENMINBI) (TR),19575.58
2024-09-23,S&P China A-Share Dividend Opportunities Index (CHINESE RENMINBI) (TR),19710.44
2024-09-24,S&P China A-Share Dividend Opportunities Index (CHINESE RENMINBI) (TR),20601.12
2024-09-25,S&P China A-Share Dividend Opportunities Index (CHINESE RENMINBI) (TR),20921.57
2024-09-26,S&P China A-Share Dividend Opportunities Index (CHINESE RENMINBI) (TR),21798.00
2024-09-27,S&P China A-Share Dividend Opportunities Index (CHINESE RENMINBI) (TR),22443.87
2024-09-30,S&P China A-Share Dividend Opportunities Index (CHINESE RENMINBI) (TR),24161.22
2024-10-08,S&P China A-Share Dividend Opportunities Index (CHINESE RENMINBI) (TR),24898.45
2024-10-09,S&P China A-Share Dividend Opportunities Index (CHINESE RENMINBI) (TR),22910.77
2024-10-10,S&P China A-Share Dividend Opportunities Index (CHINESE RENMINBI) (TR),23384.66
2024-10-11,S&P China A-Share Dividend Opportunities Index (CHINESE RENMINBI) (TR),22760.05
2024-10-14,S&P China A-Share Dividend Opportunities Index (CHINESE RENMINBI) (TR),23384.44
2024-10-15,S&P China A-Share Dividend Opportunities Index (CHINESE RENMINBI) (TR),22907.46
2024-10-16,S&P China A-Share Dividend Opportunities Index (CHINESE RENMINBI) (TR),23102.94
2024-10-17,S&P China A-Share Dividend Opportunities Index (CHINESE RENMINBI) (TR),22720.60
2024-10-18,S&P China A-Share Dividend Opportunities Index (CHINESE RENMINBI) (TR),23030.44
2024-10-21,S&P China A-Share Dividend Opportunities Index (CHINESE RENMINBI) (TR),23060.52
2024-10-22,S&P China A-Share Dividend Opportunities Index (CHINESE RENMINBI) (TR),23303.37
2024-10-23,S&P China A-Share Dividend Opportunities Index (CHINESE RENMINBI) (TR),23376.49
2024-10-24,S&P China A-Share Dividend Opportunities Index (CHINESE RENMINBI) (TR),23201.90
2024-10-25,S&P China A-Share Dividend Opportunities Index (CHINESE RENMINBI) (TR),23502.27
2024-10-28,S&P China A-Share Dividend Opportunities Index (CHINESE RENMINBI) (TR),23668.91
2024-10-29,S&P China A-Share Dividend Opportunities Index (CHINESE RENMINBI) (TR),23262.98
2024-10-30,S&P China A-Share Dividend Opportunities Index (CHINESE RENMINBI) (TR),23056.14
2024-10-31,S&P China A-Share Dividend Opportunities Index (CHINESE RENMINBI) (TR),23116.65
2024-11-01,S&P China A-Share Dividend Opportunities Index (CHINESE RENMINBI) (TR),23130.05
2024-11-04,S&P China A-Share Dividend Opportunities Index (CHINESE RENMINBI) (TR),23359.86
2024-11-05,S&P China A-Share Dividend Opportunities Index (CHINESE RENMINBI) (TR),23772.67
2024-11-06,S&P China A-Share Dividend Opportunities Index (CHINESE RENMINBI) (TR),23704.00
2024-11-07,S&P China A-Share Dividend Opportunities Index (CHINESE RENMINBI) (TR),24247.95
2024-11-08,S&P China A-Share Dividend Opportunities Index (CHINESE RENMINBI) (TR),24022.56
2024-11-11,S&P China A-Share Dividend Opportunities Index (CHINESE RENMINBI) (TR),24027.78
2024-11-12,S&P China A-Share Dividend Opportunities Index (CHINESE RENMINBI) (TR),23929.44
2024-11-13,S&P China A-Share Dividend Opportunities Index (CHINESE RENMINBI) (TR),24031.63
2024-11-14,S&P China A-Share Dividend Opportunities Index (CHINESE RENMINBI) (TR),23633.57
2024-11-15,S&P China A-Share Dividend Opportunities Index (CHINESE RENMINBI) (TR),23392.03
2024-11-18,S&P China A-Share Dividend Opportunities Index (CHINESE RENMINBI) (TR),23523.55
2024-11-19,S&P China A-Share Dividend Opportunities Index (CHINESE RENMINBI) (TR),23871.92
2024-11-20,S&P China A-Share Dividend Opportunities Index (CHINESE RENMINBI) (TR),23957.84
2024-11-21,S&P China A-Share Dividend Opportunities Index (CHINESE RENMINBI) (TR),23991.33
2024-11-22,S&P China A-Share Dividend Opportunities Index (CHINESE RENMINBI) (TR),23211.65
2024-11-25,S&P China A-Share Dividend Opportunities Index (CHINESE RENMINBI) (TR),23434.29
2024-11-26,S&P China A-Share Dividend Opportunities Index (CHINESE RENMINBI) (TR),23406.46
2024-11-27,S&P China A-Share Dividend Opportunities Index (CHINESE RENMINBI) (TR),23736.89
2024-11-28,S&P China A-Share Dividend Opportunities Index (CHINESE RENMINBI) (TR),23690.43
2024-11-29,S&P China A-Share Dividend Opportunities Index (CHINESE RENMINBI) (TR),23965.82
2024-12-02,S&P China A-Share Dividend Opportunities Index (CHINESE RENMINBI) (TR),24109.29
2024-12-03,S&P China A-Share Dividend Opportunities Index (CHINESE RENMINBI) (TR),24236.28
2024-12-04,S&P China A-Share Dividend Opportunities Index (CHINESE RENMINBI) (TR),24134.41
2024-12-05,S&P China A-Share Dividend Opportunities Index (CHINESE RENMINBI) (TR),24136.14
2024-12-06,S&P China A-Share Dividend Opportunities Index (CHINESE RENMINBI) (TR),24344.04
2024-12-09,S&P China A-Share Dividend Opportunities Index (CHINESE RENMINBI) (TR),24364.92
2024-12-10,S&P China A-Share Dividend Opportunities Index (CHINESE RENMINBI) (TR),24385.62
2024-12-11,S&P China A-Share Dividend Opportunities Index (CHINESE RENMINBI) (TR),24592.61
2024-12-12,S&P China A-Share Dividend Opportunities Index (CHINESE RENMINBI) (TR),24799.28
2024-12-13,S&P China A-Share Dividend Opportunities Index (CHINESE RENMINBI) (TR),24223.77
2024-12-16,S&P China A-Share Dividend Opportunities Index (CHINESE RENMINBI) (TR),24277.65
2024-12-17,S&P China A-Share Dividend Opportunities Index (CHINESE RENMINBI) (TR),23983.02
2024-12-18,S&P China A-Share Dividend Opportunities Index (CHINESE RENMINBI) (TR),24065.02
2024-12-19,S&P China A-Share Dividend Opportunities Index (CHINESE RENMINBI) (TR),23978.64
2024-12-20,S&P China A-Share Dividend Opportunities Index (CHINESE RENMINBI) (TR),23920.46
2024-12-23,S&P China A-Share Dividend Opportunities Index (CHINESE RENMINBI) (TR),23674.34
2024-12-24,S&P China A-Share Dividend Opportunities Index (CHINESE RENMINBI) (TR),24000.55
2024-12-25,S&P China A-Share Dividend Opportunities Index (CHINESE RENMINBI) (TR),23977.74
2024-12-26,S&P China A-Share Dividend Opportunities Index (CHINESE RENMINBI) (TR),23967.52
2024-12-27,S&P China A-Share Dividend Opportunities Index (CHINESE RENMINBI) (TR),24010.96
2024-12-30,S&P China A-Share Dividend Opportunities Index (CHINESE RENMINBI) (TR),24109.25
2024-12-31,S&P China A-Share Dividend Opportunities Index (CHINESE RENMINBI) (TR),23797.77
2025-01-02,S&P China A-Share Dividend Opportunities Index (CHINESE RENMINBI) (TR),23341.22
2025-01-03,S&P China A-Share Dividend Opportunities Index (CHINESE RENMINBI) (TR),22974.59
2025-01-06,S&P China A-Share Dividend Opportunities Index (CHINESE RENMINBI) (TR),23057.62
2025-01-07,S&P China A-Share Dividend Opportunities Index (CHINESE RENMINBI) (TR),23073.64
2025-01-08,S&P China A-Share Dividend Opportunities Index (CHINESE RENMINBI) (TR),22991.17
2025-01-09,S&P China A-Share Dividend Opportunities Index (CHINESE RENMINBI) (TR),22770.17
2025-01-10,S&P China A-Share Dividend Opportunities Index (CHINESE RENMINBI) (TR),22306.12
2025-01-13,S&P China A-Share Dividend Opportunities Index (CHINESE RENMINBI) (TR),22228.71
2025-01-14,S&P China A-Share Dividend Opportunities Index (CHINESE RENMINBI) (TR),22757.19
2025-01-15,S&P China A-Share Dividend Opportunities Index (CHINESE RENMINBI) (TR),22772.86
2025-01-16,S&P China A-Share Dividend Opportunities Index (CHINESE RENMINBI) (TR),22971.03
2025-01-17,S&P China A-Share Dividend Opportunities Index (CHINESE RENMINBI) (TR),22981.62
2025-01-20,S&P China A-Share Dividend Opportunities Index (CHINESE RENMINBI) (TR),23010.60
2025-01-21,S&P China A-Share Dividend Opportunities Index (CHINESE RENMINBI) (TR),22897.27
2025-01-22,S&P China A-Share Dividend Opportunities Index (CHINESE RENMINBI) (TR),22618.85
2025-01-23,S&P China A-Share Dividend Opportunities Index (CHINESE RENMINBI) (TR),22805.34
2025-01-24,S&P China A-Share Dividend Opportunities Index (CHINESE RENMINBI) (TR),23038.36
2025-01-27,S&P China A-Share Dividend Opportunities Index (CHINESE RENMINBI) (TR),23146.87
2025-02-05,S&P China A-Share Dividend Opportunities Index (CHINESE RENMINBI) (TR),22869.33
2025-02-06,S&P China A-Share Dividend Opportunities Index (CHINESE RENMINBI) (TR),22978.73
2025-02-07,S&P China A-Share Dividend Opportunities Index (CHINESE RENMINBI) (TR),23151.62
2025-02-10,S&P China A-Share Dividend Opportunities Index (CHINESE RENMINBI) (TR),23158.55
2025-02-11,S&P China A-Share Dividend Opportunities Index (CHINESE RENMINBI) (TR),23344.64
2025-02-12,S&P China A-Share Dividend Opportunities Index (CHINESE RENMINBI) (TR),23333.99
2025-02-13,S&P China A-Share Dividend Opportunities Index (CHINESE RENMINBI) (TR),23264.97
2025-02-14,S&P China A-Share Dividend Opportunities Index (CHINESE RENMINBI) (TR),23270.26
2025-02-17,S&P China A-Share Dividend Opportunities Index (CHINESE RENMINBI) (TR),23206.79
2025-02-18,S&P China A-Share Dividend Opportunities Index (CHINESE RENMINBI) (TR),23014.95
2025-02-19,S&P China A-Share Dividend Opportunities Index (CHINESE RENMINBI) (TR),23056.15
2025-02-20,S&P China A-Share Dividend Opportunities Index (CHINESE RENMINBI) (TR),23115.10
2025-02-21,S&P China A-Share Dividend Opportunities Index (CHINESE RENMINBI) (TR),22979.12
2025-02-24,S&P China A-Share Dividend Opportunities Index (CHINESE RENMINBI) (TR),23012.75
2025-02-25,S&P China A-Share Dividend Opportunities Index (CHINESE RENMINBI) (TR),22814.31
2025-02-26,S&P China A-Share Dividend Opportunities Index (CHINESE RENMINBI) (TR),23054.30
2025-02-27,S&P China A-Share Dividend Opportunities Index (CHINESE RENMINBI) (TR),23231.28
2025-02-28,S&P China A-Share Dividend Opportunities Index (CHINESE RENMINBI) (TR),22958.21
2025-03-03,S&P China A-Share Dividend Opportunities Index (CHINESE RENMINBI) (TR),23002.84
2025-03-04,S&P China A-Share Dividend Opportunities Index (CHINESE RENMINBI) (TR),23007.58
2025-03-05,S&P China A-Share Dividend Opportunities Index (CHINESE RENMINBI) (TR),23093.73
2025-03-06,S&P China A-Share Dividend Opportunities Index (CHINESE RENMINBI) (TR),23203.05
2025-03-07,S&P China A-Share Dividend Opportunities Index (CHINESE RENMINBI) (TR),23199.02
2025-03-10,S&P China A-Share Dividend Opportunities Index (CHINESE RENMINBI) (TR),23232.22
2025-03-11,S&P China A-Share Dividend Opportunities Index (CHINESE RENMINBI) (TR),23392.42
2025-03-12,S&P China A-Share Dividend Opportunities Index (CHINESE RENMINBI) (TR),23456.11
2025-03-13,S&P China A-Share Dividend Opportunities Index (CHINESE RENMINBI) (TR),23626.62
2025-03-14,S&P China A-Share Dividend Opportunities Index (CHINESE RENMINBI) (TR),23830.05
2025-03-17,S&P China A-Share Dividend Opportunities Index (CHINESE RENMINBI) (TR),23872.53
2025-03-18,S&P China A-Share Dividend Opportunities Index (CHINESE RENMINBI) (TR),23925.39
2025-03-19,S&P China A-Share Dividend Opportunities Index (CHINESE RENMINBI) (TR),23985.79
2025-03-20,S&P China A-Share Dividend Opportunities Index (CHINESE RENMINBI) (TR),23967.01
2025-03-21,S&P China A-Share Dividend Opportunities Index (CHINESE RENMINBI) (TR),23826.16
2025-03-24,S&P China A-Share Dividend Opportunities Index (CHINESE RENMINBI) (TR),23899.73
2025-03-25,S&P China A-Share Dividend Opportunities Index (CHINESE RENMINBI) (TR),24032.75
2025-03-26,S&P China A-Share Dividend Opportunities Index (CHINESE RENMINBI) (TR),23953.56
2025-03-27,S&P China A-Share Dividend Opportunities Index (CHINESE RENMINBI) (TR),23994.15
2025-03-28,S&P China A-Share Dividend Opportunities Index (CHINESE RENMINBI) (TR),23834.12
2025-03-31,S&P China A-Share Dividend Opportunities Index (CHINESE RENMINBI) (TR),23679.80
2025-04-01,S&P China A-Share Dividend Opportunities Index (CHINESE RENMINBI) (TR),23837.26
2025-04-02,S&P China A-Share Dividend Opportunities Index (CHINESE RENMINBI) (TR),23978.69
2025-04-03,S&P China A-Share Dividend Opportunities Index (CHINESE RENMINBI) (TR),23920.63
2025-04-07,S&P China A-Share Dividend Opportunities Index (CHINESE RENMINBI) (TR),22191.70
2025-04-08,S&P China A-Share Dividend Opportunities Index (CHINESE RENMINBI) (TR),22560.81
2025-04-09,S&P China A-Share Dividend Opportunities Index (CHINESE RENMINBI) (TR),22667.19
2025-04-10,S&P China A-Share Dividend Opportunities Index (CHINESE RENMINBI) (TR),22955.28
2025-04-11,S&P China A-Share Dividend Opportunities Index (CHINESE RENMINBI) (TR),22877.63
2025-04-14,S&P China A-Share Dividend Opportunities Index (CHINESE RENMINBI) (TR),23107.24
2025-04-15,S&P China A-Share Dividend Opportunities Index (CHINESE RENMINBI) (TR),23207.64
2025-04-16,S&P China A-Share Dividend Opportunities Index (CHINESE RENMINBI) (TR),23267.05
2025-04-17,S&P China A-Share Dividend Opportunities Index (CHINESE RENMINBI) (TR),23282.75
2025-04-18,S&P China A-Share Dividend Opportunities Index (CHINESE RENMINBI) (TR),23284.88
2025-04-21,S&P China A-Share Dividend Opportunities Index (CHINESE RENMINBI) (TR),23328.94
2025-04-22,S&P China A-Share Dividend Opportunities Index (CHINESE RENMINBI) (TR),23461.21
2025-04-23,S&P China A-Share Dividend Opportunities Index (CHINESE RENMINBI) (TR),23314.20
2025-04-24,S&P China A-Share Dividend Opportunities Index (CHINESE RENMINBI) (TR),23413.54
2025-04-25,S&P China A-Share Dividend Opportunities Index (CHINESE RENMINBI) (TR),23384.38
2025-04-28,S&P China A-Share Dividend Opportunities Index (CHINESE RENMINBI) (TR),23342.06
2025-04-29,S&P China A-Share Dividend Opportunities Index (CHINESE RENMINBI) (TR),23407.74
2025-04-30,S&P China A-Share Dividend Opportunities Index (CHINESE RENMINBI) (TR),23126.03
2025-05-06,S&P China A-Share Dividend Opportunities Index (CHINESE RENMINBI) (TR),23325.36
2025-05-07,S&P China A-Share Dividend Opportunities Index (CHINESE RENMINBI) (TR),23487.19
2025-05-08,S&P China A-Share Dividend Opportunities Index (CHINESE RENMINBI) (TR),23553.73
2025-05-09,S&P China A-Share Dividend Opportunities Index (CHINESE RENMINBI) (TR),23675.50
2025-05-12,S&P China A-Share Dividend Opportunities Index (CHINESE RENMINBI) (TR),23726.10
2025-05-13,S&P China A-Share Dividend Opportunities Index (CHINESE RENMINBI) (TR),23949.13
2025-05-14,S&P China A-Share Dividend Opportunities Index (CHINESE RENMINBI) (TR),24103.12
2025-05-15,S&P China A-Share Dividend Opportunities Index (CHINESE RENMINBI) (TR),23993.03
2025-05-16,S&P China A-Share Dividend Opportunities Index (CHINESE RENMINBI) (TR),23972.25
2025-05-19,S&P China A-Share Dividend Opportunities Index (CHINESE RENMINBI) (TR),24066.84
2025-05-20,S&P China A-Share Dividend Opportunities Index (CHINESE RENMINBI) (TR),24260.52
2025-05-21,S&P China A-Share Dividend Opportunities Index (CHINESE RENMINBI) (TR),24463.35
2025-05-22,S&P China A-Share Dividend Opportunities Index (CHINESE RENMINBI) (TR),24352.57
2025-05-23,S&P China A-Share Dividend Opportunities Index (CHINESE RENMINBI) (TR),24159.53
2025-05-26,S&P China A-Share Dividend Opportunities Index (CHINESE RENMINBI) (TR),24161.89
2025-05-27,S&P China A-Share Dividend Opportunities Index (CHINESE RENMINBI) (TR),24220.17
2025-05-28,S&P China A-Share Dividend Opportunities Index (CHINESE RENMINBI) (TR),24420.50
2025-05-29,S&P China A-Share Dividend Opportunities Index (CHINESE RENMINBI) (TR),24440.55
2025-05-30,S&P China A-Share Dividend Opportunities Index (CHINESE RENMINBI) (TR),24475.47
2025-06-03,S&P China A-Share Dividend Opportunities Index (CHINESE RENMINBI) (TR),24775.32
2025-06-04,S&P China A-Share Dividend Opportunities Index (CHINESE RENMINBI) (TR),25052.70
2025-06-05,S&P China A-Share Dividend Opportunities Index (CHINESE RENMINBI) (TR),24817.72
2025-06-06,S&P China A-Share Dividend Opportunities Index (CHINESE RENMINBI) (TR),24755.16
2025-06-09,S&P China A-Share Dividend Opportunities Index (CHINESE RENMINBI) (TR),24878.89
2025-06-10,S&P China A-Share Dividend Opportunities Index (CHINESE RENMINBI) (TR),24898.52
2025-06-11,S&P China A-Share Dividend Opportunities Index (CHINESE RENMINBI) (TR),24974.41
2025-06-12,S&P China A-Share Dividend Opportunities Index (CHINESE RENMINBI) (TR),25103.49
2025-06-13,S&P China A-Share Dividend Opportunities Index (CHINESE RENMINBI) (TR),24975.32
2025-06-16,S&P China A-Share Dividend Opportunities Index (CHINESE RENMINBI) (TR),25002.72
2025-06-17,S&P China A-Share Dividend Opportunities Index (CHINESE RENMINBI) (TR),24918.85
2025-06-18,S&P China A-Share Dividend Opportunities Index (CHINESE RENMINBI) (TR),24971.05
2025-06-19,S&P China A-Share Dividend Opportunities Index (CHINESE RENMINBI) (TR),24835.50
2025-06-20,S&P China A-Share Dividend Opportunities Index (CHINESE RENMINBI) (TR),24874.07
2025-06-23,S&P China A-Share Dividend Opportunities Index (CHINESE RENMINBI) (TR),25000.53
2025-06-24,S&P China A-Share Dividend Opportunities Index (CHINESE RENMINBI) (TR),25057.73
2025-06-25,S&P China A-Share Dividend Opportunities Index (CHINESE RENMINBI) (TR),25161.12
2025-06-26,S&P China A-Share Dividend Opportunities Index (CHINESE RENMINBI) (TR),25223.51
2025-06-27,S&P China A-Share Dividend Opportunities Index (CHINESE RENMINBI) (TR),25058.97
2025-06-30,S&P China A-Share Dividend Opportunities Index (CHINESE RENMINBI) (TR),25160.72
2025-07-01,S&P China A-Share Dividend Opportunities Index (CHINESE RENMINBI) (TR),25420.41
2025-07-02,S&P China A-Share Dividend Opportunities Index (CHINESE RENMINBI) (TR),25497.33
2025-07-03,S&P China A-Share Dividend Opportunities Index (CHINESE RENMINBI) (TR),25525.96
2025-07-04,S&P China A-Share Dividend Opportunities Index (CHINESE RENMINBI) (TR),25596.63
2025-07-07,S&P China A-Share Dividend Opportunities Index (CHINESE RENMINBI) (TR),25764.73
2025-07-08,S&P China A-Share Dividend Opportunities Index (CHINESE RENMINBI) (TR),25825.19
2025-07-09,S&P China A-Share Dividend Opportunities Index (CHINESE RENMINBI) (TR),25913.36
2025-07-10,S&P China A-Share Dividend Opportunities Index (CHINESE RENMINBI) (TR),26052.31
2025-07-11,S&P China A-Share Dividend Opportunities Index (CHINESE RENMINBI) (TR),25887.98
2025-07-14,S&P China A-Share Dividend Opportunities Index (CHINESE RENMINBI) (TR),26025.46
2025-07-15,S&P China A-Share Dividend Opportunities Index (CHINESE RENMINBI) (TR),25724.05
2025-07-16,S&P China A-Share Dividend Opportunities Index (CHINESE RENMINBI) (TR),25705.80
2025-07-17,S&P China A-Share Dividend Opportunities Index (CHINESE RENMINBI) (TR),25683.86
2025-07-18,S&P China A-Share Dividend Opportunities Index (CHINESE RENMINBI) (TR),25797.27
2025-07-21,S&P China A-Share Dividend Opportunities Index (CHINESE RENMINBI) (TR),26012.52
2025-07-22,S&P China A-Share Dividend Opportunities Index (CHINESE RENMINBI) (TR),26283.09
2025-07-23,S&P China A-Share Dividend Opportunities Index (CHINESE RENMINBI) (TR),26224.01
2025-07-24,S&P China A-Share Dividend Opportunities Index (CHINESE RENMINBI) (TR),26263.35
2025-07-25,S&P China A-Share Dividend Opportunities Index (CHINESE RENMINBI) (TR),26152.64
2025-07-28,S&P China A-Share Dividend Opportunities Index (CHINESE RENMINBI) (TR),25991.85
2025-07-29,S&P China A-Share Dividend Opportunities Index (CHINESE RENMINBI) (TR),25915.65
2025-07-30,S&P China A-Share Dividend Opportunities Index (CHINESE RENMINBI) (TR),26028.85
2025-07-31,S&P China A-Share Dividend Opportunities Index (CHINESE RENMINBI) (TR),25625.21
2025-08-01,S&P China A-Share Dividend Opportunities Index (CHINESE RENMINBI) (TR),25767.09
2025-08-04,S&P China A-Share Dividend Opportunities Index (CHINESE RENMINBI) (TR),25918.13
2025-08-05,S&P China A-Share Dividend Opportunities Index (CHINESE RENMINBI) (TR),26104.87
2025-08-06,S&P China A-Share Dividend Opportunities Index (CHINESE RENMINBI) (TR),26171.19
2025-08-07,S&P China A-Share Dividend Opportunities Index (CHINESE RENMINBI) (TR),26165.60
2025-08-08,S&P China A-Share Dividend Opportunities Index (CHINESE RENMINBI) (TR),26279.76
2025-08-11,S&P China A-Share Dividend Opportunities Index (CHINESE RENMINBI) (TR),26291.76
2025-08-12,S&P China A-Share Dividend Opportunities Index (CHINESE RENMINBI) (TR),26419.73
2025-08-13,S&P China A-Share Dividend Opportunities Index (CHINESE RENMINBI) (TR),26443.67
2025-08-14,S&P China A-Share Dividend Opportunities Index (CHINESE RENMINBI) (TR),26198.28
2025-08-15,S&P China A-Share Dividend Opportunities Index (CHINESE RENMINBI) (TR),26396.54
2025-08-18,S&P China A-Share Dividend Opportunities Index (CHINESE RENMINBI) (TR),26400.44
2025-08-19,S&P China A-Share Dividend Opportunities Index (CHINESE RENMINBI) (TR),26407.55
2025-08-20,S&P China A-Share Dividend Opportunities Index (CHINESE RENMINBI) (TR),26678.45
2025-08-21,S&P China A-Share Dividend Opportunities Index (CHINESE RENMINBI) (TR),26794.63
2025-08-22,S&P China A-Share Dividend Opportunities Index (CHINESE RENMINBI) (TR),26748.69
2025-08-25,S&P China A-Share Dividend Opportunities Index (CHINESE RENMINBI) (TR),26946.87
2025-08-26,S&P China A-Share Dividend Opportunities Index (CHINESE RENMINBI) (TR),27025.48
2025-08-27,S&P China A-Share Dividend Opportunities Index (CHINESE RENMINBI) (TR),26456.77
2025-08-28,S&P China A-Share Dividend Opportunities Index (CHINESE RENMINBI) (TR),26454.04
2025-08-29,S&P China A-Share Dividend Opportunities Index (CHINESE RENMINBI) (TR),26424.05
2025-09-01,S&P China A-Share Dividend Opportunities Index (CHINESE RENMINBI) (TR),26436.51
2025-09-02,S&P China A-Share Dividend Opportunities Index (CHINESE RENMINBI) (TR),26447.26
2025-09-03,S&P China A-Share Dividend Opportunities Index (CHINESE RENMINBI) (TR),26219.90
2025-09-04,S&P China A-Share Dividend Opportunities Index (CHINESE RENMINBI) (TR),26238.97
2025-09-05,S&P China A-Share Dividend Opportunities Index (CHINESE RENMINBI) (TR),26521.71
2025-09-08,S&P China A-Share Dividend Opportunities Index (CHINESE RENMINBI) (TR),26782.19
2025-09-09,S&P China A-Share Dividend Opportunities Index (CHINESE RENMINBI) (TR),26849.40
2025-09-10,S&P China A-Share Dividend Opportunities Index (CHINESE RENMINBI) (TR),26765.05
2025-09-11,S&P China A-Share Dividend Opportunities Index (CHINESE RENMINBI) (TR),26953.30
2025-09-12,S&P China A-Share Dividend Opportunities Index (CHINESE RENMINBI) (TR),26811.24
2025-09-15,S&P China A-Share Dividend Opportunities Index (CHINESE RENMINBI) (TR),26680.36
2025-09-16,S&P China A-Share Dividend Opportunities Index (CHINESE RENMINBI) (TR),26665.45
2025-09-17,S&P China A-Share Dividend Opportunities Index (CHINESE RENMINBI) (TR),26828.82
2025-09-18,S&P China A-Share Dividend Opportunities Index (CHINESE RENMINBI) (TR),26388.47
2025-09-19,S&P China A-Share Dividend Opportunities Index (CHINESE RENMINBI) (TR),26564.82
2025-09-22,S&P China A-Share Dividend Opportunities Index (CHINESE RENMINBI) (TR),26298.56
2025-09-23,S&P China A-Share Dividend Opportunities Index (CHINESE RENMINBI) (TR),26300.29
2025-09-24,S&P China A-Share Dividend Opportunities Index (CHINESE RENMINBI) (TR),26553.95
2025-09-25,S&P China A-Share Dividend Opportunities Index (CHINESE RENMINBI) (TR),26332.45
2025-09-26,S&P China A-Share Dividend Opportunities Index (CHINESE RENMINBI) (TR),26277.83
2025-09-29,S&P China A-Share Dividend Opportunities Index (CHINESE RENMINBI) (TR),26414.59
2025-09-30,S&P China A-Share Dividend Opportunities Index (CHINESE RENMINBI) (TR),26409.26
2025-10-09,S&P China A-Share Dividend Opportunities Index (CHINESE RENMINBI) (TR),26702.39
2025-10-10,S&P China A-Share Dividend Opportunities Index (CHINESE RENMINBI) (TR),26922.36
2025-10-13,S&P China A-Share Dividend Opportunities Index (CHINESE RENMINBI) (TR),26804.61
2025-10-14,S&P China A-Share Dividend Opportunities Index (CHINESE RENMINBI) (TR),26936.85
2025-10-15,S&P China A-Share Dividend Opportunities Index (CHINESE RENMINBI) (TR),27199.99
2025-10-16,S&P China A-Share Dividend Opportunities Index (CHINESE RENMINBI) (TR),27173.80
2025-10-17,S&P China A-Share Dividend Opportunities Index (CHINESE RENMINBI) (TR),26882.30
2025-10-20,S&P China A-Share Dividend Opportunities Index (CHINESE RENMINBI) (TR),27015.90
2025-10-21,S&P China A-Share Dividend Opportunities Index (CHINESE RENMINBI) (TR),27230.37
2025-10-22,S&P China A-Share Dividend Opportunities Index (CHINESE RENMINBI) (TR),27287.49
2025-10-23,S&P China A-Share Dividend Opportunities Index (CHINESE RENMINBI) (TR),27463.73
2025-10-24,S&P China A-Share Dividend Opportunities Index (CHINESE RENMINBI) (TR),27343.30
2025-10-27,S&P China A-Share Dividend Opportunities Index (CHINESE RENMINBI) (TR),27440.37
2025-10-28,S&P China A-Share Dividend Opportunities Index (CHINESE RENMINBI) (TR),27327.98
2025-10-29,S&P China A-Share Dividend Opportunities Index (CHINESE RENMINBI) (TR),27402.67
2025-10-30,S&P China A-Share Dividend Opportunities Index (CHINESE RENMINBI) (TR),27326.94
2025-10-31,S&P China A-Share Dividend Opportunities Index (CHINESE RENMINBI) (TR),27448.56
2025-11-03,S&P China A-Share Dividend Opportunities Index (CHINESE RENMINBI) (TR),27646.59
2025-11-04,S&P China A-Share Dividend Opportunities Index (CHINESE RENMINBI) (TR),27628.85
2025-11-05,S&P China A-Share Dividend Opportunities Index (CHINESE RENMINBI) (TR),27784.10
2025-11-06,S&P China A-Share Dividend Opportunities Index (CHINESE RENMINBI) (TR),28079.65
2025-11-07,S&P China A-Share Dividend Opportunities Index (CHINESE RENMINBI) (TR),28248.55
2025-11-10,S&P China A-Share Dividend Opportunities Index (CHINESE RENMINBI) (TR),28560.55
2025-11-11,S&P China A-Share Dividend Opportunities Index (CHINESE RENMINBI) (TR),28607.18
2025-11-12,S&P China A-Share Dividend Opportunities Index (CHINESE RENMINBI) (TR),28666.42
2025-11-13,S&P China A-Share Dividend Opportunities Index (CHINESE RENMINBI) (TR),28839.26
2025-11-14,S&P China A-Share Dividend Opportunities Index (CHINESE RENMINBI) (TR),28718.45
2025-11-17,S&P China A-Share Dividend Opportunities Index (CHINESE RENMINBI) (TR),28582.68
2025-11-18,S&P China A-Share Dividend Opportunities Index (CHINESE RENMINBI) (TR),28256.33
2025-11-19,S&P China A-Share Dividend Opportunities Index (CHINESE RENMINBI) (TR),28145.48
2025-11-20,S&P China A-Share Dividend Opportunities Index (CHINESE RENMINBI) (TR),28050.78
2025-11-21,S&P China A-Share Dividend Opportunities Index (CHINESE RENMINBI) (TR),27418.37
2025-11-24,S&P China A-Share Dividend Opportunities Index (CHINESE RENMINBI) (TR),27508.32
2025-11-25,S&P China A-Share Dividend Opportunities Index (CHINESE RENMINBI) (TR),27723.56
2025-11-26,S&P China A-Share Dividend Opportunities Index (CHINESE RENMINBI) (TR),27674.42
2025-11-27,S&P China A-Share Dividend Opportunities Index (CHINESE RENMINBI) (TR),27807.96
2025-11-28,S&P China A-Share Dividend Opportunities Index (CHINESE RENMINBI) (TR),27864.59
2025-12-01,S&P China A-Share Dividend Opportunities Index (CHINESE RENMINBI) (TR),28121.79
2025-12-02,S&P China A-Share Dividend Opportunities Index (CHINESE RENMINBI) (TR),28127.76
2025-12-03,S&P China A-Share Dividend Opportunities Index (CHINESE RENMINBI) (TR),28123.81
2025-12-04,S&P China A-Share Dividend Opportunities Index (CHINESE RENMINBI) (TR),27967.68
2025-12-05,S&P China A-Share Dividend Opportunities Index (CHINESE RENMINBI) (TR),28155.27
2025-12-08,S&P China A-Share Dividend Opportunities Index (CHINESE RENMINBI) (TR),27980.25
2025-12-09,S&P China A-Share Dividend Opportunities Index (CHINESE RENMINBI) (TR),27718.02
2025-12-10,S&P China A-Share Dividend Opportunities Index (CHINESE RENMINBI) (TR),27825.61
2025-12-11,S&P China A-Share Dividend Opportunities Index (CHINESE RENMINBI) (TR),27686.76
2025-12-12,S&P China A-Share Dividend Opportunities Index (CHINESE RENMINBI) (TR),27759.66
2025-12-15,S&P China A-Share Dividend Opportunities Index (CHINESE RENMINBI) (TR),27811.00
2025-12-16,S&P China A-Share Dividend Opportunities Index (CHINESE RENMINBI) (TR),27569.48
2025-12-17,S&P China A-Share Dividend Opportunities Index (CHINESE RENMINBI) (TR),27759.42
2025-12-18,S&P China A-Share Dividend Opportunities Index (CHINESE RENMINBI) (TR),27894.42
2025-12-19,S&P China A-Share Dividend Opportunities Index (CHINESE RENMINBI) (TR),28069.30
2025-12-22,S&P China A-Share Dividend Opportunities Index (CHINESE RENMINBI) (TR),27978.71
2025-12-23,S&P China A-Share Dividend Opportunities Index (CHINESE RENMINBI) (TR),28003.42
2025-12-24,S&P China A-Share Dividend Opportunities Index (CHINESE RENMINBI) (TR),28195.24
2025-12-25,S&P China A-Share Dividend Opportunities Index (CHINESE RENMINBI) (TR),28302.74
2025-12-26,S&P China A-Share Dividend Opportunities Index (CHINESE RENMINBI) (TR),28335.87
2025-12-29,S&P China A-Share Dividend Opportunities Index (CHINESE RENMINBI) (TR),28249.58
2025-12-30,S&P China A-Share Dividend Opportunities Index (CHINESE RENMINBI) (TR),28291.71
2025-12-31,S&P China A-Share Dividend Opportunities Index (CHINESE RENMINBI) (TR),28306.30
2026-01-05,S&P China A-Share Dividend Opportunities Index (CHINESE RENMINBI) (TR),28562.57
2026-01-06,S&P China A-Share Dividend Opportunities Index (CHINESE RENMINBI) (TR),28904.10
2026-01-07,S&P China A-Share Dividend Opportunities Index (CHINESE RENMINBI) (TR),28730.12
2026-01-08,S&P China A-Share Dividend Opportunities Index (CHINESE RENMINBI) (TR),28793.40
2026-01-09,S&P China A-Share Dividend Opportunities Index (CHINESE RENMINBI) (TR),28846.59
2026-01-12,S&P China A-Share Dividend Opportunities Index (CHINESE RENMINBI) (TR),29031.98
2026-01-13,S&P China A-Share Dividend Opportunities Index (CHINESE RENMINBI) (TR),28971.42
2026-01-14,S&P China A-Share Dividend Opportunities Index (CHINESE RENMINBI) (TR),28866.84
2026-01-15,S&P China A-Share Dividend Opportunities Index (CHINESE RENMINBI) (TR),28991.69
2026-01-16,S&P China A-Share Dividend Opportunities Index (CHINESE RENMINBI) (TR),28925.83
2026-01-19,S&P China A-Share Dividend Opportunities Index (CHINESE RENMINBI) (TR),29314.09
2026-01-20,S&P China A-Share Dividend Opportunities Index (CHINESE RENMINBI) (TR),29530.44
2026-01-21,S&P China A-Share Dividend Opportunities Index (CHINESE RENMINBI) (TR),29510.09
2026-01-22,S&P China A-Share Dividend Opportunities Index (CHINESE RENMINBI) (TR),29756.22
2026-01-23,S&P China A-Share Dividend Opportunities Index (CHINESE RENMINBI) (TR),30000.19
2026-01-26,S&P China A-Share Dividend Opportunities Index (CHINESE RENMINBI) (TR),30141.87
2026-01-27,S&P China A-Share Dividend Opportunities Index (CHINESE RENMINBI) (TR),30114.45
2026-01-28,S&P China A-Share Dividend Opportunities Index (CHINESE RENMINBI) (TR),30320.28
2026-01-29,S&P China A-Share Dividend Opportunities Index (CHINESE RENMINBI) (TR),30507.53
2026-01-30,S&P China A-Share Dividend Opportunities Index (CHINESE RENMINBI) (TR),30345.12
2026-02-02,S&P China A-Share Dividend Opportunities Index (CHINESE RENMINBI) (TR),29845.71
2026-02-03,S&P China A-Share Dividend Opportunities Index (CHINESE RENMINBI) (TR),30010.83
2026-02-04,S&P China A-Share Dividend Opportunities Index (CHINESE RENMINBI) (TR),30462.80
2026-02-05,S&P China A-Share Dividend Opportunities Index (CHINESE RENMINBI) (TR),30681.36
2026-02-06,S&P China A-Share Dividend Opportunities Index (CHINESE RENMINBI) (TR),30579.90
2026-02-09,S&P China A-Share Dividend Opportunities Index (CHINESE RENMINBI) (TR),30745.85
2026-02-10,S&P China A-Share Dividend Opportunities Index (CHINESE RENMINBI) (TR),30752.10
2026-02-11,S&P China A-Share Dividend Opportunities Index (CHINESE RENMINBI) (TR),30792.08
2026-02-12,S&P China A-Share Dividend Opportunities Index (CHINESE RENMINBI) (TR),30543.99
2026-02-13,S&P China A-Share Dividend Opportunities Index (CHINESE RENMINBI) (TR),30239.04
2026-02-24,S&P China A-Share Dividend Opportunities Index (CHINESE RENMINBI) (TR),30450.25
2026-02-25,S&P China A-Share Dividend Opportunities Index (CHINESE RENMINBI) (TR),30519.86
2026-02-26,S&P China A-Share Dividend Opportunities Index (CHINESE RENMINBI) (TR),30483.21
2026-02-27,S&P China A-Share Dividend Opportunities Index (CHINESE RENMINBI) (TR),30604.56
2026-03-02,S&P China A-Share Dividend Opportunities Index (CHINESE RENMINBI) (TR),30557.32
2026-03-03,S&P China A-Share Dividend Opportunities Index (CHINESE RENMINBI) (TR),30329.62
2026-03-04,S&P China A-Share Dividend Opportunities Index (CHINESE RENMINBI) (TR),29866.43
2026-03-05,S&P China A-Share Dividend Opportunities Index (CHINESE RENMINBI) (TR),30013.74
2026-03-06,S&P China A-Share Dividend Opportunities Index (CHINESE RENMINBI) (TR),30336.85
2026-03-09,S&P China A-Share Dividend Opportunities Index (CHINESE RENMINBI) (TR),30137.25
2026-03-10,S&P China A-Share Dividend Opportunities Index (CHINESE RENMINBI) (TR),30284.38
2026-03-11,S&P China A-Share Dividend Opportunities Index (CHINESE RENMINBI) (TR),30549.79
2026-03-12,S&P China A-Share Dividend Opportunities Index (CHINESE RENMINBI) (TR),30562.90
2026-03-13,S&P China A-Share Dividend Opportunities Index (CHINESE RENMINBI) (TR),30621.22
2026-03-16,S&P China A-Share Dividend Opportunities Index (CHINESE RENMINBI) (TR),30637.92
2026-03-17,S&P China A-Share Dividend Opportunities Index (CHINESE RENMINBI) (TR),30627.54
2026-03-18,S&P China A-Share Dividend Opportunities Index (CHINESE RENMINBI) (TR),30547.95
2026-03-19,S&P China A-Share Dividend Opportunities Index (CHINESE RENMINBI) (TR),30201.14
2026-03-20,S&P China A-Share Dividend Opportunities Index (CHINESE RENMINBI) (TR),29959.64
2026-03-23,S&P China A-Share Dividend Opportunities Index (CHINESE RENMINBI) (TR),28717.34
2026-03-24,S&P China A-Share Dividend Opportunities Index (CHINESE RENMINBI) (TR),29477.24
2026-03-25,S&P China A-Share Dividend Opportunities Index (CHINESE RENMINBI) (TR),29863.97
2026-03-26,S&P China A-Share Dividend Opportunities Index (CHINESE RENMINBI) (TR),29747.46
2026-03-27,S&P China A-Share Dividend Opportunities Index (CHINESE RENMINBI) (TR),29730.40
2026-03-30,S&P China A-Share Dividend Opportunities Index (CHINESE RENMINBI) (TR),29979.10
2026-03-31,S&P China A-Share Dividend Opportunities Index (CHINESE RENMINBI) (TR),30025.48
2026-04-01,S&P China A-Share Dividend Opportunities Index (CHINESE RENMINBI) (TR),30218.42
2026-04-02,S&P China A-Share Dividend Opportunities Index (CHINESE RENMINBI) (TR),30201.75
2026-04-03,S&P China A-Share Dividend Opportunities Index (CHINESE RENMINBI) (TR),29671.02
2026-04-07,S&P China A-Share Dividend Opportunities Index (CHINESE RENMINBI) (TR),29663.61
2026-04-08,S&P China A-Share Dividend Opportunities Index (CHINESE RENMINBI) (TR),30247.52
2026-04-09,S&P China A-Share Dividend Opportunities Index (CHINESE RENMINBI) (TR),29957.16
2026-04-10,S&P China A-Share Dividend Opportunities Index (CHINESE RENMINBI) (TR),30082.28
2026-04-13,S&P China A-Share Dividend Opportunities Index (CHINESE RENMINBI) (TR),29842.65
2026-04-14,S&P China A-Share Dividend Opportunities Index (CHINESE RENMINBI) (TR),29952.24
2026-04-15,S&P China A-Share Dividend Opportunities Index (CHINESE RENMINBI) (TR),30180.59
2026-04-16,S&P China A-Share Dividend Opportunities Index (CHINESE RENMINBI) (TR),30311.33
2026-04-17,S&P China A-Share Dividend Opportunities Index (CHINESE RENMINBI) (TR),30169.35
2026-04-20,S&P China A-Share Dividend Opportunities Index (CHINESE RENMINBI) (TR),30278.05
2026-04-21,S&P China A-Share Dividend Opportunities Index (CHINESE RENMINBI) (TR),30472.50
2026-04-22,S&P China A-Share Dividend Opportunities Index (CHINESE RENMINBI) (TR),30387.72
2026-04-23,S&P China A-Share Dividend Opportunities Index (CHINESE RENMINBI) (TR),30474.78
2026-04-24,S&P China A-Share Dividend Opportunities Index (CHINESE RENMINBI) (TR),30377.09
2026-04-27,S&P China A-Share Dividend Opportunities Index (CHINESE RENMINBI) (TR),30204.91
2026-04-28,S&P China A-Share Dividend Opportunities Index (CHINESE RENMINBI) (TR),30252.68
2026-04-29,S&P China A-Share Dividend Opportunities Index (CHINESE RENMINBI) (TR),30346.74
2026-04-30,S&P China A-Share Dividend Opportunities Index (CHINESE RENMINBI) (TR),30073.94
2026-05-06,S&P China A-Share Dividend Opportunities Index (CHINESE RENMINBI) (TR),30079.91
2026-05-07,S&P China A-Share Dividend Opportunities Index (CHINESE RENMINBI) (TR),30043.10
2026-05-08,S&P China A-Share Dividend Opportunities Index (CHINESE RENMINBI) (TR),30058.25
2026-05-11,S&P China A-Share Dividend Opportunities Index (CHINESE RENMINBI) (TR),30143.08
2026-05-12,S&P China A-Share Dividend Opportunities Index (CHINESE RENMINBI) (TR),30059.33
2026-05-13,S&P China A-Share Dividend Opportunities Index (CHINESE RENMINBI) (TR),30058.54
2026-05-14,S&P China A-Share Dividend Opportunities Index (CHINESE RENMINBI) (TR),29835.98
2026-05-15,S&P China A-Share Dividend Opportunities Index (CHINESE RENMINBI) (TR),29637.17
2026-05-18,S&P China A-Share Dividend Opportunities Index (CHINESE RENMINBI) (TR),29327.57
2026-05-19,S&P China A-Share Dividend Opportunities Index (CHINESE RENMINBI) (TR),29589.60
2026-05-20,S&P China A-Share Dividend Opportunities Index (CHINESE RENMINBI) (TR),29306.17
2026-05-21,S&P China A-Share Dividend Opportunities Index (CHINESE RENMINBI) (TR),28960.24
2026-05-22,S&P China A-Share Dividend Opportunities Index (CHINESE RENMINBI) (TR),28875.71
2026-05-25,S&P China A-Share Dividend Opportunities Index (CHINESE RENMINBI) (TR),28882.34
2026-05-26,S&P China A-Share Dividend Opportunities Index (CHINESE RENMINBI) (TR),28906.31
2026-05-27,S&P China A-Share Dividend Opportunities Index (CHINESE RENMINBI) (TR),28644.49
2026-05-28,S&P China A-Share Dividend Opportunities Index (CHINESE RENMINBI) (TR),28429.23
2026-05-29,S&P China A-Share Dividend Opportunities Index (CHINESE RENMINBI) (TR),28865.39
2026-06-01,S&P China A-Share Dividend Opportunities Index (CHINESE RENMINBI) (TR),29318.01
2026-06-02,S&P China A-Share Dividend Opportunities Index (CHINESE RENMINBI) (TR),29206.03
2026-06-03,S&P China A-Share Dividend Opportunities Index (CHINESE RENMINBI) (TR),28898.65
2026-06-04,S&P China A-Share Dividend Opportunities Index (CHINESE RENMINBI) (TR),28466.12
2026-06-05,S&P China A-Share Dividend Opportunities Index (CHINESE RENMINBI) (TR),28525.39
2026-06-08,S&P China A-Share Dividend Opportunities Index (CHINESE RENMINBI) (TR),28228.07
2026-06-09,S&P China A-Share Dividend Opportunities Index (CHINESE RENMINBI) (TR),28225.17
2026-06-10,S&P China A-Share Dividend Opportunities Index (CHINESE RENMINBI) (TR),28313.41
2026-06-11,S&P China A-Share Dividend Opportunities Index (CHINESE RENMINBI) (TR),28139.98
2026-06-12,S&P China A-Share Dividend Opportunities Index (CHINESE RENMINBI) (TR),28393.66
2026-06-15,S&P China A-Share Dividend Opportunities Index (CHINESE RENMINBI) (TR),28388.42
2026-06-16,S&P China A-Share Dividend Opportunities Index (CHINESE RENMINBI) (TR),28031.96
2026-06-17,S&P China A-Share Dividend Opportunities Index (CHINESE RENMINBI) (TR),27828.04
2026-06-18,S&P China A-Share Dividend Opportunities Index (CHINESE RENMINBI) (TR),27269.98
2026-06-22,S&P China A-Share Dividend Opportunities Index (CHINESE RENMINBI) (TR),27330.86
2026-06-23,S&P China A-Share Dividend Opportunities Index (CHINESE RENMINBI) (TR),27375.86
2026-06-24,S&P China A-Share Dividend Opportunities Index (CHINESE RENMINBI) (TR),26918.62
2026-06-25,S&P China A-Share Dividend Opportunities Index (CHINESE RENMINBI) (TR),26634.00
2026-06-26,S&P China A-Share Dividend Opportunities Index (CHINESE RENMINBI) (TR),26279.00
2026-06-29,S&P China A-Share Dividend Opportunities Index (CHINESE RENMINBI) (TR),26587.83
2026-06-30,S&P China A-Share Dividend Opportunities Index (CHINESE RENMINBI) (TR),26172.04
2026-07-01,S&P China A-Share Dividend Opportunities Index (CHINESE RENMINBI) (TR),26602.83
2026-07-02,S&P China A-Share Dividend Opportunities Index (CHINESE RENMINBI) (TR),26809.24
2026-07-03,S&P China A-Share Dividend Opportunities Index (CHINESE RENMINBI) (TR),27031.41
2026-07-06,S&P China A-Share Dividend Opportunities Index (CHINESE RENMINBI) (TR),27416.17
2026-07-07,S&P China A-Share Dividend Opportunities Index (CHINESE RENMINBI) (TR),26968.68
2026-07-08,S&P China A-Share Dividend Opportunities Index (CHINESE RENMINBI) (TR),27054.72
2026-07-09,S&P China A-Share Dividend Opportunities Index (CHINESE RENMINBI) (TR),26771.59
2026-07-10,S&P China A-Share Dividend Opportunities Index (CHINESE RENMINBI) (TR),26960.64
2026-07-13,S&P China A-Share Dividend Opportunities Index (CHINESE RENMINBI) (TR),27091.93
2026-07-14,S&P China A-Share Dividend Opportunities Index (CHINESE RENMINBI) (TR),27385.38
2026-07-15,S&P China A-Share Dividend Opportunities Index (CHINESE RENMINBI) (TR),27847.69
2026-07-16,S&P China A-Share Dividend Opportunities Index (CHINESE RENMINBI) (TR),27828.51
2026-07-17,S&P China A-Share Dividend Opportunities Index (CHINESE RENMINBI) (TR),27589.36
2026-07-20,S&P China A-Share Dividend Opportunities Index (CHINESE RENMINBI) (TR),28091.44
2026-07-21,S&P China A-Share Dividend Opportunities Index (CHINESE RENMINBI) (TR),27887.07
2026-07-22,S&P China A-Share Dividend Opportunities Index (CHINESE RENMINBI) (TR),27912.64
2026-07-23,S&P China A-Share Dividend Opportunities Index (CHINESE RENMINBI) (TR),28132.52
2026-07-24,S&P China A-Share Dividend Opportunities Index (CHINESE RENMINBI) (TR),27769.29
2026-07-27,S&P China A-Share Dividend Opportunities Index (CHINESE RENMINBI) (TR),28039.71
2026-07-28,S&P China A-Share Dividend Opportunities Index (CHINESE RENMINBI) (TR),28229.82
2026-07-29,S&P China A-Share Dividend Opportunities Index (CHINESE RENMINBI) (TR),28690.49
2026-07-30,S&P China A-Share Dividend Opportunities Index (CHINESE RENMINBI) (TR),29109.73
2026-07-31,S&P China A-Share Dividend Opportunities Index (CHINESE RENMINBI) (TR),29089.90
