SECURITY_CODE,SECUCODE,SECURITY_NAME_ABBR,ORG_CODE,TRADE_MARKET,BOARD_CODE,BOARD_NAME,ORIG_BOARD_CODE,TOTAL_MARKET_CAP,NOTLIMITED_MARKETCAP_A,CLOSE_PRICE,CHANGE_RATE,TOTAL_SHARES,FREE_SHARES_A,PE_TTM,PE_LAR,PB_MRQ,PCF_OCF_LAR,PCF_OCF_TTM,PS_TTM,PEG_CAR,TRADE_DATE
300760,300760.SZ,迈瑞医疗,10091420,069001002002,016082,医疗器械,1041,85426625261.82,8544832000.0,70.27,43.995901639344,1215691266,121600000,26.24286001,32.99402063,9.95809504,25.88397816,24.83175835,6.8303463,0.52624474,2018-10-16 00:00:00
300760,300760.SZ,迈瑞医疗,10091420,069001002002,016082,医疗器械,1041,93972934861.8,9399680000.0,77.3,10.004269247189,1215691266,121600000,28.86826639,36.29483129,10.95432967,28.47348103,27.31599431,7.51367254,0.57889168,2018-10-17 00:00:00
300760,300760.SZ,迈瑞医疗,10091420,069001002002,016082,医疗器械,1041,98434521808.02,9845952000.0,80.97,4.747736093144,1215691266,121600000,30.23885549,38.01801409,11.47441234,29.82532677,28.61288563,7.87040188,0.60637593,2018-10-18 00:00:00
300760,300760.SZ,迈瑞医疗,10091420,069001002002,016082,医疗器械,1041,108281621062.62,10830912000.0,89.07,10.003705075954,1215691266,121600000,33.26386141,41.8212241,12.62227871,32.80896449,31.47523432,8.65773367,0.66703599,2018-10-19 00:00:00
300760,300760.SZ,迈瑞医疗,10091420,069001002002,016082,医疗器械,1041,119113430242.68,11914368000.0,97.98,10.00336813742,1215691266,121600000,36.59136792,46.0047551,13.88493171,36.09096599,34.62381789,9.52379864,0.73376206,2018-10-22 00:00:00
300760,300760.SZ,迈瑞医疗,10091420,069001002002,016082,医疗器械,1041,115125962890.2,11515520000.0,94.7,-3.347621963666,1215691266,121600000,35.36642725,44.46468982,13.42011669,34.88277689,33.46474335,9.20497787,0.70919848,2018-10-23 00:00:00
300760,300760.SZ,迈瑞医疗,10091420,069001002002,016082,医疗器械,1041,117982837365.3,11801280000.0,97.05,2.481520591341,1215691266,121600000,36.24405243,45.56809025,13.75313965,35.74840018,34.29517785,9.43340129,0.72679738,2018-10-24 00:00:00
300760,300760.SZ,迈瑞医疗,10091420,069001002002,016082,医疗器械,1041,121058536268.28,12108928000.0,99.58,2.606903657908,1215691266,121600000,37.18889996,46.75600646,14.11167075,36.68032653,35.1892201,9.67932097,0.74574429,2018-10-25 00:00:00
300760,300760.SZ,迈瑞医疗,10091420,069001002002,016082,医疗器械,1041,118165191055.2,11819520000.0,97.2,-2.390038160273,1215691266,121600000,36.30007106,45.63852007,13.77439643,35.80365273,34.34818431,9.44798151,0.72792072,2018-10-26 00:00:00
300760,300760.SZ,迈瑞医疗,10091420,069001002002,016082,医疗器械,1041,118554212260.32,11858432000.0,97.52,0.329218106996,1215691266,121600000,36.41957746,45.78877034,13.81974424,35.92152484,34.46126475,9.47908597,0.73031716,2018-10-29 00:00:00
300760,300760.SZ,迈瑞医疗,10091420,069001002002,016082,医疗器械,1041,118347544745.1,11837760000.0,97.35,-0.174323215751,1215691266,121600000,33.89258959,45.70894988,13.79565322,35.85890528,33.73610502,9.0281788,0.72904405,2018-10-30 00:00:00
300760,300760.SZ,迈瑞医疗,10091420,069001002002,016082,医疗器械,1041,120353435334.0,12038400000.0,99.0,1.694915254237,1215691266,121600000,34.46704026,46.48367784,14.02947785,36.46668334,34.30790341,9.18119878,0.74140073,2018-10-31 00:00:00
300760,300760.SZ,迈瑞医疗,10091420,069001002002,016082,医疗器械,1041,124401687249.78,12443328000.0,102.33,3.363636363636,1215691266,121600000,35.62638616,48.04721974,14.50137847,37.69328996,35.46189652,9.49002092,0.76633875,2018-11-01 00:00:00
300760,300760.SZ,迈瑞医疗,10091420,069001002002,016082,医疗器械,1041,128133859436.4,12816640000.0,105.4,3.000097723053,1215691266,121600000,36.69521256,49.48868328,14.93643399,38.82412549,36.52578807,9.77473082,0.78932967,2018-11-02 00:00:00
300760,300760.SZ,迈瑞医疗,10091420,069001002002,016082,医疗器械,1041,124511099463.72,12454272000.0,102.42,-2.827324478178,1215691266,121600000,35.65771984,48.08947762,14.51413254,37.72644149,35.49308552,9.49836746,0.76701276,2018-11-05 00:00:00
300760,300760.SZ,迈瑞医疗,10091420,069001002002,016082,医疗器械,1041,136959778027.56,13699456000.0,112.66,9.998047256395,1215691266,121600000,39.22279552,52.89748632,15.96526237,41.49834894,39.04170099,10.44801873,0.84369905,2018-11-06 00:00:00
300760,300760.SZ,迈瑞医疗,10091420,069001002002,016082,医疗器械,1041,133726039260.0,13376000000.0,110.0,-2.36108645482,1215691266,121600000,38.2967114,51.64853094,15.58830872,40.51853704,38.11989267,10.20133197,0.82377859,2018-11-07 00:00:00
300760,300760.SZ,迈瑞医疗,10091420,069001002002,016082,医疗器械,1041,132850741548.48,13288448000.0,109.28,-0.654545454545,1215691266,121600000,38.04604202,51.31046783,15.48627616,40.2533248,37.87038065,10.13455962,0.81838658,2018-11-08 00:00:00
300760,300760.SZ,迈瑞医疗,10091420,069001002002,016082,医疗器械,1041,134674278447.48,13470848000.0,110.78,1.37262079063,1215691266,121600000,38.5682699,52.01476598,15.698844,40.8058503,38.39019737,10.27366869,0.82961993,2018-11-09 00:00:00
300760,300760.SZ,迈瑞医疗,10091420,069001002002,016082,医疗器械,1041,136169578704.66,13620416000.0,112.01,1.110308719986,1215691266,121600000,38.99649677,52.59229046,15.87314964,41.25892122,38.81644708,10.38773813,0.83883127,2018-11-12 00:00:00
300760,300760.SZ,迈瑞医疗,10091420,069001002002,016082,医疗器械,1041,133798980735.96,13383296000.0,110.06,-1.740915989644,1215691266,121600000,38.31760052,51.67670286,15.59681144,40.54063806,38.14068534,10.20689634,0.82422792,2018-11-13 00:00:00
300760,300760.SZ,迈瑞医疗,10091420,069001002002,016082,医疗器械,1041,135987225014.76,13602176000.0,111.86,1.635471560967,1215691266,121600000,38.94427398,52.52186064,15.85189285,41.20366867,38.7644654,10.37382722,0.83770794,2018-11-14 00:00:00
300760,300760.SZ,迈瑞医疗,10091420,069001002002,016082,医疗器械,1041,136157421792.0,13619200000.0,112.0,0.125156445557,1215691266,121600000,38.99301525,52.58759514,15.87173252,41.25523772,38.81298163,10.38681074,0.83875638,2018-11-15 00:00:00
300760,300760.SZ,迈瑞医疗,10091420,069001002002,016082,医疗器械,1041,134516238582.9,13455040000.0,110.65,-1.205357142857,1215691266,121600000,38.52301015,51.9537268,15.68042146,40.75796476,38.34514658,10.26161257,0.82864637,2018-11-16 00:00:00
300760,300760.SZ,迈瑞医疗,10091420,069001002002,016082,医疗器械,1041,133908392949.9,13394240000.0,110.15,-0.451875282422,1215691266,121600000,38.34893419,51.71896075,15.60956551,40.57378959,38.17187435,10.21524288,0.82490192,2018-11-19 00:00:00
300760,300760.SZ,迈瑞医疗,10091420,069001002002,016082,医疗器械,1041,130078965462.0,13011200000.0,107.0,-2.859736722651,1215691266,121600000,37.25225564,50.23993464,15.16317303,39.41348603,37.08025924,9.92311383,0.8013119,2018-11-20 00:00:00
300760,300760.SZ,迈瑞医疗,10091420,069001002002,016082,医疗器械,1041,135792714412.2,13582720000.0,111.7,4.392523364486,1215691266,121600000,38.88856967,52.44673551,15.82921895,41.14473261,38.70901829,10.35898892,0.83650971,2018-11-21 00:00:00
300760,300760.SZ,迈瑞医疗,10091420,069001002002,016082,医疗器械,1041,135561733071.66,13559616000.0,111.51,-0.170098478066,1215691266,121600000,38.82242081,52.35752441,15.80229369,41.07474605,38.64317484,10.34136844,0.83508682,2018-11-22 00:00:00
300760,300760.SZ,迈瑞医疗,10091420,069001002002,016082,医疗器械,1041,131659364107.8,13169280000.0,108.3,-2.87866559053,1215691266,121600000,37.70485314,50.85032637,15.3473985,39.89234147,37.53076706,10.04367503,0.81104747,2018-11-23 00:00:00
300760,300760.SZ,迈瑞医疗,10091420,069001002002,016082,医疗器械,1041,133227605840.94,13326144000.0,109.59,1.191135734072,1215691266,121600000,38.15396912,51.45602278,15.53020684,40.3675134,37.97780944,10.16330883,0.82070814,2018-11-26 00:00:00
300760,300760.SZ,迈瑞医疗,10091420,069001002002,016082,医疗器械,1041,129544061304.96,12957696000.0,106.56,-2.764850807555,1215691266,121600000,37.09906879,50.03334052,15.10081979,39.25141188,36.92777967,9.8823085,0.79801679,2018-11-27 00:00:00
300760,300760.SZ,迈瑞医疗,10091420,069001002002,016082,医疗器械,1041,133251919666.26,13328576000.0,109.61,2.862237237237,1215691266,121600000,38.16093215,51.46541342,15.53304108,40.37488041,37.98474033,10.16516362,0.82085792,2018-11-28 00:00:00
300760,300760.SZ,迈瑞医疗,10091420,069001002002,016082,医疗器械,1041,132303680478.78,13233728000.0,108.83,-0.711613903841,1215691266,121600000,37.88937365,51.09917838,15.4225058,40.08756715,37.71443563,10.0928269,0.81501658,2018-11-29 00:00:00
300760,300760.SZ,迈瑞医疗,10091420,069001002002,016082,医疗器械,1041,136765267425.0,13680000000.0,112.5,3.372231921345,1215691266,121600000,39.16709121,52.82236119,15.94258847,41.43941288,38.98625387,10.43318043,0.84250083,2018-11-30 00:00:00
300760,300760.SZ,迈瑞医疗,10091420,069001002002,016082,医疗器械,1041,145275106287.0,14531200000.0,119.5,6.222222222222,1215691266,121600000,41.60415466,56.10908588,16.93457175,44.01786524,41.41206522,11.0823561,0.8949231,2018-12-03 00:00:00
300760,300760.SZ,迈瑞医疗,10091420,069001002002,016082,医疗器械,1041,144740202129.96,14477696000.0,119.06,-0.36820083682,1215691266,121600000,41.45096782,55.90249176,16.87221851,43.85579109,41.25958565,11.04155077,0.89162799,2018-12-04 00:00:00
300760,300760.SZ,迈瑞医疗,10091420,069001002002,016082,医疗器械,1041,146709621980.88,14674688000.0,120.68,1.360658491517,1215691266,121600000,42.01497393,56.66313376,17.10179179,44.45251864,41.82098771,11.19178857,0.90376,2018-12-05 00:00:00
300760,300760.SZ,迈瑞医疗,10091420,069001002002,016082,医疗器械,1041,140205673707.78,14024128000.0,115.33,-4.433211799801,1215691266,121600000,40.15236115,54.15113703,16.34363314,42.48184434,39.96697475,10.69563288,0.86369441,2018-12-06 00:00:00
300760,300760.SZ,迈瑞医疗,10091420,069001002002,016082,医疗器械,1041,138759001101.24,13879424000.0,114.14,-1.031821728952,1215691266,121600000,39.73806036,53.59239383,16.17499598,42.04350744,39.55458682,10.58527301,0.85478262,2018-12-07 00:00:00
300760,300760.SZ,迈瑞医疗,10091420,069001002002,016082,医疗器械,1041,139950378541.92,13998592000.0,115.12,0.858594708253,1215691266,121600000,40.07924924,54.05253529,16.31387364,42.40449077,39.89420041,10.67615761,0.86212174,2018-12-10 00:00:00
300760,300760.SZ,迈瑞医疗,10091420,069001002002,016082,医疗器械,1041,137810761913.76,13784576000.0,113.36,-1.528839471855,1215691266,121600000,39.46650186,53.22615879,16.0644607,41.75619417,39.28428212,10.5129363,0.84894128,2018-12-11 00:00:00
300760,300760.SZ,迈瑞医疗,10091420,069001002002,016082,医疗器械,1041,138503705935.38,13853888000.0,113.93,0.502822865208,1215691266,121600000,39.66494846,53.49379209,16.14523648,41.96615387,39.48181248,10.56579774,0.85320995,2018-12-12 00:00:00
300760,300760.SZ,迈瑞医疗,10091420,069001002002,016082,医疗器械,1041,141263325109.2,14129920000.0,116.2,1.99245150531,1215691266,121600000,40.45525332,54.55962995,16.46692249,42.80230913,40.26846844,10.77631614,0.87020975,2018-12-13 00:00:00
300760,300760.SZ,迈瑞医疗,10091420,069001002002,016082,医疗器械,1041,131063675387.46,13109696000.0,107.81,-7.220309810671,1215691266,121600000,37.53425869,50.62025564,15.27795967,39.7118498,37.36096027,9.99823273,0.80737791,2018-12-14 00:00:00
300760,300760.SZ,迈瑞医疗,10091420,069001002002,016082,医疗器械,1041,129142883187.18,12917568000.0,106.23,-1.465541229942,1215691266,121600000,36.98417866,49.87839492,15.05405487,39.12985627,36.81341999,9.85170451,0.79554545,2018-12-17 00:00:00
300760,300760.SZ,迈瑞医疗,10091420,069001002002,016082,医疗器械,1041,128133859436.4,12816640000.0,105.4,-0.781323543255,1215691266,121600000,36.69521256,49.48868328,14.93643399,38.82412549,36.52578807,9.77473082,0.78932967,2018-12-18 00:00:00
300760,300760.SZ,迈瑞医疗,10091420,069001002002,016082,医疗器械,1041,119417353059.18,11944768000.0,98.23,-6.80265654649,1215691266,121600000,34.19896328,46.12213813,13.92035969,36.18305358,34.04106416,9.10978945,0.73563428,2018-12-19 00:00:00
300760,300760.SZ,迈瑞医疗,10091420,069001002002,016082,医疗器械,1041,122371482835.56,12240256000.0,100.66,2.47378601242,1215691266,121600000,35.04497245,47.26310113,14.2647196,37.0781449,34.88316724,9.33514615,0.7538323,2018-12-20 00:00:00
300760,300760.SZ,迈瑞医疗,10091420,069001002002,016082,医疗器械,1041,120742456539.12,12077312000.0,99.32,-1.331213987681,1215691266,121600000,34.57844888,46.63392812,14.07482566,36.58455545,34.41879764,9.21087538,0.74379718,2018-12-21 00:00:00
300760,300760.SZ,迈瑞医疗,10091420,069001002002,016082,医疗器械,1041,125580907777.8,12561280000.0,103.3,4.007249295207,1215691266,121600000,35.96409353,48.50266587,14.63883901,38.05058979,35.79804467,9.57997812,0.77360298,2018-12-24 00:00:00
300760,300760.SZ,迈瑞医疗,10091420,069001002002,016082,医疗器械,1041,128851117283.34,12888384000.0,105.99,2.604065827686,1215691266,121600000,36.9006222,49.76570722,15.02004401,39.04145219,36.73024931,9.82944705,0.79374811,2018-12-25 00:00:00
300760,300760.SZ,迈瑞医疗,10091420,069001002002,016082,医疗器械,1041,130443672841.8,13047680000.0,107.3,1.235965657137,1215691266,121600000,37.35670121,50.38079427,15.2056866,39.52399113,37.18422258,9.95093564,0.80355857,2018-12-26 00:00:00
300760,300760.SZ,迈瑞医疗,10091420,069001002002,016082,医疗器械,1041,130698968007.66,13073216000.0,107.51,0.195712954334,1215691266,121600000,37.42981312,50.47939601,15.2354461,39.6013447,37.25699692,9.97041091,0.80513124,2018-12-27 00:00:00
300760,300760.SZ,迈瑞医疗,10091420,069001002002,016082,医疗器械,1041,132777800072.52,13281152000.0,109.22,1.590549716305,1215691266,121600000,38.0251529,51.2822959,15.47777344,40.23122378,37.84958798,10.12899526,0.81793725,2018-12-28 00:00:00
300760,300760.SZ,迈瑞医疗,10091420,069001002002,016082,医疗器械,1041,126164439585.48,12619648000.0,103.78,-4.980772752243,1215691266,121600000,36.13120645,33.9221372,8.32311301,31.27073239,35.96438602,9.62449302,1.04273981,2019-01-02 00:00:00
300760,300760.SZ,迈瑞医疗,10091420,069001002002,016082,医疗器械,1041,123173839071.12,12320512000.0,101.32,-2.370398920794,1215691266,121600000,35.27475272,33.11804722,8.12582203,30.52949128,35.1118866,9.39635414,1.01802272,2019-01-03 00:00:00
300760,300760.SZ,迈瑞医疗,10091420,069001002002,016082,医疗器械,1041,123489918800.28,12352128000.0,101.58,0.256612712199,1215691266,121600000,35.36527222,33.20303234,8.14667392,30.60783384,35.20198816,9.42046638,1.0206351,2019-01-04 00:00:00
300760,300760.SZ,迈瑞医疗,10091420,069001002002,016082,医疗器械,1041,123672272490.18,12370368000.0,101.73,0.147666863556,1215691266,121600000,35.41749501,33.25206222,8.15870386,30.65303147,35.25396983,9.43437729,1.02214224,2019-01-07 00:00:00
300760,300760.SZ,迈瑞医疗,10091420,069001002002,016082,医疗器械,1041,120961280967.0,12099200000.0,99.5,-2.192077066745,1215691266,121600000,34.64111622,32.52315139,7.97985878,29.98109339,34.48117565,9.22756847,0.99973609,2019-01-08 00:00:00
300760,300760.SZ,迈瑞医疗,10091420,069001002002,016082,医疗器械,1041,125191886572.68,12522368000.0,102.98,3.497487437186,1215691266,121600000,35.85268491,33.66064452,8.25895334,31.02967837,35.68715043,9.55030152,1.03470173,2019-01-09 00:00:00
300760,300760.SZ,迈瑞医疗,10091420,069001002002,016082,医疗器械,1041,125605221603.12,12563712000.0,103.32,0.330161196349,1215691266,121600000,35.97105657,33.77177891,8.2862212,31.13212633,35.80497555,9.58183291,1.03811792,2019-01-10 00:00:00
300760,300760.SZ,迈瑞医疗,10091420,069001002002,016082,医疗器械,1041,127538170716.06,12757056000.0,104.91,1.538908246225,1215691266,121600000,36.52461812,34.2914956,8.41373854,31.61122119,36.35598128,9.72928852,1.0540936,2019-01-11 00:00:00
300760,300760.SZ,迈瑞医疗,10091420,069001002002,016082,医疗器械,1041,126553460790.6,12658560000.0,104.1,-0.772090363168,1215691266,121600000,36.24261506,34.02673426,8.34877688,31.36715399,36.07528025,9.65416962,1.04595505,2019-01-14 00:00:00
300760,300760.SZ,迈瑞医疗,10091420,069001002002,016082,医疗器械,1041,127623269104.68,12765568000.0,104.98,0.845341018252,1215691266,121600000,36.54898876,34.31437621,8.41935251,31.63231341,36.38023939,9.73578028,1.05479693,2019-01-15 00:00:00
300760,300760.SZ,迈瑞医疗,10091420,069001002002,016082,医疗器械,1041,128486409903.54,12851904000.0,105.69,0.676319298914,1215691266,121600000,36.79617662,34.54645096,8.47629422,31.84624885,36.62628597,9.80162524,1.06193073,2019-01-16 00:00:00
300760,300760.SZ,迈瑞医疗,10091420,069001002002,016082,医疗器械,1041,128559351379.5,12859200000.0,105.75,0.056769798467,1215691266,121600000,36.81706574,34.56606291,8.48110619,31.8643279,36.64707864,9.8071896,1.06253358,2019-01-17 00:00:00
300760,300760.SZ,迈瑞医疗,10091420,069001002002,016082,医疗器械,1041,133118193627.0,13315200000.0,109.5,3.54609929078,1215691266,121600000,38.12263544,35.79180982,8.78185464,32.99426861,37.94662043,10.15496228,1.10021208,2019-01-18 00:00:00
300760,300760.SZ,迈瑞医疗,10091420,069001002002,016082,医疗器械,1041,135075456565.26,13510976000.0,111.11,1.470319634703,1215691266,121600000,38.68316004,36.31806382,8.91097597,33.47938982,38.50455705,10.30427269,1.11638871,2019-01-21 00:00:00
300760,300760.SZ,迈瑞医疗,10091420,069001002002,016082,医疗器械,1041,131890345448.34,13192384000.0,108.49,-2.358023580236,1215691266,121600000,37.771002,35.46167532,8.70085306,32.68993791,37.59661051,10.06129551,1.090064,2019-01-22 00:00:00
300760,300760.SZ,迈瑞医疗,10091420,069001002002,016082,医疗器械,1041,134054275901.82,13408832000.0,110.27,1.64070421237,1215691266,121600000,38.39071242,36.04349652,8.84360832,33.2262831,38.21345968,10.22637161,1.10794873,2019-01-23 00:00:00
300760,300760.SZ,迈瑞医疗,10091420,069001002002,016082,医疗器械,1041,131294656728.0,13132800000.0,108.0,-2.05858347692,1215691266,121600000,37.60040756,35.30151105,8.66155526,32.54229233,37.42680372,10.01585321,1.08514068,2019-01-24 00:00:00
300760,300760.SZ,迈瑞医疗,10091420,069001002002,016082,医疗器械,1041,129993867073.38,13002688000.0,106.93,-0.990740740741,1215691266,121600000,37.227885,34.9517646,8.57574171,32.21988258,37.05600112,9.91662207,1.07438975,2019-01-25 00:00:00
300760,300760.SZ,迈瑞医疗,10091420,069001002002,016082,医疗器械,1041,129240138488.46,12927296000.0,106.31,-0.579818572898,1215691266,121600000,37.01203081,34.74910778,8.52601796,32.03306572,36.84114355,9.85912366,1.06816024,2019-01-28 00:00:00
300760,300760.SZ,迈瑞医疗,10091420,069001002002,016082,医疗器械,1041,126407577838.68,12643968000.0,103.98,-2.191703508607,1215691266,121600000,36.20083683,33.98751036,8.33915293,31.33099589,36.03369491,9.6430409,1.04474933,2019-01-29 00:00:00
300760,300760.SZ,迈瑞医疗,10091420,069001002002,016082,医疗器械,1041,129021314060.58,12905408000.0,106.13,2.067705327948,1215691266,121600000,36.94936347,34.69027193,8.51158204,31.97882856,36.77876554,9.84243057,1.06635167,2019-01-30 00:00:00
300760,300760.SZ,迈瑞医疗,10091420,069001002002,016082,医疗器械,1041,129750728820.18,12978368000.0,106.73,0.565344388957,1215691266,121600000,37.15825462,34.88639143,8.55970179,32.15961908,36.98669223,9.8980742,1.07238023,2019-01-31 00:00:00
300760,300760.SZ,迈瑞医疗,10091420,069001002002,016082,医疗器械,1041,134893102875.36,13492736000.0,110.96,3.963271807364,1215691266,121600000,38.63093725,36.26903395,8.89894604,33.43419219,38.45257537,10.29036178,1.11488157,2019-02-01 00:00:00
300760,300760.SZ,迈瑞医疗,10091420,069001002002,016082,医疗器械,1041,136157421792.0,13619200000.0,112.0,0.937274693583,1215691266,121600000,38.99301525,36.60897443,8.98235361,33.74756241,38.81298163,10.38681074,1.12533108,2019-02-11 00:00:00
300760,300760.SZ,迈瑞医疗,10091420,069001002002,016082,医疗器械,1041,138369979896.12,13840512000.0,113.82,1.625,1215691266,121600000,39.62665174,37.20387026,9.12831685,34.2959603,39.44369258,10.55559641,1.14361771,2019-02-12 00:00:00
300760,300760.SZ,迈瑞医疗,10091420,069001002002,016082,医疗器械,1041,138078213992.28,13811328000.0,113.58,-0.21085925145,1215691266,121600000,39.54309528,37.12542246,9.10906895,34.2236441,39.36052191,10.53333896,1.14120628,2019-02-13 00:00:00
300760,300760.SZ,迈瑞医疗,10091420,069001002002,016082,医疗器械,1041,140704107126.84,14073984000.0,115.74,1.901743264659,1215691266,121600000,40.29510343,37.83145268,9.28230006,34.87448994,40.10905798,10.73365602,1.1629091,2019-02-14 00:00:00
300760,300760.SZ,迈瑞医疗,10091420,069001002002,016082,医疗器械,1041,137555466747.9,13759040000.0,113.15,-2.237774321756,1215691266,121600000,39.39338996,36.98487014,9.07458313,34.09407756,39.21150778,10.49346103,1.13688582,2019-02-15 00:00:00
300760,300760.SZ,迈瑞医疗,10091420,069001002002,016082,医疗器械,1041,139877437065.96,13991296000.0,115.06,1.688024745913,1215691266,121600000,40.05836013,37.6091839,9.22776434,34.66959403,39.87340774,10.67059325,1.15607673,2019-02-18 00:00:00
300760,300760.SZ,迈瑞医疗,10091420,069001002002,016082,医疗器械,1041,140849990078.76,14088576000.0,115.86,0.695289414219,1215691266,121600000,40.33688167,37.87067658,9.29192401,34.91064805,40.15064332,10.74478475,1.16411481,2019-02-19 00:00:00
300760,300760.SZ,迈瑞医疗,10091420,069001002002,016082,医疗器械,1041,137373113058.0,13740800000.0,113.0,-2.468496461246,1215691266,121600000,39.34116717,36.93584027,9.06255319,34.04887994,39.15952611,10.47955012,1.13537868,2019-02-20 00:00:00
300760,300760.SZ,迈瑞医疗,10091420,069001002002,016082,医疗器械,1041,136400560045.2,13643520000.0,112.2,-0.70796460177,1215691266,121600000,39.06264563,36.67434759,8.99839352,33.80782592,38.88229053,10.40535861,1.1273406,2019-02-21 00:00:00
300760,300760.SZ,迈瑞医疗,10091420,069001002002,016082,医疗器械,1041,138795471839.22,13883072000.0,114.17,1.755793226381,1215691266,121600000,39.74850492,37.3182733,9.15638671,34.40142144,39.56498315,10.5880552,1.14713437,2019-02-22 00:00:00
300760,300760.SZ,迈瑞医疗,10091420,069001002002,016082,医疗器械,1041,149347672028.1,14938560000.0,122.85,7.602697731453,1215691266,121600000,42.7704636,40.15546882,9.85251911,37.01685752,42.57298923,11.39303303,1.23434752,2019-02-25 00:00:00
300760,300760.SZ,迈瑞医疗,10091420,069001002002,016082,医疗器械,1041,144910398907.2,14494720000.0,119.2,-2.971102971103,1215691266,121600000,41.49970908,38.9624085,9.55979062,35.91704857,41.30810188,11.05453428,1.19767379,2019-02-26 00:00:00
300760,300760.SZ,迈瑞医疗,10091420,069001002002,016082,医疗器械,1041,140691950214.18,14072768000.0,115.73,-2.911073825503,1215691266,121600000,37.8281837,37.82818402,9.28149806,34.87147677,40.10559254,10.22964394,1.16280862,2019-02-27 00:00:00
300760,300760.SZ,迈瑞医疗,10091420,069001002002,016082,医疗器械,1041,154757498161.8,15479680000.0,127.3,9.99740775944,1215691266,121600000,41.61002148,41.61002182,10.20940727,38.35772049,44.11511216,11.25234316,1.27905934,2019-02-28 00:00:00
300760,300760.SZ,迈瑞医疗,10091420,069001002002,016082,医疗器械,1041,156082601641.74,15612224000.0,128.39,0.856245090338,1215691266,121600000,41.96630524,41.96630559,10.29682482,38.68615659,44.49284564,11.34869079,1.29001122,2019-03-01 00:00:00
300760,300760.SZ,迈瑞医疗,10091420,069001002002,016082,医疗器械,1041,161139877308.3,16118080000.0,132.55,3.240127735805,1215691266,121600000,43.32606714,43.3260675,10.63045509,39.93963748,45.93447067,11.71640287,1.33180923,2019-03-04 00:00:00
300760,300760.SZ,迈瑞医疗,10091420,069001002002,016082,医疗器械,1041,161200661871.6,16124160000.0,132.6,0.037721614485,1215691266,121600000,43.34241043,43.34241079,10.63446507,39.95470336,45.9517979,11.72082249,1.33231161,2019-03-05 00:00:00
300760,300760.SZ,迈瑞医疗,10091420,069001002002,016082,医疗器械,1041,159073202156.1,15911360000.0,130.85,-1.3197586727,1215691266,121600000,42.77039521,42.77039557,10.4941158,39.4273977,45.34534506,11.56613592,1.31472832,2019-03-06 00:00:00
300760,300760.SZ,迈瑞医疗,10091420,069001002002,016082,医疗器械,1041,154757498161.8,15479680000.0,127.3,-2.713030187237,1215691266,121600000,41.61002148,41.61002182,10.20940727,38.35772049,44.11511216,11.25234316,1.27905934,2019-03-07 00:00:00
300760,300760.SZ,迈瑞医疗,10091420,069001002002,016082,医疗器械,1041,152946118175.46,15298496000.0,125.81,-1.170463472113,1215691266,121600000,41.12299138,41.12299172,10.08990988,37.90875739,43.59876088,11.12063859,1.26408842,2019-03-08 00:00:00
300760,300760.SZ,迈瑞医疗,10091420,069001002002,016082,医疗器械,1041,158854377728.22,15889472000.0,130.67,3.86296796757,1215691266,121600000,42.71155936,42.71155972,10.47967987,39.37316054,45.28296705,11.5502253,1.31291975,2019-03-11 00:00:00
300760,300760.SZ,迈瑞医疗,10091420,069001002002,016082,医疗器械,1041,155900247951.84,15593984000.0,128.24,-1.859646437591,1215691266,121600000,41.91727537,41.91727572,10.28479488,38.64095896,44.44086397,11.33543194,1.28850408,2019-03-12 00:00:00
300760,300760.SZ,迈瑞医疗,10091420,069001002002,016082,医疗器械,1041,154733184336.48,15477248000.0,127.28,-0.748596381784,1215691266,121600000,41.60348416,41.60348451,10.20780328,38.35169414,44.10818127,11.25057531,1.27885839,2019-03-13 00:00:00
300760,300760.SZ,迈瑞医疗,10091420,069001002002,016082,医疗器械,1041,158586925649.7,15862720000.0,130.45,2.490571967316,1215691266,121600000,42.63964887,42.63964923,10.46203596,39.30687069,45.20672727,11.53077899,1.31070928,2019-03-14 00:00:00
300760,300760.SZ,迈瑞医疗,10091420,069001002002,016082,医疗器械,1041,164483028289.8,16452480000.0,135.3,3.717899578383,1215691266,121600000,44.2249482,44.22494857,10.85100395,40.76826067,46.88746799,11.95948177,1.35944013,2019-03-15 00:00:00
300760,300760.SZ,迈瑞医疗,10091420,069001002002,016082,医疗器械,1041,160471247112.0,16051200000.0,132.0,-2.439024390244,1215691266,121600000,43.14629093,43.14629129,10.58634532,39.77391285,45.74387121,11.66778709,1.32628305,2019-03-18 00:00:00
300760,300760.SZ,迈瑞医疗,10091420,069001002002,016082,医疗器械,1041,159498694099.2,15953920000.0,131.2,-0.606060606061,1215691266,121600000,42.88479825,42.88479861,10.52218565,39.53285883,45.46663563,11.59707323,1.31824498,2019-03-19 00:00:00
300760,300760.SZ,迈瑞医疗,10091420,069001002002,016082,医疗器械,1041,160629286976.58,16067008000.0,132.13,0.708841463415,1215691266,121600000,43.18878349,43.18878385,10.59677127,39.81308412,45.78892199,11.67927809,1.32758924,2019-03-20 00:00:00
300760,300760.SZ,迈瑞医疗,10091420,069001002002,016082,医疗器械,1041,158295159745.86,15833536000.0,130.21,-1.453114357073,1215691266,121600000,42.56120107,42.56120143,10.44278806,39.23455448,45.12355659,11.50956483,1.30829785,2019-03-21 00:00:00
300760,300760.SZ,迈瑞医疗,10091420,069001002002,016082,医疗器械,1041,158526141086.4,15856640000.0,130.4,0.145918132248,1215691266,121600000,42.62330558,42.62330594,10.45802598,39.29180481,45.18940004,11.52635937,1.3102069,2019-03-22 00:00:00
300760,300760.SZ,迈瑞医疗,10091420,069001002002,016082,医疗器械,1041,154939851851.7,15497920000.0,127.45,-2.26226993865,1215691266,121600000,41.65905135,41.6590517,10.22143721,38.40291812,44.16709383,11.26560201,1.28056648,2019-03-25 00:00:00
300760,300760.SZ,迈瑞医疗,10091420,069001002002,016082,医疗器械,1041,155584168222.68,15562368000.0,127.98,0.415849352687,1215691266,121600000,41.83229025,41.8322906,10.26394299,38.56261641,44.3507624,11.31244994,1.28589171,2019-03-26 00:00:00
300760,300760.SZ,迈瑞医疗,10091420,069001002002,016082,医疗器械,1041,156350053720.26,15638976000.0,128.61,0.492264416315,1215691266,121600000,42.03821573,42.03821608,10.31446872,38.75244645,44.56908543,11.36813711,1.29222169,2019-03-27 00:00:00
300760,300760.SZ,迈瑞医疗,10091420,069001002002,016082,医疗器械,1041,159061045243.44,15910144000.0,130.84,1.733924267164,1215691266,121600000,42.76712655,42.76712691,10.4933138,39.42438452,45.34187961,11.56525199,1.31462784,2019-03-28 00:00:00
300760,300760.SZ,迈瑞医疗,10091420,069001002002,016082,医疗器械,1041,163267337023.8,16330880000.0,134.3,2.644451238153,1215691266,121600000,43.89808236,43.89808273,10.77080437,40.46694314,46.54092351,11.87108944,1.34939253,2019-03-29 00:00:00
300760,300760.SZ,迈瑞医疗,10091420,069001002002,016082,医疗器械,1041,164701852717.68,16474368000.0,135.48,0.878629932986,1215691266,121600000,44.28378405,44.28378442,10.19699261,40.82249782,46.94984599,11.97539239,1.3612487,2019-04-01 00:00:00
300760,300760.SZ,迈瑞医疗,10091420,069001002002,016082,医疗器械,1041,162331254748.98,16237248000.0,133.53,-1.43932683791,1215691266,121600000,43.64639566,43.64639603,10.05022456,40.23492865,46.27408426,11.80302735,1.34165588,2019-04-02 00:00:00
300760,300760.SZ,迈瑞医疗,10091420,069001002002,016082,医疗器械,1041,161139877308.3,16118080000.0,132.55,-0.733917471729,1215691266,121600000,43.32606714,43.3260675,9.97646421,39.93963748,45.93447067,11.71640287,1.33180923,2019-04-03 00:00:00
300760,300760.SZ,迈瑞医疗,10091420,069001002002,016082,医疗器械,1041,160106539732.2,16014720000.0,131.7,-0.641267446247,1215691266,121600000,43.04823118,43.04823153,9.91248839,39.68351759,45.63990786,11.64126939,1.32326877,2019-04-04 00:00:00
300760,300760.SZ,迈瑞医疗,10091420,069001002002,016082,医疗器械,1041,156787702576.02,15682752000.0,128.97,-2.072892938497,1215691266,121600000,42.15588743,42.15588778,9.70701312,38.86092076,44.69384144,11.39995834,1.29583883,2019-04-08 00:00:00
300760,300760.SZ,迈瑞医疗,10091420,069001002002,016082,医疗器械,1041,158222218269.9,15826240000.0,130.15,0.914941459254,1215691266,121600000,42.54158912,42.54158948,9.79582661,39.21647543,45.10276392,11.50426129,1.307695,2019-04-09 00:00:00
300760,300760.SZ,迈瑞医疗,10091420,069001002002,016082,医疗器械,1041,158635553300.34,15867584000.0,130.49,0.261237034191,1215691266,121600000,42.65272351,42.65272386,9.82141693,39.31892339,45.22058905,11.53431468,1.31111118,2019-04-10 00:00:00
300760,300760.SZ,迈瑞医疗,10091420,069001002002,016082,医疗器械,1041,156799859488.68,15683968000.0,128.98,-1.157176795157,1215691266,121600000,42.15915609,42.15915644,9.70776577,38.86393393,44.69730688,11.40084227,1.29593931,2019-04-11 00:00:00
300760,300760.SZ,迈瑞医疗,10091420,069001002002,016082,医疗器械,1041,157201037606.46,15724096000.0,129.31,0.255853620716,1215691266,121600000,42.26702182,42.26702217,9.73260344,38.96336871,44.81166656,11.43001173,1.29925501,2019-04-12 00:00:00
300760,300760.SZ,迈瑞医疗,10091420,069001002002,016082,医疗器械,1041,152678666096.94,15271744000.0,125.59,-2.876807671487,1215691266,121600000,41.05108089,41.05108123,9.45261516,37.84246753,43.5225211,11.10119228,1.26187795,2019-04-15 00:00:00
300760,300760.SZ,迈瑞医疗,10091420,069001002002,016082,医疗器械,1041,153298668642.6,15333760000.0,126.1,0.406083286886,1215691266,121600000,41.21778247,41.21778281,9.49100065,37.99613947,43.69925878,11.14627237,1.26700222,2019-04-16 00:00:00
300760,300760.SZ,迈瑞医疗,10091420,069001002002,016082,医疗器械,1041,155328873056.82,15536832000.0,127.77,1.324345757335,1215691266,121600000,41.76364842,41.76364877,9.61669432,38.49933973,44.27798806,11.29388755,1.28378171,2019-04-17 00:00:00
300760,300760.SZ,迈瑞医疗,10091420,069001002002,016082,医疗器械,1041,154392790782.0,15443200000.0,127.0,-0.602645378414,1215691266,121600000,41.51196173,41.51196207,9.55873975,38.26732524,44.01114881,11.22582546,1.27604506,2019-04-18 00:00:00
300760,300760.SZ,迈瑞医疗,10091420,069001002002,016082,医疗器械,1041,155499069834.06,15553856000.0,127.91,0.716535433071,1215691266,121600000,41.80940964,41.80940999,9.62723151,38.54152418,44.32650429,11.30626248,1.28518838,2019-04-19 00:00:00
300760,300760.SZ,迈瑞医疗,10091420,069001002002,016082,医疗器械,1041,155608482048.0,15564800000.0,128.0,0.070361973262,1215691266,121600000,41.83882757,41.83882791,9.63400542,38.56864276,44.35769329,11.31421779,1.28609266,2019-04-22 00:00:00
300760,300760.SZ,迈瑞医疗,10091420,069001002002,016082,医疗器械,1041,159316340409.3,15935680000.0,131.05,2.3828125,1215691266,121600000,42.83576874,42.83576874,9.86356571,39.4876612,39.4876612,11.58381441,1.31673784,2019-04-23 00:00:00
300760,300760.SZ,迈瑞医疗,10091420,069001002002,016082,医疗器械,1041,160337521072.74,16037824000.0,131.89,0.64097672644,1215691266,121600000,43.11033604,43.11033604,9.92678887,39.74076792,39.74076792,11.65806396,1.32517782,2019-04-24 00:00:00
300760,300760.SZ,迈瑞医疗,10091420,069001002002,016082,医疗器械,1041,162999884945.28,16304128000.0,134.08,1.660474637956,1215691266,121600000,43.82617224,43.82617224,10.09162068,40.40065329,40.40065329,11.85164316,1.34718206,2019-04-25 00:00:00
300760,300760.SZ,迈瑞医疗,10091420,069001002002,016082,医疗器械,1041,165103030835.46,16514496000.0,135.81,1.290274463007,1215691266,121600000,44.39165015,44.39165015,10.22183028,40.9219326,40.9219326,12.00456188,1.36456441,2019-04-26 00:00:00
300760,300760.SZ,迈瑞医疗,10091420,069001002002,016082,医疗器械,1041,171351683942.7,17139520000.0,140.95,3.784699212135,1215691266,121600000,43.73730578,46.07174058,10.60869581,42.47070466,42.11638251,11.88044622,1.41620906,2019-04-29 00:00:00
300760,300760.SZ,迈瑞医疗,10091420,069001002002,016082,医疗器械,1041,171217957903.44,17126144000.0,140.84,-0.078041858815,1215691266,121600000,43.70317237,46.03578534,10.60041659,42.43755974,42.0835141,11.8711745,1.41510383,2019-04-30 00:00:00
300760,300760.SZ,迈瑞医疗,10091420,069001002002,016082,医疗器械,1041,162294784011.0,16233600000.0,133.5,-5.211587617154,1215691266,121600000,41.42554325,43.63659005,10.04796659,40.22588913,39.89029489,11.25249784,1.34135445,2019-05-06 00:00:00
300760,300760.SZ,迈瑞医疗,10091420,069001002002,016082,医疗器械,1041,165637934992.5,16568000000.0,136.25,2.059925093633,1215691266,121600000,42.27887841,44.53547112,10.25494718,41.05451231,40.71200509,11.48429087,1.36898535,2019-05-07 00:00:00
300760,300760.SZ,迈瑞医疗,10091420,069001002002,016082,医疗器械,1041,169467362480.4,16951040000.0,139.4,2.311926605505,1215691266,121600000,43.25633505,45.56509853,10.49203403,42.0036625,41.65323676,11.74979924,1.40063529,2019-05-08 00:00:00
300760,300760.SZ,迈瑞医疗,10091420,069001002002,016082,医疗器械,1041,165467738215.26,16550976000.0,136.11,-2.360114777618,1215691266,121600000,42.2354359,44.4897099,10.24440998,41.01232786,40.67017257,11.4724905,1.36757869,2019-05-09 00:00:00
300760,300760.SZ,迈瑞医疗,10091420,069001002002,016082,医疗器械,1041,175667387937.0,17571200000.0,144.5,6.164131952098,1215691266,121600000,44.8388839,47.23211433,10.87588893,43.54038186,43.17713567,12.17966995,1.45187804,2019-05-10 00:00:00
300760,300760.SZ,迈瑞医疗,10091420,069001002002,016082,医疗器械,1041,179472501599.58,17951808000.0,147.63,2.166089965398,1215691266,121600000,45.81013446,48.25520441,11.11147047,44.48350571,44.11239127,12.44349256,1.48332703,2019-05-13 00:00:00
300760,300760.SZ,迈瑞医疗,10091420,069001002002,016082,医疗器械,1041,174767776400.16,17481216000.0,143.76,-2.621418410892,1215691266,121600000,44.60925916,46.9902336,10.82019234,43.3174069,42.95602093,12.11729655,1.44444282,2019-05-14 00:00:00
300760,300760.SZ,迈瑞医疗,10091420,069001002002,016082,医疗器械,1041,174086989291.2,17413120000.0,143.2,-0.389538119087,1215691266,121600000,44.43548909,46.80718873,10.77804356,43.14866909,42.78869085,12.07009506,1.43881616,2019-05-15 00:00:00
300760,300760.SZ,迈瑞医疗,10091420,069001002002,016082,医疗器械,1041,172263452392.2,17230720000.0,141.7,-1.04748603352,1215691266,121600000,43.97003355,46.31688996,10.66514506,42.6966928,42.34048529,11.9436625,1.42374476,2019-05-16 00:00:00
300760,300760.SZ,迈瑞医疗,10091420,069001002002,016082,医疗器械,1041,169199910401.88,16924288000.0,139.18,-1.778405081157,1215691266,121600000,43.18806824,45.49318804,10.47547558,41.93737265,41.58749995,11.7312558,1.39842481,2019-05-17 00:00:00
300760,300760.SZ,迈瑞医疗,10091420,069001002002,016082,医疗器械,1041,166671272568.6,16671360000.0,137.1,-1.494467595919,1215691266,121600000,42.54263655,44.81330709,10.31892299,41.31063221,40.96598824,11.55593598,1.37752581,2019-05-20 00:00:00
300760,300760.SZ,迈瑞医疗,10091420,069001002002,016082,医疗器械,1041,173576398959.48,17362048000.0,142.78,4.142961342086,1215691266,121600000,44.30516154,46.66990508,10.74643198,43.02211573,42.66319329,12.03469395,1.43459617,2019-05-21 00:00:00
300760,300760.SZ,迈瑞医疗,10091420,069001002002,016082,医疗器械,1041,172044627964.32,17208832000.0,141.52,-0.88247653733,1215691266,121600000,43.91417889,46.25805411,10.65159724,42.64245565,42.28670062,11.9284906,1.4219362,2019-05-22 00:00:00
300760,300760.SZ,迈瑞医疗,10091420,069001002002,016082,医疗器械,1041,169953638986.8,16999680000.0,139.8,-1.215375918598,1215691266,121600000,43.38045653,45.69584486,10.5221403,42.12418951,41.77275825,11.78351459,1.40465433,2019-05-23 00:00:00
300760,300760.SZ,迈瑞医疗,10091420,069001002002,016082,医疗器械,1041,169819912947.54,16986304000.0,139.69,-0.078683834049,1215691266,121600000,43.34632312,45.65988962,10.51386107,42.09104459,41.73988984,11.77424287,1.40354909,2019-05-24 00:00:00
300760,300760.SZ,迈瑞医疗,10091420,069001002002,016082,医疗器械,1041,174597579622.92,17464192000.0,143.62,2.813372467607,1215691266,121600000,44.56581664,46.94447238,10.80965514,43.27522245,42.91418841,12.10549618,1.44303615,2019-05-27 00:00:00
300760,300760.SZ,迈瑞医疗,10091420,069001002002,016082,医疗器械,1041,179569756900.86,17961536000.0,147.71,2.84779278652,1215691266,121600000,45.83495876,48.28135368,11.11749172,44.50761111,44.13629557,12.45023563,1.48413083,2019-05-28 00:00:00
300760,300760.SZ,迈瑞医疗,10091420,069001002002,016082,医疗器械,1041,176895236115.66,17694016000.0,145.51,-0.817940154045,1215691266,121600000,45.15229063,47.56224883,10.95190726,43.84471256,43.47892741,12.2648012,1.46202612,2019-05-29 00:00:00
300760,300760.SZ,迈瑞医疗,10091420,069001002002,016082,医疗器械,1041,177126217456.2,17717120000.0,145.7,0.130575218198,1215691266,121600000,45.21124833,47.62435334,10.96620773,43.90196289,43.53570012,12.280816,1.46393516,2019-05-30 00:00:00
300760,300760.SZ,迈瑞医疗,10091420,069001002002,016082,医疗器械,1041,179314461735.0,17936000000.0,147.5,1.235415236788,1215691266,121600000,45.76979498,48.21271185,11.10168593,44.44433443,44.07354679,12.43253507,1.48202084,2019-05-31 00:00:00
300760,300760.SZ,迈瑞医疗,10091420,069001002002,016082,医疗器械,1041,184541934178.8,18458880000.0,151.8,2.915254237288,1215691266,121600000,47.10410087,49.61823498,11.4253283,45.73999977,45.35840273,12.79497507,1.52522551,2019-06-03 00:00:00
300760,300760.SZ,迈瑞医疗,10091420,069001002002,016082,医疗器械,1041,179314461735.0,17936000000.0,147.5,-2.832674571805,1215691266,121600000,45.76979498,48.21271185,11.10168593,44.44433443,44.07354679,12.43253507,1.48202084,2019-06-04 00:00:00
300760,300760.SZ,迈瑞医疗,10091420,069001002002,016082,医疗器械,1041,186730178457.6,18677760000.0,153.6,4.135593220339,1215691266,121600000,47.66264752,50.2065935,11.5608065,46.28237131,45.8962494,12.94669415,1.54331119,2019-06-05 00:00:00
300760,300760.SZ,迈瑞医疗,10091420,069001002002,016082,医疗器械,1041,181137998634.0,18118400000.0,149.0,-2.994791666667,1215691266,121600000,46.23525052,48.70301062,11.21458443,44.89631071,44.52175235,12.55896763,1.49709224,2019-06-06 00:00:00
300760,300760.SZ,迈瑞医疗,10091420,069001002002,016082,医疗器械,1041,184396051226.88,18444288000.0,151.68,1.798657718121,1215691266,121600000,47.06686442,49.57901108,11.41629642,45.70384167,45.32254629,12.78486047,1.5240198,2019-06-10 00:00:00
300760,300760.SZ,迈瑞医疗,10091420,069001002002,016082,医疗器械,1041,188492930793.3,18854080000.0,155.05,2.221782700422,1215691266,121600000,48.11258788,50.68054897,11.66994172,46.71928172,46.32951478,13.06891229,1.55788021,2019-06-11 00:00:00
300760,300760.SZ,迈瑞医疗,10091420,069001002002,016082,医疗器械,1041,190863528762.0,19091200000.0,157.0,1.257658819736,1215691266,121600000,48.71768008,51.31793736,11.81670977,47.30685088,46.91218201,13.23327461,1.57747303,2019-06-12 00:00:00
300760,300760.SZ,迈瑞医疗,10091420,069001002002,016082,医疗器械,1041,187167827313.36,18721536000.0,153.96,-1.936305732484,1215691266,121600000,47.77435685,50.3242652,11.58790215,46.39084562,46.00381874,12.97703796,1.54692833,2019-06-13 00:00:00
300760,300760.SZ,迈瑞医疗,10091420,069001002002,016082,医疗器械,1041,184785072432.0,18483200000.0,152.0,-1.273057937127,1215691266,121600000,47.16616161,49.68360815,11.44038144,45.80026328,45.41816347,12.81183275,1.52723503,2019-06-14 00:00:00
300760,300760.SZ,迈瑞医疗,10091420,069001002002,016082,医疗器械,1041,183083104659.6,18312960000.0,150.6,-0.921052631579,1215691266,121600000,46.73173643,49.22599597,11.3350095,45.37841875,44.99983828,12.69382903,1.51316839,2019-06-17 00:00:00
300760,300760.SZ,迈瑞医疗,10091420,069001002002,016082,医疗器械,1041,186365471077.8,18641280000.0,153.3,1.792828685259,1215691266,121600000,47.56955641,50.10853374,11.5382268,46.19197605,45.80660829,12.92140763,1.54029691,2019-06-18 00:00:00
300760,300760.SZ,迈瑞医疗,10091420,069001002002,016082,医疗器械,1041,187532534693.16,18758016000.0,154.26,0.626223091977,1215691266,121600000,47.86744796,50.42232495,11.61048185,46.48124088,46.09345985,13.00232447,1.54994261,2019-06-19 00:00:00
300760,300760.SZ,迈瑞医疗,10091420,069001002002,016082,医疗器械,1041,191775297211.5,19182400000.0,157.75,2.262414106055,1215691266,121600000,48.95040785,51.56308675,11.87315902,47.53283903,47.13628479,13.29649089,1.58500873,2019-06-20 00:00:00
300760,300760.SZ,迈瑞医疗,10091420,069001002002,016082,医疗器械,1041,191483531307.66,19153216000.0,157.51,-0.152139461173,1215691266,121600000,48.87593497,51.48463894,11.85509526,47.46052282,47.0645719,13.27626168,1.5825973,2019-06-21 00:00:00
300760,300760.SZ,迈瑞医疗,10091420,069001002002,016082,医疗器械,1041,192480398145.78,19252928000.0,158.33,0.520601866548,1215691266,121600000,49.130384,51.75266894,11.91681311,47.70760319,47.30959094,13.34537815,1.59083633,2019-06-24 00:00:00
300760,300760.SZ,迈瑞医疗,10091420,069001002002,016082,医疗器械,1041,188055281937.54,18810304000.0,154.69,-2.298995768332,1215691266,121600000,48.00087855,50.56287727,11.64284608,46.61080741,46.22194544,13.03856847,1.55426307,2019-06-25 00:00:00
300760,300760.SZ,迈瑞医疗,10091420,069001002002,016082,医疗器械,1041,192383142844.5,19243200000.0,158.25,2.301376947443,1215691266,121600000,49.1055597,51.72651967,11.91079186,47.68349779,47.28568664,13.33863508,1.59003253,2019-06-26 00:00:00
300760,300760.SZ,迈瑞医疗,10091420,069001002002,016082,医疗器械,1041,197428261598.4,19747840000.0,162.4,2.6224328594,1215691266,121600000,50.39332003,53.08301292,12.22314438,48.9339655,48.52572203,13.68843183,1.63173006,2019-06-27 00:00:00
300760,300760.SZ,迈瑞医疗,10091420,069001002002,016082,医疗器械,1041,198400814611.2,19845120000.0,163.2,0.492610837438,1215691266,121600000,50.64156299,53.34450559,12.28335691,49.17501952,48.76476499,13.75586253,1.63976814,2019-06-28 00:00:00
300760,300760.SZ,迈瑞医疗,10091420,069001002002,016082,医疗器械,1041,204904762884.3,20495680000.0,168.55,3.27818627451,1215691266,121600000,52.30168776,55.09323785,12.57329545,50.78706826,50.36336482,14.20680533,1.69352279,2019-07-01 00:00:00
300760,300760.SZ,迈瑞医疗,10091420,069001002002,016082,医疗器械,1041,211530280284.0,21158400000.0,174.0,3.233461880748,1215691266,121600000,53.99284289,56.8746567,12.97984816,52.42924875,51.99184503,14.66617696,1.74828221,2019-07-02 00:00:00
300760,300760.SZ,迈瑞医疗,10091420,069001002002,016082,医疗器械,1041,201561611902.8,20161280000.0,165.8,-4.712643678161,1215691266,121600000,51.4483526,54.19435678,12.36815417,49.95844507,49.54165463,13.9750123,1.6658919,2019-07-03 00:00:00
300760,300760.SZ,迈瑞医疗,10091420,069001002002,016082,医疗器械,1041,197659242938.94,19770944000.0,162.59,-1.936067551267,1215691266,121600000,50.45227774,53.14511743,12.12869835,48.99121583,48.58249473,13.70444662,1.6336391,2019-07-04 00:00:00
300760,300760.SZ,迈瑞医疗,10091420,069001002002,016082,医疗器械,1041,199373367624.0,19942400000.0,164.0,0.867212005658,1215691266,121600000,50.88980594,53.60599827,12.23387988,49.41607354,49.00380796,13.82329323,1.64780622,2019-07-05 00:00:00
300760,300760.SZ,迈瑞医疗,10091420,069001002002,016082,医疗器械,1041,198157676358.0,19820800000.0,163.0,-0.609756097561,1215691266,121600000,50.57950225,53.27913242,12.15928305,49.11475601,48.70500425,13.73900485,1.63775862,2019-07-08 00:00:00
300760,300760.SZ,迈瑞医疗,10091420,069001002002,016082,医疗器械,1041,197185123345.2,19723520000.0,162.2,-0.490797546012,1215691266,121600000,50.33125929,53.01763975,12.09960559,48.873702,48.46596128,13.67157416,1.62972054,2019-07-09 00:00:00
300760,300760.SZ,迈瑞医疗,10091420,069001002002,016082,医疗器械,1041,200905138619.16,20095616000.0,165.26,1.886559802713,1215691266,121600000,51.2807886,54.01784923,12.32787188,49.79573361,49.38030063,13.92949658,1.66046619,2019-07-10 00:00:00
300760,300760.SZ,迈瑞医疗,10091420,069001002002,016082,医疗器械,1041,198023950318.74,19807424000.0,162.89,-1.434103836379,1215691266,121600000,50.54536884,53.24317718,12.1510774,49.08161109,48.67213584,13.72973313,1.63665338,2019-07-11 00:00:00
300760,300760.SZ,迈瑞医疗,10091420,069001002002,016082,医疗器械,1041,193294911294.0,19334400000.0,159.0,-2.388114678617,1215691266,121600000,49.33828747,51.97166905,11.86089573,47.90948593,47.50978942,13.40185136,1.59756822,2019-07-12 00:00:00
300760,300760.SZ,迈瑞医疗,10091420,069001002002,016082,医疗器械,1041,193380009682.62,19342912000.0,159.07,0.044025157233,1215691266,121600000,49.36000873,51.99454966,11.86611751,47.93057815,47.53070568,13.40775155,1.59827156,2019-07-15 00:00:00
300760,300760.SZ,迈瑞医疗,10091420,069001002002,016082,医疗器械,1041,187739202208.38,18778688000.0,154.43,-2.916954799774,1215691266,121600000,47.92019959,50.47789215,11.51998823,46.53246485,46.14425648,13.01665349,1.5516507,2019-07-16 00:00:00
300760,300760.SZ,迈瑞医疗,10091420,069001002002,016082,医疗器械,1041,192079220028.0,19212800000.0,158.0,2.31172699605,1215691266,121600000,49.02798378,51.64480321,11.78629891,47.60816841,47.21098572,13.31756299,1.58752063,2019-07-17 00:00:00
300760,300760.SZ,迈瑞医疗,10091420,069001002002,016082,医疗器械,1041,191118823927.86,19116736000.0,157.21,-0.5,1215691266,121600000,48.78284386,51.38657919,11.72736741,47.37012756,46.97493079,13.25097517,1.57958302,2019-07-18 00:00:00
300760,300760.SZ,迈瑞医疗,10091420,069001002002,016082,医疗器械,1041,190377252255.6,19042560000.0,156.6,-0.388016029515,1215691266,121600000,48.5935586,51.18719103,11.68186335,47.18632388,46.79266053,13.19955927,1.57345399,2019-07-19 00:00:00
300760,300760.SZ,迈瑞医疗,10091420,069001002002,016082,医疗器械,1041,190669018159.44,19071744000.0,156.84,0.153256704981,1215691266,121600000,48.66803149,51.26563883,11.69976658,47.25864008,46.86437341,13.21978847,1.57586541,2019-07-22 00:00:00
300760,300760.SZ,迈瑞医疗,10091420,069001002002,016082,医疗器械,1041,188638813745.22,18868672000.0,155.17,-1.064779393012,1215691266,121600000,48.14982432,50.71977287,11.57518988,46.75543982,46.36537122,13.07902689,1.55908592,2019-07-23 00:00:00
300760,300760.SZ,迈瑞医疗,10091420,069001002002,016082,医疗器械,1041,193294911294.0,19334400000.0,159.0,2.468260617387,1215691266,121600000,49.33828747,51.97166905,11.86089573,47.90948593,47.50978942,13.40185136,1.59756822,2019-07-24 00:00:00
300760,300760.SZ,迈瑞医疗,10091420,069001002002,016082,医疗器械,1041,198279245484.6,19832960000.0,163.1,2.578616352201,1215691266,121600000,50.61053262,53.31181901,12.16674273,49.14488777,48.73488462,13.74743369,1.63876338,2019-07-25 00:00:00
300760,300760.SZ,迈瑞医疗,10091420,069001002002,016082,医疗器械,1041,199859644130.4,19991040000.0,164.4,0.797057020233,1215691266,121600000,51.01392742,53.7367446,12.26371861,49.53660054,49.12332944,13.85700858,1.65182526,2019-07-26 00:00:00
300760,300760.SZ,迈瑞医疗,10091420,069001002002,016082,医疗器械,1041,195726293826.0,19577600000.0,161.0,-2.068126520681,1215691266,121600000,49.95889486,52.62540074,12.01008939,48.51212097,48.10739684,13.57042811,1.61766342,2019-07-29 00:00:00
300760,300760.SZ,迈瑞医疗,10091420,069001002002,016082,医疗器械,1041,197403947773.08,19745408000.0,162.38,0.857142857143,1215691266,121600000,50.38711396,53.0764756,12.11303301,48.92793915,48.51974595,13.68674606,1.63152911,2019-07-30 00:00:00
300760,300760.SZ,迈瑞医疗,10091420,069001002002,016082,医疗器械,1041,193173342167.4,19322240000.0,158.9,-2.143121074024,1215691266,121600000,49.3072571,51.93898247,11.85343605,47.87935418,47.47990905,13.39342252,1.59656347,2019-07-31 00:00:00
300760,300760.SZ,迈瑞医疗,10091420,069001002002,016082,医疗器械,1041,191811767949.48,19186048000.0,157.78,-0.704845814978,1215691266,121600000,48.95971696,51.57289272,11.7698876,47.54187855,47.1452489,13.29901955,1.58531015,2019-08-01 00:00:00
300760,300760.SZ,迈瑞医疗,10091420,069001002002,016082,医疗器械,1041,192808634787.6,19285760000.0,158.6,0.519710989986,1215691266,121600000,49.21416599,51.84092271,11.831057,47.78895892,47.39026794,13.36813601,1.59354919,2019-08-02 00:00:00
300760,300760.SZ,迈瑞医疗,10091420,069001002002,016082,医疗器械,1041,186438412553.76,18648576000.0,153.36,-3.303909205549,1215691266,121600000,47.58817463,50.1281457,11.44016962,46.21005511,45.82453651,12.92646494,1.54089977,2019-08-05 00:00:00
300760,300760.SZ,迈瑞医疗,10091420,069001002002,016082,医疗器械,1041,185769782357.46,18581696000.0,152.81,-0.358633281168,1215691266,121600000,47.4175076,49.94836948,11.39914137,46.04433047,45.66019448,12.88010633,1.53537359,2019-08-06 00:00:00
300760,300760.SZ,迈瑞医疗,10091420,069001002002,016082,医疗器械,1041,189489797631.42,18953792000.0,155.87,2.002486748249,1215691266,121600000,48.36703691,50.94857896,11.62740766,46.96636208,46.57453382,13.13802875,1.56611924,2019-08-07 00:00:00
300760,300760.SZ,迈瑞医疗,10091420,069001002002,016082,医疗器械,1041,194692956249.9,19474240000.0,160.15,2.745877975236,1215691266,121600000,49.69513672,52.34756477,11.94668209,48.25600108,47.85341369,13.49878299,1.60912296,2019-08-08 00:00:00
300760,300760.SZ,迈瑞医疗,10091420,069001002002,016082,医疗器械,1041,194960408328.42,19500992000.0,160.37,0.137371214486,1215691266,121600000,49.76340353,52.41947526,11.96309339,48.32229093,47.9191505,13.51732643,1.61133344,2019-08-09 00:00:00
300760,300760.SZ,迈瑞医疗,10091420,069001002002,016082,医疗器械,1041,195762764563.98,19581248000.0,161.03,0.411548294569,1215691266,121600000,49.96820397,52.63520671,12.0123273,48.5211605,48.11636095,13.57295676,1.61796485,2019-08-12 00:00:00
300760,300760.SZ,迈瑞医疗,10091420,069001002002,016082,医疗器械,1041,198169833270.66,19822016000.0,163.01,1.229584549463,1215691266,121600000,50.58260529,53.28240108,12.16002902,49.11776919,48.70799229,13.73984774,1.6378591,2019-08-13 00:00:00
300760,300760.SZ,迈瑞医疗,10091420,069001002002,016082,医疗器械,1041,200686314191.28,20073728000.0,165.08,1.26986074474,1215691266,121600000,51.22493394,53.95901338,12.31444445,49.74149646,49.32651596,13.91432467,1.65865763,2019-08-14 00:00:00
300760,300760.SZ,迈瑞医疗,10091420,069001002002,016082,医疗器械,1041,200710628016.6,20076160000.0,165.1,0.012115338018,1215691266,121600000,51.23114001,53.96555069,12.31593639,49.74752281,49.33249204,13.91601044,1.65885858,2019-08-15 00:00:00
300760,300760.SZ,迈瑞医疗,10091420,069001002002,016082,医疗器械,1041,202424752701.66,20247616000.0,166.51,0.854027861902,1215691266,121600000,51.66866822,54.42643153,12.42111792,50.17238051,49.75380526,14.03485704,1.67302569,2019-08-16 00:00:00
300760,300760.SZ,迈瑞医疗,10091420,069001002002,016082,医疗器械,1041,205816531333.8,20586880000.0,169.3,1.675575040538,1215691266,121600000,52.53441553,55.33838723,12.62924307,51.0130564,50.5874676,14.27002161,1.70105849,2019-08-19 00:00:00
300760,300760.SZ,迈瑞医疗,10091420,069001002002,016082,医疗器械,1041,207299674678.32,20735232000.0,170.52,0.720614294152,1215691266,121600000,52.91298603,55.73716356,12.7202512,51.38066378,50.95200813,14.37285342,1.71331656,2019-08-20 00:00:00
300760,300760.SZ,迈瑞医疗,10091420,069001002002,016082,医疗器械,1041,204831821408.34,20488384000.0,168.49,-1.190476190476,1215691266,121600000,52.28306953,55.0736259,12.56881964,50.76898921,50.3454366,14.20174802,1.69291994,2019-08-21 00:00:00
300760,300760.SZ,迈瑞医疗,10091420,069001002002,016082,医疗器械,1041,206813398171.92,20686592000.0,170.12,0.967416463885,1215691266,121600000,52.78886456,55.60641723,12.69041247,51.26013677,50.83248664,14.33913807,1.70929752,2019-08-22 00:00:00
300760,300760.SZ,迈瑞医疗,10091420,069001002002,016082,医疗器械,1041,213232248056.4,21328640000.0,175.4,3.103691511874,1215691266,121600000,54.42726807,57.33226888,13.08428372,52.85109328,52.41017022,14.78418068,1.76234885,2019-08-23 00:00:00
300760,300760.SZ,迈瑞医疗,10091420,069001002002,016082,医疗器械,1041,212733814637.34,21278784000.0,174.99,-0.233751425314,1215691266,121600000,54.30004355,57.19825388,13.05369902,52.7275531,52.2876607,14.74962245,1.75822933,2019-08-26 00:00:00
300760,300760.SZ,迈瑞医疗,10091420,069001002002,016082,医疗器械,1041,221985225171.6,22204160000.0,182.6,4.348819932568,1215691266,121600000,56.66145467,59.68570295,13.62138089,55.02057944,54.56155691,15.39105697,1.83469156,2019-08-27 00:00:00
300760,300760.SZ,迈瑞医疗,10091420,069001002002,016082,医疗器械,1041,221146398198.06,22120256000.0,181.91,-0.377875136911,1215691266,121600000,56.44734512,59.46016551,13.56990908,54.81267035,54.35538235,15.33289799,1.82775872,2019-08-28 00:00:00
300760,300760.SZ,迈瑞医疗,10091420,069001002002,016082,医疗器械,1041,217705991915.28,21776128000.0,179.08,-1.555714364246,1215691266,121600000,51.63024992,58.53513518,13.35880005,53.95994176,47.03796629,14.36951895,1.79932401,2019-08-29 00:00:00
300760,300760.SZ,迈瑞医疗,10091420,069001002002,016082,医疗器械,1041,226544067419.1,22660160000.0,186.35,4.059638150547,1215691266,121600000,53.72625124,60.91144986,13.90111899,56.15052014,48.94753751,14.95286942,1.87237005,2019-08-30 00:00:00
300760,300760.SZ,迈瑞医疗,10091420,069001002002,016082,医疗器械,1041,230786829937.44,23084544000.0,189.84,1.872819962436,1215691266,121600000,54.7324472,62.05221165,14.16146193,57.20211829,49.86423677,15.23290975,1.90743617,2019-09-02 00:00:00
300760,300760.SZ,迈瑞医疗,10091420,069001002002,016082,医疗器械,1041,224246410926.36,22430336000.0,184.46,-2.833965444585,1215691266,121600000,53.18134856,60.29367341,13.76013099,55.58103003,48.45110153,14.80121435,1.85338009,2019-09-03 00:00:00
300760,300760.SZ,迈瑞医疗,10091420,069001002002,016082,医疗器械,1041,222301304900.76,22235776000.0,182.86,-0.867396725577,1215691266,121600000,52.72005528,59.77068807,13.64077606,55.09892199,48.03083826,14.6728291,1.83730393,2019-09-04 00:00:00
300760,300760.SZ,迈瑞医疗,10091420,069001002002,016082,医疗器械,1041,221656988529.78,22171328000.0,182.33,-0.289839221262,1215691266,121600000,52.56725188,59.59744917,13.60123974,54.93922371,47.89162605,14.63030149,1.83197871,2019-09-05 00:00:00
300760,300760.SZ,迈瑞医疗,10091420,069001002002,016082,医疗器械,1041,222957778184.4,22301440000.0,183.4,0.586848022816,1215691266,121600000,52.87574176,59.94719562,13.68105835,55.26163345,48.17267711,14.71615912,1.84272964,2019-09-06 00:00:00
300760,300760.SZ,迈瑞医疗,10091420,069001002002,016082,医疗器械,1041,221596203966.48,22165248000.0,182.28,-0.610687022901,1215691266,121600000,52.55283647,59.58110588,13.5975099,54.92415783,47.87849283,14.62628945,1.83147633,2019-09-09 00:00:00
300760,300760.SZ,迈瑞医疗,10091420,069001002002,016082,医疗器械,1041,218702858753.4,21875840000.0,179.9,-1.305683563748,1215691266,121600000,51.86666272,58.80316517,13.41996945,54.20702213,47.25335121,14.43531639,1.80756304,2019-09-10 00:00:00
300760,300760.SZ,迈瑞医疗,10091420,069001002002,016082,医疗器械,1041,219067566133.2,21912320000.0,180.2,0.166759310728,1215691266,121600000,51.95315521,58.90122492,13.4423485,54.29741738,47.33215058,14.45938862,1.81057732,2019-09-11 00:00:00
300760,300760.SZ,迈瑞医疗,10091420,069001002002,016082,医疗器械,1041,219140507609.16,21919616000.0,180.26,0.033296337403,1215691266,121600000,51.97045371,58.92083687,13.44682431,54.31549644,47.34791045,14.46420307,1.81118018,2019-09-12 00:00:00
300760,300760.SZ,迈瑞医疗,10091420,069001002002,016082,医疗器械,1041,221134241285.4,22119040000.0,181.9,0.909796959947,1215691266,121600000,52.44327932,59.45689686,13.56916311,54.80965717,47.7786803,14.59579795,1.82765824,2019-09-16 00:00:00
300760,300760.SZ,迈瑞医疗,10091420,069001002002,016082,医疗器械,1041,221219339674.02,22127552000.0,181.97,0.038482682793,1215691266,121600000,52.4634609,59.47977747,13.57438489,54.8307494,47.79706682,14.60141481,1.82836157,2019-09-17 00:00:00
300760,300760.SZ,迈瑞医疗,10091420,069001002002,016082,医疗器械,1041,224489549179.56,22454656000.0,184.66,1.478265648184,1215691266,121600000,53.23901022,60.35904658,13.77505035,55.64129353,48.50363444,14.8172625,1.85538961,2019-09-18 00:00:00
300760,300760.SZ,迈瑞医疗,10091420,069001002002,016082,医疗器械,1041,223772291332.62,22382912000.0,184.07,-0.319506119354,1215691266,121600000,53.06890832,60.16619574,13.73103822,55.46351619,48.34866236,14.76992044,1.84946153,2019-09-19 00:00:00
300760,300760.SZ,迈瑞医疗,10091420,069001002002,016082,医疗器械,1041,227528777344.56,22758656000.0,187.16,1.678709186722,1215691266,121600000,53.95978096,61.17621119,13.96154243,56.39458733,49.16029579,15.01786446,1.88050861,2019-09-20 00:00:00
300760,300760.SZ,迈瑞医疗,10091420,069001002002,016082,医疗器械,1041,222909150533.76,22296576000.0,183.36,-2.030348365035,1215691266,121600000,52.86420943,59.93412099,13.67807448,55.24958075,48.16217053,14.71294949,1.84232773,2019-09-23 00:00:00
300760,300760.SZ,迈瑞医疗,10091420,069001002002,016082,医疗器械,1041,227309952916.68,22736768000.0,186.98,1.974258289703,1215691266,121600000,53.90788547,61.11737534,13.948115,56.34035018,49.11301618,15.00342112,1.87870004,2019-09-24 00:00:00
300760,300760.SZ,迈瑞医疗,10091420,069001002002,016082,医疗器械,1041,230774673024.78,23083328000.0,189.83,1.524227190074,1215691266,121600000,54.72956412,62.04894299,14.16071596,57.19910512,49.86161012,15.23210734,1.9073357,2019-09-25 00:00:00
300760,300760.SZ,迈瑞医疗,10091420,069001002002,016082,医疗器械,1041,230835457588.08,23089408000.0,189.88,0.026339356266,1215691266,121600000,54.74397953,62.06528628,14.1644458,57.21417099,49.87474335,15.23611938,1.90783808,2019-09-26 00:00:00
300760,300760.SZ,迈瑞医疗,10091420,069001002002,016082,医疗器械,1041,230786829937.44,23084544000.0,189.84,-0.021065936381,1215691266,121600000,54.7324472,62.05221165,14.16146193,57.20211829,49.86423677,15.23290975,1.90743617,2019-09-27 00:00:00
300760,300760.SZ,迈瑞医疗,10091420,069001002002,016082,医疗器械,1041,224246410926.36,22430336000.0,184.46,-2.833965444585,1215691266,121600000,53.18134856,60.29367341,12.73762598,55.58103003,48.45110153,14.80121435,1.85338009,2019-09-30 00:00:00
300760,300760.SZ,迈瑞医疗,10091420,069001002002,016082,医疗器械,1041,223067190398.34,22312384000.0,183.49,-0.525859264881,1215691266,121600000,52.90168951,59.97661355,12.670644,55.28875203,48.19631692,14.72338079,1.84363392,2019-10-08 00:00:00
300760,300760.SZ,迈瑞医疗,10091420,069001002002,016082,医疗器械,1041,213110678929.8,21316480000.0,175.3,-4.463458499101,1215691266,121600000,50.54044455,57.29958229,12.10509506,52.82096153,46.04509432,14.0662088,1.76134409,2019-10-09 00:00:00
300760,300760.SZ,迈瑞医疗,10091420,069001002002,016082,医疗器械,1041,224939354947.98,22499648000.0,185.03,5.550484883058,1215691266,121600000,53.34568429,60.47998695,12.77698653,55.75278101,48.60082032,14.84695159,1.85910722,2019-10-10 00:00:00
300760,300760.SZ,迈瑞医疗,10091420,069001002002,016082,医疗器械,1041,221693459267.76,22174976000.0,182.36,-1.443009241745,1215691266,121600000,52.57590113,59.60725514,12.59261344,54.94826323,47.89950599,14.63270871,1.83228014,2019-10-11 00:00:00
300760,300760.SZ,迈瑞医疗,10091420,069001002002,016082,医疗器械,1041,218836584792.66,21889216000.0,180.01,-1.288659793814,1215691266,121600000,51.89837663,58.83912041,12.43033749,54.24016706,47.28224431,14.44414288,1.80866828,2019-10-14 00:00:00
300760,300760.SZ,迈瑞医疗,10091420,069001002002,016082,医疗器械,1041,218642074190.1,21869760000.0,179.85,-0.088883950892,1215691266,121600000,51.85224731,58.78682188,12.41928891,54.19195625,47.24021799,14.43130435,1.80706066,2019-10-15 00:00:00
300760,300760.SZ,迈瑞医疗,10091420,069001002002,016082,医疗器械,1041,209256937616.58,85915980862.32,172.13,-4.292465943842,1215691266,499134264,49.62650725,56.26341757,11.88619517,51.86578499,45.21244772,13.81184553,1.7294932,2019-10-16 00:00:00
300760,300760.SZ,迈瑞医疗,10091420,069001002002,016082,医疗器械,1041,217949130168.48,89484790849.92,179.28,4.153837216058,1215691266,499134264,51.68791158,58.60050835,12.37992837,54.02020526,47.0904992,14.38556711,1.80133353,2019-10-17 00:00:00
300760,300760.SZ,迈瑞医疗,10091420,069001002002,016082,医疗器械,1041,215055784955.4,88296851301.6,176.9,-1.327532351629,1215691266,499134264,51.00173783,57.82256764,12.21558081,53.30306956,46.46535759,14.19459405,1.77742025,2019-10-18 00:00:00
300760,300760.SZ,迈瑞医疗,10091420,069001002002,016082,医疗器械,1041,212964795977.88,87438340367.52,175.18,-0.972300734878,1215691266,499134264,50.50584756,57.26035839,12.09680863,52.78480343,46.01357457,14.05657991,1.76013838,2019-10-21 00:00:00
300760,300760.SZ,迈瑞医疗,10091420,069001002002,016082,医疗器械,1041,213973819728.66,87852621806.64,176.01,0.47379837881,1215691266,499134264,50.74514344,57.53165704,12.15412311,53.03489697,46.23158614,14.12317975,1.76847788,2019-10-22 00:00:00
300760,300760.SZ,迈瑞医疗,10091420,069001002002,016082,医疗器械,1041,212587931685.42,87283608745.68,174.87,-0.647690472132,1215691266,499134264,50.41647198,57.15902998,12.07540201,52.69139499,45.93214857,14.03170527,1.75702362,2019-10-23 00:00:00
300760,300760.SZ,迈瑞医疗,10091420,069001002002,016082,医疗器械,1041,208989485538.06,85806171324.24,171.91,-1.692685995311,1215691266,499134264,49.56307942,56.19150708,11.87100338,51.79949513,45.15466152,13.79419256,1.72728273,2019-10-24 00:00:00
300760,300760.SZ,迈瑞医疗,10091420,069001002002,016082,医疗器械,1041,214314213283.14,87992379400.56,176.29,2.547844802513,1215691266,499134264,50.82586977,57.62317948,12.17345812,53.11926588,46.30513222,14.14564717,1.77129121,2019-10-25 00:00:00
300760,300760.SZ,迈瑞医疗,10091420,069001002002,016082,医疗器械,1041,214204801069.2,87947457316.8,176.2,-0.051052243462,1215691266,499134264,50.79992202,57.59376155,12.1672433,53.0921473,46.28149241,14.1384255,1.77038693,2019-10-28 00:00:00
300760,300760.SZ,迈瑞医疗,10091420,069001002002,016082,医疗器械,1041,217098146282.28,89135396865.12,178.58,1.350737797957,1215691266,499134264,51.48609577,58.37170226,12.33159085,53.809283,46.90663402,14.32939856,1.79430021,2019-10-29 00:00:00
300760,300760.SZ,迈瑞医疗,10091420,069001002002,016082,医疗器械,1041,217803247216.56,89424894738.24,179.16,0.324784410348,1215691266,499134264,48.46772279,58.56128445,12.37164193,53.98404716,44.74754608,13.73892338,1.80012782,2019-10-30 00:00:00
300760,300760.SZ,迈瑞医疗,10091420,069001002002,016082,医疗器械,1041,216393045348.0,88845898992.0,178.0,-0.647465952221,1215691266,499134264,48.15391079,58.18212007,12.29153976,53.63451884,44.45782096,13.64996853,1.7884726,2019-10-31 00:00:00
300760,300760.SZ,迈瑞医疗,10091420,069001002002,016082,医疗器械,1041,218581289626.8,89744340667.2,179.8,1.011235955056,1215691266,499134264,48.64086045,58.77047859,12.41583623,54.17689038,44.90739443,13.78800192,1.80655828,2019-11-01 00:00:00
300760,300760.SZ,迈瑞医疗,10091420,069001002002,016082,医疗器械,1041,228671527134.6,93887155058.4,188.1,4.616240266963,1215691266,499134264,50.88623943,61.48346508,12.98898107,56.6778258,46.98042765,14.42448922,1.88995335,2019-11-04 00:00:00
300760,300760.SZ,迈瑞医疗,10091420,069001002002,016082,医疗器械,1041,234567629774.7,96307956238.8,192.95,2.57841573631,1215691266,499134264,52.19829824,63.06876442,13.323891,58.13921578,48.19177839,14.79641252,1.93868421,2019-11-05 00:00:00
300760,300760.SZ,迈瑞医疗,10091420,069001002002,016082,医疗器械,1041,230142513566.46,94491107517.84,189.31,-1.886499093029,1215691266,499134264,51.21357782,61.87897275,13.07253591,57.04242001,47.28264093,14.51727833,1.90211095,2019-11-06 00:00:00
300760,300760.SZ,迈瑞医疗,10091420,069001002002,016082,医疗器械,1041,237059796870.0,97331181480.0,195.0,3.005652105013,1215691266,499134264,52.7528798,63.7388394,13.46545087,58.7569167,48.70379262,14.95361721,1.95928179,2019-11-07 00:00:00
300760,300760.SZ,迈瑞医疗,10091420,069001002002,016082,医疗器械,1041,236403323586.36,97061648977.44,194.46,-0.276923076923,1215691266,499134264,52.6067949,63.56233185,13.42816193,58.59420524,48.56892058,14.91220719,1.95385608,2019-11-08 00:00:00
300760,300760.SZ,迈瑞医疗,10091420,069001002002,016082,医疗器械,1041,230130356653.8,94486116175.2,189.3,-2.653502005554,1215691266,499134264,51.21087254,61.8757041,13.07184538,57.03940683,47.2801433,14.51651148,1.90201047,2019-11-11 00:00:00
300760,300760.SZ,迈瑞医疗,10091420,069001002002,016082,医疗器械,1041,232525268447.82,95469410675.28,191.27,1.040676175383,1215691266,499134264,51.74381189,62.51962981,13.20788096,57.63300235,47.77217649,14.66758135,1.92180424,2019-11-12 00:00:00
300760,300760.SZ,迈瑞医疗,10091420,069001002002,016082,医疗器械,1041,240220594161.6,98628930566.4,197.6,3.309457834475,1215691266,499134264,53.45625153,64.58869059,13.64499021,59.54034226,49.35317652,15.15299877,1.98540554,2019-11-13 00:00:00
300760,300760.SZ,迈瑞医疗,10091420,069001002002,016082,医疗器械,1041,240706870668.0,98828584272.0,198.0,0.202429149798,1215691266,499134264,53.56446256,64.71943693,13.67261165,59.66086927,49.45308174,15.18367286,1.98942458,2019-11-14 00:00:00
300760,300760.SZ,迈瑞医疗,10091420,069001002002,016082,医疗器械,1041,235844105604.0,96832047216.0,194.0,-2.020202020202,1215691266,499134264,52.48235221,63.41197356,13.39639727,58.45559918,48.45402958,14.87693199,1.94923419,2019-11-15 00:00:00
300760,300760.SZ,迈瑞医疗,10091420,069001002002,016082,医疗器械,1041,236220969896.46,96986778837.84,194.31,0.159793814433,1215691266,499134264,52.56621576,63.51330197,13.41780389,58.54900761,48.53145612,14.90070441,1.95234894,2019-11-18 00:00:00
300760,300760.SZ,迈瑞医疗,10091420,069001002002,016082,医疗器械,1041,237084110695.32,97341164165.28,195.02,0.365395502033,1215691266,499134264,52.75829035,63.74537672,13.46683194,58.76294305,48.70878788,14.95515091,1.95948274,2019-11-19 00:00:00
300760,300760.SZ,迈瑞医疗,10091420,069001002002,016082,医疗器械,1041,237071953782.66,97336172822.64,195.01,-0.005127679212,1215691266,499134264,52.75558507,63.74210806,13.4661414,58.75992988,48.70629025,14.95438406,1.95938226,2019-11-20 00:00:00
300760,300760.SZ,迈瑞医疗,10091420,069001002002,016082,医疗器械,1041,230981340540.0,94835510160.0,190.0,-2.569099020563,1215691266,499134264,51.40024185,62.10451019,13.12018289,57.2503291,47.45497743,14.57019113,1.90904379,2019-11-21 00:00:00
300760,300760.SZ,迈瑞医疗,10091420,069001002002,016082,医疗器械,1041,222094637385.54,91186838690.16,182.69,-3.847368421053,1215691266,499134264,49.42268518,59.71512087,12.61540112,55.04769801,45.62920961,14.0096222,1.83559584,2019-11-22 00:00:00
300760,300760.SZ,迈瑞医疗,10091420,069001002002,016082,医疗器械,1041,221863656045.0,91092003180.0,182.5,-0.104001313701,1215691266,499134264,49.37128494,59.65301636,12.60228094,54.99044768,45.58175463,13.995052,1.8336868,2019-11-25 00:00:00
300760,300760.SZ,迈瑞医疗,10091420,069001002002,016082,医疗器械,1041,224477392266.9,92165141847.6,184.65,1.178082191781,1215691266,499134264,49.95291925,60.35577793,12.75074617,55.63828036,46.11874517,14.15992522,1.85528914,2019-11-26 00:00:00
300760,300760.SZ,迈瑞医疗,10091420,069001002002,016082,医疗器械,1041,222483658590.66,91346561654.64,183.01,-0.888166802058,1215691266,499134264,49.50925401,59.81971794,12.63749827,55.14411962,45.70913378,14.03416146,1.83881107,2019-11-27 00:00:00
300760,300760.SZ,迈瑞医疗,10091420,069001002002,016082,医疗器械,1041,224720530520.1,92264968700.4,184.85,1.005409540462,1215691266,499134264,50.00702477,60.42115109,12.76455688,55.69854386,46.16869777,14.17526226,1.85729866,2019-11-28 00:00:00
300760,300760.SZ,迈瑞医疗,10091420,069001002002,016082,医疗器械,1041,218459720500.2,89694427240.8,179.7,-2.786042737355,1215691266,499134264,48.61380769,58.737792,12.40893087,54.14675862,44.88241812,13.7803334,1.80555352,2019-11-29 00:00:00
300760,300760.SZ,迈瑞医疗,10091420,069001002002,016082,医疗器械,1041,219249919823.1,90018864512.4,180.35,0.361713967724,1215691266,499134264,48.78965062,58.9502548,12.45381571,54.34261501,45.0447641,13.83017879,1.81208446,2019-12-02 00:00:00
300760,300760.SZ,迈瑞医疗,10091420,069001002002,016082,医疗器械,1041,218860898617.98,89859141547.92,180.03,-0.177432769615,1215691266,499134264,48.70308179,58.84565773,12.43171856,54.24619341,44.96483993,13.80563952,1.80886923,2019-12-03 00:00:00
300760,300760.SZ,迈瑞医疗,10091420,069001002002,016082,医疗器械,1041,220258943573.88,90433145951.52,181.18,0.638782425151,1215691266,499134264,49.01418852,59.22155345,12.51113019,54.59270856,45.25206742,13.89382752,1.82042397,2019-12-04 00:00:00
300760,300760.SZ,迈瑞医疗,10091420,069001002002,016082,医疗器械,1041,221620517791.8,90992176327.2,182.3,0.618169775913,1215691266,499134264,49.31717942,59.58764319,12.58847022,54.93018418,45.53180202,13.97971496,1.83167728,2019-12-05 00:00:00
300760,300760.SZ,迈瑞医疗,10091420,069001002002,016082,医疗器械,1041,226337399903.88,92928817271.52,186.18,2.128359846407,1215691266,499134264,50.36682646,60.85588266,12.85639817,56.09929616,46.50088262,14.2772536,1.87066196,2019-12-06 00:00:00
300760,300760.SZ,迈瑞医疗,10091420,069001002002,016082,医疗器械,1041,221134241285.4,90792522621.6,181.9,-2.298850574713,1215691266,499134264,49.20896838,59.45689686,12.56084878,54.80965717,45.43189681,13.94904087,1.82765824,2019-12-09 00:00:00
300760,300760.SZ,迈瑞医疗,10091420,069001002002,016082,医疗器械,1041,219553842639.6,90143648078.4,180.6,-0.714678394722,1215691266,499134264,48.85728252,59.03197126,12.47107911,54.41794439,45.10720486,13.84935009,1.81459636,2019-12-10 00:00:00
300760,300760.SZ,迈瑞医疗,10091420,069001002002,016082,医疗器械,1041,216940106417.7,89070509410.8,178.45,-1.190476190476,1215691266,499134264,48.2756482,58.3292097,12.32261388,53.77011172,44.57021432,13.68447688,1.79299402,2019-12-11 00:00:00
300760,300760.SZ,迈瑞医疗,10091420,069001002002,016082,医疗器械,1041,219432273513.0,90093734652.0,180.5,1.148781171196,1215691266,499134264,48.83022976,58.99928468,12.46417375,54.38781264,45.08222855,13.84168157,1.8135916,2019-12-12 00:00:00
300760,300760.SZ,迈瑞医疗,10091420,069001002002,016082,医疗器械,1041,225267591589.8,92489579119.2,185.3,2.659279778393,1215691266,499134264,50.12876219,60.56824072,12.795631,55.83413674,46.28109114,14.20977061,1.86182008,2019-12-13 00:00:00
300760,300760.SZ,迈瑞医疗,10091420,069001002002,016082,医疗器械,1041,220964044508.16,90722643824.64,181.76,-1.910415542364,1215691266,499134264,49.17109452,59.41113564,12.55118128,54.76747272,45.39692998,13.93830494,1.82625158,2019-12-16 00:00:00
300760,300760.SZ,迈瑞医疗,10091420,069001002002,016082,医疗器械,1041,220951887595.5,90717652482.0,181.75,-0.005501760563,1215691266,499134264,49.16838925,59.40786698,12.55049074,54.76445954,45.39443235,13.93753809,1.8261511,2019-12-17 00:00:00
300760,300760.SZ,迈瑞医疗,10091420,069001002002,016082,医疗器械,1041,216976577155.68,89085483438.72,178.48,-1.799174690509,1215691266,499134264,48.28376403,58.33901567,12.32468549,53.77915125,44.57770722,13.68677743,1.79329545,2019-12-18 00:00:00
300760,300760.SZ,迈瑞医疗,10091420,069001002002,016082,医疗器械,1041,217973443993.8,89494773535.2,179.3,0.459435230838,1215691266,499134264,48.50559665,58.60704566,12.38130944,54.02623161,44.78251291,13.74965931,1.80153448,2019-12-19 00:00:00
300760,300760.SZ,迈瑞医疗,10091420,069001002002,016082,医疗器械,1041,214022447379.3,87872587177.2,176.05,-1.812604573341,1215691266,499134264,47.62638199,57.54473167,12.15688526,53.04694967,43.97078303,13.50043236,1.76887979,2019-12-20 00:00:00
300760,300760.SZ,迈瑞医疗,10091420,069001002002,016082,医疗器械,1041,212198910480.3,87123885781.2,174.55,-0.852030673104,1215691266,499134264,47.22059061,57.05443291,12.05330486,52.59497339,43.59613847,13.38540453,1.75380839,2019-12-23 00:00:00
300760,300760.SZ,迈瑞医疗,10091420,069001002002,016082,医疗器械,1041,214083231942.6,87897543890.4,176.1,0.887997708393,1215691266,499134264,47.63990837,57.56107497,12.16033794,53.06201555,43.98327118,13.50426662,1.76938217,2019-12-24 00:00:00
300760,300760.SZ,迈瑞医疗,10091420,069001002002,016082,医疗器械,1041,213900878252.7,87822673750.8,175.95,-0.085178875639,1215691266,499134264,47.59932923,57.51204509,12.1499799,53.01681792,43.94580673,13.49276384,1.76787503,2019-12-25 00:00:00
300760,300760.SZ,迈瑞医疗,10091420,069001002002,016082,医疗器械,1041,216575399037.9,88920769131.6,178.15,1.25035521455,1215691266,499134264,48.19448993,58.23114994,12.3018978,53.67971647,44.49528541,13.66147131,1.78997974,2019-12-26 00:00:00
300760,300760.SZ,迈瑞医疗,10091420,069001002002,016082,医疗器械,1041,213329503357.68,87588080646.72,175.48,-1.498737019366,1215691266,499134264,47.47218126,57.35841814,12.11752471,52.87519868,43.8284181,13.45672178,1.76315265,2019-12-27 00:00:00
300760,300760.SZ,迈瑞医疗,10091420,069001002002,016082,医疗器械,1041,216538928299.92,88905795103.68,178.12,1.504444950992,1215691266,499134264,48.1863741,58.22134397,12.2998262,53.67067694,44.48779252,13.65917076,1.78967832,2019-12-30 00:00:00
300760,300760.SZ,迈瑞医疗,10091420,069001002002,016082,医疗器械,1041,221134241285.4,90792522621.6,181.9,2.122164832697,1215691266,499134264,49.20896838,47.24437735,11.89334323,46.83266539,45.43189681,13.94904087,1.82765824,2019-12-31 00:00:00
300760,300760.SZ,迈瑞医疗,10091420,069001002002,016082,医疗器械,1041,219225605997.78,90008881827.12,180.33,-0.86311159978,1215691266,499134264,48.78424007,46.83660565,11.7906904,46.42844722,45.03976884,13.82864508,0.77958123,2020-01-02 00:00:00
300760,300760.SZ,迈瑞医疗,10091420,069001002002,016082,医疗器械,1041,216393045348.0,88845898992.0,178.0,-1.292075639106,1215691266,499134264,48.15391079,46.23144127,11.63834577,45.82855656,44.45782096,13.64996853,0.76950846,2020-01-03 00:00:00
300760,300760.SZ,迈瑞医疗,10091420,069001002002,016082,医疗器械,1041,214715391400.92,88157093707.68,176.62,-0.775280898876,1215691266,499134264,47.78058272,45.87301774,11.54811589,45.47325652,44.11314796,13.54414293,0.7635426,2020-01-06 00:00:00
300760,300760.SZ,迈瑞医疗,10091420,069001002002,016082,医疗器械,1041,219675411766.2,90193561504.8,180.7,2.310044162609,1215691266,499134264,48.88433528,46.93270471,11.81488247,46.52370883,45.13218116,13.85701861,0.78118077,2020-01-07 00:00:00
300760,300760.SZ,迈瑞医疗,10091420,069001002002,016082,医疗器械,1041,219006781569.9,89919037659.6,180.15,-0.304371887106,1215691266,499134264,48.7355451,46.78985475,11.77892129,46.38210374,44.99481149,13.81484175,0.77880308,2020-01-08 00:00:00
300760,300760.SZ,迈瑞医疗,10091420,069001002002,016082,医疗器械,1041,230811143762.76,94765631363.04,189.86,5.389952817097,1215691266,499134264,51.36236799,49.31180584,12.41379959,48.88207724,47.4200106,14.5594552,0.8207802,2020-01-09 00:00:00
300760,300760.SZ,迈瑞医疗,10091420,069001002002,016082,医疗器械,1041,227942112375.0,93587674500.0,187.5,-1.243021173496,1215691266,499134264,50.72392288,48.69884966,12.25949343,48.27446267,46.83056983,14.37847809,0.81057773,2020-01-10 00:00:00
300760,300760.SZ,迈瑞医疗,10091420,069001002002,016082,医疗器械,1041,228914665387.8,93986981911.2,188.3,0.426666666667,1215691266,499134264,50.94034495,48.90663142,12.3118006,48.48043371,47.03038026,14.43982626,0.81403619,2020-01-13 00:00:00
300760,300760.SZ,迈瑞医疗,10091420,069001002002,016082,医疗器械,1041,227334266742.0,93338107368.0,187.0,-0.690387679235,1215691266,499134264,50.58865909,48.56898606,12.22680145,48.14573077,46.70568831,14.34013548,0.80841619,2020-01-14 00:00:00
300760,300760.SZ,迈瑞医疗,10091420,069001002002,016082,医疗器械,1041,229084862165.04,94056860708.16,188.44,0.770053475936,1215691266,499134264,50.97821881,48.94299322,12.32095436,48.51647865,47.06534708,14.45056219,0.81464142,2020-01-15 00:00:00
300760,300760.SZ,迈瑞医疗,10091420,069001002002,016082,医疗器械,1041,234263706958.2,96183172672.8,192.7,2.260666525154,1215691266,499134264,52.13066634,50.04943109,12.59949005,49.61327444,48.12933763,14.77724121,0.83305775,2020-01-16 00:00:00
300760,300760.SZ,迈瑞医疗,10091420,069001002002,016082,医疗器械,1041,234689198901.3,96357869665.2,193.05,0.181629475869,1215691266,499134264,52.225351,50.14033561,12.62237444,49.70338677,48.21675469,14.80408104,0.83457083,2020-01-17 00:00:00
300760,300760.SZ,迈瑞医疗,10091420,069001002002,016082,医疗器械,1041,235892733254.64,96852012586.56,194.04,0.512820512821,1215691266,499134264,52.49317331,50.39746553,12.68710456,49.95827593,48.4640201,14.8799994,0.83885068,2020-01-20 00:00:00
300760,300760.SZ,迈瑞医疗,10091420,069001002002,016082,医疗器械,1041,235078220106.42,96517592629.68,193.37,-0.345289631004,1215691266,499134264,52.31191983,50.22344831,12.64329731,49.78577518,48.29667887,14.82862031,0.83595421,2020-01-21 00:00:00
300760,300760.SZ,迈瑞医疗,10091420,069001002002,016082,医疗器械,1041,234956650979.82,96467679203.28,193.27,-0.051714330041,1215691266,499134264,52.28486707,50.19747559,12.63675891,49.7600288,48.27170256,14.82095179,0.83552191,2020-01-22 00:00:00
300760,300760.SZ,迈瑞医疗,10091420,069001002002,016082,医疗器械,1041,228160936802.88,93677518667.52,187.68,-2.892326796709,1215691266,499134264,50.77261785,48.74560055,12.27126255,48.32080616,46.87552717,14.39228143,0.81135588,2020-01-23 00:00:00
300760,300760.SZ,迈瑞医疗,10091420,069001002002,016082,医疗器械,1041,226118575476.0,92838973104.0,186.0,-0.895140664962,1215691266,499134264,50.3181315,48.30925886,12.16141749,47.88826697,46.45592527,14.26345026,0.80409311,2020-02-03 00:00:00
300760,300760.SZ,迈瑞医疗,10091420,069001002002,016082,医疗器械,1041,243126096287.34,99821861457.36,199.99,7.521505376344,1215691266,499134264,54.10281246,51.94284236,13.07613916,51.49018555,49.95011019,15.33627644,0.86457301,2020-02-04 00:00:00
300760,300760.SZ,迈瑞医疗,10091420,069001002002,016082,医疗器械,1041,267439921607.34,109804546737.36,219.99,10.000500025001,1215691266,499134264,59.51336424,57.13738633,14.38381845,56.63946157,54.94537097,16.86998077,0.95103464,2020-02-05 00:00:00
300760,300760.SZ,迈瑞医疗,10091420,069001002002,016082,医疗器械,1041,269688950449.44,110727945125.76,221.84,0.840947315787,1215691266,499134264,60.01384028,57.61788164,14.50477879,57.1157696,55.40743259,17.01184842,0.95903234,2020-02-06 00:00:00
300760,300760.SZ,迈瑞医疗,10091420,069001002002,016082,医疗器械,1041,262431273591.42,107748113569.68,215.87,-2.691128741435,1215691266,499134264,58.39879057,56.06731027,14.11443652,55.57871071,53.91634725,16.55403768,0.93322354,2020-02-07 00:00:00
300760,300760.SZ,迈瑞医疗,10091420,069001002002,016082,医疗器械,1041,274053282094.38,112519837133.52,225.43,4.42859128179,1215691266,499134264,60.98503432,58.55030228,14.73950722,58.04006464,56.3040819,17.28714835,0.9745522,2020-02-10 00:00:00
300760,300760.SZ,迈瑞医疗,10091420,069001002002,016082,医疗器械,1041,271342290571.2,111406767724.8,223.2,-0.98922060063,1215691266,499134264,60.3817578,57.97111063,14.59370098,57.46592037,55.74711032,17.11614031,0.96491173,2020-02-11 00:00:00
300760,300760.SZ,迈瑞医疗,10091420,069001002002,016082,医疗器械,1041,277177608648.0,113802612192.0,228.0,2.150537634409,1215691266,499134264,61.68029022,59.21780118,14.90754401,58.70174661,56.94597291,17.48422935,0.98566252,2020-02-12 00:00:00
300760,300760.SZ,迈瑞医疗,10091420,069001002002,016082,医疗器械,1041,276083486508.6,113353391354.4,227.1,-0.394736842105,1215691266,499134264,61.43681539,58.9840467,14.84869845,58.47002919,56.72118618,17.41521266,0.98177174,2020-02-13 00:00:00
300760,300760.SZ,迈瑞医疗,10091420,069001002002,016082,医疗器械,1041,287571768972.3,118070210149.2,236.55,4.161162483487,1215691266,499134264,63.99330111,61.43846873,15.46657691,60.90306211,59.08144689,18.13988795,1.02262486,2020-02-14 00:00:00
300760,300760.SZ,迈瑞医疗,10091420,069001002002,016082,医疗器械,1041,293407087049.1,120466054616.4,241.35,2.029169308814,1215691266,499134264,65.29183353,62.68515928,15.78041995,62.13888835,60.28030948,18.50797699,1.04337565,2020-02-17 00:00:00
300760,300760.SZ,迈瑞医疗,10091420,069001002002,016082,医疗器械,1041,294549836839.14,120935240824.56,242.29,0.389475864926,1215691266,499134264,65.54612947,62.92930284,15.84188087,62.38090433,60.51508674,18.5800611,1.04743935,2020-02-18 00:00:00
300760,300760.SZ,迈瑞医疗,10091420,069001002002,016082,医疗器械,1041,285444309256.8,117196725187.2,234.8,-3.091336827768,1215691266,499134264,63.51987783,60.98394613,15.35215498,60.45250046,58.64436158,18.00568883,1.01505947,2020-02-19 00:00:00
300760,300760.SZ,迈瑞医疗,10091420,069001002002,016082,医疗器械,1041,285675290597.34,117291560697.36,234.99,0.080919931857,1215691266,499134264,63.57127807,61.0332943,15.36457793,60.50141858,58.69181655,18.02025902,1.01588085,2020-02-20 00:00:00
300760,300760.SZ,迈瑞医疗,10091420,069001002002,016082,医疗器械,1041,292179238870.44,119961929009.76,240.34,2.276692625218,1215691266,499134264,65.01860067,62.42283481,15.71438214,61.87884991,60.02804881,18.43052492,1.03900934,2020-02-21 00:00:00
300760,300760.SZ,迈瑞医疗,10091420,069001002002,016082,医疗器械,1041,304020071801.28,124823496741.12,250.08,4.052592161105,1215691266,499134264,67.65353938,64.95257772,16.35122196,64.38654734,62.46074081,19.17743893,1.08111615,2020-02-24 00:00:00
300760,300760.SZ,迈瑞医疗,10091420,069001002002,016082,医疗器械,1041,315326000575.08,129465445396.32,259.38,3.718809980806,1215691266,499134264,70.16944596,67.36804066,16.95929283,66.78096068,64.78353708,19.89061145,1.1213208,2020-02-25 00:00:00
300760,300760.SZ,迈瑞医疗,10091420,069001002002,016082,医疗器械,1041,301369864841.4,123735384045.6,247.9,-4.425938777084,1215691266,499134264,67.06378924,64.38637243,16.20868492,63.82527625,61.91625739,19.01026516,1.07169183,2020-02-26 00:00:00
300760,300760.SZ,迈瑞医疗,10091420,069001002002,016082,医疗器械,1041,297965929296.6,122337808106.4,245.1,-1.129487696652,1215691266,499134264,63.65913559,63.65913627,16.02560982,63.10437761,61.21692088,17.99746834,1.0595872,2020-02-27 00:00:00
300760,300760.SZ,迈瑞医疗,10091420,069001002002,016082,医疗器械,1041,290550212574.0,119293089096.0,239.0,-2.488780089759,1215691266,499134264,62.0747997,62.07480036,15.62676763,61.53384842,59.69336634,17.54955093,1.03321641,2020-02-28 00:00:00
300760,300760.SZ,迈瑞医疗,10091420,069001002002,016082,医疗器械,1041,295376506900.02,121274652124.08,242.97,1.661087866109,1215691266,499134264,63.10591667,63.10591734,15.88634197,62.55597971,60.68492561,17.84106439,1.05037904,2020-03-02 00:00:00
300760,300760.SZ,迈瑞医疗,10091420,069001002002,016082,医疗器械,1041,318498954779.34,130768185825.36,261.99,7.828126929251,1215691266,499134264,68.04592792,68.04592865,17.12994498,67.4529412,65.43541861,19.23768556,1.13260405,2020-03-03 00:00:00
300760,300760.SZ,迈瑞医疗,10091420,069001002002,016082,医疗器械,1041,312444812274.66,128282497190.64,257.01,-1.900835909768,1215691266,499134264,66.75248649,66.7524872,16.80433284,66.17077148,64.19159867,18.87200873,1.1110751,2020-03-04 00:00:00
300760,300760.SZ,迈瑞医疗,10091420,069001002002,016082,医疗器械,1041,317562872504.52,130383852442.08,261.22,1.638068557644,1215691266,499134264,67.84593798,67.84593871,17.07959933,67.25469408,65.24310107,19.18114517,1.12927527,2020-03-05 00:00:00
300760,300760.SZ,迈瑞医疗,10091420,069001002002,016082,医疗器械,1041,320334648591.0,131521878564.0,263.5,0.872827501723,1215691266,499134264,68.43811599,68.43811672,17.22867477,67.84171154,65.8125608,19.34856348,1.1391319,2020-03-06 00:00:00
300760,300760.SZ,迈瑞医疗,10091420,069001002002,016082,医疗器械,1041,324224860642.2,133119108208.8,266.7,1.214421252372,1215691266,499134264,69.26924301,69.26924375,17.43790346,68.66559571,66.61180252,19.58353654,1.15296576,2020-03-09 00:00:00
300760,300760.SZ,迈瑞医疗,10091420,069001002002,016082,医疗器械,1041,315082862321.88,129365618543.52,259.18,-2.819647544057,1215691266,499134264,67.3160945,67.31609522,16.94621604,66.72946792,64.73358447,19.03134984,1.12045619,2020-03-10 00:00:00
300760,300760.SZ,迈瑞医疗,10091420,069001002002,016082,医疗器械,1041,302707125234.0,124284431736.0,249.0,-3.927772204645,1215691266,499134264,64.67207165,64.67207234,16.28060728,64.10848643,62.19099673,18.28384177,1.07644722,2020-03-11 00:00:00
300760,300760.SZ,迈瑞医疗,10091420,069001002002,016082,医疗器械,1041,296871807157.2,121888587268.8,244.2,-1.927710843373,1215691266,499134264,63.42538112,63.42538179,15.96676425,62.87266019,60.99213414,17.93138217,1.05569643,2020-03-12 00:00:00
300760,300760.SZ,迈瑞医疗,10091420,069001002002,016082,医疗器械,1041,299376131165.16,122916803852.64,246.26,0.843570843571,1215691266,499134264,63.96041914,63.96041982,16.10145521,63.40303562,61.506646,18.08264608,1.06460198,2020-03-13 00:00:00
300760,300760.SZ,迈瑞医疗,10091420,069001002002,016082,医疗器械,1041,292458847861.62,120076729890.48,240.57,-2.310566068383,1215691266,499134264,62.4825714,62.48257206,15.72942045,61.93806659,60.08549431,17.66483459,1.04000365,2020-03-16 00:00:00
300760,300760.SZ,迈瑞医疗,10091420,069001002002,016082,医疗器械,1041,294805132005.0,121040059020.0,242.5,0.802261296088,1215691266,499134264,62.98384488,62.98384556,15.85561151,62.43497172,60.56753698,17.80655273,1.04834719,2020-03-17 00:00:00
300760,300760.SZ,迈瑞医疗,10091420,069001002002,016082,医疗器械,1041,285079601877.0,117046984908.0,234.5,-3.298969072165,1215691266,499134264,60.90602732,60.90602797,15.33253979,60.37526132,58.56943266,17.21912006,1.01376254,2020-03-18 00:00:00
300760,300760.SZ,迈瑞医疗,10091420,069001002002,016082,医疗器械,1041,275098776583.14,112949092600.56,226.29,-3.501066098081,1215691266,499134264,58.77366705,58.77366767,14.79573743,58.26148351,56.51887811,16.61626728,0.97827005,2020-03-19 00:00:00
300760,300760.SZ,迈瑞医疗,10091420,069001002002,016082,医疗器械,1041,286903138776.0,117795686304.0,236.0,4.290954085466,1215691266,499134264,61.29561811,61.29561877,15.43061573,60.76145702,58.94407722,17.32926368,1.02024717,2020-03-20 00:00:00
300760,300760.SZ,迈瑞医疗,10091420,069001002002,016082,医疗器械,1041,294865916568.3,121065015733.2,242.55,2.775423728814,1215691266,499134264,62.99683124,62.99683192,15.8588807,62.44784491,60.58002513,17.81022418,1.04856335,2020-03-23 00:00:00
300760,300760.SZ,迈瑞医疗,10091420,069001002002,016082,医疗器械,1041,295656115891.2,121389453004.8,243.2,0.267985982272,1215691266,499134264,63.16565392,63.16565459,15.90138028,62.61519638,60.7423711,17.85795308,1.05137335,2020-03-24 00:00:00
300760,300760.SZ,迈瑞医疗,10091420,069001002002,016082,医疗器械,1041,308639698612.08,126720206944.32,253.88,4.391447368421,1215691266,499134264,65.93954037,65.93954107,16.59968103,65.36490978,63.40984036,18.64217569,1.09754386,2020-03-25 00:00:00
300760,300760.SZ,迈瑞医疗,10091420,069001002002,016082,医疗器械,1041,326656243174.2,134117376736.8,268.7,5.837403497715,1215691266,499134264,69.7886974,69.78869815,17.56867139,69.18052331,67.1113286,19.73039471,1.16161192,2020-03-26 00:00:00
300760,300760.SZ,迈瑞医疗,10091420,069001002002,016082,医疗器械,1041,319520135442.78,131187458607.12,262.83,-2.184592482322,1215691266,499134264,68.26409877,68.26409949,17.18486751,67.6692108,65.64521956,19.29936599,1.13623543,2020-03-27 00:00:00
300760,300760.SZ,迈瑞医疗,10091420,069001002002,016082,医疗器械,1041,314487173601.54,129121042754.16,258.69,-1.575162652665,1215691266,499134264,67.18882818,67.18882889,16.9141779,66.60331066,64.61120058,18.99536959,1.11833788,2020-03-30 00:00:00
300760,300760.SZ,迈瑞医疗,10091420,069001002002,016082,医疗器械,1041,318146404312.2,130623436888.8,261.7,1.163554833971,1215691266,499134264,67.97060703,67.97060776,15.98423972,67.3782767,65.36298733,19.21639113,1.13135035,2020-03-31 00:00:00
300760,300760.SZ,迈瑞医疗,10091420,069001002002,016082,医疗器械,1041,309794605314.78,127194384495.12,254.83,-2.625143293848,1215691266,499134264,66.1862812,66.18628191,15.56463052,65.60950039,63.64711525,18.71193332,1.10165079,2020-04-01 00:00:00
300760,300760.SZ,迈瑞医疗,10091420,069001002002,016082,医疗器械,1041,308907150690.6,126830016482.4,254.1,-0.286465486795,1215691266,499134264,65.99668105,65.99668105,15.52004323,65.42155181,65.42155181,18.65833008,1.09849494,2020-04-02 00:00:00
300760,300760.SZ,迈瑞医疗,10091420,069001002002,016082,医疗器械,1041,312286772410.08,128217609736.32,256.88,1.094057457694,1215691266,499134264,66.71872267,66.71872267,15.68984142,66.13730118,66.13730118,18.86246293,1.1105131,2020-04-03 00:00:00
300760,300760.SZ,迈瑞医疗,10091420,069001002002,016082,医疗器械,1041,321817791935.52,132130822366.08,264.72,3.052008720025,1215691266,499134264,68.7549839,68.7549839,16.16869674,68.15581738,68.15581738,19.43814694,1.14440606,2020-04-07 00:00:00
300760,300760.SZ,迈瑞医疗,10091420,069001002002,016082,医疗器械,1041,324565254196.68,133258865802.72,266.98,0.853732245391,1215691266,499134264,69.34196737,69.34196737,16.30673412,68.73768557,68.73768557,19.60409667,1.15417622,2020-04-08 00:00:00
300760,300760.SZ,迈瑞医疗,10091420,069001002002,016082,医疗器械,1041,330048021806.34,135509961333.36,271.49,1.689265113492,1215691266,499134264,70.51333703,70.51333703,16.58219809,69.89884731,69.89884731,19.93526184,1.17367332,2020-04-09 00:00:00
300760,300760.SZ,迈瑞医疗,10091420,069001002002,016082,医疗器械,1041,317793853845.06,130478687952.24,261.41,-3.71284393532,1215691266,499134264,67.89528687,67.89528687,15.96652696,67.3036122,67.3036122,19.19509668,1.13009666,2020-04-10 00:00:00
300760,300760.SZ,迈瑞医疗,10091420,069001002002,016082,医疗器械,1041,316930713046.2,130124302624.8,260.7,-0.271603993726,1215691266,499134264,67.71088056,67.71088056,15.92316123,67.1208129,67.1208129,19.14296203,1.12702727,2020-04-13 00:00:00
300760,300760.SZ,迈瑞医疗,10091420,069001002002,016082,医疗器械,1041,317295420426.0,130274042904.0,261.0,0.115074798619,1215691266,499134264,67.78879872,67.78879872,15.94148478,67.19805204,67.19805204,19.16499075,1.1283242,2020-04-14 00:00:00
300760,300760.SZ,迈瑞医疗,10091420,069001002002,016082,医疗器械,1041,321623281332.96,132050960883.84,264.56,1.36398467433,1215691266,499134264,68.71342755,68.71342755,16.15892419,68.11462317,68.11462317,19.42639829,1.14371437,2020-04-15 00:00:00
300760,300760.SZ,迈瑞医疗,10091420,069001002002,016082,医疗器械,1041,319118957325.0,131022744300.0,262.5,-0.77865134563,1215691266,499134264,68.17838952,68.17838952,16.03310251,67.58424774,67.58424774,19.27513438,1.13480882,2020-04-16 00:00:00
300760,300760.SZ,迈瑞医疗,10091420,069001002002,016082,医疗器械,1041,315155803797.84,129395566599.36,259.24,-1.241904761905,1215691266,499134264,67.33167885,67.33167885,15.83398664,66.74491575,66.74491575,19.03575557,1.12071557,2020-04-17 00:00:00
300760,300760.SZ,迈瑞医疗,10091420,069001002002,016082,医疗器械,1041,323313092192.7,132744757510.8,265.95,2.588335133467,1215691266,499134264,69.07444835,69.07444835,16.24382328,68.47249786,68.47249786,19.52846471,1.14972345,2020-04-20 00:00:00
300760,300760.SZ,迈瑞医疗,10091420,069001002002,016082,医疗器械,1041,325829573113.32,133777965437.28,268.02,0.77834179357,1215691266,499134264,69.61208365,69.61208365,16.37025575,69.00544792,69.00544792,19.68046292,1.15867223,2020-04-21 00:00:00
300760,300760.SZ,迈瑞医疗,10091420,069001002002,016082,医疗器械,1041,331421752936.92,136073983051.68,272.62,1.716289829117,1215691266,499134264,70.80682877,70.80682877,16.65121678,70.18978141,70.18978141,20.0182367,1.1785584,2020-04-22 00:00:00
300760,300760.SZ,迈瑞医疗,10091420,069001002002,016082,医疗器械,1041,328868801278.32,135025801097.28,270.52,-0.770302985841,1215691266,499134264,70.26140165,70.26140165,16.52295196,69.64910743,69.64910743,19.86403563,1.16947993,2020-04-23 00:00:00
300760,300760.SZ,迈瑞医疗,10091420,069001002002,016082,医疗器械,1041,322972698638.22,132604999916.88,265.67,-1.792843412687,1215691266,499134264,69.00172474,69.00172474,16.22672131,68.40040799,68.40040799,19.50790457,1.14851299,2020-04-24 00:00:00
300760,300760.SZ,迈瑞医疗,10091420,069001002002,016082,医疗器械,1041,331871558705.34,136258662729.36,272.99,2.755297925998,1215691266,499134264,70.90292783,70.90292783,16.67381582,70.28504301,70.28504301,20.04540546,1.18015794,2020-04-27 00:00:00
300760,300760.SZ,迈瑞医疗,10091420,069001002002,016082,医疗器械,1041,333220976010.6,136812701762.4,274.1,0.40660830067,1215691266,499134264,71.19122502,71.19122502,16.74161294,70.57082783,70.57082783,20.12691174,1.18495656,2020-04-28 00:00:00
300760,300760.SZ,迈瑞医疗,10091420,069001002002,016082,医疗器械,1041,321793478110.2,132120839680.8,264.7,-3.429405326523,1215691266,499134264,64.51065227,68.74978936,16.16747517,68.1506681,56.70256781,18.50309582,1.1443196,2020-04-29 00:00:00
300760,300760.SZ,迈瑞医疗,10091420,069001002002,016082,医疗器械,1041,311581671475.8,127928111863.2,256.3,-3.173403853419,1215691266,499134264,62.46346874,66.56808089,15.65441589,65.98797218,54.90316634,17.91591786,1.10800571,2020-04-30 00:00:00
300760,300760.SZ,迈瑞医疗,10091420,069001002002,016082,医疗器械,1041,317027968347.48,130164233365.92,260.78,1.747951619196,1215691266,499134264,63.55529996,67.73165874,15.92804751,67.14141,55.86284712,18.22907944,1.12737312,2020-05-06 00:00:00
300760,300760.SZ,迈瑞医疗,10091420,069001002002,016082,医疗器械,1041,321793478110.2,132120839680.8,264.7,1.503182759414,1215691266,499134264,64.51065227,68.74978936,16.16747517,68.1506681,56.70256781,18.50309582,1.1443196,2020-05-07 00:00:00
300760,300760.SZ,迈瑞医疗,10091420,069001002002,016082,医疗器械,1041,323629171921.86,132874532419.44,266.21,0.570457121269,1215691266,499134264,64.87865788,69.14197742,16.25970369,68.53943844,57.02603164,18.60864805,1.15084745,2020-05-08 00:00:00
300760,300760.SZ,迈瑞医疗,10091420,069001002002,016082,医疗器械,1041,316201298286.6,129824822066.4,260.1,-2.2951804966,1215691266,499134264,63.38957558,67.55504424,15.88651414,66.96633462,55.71718129,18.18154599,1.12443342,2020-05-11 00:00:00
300760,300760.SZ,迈瑞医疗,10091420,069001002002,016082,医疗器械,1041,316420122714.48,129914666233.92,260.28,0.069204152249,1215691266,499134264,63.4334438,67.60179514,15.89750827,67.0126781,55.75573989,18.19412837,1.12521158,2020-05-12 00:00:00
300760,300760.SZ,迈瑞医疗,10091420,069001002002,016082,医疗器械,1041,324820549362.54,133363683998.16,267.19,2.654833256493,1215691266,499134264,65.11749596,69.39651008,16.3195606,68.79175297,57.23596182,18.67715214,1.15508407,2020-05-13 00:00:00
300760,300760.SZ,迈瑞医疗,10091420,069001002002,016082,医疗器械,1041,325562121034.8,133668155899.2,267.8,0.228301957409,1215691266,499134264,65.26616048,69.55494367,16.35681848,68.94880589,57.36663264,18.71979245,1.15772115,2020-05-14 00:00:00
300760,300760.SZ,迈瑞医疗,10091420,069001002002,016082,医疗器械,1041,316298553587.88,129864752807.52,260.18,-2.298159969959,1215691266,499134264,63.40907256,67.57582242,15.89140042,66.98693172,55.73431844,18.18713816,1.12477927,2020-05-15 00:00:00
300760,300760.SZ,迈瑞医疗,10091420,069001002002,016082,医疗器械,1041,322182499315.32,132280562645.28,265.02,1.860250595741,1215691266,499134264,64.58864021,68.83290206,16.18702029,68.23305652,56.77111644,18.5254645,1.14570298,2020-05-18 00:00:00
300760,300760.SZ,迈瑞医疗,10091420,069001002002,016082,医疗器械,1041,327908405178.18,134631485028.72,269.73,1.777224360426,1215691266,499134264,65.73652526,70.05621716,16.47469996,69.44571102,57.78006655,18.85470357,1.1660647,2020-05-19 00:00:00
300760,300760.SZ,迈瑞医疗,10091420,069001002002,016082,医疗器械,1041,319751116783.32,131282294117.28,263.02,-2.487672858043,1215691266,499134264,64.10121556,68.31344766,16.06486332,67.71812892,56.34268751,18.38566023,1.13705682,2020-05-20 00:00:00
300760,300760.SZ,迈瑞医疗,10091420,069001002002,016082,医疗器械,1041,344052785190.66,141259988054.64,283.01,7.600182495628,1215691266,499134264,68.97302493,73.50539435,17.28582225,72.8648303,60.62483459,19.78300396,1.22347521,2020-05-21 00:00:00
300760,300760.SZ,迈瑞医疗,10091420,069001002002,016082,医疗器械,1041,333257446748.58,136827675790.32,274.13,-3.137698314547,1215691266,499134264,66.80885949,71.19901683,16.74344529,70.57855175,58.72261017,19.16227298,1.18508625,2020-05-22 00:00:00
300760,300760.SZ,迈瑞医疗,10091420,069001002002,016082,医疗器械,1041,339177863214.0,139258459656.0,279.0,1.776529383869,1215691266,499134264,67.99573851,72.46388829,17.04089752,71.83240046,59.7658346,19.50269639,1.20613966,2020-05-25 00:00:00
300760,300760.SZ,迈瑞医疗,10091420,069001002002,016082,医疗器械,1041,347310837783.54,142597667882.16,285.69,2.397849462366,1215691266,499134264,69.62617396,74.20146325,17.44951259,73.55483329,61.19892934,19.97034169,1.23506107,2020-05-26 00:00:00
300760,300760.SZ,迈瑞医疗,10091420,069001002002,016082,医疗器械,1041,336685696118.7,138235234414.8,276.95,-3.059260037103,1215691266,499134264,67.49612824,71.93144753,16.91568662,71.30459967,59.32669495,19.35939701,1.19727734,2020-05-27 00:00:00
300760,300760.SZ,迈瑞医疗,10091420,069001002002,016082,医疗器械,1041,330303316972.2,135614779528.8,271.7,-1.895649034122,1215691266,499134264,66.21663854,70.56787974,16.59502457,69.95291471,58.20206903,18.99241078,1.17458117,2020-05-28 00:00:00
300760,300760.SZ,迈瑞医疗,10091420,069001002002,016082,医疗器械,1041,338934724960.8,139158632803.2,278.8,2.613176297387,1215691266,499134264,67.94699604,72.41194285,17.02868182,71.7809077,59.72299171,19.48871596,1.20527504,2020-05-29 00:00:00
300760,300760.SZ,迈瑞医疗,10091420,069001002002,016082,医疗器械,1041,341925325475.16,140386503092.64,281.26,0.882352941176,1215691266,499134264,68.54652836,73.05087176,17.1789349,72.41426865,60.24995928,19.66067522,1.21590982,2020-06-01 00:00:00
300760,300760.SZ,迈瑞医疗,10091420,069001002002,016082,医疗器械,1041,335117454385.56,137591351214.24,275.66,-1.991040318566,1215691266,499134264,67.18173935,71.59639945,16.83689538,70.97247136,59.0503583,19.26922325,1.19170057,2020-06-02 00:00:00
300760,300760.SZ,迈瑞医疗,10091420,069001002002,016082,医疗器械,1041,336211576524.96,138040572051.84,276.56,0.326489153305,1215691266,499134264,67.40108044,71.83015393,16.89186602,71.20418878,59.24315131,19.33213517,1.19559134,2020-06-03 00:00:00
300760,300760.SZ,迈瑞医疗,10091420,069001002002,016082,医疗器械,1041,333342545137.2,136862615188.8,274.2,-0.853341047151,1215691266,499134264,66.82591935,71.21719774,16.74772079,70.59657421,58.73760519,19.16716613,1.18538887,2020-06-04 00:00:00
300760,300760.SZ,迈瑞医疗,10091420,069001002002,016082,医疗器械,1041,332892739368.78,136677935511.12,273.83,-0.134938001459,1215691266,499134264,66.73574579,71.12109867,16.72512175,70.50131261,58.65834584,19.14130234,1.18378933,2020-06-05 00:00:00
300760,300760.SZ,迈瑞医疗,10091420,069001002002,016082,医疗器械,1041,329391548522.7,135240428830.8,270.95,-1.05174743454,1215691266,499134264,66.0338543,70.37308434,16.54921571,69.75981686,58.04140819,18.93998418,1.17133885,2020-06-08 00:00:00
300760,300760.SZ,迈瑞医疗,10091420,069001002002,016082,医疗器械,1041,331312340722.98,136029060967.92,272.53,0.58313341945,1215691266,499134264,66.41891977,70.78345332,16.64571972,70.16660967,58.37986704,19.05042956,1.17816932,2020-06-09 00:00:00
300760,300760.SZ,迈瑞医疗,10091420,069001002002,016082,医疗器械,1041,332892739368.78,136677935511.12,273.83,0.477011705133,1215691266,499134264,66.73574579,71.12109867,16.72512175,70.50131261,58.65834584,19.14130234,1.18378933,2020-06-10 00:00:00
300760,300760.SZ,迈瑞医疗,10091420,069001002002,016082,医疗器械,1041,331519008238.2,136113913792.8,272.7,-0.412664792024,1215691266,499134264,66.46035086,70.82760694,16.65610306,70.21037851,58.41628349,19.06231292,1.17890425,2020-06-11 00:00:00
300760,300760.SZ,迈瑞医疗,10091420,069001002002,016082,医疗器械,1041,337840602821.4,138709411965.6,277.9,1.906857352402,1215691266,499134264,67.72765495,72.17818837,16.97371119,71.54919028,59.53019869,19.42580404,1.20138427,2020-06-12 00:00:00
300760,300760.SZ,迈瑞医疗,10091420,069001002002,016082,医疗器械,1041,343688077810.86,141110247775.44,282.71,1.73083843109,1215691266,499134264,68.89991123,73.42747619,17.2674987,72.78759116,60.56057025,19.76203332,1.22217829,2020-06-15 00:00:00
300760,300760.SZ,迈瑞医疗,10091420,069001002002,016082,医疗器械,1041,348696725826.78,143166680943.12,286.83,1.457323759329,1215691266,499134264,69.90400601,74.49755225,17.51914206,73.84834202,61.44313383,20.05003013,1.23998938,2020-06-16 00:00:00
300760,300760.SZ,迈瑞医疗,10091420,069001002002,016082,医疗器械,1041,345900635914.98,142018672135.92,284.53,-0.801868702716,1215691266,499134264,69.34346766,73.9001797,17.37866155,73.25617528,60.95044057,19.88925521,1.2300463,2020-06-17 00:00:00
300760,300760.SZ,迈瑞医疗,10091420,069001002002,016082,医疗器械,1041,340077474750.84,139627819011.36,279.74,-1.683478016378,1215691266,499134264,68.17608563,72.65608642,17.0860956,72.02292367,59.9243533,19.55442397,1.20933874,2020-06-18 00:00:00
300760,300760.SZ,迈瑞医疗,10091420,069001002002,016082,医疗器械,1041,357838724147.1,146920170608.4,294.35,5.222706799171,1215691266,499134264,71.73672269,76.45070078,17.97845228,75.7844698,63.05402657,20.5756942,1.27249895,2020-06-19 00:00:00
300760,300760.SZ,迈瑞医疗,10091420,069001002002,016082,医疗器械,1041,361789720761.6,148542356966.4,297.6,1.104127739086,1215691266,499134264,72.52878774,77.29481418,18.17695735,76.62122716,63.75022357,20.80287615,1.28654897,2020-06-22 00:00:00
300760,300760.SZ,迈瑞医疗,10091420,069001002002,016082,医疗器械,1041,367819549440.96,151018062915.84,302.56,1.666666666667,1215691266,499134264,73.73760087,78.58306108,18.47990664,77.89824761,64.8127273,21.14959075,1.30799145,2020-06-23 00:00:00
300760,300760.SZ,迈瑞医疗,10091420,069001002002,016082,医疗器械,1041,363722669874.54,149335980446.16,299.19,-1.113828662084,1215691266,499134264,72.91629034,77.70778042,18.27407215,77.0305946,64.09082456,20.91402055,1.29342267,2020-06-24 00:00:00
300760,300760.SZ,迈瑞医疗,10091420,069001002002,016082,医疗器械,1041,366956408642.1,150663677588.4,301.85,0.889067147966,1215691266,499134264,73.56456512,78.39865477,18.43654092,77.71544831,64.66063503,21.09996023,1.30492206,2020-06-29 00:00:00
300760,300760.SZ,迈瑞医疗,10091420,069001002002,016082,医疗器械,1041,371636820016.2,152585344504.8,305.7,1.275467947656,1215691266,499134264,74.50285757,79.39860448,18.39635978,78.70668394,65.48536071,21.36908346,1.32156593,2020-06-30 00:00:00
300760,300760.SZ,迈瑞医疗,10091420,069001002002,016082,医疗器械,1041,362883842901.0,148991577804.0,298.5,-2.355250245339,1215691266,499134264,72.74812883,77.52856865,17.96307947,76.85294458,63.94301659,20.86578807,1.29043974,2020-07-01 00:00:00
300760,300760.SZ,迈瑞医疗,10091420,069001002002,016082,医疗器械,1041,353255568074.28,145038434433.12,290.58,-2.653266331658,1215691266,499134264,70.81792723,75.47152924,17.48647113,74.81383127,62.24643806,20.31216314,1.25620094,2020-07-02 00:00:00
300760,300760.SZ,迈瑞医疗,10091420,069001002002,016082,医疗器械,1041,360683441709.54,148088144786.16,296.69,2.102691169385,1215691266,499134264,72.30700953,77.05846242,17.85415761,76.3869351,63.55528841,20.7392652,1.28261496,2020-07-03 00:00:00
300760,300760.SZ,迈瑞医疗,10091420,069001002002,016082,医疗器械,1041,354215964174.42,145432750501.68,291.37,-1.793117395261,1215691266,499134264,71.01045996,75.67671373,17.53401161,75.01722768,62.41566748,20.36738583,1.25961617,2020-07-06 00:00:00
300760,300760.SZ,迈瑞医疗,10091420,069001002002,016082,医疗器械,1041,364269730944.24,149560590864.96,299.64,2.83831554381,1215691266,499134264,73.02596088,77.82465766,18.03168218,77.14645331,64.18722107,20.94547651,1.29536805,2020-07-07 00:00:00
300760,300760.SZ,迈瑞医疗,10091420,069001002002,016082,医疗器械,1041,366190523144.52,150349223002.08,301.22,0.527299425978,1215691266,499134264,73.41102636,78.23502663,18.12676314,77.55324611,64.52567992,21.05592189,1.30219852,2020-07-08 00:00:00
300760,300760.SZ,迈瑞医疗,10091420,069001002002,016082,医疗器械,1041,388972577469.36,159702999109.44,319.96,6.221366443131,1215691266,499134264,77.97819532,83.10231433,19.2544955,82.37811774,68.54005892,22.36588794,1.38321306,2020-07-09 00:00:00
300760,300760.SZ,迈瑞医疗,10091420,069001002002,016082,医疗器械,1041,387404335736.22,159059115908.88,318.67,-0.403175396925,1215691266,499134264,77.66380642,82.76726624,19.17686611,82.04598944,68.26372226,22.27571419,1.37763629,2020-07-10 00:00:00
300760,300760.SZ,迈瑞医疗,10091420,069001002002,016082,医疗器械,1041,400570272147.0,164464739988.0,329.5,3.39850001569,1215691266,499134264,80.30321089,85.5801118,19.82859191,84.8343224,70.58366488,23.03275434,1.42445526,2020-07-13 00:00:00
300760,300760.SZ,迈瑞医疗,10091420,069001002002,016082,医疗器械,1041,396813786135.06,162922415112.24,326.41,-0.937784522003,1215691266,499134264,79.55013981,84.77755475,19.64264244,84.03875926,69.92174219,22.81675673,1.41109694,2020-07-14 00:00:00
300760,300760.SZ,迈瑞医疗,10091420,069001002002,016082,医疗器械,1041,421832712389.34,173194598265.36,346.99,6.304953892344,1215691266,499134264,84.56573944,90.12274049,20.88110199,89.33736428,74.3302758,24.25534272,1.50006595,2020-07-15 00:00:00
300760,300760.SZ,迈瑞医疗,10091420,069001002002,016082,医疗器械,1041,402029101666.2,165063701104.8,330.7,-4.694659788467,1215691266,499134264,80.59566568,85.89178443,19.90080529,85.14327897,70.84072223,23.1166369,1.42964296,2020-07-16 00:00:00
300760,300760.SZ,迈瑞医疗,10091420,069001002002,016082,医疗器械,1041,414429152579.4,170154870597.6,340.9,3.084366495313,1215691266,499134264,83.08153139,88.54100186,20.51461906,87.76940974,73.02570973,23.8296387,1.47373839,2020-07-17 00:00:00
300760,300760.SZ,迈瑞医疗,10091420,069001002002,016082,医疗器械,1041,410903647908.0,168707381232.0,338.0,-0.850689351716,1215691266,499134264,82.37476565,87.78779298,20.34010338,87.02276471,72.40448779,23.62692251,1.46120145,2020-07-20 00:00:00
300760,300760.SZ,迈瑞医疗,10091420,069001002002,016082,医疗器械,1041,419109563953.5,172076537514.0,344.75,1.997041420118,1215691266,499134264,84.01982384,89.54095157,20.74630367,88.76064537,73.8504354,24.09876193,1.49038225,2020-07-21 00:00:00
300760,300760.SZ,迈瑞医疗,10091420,069001002002,016082,医疗器械,1041,423425267947.8,173848464151.2,348.3,1.02973168963,1215691266,499134264,84.88500259,90.46298312,20.95993494,89.67464186,74.61089674,24.34691452,1.50572919,2020-07-22 00:00:00
300760,300760.SZ,迈瑞医疗,10091420,069001002002,016082,医疗器械,1041,428652740391.6,175994741486.4,352.6,1.234567901235,1215691266,499134264,85.93296558,91.57981007,21.21869957,90.78173621,75.53201892,24.64749371,1.52431844,2020-07-23 00:00:00
300760,300760.SZ,迈瑞医疗,10091420,069001002002,016082,医疗器械,1041,404083619905.74,165907238010.96,332.39,-5.731707317073,1215691266,499134264,81.00753951,86.3307234,20.00250581,85.57839279,71.20274467,23.23477151,1.43694896,2020-07-24 00:00:00
300760,300760.SZ,迈瑞医疗,10091420,069001002002,016082,医疗器械,1041,406040882844.0,166710844176.0,334.0,0.484370769277,1215691266,499134264,81.39991635,86.74888419,20.0993921,85.99290951,71.54762995,23.34731396,1.44390912,2020-07-27 00:00:00
300760,300760.SZ,迈瑞医疗,10091420,069001002002,016082,医疗器械,1041,413322873527.34,169700658417.36,339.99,1.793413173653,1215691266,499134264,82.85975317,88.30465011,20.45985725,87.53511768,72.83077457,23.76602776,1.46980438,2020-07-28 00:00:00
300760,300760.SZ,迈瑞医疗,10091420,069001002002,016082,医疗器械,1041,416957790412.68,171193069866.72,342.98,0.879437630519,1215691266,499134264,83.58845302,89.08123443,20.63978893,88.30493444,73.47127581,23.97503515,1.48273039,2020-07-29 00:00:00
300760,300760.SZ,迈瑞医疗,10091420,069001002002,016082,医疗器械,1041,411086001597.9,168782251371.6,338.15,-1.408245378739,1215691266,499134264,82.4113225,87.82675206,20.34913006,87.06138428,72.43661996,23.63740783,1.46184991,2020-07-30 00:00:00
300760,300760.SZ,迈瑞医疗,10091420,069001002002,016082,医疗器械,1041,421832712389.34,173194598265.36,346.99,2.614224456602,1215691266,499134264,84.56573944,90.12274049,20.88110199,89.33736428,74.3302758,24.25534272,1.50006595,2020-07-31 00:00:00
300760,300760.SZ,迈瑞医疗,10091420,069001002002,016082,医疗器械,1041,419364859119.36,172181355709.44,344.96,-0.585031268913,1215691266,499134264,84.07100343,89.59549428,20.75894102,88.81471277,73.89542044,24.11344138,1.49129009,2020-08-03 00:00:00
300760,300760.SZ,迈瑞医疗,10091420,069001002002,016082,医疗器械,1041,415170724251.66,170459342498.64,341.51,-1.000115955473,1215691266,499134264,83.23019591,88.69943545,20.55132753,87.92646265,73.15638055,23.87227901,1.47637546,2020-08-04 00:00:00
300760,300760.SZ,迈瑞医疗,10091420,069001002002,016082,医疗器械,1041,418586816709.12,171861909780.48,344.32,0.822816315774,1215691266,499134264,83.91502754,89.42926887,20.72042721,88.64993593,73.75832319,24.06870402,1.48852332,2020-08-05 00:00:00
300760,300760.SZ,迈瑞医疗,10091420,069001002002,016082,医疗器械,1041,407256574110.0,167209978440.0,335.0,-2.706784386617,1215691266,499134264,81.64362868,87.00861139,20.15956992,86.25037331,71.76184441,23.41721609,1.44823221,2020-08-06 00:00:00
300760,300760.SZ,迈瑞医疗,10091420,069001002002,016082,医疗器械,1041,397980849750.42,163401584005.68,327.37,-2.277611940299,1215691266,499134264,79.78410364,85.02689286,19.70041315,84.28592451,70.12738807,22.88386278,1.4152471,2020-08-07 00:00:00
300760,300760.SZ,迈瑞医疗,10091420,069001002002,016082,医疗器械,1041,393251810725.68,161459951718.72,323.48,-1.188257934447,1215691266,499134264,78.8360627,84.01655406,19.46632143,83.28439032,69.29409382,22.61194347,1.39843031,2020-08-10 00:00:00
300760,300760.SZ,迈瑞医疗,10091420,069001002002,016082,医疗器械,1041,384766285689.0,157975994556.0,316.5,-2.157784097935,1215691266,499134264,77.13495067,82.20365822,19.04628024,81.48729299,67.79887688,22.12402655,1.3682552,2020-08-11 00:00:00
300760,300760.SZ,迈瑞医疗,10091420,069001002002,016082,医疗器械,1041,379903520625.0,155979457500.0,312.5,-1.263823064771,1215691266,499134264,76.16010138,81.16474943,18.80556896,80.45743779,66.94201904,21.844418,1.35096288,2020-08-12 00:00:00
300760,300760.SZ,迈瑞医疗,10091420,069001002002,016082,医疗器械,1041,380511366258.0,156229024632.0,313.0,0.16,1215691266,499134264,76.28195754,81.29461303,18.83565787,80.58616969,67.04912627,21.87936907,1.35312442,2020-08-13 00:00:00
300760,300760.SZ,迈瑞医疗,10091420,069001002002,016082,医疗器械,1041,383818046501.52,157586669830.08,315.72,0.869009584665,1215691266,499134264,76.94485506,82.00107101,18.99934154,81.28647123,67.6317896,22.06950288,1.3648832,2020-08-14 00:00:00
300760,300760.SZ,迈瑞医疗,10091420,069001002002,016082,医疗器械,1041,381727057524.0,156728158896.0,314.0,-0.544786519701,1215691266,499134264,76.52566986,81.55434023,18.89583569,80.84363349,67.26334073,21.9492712,1.3574475,2020-08-17 00:00:00
300760,300760.SZ,迈瑞医疗,10091420,069001002002,016082,医疗器械,1041,387805513854.0,159223830216.0,319.0,1.592356687898,1215691266,499134264,77.74423148,82.85297622,19.19672479,82.13095249,68.33441304,22.29878189,1.37906291,2020-08-18 00:00:00
300760,300760.SZ,迈瑞医疗,10091420,069001002002,016082,医疗器械,1041,375648601194.0,154232487576.0,309.0,-3.134796238245,1215691266,499134264,75.30710824,80.25570423,18.59494659,79.55631449,66.19226843,21.59976052,1.33583209,2020-08-19 00:00:00
300760,300760.SZ,迈瑞医疗,10091420,069001002002,016082,医疗器械,1041,377338412053.74,154926284202.96,310.39,0.449838187702,1215691266,499134264,75.64586837,80.61672504,18.67859376,79.91418917,66.49002653,21.69692449,1.34184118,2020-08-20 00:00:00
300760,300760.SZ,迈瑞医疗,10091420,069001002002,016082,医疗器械,1041,386249429033.52,158584938358.08,317.72,2.361545152872,1215691266,499134264,77.43227971,82.5205254,19.11969718,81.80139883,68.06021853,22.20930716,1.37352936,2020-08-21 00:00:00
300760,300760.SZ,迈瑞医疗,10091420,069001002002,016082,医疗器械,1041,386322370509.48,158614886413.92,317.78,0.018884552436,1215691266,499134264,77.44690245,82.53610903,19.12330785,81.81684666,68.07307139,22.21350128,1.37378875,2020-08-24 00:00:00
300760,300760.SZ,迈瑞医疗,10091420,069001002002,016082,医疗器械,1041,391574156778.6,160771146434.4,322.1,1.35943105293,1215691266,499134264,78.49973969,83.65813053,19.38327604,82.92909028,68.99847786,22.51547852,1.39246446,2020-08-25 00:00:00
300760,300760.SZ,迈瑞医疗,10091420,069001002002,016082,医疗器械,1041,385483543535.94,158270483771.76,317.09,-1.555417572183,1215691266,499134264,77.27874095,82.35689727,19.08178515,81.63919664,67.92526342,22.16526881,1.37080582,2020-08-26 00:00:00
300760,300760.SZ,迈瑞医疗,10091420,069001002002,016082,医疗器械,1041,397895751361.8,163366644607.2,327.3,3.219906020373,1215691266,499134264,79.76704378,85.00871196,19.6962007,84.26790204,70.11239306,22.87896963,1.41494448,2020-08-27 00:00:00
300760,300760.SZ,迈瑞医疗,10091420,069001002002,016082,医疗器械,1041,412508360379.12,169366238460.48,339.32,3.672471738466,1215691266,499134264,71.55163438,88.13063288,20.41953811,87.36261693,60.37475632,21.80877736,1.46690792,2020-08-28 00:00:00
300760,300760.SZ,迈瑞医疗,10091420,069001002002,016082,医疗器械,1041,416313474041.7,170928528706.8,342.45,0.922433101497,1215691266,499134264,72.21165034,88.94357901,20.60789469,88.16847863,60.93167306,22.00994874,1.48043916,2020-08-31 00:00:00
300760,300760.SZ,迈瑞医疗,10091420,069001002002,016082,医疗器械,1041,421662515612.1,173124719468.4,346.85,1.284859103519,1215691266,499134264,73.1394683,90.08637869,20.8726771,89.30131935,61.71455921,22.29274557,1.49946072,2020-09-01 00:00:00
300760,300760.SZ,迈瑞医疗,10091420,069001002002,016082,医疗器械,1041,422209576681.8,173349329887.2,347.3,0.129739080294,1215691266,499134264,73.23435878,90.20325592,20.89975712,89.41717806,61.79462711,22.32166798,1.5014061,2020-09-02 00:00:00
300760,300760.SZ,迈瑞医疗,10091420,069001002002,016082,医疗器械,1041,418051912552.08,171642290704.32,343.88,-0.98473941837,1215691266,499134264,72.51319118,89.31498891,20.69394897,88.53665186,61.18611106,22.10185771,1.48662117,2020-09-03 00:00:00
300760,300760.SZ,迈瑞医疗,10091420,069001002002,016082,医疗器械,1041,408472265376.0,167709112704.0,336.0,-2.291497033849,1215691266,499134264,70.85155355,87.26833859,20.21974774,86.50783711,59.78403314,21.5953943,1.45255529,2020-09-04 00:00:00
300760,300760.SZ,迈瑞医疗,10091420,069001002002,016082,医疗器械,1041,395111818362.66,162223627142.64,325.01,-3.270833333333,1215691266,499134264,68.53411732,84.41393668,19.55839349,83.67830994,57.82859705,20.88904494,1.40504462,2020-09-07 00:00:00
300760,300760.SZ,迈瑞医疗,10091420,069001002002,016082,医疗器械,1041,399840857387.4,164165259429.6,328.9,1.196886249654,1215691266,499134264,69.35439275,85.42427548,19.79248522,84.67984412,58.52073958,21.13906305,1.42186141,2020-09-08 00:00:00
300760,300760.SZ,迈瑞医疗,10091420,069001002002,016082,医疗器械,1041,379441557943.92,155789786479.68,312.12,-5.101854667072,1215691266,499134264,65.81603243,81.06605309,18.78270139,80.35960154,55.5350965,20.06057878,1.34932011,2020-09-09 00:00:00
300760,300760.SZ,迈瑞医疗,10091420,069001002002,016082,医疗器械,1041,386723548627.26,158779600721.04,318.11,1.919133666539,1215691266,499134264,67.07913006,82.62181901,19.14316653,81.90180971,56.60088923,20.4455681,1.37521536,2020-09-10 00:00:00
300760,300760.SZ,迈瑞医疗,10091420,069001002002,016082,医疗器械,1041,399828700474.74,164160268086.96,328.89,3.388764892647,1215691266,499134264,69.35228407,85.42167821,19.79188344,84.67726949,58.51896029,21.13842033,1.42181818,2020-09-11 00:00:00
300760,300760.SZ,迈瑞医疗,10091420,069001002002,016082,医疗器械,1041,409481289126.78,168123394143.12,336.83,2.414181033172,1215691266,499134264,71.02657376,87.48391216,20.26969533,86.72153207,59.93171394,21.64874006,1.45614344,2020-09-14 00:00:00
300760,300760.SZ,迈瑞医疗,10091420,069001002002,016082,医疗器械,1041,411037373947.26,168762286001.04,338.11,0.380013656741,1215691266,499134264,71.29648444,87.81636297,20.34672294,87.05108573,60.15946263,21.73100823,1.46167699,2020-09-15 00:00:00
300760,300760.SZ,迈瑞医疗,10091420,069001002002,016082,医疗器械,1041,398880461287.26,163770943361.04,328.11,-2.957617343468,1215691266,499134264,69.18780725,85.21909099,19.74494474,84.47644772,58.38017593,21.08828816,1.41844618,2020-09-16 00:00:00
300760,300760.SZ,迈瑞医疗,10091420,069001002002,016082,医疗器械,1041,386042761518.3,158500085533.2,317.55,-3.218432842644,1215691266,499134264,66.96104414,82.47637178,19.10946695,81.75762998,56.50124918,20.40957577,1.37279444,2020-09-17 00:00:00
300760,300760.SZ,迈瑞医疗,10091420,069001002002,016082,医疗器械,1041,393701616494.1,161644631396.4,323.85,1.983939537081,1215691266,499134264,68.28951077,84.11265313,19.48858722,83.37965193,57.6221998,20.81448942,1.40002985,2020-09-18 00:00:00
300760,300760.SZ,迈瑞医疗,10091420,069001002002,016082,医疗器械,1041,388474144050.3,159498354061.2,319.55,-1.32777520457,1215691266,499134264,67.38277958,82.99582618,19.22982259,82.27255759,56.85710652,20.53811979,1.3814406,2020-09-21 00:00:00
300760,300760.SZ,迈瑞医疗,10091420,069001002002,016082,医疗器械,1041,409687956642.0,168208246968.0,337.0,5.460804255985,1215691266,499134264,71.06242127,87.52806578,20.27992556,86.76530091,59.96196181,21.65966631,1.45687837,2020-09-22 00:00:00
300760,300760.SZ,迈瑞医疗,10091420,069001002002,016082,医疗器械,1041,409274621611.56,168038541318.24,336.66,-0.100890207715,1215691266,499134264,70.99072625,87.43975854,20.2594651,86.67776322,59.90146606,21.63781382,1.45540852,2020-09-23 00:00:00
300760,300760.SZ,迈瑞医疗,10091420,069001002002,016082,医疗器械,1041,402284396832.06,165168519300.24,330.91,-1.707954612963,1215691266,499134264,69.77823686,85.94632715,19.91344264,85.19734636,58.87837621,21.26824978,1.4305508,2020-09-24 00:00:00
300760,300760.SZ,迈瑞医疗,10091420,069001002002,016082,医疗器械,1041,401178117780.0,164714307120.0,330.0,-0.274999244508,1215691266,499134264,69.58634724,85.7099754,19.85868082,84.9630543,58.71646112,21.20976226,1.4266168,2020-09-25 00:00:00
300760,300760.SZ,迈瑞医疗,10091420,069001002002,016082,医疗器械,1041,401773806500.34,164958882909.36,330.49,0.148484848485,1215691266,499134264,69.68967242,85.83724172,19.88816795,85.08921157,58.80364617,21.24125554,1.42873511,2020-09-28 00:00:00
300760,300760.SZ,迈瑞医疗,10091420,069001002002,016082,医疗器械,1041,412520517291.78,169371229803.12,339.33,2.674816182033,1215691266,499134264,71.55374306,88.13323015,20.42013989,87.36519157,60.37653561,21.80942008,1.46695115,2020-09-29 00:00:00
300760,300760.SZ,迈瑞医疗,10091420,069001002002,016082,医疗器械,1041,423060560568.0,173698723872.0,348.0,2.555034921758,1215691266,499134264,73.38196618,90.38506496,19.18718894,89.59740272,61.91917718,22.36665838,1.50443226,2020-09-30 00:00:00
300760,300760.SZ,迈瑞医疗,10091420,069001002002,016082,医疗器械,1041,435339042354.6,178739979938.4,358.1,2.902298850575,1215691266,499134264,75.51173014,93.00830966,19.7440585,92.19778711,63.71625675,23.01580565,1.54809538,2020-10-09 00:00:00
300760,300760.SZ,迈瑞医疗,10091420,069001002002,016082,医疗器械,1041,457829330775.6,187973963822.4,376.6,5.16615470539,1215691266,499134264,79.41278294,97.81326283,20.76406711,96.96086743,67.00793714,24.20483778,1.62807238,2020-10-12 00:00:00
300760,300760.SZ,迈瑞医疗,10091420,069001002002,016082,医疗器械,1041,458923452915.0,188423184660.0,377.5,0.238980350505,1215691266,499134264,79.60256389,98.04701731,20.81368915,97.19258485,67.16807295,24.26268258,1.63196316,2020-10-13 00:00:00
300760,300760.SZ,迈瑞医疗,10091420,069001002002,016082,医疗器械,1041,464394063612.0,190669288848.0,382.0,1.192052980132,1215691266,499134264,80.55146862,99.2157897,21.06179935,98.35117195,67.96875196,24.55190661,1.65141702,2020-10-14 00:00:00
300760,300760.SZ,迈瑞医疗,10091420,069001002002,016082,医疗器械,1041,451823815921.56,185508240558.24,371.66,-2.706806282723,1215691266,499134264,78.37109641,96.53021047,20.49169724,95.68899625,66.12896951,23.88733406,1.60671636,2020-10-15 00:00:00
300760,300760.SZ,迈瑞医疗,10091420,069001002002,016082,医疗器械,1041,456492070383.0,187424916132.0,375.5,1.033202389281,1215691266,499134264,79.18082845,97.52756291,20.70341795,96.67765725,66.81221561,24.13413857,1.62331699,2020-10-16 00:00:00
300760,300760.SZ,迈瑞医疗,10091420,069001002002,016082,医疗器械,1041,446778697167.66,183436833362.64,367.51,-2.127829560586,1215691266,499134264,77.49599538,95.4523426,20.2628845,94.62052148,65.39056553,23.62060523,1.58877558,2020-10-19 00:00:00
300760,300760.SZ,迈瑞医疗,10091420,069001002002,016082,医疗器械,1041,452237150952.0,185677946208.0,372.0,1.221735462981,1215691266,499134264,78.44279143,96.61851772,20.51044335,95.77653394,66.18946526,23.90918655,1.60818621,2020-10-20 00:00:00
300760,300760.SZ,迈瑞医疗,10091420,069001002002,016082,医疗器械,1041,445611633552.3,182957664469.2,366.55,-1.465053763441,1215691266,499134264,77.29356237,95.20300449,20.20995432,94.37335623,65.21975401,23.55890411,1.58462542,2020-10-21 00:00:00
300760,300760.SZ,迈瑞医疗,10091420,069001002002,016082,医疗器械,1041,444481040674.92,182493469603.68,365.62,-0.253717091802,1215691266,499134264,77.09745539,94.96145819,20.15867821,94.13391489,65.05428035,23.49913114,1.58060495,2020-10-22 00:00:00
300760,300760.SZ,迈瑞医疗,10091420,069001002002,016082,医疗器械,1041,431570399430.0,177192663720.0,355.0,-2.904655106395,1215691266,499134264,74.85804021,92.20315535,19.57313814,91.39964933,63.16467787,22.81656243,1.53469383,2020-10-23 00:00:00
300760,300760.SZ,迈瑞医疗,10091420,069001002002,016082,医疗器械,1041,441295929558.0,181185737832.0,363.0,2.253521126761,1215691266,499134264,76.54498196,94.28097294,20.01422294,93.45935974,64.58810723,23.33073848,1.56927848,2020-10-26 00:00:00
300760,300760.SZ,迈瑞医疗,10091420,069001002002,016082,医疗器械,1041,440955536003.52,181045980238.08,362.72,-0.077134986226,1215691266,499134264,76.485939,94.20824932,19.99878497,93.38726987,64.5382872,23.31274232,1.56806802,2020-10-27 00:00:00
300760,300760.SZ,迈瑞医疗,10091420,069001002002,016082,医疗器械,1041,454668533484.0,186676214736.0,374.0,3.109836788708,1215691266,499134264,78.86452687,97.13797212,20.62071455,96.29146155,66.5453226,24.03773056,1.61683237,2020-10-28 00:00:00
300760,300760.SZ,迈瑞医疗,10091420,069001002002,016082,医疗器械,1041,480198050070.0,197158034280.0,395.0,5.614973262032,1215691266,499134264,83.29274897,102.59224328,21.77856215,101.69820137,70.28182467,25.3874427,1.70761708,2020-10-29 00:00:00
300760,300760.SZ,迈瑞医疗,10091420,069001002002,016082,医疗器械,1041,470229381688.8,193065133315.2,386.8,-2.075949367089,1215691266,499134264,73.78900988,100.46248025,21.32645023,99.5869982,63.3070124,23.23245814,1.67216781,2020-10-30 00:00:00
300760,300760.SZ,迈瑞医疗,10091420,069001002002,016082,医疗器械,1041,478021962703.86,196264583947.44,393.21,1.657187176836,1215691266,499134264,75.01183189,102.12733159,21.67986943,101.23734116,64.35612809,23.61746346,1.69987876,2020-11-02 00:00:00
300760,300760.SZ,迈瑞医疗,10091420,069001002002,016082,医疗器械,1041,492731827022.46,202304108541.84,405.31,3.0772360825,1215691266,499134264,77.32012305,105.27003069,22.34701019,104.35265315,66.33651808,24.34422857,1.75218805,2020-11-03 00:00:00
300760,300760.SZ,迈瑞医疗,10091420,069001002002,016082,医疗器械,1041,493582810908.66,202653502526.64,406.01,0.172707310454,1215691266,499134264,77.45366055,105.45183973,22.38560511,104.53287781,66.4510861,24.38627283,1.7552142,2020-11-04 00:00:00
300760,300760.SZ,迈瑞医疗,10091420,069001002002,016082,医疗器械,1041,475116460578.12,195071653056.48,390.82,-3.741287160415,1215691266,499134264,74.5558967,101.50658359,21.54809534,100.62200268,63.96496015,23.47391234,1.6895466,2020-11-05 00:00:00
300760,300760.SZ,迈瑞医疗,10091420,069001002002,016082,医疗器械,1041,455094025427.1,186850911728.4,374.35,-4.214216263241,1215691266,499134264,71.41394997,97.22887663,20.64001201,96.38157388,61.26933839,22.4846709,1.61834545,2020-11-06 00:00:00
300760,300760.SZ,迈瑞医疗,10091420,069001002002,016082,医疗器械,1041,461950524167.34,189666028977.36,379.99,1.506611459864,1215691266,499134264,72.48988073,98.69373803,20.95097679,97.83366971,62.19242927,22.82342753,1.64272763,2020-11-09 00:00:00
300760,300760.SZ,迈瑞医疗,10091420,069001002002,016082,医疗器械,1041,431558242517.34,177187672377.36,354.99,-6.579120503171,1215691266,499134264,67.72068412,92.20055808,19.57258678,91.39707469,58.1007144,21.32184673,1.5346506,2020-11-10 00:00:00
300760,300760.SZ,迈瑞医疗,10091420,069001002002,016082,医疗器械,1041,424519390087.2,174297684988.8,349.2,-1.631031860052,1215691266,499134264,66.61613819,90.6967376,19.25335166,89.90635928,57.15307324,20.97408062,1.50961996,2020-11-11 00:00:00
300760,300760.SZ,迈瑞医疗,10091420,069001002002,016082,医疗器械,1041,418064069464.74,171647282046.96,343.89,-1.520618556701,1215691266,499134264,65.60316083,89.31758618,18.96058162,88.5392265,56.283993,20.65514486,1.4866644,2020-11-12 00:00:00
300760,300760.SZ,迈瑞医疗,10091420,069001002002,016082,医疗器械,1041,418015441814.1,171627316676.4,343.85,-0.011631626392,1215691266,499134264,65.59553011,89.30719709,18.95837619,88.52892795,56.27744626,20.65274233,1.48649147,2020-11-13 00:00:00
300760,300760.SZ,迈瑞医疗,10091420,069001002002,016082,医疗器械,1041,427120969396.44,175365832313.76,351.34,2.17827541079,1215691266,499134264,67.02438142,91.2525538,19.37134184,90.45733182,57.50332403,21.10261594,1.51887135,2020-11-16 00:00:00
300760,300760.SZ,迈瑞医疗,10091420,069001002002,016082,医疗器械,1041,412496203466.46,169361247117.84,339.31,-3.42403369955,1215691266,499134264,64.72944401,88.12803561,18.70806057,87.36004229,55.53439084,20.38005525,1.46686469,2020-11-17 00:00:00
300760,300760.SZ,迈瑞医疗,10091420,069001002002,016082,医疗器械,1041,407013435856.8,167110151587.2,334.8,-1.329168017447,1215691266,499134264,63.86908094,86.95666595,18.45939901,86.19888055,54.79624548,20.10917008,1.44736759,2020-11-18 00:00:00
300760,300760.SZ,迈瑞医疗,10091420,069001002002,016082,医疗器械,1041,417991127988.78,171617333991.12,343.83,2.697132616487,1215691266,499134264,65.59171476,89.30200255,18.95727348,88.52377867,56.27417288,20.65154106,1.48640501,2020-11-19 00:00:00
300760,300760.SZ,迈瑞医疗,10091420,069001002002,016082,医疗器械,1041,421249180581.66,172955013818.64,346.51,0.779454963209,1215691266,499134264,66.10297263,89.99807144,19.10503689,89.21378166,56.71280472,20.81251053,1.49799087,2020-11-20 00:00:00
300760,300760.SZ,迈瑞医疗,10091420,069001002002,016082,医疗器械,1041,423668406201.0,173948291004.0,348.5,0.574298000058,1215691266,499134264,66.48260068,90.51492856,19.21475674,89.72613462,57.03850522,20.93203636,1.5065938,2020-11-23 00:00:00
300760,300760.SZ,迈瑞医疗,10091420,069001002002,016082,医疗器械,1041,417711518997.6,171502533110.4,343.6,-1.406025824964,1215691266,499134264,65.54783815,89.24226529,18.94459229,88.464562,56.23652911,20.63772652,1.4854107,2020-11-24 00:00:00
300760,300760.SZ,迈瑞医疗,10091420,069001002002,016082,医疗器械,1041,393908284009.32,161729484221.28,324.02,-5.69848661234,1215691266,499134264,61.81260337,84.15680675,17.86503724,83.42342078,53.03189803,19.46168844,1.40076477,2020-11-25 00:00:00
300760,300760.SZ,迈瑞医疗,10091420,069001002002,016082,医疗器械,1041,405773430765.48,166601034637.92,333.78,3.012159743226,1215691266,499134264,63.67449772,86.69174421,18.4031607,85.93626747,54.62930351,20.04790558,1.44295805,2020-11-26 00:00:00
300760,300760.SZ,迈瑞医疗,10091420,069001002002,016082,医疗器械,1041,411645219580.26,169011853133.04,338.61,1.447060938343,1215691266,499134264,64.5959065,87.94622657,18.66946565,87.17981763,55.41982282,20.33801099,1.46383853,2020-11-27 00:00:00
300760,300760.SZ,迈瑞医疗,10091420,069001002002,016082,医疗器械,1041,410113448585.1,168382943960.4,337.35,-0.372109506512,1215691266,499134264,64.355539,87.6189703,18.59999479,86.85541324,55.21360039,20.26233132,1.45839145,2020-11-30 00:00:00
300760,300760.SZ,迈瑞医疗,10091420,069001002002,016082,医疗器械,1041,414672290832.6,170254697450.4,341.1,1.111605157848,1215691266,499134264,65.07091849,88.5929473,18.80675329,87.8209025,55.82735762,20.48756844,1.474603,2020-12-01 00:00:00
300760,300760.SZ,迈瑞医疗,10091420,069001002002,016082,医疗器械,1041,410903647908.0,168707381232.0,338.0,-0.908824391674,1215691266,499134264,64.47953811,87.78779298,18.63583293,87.02276471,55.31998498,20.30137242,1.46120145,2020-12-02 00:00:00
300760,300760.SZ,迈瑞医疗,10091420,069001002002,016082,医疗器械,1041,419401329857.34,172196329737.36,344.99,2.068047337278,1215691266,499134264,65.81300548,89.6032861,19.02123078,88.82243668,56.46402845,20.72121441,1.49141979,2020-12-03 00:00:00
300760,300760.SZ,迈瑞医疗,10091420,069001002002,016082,医疗器械,1041,425491943100.0,174696992400.0,350.0,1.452216006261,1215691266,499134264,66.76875248,90.90451936,19.29746014,90.11233032,57.28400811,21.0221312,1.51307842,2020-12-04 00:00:00
300760,300760.SZ,迈瑞医疗,10091420,069001002002,016082,医疗器械,1041,420167215354.92,172510784323.68,345.62,-1.251428571429,1215691266,499134264,65.93318923,89.76691423,19.05596621,88.98463888,56.56713967,20.75905425,1.49414333,2020-12-07 00:00:00
300760,300760.SZ,迈瑞医疗,10091420,069001002002,016082,医疗器械,1041,427801756505.4,175645347501.6,351.9,1.81702447775,1215691266,499134264,67.13121142,91.39800104,19.40221778,90.60151155,57.59497844,21.13625135,1.52129228,2020-12-08 00:00:00
300760,300760.SZ,迈瑞医疗,10091420,069001002002,016082,医疗器械,1041,417140144102.58,171267940006.32,343.13,-2.492185279909,1215691266,499134264,65.45817725,89.12019351,18.91867856,88.34355401,56.15960487,20.6094968,1.48337886,2020-12-09 00:00:00
300760,300760.SZ,迈瑞医疗,10091420,069001002002,016082,医疗器械,1041,427351950736.98,175460667823.92,351.53,2.448051758809,1215691266,499134264,67.06062731,91.30190197,19.38181761,90.50624994,57.53442106,21.11402795,1.51969274,2020-12-10 00:00:00
300760,300760.SZ,迈瑞医疗,10091420,069001002002,016082,医疗器械,1041,432421383316.2,177542057704.8,355.7,1.186242994908,1215691266,499134264,67.8561293,92.38496439,19.61173306,91.57987399,58.2169191,21.36449163,1.53771999,2020-12-11 00:00:00
300760,300760.SZ,迈瑞医疗,10091420,069001002002,016082,医疗器械,1041,447544582665.24,183751287948.96,368.14,3.497329210008,1215691266,499134264,70.22928153,95.61597073,20.29761993,94.78272367,60.25295642,22.11167823,1.59149912,2020-12-14 00:00:00
300760,300760.SZ,迈瑞医疗,10091420,069001002002,016082,医疗器械,1041,459531298548.0,188672751792.0,378.0,2.678328896615,1215691266,499134264,72.11025268,98.17688091,20.84125695,97.32131675,61.86672876,22.7039017,1.6341247,2020-12-15 00:00:00
300760,300760.SZ,迈瑞医疗,10091420,069001002002,016082,医疗器械,1041,458352078019.98,188188591555.92,377.03,-0.256613756614,1215691266,499134264,71.92520785,97.92494553,20.78777542,97.07157686,61.70797023,22.64564037,1.62993131,2020-12-16 00:00:00
300760,300760.SZ,迈瑞医疗,10091420,069001002002,016082,医疗器械,1041,463798374891.66,190424713058.64,381.51,1.188234358009,1215691266,499134264,72.77984788,99.08852337,21.03478291,98.22501469,62.44120553,22.91472365,1.64929871,2020-12-17 00:00:00
300760,300760.SZ,迈瑞医疗,10091420,069001002002,016082,医疗器械,1041,459616396936.62,188707691190.48,378.07,-0.901680165658,1215691266,499134264,72.12360643,98.19506181,20.84511644,97.33933922,61.87818556,22.70810613,1.63442731,2020-12-18 00:00:00
300760,300760.SZ,迈瑞医疗,10091420,069001002002,016082,医疗器械,1041,481413741336.0,197657168544.0,396.0,4.742508001164,1215691266,499134264,75.54407423,102.85197048,21.83369775,101.95566517,64.81276347,23.78503988,1.71194016,2020-12-21 00:00:00
300760,300760.SZ,迈瑞医疗,10091420,069001002002,016082,医疗器械,1041,471092522487.66,193419518642.64,387.51,-2.143939393939,1215691266,499134264,73.92445506,100.64688656,21.36559651,99.7697975,63.4232171,23.27510304,1.6752372,2020-12-22 00:00:00
300760,300760.SZ,迈瑞医疗,10091420,069001002002,016082,医疗器械,1041,472065075500.46,193818826053.84,388.31,0.206446285257,1215691266,499134264,74.07706936,100.85466832,21.40970499,99.97576854,63.55415197,23.32315362,1.67869567,2020-12-23 00:00:00
300760,300760.SZ,迈瑞医疗,10091420,069001002002,016082,医疗器械,1041,473450963543.7,194387839114.8,389.45,0.293579871752,1215691266,499134264,74.29454472,101.15075733,21.47255957,100.26927727,63.74073417,23.39162571,1.68362398,2020-12-24 00:00:00
300760,300760.SZ,迈瑞医疗,10091420,069001002002,016082,医疗器械,1041,489315734565.0,200901541260.0,402.5,3.350879445372,1215691266,499134264,76.78406535,104.54019726,22.19207916,103.62917987,65.87660933,24.17545089,1.74004019,2020-12-25 00:00:00
300760,300760.SZ,迈瑞医疗,10091420,069001002002,016082,医疗器械,1041,485547091640.4,199354225041.6,399.4,-0.770186335404,1215691266,499134264,76.19268497,103.73504295,22.0211588,102.83104209,65.36923669,23.98925487,1.72663864,2020-12-28 00:00:00
300760,300760.SZ,迈瑞医疗,10091420,069001002002,016082,医疗器械,1041,488221612425.6,200452320422.4,401.6,0.550826239359,1215691266,499134264,76.61237427,104.30644278,22.14245712,103.39746245,65.7293076,24.12139398,1.73614941,2020-12-29 00:00:00
300760,300760.SZ,迈瑞医疗,10091420,069001002002,016082,医疗器械,1041,508231890663.96,208668070407.84,418.06,4.098605577689,1215691266,499134264,79.75241332,108.58155247,23.0499891,107.63531661,68.42329266,25.11003478,1.80730733,2020-12-30 00:00:00
300760,300760.SZ,迈瑞医疗,10091420,069001002002,016082,医疗器械,1041,517884479316.0,212631196464.0,426.0,1.899248911639,1215691266,499134264,81.26711016,77.7875755,22.24816088,58.38535127,69.7228213,25.58693684,1.8416326,2020-12-31 00:00:00
300760,300760.SZ,迈瑞医疗,10091420,069001002002,016082,医疗器械,1041,527464126492.08,216564374464.32,433.88,1.849765258216,1215691266,499134264,82.77036093,79.22646305,22.65969963,59.46534321,71.01252983,26.06023511,3.26573975,2021-01-04 00:00:00
300760,300760.SZ,迈瑞医疗,10091420,069001002002,016082,医疗器械,1041,530065705801.32,217632521789.28,436.02,0.493223932885,1215691266,499134264,83.17860416,79.61722692,22.77146269,59.75864052,71.36278062,26.18877042,3.28184716,2021-01-05 00:00:00
300760,300760.SZ,迈瑞医疗,10091420,069001002002,016082,医疗器械,1041,546817931446.8,224510591947.2,449.8,3.160405485987,1215691266,499134264,85.80738533,82.13345413,23.49113324,61.64725587,73.61813386,27.01644176,3.38556684,2021-01-06 00:00:00
300760,300760.SZ,迈瑞医疗,10091420,069001002002,016082,医疗器械,1041,554343060383.34,227600233041.36,455.99,1.376167185416,1215691266,499134264,86.98823841,83.26374777,23.81441051,62.49562517,74.63124246,27.38823317,3.43215789,2021-01-07 00:00:00
300760,300760.SZ,迈瑞医疗,10091420,069001002002,016082,医疗器械,1041,546939500573.4,224560505373.6,449.9,-1.33555560429,1215691266,499134264,85.82646211,82.15171412,23.49635582,61.66096135,73.63450072,27.02244808,3.38631952,2021-01-08 00:00:00
300760,300760.SZ,迈瑞医疗,10091420,069001002002,016082,医疗器械,1041,550951281751.2,226207648444.8,453.2,0.733496332518,1215691266,499134264,86.45599607,82.75429393,23.66870073,62.11324224,74.17460708,27.22065675,3.41115805,2021-01-11 00:00:00
300760,300760.SZ,迈瑞医疗,10091420,069001002002,016082,医疗器械,1041,559217982360.0,229601761440.0,460.0,1.500441306267,1215691266,499134264,87.75321754,83.99597354,24.02383569,63.04521498,75.28755352,27.62908673,3.46234047,2021-01-12 00:00:00
300760,300760.SZ,迈瑞医疗,10091420,069001002002,016082,医疗器械,1041,526892751597.06,216329781360.24,433.41,-5.780434782609,1215691266,499134264,82.68070003,79.14064107,22.63515353,59.40092745,70.93560559,26.03200539,3.26220214,2021-01-13 00:00:00
300760,300760.SZ,迈瑞医疗,10091420,069001002002,016082,医疗器械,1041,517872322403.34,212626205121.36,425.99,-1.712004799151,1215691266,499134264,81.26520248,77.7857495,22.24763862,58.38398072,69.72118462,25.58633621,3.20635308,2021-01-14 00:00:00
300760,300760.SZ,迈瑞医疗,10091420,069001002002,016082,医疗器械,1041,537311225746.68,220607362002.72,441.98,3.753609239654,1215691266,499134264,84.31558063,80.70552258,23.08272804,60.57548721,72.33824545,26.54674729,3.32670705,2021-01-15 00:00:00
300760,300760.SZ,迈瑞医疗,10091420,069001002002,016082,医疗器械,1041,534624548048.82,219504275279.28,439.77,-0.500022625458,1215691266,499134264,83.89398365,80.30197671,22.96730918,60.27259607,71.97653785,26.41400754,3.31007276,2021-01-18 00:00:00
300760,300760.SZ,迈瑞医疗,10091420,069001002002,016082,医疗器械,1041,517775067102.06,212586274380.24,425.91,-3.151647452077,1215691266,499134264,81.24994105,77.7711415,22.24346056,58.37301633,69.70809113,25.58153115,3.20575094,2021-01-19 00:00:00
300760,300760.SZ,迈瑞医疗,10091420,069001002002,016082,医疗器械,1041,540435552300.3,221890137061.2,444.55,4.376511469559,1215691266,499134264,84.80585404,81.17480443,23.21694816,60.92771809,72.75887373,26.70110979,3.34605099,2021-01-20 00:00:00
300760,300760.SZ,迈瑞医疗,10091420,069001002002,016082,医疗器械,1041,555461496348.06,228059436564.24,456.91,2.780339669329,1215691266,499134264,87.16374484,83.43173972,23.86245818,62.6217156,74.78181756,27.44349134,3.43908258,2021-01-21 00:00:00
300760,300760.SZ,迈瑞医疗,10091420,069001002002,016082,医疗器械,1041,581319249575.88,238676022359.52,478.18,4.655183734215,1215691266,499134264,91.22137731,87.3156405,24.97329946,65.53687152,78.26304857,28.72103628,3.59917819,2021-01-22 00:00:00
300760,300760.SZ,迈瑞医疗,10091420,069001002002,016082,医疗器械,1041,593257337808.0,243577520832.0,488.0,2.053619975741,1215691266,499134264,93.09471774,89.10877193,25.48615612,66.88274981,79.87027417,29.31085722,3.67309163,2021-01-25 00:00:00
300760,300760.SZ,迈瑞医疗,10091420,069001002002,016082,医疗器械,1041,550975595576.52,226217631130.08,453.22,-7.127049180328,1215691266,499134264,86.45981142,82.75794593,23.66974524,62.11598334,74.17788045,27.22185801,3.41130858,2021-01-26 00:00:00
300760,300760.SZ,迈瑞医疗,10091420,069001002002,016082,医疗器械,1041,552774818650.2,226956349840.8,454.7,0.326552226292,1215691266,499134264,86.74214786,83.02819385,23.74703932,62.31882446,74.42010997,27.3107516,3.42244829,2021-01-27 00:00:00
300760,300760.SZ,迈瑞医疗,10091420,069001002002,016082,医疗器械,1041,539098291907.7,221341089370.8,443.45,-2.474158786013,1215691266,499134264,84.59600939,80.97394449,23.15949986,60.77695779,72.57883828,26.63504024,3.33777148,2021-01-28 00:00:00
300760,300760.SZ,迈瑞医疗,10091420,069001002002,016082,医疗器械,1041,545103806761.74,223806812634.96,448.39,1.113992558349,1215691266,499134264,85.53840264,81.87598821,23.41749497,61.45400858,73.38736114,26.9317526,3.37495401,2021-01-29 00:00:00
300760,300760.SZ,迈瑞医疗,10091420,069001002002,016082,医疗器械,1041,559339551486.6,229651674866.4,460.1,2.611565824394,1215691266,499134264,87.77229433,84.01423354,24.02905826,63.05892047,75.30392038,27.63509305,3.46309315,2021-02-01 00:00:00
300760,300760.SZ,迈瑞医疗,10091420,069001002002,016082,医疗器械,1041,559157197796.7,229576804726.8,459.95,-0.032601608346,1215691266,499134264,87.74367915,83.98684355,24.0212244,63.03836224,75.27937009,27.62608356,3.46196413,2021-02-02 00:00:00
300760,300760.SZ,迈瑞医疗,10091420,069001002002,016082,医疗器械,1041,559704258866.4,229801415145.6,460.4,0.097836721383,1215691266,499134264,87.82952469,84.06901352,24.04472598,63.10003691,75.35302096,27.65311202,3.4653512,2021-02-03 00:00:00
300760,300760.SZ,迈瑞医疗,10091420,069001002002,016082,医疗器械,1041,558136017133.26,229157531945.04,459.11,-0.280191138141,1215691266,499134264,87.58343414,83.83345959,23.97735479,62.9232362,75.14188847,27.57563045,3.4556416,2021-02-04 00:00:00
300760,300760.SZ,迈瑞医疗,10091420,069001002002,016082,医疗器械,1041,587677314897.06,241286494560.24,483.41,5.292849208251,1215691266,499134264,92.21909324,88.2706382,25.24644002,66.25366821,79.11903532,29.03516699,3.63854349,2021-02-05 00:00:00
300760,300760.SZ,迈瑞医疗,10091420,069001002002,016082,医疗器械,1041,592552236873.72,243288022958.88,487.42,0.829523592809,1215691266,499134264,92.98407238,89.00286397,25.4558652,66.80325802,79.77534638,29.27602055,3.66872607,2021-02-08 00:00:00
300760,300760.SZ,迈瑞医疗,10091420,069001002002,016082,医疗器械,1041,597645983278.26,245379395525.04,491.61,0.859628246687,1215691266,499134264,93.78338973,89.76795772,25.67469101,67.37751769,80.4611178,29.52768549,3.70026348,2021-02-09 00:00:00
300760,300760.SZ,迈瑞医疗,10091420,069001002002,016082,医疗器械,1041,601220115600.3,246846850261.2,494.55,0.598035027766,1215691266,499134264,94.34424725,90.30480156,25.82823465,67.78045885,80.94230346,29.70427139,3.72239235,2021-02-10 00:00:00
300760,300760.SZ,迈瑞医疗,10091420,069001002002,016082,医疗器械,1041,567119975589.0,232846134156.0,466.5,-5.671822869275,1215691266,499134264,88.99320866,85.18287317,24.36330293,63.93607128,76.35139939,28.01949773,3.51126485,2021-02-18 00:00:00
300760,300760.SZ,迈瑞医疗,10091420,069001002002,016082,医疗器械,1041,561211716036.24,230420341632.96,461.64,-1.041800643087,1215691266,499134264,88.06607684,84.29543745,24.10948589,63.26998488,75.55597002,27.72759043,3.47468447,2021-02-19 00:00:00
300760,300760.SZ,迈瑞医疗,10091420,069001002002,016082,医疗器械,1041,533688465774.0,219119941896.0,439.0,-4.904254397366,1215691266,499134264,83.74709239,80.16137475,22.92709536,60.16706386,71.85051303,26.36775885,3.3042771,2021-02-22 00:00:00
300760,300760.SZ,迈瑞医疗,10091420,069001002002,016082,医疗器械,1041,525968826234.9,215950439319.6,432.65,-1.446469248292,1215691266,499134264,82.53571646,79.00186512,22.59546198,59.29676579,70.81121746,25.98635733,3.25648175,2021-02-23 00:00:00
300760,300760.SZ,迈瑞医疗,10091420,069001002002,016082,医疗器械,1041,510590331720.0,209636390880.0,420.0,-2.923841442274,1215691266,499134264,80.12250297,76.69197584,21.9348065,57.56302238,68.74080974,25.22655745,3.16126739,2021-02-24 00:00:00
300760,300760.SZ,迈瑞医疗,10091420,069001002002,016082,医疗器械,1041,511198177353.0,209885958012.0,420.5,0.119047619048,1215691266,499134264,80.21788691,76.78327581,21.96091936,57.63154978,68.82264403,25.25658906,3.1650308,2021-02-25 00:00:00
300760,300760.SZ,迈瑞医疗,10091420,069001002002,016082,医疗器械,1041,508158949188.0,208638122352.0,418.0,-0.594530321046,1215691266,499134264,79.74096724,76.32677596,21.83035504,57.28891275,68.41347255,25.10643098,3.14621373,2021-02-26 00:00:00
300760,300760.SZ,迈瑞医疗,10091420,069001002002,016082,医疗器械,1041,513872698138.2,210984053392.8,422.7,1.124401913876,1215691266,499134264,80.63757621,77.18499569,22.07581597,57.93307038,69.18271494,25.38872817,3.18158982,2021-03-01 00:00:00
300760,300760.SZ,迈瑞医疗,10091420,069001002002,016082,医疗器械,1041,491358095891.88,201740086823.52,404.18,-4.381357937071,1215691266,499134264,77.10455536,73.80324475,21.10859545,55.3948152,66.15157257,24.27635712,3.04219298,2021-03-02 00:00:00
300760,300760.SZ,迈瑞医疗,10091420,069001002002,016082,医疗器械,1041,492075353738.82,202034576039.28,404.77,0.145974565788,1215691266,499134264,77.2171084,73.91097872,21.13940863,55.47567754,66.24813704,24.31179442,3.04663381,2021-03-03 00:00:00
300760,300760.SZ,迈瑞医疗,10091420,069001002002,016082,医疗器械,1041,468490943178.42,192351371317.68,385.37,-4.792845319564,1215691266,499134264,73.51621184,70.36853984,20.12622948,52.81681413,63.0729663,23.14656772,2.90061336,2021-03-04 00:00:00
300760,300760.SZ,迈瑞医疗,10091420,069001002002,016082,医疗器械,1041,469256828676.0,192665825904.0,386.0,0.163479253704,1215691266,499134264,73.63639559,70.4835778,20.15913169,52.90315866,63.17607752,23.18440756,2.90535527,2021-03-05 00:00:00
300760,300760.SZ,迈瑞医疗,10091420,069001002002,016082,医疗器械,1041,434390803167.12,178350655212.48,357.32,-7.430051813472,1215691266,499134264,68.16517324,65.24661145,18.66129776,48.97242656,58.48206223,21.46179406,2.68948586,2021-03-08 00:00:00
300760,300760.SZ,迈瑞医疗,10091420,069001002002,016082,医疗器械,1041,423328012646.52,173808533410.08,348.22,-2.546736818538,1215691266,499134264,66.42918568,63.58495197,18.18604362,47.72522774,56.99267802,20.91521865,2.62099174,2021-03-09 00:00:00
300760,300760.SZ,迈瑞医疗,10091420,069001002002,016082,医疗器械,1041,447289287499.38,183646469753.52,367.93,5.660214806731,1215691266,499134264,70.18922028,67.18399684,19.21541275,50.42657815,60.21858601,22.09906495,2.7693455,2021-03-10 00:00:00
300760,300760.SZ,迈瑞医疗,10091420,069001002002,016082,医疗器械,1041,452237150952.0,185677946208.0,372.0,1.106188677194,1215691266,499134264,70.96564549,67.9271786,19.42797147,50.98439125,60.88471719,22.34352231,2.79997969,2021-03-11 00:00:00
300760,300760.SZ,迈瑞医疗,10091420,069001002002,016082,医疗器械,1041,466861916881.98,191682531403.92,384.03,3.233870967742,1215691266,499134264,73.2605829,70.12385591,20.056247,52.63316067,62.85365039,23.06608299,2.89052742,2021-03-12 00:00:00
300760,300760.SZ,迈瑞医疗,10091420,069001002002,016082,医疗器械,1041,438998273065.26,180242374073.04,361.11,-5.968283727834,1215691266,499134264,68.88818345,65.93866523,18.85923327,49.49186431,59.1023662,21.68943371,2.71801254,2021-03-15 00:00:00
300760,300760.SZ,迈瑞医疗,10091420,069001002002,016082,医疗器械,1041,444943003356.0,182683140624.0,366.0,1.354158012794,1215691266,499134264,69.82103831,66.83157895,19.11461709,50.16206236,59.90270563,21.98314292,2.75481872,2021-03-16 00:00:00
300760,300760.SZ,迈瑞医疗,10091420,069001002002,016082,医疗器械,1041,447629681053.86,183786227347.44,368.21,0.603825136612,1215691266,499134264,70.24263529,67.23512482,19.23003595,50.4649535,60.26441322,22.11588266,2.77145301,2021-03-17 00:00:00
300760,300760.SZ,迈瑞医疗,10091420,069001002002,016082,医疗器械,1041,461901896516.7,189646063606.8,379.95,3.188397925097,1215691266,499134264,72.48225001,69.37884815,19.84316602,52.07397703,62.18588252,22.821025,2.85981796,2021-03-18 00:00:00
300760,300760.SZ,迈瑞医疗,10091420,069001002002,016082,医疗器械,1041,438864547026.0,180187469304.0,361.0,-4.987498355047,1215691266,499134264,68.86719898,65.91857924,18.85348844,49.47678828,59.08436265,21.68282676,2.71718459,2021-03-19 00:00:00
300760,300760.SZ,迈瑞医疗,10091420,069001002002,016082,医疗器械,1041,439107685279.2,180287296156.8,361.2,0.05540166205,1215691266,499134264,68.90535256,65.95509923,18.86393359,49.50419924,59.11709637,21.6948394,2.71868995,2021-03-22 00:00:00
300760,300760.SZ,迈瑞医疗,10091420,069001002002,016082,医疗器械,1041,445745359591.56,183012569238.24,366.66,1.511627906977,1215691266,499134264,69.9469451,66.95209491,19.14908607,50.25251853,60.0107269,22.02278465,2.75978643,2021-03-23 00:00:00
300760,300760.SZ,迈瑞医疗,10091420,069001002002,016082,医疗器械,1041,457099916016.0,187674483264.0,376.0,2.547319042164,1215691266,499134264,71.72871695,68.65757837,19.63687439,51.53261051,61.53939157,22.58377524,2.83008699,2021-03-24 00:00:00
300760,300760.SZ,迈瑞医疗,10091420,069001002002,016082,医疗器械,1041,464843869380.42,190853968525.68,382.37,1.69414893617,1215691266,499134264,72.94390824,69.82074001,19.96955229,52.40564968,62.58196052,22.96637803,2.87803288,2021-03-25 00:00:00
300760,300760.SZ,迈瑞医疗,10091420,069001002002,016082,医疗器械,1041,469268985588.66,192670817246.64,386.01,0.951957528049,1215691266,499134264,73.63830327,70.4854038,20.15965394,52.90452921,63.17771421,23.18500819,2.90543053,2021-03-26 00:00:00
300760,300760.SZ,迈瑞医疗,10091420,069001002002,016082,医疗器械,1041,477511372372.14,196054947556.56,392.79,1.756431180539,1215691266,499134264,74.93170939,71.72343141,20.51374439,53.83376086,64.28738728,23.5922369,2.95646242,2021-03-29 00:00:00
300760,300760.SZ,迈瑞医疗,10091420,069001002002,016082,医疗器械,1041,497071844842.08,204086017864.32,408.88,4.096336464778,1215691266,499134264,78.00116432,74.66146448,21.35405638,56.03897283,66.92081496,24.55865431,3.07756907,2021-03-30 00:00:00
300760,300760.SZ,迈瑞医疗,10091420,069001002002,016082,医疗器械,1041,485194541173.26,199209476105.04,399.11,-2.389454118568,1215691266,499134264,76.13736229,72.87746304,19.40744982,54.69994729,65.32177279,23.97183653,3.00403197,2021-03-31 00:00:00
300760,300760.SZ,迈瑞医疗,10091420,069001002002,016082,医疗器械,1041,497254198531.98,204160888003.92,409.03,2.485530304928,1215691266,499134264,78.0297795,74.68885447,19.88982786,56.05953105,66.94536525,24.56766379,3.07869809,2021-04-01 00:00:00
300760,300760.SZ,迈瑞医疗,10091420,069001002002,016082,医疗器械,1041,495454975458.3,203422169293.2,407.55,-0.36183165049,1215691266,499134264,77.74744306,74.41860656,19.81786017,55.85668993,66.70313573,24.47877021,3.06755839,2021-04-02 00:00:00
300760,300760.SZ,迈瑞医疗,10091420,069001002002,016082,医疗器械,1041,485547091640.4,199354225041.6,399.4,-1.999754631334,1215691266,499134264,76.19268497,72.93041703,19.42155159,54.73969318,65.36923669,23.98925487,3.00621475,2021-04-06 00:00:00
300760,300760.SZ,迈瑞医疗,10091420,069001002002,016082,医疗器械,1041,483091395283.08,198345973828.32,397.38,-0.505758637957,1215691266,499134264,75.80733388,72.56156514,19.32332542,54.46284246,65.03862613,23.86792714,2.99101056,2021-04-07 00:00:00
300760,300760.SZ,迈瑞医疗,10091420,069001002002,016082,医疗器械,1041,502335788023.86,206247269227.44,413.21,3.983592531079,1215691266,499134264,78.82718918,75.45212223,20.09308797,56.63242018,67.62949998,24.8187281,3.11016023,2021-04-08 00:00:00
300760,300760.SZ,迈瑞医疗,10091420,069001002002,016082,医疗器械,1041,489437303691.6,200951454686.4,402.6,-2.567701652913,1215691266,499134264,76.80314214,73.51473684,19.57715741,55.17826859,65.89297619,24.18145721,3.0303006,2021-04-09 00:00:00
300760,300760.SZ,迈瑞医疗,10091420,069001002002,016082,医疗器械,1041,477778824450.66,196164757094.64,393.01,-2.382016890214,1215691266,499134264,74.97367832,71.7636034,19.11082622,53.86391291,64.32339437,23.60545081,2.95811832,2021-04-12 00:00:00
300760,300760.SZ,迈瑞医疗,10091420,069001002002,016082,医疗器械,1041,480550600537.14,197302783216.56,395.29,0.580137909977,1215691266,499134264,75.40862905,72.17993126,19.22169537,54.17639789,64.69655876,23.74239498,2.97527949,2021-04-13 00:00:00
300760,300760.SZ,迈瑞医疗,10091420,069001002002,016082,医疗器械,1041,492513002594.58,202214264374.32,405.13,2.489311644615,1215691266,499134264,77.28578483,73.9767147,19.70018327,55.52501727,66.30705773,24.33341719,3.04934347,2021-04-14 00:00:00
300760,300760.SZ,迈瑞医疗,10091420,069001002002,016082,医疗器械,1041,483237278235.0,198405869940.0,397.5,-1.883346086441,1215691266,499134264,75.83022603,72.58347714,19.32916064,54.47928903,65.05826636,23.87513473,2.99191378,2021-04-15 00:00:00
300760,300760.SZ,迈瑞医疗,10091420,069001002002,016082,医疗器械,1041,488951027185.2,200751800980.8,402.2,1.182389937107,1215691266,499134264,76.72683499,73.44169687,19.55770669,55.12344667,65.82750875,24.15743192,3.02728986,2021-04-16 00:00:00
300760,300760.SZ,迈瑞医疗,10091420,069001002002,016082,医疗器械,1041,499649110326.0,205144182504.0,411.0,2.187966185977,1215691266,499134264,78.4055922,75.04857636,19.9856227,56.32952904,67.26779238,24.68598836,3.09352594,2021-04-19 00:00:00
300760,300760.SZ,迈瑞医疗,10091420,069001002002,016082,医疗器械,1041,502262846547.9,206217321171.6,413.15,0.523114355231,1215691266,499134264,78.8157431,75.44116624,20.09017036,56.62419689,67.61967986,24.81512431,3.10970862,2021-04-20 00:00:00
300760,300760.SZ,迈瑞医疗,10091420,069001002002,016082,医疗器械,1041,504001285058.28,206931083169.12,414.58,0.346121263464,1215691266,499134264,79.08854115,75.70228416,20.15970671,56.82018528,67.85372595,24.90101473,3.12047198,2021-04-21 00:00:00
300760,300760.SZ,迈瑞医疗,10091420,069001002002,016082,医疗器械,1041,495029483515.2,203247472300.8,407.2,-1.780114814993,1215691266,499134264,77.68067431,74.35469658,19.80084078,55.80872074,66.64585173,24.45774808,3.064924,2021-04-22 00:00:00
300760,300760.SZ,迈瑞医疗,10091420,069001002002,016082,医疗器械,1041,529190408089.8,217273145119.2,435.3,6.900785854617,1215691266,499134264,83.0412513,79.48575496,21.1672544,59.65996105,71.24493923,26.1455249,3.27642784,2021-04-23 00:00:00
300760,300760.SZ,迈瑞医疗,10091420,069001002002,016082,医疗器械,1041,533688465774.0,219119941896.0,439.0,0.849988513669,1215691266,499134264,83.74709239,80.16137475,21.34717363,60.16706386,71.85051303,26.36775885,3.3042771,2021-04-26 00:00:00
300760,300760.SZ,迈瑞医疗,10091420,069001002002,016082,医疗器械,1041,548033622712.8,225009726211.2,450.8,2.687927107062,1215691266,499134264,85.99815319,82.31605407,21.9209701,61.78431068,73.78180245,27.07650499,3.39309366,2021-04-27 00:00:00
300760,300760.SZ,迈瑞医疗,10091420,069001002002,016082,医疗器械,1041,554355217296.0,227605224384.0,456.0,1.153504880213,1215691266,499134264,86.99014609,83.26557377,22.17382956,62.49699572,74.63287914,27.3888338,3.43223316,2021-04-28 00:00:00
300760,300760.SZ,迈瑞医疗,10091420,069001002002,016082,医疗器械,1041,548641468345.8,225259293343.2,451.3,-1.030701754386,1215691266,499134264,77.71747305,82.40735404,21.94528351,61.85283809,64.08772353,24.86407496,3.39685708,2021-04-29 00:00:00
300760,300760.SZ,迈瑞医疗,10091420,069001002002,016082,医疗器械,1041,566937621899.1,232771264016.4,466.35,3.334810547308,1215691266,499134264,80.30920354,85.15548318,22.67711714,63.91551306,66.2249277,25.69324476,3.51013582,2021-04-30 00:00:00
300760,300760.SZ,迈瑞医疗,10091420,069001002002,016082,医疗器械,1041,545663024744.1,224036414396.4,448.85,-3.752546370752,1215691266,499134264,77.29556344,81.95998418,21.8261478,61.51705379,63.73980658,24.72909384,3.37841635,2021-05-06 00:00:00
300760,300760.SZ,迈瑞医疗,10091420,069001002002,016082,医疗器械,1041,517896636228.66,212636187806.64,426.01,-5.088559652445,1215691266,499134264,73.36233258,77.7894015,20.71551125,58.38672182,60.4963685,23.47073914,3.20650362,2021-05-07 00:00:00
300760,300760.SZ,迈瑞医疗,10091420,069001002002,016082,医疗器械,1041,521531553114.0,214128599256.0,429.0,0.701861458651,1215691266,499134264,73.87723452,78.33537533,20.86090544,58.79651571,60.92096919,23.63547122,3.22900883,2021-05-10 00:00:00
300760,300760.SZ,迈瑞医疗,10091420,069001002002,016082,医疗器械,1041,529871195198.76,217552660307.04,435.86,1.599067599068,1215691266,499134264,75.05858144,79.58801093,21.19448542,59.73671175,61.89513667,24.01341838,3.28064287,2021-05-11 00:00:00
300760,300760.SZ,迈瑞医疗,10091420,069001002002,016082,医疗器械,1041,548130878014.08,225049656952.32,450.88,3.44606066168,1215691266,499134264,77.64514569,82.33066207,21.92486025,61.79527507,64.02808063,24.84093534,3.39369581,2021-05-12 00:00:00
300760,300760.SZ,迈瑞医疗,10091420,069001002002,016082,医疗器械,1041,550416377594.16,225988029368.64,452.76,0.41696238467,1215691266,499134264,77.96889674,82.67394996,22.01627867,62.05293812,64.29505364,24.9445127,3.40784624,2021-05-13 00:00:00
300760,300760.SZ,迈瑞医疗,10091420,069001002002,016082,医疗器械,1041,547267737215.22,224695271624.88,450.17,-0.572047000618,1215691266,499134264,77.52287801,82.20101611,21.8903352,61.69796615,63.92725571,24.80181836,3.38835176,2021-05-14 00:00:00
300760,300760.SZ,迈瑞医疗,10091420,069001002002,016082,医疗器械,1041,575386676197.8,236240247151.2,473.3,5.138058955506,1215691266,499134264,81.50604918,86.42455278,23.01507353,64.86804403,67.2118758,26.07615041,3.56244727,2021-05-17 00:00:00
300760,300760.SZ,迈瑞医疗,10091420,069001002002,016082,医疗器械,1041,573161961181.02,235326831448.08,471.47,-0.386646946968,1215691266,499134264,81.19090853,86.09039488,22.92608645,64.61723371,66.95200313,25.97532777,3.54867318,2021-05-18 00:00:00
300760,300760.SZ,迈瑞医疗,10091420,069001002002,016082,医疗器械,1041,565053300436.8,231997605907.2,464.8,-1.414724160604,1215691266,499134264,80.04228113,84.87245327,22.60174557,63.7030781,66.00481697,25.60784853,3.49846924,2021-05-19 00:00:00
300760,300760.SZ,迈瑞医疗,10091420,069001002002,016082,医疗器械,1041,579289045161.66,237842468138.64,476.51,2.519363166954,1215691266,499134264,82.05883688,87.01069859,23.17116562,65.30798998,67.66771802,26.25300324,3.58660839,2021-05-20 00:00:00
300760,300760.SZ,迈瑞医疗,10091420,069001002002,016082,医疗器械,1041,584261222439.6,239883927278.4,480.6,0.858324064553,1215691266,499134264,82.76316763,87.75753236,23.37004931,65.86854418,68.24852632,26.47833908,3.61739311,2021-05-21 00:00:00
300760,300760.SZ,迈瑞医疗,10091420,069001002002,016082,医疗器械,1041,573441570172.2,235441632328.8,471.7,-1.851851851852,1215691266,499134264,81.23051637,86.13239287,22.93727062,64.64875632,66.98466473,25.98799947,3.55040435,2021-05-24 00:00:00
300760,300760.SZ,迈瑞医疗,10091420,069001002002,016082,医疗器械,1041,590327521856.94,242374607255.76,485.59,2.944668221327,1215691266,499134264,83.62248557,88.66870607,23.61269714,66.5524477,68.95714086,26.75325983,3.65495198,2021-05-25 00:00:00
300760,300760.SZ,迈瑞医疗,10091420,069001002002,016082,医疗器械,1041,588163591403.46,241486148265.84,483.81,-0.366564385593,1215691266,499134264,83.31595532,88.34367817,23.5261414,66.30849013,68.70436854,26.65519191,3.64155423,2021-05-26 00:00:00
300760,300760.SZ,迈瑞医疗,10091420,069001002002,016082,医疗器械,1041,601767176670.0,247071460680.0,495.0,2.312891424319,1215691266,499134264,85.24296291,90.38697153,24.07027551,67.84213352,70.29342599,27.27169756,3.72577942,2021-05-27 00:00:00
300760,300760.SZ,迈瑞医疗,10091420,069001002002,016082,医疗器械,1041,589038889114.98,241845524935.92,484.53,-1.618274111675,1215691266,499134264,83.43994509,88.47515013,23.56115271,66.4071696,68.80661353,26.69485983,3.64697354,2021-05-28 00:00:00
300760,300760.SZ,迈瑞医疗,10091420,069001002002,016082,医疗器械,1041,587178881478.0,241081849512.0,483.0,-0.315769921367,1215691266,499134264,83.17646684,88.19577222,23.48675368,66.19747573,68.58934294,26.6105655,3.6354575,2021-05-31 00:00:00
300760,300760.SZ,迈瑞医疗,10091420,069001002002,016082,医疗器械,1041,598120102872.0,245574057888.0,492.0,1.863354037267,1215691266,499134264,84.72633889,89.8391717,23.92439505,67.43096907,69.86740523,27.10641454,3.70319894,2021-06-01 00:00:00
300760,300760.SZ,迈瑞医疗,10091420,069001002002,016082,医疗器械,1041,587178881478.0,241081849512.0,483.0,-1.829268292683,1215691266,499134264,83.17646684,88.19577222,23.48675368,66.19747573,68.58934294,26.6105655,3.6354575,2021-06-02 00:00:00
300760,300760.SZ,迈瑞医疗,10091420,069001002002,016082,医疗器械,1041,578425904362.8,237488082811.2,475.8,-1.490683229814,1215691266,499134264,81.9365692,86.88105263,23.13664058,65.21068106,67.5668931,26.21388626,3.58126434,2021-06-03 00:00:00
300760,300760.SZ,迈瑞医疗,10091420,069001002002,016082,医疗器械,1041,588637710997.2,241680810628.8,484.2,1.765447667087,1215691266,499134264,83.38311645,88.41489215,23.54510586,66.36194151,68.75975124,26.6766787,3.64448969,2021-06-04 00:00:00
300760,300760.SZ,迈瑞医疗,10091420,069001002002,016082,医疗器械,1041,587543588857.8,241231589791.2,483.3,-0.185873605948,1215691266,499134264,83.22812924,88.2505522,23.50134172,66.23859218,68.63194501,26.6270938,3.63771554,2021-06-07 00:00:00
300760,300760.SZ,迈瑞医疗,10091420,069001002002,016082,医疗器械,1041,585416129142.3,240358104829.2,481.55,-0.362093937513,1215691266,499134264,82.92676523,87.9310023,23.41624479,65.99874625,68.3834329,26.5306787,3.6245436,2021-06-08 00:00:00
300760,300760.SZ,迈瑞医疗,10091420,069001002002,016082,医疗器械,1041,582303959501.34,239080321113.36,478.99,-0.531616654553,1215691266,499134264,82.48591274,87.46354645,23.29176013,65.64788592,68.01989518,26.3896372,3.60527492,2021-06-09 00:00:00
300760,300760.SZ,迈瑞医疗,10091420,069001002002,016082,医疗器械,1041,590947524402.6,242629165730.4,486.1,1.484373368964,1215691266,499134264,83.71031166,88.76183204,23.63749682,66.62234566,69.02956439,26.78135794,3.65879066,2021-06-10 00:00:00
300760,300760.SZ,迈瑞医疗,10091420,069001002002,016082,医疗器械,1041,571374895020.0,234593104080.0,470.0,-3.312075704588,1215691266,499134264,80.93776276,85.82197297,22.85460503,64.41576314,66.74325296,25.89433909,3.53760874,2021-06-11 00:00:00
300760,300760.SZ,迈瑞医疗,10091420,069001002002,016082,医疗器械,1041,566694483645.9,232671437163.6,466.15,-0.81914893617,1215691266,499134264,80.27476194,85.11896319,22.66739178,63.8881021,66.19652631,25.68222589,3.50863046,2021-06-15 00:00:00
300760,300760.SZ,迈瑞医疗,10091420,069001002002,016082,医疗器械,1041,538028483593.62,220901851218.48,442.57,-5.058457578033,1215691266,499134264,76.21409716,80.81325655,21.52077138,60.65634956,62.84800311,24.38310139,3.33114788,2021-06-16 00:00:00
300760,300760.SZ,迈瑞医疗,10091420,069001002002,016082,医疗器械,1041,555084632055.6,227904704942.4,456.6,3.17011998102,1215691266,499134264,78.63017548,83.37513374,22.20300565,62.57922861,64.84036022,25.15607496,3.43674926,2021-06-17 00:00:00
300760,300760.SZ,迈瑞医疗,10091420,069001002002,016082,医疗器械,1041,554343060383.34,227600233041.36,455.99,-0.133596145423,1215691266,499134264,78.5251286,83.26374777,22.17334329,62.49562517,64.75373599,25.12246741,3.43215789,2021-06-18 00:00:00
300760,300760.SZ,迈瑞医疗,10091420,069001002002,016082,医疗器械,1041,546963814398.72,224570488058.88,449.92,-1.331169543192,1215691266,499134264,77.47982601,82.15536612,21.8781785,61.66370245,63.89175398,24.78804478,3.38647005,2021-06-21 00:00:00
300760,300760.SZ,迈瑞医疗,10091420,069001002002,016082,医疗器械,1041,580006303008.6,238136957354.4,477.1,6.041073968706,1215691266,499134264,82.1604396,87.11843256,23.19985545,65.38885232,67.7515021,26.2855089,3.59104922,2021-06-22 00:00:00
300760,300760.SZ,迈瑞医疗,10091420,069001002002,016082,医疗器械,1041,569478416645.04,233814454628.16,468.44,-1.815133095787,1215691266,499134264,80.66911827,85.53711706,22.77874719,64.20195762,66.52172216,25.80839193,3.52586689,2021-06-23 00:00:00
300760,300760.SZ,迈瑞医疗,10091420,069001002002,016082,医疗器械,1041,561552109590.72,230560099226.88,461.92,-1.391853812655,1215691266,499134264,79.54632208,84.34656543,22.46170033,63.30836023,65.59583704,25.44917684,3.47679198,2021-06-24 00:00:00
300760,300760.SZ,迈瑞医疗,10091420,069001002002,016082,医疗器械,1041,569770182548.88,233934246851.52,468.68,1.463456875649,1215691266,499134264,80.7104482,85.58094104,22.79041763,64.23485078,66.55580382,25.82161457,3.52767333,2021-06-25 00:00:00
300760,300760.SZ,迈瑞医疗,10091420,069001002002,016082,医疗器械,1041,571326267369.36,234573138709.44,469.96,0.273107450713,1215691266,499134264,80.93087444,85.81466897,22.85265996,64.41028094,66.73757268,25.89213532,3.53730767,2021-06-28 00:00:00
300760,300760.SZ,迈瑞医疗,10091420,069001002002,016082,医疗器械,1041,580905914545.44,238506316709.76,477.84,1.676738445825,1215691266,499134264,82.28787353,87.25355652,23.23583929,65.49027289,67.85658722,26.32627871,3.59661907,2021-06-29 00:00:00
300760,300760.SZ,迈瑞医疗,10091420,069001002002,016082,医疗器械,1041,583592592243.3,239609403433.2,480.05,0.462497907249,1215691266,499134264,82.66845322,87.65710239,23.76687803,65.79316403,68.17042252,26.4480372,3.61325336,2021-06-30 00:00:00
300760,300760.SZ,迈瑞医疗,10091420,069001002002,016082,医疗器械,1041,602970711023.34,247565603601.36,495.99,3.320487449224,1215691266,499134264,85.41344884,90.56774547,24.55605424,67.97781778,70.43401284,27.32624095,3.73323098,2021-07-01 00:00:00
300760,300760.SZ,迈瑞医疗,10091420,069001002002,016082,医疗器械,1041,548374016267.28,225149483805.12,451.08,-9.054618036654,1215691266,499134264,77.67958729,82.36718206,22.33259732,61.82268603,64.05648201,24.85195421,3.39520117,2021-07-02 00:00:00
300760,300760.SZ,迈瑞医疗,10091420,069001002002,016082,医疗器械,1041,551899520938.68,226596973170.72,453.98,0.64290148089,1215691266,499134264,78.17899051,82.89672189,22.47617392,62.220145,64.46830208,25.01172779,3.41702897,2021-07-05 00:00:00
300760,300760.SZ,迈瑞医疗,10091420,069001002002,016082,医疗器械,1041,528096285950.4,216823924281.6,434.4,-4.312965328869,1215691266,499134264,74.80715775,79.32141502,21.50678433,59.53661172,61.68780657,23.93298064,3.2696537,2021-07-06 00:00:00
300760,300760.SZ,迈瑞医疗,10091420,069001002002,016082,医疗器械,1041,556361107884.9,228428795919.6,457.65,5.352209944751,1215691266,499134264,78.81099389,83.56686368,22.65787258,62.72313617,64.98946748,25.21392401,3.44465243,2021-07-07 00:00:00
300760,300760.SZ,迈瑞医疗,10091420,069001002002,016082,医疗器械,1041,543730075631.16,223242790916.64,447.26,-2.270293892713,1215691266,499134264,77.02175271,81.66965028,22.14347228,61.29913664,63.51401557,24.64149384,3.36644869,2021-07-08 00:00:00
300760,300760.SZ,迈瑞医疗,10091420,069001002002,016082,医疗器械,1041,540265355523.06,221820258264.24,444.41,-0.637213254036,1215691266,499134264,76.53095989,81.14924044,22.00237114,60.90853042,63.10929585,24.48447497,3.34499724,2021-07-09 00:00:00
300760,300760.SZ,迈瑞医疗,10091420,069001002002,016082,医疗器械,1041,557528171500.26,228907964813.04,458.61,3.195247631691,1215691266,499134264,78.97631358,83.74215962,22.70540139,62.85470879,65.12579413,25.26681458,3.45187818,2021-07-12 00:00:00
300760,300760.SZ,迈瑞医疗,10091420,069001002002,016082,医疗器械,1041,544641844080.66,223617141614.64,448.01,-2.311332068642,1215691266,499134264,77.15090871,81.80660023,22.18060416,61.40192775,63.62052076,24.68281459,3.37209381,2021-07-13 00:00:00
300760,300760.SZ,迈瑞医疗,10091420,069001002002,016082,医疗器械,1041,555546594736.68,228094375962.72,456.98,2.002187451173,1215691266,499134264,78.69561453,83.44452172,22.62470144,62.63130944,64.89432285,25.17701081,3.43960945,2021-07-14 00:00:00
300760,300760.SZ,迈瑞医疗,10091420,069001002002,016082,医疗器械,1041,555546594736.68,228094375962.72,456.98,0.0,1215691266,499134264,78.69561453,83.44452172,22.62470144,62.63130944,64.89432285,25.17701081,3.43960945,2021-07-15 00:00:00
300760,300760.SZ,迈瑞医疗,10091420,069001002002,016082,医疗器械,1041,527610009444.0,216624270576.0,434.0,-5.028666462427,1215691266,499134264,74.73827455,79.24837504,21.48698066,59.48178979,61.6310038,23.91094291,3.26664297,2021-07-16 00:00:00
300760,300760.SZ,迈瑞医疗,10091420,069001002002,016082,医疗器械,1041,557941506530.7,229077670462.8,458.95,5.748847926267,1215691266,499134264,79.0348643,83.8042436,22.7222345,62.90130743,65.17407648,25.28554665,3.4544373,2021-07-19 00:00:00
300760,300760.SZ,迈瑞医疗,10091420,069001002002,016082,医疗器械,1041,547486561643.1,224785115792.4,450.35,-1.8738424665,1215691266,499134264,77.55387545,82.2338841,22.29645563,61.72263602,63.95281696,24.81173534,3.38970659,2021-07-20 00:00:00
300760,300760.SZ,迈瑞医疗,10091420,069001002002,016082,医疗器械,1041,554124235955.46,227510388873.84,455.81,1.212390363051,1215691266,499134264,78.49413116,83.23087978,22.5667757,62.47095531,64.72817475,25.11255043,3.43080307,2021-07-21 00:00:00
300760,300760.SZ,迈瑞医疗,10091420,069001002002,016082,医疗器械,1041,549492452232.0,225608687328.0,452.0,-0.835874596872,1215691266,499134264,77.83801866,82.535174,22.37814576,61.94877646,64.18712838,24.902641,3.40212585,2021-07-22 00:00:00
300760,300760.SZ,迈瑞医疗,10091420,069001002002,016082,医疗器械,1041,528825700710.0,217123404840.0,435.0,-3.761061946903,1215691266,499134264,74.91048256,79.43097498,21.53648983,59.6188446,61.77301072,23.96603725,3.27416979,2021-07-23 00:00:00
300760,300760.SZ,迈瑞医疗,10091420,069001002002,016082,医疗器械,1041,498858911003.1,204819745232.4,410.35,-5.666666666667,1215691266,499134264,70.66555521,74.9298864,20.31608874,56.24044341,58.27254011,22.6079618,3.08863351,2021-07-26 00:00:00
300760,300760.SZ,迈瑞医疗,10091420,069001002002,016082,医疗器械,1041,476028229027.62,195446003754.48,391.57,-4.576580967467,1215691266,499134264,67.43148886,71.50065948,19.38630649,53.66655398,55.60565013,21.57329013,2.94727969,2021-07-27 00:00:00
300760,300760.SZ,迈瑞医疗,10091420,069001002002,016082,医疗器械,1041,503284027211.34,206636593953.36,413.99,5.725668462855,1215691266,499134264,71.29239235,75.59455019,20.49630213,56.73932294,58.7894453,22.8085052,3.11603116,2021-07-28 00:00:00
300760,300760.SZ,迈瑞医疗,10091420,069001002002,016082,医疗器械,1041,518273500521.12,212790919428.48,426.32,2.978332809971,1215691266,499134264,73.41571707,77.84600748,21.10675022,58.42920881,60.54039064,23.48781839,3.20883693,2021-07-29 00:00:00
300760,300760.SZ,迈瑞医疗,10091420,069001002002,016082,医疗器械,1041,474545085683.1,194837059952.4,390.35,-8.437324075812,1215691266,499134264,67.22139509,71.27788755,19.3259053,53.49934711,55.43240169,21.50607503,2.93809696,2021-07-30 00:00:00
300760,300760.SZ,迈瑞医疗,10091420,069001002002,016082,医疗器械,1041,483601985614.8,198555610219.2,397.8,1.908543614705,1215691266,499134264,68.50434474,72.63825712,19.69474863,54.52040548,56.49035325,21.91652786,2.99417183,2021-08-02 00:00:00
300760,300760.SZ,迈瑞医疗,10091420,069001002002,016082,医疗器械,1041,497704004300.4,204345567681.6,409.4,2.916038210156,1215691266,499134264,70.50195761,74.75641645,20.26905503,56.11024134,58.13763354,22.55562218,3.08148302,2021-08-03 00:00:00
300760,300760.SZ,迈瑞医疗,10091420,069001002002,016082,医疗器械,1041,462339545372.46,189825751941.84,380.31,-7.105520273571,1215691266,499134264,65.49242672,69.44458413,18.82883322,52.12331676,54.0066522,20.95292787,2.86252762,2021-08-04 00:00:00
300760,300760.SZ,迈瑞医疗,10091420,069001002002,016082,医疗器械,1041,468940748946.84,192536050995.36,385.74,1.427782598407,1215691266,499134264,66.42751619,70.43610181,19.09766802,52.86752441,54.77774978,21.25209013,2.90339829,2021-08-05 00:00:00
300760,300760.SZ,迈瑞医疗,10091420,069001002002,016082,医疗器械,1041,466886230707.3,191692514089.2,384.05,-0.438118940219,1215691266,499134264,66.13648466,70.12750791,19.01399752,52.63590177,54.53775808,21.1589807,2.89067795,2021-08-06 00:00:00
300760,300760.SZ,迈瑞医疗,10091420,069001002002,016082,医疗器械,1041,469256828676.0,192665825904.0,386.0,0.507746387189,1215691266,499134264,66.47229027,70.4835778,19.1105404,52.90315866,54.81467158,21.26641466,2.90535527,2021-08-09 00:00:00
300760,300760.SZ,迈瑞医疗,10091420,069001002002,016082,医疗器械,1041,490409856704.4,201350762097.6,403.4,4.507772020725,1215691266,499134264,69.46870957,73.6608168,19.972,55.28791244,57.28559201,22.22505615,3.03632206,2021-08-10 00:00:00
300760,300760.SZ,迈瑞医疗,10091420,069001002002,016082,医疗器械,1041,468016823584.68,192156708954.72,384.98,-4.56618740704,1215691266,499134264,66.2966381,70.29732586,19.06004105,52.76336275,54.66982452,21.21021844,2.8976779,2021-08-11 00:00:00
300760,300760.SZ,迈瑞医疗,10091420,069001002002,016082,医疗器械,1041,456127363003.2,187275175852.8,375.2,-2.54039170866,1215691266,499134264,64.61244381,68.51149842,18.57584135,51.42296666,53.28099683,20.6713958,2.82406553,2021-08-12 00:00:00
300760,300760.SZ,迈瑞医疗,10091420,069001002002,016082,医疗器械,1041,443605742963.4,182134092933.6,364.9,-2.745202558635,1215691266,499134264,62.83870135,66.63071901,18.06589687,50.01130206,51.81832554,20.10392412,2.74653921,2021-08-13 00:00:00
300760,300760.SZ,迈瑞医疗,10091420,069001002002,016082,医疗器械,1041,446693598779.04,183401893964.16,367.44,0.696081118115,1215691266,499134264,63.27610968,67.09452287,18.19165017,50.35942129,52.17902312,20.24386374,2.76565735,2021-08-16 00:00:00
300760,300760.SZ,迈瑞医疗,10091420,069001002002,016082,医疗器械,1041,418915053350.94,171996676031.76,344.59,-6.218702373177,1215691266,499134264,59.34115675,62.92211418,17.06036559,47.22771876,48.93416497,18.9849581,2.59366935,2021-08-17 00:00:00
300760,300760.SZ,迈瑞医疗,10091420,069001002002,016082,医疗器械,1041,422088007555.2,173299416460.8,347.2,0.757421863664,1215691266,499134264,59.79061964,63.39870003,17.18958453,47.58543183,49.30480304,19.12875433,2.61331437,2021-08-18 00:00:00
300760,300760.SZ,迈瑞医疗,10091420,069001002002,016082,医疗器械,1041,407584810751.82,167344744691.28,335.27,-3.436059907834,1215691266,499134264,57.73617813,61.22028272,16.59894011,45.95036789,47.61066047,18.47147887,2.52351933,2021-08-19 00:00:00
300760,300760.SZ,迈瑞医疗,10091420,069001002002,016082,医疗器械,1041,338071584161.94,138804247475.76,278.09,-17.05491096728,1215691266,499134264,47.88932435,50.77921801,13.76800565,38.11357355,39.49070471,15.32118459,2.09313535,2021-08-20 00:00:00
300760,300760.SZ,迈瑞医疗,10091420,069001002002,016082,医疗器械,1041,365558363686.2,150089673184.8,300.7,8.13046136143,1215691266,499134264,51.78294737,54.90780271,14.88740803,41.21238293,42.7014812,16.56686759,2.26331691,2021-08-23 00:00:00
300760,300760.SZ,迈瑞医疗,10091420,069001002002,016082,医疗器械,1041,371430152500.98,152500491679.92,305.53,1.606252078484,1215691266,499134264,52.61471204,55.78976043,15.12653733,41.87435768,43.38737463,16.83297324,2.29967149,2021-08-24 00:00:00
300760,300760.SZ,迈瑞医疗,10091420,069001002002,016082,医疗器械,1041,387562375600.8,159124003363.2,318.8,4.343272346414,1215691266,499134264,54.89991227,58.21286166,15.78352404,43.69307508,45.27180648,17.56407511,2.39955248,2021-08-25 00:00:00
300760,300760.SZ,迈瑞医疗,10091420,069001002002,016082,医疗器械,1041,390783957455.7,160446709162.8,321.45,0.831242158093,1215691266,499134264,51.7699037,58.69675151,15.91472335,44.05627034,47.75048076,16.81526965,2.41949858,2021-08-26 00:00:00
300760,300760.SZ,迈瑞医疗,10091420,069001002002,016082,医疗器械,1041,392972201734.5,161345150838.0,323.25,0.559962669155,1215691266,499134264,52.05979584,59.02543141,16.00383986,44.30296901,48.01786562,16.90942888,2.43304686,2021-08-27 00:00:00
300760,300760.SZ,迈瑞医疗,10091420,069001002002,016082,医疗器械,1041,387805513854.0,159223830216.0,319.0,-1.314771848415,1215691266,499134264,51.3753283,58.24938165,15.79342588,43.72048604,47.38654025,16.68710847,2.40105785,2021-08-30 00:00:00
300760,300760.SZ,迈瑞医疗,10091420,069001002002,016082,医疗器械,1041,398746735248.0,163716038592.0,328.0,2.82131661442,1215691266,499134264,52.82478897,59.89278113,16.23900843,44.95397938,48.72346458,17.15790464,2.46879929,2021-08-31 00:00:00
300760,300760.SZ,迈瑞医疗,10091420,069001002002,016082,医疗器械,1041,402393809046.0,165213441384.0,331.0,0.914634146341,1215691266,499134264,53.30794253,60.44058096,16.38753594,45.36514383,49.16910602,17.31483669,2.49137977,2021-09-01 00:00:00
300760,300760.SZ,迈瑞医疗,10091420,069001002002,016082,医疗器械,1041,394686326419.56,162048930150.24,324.66,-1.915407854985,1215691266,499134264,52.28687801,59.28289733,16.07364779,44.4962163,48.2273171,16.98318695,2.44365969,2021-09-02 00:00:00
300760,300760.SZ,迈瑞医疗,10091420,069001002002,016082,医疗器械,1041,402636947299.2,165313268236.8,331.2,2.014415080392,1215691266,499134264,53.34015276,60.47710095,16.39743778,45.39255479,49.19881545,17.32529883,2.49288514,2021-09-03 00:00:00
300760,300760.SZ,迈瑞医疗,10091420,069001002002,016082,医疗器械,1041,433576290018.9,178016235255.6,356.65,7.684178743961,1215691266,499134264,57.43890544,65.12426949,17.65744621,48.88059983,52.97934037,18.65660576,2.68444289,2021-09-06 00:00:00
300760,300760.SZ,迈瑞医疗,10091420,069001002002,016082,医疗器械,1041,420604864210.68,172690472658.72,345.98,-2.991728585448,1215691266,499134264,55.72048929,63.1759281,17.12918334,47.41822496,51.3943423,18.09845075,2.60413164,2021-09-07 00:00:00
300760,300760.SZ,迈瑞医疗,10091420,069001002002,016082,医疗器械,1041,404825191578.0,166211709912.0,333.0,-3.751661945777,1215691266,499134264,53.6300449,60.80578085,16.48655429,45.63925346,49.46620032,17.41945806,2.50643343,2021-09-08 00:00:00
300760,300760.SZ,迈瑞医疗,10091420,069001002002,016082,医疗器械,1041,406223236533.9,166785714315.6,334.15,0.345345345345,1215691266,499134264,53.81525376,61.01577078,16.54348983,45.79686649,49.63702954,17.47961535,2.51508928,2021-09-09 00:00:00
300760,300760.SZ,迈瑞医疗,10091420,069001002002,016082,医疗器械,1041,403244792932.2,165562835368.8,331.7,-0.733203651055,1215691266,499134264,53.42067836,60.56840092,16.42219236,45.4610822,49.27308903,17.35145417,2.49664855,2021-09-10 00:00:00
300760,300760.SZ,迈瑞医疗,10091420,069001002002,016082,医疗器械,1041,408885600406.44,167878818353.76,336.34,1.398854386494,1215691266,499134264,54.16795586,61.41566466,16.65191492,46.09701654,49.96234779,17.59417575,2.53157303,2021-09-13 00:00:00
300760,300760.SZ,迈瑞医疗,10091420,069001002002,016082,医疗器械,1041,412240908300.6,169256428922.4,339.1,0.820598204198,1215691266,499134264,54.61245713,61.9196405,16.78856024,46.47528783,50.37233792,17.73855324,2.55234707,2021-09-14 00:00:00
300760,300760.SZ,迈瑞医疗,10091420,069001002002,016082,医疗器械,1041,399354580881.0,163965605724.0,328.5,-3.125921557063,1215691266,499134264,52.90531456,59.98408111,16.26376301,45.02250679,48.79773815,17.18405998,2.47256271,2021-09-15 00:00:00
300760,300760.SZ,迈瑞医疗,10091420,069001002002,016082,医疗器械,1041,406053039756.66,166715835518.64,334.01,1.677321156773,1215691266,499134264,53.7927066,60.99020679,16.53655855,45.77767882,49.61623294,17.47229185,2.51403552,2021-09-16 00:00:00
300760,300760.SZ,迈瑞医疗,10091420,069001002002,016082,医疗器械,1041,441295929558.0,181185737832.0,363.0,8.679380856861,1215691266,499134264,58.46158047,66.28377912,17.97182945,49.75089791,53.92261476,18.98877861,2.73223824,2021-09-17 00:00:00
300760,300760.SZ,迈瑞医疗,10091420,069001002002,016082,医疗器械,1041,461901896516.7,189646063606.8,379.95,4.669421487603,1215691266,499134264,61.19139807,69.37884815,18.81100991,52.07397703,56.44048892,19.87544472,2.85981796,2021-09-22 00:00:00
300760,300760.SZ,迈瑞医疗,10091420,069001002002,016082,医疗器械,1041,447593210315.88,183771253319.52,368.18,-3.097776023161,1215691266,499134264,59.29582562,67.22964682,18.22828696,50.46084185,54.69208899,19.25974795,2.77122721,2021-09-23 00:00:00
300760,300760.SZ,迈瑞医疗,10091420,069001002002,016082,医疗器械,1041,455884224750.0,187175349000.0,375.0,1.852354826444,1215691266,499134264,60.3941947,68.47497843,18.56593951,51.39555569,55.70518054,19.61650683,2.82256017,2021-09-24 00:00:00
300760,300760.SZ,迈瑞医疗,10091420,069001002002,016082,医疗器械,1041,460260713307.6,188972232350.4,378.6,0.96,1215691266,499134264,60.97397897,69.13233822,18.74417253,51.88895303,56.23995027,19.80482529,2.84965674,2021-09-27 00:00:00
300760,300760.SZ,迈瑞医疗,10091420,069001002002,016082,医疗器械,1041,461962681080.0,189671020320.0,380.0,0.369783412573,1215691266,499134264,61.19945063,69.38797814,18.81348537,52.08082977,56.44791628,19.87806025,2.8601943,2021-09-28 00:00:00
300760,300760.SZ,迈瑞医疗,10091420,069001002002,016082,医疗器械,1041,455276379117.0,186925781868.0,374.5,-1.447368421053,1215691266,499134264,60.31366911,68.38367846,18.54118493,51.32702829,55.63090697,19.59035148,2.81879675,2021-09-29 00:00:00
300760,300760.SZ,迈瑞医疗,10091420,069001002002,016082,医疗器械,1041,468551727741.72,192376328030.88,385.42,2.915887850467,1215691266,499134264,62.07234806,70.37766983,18.16036769,52.82366687,57.25304182,20.16158416,2.90098971,2021-09-30 00:00:00
300760,300760.SZ,迈瑞医疗,10091420,069001002002,016082,医疗器械,1041,457525407959.1,187849180256.4,376.35,-2.353276944632,1215691266,499134264,60.61161381,68.72148835,17.73300395,51.58057969,55.90571919,19.68712625,2.83272138,2021-10-08 00:00:00
300760,300760.SZ,迈瑞医疗,10091420,069001002002,016082,医疗器械,1041,444797120404.08,182623244512.32,365.88,-2.781984854524,1215691266,499134264,58.92540789,66.80966696,17.23967446,50.14561578,54.35043055,19.13943338,2.7539155,2021-10-11 00:00:00
300760,300760.SZ,迈瑞医疗,10091420,069001002002,016082,医疗器械,1041,458181881242.74,188118712758.96,376.89,3.0091833388,1215691266,499134264,60.69858145,68.82009232,17.75844787,51.65458929,55.98593465,19.71537402,2.83678587,2021-10-12 00:00:00
300760,300760.SZ,迈瑞医疗,10091420,069001002002,016082,医疗器械,1041,480222363895.32,197168016965.28,395.02,4.810422139086,1215691266,499134264,63.61843945,72.13062928,18.61270418,54.13939309,58.67909444,20.66376674,2.97324725,2021-10-13 00:00:00
300760,300760.SZ,迈瑞医疗,10091420,069001002002,016082,医疗器械,1041,471688211208.0,193664094432.0,388.0,-1.77712520885,1215691266,499134264,62.48786012,70.84877768,18.28193312,53.17726829,57.63629346,20.29654573,2.92040892,2021-10-14 00:00:00
300760,300760.SZ,迈瑞医疗,10091420,069001002002,016082,医疗器械,1041,459567769285.98,188687725819.92,378.03,-2.569587628866,1215691266,499134264,60.8821798,69.02825626,17.81216283,51.81083178,56.1552784,19.7750082,2.84536645,2021-10-15 00:00:00
300760,300760.SZ,迈瑞医疗,10091420,069001002002,016082,医疗器械,1041,449805768420.0,449805768420.0,370.0,-2.124170039415,1215691266,1215691266,59.58893878,67.56197872,17.4338022,50.71028162,54.9624448,19.3549534,2.78492603,2021-10-18 00:00:00
300760,300760.SZ,迈瑞医疗,10091420,069001002002,016082,医疗器械,1041,456248932129.8,456248932129.8,375.3,1.432432432432,1215691266,1215691266,60.44251006,68.52975841,17.68352964,51.43667214,55.74974468,19.63220003,2.82481822,2021-10-19 00:00:00
300760,300760.SZ,迈瑞医疗,10091420,069001002002,016082,医疗器械,1041,433940997398.7,433940997398.7,356.95,-4.889421795897,1215691266,1215691266,54.53298986,65.17904947,16.81890729,48.92171628,48.34036274,17.818278,2.68670094,2021-10-20 00:00:00
300760,300760.SZ,迈瑞医疗,10091420,069001002002,016082,医疗器械,1041,442572405387.3,442572405387.3,364.05,1.989074100014,1215691266,1215691266,55.61769144,66.47550906,17.15344782,49.89480547,49.30188837,18.17269675,2.74014141,2021-10-21 00:00:00
300760,300760.SZ,迈瑞医疗,10091420,069001002002,016082,医疗器械,1041,441283772645.34,441283772645.34,362.99,-0.291168795495,1215691266,1215691266,55.45575008,66.28195312,17.10350233,49.74952736,49.15833666,18.11978353,2.73216297,2021-10-22 00:00:00
300760,300760.SZ,迈瑞医疗,10091420,069001002002,016082,医疗器械,1041,447204189110.76,447204189110.76,367.86,1.341634755778,1215691266,1215691266,56.19976369,67.17121484,17.33296886,50.41698431,49.81786199,18.36288485,2.76881862,2021-10-25 00:00:00
300760,300760.SZ,迈瑞医疗,10091420,069001002002,016082,医疗器械,1041,447374385888.0,447374385888.0,368.0,0.038057956831,1215691266,1215691266,56.22115217,67.19677883,17.33956544,50.43617199,49.83682165,18.36987338,2.76987238,2021-10-26 00:00:00
300760,300760.SZ,迈瑞医疗,10091420,069001002002,016082,医疗器械,1041,437624541934.68,437624541934.68,359.98,-2.179347826087,1215691266,1215691266,54.99589772,65.7323273,16.96167599,49.33699237,48.75070396,17.96952995,2.70950722,2021-10-27 00:00:00
300760,300760.SZ,迈瑞医疗,10091420,069001002002,016082,医疗器械,1041,440979849828.84,440979849828.84,362.74,0.766709261626,1215691266,1215691266,55.41755636,66.23630314,17.09172273,49.71526366,49.12448012,18.107304,2.73028127,2021-10-28 00:00:00
300760,300760.SZ,迈瑞医疗,10091420,069001002002,016082,医疗器械,1041,457209328229.94,457209328229.94,376.09,3.680321993715,1215691266,1215691266,57.45710087,68.67401237,17.72075317,51.54494544,50.93241917,18.77371109,2.83076441,2021-10-29 00:00:00
300760,300760.SZ,迈瑞医疗,10091420,069001002002,016082,医疗器械,1041,453100291750.86,453100291750.86,372.71,-0.898721050812,1215691266,1215691266,56.94072181,68.05682456,17.56149303,51.08170017,50.4746788,18.6049878,2.80532373,2021-11-01 00:00:00
300760,300760.SZ,迈瑞医疗,10091420,069001002002,016082,医疗器械,1041,456783836286.84,456783836286.84,375.74,0.812964503233,1215691266,1215691266,57.40362967,68.61010239,17.70426173,51.49697626,50.88502002,18.75623974,2.82813002,2021-11-02 00:00:00
300760,300760.SZ,迈瑞医疗,10091420,069001002002,016082,医疗器械,1041,462837978791.52,462837978791.52,380.72,1.32538457444,1215691266,1215691266,58.16444852,69.5194501,17.93891128,52.17950924,51.55944222,19.00483205,2.86561362,2021-11-03 00:00:00
300760,300760.SZ,迈瑞医疗,10091420,069001002002,016082,医疗器械,1041,471688211208.0,471688211208.0,388.0,1.912166421517,1215691266,1215691266,59.27664957,70.84877768,18.28193312,53.17726829,52.54534457,19.36823607,2.92040892,2021-11-04 00:00:00
300760,300760.SZ,迈瑞医疗,10091420,069001002002,016082,医疗器械,1041,484927089094.74,484927089094.74,398.89,2.806701030928,1215691266,1215691266,60.94036791,72.83729106,18.79505233,54.66979523,54.02013529,19.91184455,3.00237607,2021-11-05 00:00:00
300760,300760.SZ,迈瑞医疗,10091420,069001002002,016082,医疗器械,1041,455519517370.2,455519517370.2,374.7,-6.06432851162,1215691266,1215691266,57.2447438,68.42019845,17.65525861,51.35443925,50.74417683,18.70432488,2.82030212,2021-11-08 00:00:00
300760,300760.SZ,迈瑞医疗,10091420,069001002002,016082,医疗器械,1041,450170475799.8,450170475799.8,370.3,-1.174272751535,1215691266,1215691266,56.57253438,67.6167587,17.44793772,50.75139806,50.14830179,18.48468509,2.78718408,2021-11-09 00:00:00
300760,300760.SZ,迈瑞医疗,10091420,069001002002,016082,医疗器械,1041,446134380796.68,446134380796.68,366.98,-0.896570348366,1215691266,1215691266,56.06532181,67.01052689,17.29150468,50.29637608,49.69868698,18.31895689,2.76219501,2021-11-10 00:00:00
300760,300760.SZ,迈瑞医疗,10091420,069001002002,016082,医疗器械,1041,451313225589.84,451313225589.84,371.24,1.160826203063,1215691266,1215691266,56.71614275,67.78840265,17.492229,50.88022959,50.27560236,18.53160814,2.7942593,2021-11-11 00:00:00
300760,300760.SZ,迈瑞医疗,10091420,069001002002,016082,医疗器械,1041,446413989787.86,446413989787.86,367.21,-1.085551125956,1215691266,1215691266,56.10046003,67.05252488,17.30234191,50.32789868,49.72983499,18.33043806,2.76392618,2021-11-12 00:00:00
300760,300760.SZ,迈瑞医疗,10091420,069001002002,016082,医疗器械,1041,446073596233.38,446073596233.38,366.93,-0.076250646769,1215691266,1215691266,56.05768306,67.0013969,17.28914876,50.28952333,49.69191567,18.31646098,2.76181867,2021-11-15 00:00:00
300760,300760.SZ,迈瑞医疗,10091420,069001002002,016082,医疗器械,1041,463299941472.6,463299941472.6,381.1,3.861772000109,1215691266,1215691266,58.22250297,69.58883808,17.95681627,52.23159007,51.61090416,19.02380094,2.86847381,2021-11-16 00:00:00
300760,300760.SZ,迈瑞医疗,10091420,069001002002,016082,医疗器械,1041,468661139955.66,468661139955.66,385.51,1.15717659407,1215691266,1215691266,58.89624015,70.39410383,18.16460835,52.8360018,52.20813346,19.24393991,2.90166712,2021-11-17 00:00:00
300760,300760.SZ,迈瑞医疗,10091420,069001002002,016082,医疗器械,1041,456467756557.68,456467756557.68,375.48,-2.601748333377,1215691266,1215691266,57.3639082,68.5626264,17.69201095,51.461342,50.84980922,18.74326103,2.82617304,2021-11-18 00:00:00
300760,300760.SZ,迈瑞医疗,10091420,069001002002,016082,医疗器械,1041,459652867674.6,459652867674.6,378.1,0.697773516565,1215691266,1215691266,57.76417836,69.04103825,17.81546112,51.82042562,51.20462572,18.87404654,2.84589333,2021-11-19 00:00:00
300760,300760.SZ,迈瑞医疗,10091420,069001002002,016082,医疗器械,1041,447350072062.68,447350072062.68,367.98,-2.676540597725,1215691266,1215691266,56.21809668,67.19312684,17.33862307,50.43343089,49.83411313,18.36887502,2.76972184,2021-11-22 00:00:00
300760,300760.SZ,迈瑞医疗,10091420,069001002002,016082,医疗器械,1041,438864547026.0,438864547026.0,361.0,-1.896842219686,1215691266,1215691266,55.15172808,65.91857924,17.00973675,49.47678828,48.88883863,18.02044644,2.71718459,2021-11-23 00:00:00
300760,300760.SZ,迈瑞医疗,10091420,069001002002,016082,医疗器械,1041,438609251860.14,438609251860.14,360.79,-0.058171745152,1215691266,1215691266,55.11964536,65.88023325,16.99984189,49.44800677,48.86039914,18.00996364,2.71560395,2021-11-24 00:00:00
300760,300760.SZ,迈瑞医疗,10091420,069001002002,016082,医疗器械,1041,441295929558.0,441295929558.0,363.0,0.612544693589,1215691266,1215691266,55.45727782,66.28377912,17.10397351,49.75089791,49.15969092,18.12028271,2.73223824,2021-11-25 00:00:00
300760,300760.SZ,迈瑞医疗,10091420,069001002002,016082,医疗器械,1041,438925331589.3,438925331589.3,361.05,-0.537190082645,1215691266,1215691266,55.15936683,65.92770923,17.01209267,49.48364102,48.89560994,18.02294235,2.71756093,2021-11-26 00:00:00
300760,300760.SZ,迈瑞医疗,10091420,069001002002,016082,医疗器械,1041,440177493593.28,440177493593.28,362.08,0.285279047223,1215691266,1215691266,55.31672494,66.11578717,17.0606246,49.62480748,49.03509887,18.07435803,2.72531356,2021-11-29 00:00:00
300760,300760.SZ,迈瑞医疗,10091420,069001002002,016082,医疗器械,1041,435740220472.38,435740220472.38,358.43,-1.008064516129,1215691266,1215691266,54.75909667,65.44929738,16.8886425,49.12455741,48.54079343,17.89215684,2.69784064,2021-11-30 00:00:00
300760,300760.SZ,迈瑞医疗,10091420,069001002002,016082,医疗器械,1041,435861789598.98,435861789598.98,358.53,0.027899450381,1215691266,1215691266,54.77437415,65.46755738,16.89335434,49.13826289,48.55433605,17.89714865,2.69859332,2021-12-01 00:00:00
300760,300760.SZ,迈瑞医疗,10091420,069001002002,016082,医疗器械,1041,419899763276.4,419899763276.4,345.4,-3.662176107997,1215691266,1215691266,52.76844011,63.07002013,16.27468995,47.33873316,46.77619076,17.24172355,2.59976608,2021-12-02 00:00:00
300760,300760.SZ,迈瑞医疗,10091420,069001002002,016082,医疗器械,1041,429139016898.0,429139016898.0,353.0,2.200347423277,1215691266,1215691266,53.92952912,64.4577797,16.63278967,48.38034976,47.80542946,17.62110137,2.65696997,2021-12-03 00:00:00
300760,300760.SZ,迈瑞医疗,10091420,069001002002,016082,医疗器械,1041,422294675070.42,422294675070.42,347.37,-1.594900849858,1215691266,1215691266,53.06940661,63.42974202,16.36751317,47.60873115,47.04298026,17.34006228,2.61459393,2021-12-06 00:00:00
300760,300760.SZ,迈瑞医疗,10091420,069001002002,016082,医疗器械,1041,424409977873.26,424409977873.26,349.11,0.50090681406,1215691266,1215691266,53.33523488,63.74746592,16.44949916,47.84720653,47.27862176,17.42691983,2.62769061,2021-12-07 00:00:00
300760,300760.SZ,迈瑞医疗,10091420,069001002002,016082,医疗器械,1041,431448830303.4,431448830303.4,354.9,1.658503050614,1215691266,1215691266,54.21980138,64.80471959,16.7223146,48.64075391,48.06273914,17.71594583,2.67127094,2021-12-08 00:00:00
300760,300760.SZ,迈瑞医疗,10091420,069001002002,016082,医疗器械,1041,451021459686.0,451021459686.0,371.0,4.536489151874,1215691266,1215691266,56.67947678,67.74457866,17.48092059,50.84733643,50.24310009,18.51962779,2.79245286,2021-12-09 00:00:00
300760,300760.SZ,迈瑞医疗,10091420,069001002002,016082,医疗器械,1041,450523026266.94,450523026266.94,370.59,-0.11051212938,1215691266,1215691266,56.61683909,67.66971269,17.46160205,50.79114396,50.18757537,18.49916135,2.78936686,2021-12-10 00:00:00
300760,300760.SZ,迈瑞医疗,10091420,069001002002,016082,医疗器械,1041,446328891399.24,446328891399.24,367.14,-0.930947947867,1215691266,1215691266,56.08976579,67.03974288,17.29904363,50.31830485,49.72035516,18.32694379,2.76339931,2021-12-13 00:00:00
300760,300760.SZ,迈瑞医疗,10091420,069001002002,016082,医疗器械,1041,451386167065.8,451386167065.8,371.3,1.133082747726,1215691266,1215691266,56.72530925,67.79935864,17.4950561,50.88845288,50.28372793,18.53460323,2.79471091,2021-12-14 00:00:00
300760,300760.SZ,迈瑞医疗,10091420,069001002002,016082,医疗器械,1041,436433164494.0,436433164494.0,359.0,-3.312685160248,1215691266,1215691266,54.84617834,65.55337935,16.91549998,49.20267865,48.61798634,17.92061018,2.70213093,2021-12-15 00:00:00
300760,300760.SZ,迈瑞医疗,10091420,069001002002,016082,医疗器械,1041,437952778576.5,437952778576.5,360.25,0.348189415042,1215691266,1215691266,55.03714693,65.78162928,16.97439796,49.37399717,48.78726902,17.98300784,2.71153947,2021-12-16 00:00:00
300760,300760.SZ,迈瑞医疗,10091420,069001002002,016082,医疗器械,1041,432980601298.56,432980601298.56,356.16,-1.135322692575,1215691266,1215691266,54.41229771,65.03479552,16.78168377,48.81344298,48.23337608,17.77884267,2.68075474,2021-12-17 00:00:00
300760,300760.SZ,迈瑞医疗,10091420,069001002002,016082,医疗器械,1041,436433164494.0,436433164494.0,359.0,0.79739442947,1215691266,1215691266,54.84617834,65.55337935,16.91549998,49.20267865,48.61798634,17.92061018,2.70213093,2021-12-20 00:00:00
300760,300760.SZ,迈瑞医疗,10091420,069001002002,016082,医疗器械,1041,452237150952.0,452237150952.0,372.0,3.621169916435,1215691266,1215691266,56.83225165,67.9271786,17.52803897,50.98439125,50.37852623,18.56954592,2.79997969,2021-12-21 00:00:00
300760,300760.SZ,迈瑞医疗,10091420,069001002002,016082,医疗器械,1041,450413614053.0,450413614053.0,370.5,-0.403225806452,1215691266,1215691266,56.60308935,67.65327869,17.4573614,50.77880902,50.17538701,18.49466872,2.78868945,2021-12-22 00:00:00
300760,300760.SZ,迈瑞医疗,10091420,069001002002,016082,医疗器械,1041,454060687851.0,454060687851.0,373.5,0.80971659919,1215691266,1215691266,57.06141396,68.20107852,17.59871655,51.18997347,50.58166545,18.64442312,2.81126993,2021-12-23 00:00:00
300760,300760.SZ,迈瑞医疗,10091420,069001002002,016082,医疗器械,1041,452358720078.6,452358720078.6,372.1,-0.374832663989,1215691266,1215691266,56.84752914,67.9454386,17.53275081,50.99809673,50.39206885,18.57453773,2.80073237,2021-12-24 00:00:00
300760,300760.SZ,迈瑞医疗,10091420,069001002002,016082,医疗器械,1041,451276754851.86,451276754851.86,371.21,-0.239183015318,1215691266,1215691266,56.71155951,67.78292465,17.49081545,50.87611794,50.27153958,18.53011059,2.79403349,2021-12-27 00:00:00
300760,300760.SZ,迈瑞医疗,10091420,069001002002,016082,医疗器械,1041,460746989814.0,460746989814.0,379.0,2.098542603917,1215691266,1215691266,57.90167574,69.2053782,17.85786766,51.94377495,51.32650925,18.91897286,2.85266748,2021-12-28 00:00:00
300760,300760.SZ,迈瑞医疗,10091420,069001002002,016082,医疗器械,1041,457270112793.24,457270112793.24,376.14,-0.754617414248,1215691266,1215691266,57.46473962,68.68314237,17.72310908,51.55179818,50.93919048,18.776207,2.83114075,2021-12-29 00:00:00
300760,300760.SZ,迈瑞医疗,10091420,069001002002,016082,医疗器械,1041,465609754878.0,465609754878.0,383.0,1.823789014729,1215691266,1215691266,58.51277522,69.93577797,18.0463412,52.49199421,51.86821384,19.1186454,2.88277478,2021-12-30 00:00:00
300760,300760.SZ,迈瑞医疗,10091420,069001002002,016082,医疗器械,1041,462935234092.8,462935234092.8,380.8,-0.574412532637,1215691266,1215691266,58.17667051,57.85566865,17.17577316,51.44496969,51.57027632,19.0088255,2.86621576,2021-12-31 00:00:00
300760,300760.SZ,迈瑞医疗,10091420,069001002002,016082,医疗器械,1041,415620530020.08,415620530020.08,341.88,-10.220588235294,1215691266,1215691266,52.23067257,51.94247898,15.42030811,46.18699117,46.29949072,17.06601172,2.15592053,2022-01-04 00:00:00
300760,300760.SZ,迈瑞医疗,10091420,069001002002,016082,医疗器械,1041,419656625023.2,419656625023.2,345.2,0.971100971101,1215691266,1215691266,52.73788514,52.4468929,15.57005487,46.63551349,46.74910553,17.23173992,2.1768567,2022-01-05 00:00:00
300760,300760.SZ,迈瑞医疗,10091420,069001002002,016082,医疗器械,1041,410903647908.0,410903647908.0,338.0,-2.085747392816,1215691266,1215691266,51.63790607,51.3529832,15.24530286,45.66281449,45.77403728,16.87232936,2.13145297,2022-01-06 00:00:00
300760,300760.SZ,迈瑞医疗,10091420,069001002002,016082,医疗器械,1041,398734578335.34,398734578335.34,327.99,-2.961538461538,1215691266,1215691266,50.10862962,49.83214485,14.79380735,44.31049267,44.41842156,16.37264883,2.06832917,2022-01-07 00:00:00
300760,300760.SZ,迈瑞医疗,10091420,069001002002,016082,医疗器械,1041,396850256873.04,396850256873.04,326.44,-0.472575383396,1215691266,1215691266,49.87182858,49.5966504,14.72389546,44.10109219,44.20851103,16.29527573,2.05855475,2022-01-10 00:00:00
300760,300760.SZ,迈瑞医疗,10091420,069001002002,016082,医疗器械,1041,387805513854.0,387805513854.0,319.0,-2.279132459257,1215691266,1215691266,48.73518354,48.46627704,14.38831838,43.09596989,43.20094051,15.92388481,2.01163756,2022-01-11 00:00:00
300760,300760.SZ,迈瑞医疗,10091420,069001002002,016082,医疗器械,1041,401080862478.72,401080862478.72,329.92,3.423197492163,1215691266,1215691266,50.40348512,50.12537342,14.88085893,44.57123005,44.67979402,16.46899083,2.08049989,2022-01-12 00:00:00
300760,300760.SZ,迈瑞医疗,10091420,069001002002,016082,医疗器械,1041,393263967638.34,393263652235.59,323.49,-1.948957322987,1215691266,1215690291,49.42114271,49.14845129,14.59083734,43.70255579,43.8090039,16.14801723,2.03995184,2022-01-13 00:00:00
300760,300760.SZ,迈瑞医疗,10091420,069001002002,016082,医疗器械,1041,410660509654.8,410660180299.8,337.8,4.423629787629,1215691266,1215690291,51.6073511,51.32259682,15.23628197,45.63579507,45.74695205,16.86234573,2.13019175,2022-01-14 00:00:00
300760,300760.SZ,迈瑞医疗,10091420,069001002002,016082,医疗器械,1041,409566387515.4,409566059037.9,336.9,-0.266429840142,1215691266,1215690291,51.46985372,51.18585811,15.19568797,45.51420769,45.62506852,16.81741941,2.12451629,2022-01-17 00:00:00
300760,300760.SZ,迈瑞医疗,10091420,069001002002,016082,医疗器械,1041,414392681841.42,414392349493.17,340.87,1.17839121401,1215691266,1215690291,52.07636995,51.78902776,15.37475262,46.05054312,46.16271031,17.0155944,2.1495514,2022-01-18 00:00:00
300760,300760.SZ,迈瑞医疗,10091420,069001002002,016082,医疗器械,1041,407524026188.52,407523699349.02,335.22,-1.657523396016,1215691266,1215690291,51.21319193,50.93061251,15.1199125,45.28724459,45.39755259,16.73355694,2.11392208,2022-01-19 00:00:00
300760,300760.SZ,迈瑞医疗,10091420,069001002002,016082,医疗器械,1041,431497457954.04,431497111887.54,354.94,5.882703895949,1215691266,1215690291,54.22591237,53.92670964,16.00937218,47.95135909,48.06815619,17.71794255,2.23827786,2022-01-20 00:00:00
300760,300760.SZ,迈瑞医疗,10091420,069001002002,016082,医疗器械,1041,416033865050.52,416033531386.02,342.22,-3.583704288049,1215691266,1215690291,52.28261602,51.99413583,15.43564362,46.23292418,46.34553561,17.08298388,2.1580646,2022-01-21 00:00:00
300760,300760.SZ,迈瑞医疗,10091420,069001002002,016082,医疗器械,1041,410271488449.68,410271159406.68,337.48,-1.385073929051,1215691266,1215690291,51.55846314,51.27397861,15.22184854,45.592564,45.70361568,16.84637193,2.12817381,2022-01-24 00:00:00
300760,300760.SZ,迈瑞医疗,10091420,069001002002,016082,医疗器械,1041,414550721706.0,414550389231.0,341.0,1.043024771838,1215691266,1215690291,52.09623068,51.80877891,15.3806162,46.06810574,46.18031571,17.02208376,2.15037119,2022-01-25 00:00:00
300760,300760.SZ,迈瑞医疗,10091420,069001002002,016082,医疗器械,1041,405591077075.58,405590751786.33,333.63,-2.161290322581,1215691266,1215690291,50.97027989,50.68904078,15.04819643,45.07244023,45.18222502,16.65418711,2.10389543,2022-01-26 00:00:00
300760,300760.SZ,迈瑞医疗,10091420,069001002002,016082,医疗器械,1041,396327509628.66,396327191768.91,326.01,-2.28396726913,1215691266,1215690291,49.80613538,49.53131968,14.70450055,44.04300045,44.15027779,16.27381093,2.05584314,2022-01-27 00:00:00
300760,300760.SZ,迈瑞医疗,10091420,069001002002,016082,医疗器械,1041,393008672472.48,393008357274.48,323.28,-0.83739762584,1215691266,1215690291,49.38905999,49.11654559,14.58136541,43.67418541,43.78056441,16.13753442,2.03862756,2022-01-28 00:00:00
300760,300760.SZ,迈瑞医疗,10091420,069001002002,016082,医疗器械,1041,399439679269.62,399439358913.87,328.57,1.636352388023,1215691266,1215690291,50.19723905,49.92026536,14.81996793,44.38884898,44.49696872,16.40160135,2.07198669,2022-02-07 00:00:00
300760,300760.SZ,迈瑞医疗,10091420,069001002002,016082,医疗器械,1041,386723548627.26,386723238470.01,318.11,-3.18349210214,1215691266,1215690291,48.59921391,48.33105765,14.34817542,42.97573348,43.08041124,15.87945767,2.00602516,2022-02-08 00:00:00
300760,300760.SZ,迈瑞医疗,10091420,069001002002,016082,医疗器械,1041,383562751335.66,383562443713.41,315.51,-0.8173273396,1215691266,1215690291,48.20199925,47.9360347,14.23090386,42.62448106,42.72830326,15.74967052,1.98962937,2022-02-09 00:00:00
300760,300760.SZ,迈瑞医疗,10091420,069001002002,016082,医疗器械,1041,375648601194.0,375648299919.0,309.0,-2.063326043549,1215691266,1215690291,47.20743484,46.94695801,13.93727391,41.74499904,41.84667905,15.42470347,1.94857683,2022-02-10 00:00:00
300760,300760.SZ,迈瑞医疗,10091420,069001002002,016082,医疗器械,1041,360452460369.0,360452171281.5,296.5,-4.045307443366,1215691266,1215690291,45.29774897,45.04780923,13.37346833,40.05628549,40.15385223,14.80072679,1.8697509,2022-02-11 00:00:00
300760,300760.SZ,迈瑞医疗,10091420,069001002002,016082,医疗器械,1041,363370119407.4,363369827979.9,298.9,0.809443507589,1215691266,1215690291,45.66440865,45.41244579,13.48171901,40.38051849,40.47887498,14.92053031,1.88488548,2022-02-14 00:00:00
300760,300760.SZ,迈瑞医疗,10091420,069001002002,016082,医疗器械,1041,386772176277.9,386771866081.65,318.15,6.440281030445,1215691266,1215690291,48.6053249,48.33713493,14.3499796,42.98113736,43.08582828,15.88145439,2.0062774,2022-02-15 00:00:00
300760,300760.SZ,迈瑞医疗,10091420,069001002002,016082,医疗器械,1041,387489434124.84,387489123353.34,318.74,0.18544711614,1215691266,1215690291,48.69546208,48.42677475,14.37659122,43.06084464,43.16572971,15.91090609,2.00999799,2022-02-16 00:00:00
300760,300760.SZ,迈瑞医疗,10091420,069001002002,016082,医疗器械,1041,386103546081.6,386103236421.6,317.6,-0.357658279475,1215691266,1215690291,48.52129872,48.25357238,14.32517215,42.90683397,43.0113439,15.85399942,2.00280906,2022-02-17 00:00:00
300760,300760.SZ,迈瑞医疗,10091420,069001002002,016082,医疗器械,1041,387805513854.0,387805202829.0,319.0,0.44080604534,1215691266,1215690291,48.73518354,48.46627704,14.38831838,43.09596989,43.20094051,15.92388481,2.01163756,2022-02-18 00:00:00
300760,300760.SZ,迈瑞医疗,10091420,069001002002,016082,医疗器械,1041,390236896386.0,390236583411.0,321.0,0.626959247649,1215691266,1215690291,49.04073328,48.77014085,14.47852727,43.36616405,43.4717928,16.02372108,2.02424971,2022-02-21 00:00:00
300760,300760.SZ,迈瑞医疗,10091420,069001002002,016082,医疗器械,1041,386225115208.2,386224805450.7,317.7,-1.028037383178,1215691266,1215690291,48.53657621,48.26876557,14.3296826,42.92034368,43.02488652,15.85899123,2.00343967,2022-02-22 00:00:00
300760,300760.SZ,迈瑞医疗,10091420,069001002002,016082,医疗器械,1041,388461987137.64,388461675586.14,319.54,0.579162732137,1215691266,1215690291,48.81768197,48.54832027,14.41267478,43.16892231,43.27407062,15.9508406,2.01504284,2022-02-23 00:00:00
300760,300760.SZ,迈瑞医疗,10091420,069001002002,016082,医疗器械,1041,381483919270.8,381483613315.8,313.8,-1.796332227577,1215691266,1215690291,47.94075422,47.67623115,14.15377526,42.39346505,42.49672455,15.66431051,1.97884598,2022-02-24 00:00:00
300760,300760.SZ,迈瑞医疗,10091420,069001002002,016082,医疗器械,1041,396205940502.06,396205622739.81,325.91,3.859145952836,1215691266,1215690291,49.79085789,49.51612649,14.6999901,44.02949074,44.13673517,16.26881912,2.05521253,2022-02-25 00:00:00
300760,300760.SZ,迈瑞医疗,10091420,069001002002,016082,医疗器械,1041,397664770021.26,397664451089.01,327.11,0.368199809763,1215691266,1215690291,49.97418774,49.69844478,14.75411544,44.19160724,44.29924655,16.32872088,2.06277982,2022-02-28 00:00:00
300760,300760.SZ,迈瑞医疗,10091420,069001002002,016082,医疗器械,1041,397531043982.0,397530725157.0,327.0,-0.033627831616,1215691266,1215690291,49.9573825,49.68173227,14.74915395,44.17674656,44.28434967,16.32322988,2.06208616,2022-03-01 00:00:00
300760,300760.SZ,迈瑞医疗,10091420,069001002002,016082,医疗器械,1041,391695725905.2,391695411760.2,322.2,-1.467889908257,1215691266,1215690291,49.22406313,48.95245913,14.5326526,43.52828055,43.63430417,16.08362284,2.031817,2022-03-02 00:00:00
300760,300760.SZ,迈瑞医疗,10091420,069001002002,016082,医疗器械,1041,389373755587.14,389373443304.39,320.29,-0.592799503414,1215691266,1215690291,48.93226312,48.6622692,14.44650311,43.27024512,43.37564023,15.9882792,2.0197724,2022-03-03 00:00:00
300760,300760.SZ,迈瑞医疗,10091420,069001002002,016082,医疗器械,1041,379809391084.44,379809085655.94,313.26,-2.194885884667,1212441394,1212440419,47.73031771,47.46695577,14.09164709,42.20737843,42.31018467,15.59555183,1.97015981,2022-03-04 00:00:00
300760,300760.SZ,迈瑞医疗,10091420,069001002002,016082,医疗器械,1041,369552136891.2,369551839711.2,304.8,-2.700632062823,1212441394,1212440419,46.44129745,46.18504794,13.71108355,41.06751243,41.16754226,15.17437336,1.91695304,2022-03-07 00:00:00
300760,300760.SZ,迈瑞医疗,10091420,069001002002,016082,医疗器械,1041,359513122148.88,359512833041.88,296.52,-2.716535433071,1212441394,1212440419,45.17970314,44.93041475,13.33861711,39.95189891,40.04921139,14.76215613,1.86487834,2022-03-08 00:00:00
300760,300760.SZ,迈瑞医疗,10091420,069001002002,016082,医疗器械,1041,347922182422.24,347921902636.24,286.96,-3.224065830298,1212441394,1212440419,43.72307977,43.4818286,12.90857131,38.66382339,38.75799845,14.2862145,1.80475343,2022-03-09 00:00:00
300760,300760.SZ,迈瑞医疗,10091420,069001002002,016082,医疗器械,1041,360567946161.66,360567656206.41,297.39,3.634652913298,1212441394,1212440419,45.31226197,45.06224215,13.37775308,40.06911917,40.16671717,14.80546881,1.87034995,2022-03-10 00:00:00
300760,300760.SZ,迈瑞医疗,10091420,069001002002,016082,医疗器械,1041,371855775539.8,371855476507.3,306.7,3.130569286123,1212441394,1212440419,46.73079372,46.47294686,13.7965529,41.32351071,41.42416408,15.26896427,1.92890256,2022-03-11 00:00:00
300760,300760.SZ,迈瑞医疗,10091420,069001002002,016082,医疗器械,1041,373686562044.74,373686261539.99,308.21,0.492337789371,1212441394,1212440419,46.96086708,46.70175074,13.86447855,41.52696197,41.62811089,15.34413915,1.93839927,2022-03-14 00:00:00
300760,300760.SZ,迈瑞医疗,10091420,069001002002,016082,医疗器械,1041,355633309688.08,355633023701.08,293.32,-4.831121637844,1212441394,1212440419,44.69213047,44.44553236,13.19466873,39.52074392,39.61700622,14.60284513,1.84475284,2022-03-15 00:00:00
300760,300760.SZ,迈瑞医疗,10091420,069001002002,016082,医疗器械,1041,366157300988.0,366157006538.0,302.0,2.959225419337,1212441394,1212440419,46.01467135,45.76077585,13.58512872,40.69025182,40.78936274,15.03497623,1.89934324,2022-03-16 00:00:00
300760,300760.SZ,迈瑞医疗,10091420,069001002002,016082,医疗器械,1041,389193687474.0,389193374499.0,321.0,6.291390728477,1212441394,1212440419,48.90963412,48.63976506,14.43982224,43.25023455,43.35558092,15.98088533,2.01883834,2022-03-17 00:00:00
300760,300760.SZ,迈瑞医疗,10091420,069001002002,016082,医疗器械,1041,384489414865.28,384489105673.28,317.12,-1.208722741433,1212441394,1212440419,48.31845225,48.05184515,14.26528483,42.72745913,42.83153216,15.78772074,1.99443619,2022-03-18 00:00:00
300760,300760.SZ,迈瑞医疗,10091420,069001002002,016082,医疗器械,1041,377069273534.0,377068970309.0,311.0,-1.929868819374,1212441394,1212440419,47.38596951,47.12450758,13.98998355,41.90287522,42.00493977,15.48303844,1.95594618,2022-03-21 00:00:00
300760,300760.SZ,迈瑞医疗,10091420,069001002002,016082,医疗器械,1041,369285399784.52,369285102819.02,304.58,-2.064308681672,1212441394,1212440419,46.40777682,46.15171228,13.7011871,41.03787053,41.13782815,15.16342073,1.91556942,2022-03-22 00:00:00
300760,300760.SZ,迈瑞医疗,10091420,069001002002,016082,医疗器械,1041,375626468275.14,375626166210.39,309.81,1.717118655197,1212441394,1212440419,47.20465342,46.94419194,13.93645274,41.74253946,41.84421348,15.42379466,1.94846202,2022-03-23 00:00:00
300760,300760.SZ,迈瑞医疗,10091420,069001002002,016082,医疗器械,1041,381919039110.0,381918731985.0,315.0,1.675220296311,1212441394,1212440419,47.99543535,47.73061057,14.16991903,42.44181895,42.54519623,15.68217719,1.98110305,2022-03-24 00:00:00
300760,300760.SZ,迈瑞医疗,10091420,069001002002,016082,医疗器械,1041,363732418200.0,363732125700.0,300.0,-4.761904761905,1212441394,1212440419,45.70993843,45.45772435,13.49516098,40.42077996,40.51923451,14.93540685,1.88676481,2022-03-25 00:00:00
300760,300760.SZ,迈瑞医疗,10091420,069001002002,016082,医疗器械,1041,352214224957.0,352213941719.5,290.5,-3.166666666667,1212441394,1212440419,44.26245705,44.01822975,13.06781421,39.14078859,39.23612541,14.4624523,1.82701726,2022-03-28 00:00:00
300760,300760.SZ,迈瑞医疗,10091420,069001002002,016082,医疗器械,1041,349692346857.48,349692065647.98,288.42,-0.716006884682,1212441394,1212440419,43.94553481,43.70305619,12.97424776,38.86053785,38.95519205,14.35890015,1.81393569,2022-03-29 00:00:00
300760,300760.SZ,迈瑞医疗,10091420,069001002002,016082,医疗器械,1041,372461996236.8,372461696716.8,307.2,6.511337632619,1212441394,1212440419,46.80697695,46.54870974,13.81904484,41.39087867,41.49169613,15.29385662,1.93204716,2022-03-30 00:00:00
300760,300760.SZ,迈瑞医疗,10091420,069001002002,016082,医疗器械,1041,372522618306.5,372522318737.75,307.25,0.016276041667,1212441394,1212440419,46.81459528,46.55628602,13.28891651,41.39761547,41.49844934,15.29634585,1.93236162,2022-03-31 00:00:00
300760,300760.SZ,迈瑞医疗,10091420,069001002002,016082,医疗器械,1041,370958568908.24,370958270597.24,305.96,-0.419853539463,1212441394,1212440419,46.61804254,46.36081781,13.23312252,41.22380612,41.32421663,15.2321236,1.92424854,2022-04-01 00:00:00
300760,300760.SZ,迈瑞医疗,10091420,069001002002,016082,医疗器械,1041,365502582635.24,365502288711.74,301.46,-1.470780494182,1212441394,1212440419,45.93239346,45.67895194,13.03849234,40.61749442,40.71642811,15.0080925,1.89594706,2022-04-06 00:00:00
300760,300760.SZ,迈瑞医疗,10091420,069001002002,016082,医疗器械,1041,367854718939.6,367854423124.6,303.4,0.64353479732,1212441394,1212440419,46.2279844,45.97291189,13.12239957,40.87888213,40.9784525,15.1046748,1.90814814,2022-04-07 00:00:00
300760,300760.SZ,迈瑞医疗,10091420,069001002002,016082,医疗器械,1041,373419824938.06,373419524647.81,307.99,1.512854317732,1212441394,1212440419,46.92734646,46.66841508,13.32092236,41.49732006,41.59839679,15.33318652,1.93701564,2022-04-08 00:00:00
300760,300760.SZ,迈瑞医疗,10091420,069001002002,016082,医疗器械,1041,379372912182.6,379372607105.1,312.9,1.594207604143,1212441394,1212440419,47.67546578,47.4124065,13.53328552,42.15887349,42.26156159,15.57762935,1.96789569,2022-04-11 00:00:00
300760,300760.SZ,迈瑞医疗,10091420,069001002002,016082,医疗器械,1041,393849462426.96,393849145707.96,324.84,3.815915627996,1212441394,1212440419,49.49472133,49.22162393,14.04970427,43.76762054,43.87422712,16.17205854,2.04298893,2022-04-12 00:00:00
300760,300760.SZ,迈瑞医疗,10091420,069001002002,016082,医疗器械,1041,395122525890.66,395122208147.91,325.89,0.323236054673,1212441394,1212440419,49.65470612,49.38072596,14.09511798,43.90909327,44.01604444,16.22433246,2.04959261,2022-04-13 00:00:00
300760,300760.SZ,迈瑞医疗,10091420,069001002002,016082,医疗器械,1041,398893218626.0,398892897851.0,329.0,0.954309736414,1212441394,1212440419,50.12856581,49.85197104,14.22962907,44.32812202,44.43609384,16.37916285,2.06915207,2022-04-14 00:00:00
300760,300760.SZ,迈瑞医疗,10091420,069001002002,016082,医疗器械,1041,413200027075.2,413199694795.2,340.8,3.586626139818,1212441394,1212440419,51.92649006,51.63997486,14.73999266,45.91800603,46.0298504,16.96662218,2.14336482,2022-04-15 00:00:00
300760,300760.SZ,迈瑞医疗,10091420,069001002002,016082,医疗器械,1041,407186317760.96,407185990316.96,335.84,-1.455399061033,1212441394,1212440419,51.17075241,50.88840715,14.52546695,45.2497158,45.35993239,16.71969012,2.11217031,2022-04-18 00:00:00
300760,300760.SZ,迈瑞医疗,10091420,069001002002,016082,医疗器械,1041,398056634064.14,398056313961.89,328.31,-2.242139113864,1212441394,1212440419,50.02343295,49.74741827,14.19978577,44.23515422,44.3428996,16.34481141,2.06481251,2022-04-19 00:00:00
300760,300760.SZ,迈瑞医疗,10091420,069001002002,016082,医疗器械,1041,363368685781.8,363368393574.3,299.7,-8.71432487588,1212441394,1212440419,43.30153426,45.41226663,12.96237031,40.38035918,41.49057557,13.74748917,1.88487804,2022-04-20 00:00:00
300760,300760.SZ,迈瑞医疗,10091420,069001002002,016082,医疗器械,1041,353620656974.04,353620372605.54,291.66,-2.682682682683,1212441394,1212440419,42.1398915,44.19399961,12.61463104,39.29708227,40.37751509,13.37868766,1.83431275,2022-04-21 00:00:00
300760,300760.SZ,迈瑞医疗,10091420,069001002002,016082,医疗器械,1041,366157300988.0,366157006538.0,302.0,3.545223890832,1212441394,1212440419,43.633845,45.76077585,13.06184796,40.69025182,41.8089884,13.85299209,1.89934324,2022-04-22 00:00:00
300760,300760.SZ,迈瑞医疗,10091420,069001002002,016082,医疗器械,1041,361853134039.3,361852843050.55,298.45,-1.175496688742,1212441394,1212440419,43.1209306,45.22285944,12.90830637,40.21193926,41.31752512,13.69015063,1.87701652,2022-04-25 00:00:00
300760,300760.SZ,迈瑞医疗,10091420,069001002002,016082,医疗器械,1041,385556363292.0,385556053242.0,318.0,6.550510973362,1212441394,1212440419,45.94557189,48.18518781,13.75386639,42.84602675,44.02403414,14.58692545,1.9999707,2022-04-26 00:00:00
300760,300760.SZ,迈瑞医疗,10091420,069001002002,016082,医疗器械,1041,386768804686.0,386768493661.0,319.0,0.314465408805,1212441394,1212440419,46.09005482,48.33671356,13.79711755,42.98076269,44.1624745,14.63279628,2.00625991,2022-04-27 00:00:00
300760,300760.SZ,迈瑞医疗,10091420,069001002002,016082,医疗器械,1041,386768804686.0,386768493661.0,319.0,0.0,1212441394,1212440419,46.09005482,48.33671356,13.79711755,42.98076269,44.1624745,14.63279628,2.00625991,2022-04-28 00:00:00
300760,300760.SZ,迈瑞医疗,10091420,069001002002,016082,医疗器械,1041,378887935625.0,378887630937.5,312.5,-2.037617554859,1212441394,1212440419,45.15091577,47.3517962,13.51598506,42.10497912,43.26261217,14.33463586,1.96538001,2022-04-29 00:00:00
300760,300760.SZ,迈瑞医疗,10091420,069001002002,016082,医疗器械,1041,384307548656.18,384307239610.43,316.97,1.4304,1212441394,1212440419,45.79675447,48.02911629,13.70931771,42.70724874,43.88144057,14.53967849,1.9934928,2022-05-05 00:00:00
300760,300760.SZ,迈瑞医疗,10091420,069001002002,016082,医疗器械,1041,371007066564.0,371006768214.0,306.0,-3.460895352873,1212441394,1212440419,44.21177672,46.36687884,13.23485257,41.22919555,42.36274983,14.03647543,1.9245001,2022-05-06 00:00:00
300760,300760.SZ,迈瑞医疗,10091420,069001002002,016082,医疗器械,1041,371019190977.94,371018892618.19,306.01,0.003267973856,1212441394,1212440419,44.21322155,46.3683941,13.23528508,41.23054291,42.36413424,14.03693414,1.924563,2022-05-09 00:00:00
300760,300760.SZ,迈瑞医疗,10091420,069001002002,016082,医疗器械,1041,367490986521.4,367490690998.9,303.1,-0.950949315382,1212441394,1212440419,43.79277623,45.92745417,13.10942423,40.83846135,41.96127279,13.90345001,1.90626138,2022-05-10 00:00:00
300760,300760.SZ,迈瑞医疗,10091420,069001002002,016082,医疗器械,1041,371613287261.0,371612988423.5,306.5,1.12174199934,1212441394,1212440419,44.28401819,46.44264171,13.25647814,41.29656352,42.43197001,14.05941085,1.92764471,2022-05-11 00:00:00
300760,300760.SZ,迈瑞医疗,10091420,069001002002,016082,医疗器械,1041,370655458559.74,370655160492.49,305.71,-0.257748776509,1212441394,1212440419,44.16987667,46.32293637,13.22230973,41.19012213,42.32260213,14.02317289,1.92267623,2022-05-12 00:00:00
300760,300760.SZ,迈瑞医疗,10091420,069001002002,016082,医疗器械,1041,370400845867.0,370400548004.5,305.5,-0.068692551765,1212441394,1212440419,44.13953526,46.29111596,13.21322699,41.16182759,42.29352965,14.01354001,1.9213555,2022-05-13 00:00:00
300760,300760.SZ,迈瑞医疗,10091420,069001002002,016082,医疗器械,1041,361440903965.34,361440613308.09,298.11,-2.418985270049,1212441394,1212440419,43.0718064,45.17134069,12.89360098,40.16612904,41.2704554,13.67455455,1.87487819,2022-05-16 00:00:00
300760,300760.SZ,迈瑞医疗,10091420,069001002002,016082,医疗器械,1041,367127254103.2,367126958873.2,302.8,1.573244775418,1212441394,1212440419,43.74943135,45.88199644,13.09644888,40.79804057,41.91974068,13.88968876,1.90437461,2022-05-17 00:00:00
300760,300760.SZ,迈瑞医疗,10091420,069001002002,016082,医疗器械,1041,365138850217.04,365138556586.04,301.16,-0.541611624835,1212441394,1212440419,43.51247934,45.63349422,13.02551699,40.57707364,41.6926985,13.81446059,1.8940603,2022-05-18 00:00:00
300760,300760.SZ,迈瑞医疗,10091420,069001002002,016082,医疗器械,1041,366193674229.82,366193379750.57,302.03,1.464709241778,1212441394,1212440419,43.63817949,45.76532162,13.06314549,40.6942939,41.81314161,13.85436822,1.89953192,2022-05-19 00:00:00
300760,300760.SZ,迈瑞医疗,10091420,069001002002,016082,医疗器械,1041,369249026542.7,369248729606.45,304.55,0.834354203225,1212441394,1212440419,44.00227647,46.1471665,13.1721384,41.03382845,42.16201131,13.96996272,1.91538074,2022-05-20 00:00:00
300760,300760.SZ,迈瑞医疗,10091420,069001002002,016082,医疗器械,1041,363417183437.56,363416891191.06,299.74,-1.579379412248,1212441394,1212440419,43.30731358,45.41832766,12.96410035,40.38574861,41.49611319,13.74932401,1.88512961,2022-05-23 00:00:00
300760,300760.SZ,迈瑞医疗,10091420,069001002002,016082,医疗器械,1041,352214224957.0,352213941719.5,290.5,-3.082671648762,1212441394,1212440419,41.9722913,44.01822975,12.56445971,39.14078859,40.21692427,13.32547749,1.82701726,2022-05-24 00:00:00
300760,300760.SZ,迈瑞医疗,10091420,069001002002,016082,医疗器械,1041,353547910490.4,353547626180.4,291.6,0.378657487091,1212441394,1212440419,42.13122252,44.18490807,12.61203598,39.28899812,40.36920866,13.37593541,1.83393539,2022-05-25 00:00:00
300760,300760.SZ,迈瑞医疗,10091420,069001002002,016082,医疗器械,1041,343484646920.2,343484370702.7,283.3,-2.846364883402,1212441394,1212440419,40.9320142,42.92724436,12.25305141,38.17068987,39.22015369,12.99520748,1.7817349,2022-05-26 00:00:00
300760,300760.SZ,迈瑞医疗,10091420,069001002002,016082,医疗器械,1041,357585340332.42,357585052775.67,294.93,4.105188845747,1212441394,1212440419,42.61235068,44.68948881,12.75606231,39.73766877,40.83021506,13.52868529,1.85487848,2022-05-27 00:00:00
300760,300760.SZ,迈瑞医疗,10091420,069001002002,016082,医疗器械,1041,356457769836.0,356457483186.0,294.0,-0.315329061133,1212441394,1212440419,42.47798156,44.54856986,12.71583874,39.61236436,40.70146553,13.48602541,1.84902951,2022-05-30 00:00:00
300760,300760.SZ,迈瑞医疗,10091420,069001002002,016082,医疗器械,1041,366763521685.0,366763226747.5,302.5,2.891156462585,1212441394,1212440419,43.70608647,45.83653872,13.08347353,40.75761979,41.87820858,13.87592751,1.90248785,2022-05-31 00:00:00
300760,300760.SZ,迈瑞医疗,10091420,069001002002,016082,医疗器械,1041,368012336320.82,368012040379.07,303.53,0.340495867769,1212441394,1212440419,43.85490389,45.99261024,13.12802222,40.8963978,42.02080215,13.92317447,1.90896574,2022-06-01 00:00:00
300760,300760.SZ,迈瑞医疗,10091420,069001002002,016082,医疗器械,1041,361307535412.0,361307244862.0,298.0,-1.821895694001,1212441394,1212440419,43.05591328,45.15467286,12.88884335,40.15130809,41.25522696,13.66950875,1.87418638,2022-06-02 00:00:00
300760,300760.SZ,迈瑞医疗,10091420,069001002002,016082,医疗器械,1041,367369742382.0,367369446957.0,303.0,1.677852348993,1212441394,1212440419,43.77832793,45.91230159,13.10509911,40.82498776,41.94742876,13.89886293,1.90563246,2022-06-06 00:00:00
300760,300760.SZ,迈瑞医疗,10091420,069001002002,016082,医疗器械,1041,379154672731.68,379154367829.68,312.72,3.207920792079,1212441394,1212440419,45.18270202,47.38513186,13.52550031,42.13462103,43.29306904,14.34472744,1.96676364,2022-06-07 00:00:00
300760,300760.SZ,迈瑞医疗,10091420,069001002002,016082,医疗器械,1041,379130423903.8,379130119021.3,312.7,-0.00639549757,1212441394,1212440419,45.17981236,47.38210135,13.52463529,42.13192631,43.29030024,14.34381002,1.96663785,2022-06-08 00:00:00
300760,300760.SZ,迈瑞医疗,10091420,069001002002,016082,医疗器械,1041,369503639235.44,369503342094.44,304.76,-2.539174928046,1212441394,1212440419,44.03261789,46.17898691,13.18122114,41.062123,42.19108379,13.9795956,1.91670148,2022-06-09 00:00:00
300760,300760.SZ,迈瑞医疗,10091420,069001002002,016082,医疗器械,1041,371673909330.7,371673610444.45,306.55,0.587347420921,1212441394,1212440419,44.29124234,46.450218,13.2586407,41.30330032,42.43889203,14.06170439,1.92795917,2022-06-10 00:00:00
300760,300760.SZ,迈瑞医疗,10091420,069001002002,016082,医疗器械,1041,360628568231.36,360628278227.36,297.44,-2.971782743435,1212441394,1212440419,42.97500284,45.06981844,12.8646227,40.07585597,41.17770036,13.64382109,1.87066441,2022-06-13 00:00:00
300760,300760.SZ,迈瑞医疗,10091420,069001002002,016082,医疗器械,1041,361295410998.06,361295120457.81,297.99,0.184911242604,1212441394,1212440419,43.05446845,45.1531576,12.88841084,40.14996073,41.25384256,13.66905005,1.87412348,2022-06-14 00:00:00
300760,300760.SZ,迈瑞医疗,10091420,069001002002,016082,医疗器械,1041,363938533236.98,363938240571.23,300.17,0.731568173429,1212441394,1212440419,43.36944124,45.48348373,12.98269835,40.44368506,41.55564254,13.76904847,1.88783397,2022-06-15 00:00:00
300760,300760.SZ,迈瑞医疗,10091420,069001002002,016082,医疗器械,1041,368582183776.0,368581887376.0,304.0,1.275943631942,1212441394,1212440419,43.92281086,46.06382734,13.14835026,40.95972369,42.08586911,13.94473376,1.91192167,2022-06-16 00:00:00
300760,300760.SZ,迈瑞医疗,10091420,069001002002,016082,医疗器械,1041,372934848380.46,372934548480.21,307.59,1.180921052632,1212441394,1212440419,44.44150458,46.60780478,13.3036219,41.44342569,42.58287,14.10941006,1.93449996,2022-06-17 00:00:00
300760,300760.SZ,迈瑞医疗,10091420,069001002002,016082,医疗器械,1041,379906386395.96,379906080889.46,313.34,1.869371566046,1212441394,1212440419,45.27228143,47.47907783,13.55231602,42.2181573,43.37890207,14.37316736,1.97066295,2022-06-20 00:00:00
300760,300760.SZ,迈瑞医疗,10091420,069001002002,016082,医疗器械,1041,382343393597.9,382343086131.65,315.35,0.641475713283,1212441394,1212440419,45.56269212,47.78364458,13.63925084,42.48897653,43.65716719,14.46536774,1.98330427,2022-06-21 00:00:00
300760,300760.SZ,迈瑞医疗,10091420,069001002002,016082,医疗器械,1041,378427207895.28,378426903578.28,312.12,-1.024258760108,1212441394,1212440419,45.09601226,47.29421641,13.49954962,42.05377947,43.21000483,14.31720494,1.96299011,2022-06-22 00:00:00
300760,300760.SZ,迈瑞医疗,10091420,069001002002,016082,医疗器械,1041,376657043460.04,376656740566.54,310.66,-0.467768806869,1212441394,1212440419,44.88506718,47.07298882,13.43640294,41.857065,43.00788191,14.25023352,1.95380785,2022-06-23 00:00:00
300760,300760.SZ,迈瑞医疗,10091420,069001002002,016082,医疗器械,1041,387132537104.2,387132225786.7,319.3,2.781175561707,1212441394,1212440419,46.1333997,48.38217128,13.81009289,43.02118347,44.20400661,14.64655753,2.00814668,2022-06-24 00:00:00
300760,300760.SZ,迈瑞医疗,10091420,069001002002,016082,医疗器械,1041,387860001940.6,387859690038.1,319.9,0.187911055434,1212441394,1212440419,46.22008946,48.47308673,13.83604358,43.10202503,44.28707082,14.67408003,2.01192021,2022-06-27 00:00:00
300760,300760.SZ,迈瑞医疗,10091420,069001002002,016082,医疗器械,1041,384198428930.72,384198119972.72,316.88,-0.944045014067,1212441394,1212440419,45.78375101,48.01547897,13.7054251,42.69512251,43.86898094,14.53555011,1.99292677,2022-06-28 00:00:00
300760,300760.SZ,迈瑞医疗,10091420,069001002002,016082,医疗器械,1041,378281714928.0,378281410728.0,312.0,-1.54001514769,1212441394,1212440419,45.07867431,47.27603332,13.49435948,42.03761115,43.19339199,14.31170044,1.9622354,2022-06-29 00:00:00
300760,300760.SZ,迈瑞医疗,10091420,069001002002,016082,医疗器械,1041,379736644600.8,379736339230.8,313.2,0.384615384615,1212441394,1212440419,45.25205382,47.45786422,13.9650073,42.19929427,43.35952042,14.36674544,1.96978246,2022-06-30 00:00:00
300760,300760.SZ,迈瑞医疗,10091420,069001002002,016082,医疗器械,1041,378330212583.76,378329908344.76,312.04,-0.37037037037,1212441394,1212440419,45.08445362,47.28209435,13.91328505,42.04300059,43.1989296,14.31353527,1.96248697,2022-07-01 00:00:00
300760,300760.SZ,迈瑞医疗,10091420,069001002002,016082,医疗器械,1041,406167866990.0,406167540365.0,335.0,7.358031021664,1212441394,1212440419,48.40178171,50.76112553,14.93702888,45.13653762,46.37752024,15.36672964,2.10688737,2022-07-04 00:00:00
300760,300760.SZ,迈瑞医疗,10091420,069001002002,016082,医疗器械,1041,406652843547.6,406652516532.6,335.4,0.119402985075,1212441394,1212440419,48.45957488,50.82173582,14.95486414,45.19043199,46.43289639,15.38507797,2.10940306,2022-07-05 00:00:00
300760,300760.SZ,迈瑞医疗,10091420,069001002002,016082,医疗器械,1041,392831011656.0,392830695756.0,324.0,-3.398926654741,1212441394,1212440419,46.81246947,49.0943423,14.44655927,43.65444235,44.85467629,14.86215046,2.03770599,2022-07-06 00:00:00
300760,300760.SZ,迈瑞医疗,10091420,069001002002,016082,医疗器械,1041,382864743397.32,382864435511.82,315.78,-2.537037037037,1212441394,1212440419,45.62481978,47.84880065,14.08004471,42.54691298,43.71669654,14.4850922,1.98600864,2022-07-07 00:00:00
300760,300760.SZ,迈瑞医疗,10091420,069001002002,016082,医疗器械,1041,383931691824.04,383931383080.54,316.66,0.278675026917,1212441394,1212440419,45.75196476,47.98214331,14.11928228,42.6654806,43.83852406,14.52545853,1.99154315,2022-07-08 00:00:00
300760,300760.SZ,迈瑞医疗,10091420,069001002002,016082,医疗器械,1041,387593264833.92,387592953145.92,319.68,0.953704288511,1212441394,1212440419,46.18830321,48.43975107,14.25393848,43.07238312,44.25661394,14.66398845,2.01053658,2022-07-11 00:00:00
300760,300760.SZ,迈瑞医疗,10091420,069001002002,016082,医疗器械,1041,378766691485.6,378766386895.6,312.4,-2.277277277277,1212441394,1212440419,45.13646748,47.33664362,13.92933678,42.09150553,43.24876813,14.33004877,1.96475109,2022-07-12 00:00:00
300760,300760.SZ,迈瑞医疗,10091420,069001002002,016082,医疗器械,1041,383131480504.0,383131172404.0,316.0,1.152368758003,1212441394,1212440419,45.65660603,47.88213632,14.08985411,42.57655489,43.74715342,14.49518378,1.98739226,2022-07-13 00:00:00
300760,300760.SZ,迈瑞医疗,10091420,069001002002,016082,医疗器械,1041,392818887242.06,392818571351.81,323.99,2.528481012658,1212441394,1212440419,46.81102464,49.09282704,14.44611339,43.65309499,44.85329189,14.86169175,2.0376431,2022-07-14 00:00:00
300760,300760.SZ,迈瑞医疗,10091420,069001002002,016082,医疗器械,1041,384404543967.7,384404234843.95,317.05,-2.142041421032,1212441394,1212440419,45.80831311,48.04123835,14.13667166,42.71802762,43.8925158,14.54334816,1.99399594,2022-07-15 00:00:00
300760,300760.SZ,迈瑞医疗,10091420,069001002002,016082,医疗器械,1041,375856832140.0,375856529890.0,310.0,-2.223624034064,1212441394,1212440419,44.78970845,46.97298183,13.82232523,41.76813929,42.91651127,14.21995877,1.94965697,2022-07-18 00:00:00
300760,300760.SZ,迈瑞医疗,10091420,069001002002,016082,医疗器械,1041,365490458221.3,365490164307.55,301.45,-2.758064516129,1212441394,1212440419,43.55437939,45.67743669,13.44109658,40.61614706,41.7328462,13.82776313,1.89588417,2022-07-19 00:00:00
300760,300760.SZ,迈瑞医疗,10091420,069001002002,016082,医疗器械,1041,366036056848.6,366035762496.1,301.9,0.149278487311,1212441394,1212440419,43.61939671,45.74562327,13.46116125,40.67677823,41.79514436,13.84840501,1.89871432,2022-07-20 00:00:00
300760,300760.SZ,迈瑞医疗,10091420,069001002002,016082,医疗器械,1041,371576914019.18,371576615210.93,306.47,1.513746273601,1212441394,1212440419,44.2796837,46.43809594,13.66492907,41.29252144,42.4278168,14.05803472,1.92745604,2022-07-21 00:00:00
300760,300760.SZ,迈瑞医疗,10091420,069001002002,016082,医疗器械,1041,367721350386.26,367721054678.51,303.29,-1.037621953209,1212441394,1212440419,43.82022798,45.95624406,13.52313877,40.86406118,41.98757646,13.91216547,1.90745633,2022-07-22 00:00:00
300760,300760.SZ,迈瑞医疗,10091420,069001002002,016082,医疗器械,1041,367357617968.06,367357322552.81,302.99,-0.098915229648,1212441394,1212440419,43.7768831,45.91078634,13.50976233,40.8236404,41.94604435,13.89840422,1.90556956,2022-07-25 00:00:00
300760,300760.SZ,迈瑞医疗,10091420,069001002002,016082,医疗器械,1041,372352876511.34,372352577079.09,307.11,1.359780850853,1212441394,1212440419,44.37215278,46.53507242,13.69346549,41.37875244,42.51641863,14.08739206,1.93148113,2022-07-26 00:00:00
300760,300760.SZ,迈瑞医疗,10091420,069001002002,016082,医疗器械,1041,366157300988.0,366157006538.0,302.0,-1.663898928723,1212441394,1212440419,43.633845,45.76077585,13.46562006,40.69025182,41.8089884,13.85299209,1.89934324,2022-07-27 00:00:00
300760,300760.SZ,迈瑞医疗,10091420,069001002002,016082,医疗器械,1041,355851549139.0,355851262976.5,293.5,-2.814569536424,1212441394,1212440419,42.40574009,44.47280699,13.08662082,39.54499639,40.63224535,13.46309,1.8458849,2022-07-28 00:00:00
300760,300760.SZ,迈瑞医疗,10091420,069001002002,016082,医疗器械,1041,351001783563.0,351001501300.5,289.5,-1.362862010221,1212441394,1212440419,41.82780837,43.866704,12.90826824,39.00605266,40.07848391,13.27960666,1.82072804,2022-07-29 00:00:00
300760,300760.SZ,迈瑞医疗,10091420,069001002002,016082,医疗器械,1041,354032887048.0,354032602348.0,292.0,0.863557858377,1212441394,1212440419,42.1890157,44.24551837,13.0197386,39.34289249,40.42458481,13.39428375,1.83645108,2022-08-01 00:00:00
300760,300760.SZ,迈瑞医疗,10091420,069001002002,016082,医疗器械,1041,349183121472.0,349182840672.0,288.0,-1.369863013699,1212441394,1212440419,41.61108398,43.63941538,12.84138602,38.80394876,39.87082337,13.21080041,1.81129422,2022-08-02 00:00:00
300760,300760.SZ,迈瑞医疗,10091420,069001002002,016082,医疗器械,1041,351850492538.8,351850209593.8,290.2,0.763888888889,1212441394,1212440419,41.92894642,43.97277202,12.93947994,39.10036781,40.17539216,13.31171624,1.82513049,2022-08-03 00:00:00
300760,300760.SZ,迈瑞医疗,10091420,069001002002,016082,医疗器械,1041,355124084302.6,355123798725.1,292.9,0.930392832529,1212441394,1212440419,42.31905033,44.38189154,13.05986794,39.46415483,40.54918113,13.4355675,1.84211137,2022-08-04 00:00:00
300760,300760.SZ,迈瑞医疗,10091420,069001002002,016082,医疗器械,1041,362726091842.98,362725800152.23,299.17,2.140662342096,1212441394,1212440419,43.22495831,45.33195798,13.33943561,40.30894913,41.41720218,13.72317763,1.88154476,2022-08-05 00:00:00
300760,300760.SZ,迈瑞医疗,10091420,069001002002,016082,医疗器械,1041,365793568569.8,365793274412.3,301.7,0.845673028713,1212441394,1212440419,43.59050012,45.71531812,13.45224362,40.64983104,41.76745629,13.83923084,1.89745648,2022-08-08 00:00:00
300760,300760.SZ,迈瑞医疗,10091420,069001002002,016082,医疗器械,1041,363708169372.12,363707876891.62,299.98,-0.570102751077,1212441394,1212440419,43.34198948,45.45469384,13.37555201,40.41808524,41.52933887,13.76033301,1.88663902,2022-08-09 00:00:00
300760,300760.SZ,迈瑞医疗,10091420,069001002002,016082,医疗器械,1041,358603791103.38,358603502727.63,295.77,-1.403426895126,1212441394,1212440419,42.73371634,44.81677044,13.18783591,39.85084696,40.94650496,13.56721679,1.86016142,2022-08-10 00:00:00
300760,300760.SZ,迈瑞医疗,10091420,069001002002,016082,医疗器械,1041,366411913680.74,366411619025.99,302.21,2.177367549109,1212441394,1212440419,43.66418642,45.79259625,13.47498357,40.71854637,41.83806087,13.86262497,1.90066398,2022-08-11 00:00:00
300760,300760.SZ,迈瑞医疗,10091420,069001002002,016082,医疗器械,1041,371188932773.1,371188634276.85,306.15,1.303729194931,1212441394,1212440419,44.23344916,46.3896077,13.65066087,41.24940594,42.38351589,14.04335606,1.92544349,2022-08-12 00:00:00
300760,300760.SZ,迈瑞医疗,10091420,069001002002,016082,医疗器械,1041,362871584810.26,362871293002.51,299.29,-2.240731667483,1212441394,1212440419,43.24229626,45.35014107,13.34478619,40.32511744,41.43381502,13.72868213,1.88229946,2022-08-15 00:00:00
300760,300760.SZ,迈瑞医疗,10091420,069001002002,016082,医疗器械,1041,361913756109.0,361913465071.5,298.5,-0.263958034014,1212441394,1212440419,43.12815475,45.23043573,13.30956155,40.21867606,41.32444714,13.69244417,1.87733098,2022-08-16 00:00:00
300760,300760.SZ,迈瑞医疗,10091420,069001002002,016082,医疗器械,1041,364338638897.0,364338345909.5,300.5,0.670016750419,1212441394,1212440419,43.41712061,45.53348722,13.39873784,40.48814792,41.60132786,13.78418584,1.88990942,2022-08-17 00:00:00
300760,300760.SZ,迈瑞医疗,10091420,069001002002,016082,医疗器械,1041,358155187787.6,358154899772.6,295.4,-1.697171381032,1212441394,1212440419,42.68025766,44.76070591,13.1713383,39.80099466,40.89528203,13.55024458,1.85783441,2022-08-18 00:00:00
300760,300760.SZ,迈瑞医疗,10091420,069001002002,016082,医疗器械,1041,351001783563.0,351001501300.5,289.5,-1.997291807718,1212441394,1212440419,41.82780837,43.866704,12.90826824,39.00605266,40.07848391,13.27960666,1.82072804,2022-08-19 00:00:00
300760,300760.SZ,迈瑞医疗,10091420,069001002002,016082,医疗器械,1041,362556350047.82,362556058493.57,299.03,3.291882556131,1212441394,1212440419,40.53274671,45.31074438,13.33319327,40.2900861,37.95415566,13.01967298,1.88066427,2022-08-22 00:00:00
300760,300760.SZ,迈瑞医疗,10091420,069001002002,016082,医疗器械,1041,358155187787.6,358154899772.6,295.4,-1.213925024245,1212441394,1212440419,40.04070955,44.76070591,13.1713383,39.80099466,37.49342067,12.86162391,1.85783441,2022-08-23 00:00:00
300760,300760.SZ,迈瑞医疗,10091420,069001002002,016082,医疗器械,1041,356227405971.14,356227119506.39,293.81,-0.538253215978,1212441394,1212440419,39.82518914,44.51977997,13.10044315,39.58676453,37.29161112,12.7923958,1.84783456,2022-08-24 00:00:00
300760,300760.SZ,迈瑞医疗,10091420,069001002002,016082,医疗器械,1041,354614858917.12,354614573749.12,292.48,-0.452673496477,1212441394,1212440419,39.64491107,44.31825073,13.04114091,39.40756574,37.12280188,12.73448802,1.8394699,2022-08-25 00:00:00
300760,300760.SZ,迈瑞医疗,10091420,069001002002,016082,医疗器械,1041,357755082127.58,357754794434.33,295.07,0.885530634573,1212441394,1212440419,39.9959789,44.71070241,13.15662421,39.7565318,37.45153567,12.84725581,1.85575897,2022-08-26 00:00:00
300760,300760.SZ,迈瑞医疗,10091420,069001002002,016082,医疗器械,1041,351838368124.86,351838085189.61,290.19,-1.653844850374,1212441394,1212440419,39.33450746,43.97125676,12.93903406,39.09902045,36.83214537,12.63478213,1.8250676,2022-08-29 00:00:00
300760,300760.SZ,迈瑞医疗,10091420,069001002002,016082,医疗器械,1041,350395562866.0,350395281091.0,289.0,-0.410076157001,1212441394,1212440419,39.17320603,43.79094112,12.88597417,38.93868469,36.68110553,12.5829699,1.81758343,2022-08-30 00:00:00
300760,300760.SZ,迈瑞医疗,10091420,069001002002,016082,医疗器械,1041,361913756109.0,361913465071.5,298.5,3.287197231834,1212441394,1212440419,40.46090657,45.23043573,13.30956155,40.21867606,37.88688581,12.99659694,1.87733098,2022-08-31 00:00:00
300760,300760.SZ,迈瑞医疗,10091420,069001002002,016082,医疗器械,1041,357670211230.0,357669923605.0,295.0,-1.172529313233,1212441394,1212440419,39.98649058,44.70009561,13.15350304,39.74710029,37.44265097,12.84420803,1.85531873,2022-09-01 00:00:00
300760,300760.SZ,迈瑞医疗,10091420,069001002002,016082,医疗器械,1041,358882652624.0,358882364024.0,296.0,0.338983050847,1212441394,1212440419,40.12203801,44.85162136,13.19809119,39.88183622,37.56957521,12.88774772,1.86160794,2022-09-02 00:00:00
300760,300760.SZ,迈瑞医疗,10091420,069001002002,016082,医疗器械,1041,359331255939.78,359330966979.03,296.37,0.125,1212441394,1212440419,40.17219055,44.90768589,13.2145888,39.93168852,37.61653718,12.90385741,1.86393495,2022-09-05 00:00:00
300760,300760.SZ,迈瑞医疗,10091420,069001002002,016082,医疗器械,1041,354032887048.0,354032602348.0,292.0,-1.474508216081,1212441394,1212440419,39.5798483,44.24551837,13.0197386,39.34289249,37.06187825,12.71358897,1.83645108,2022-09-06 00:00:00
300760,300760.SZ,迈瑞医疗,10091420,069001002002,016082,医疗器械,1041,352129354059.42,352129070890.17,290.43,-0.537671232877,1212441394,1212440419,39.36703885,44.00762294,12.94973521,39.13135707,36.86260719,12.64523166,1.82657701,2022-09-07 00:00:00
300760,300760.SZ,迈瑞医疗,10091420,069001002002,016082,医疗器械,1041,350250069898.72,350249788240.72,288.88,-0.533691423062,1212441394,1212440419,39.15694034,43.77275803,12.88062359,38.92251638,36.66587462,12.57774514,1.81682873,2022-09-08 00:00:00
300760,300760.SZ,迈瑞医疗,10091420,069001002002,016082,医疗器械,1041,363077699847.24,363077407873.74,299.46,3.662420382166,1212441394,1212440419,40.5910321,45.37590045,13.35236617,40.34802255,38.00873308,13.03839504,1.88336863,2022-09-09 00:00:00
300760,300760.SZ,迈瑞医疗,10091420,069001002002,016082,医疗器械,1041,366169425401.94,366169130942.19,302.01,0.851532758966,1212441394,1212440419,40.93667804,45.7622911,13.46606594,40.69159918,38.3323899,13.14942125,1.89940613,2022-09-13 00:00:00
300760,300760.SZ,迈瑞医疗,10091420,069001002002,016082,医疗器械,1041,368582183776.0,368581887376.0,304.0,0.658918578855,1212441394,1212440419,41.20641741,46.06382734,13.55479635,40.95972369,38.58496914,13.23606523,1.91192167,2022-09-14 00:00:00
300760,300760.SZ,迈瑞医疗,10091420,069001002002,016082,医疗器械,1041,366521033406.2,366520738663.7,302.3,-0.559210526316,1212441394,1212440419,40.97598679,45.80623357,13.47899651,40.7306726,38.36919793,13.16204776,1.90123,2022-09-15 00:00:00
300760,300760.SZ,迈瑞医疗,10091420,069001002002,016082,医疗器械,1041,361671267830.2,361670976987.7,298.3,-1.323188885213,1212441394,1212440419,40.43379709,45.20013058,13.30064392,40.19172887,37.86150096,12.987889,1.87607314,2022-09-16 00:00:00
300760,300760.SZ,迈瑞医疗,10091420,069001002002,016082,医疗器械,1041,354663356572.88,354663071365.88,292.52,-1.937646664432,1212441394,1212440419,39.65033297,44.32431176,13.04292444,39.41295518,37.12787885,12.73622961,1.83972147,2022-09-19 00:00:00
300760,300760.SZ,迈瑞医疗,10091420,069001002002,016082,医疗器械,1041,344939576593.0,344939299205.5,284.5,-2.741692875701,1212441394,1212440419,38.56324261,43.10907526,12.68532751,38.33237299,36.10994644,12.38704131,1.78928196,2022-09-20 00:00:00
300760,300760.SZ,迈瑞医疗,10091420,069001002002,016082,医疗器械,1041,320084528016.0,320084270616.0,264.0,-7.205623901582,1212441394,1212440419,35.78452038,40.00279743,11.77127052,35.57028636,33.50799951,11.4944777,1.66035303,2022-09-21 00:00:00
300760,300760.SZ,迈瑞医疗,10091420,069001002002,016082,医疗器械,1041,316386581764.3,316386327338.05,260.95,-1.155303030303,1212441394,1212440419,35.37110074,39.5406439,11.63527667,35.15934176,33.12088058,11.36168165,1.64117092,2022-09-22 00:00:00
300760,300760.SZ,迈瑞医疗,10091420,069001002002,016082,医疗器械,1041,310251628310.66,310251378817.91,255.89,-1.939068787124,1212441394,1212440419,34.68523076,38.77392361,11.40966066,34.47757794,32.47864392,11.14137083,1.60934749,2022-09-23 00:00:00
300760,300760.SZ,迈瑞医疗,10091420,069001002002,016082,医疗器械,1041,318326487994.7,318326232008.45,262.55,2.602680839423,1212441394,1212440419,35.58797662,39.78308509,11.70661771,35.37491926,33.32395936,11.43134515,1.65123367,2022-09-26 00:00:00
300760,300760.SZ,迈瑞医疗,10091420,069001002002,016082,医疗器械,1041,342514693805.0,342514418367.5,282.5,7.598552656637,1212441394,1212440419,38.29214776,42.80602376,12.59615122,38.06290112,35.85609796,12.29996193,1.77670353,2022-09-27 00:00:00
300760,300760.SZ,迈瑞医疗,10091420,069001002002,016082,医疗器械,1041,346746114270.06,346745835429.81,285.99,1.235398230088,1212441394,1212440419,38.76520828,43.33484862,12.75176385,38.53312953,36.29906356,12.45191544,1.79865289,2022-09-28 00:00:00
300760,300760.SZ,迈瑞医疗,10091420,069001002002,016082,医疗器械,1041,358943274693.7,358942986044.95,296.05,3.517605510682,1212441394,1212440419,40.12881538,44.85919765,13.20032059,39.88857302,37.57592142,12.88992471,1.8619224,2022-09-29 00:00:00
300760,300760.SZ,迈瑞医疗,10091420,069001002002,016082,医疗器械,1041,362519976806.0,362519685281.0,299.0,0.996453301807,1212441394,1212440419,40.52868028,45.3061986,12.00339484,40.28604402,37.95034793,13.01836679,1.88047559,2022-09-30 00:00:00
300760,300760.SZ,迈瑞医疗,10091420,069001002002,016082,医疗器械,1041,362883709224.2,362883417406.7,299.3,0.100334448161,1212441394,1212440419,40.56934451,45.35165633,12.01543838,40.3264648,37.9884252,13.03142869,1.88236236,2022-10-10 00:00:00
300760,300760.SZ,迈瑞医疗,10091420,069001002002,016082,医疗器械,1041,365878439467.38,365878145241.63,301.77,0.825258937521,1212441394,1212440419,40.90414665,45.72592492,12.11459686,40.65926256,38.30192808,13.13897172,1.89789672,2022-10-11 00:00:00
300760,300760.SZ,迈瑞医疗,10091420,069001002002,016082,医疗器械,1041,363999155306.68,363998862592.18,300.22,-0.51363621301,1212441394,1212440419,40.69404814,45.49106002,12.0523719,40.45042186,38.10519551,13.07148521,1.88814844,2022-10-12 00:00:00
300760,300760.SZ,迈瑞医疗,10091420,069001002002,016082,医疗器械,1041,362944331293.9,362944039427.65,299.35,-0.289787489175,1212441394,1212440419,40.57612188,45.35923261,12.01744564,40.3332016,37.99477142,13.03360568,1.88267682,2022-10-13 00:00:00
300760,300760.SZ,迈瑞医疗,10091420,069001002002,016082,医疗器械,1041,412436188996.98,412435857331.23,340.17,13.636211792216,1212441394,1212440419,46.1091678,51.54451364,13.65616998,45.83312239,43.17581892,14.81089575,2.13940262,2022-10-14 00:00:00
300760,300760.SZ,迈瑞医疗,10091420,069001002002,016082,医疗器械,1041,400105660020.0,400105338270.0,330.0,-2.989681629773,1212441394,1212440419,44.73065048,50.00349679,13.24789397,44.46285795,41.88499939,14.36809712,2.07544129,2022-10-17 00:00:00
300760,300760.SZ,迈瑞医疗,10091420,069001002002,016082,医疗器械,1041,401851575627.36,401851252473.36,331.44,0.436363636364,1212441394,1212440419,44.92583877,50.22169386,13.30570296,44.65687769,42.0677703,14.43079427,2.08449776,2022-10-18 00:00:00
300760,300760.SZ,迈瑞医疗,10091420,069001002002,016082,医疗器械,1041,397692901645.94,397692581836.19,328.01,-1.034878107651,1212441394,1212440419,44.4609111,49.70196055,13.16800516,44.19473344,41.63242015,14.28145314,2.06292575,2022-10-19 00:00:00
300760,300760.SZ,迈瑞医疗,10091420,069001002002,016082,医疗器械,1041,401221106102.48,401220783455.48,330.92,0.887168074144,1212441394,1212440419,44.85535411,50.14290047,13.2848275,44.58681501,42.00176969,14.40815363,2.08122737,2022-10-20 00:00:00
300760,300760.SZ,迈瑞医疗,10091420,069001002002,016082,医疗器械,1041,401984944180.7,401984620919.45,331.55,0.190378339176,1212441394,1212440419,44.94074899,50.2383617,13.31011893,44.67169865,42.08173196,14.43558364,2.08518957,2022-10-21 00:00:00
300760,300760.SZ,迈瑞医疗,10091420,069001002002,016082,医疗器械,1041,393679720631.8,393679404049.3,324.7,-2.066053385613,1212441394,1212440419,44.01224912,49.20041032,13.03512477,43.74875751,41.21230091,14.13733677,2.04210844,2022-10-24 00:00:00
300760,300760.SZ,迈瑞医疗,10091420,069001002002,016082,医疗器械,1041,380367114125.68,380366808248.68,313.72,-3.381582999692,1212441394,1212440419,42.52393839,47.53665761,12.5943312,42.26935696,39.81867275,13.659271,1.97305285,2022-10-25 00:00:00
300760,300760.SZ,迈瑞医疗,10091420,069001002002,016082,医疗器械,1041,395255894444.0,395255576594.0,326.0,3.914318500574,1212441394,1212440419,44.18846078,49.39739379,13.08731344,43.92391422,41.37730243,14.19393837,2.05028442,2022-10-26 00:00:00
300760,300760.SZ,迈瑞医疗,10091420,069001002002,016082,医疗器械,1041,396468335838.0,396468017013.0,327.0,0.306748466258,1212441394,1212440419,44.3240082,49.54891954,13.12745857,44.05865015,41.50422667,14.23747806,2.05657364,2022-10-27 00:00:00
300760,300760.SZ,迈瑞医疗,10091420,069001002002,016082,医疗器械,1041,391024473978.94,391024159531.69,322.51,-1.373088685015,1212441394,1212440419,41.41767703,48.86856893,12.94720692,43.45368581,40.54932956,13.40322975,2.02833506,2022-10-28 00:00:00
300760,300760.SZ,迈瑞医疗,10091420,069001002002,016082,医疗器械,1041,394576927263.36,394576609959.36,325.44,0.908498961273,1212441394,1212440419,41.79395619,49.31253938,13.06483217,43.8484621,40.9177198,13.52499796,2.04676246,2022-10-31 00:00:00
300760,300760.SZ,迈瑞医疗,10091420,069001002002,016082,医疗器械,1041,395061903820.96,395061586126.96,325.84,0.122910521141,1212441394,1212440419,41.84532536,49.37314967,13.08089022,43.90235647,40.96801199,13.5416216,2.04927815,2022-11-01 00:00:00
300760,300760.SZ,迈瑞医疗,10091420,069001002002,016082,医疗器械,1041,395752995415.54,395752677165.79,326.41,0.1749324822,1212441394,1212440419,41.91852643,49.45951935,13.10377294,43.97915595,41.03967835,13.5653103,2.052863,2022-11-02 00:00:00
300760,300760.SZ,迈瑞医疗,10091420,069001002002,016082,医疗器械,1041,391533699364.42,391533384507.67,322.93,-1.066143806869,1212441394,1212440419,41.47161465,48.93220975,12.96406788,43.5102749,40.60213636,13.42068458,2.03097653,2022-11-03 00:00:00
300760,300760.SZ,迈瑞医疗,10091420,069001002002,016082,医疗器械,1041,386586938476.9,386586627598.15,318.85,-1.263431703465,1212441394,1212440419,40.94764913,48.3139847,12.80027574,42.9605523,40.08915609,13.2511234,2.00531653,2022-11-04 00:00:00
300760,300760.SZ,迈瑞医疗,10091420,069001002002,016082,医疗器械,1041,384331797484.06,384331488418.81,316.99,-0.583346401129,1212441394,1212440419,40.70878249,48.03214681,12.72560579,42.70994346,39.85529744,13.17382345,1.99361859,2022-11-07 00:00:00
300760,300760.SZ,迈瑞医疗,10091420,069001002002,016082,医疗器械,1041,381434062552.4,381433755817.4,314.6,-0.753967002114,1212441394,1212440419,40.4018517,47.67000027,12.62965892,42.38792458,39.55480165,13.07449717,1.97858736,2022-11-08 00:00:00
300760,300760.SZ,迈瑞医疗,10091420,069001002002,016082,医疗器械,1041,371613287261.0,371612988423.5,306.5,-2.574698029243,1212441394,1212440419,39.36162602,46.44264171,12.30448334,41.29656352,38.53638495,12.73786834,1.92764471,2022-11-09 00:00:00
300760,300760.SZ,迈瑞医疗,10091420,069001002002,016082,医疗器械,1041,366278545127.4,366278250579.9,302.1,-1.435562805873,1212441394,1212440419,38.79656516,45.77592842,12.12784476,40.70372542,37.98317095,12.55500824,1.89997216,2022-11-10 00:00:00
300760,300760.SZ,迈瑞医疗,10091420,069001002002,016082,医疗器械,1041,366533157820.14,366532863067.89,302.31,0.069513406157,1212441394,1212440419,38.82353397,45.80774883,12.13627523,40.73201996,38.00957434,12.56373566,1.9012929,2022-11-11 00:00:00
300760,300760.SZ,迈瑞医疗,10091420,069001002002,016082,医疗器械,1041,386768804686.0,386768493661.0,319.0,5.520822996262,1212441394,1212440419,40.96691256,48.33671356,12.80629751,42.98076269,40.10801566,13.25735727,2.00625991,2022-11-14 00:00:00
300760,300760.SZ,迈瑞医疗,10091420,069001002002,016082,医疗器械,1041,384271175414.36,384270866397.86,316.94,-0.645768025078,1212441394,1212440419,40.70236134,48.02457052,12.72359853,42.70320666,39.84901092,13.17174549,1.99330413,2022-11-15 00:00:00
300760,300760.SZ,迈瑞医疗,10091420,069001002002,016082,医疗器械,1041,386623311718.72,386623000810.72,318.88,0.612103237206,1212441394,1212440419,40.95150181,48.31853047,12.80148009,42.96459437,40.09292801,13.25237017,2.00550521,2022-11-16 00:00:00
300760,300760.SZ,迈瑞医疗,10091420,069001002002,016082,医疗器械,1041,380609602404.48,380609296332.48,313.92,-1.55544405419,1212441394,1212440419,40.31452411,47.56696276,12.60236023,42.29630415,39.46930494,13.04623697,1.97431069,2022-11-17 00:00:00
300760,300760.SZ,迈瑞医疗,10091420,069001002002,016082,医疗器械,1041,395886363968.88,395886045611.88,326.52,4.01376146789,1212441394,1212440419,41.93265295,49.47618718,13.10818891,43.9939769,41.0535087,13.5698818,2.05355482,2022-11-18 00:00:00
300760,300760.SZ,迈瑞医疗,10091420,069001002002,016082,医疗器械,1041,394043453050.0,394043136175.0,325.0,-0.465515129242,1212441394,1212440419,41.73745011,49.24586805,13.04716831,43.78917829,40.8623984,13.50671195,2.04399521,2022-11-21 00:00:00
300760,300760.SZ,迈瑞医疗,10091420,069001002002,016082,医疗器械,1041,390236387072.84,390236073259.34,321.86,-0.966153846154,1212441394,1212440419,41.33420213,48.7700772,12.92111259,43.36610745,40.46760477,13.37621633,2.02424707,2022-11-22 00:00:00
300760,300760.SZ,迈瑞医疗,10091420,069001002002,016082,医疗器械,1041,384259051000.42,384258741993.67,316.93,-1.53172186665,1212441394,1212440419,40.70107711,48.02305526,12.72319708,42.7018593,39.84775362,13.1713299,1.99324124,2022-11-23 00:00:00
300760,300760.SZ,迈瑞医疗,10091420,069001002002,016082,医疗器械,1041,390612243904.98,390611929789.23,322.17,1.653361941123,1212441394,1212440419,41.37401323,48.81705018,12.93355758,43.40787559,40.50658121,13.38909966,2.02619673,2022-11-24 00:00:00
300760,300760.SZ,迈瑞医疗,10091420,069001002002,016082,医疗器械,1041,398905343039.94,398905022255.19,329.01,2.12310270975,1212441394,1212440419,42.25242603,49.8534863,13.20815029,44.32946938,41.36657753,13.67336399,2.06921496,2022-11-25 00:00:00
300760,300760.SZ,迈瑞医疗,10091420,069001002002,016082,医疗器械,1041,395255894444.0,395255576594.0,326.0,-0.91486580955,1212441394,1212440419,41.86587303,49.39739379,13.08731344,43.92391422,40.98812886,13.54827106,2.05028442,2022-11-28 00:00:00
300760,300760.SZ,迈瑞医疗,10091420,069001002002,016082,医疗器械,1041,393485730008.76,393485413582.26,324.54,-0.447852760736,1212441394,1212440419,41.67837556,49.1761662,13.02870155,43.72719976,40.80456239,13.48759476,2.04110217,2022-11-29 00:00:00
300760,300760.SZ,迈瑞医疗,10091420,069001002002,016082,医疗器械,1041,393558476492.4,393558160007.4,324.6,0.018487705676,1212441394,1212440419,41.68608094,49.18525775,13.03111025,43.73528391,40.81210622,13.4900883,2.04147952,2022-11-30 00:00:00
300760,300760.SZ,迈瑞医疗,10091420,069001002002,016082,医疗器械,1041,406955953896.1,406955626637.35,335.65,3.404189772027,1212441394,1212440419,43.10515424,50.85961726,13.47471398,45.22411597,42.20142776,13.94931651,2.11097536,2022-12-01 00:00:00
300760,300760.SZ,迈瑞医疗,10091420,069001002002,016082,医疗器械,1041,397680777232.0,397680457432.0,328.0,-2.279159839118,1212441394,1212440419,42.12271888,49.70044529,13.16760371,44.19338608,41.23958977,13.63138929,2.06286286,2022-12-02 00:00:00
300760,300760.SZ,迈瑞医疗,10091420,069001002002,016082,医疗器械,1041,395255894444.0,395255576594.0,326.0,-0.609756097561,1212441394,1212440419,41.86587303,49.39739379,13.08731344,43.92391422,40.98812886,13.54827106,2.05028442,2022-12-05 00:00:00
300760,300760.SZ,迈瑞医疗,10091420,069001002002,016082,医疗器械,1041,394116199533.64,394115882600.14,325.06,-0.288343558282,1212441394,1212440419,41.74515548,49.25495959,13.04957701,43.79726244,40.86994223,13.50920549,2.04437256,2022-12-06 00:00:00
300760,300760.SZ,迈瑞医疗,10091420,069001002002,016082,医疗器械,1041,379615400461.4,379615095188.9,313.1,-3.679320740786,1212441394,1212440419,40.20921732,47.44271165,12.56944122,42.18582068,39.36620597,13.01215849,1.96915354,2022-12-07 00:00:00
300760,300760.SZ,迈瑞医疗,10091420,069001002002,016082,医疗器械,1041,380706597716.0,380706291566.0,314.0,0.287448099649,1212441394,1212440419,40.32479795,47.57908482,12.60557184,42.30708302,39.47936338,13.0495617,1.97481383,2022-12-08 00:00:00
300760,300760.SZ,迈瑞医疗,10091420,069001002002,016082,医疗器械,1041,377602747747.36,377602444093.36,311.44,-0.815286624204,1212441394,1212440419,39.99603526,47.19117891,12.5028003,41.96215903,39.15749341,12.94317037,1.95871344,2022-12-09 00:00:00
300760,300760.SZ,迈瑞医疗,10091420,069001002002,016082,医疗器械,1041,382464637737.3,382464330173.55,315.45,1.287567428718,1212441394,1212440419,40.51101119,47.79879715,12.66378228,42.50245012,39.66167254,13.10982241,1.9839332,2022-12-12 00:00:00
300760,300760.SZ,迈瑞医疗,10091420,069001002002,016082,医疗器械,1041,378790940313.48,378790635703.98,312.42,-0.960532572515,1212441394,1212440419,40.12188973,47.33967414,12.54214253,42.09420025,39.28070926,12.9838983,1.96487687,2022-12-13 00:00:00
300760,300760.SZ,迈瑞医疗,10091420,069001002002,016082,医疗器械,1041,374401902467.2,374401601387.2,308.8,-1.158696626336,1212441394,1212440419,39.65699875,46.79115093,12.39681715,41.60645617,38.825565,12.83345431,1.94210991,2022-12-14 00:00:00
300760,300760.SZ,迈瑞医疗,10091420,069001002002,016082,医疗器械,1041,373431949352.0,373431649052.0,308.0,-0.259067357513,1212441394,1212440419,39.55426041,46.66993033,12.36470104,41.49866742,38.72498064,12.80020702,1.93707854,2022-12-15 00:00:00
300760,300760.SZ,迈瑞医疗,10091420,069001002002,016082,医疗器械,1041,376778287599.44,376777984608.44,310.76,0.896103896104,1212441394,1212440419,39.90870768,47.0881414,12.47550161,41.8705386,39.0719967,12.91491017,1.95443677,2022-12-16 00:00:00
300760,300760.SZ,迈瑞医疗,10091420,069001002002,016082,医疗器械,1041,373080341347.74,373080041330.49,307.71,-0.981464795984,1212441394,1212440419,39.51701776,46.62598787,12.35305895,41.459594,38.68851881,12.78815487,1.93525466,2022-12-19 00:00:00
300760,300760.SZ,迈瑞医疗,10091420,069001002002,016082,医疗器械,1041,367369742382.0,367369446957.0,303.0,-1.530661986936,1212441394,1212440419,38.91214579,45.91230159,12.16397538,40.82498776,38.09632836,12.59241145,1.90563246,2022-12-20 00:00:00
300760,300760.SZ,迈瑞医疗,10091420,069001002002,016082,医疗器械,1041,372219507958.0,372219208633.0,307.0,1.320132013201,1212441394,1212440419,39.42583748,46.51840459,12.32455591,41.36393149,38.59925018,12.7586479,1.93078932,2022-12-21 00:00:00
300760,300760.SZ,迈瑞医疗,10091420,069001002002,016082,医疗器械,1041,373953299151.42,373952998432.17,308.43,0.465798045603,1212441394,1212440419,39.60948226,46.73508641,12.38196345,41.55660387,38.77904474,12.81807743,1.9397829,2022-12-22 00:00:00
300760,300760.SZ,迈瑞医疗,10091420,069001002002,016082,医疗器械,1041,383131480504.0,383131172404.0,316.0,2.454365658334,1212441394,1212440419,40.58164379,47.88213632,12.68586211,42.57655489,39.73082429,13.13267992,1.98739226,2022-12-23 00:00:00
300760,300760.SZ,迈瑞医疗,10091420,069001002002,016082,医疗器械,1041,381191574273.6,381191267733.6,314.4,-0.506329113924,1212441394,1212440419,40.37616712,47.63969512,12.62162989,42.36097739,39.52965556,13.06618534,1.97732952,2022-12-26 00:00:00
300760,300760.SZ,迈瑞医疗,10091420,069001002002,016082,医疗器械,1041,379736644600.8,379736339230.8,313.2,-0.381679389313,1212441394,1212440419,40.22205961,47.45786422,12.57345573,42.19929427,39.37877901,13.01631441,1.96978246,2022-12-27 00:00:00
300760,300760.SZ,迈瑞医疗,10091420,069001002002,016082,医疗器械,1041,384574285762.86,384573976502.61,317.19,1.273946360153,1212441394,1212440419,40.73446707,48.06245196,12.73363482,42.73689065,39.88044354,13.18213527,1.99487643,2022-12-28 00:00:00
300760,300760.SZ,迈瑞医疗,10091420,069001002002,016082,医疗器械,1041,385895846882.32,385895536559.32,318.28,0.343642611684,1212441394,1212440419,40.87444806,48.22761502,12.77739301,42.88375281,40.01748973,13.2274347,2.00173168,2022-12-29 00:00:00
300760,300760.SZ,迈瑞医疗,10091420,069001002002,016082,医疗器械,1041,383095107262.18,383094799191.43,315.97,-0.725776046249,1212441394,1212440419,40.57779111,47.87759054,12.68465775,42.57251281,39.72705238,13.13143315,1.98720359,2022-12-30 00:00:00
300760,300760.SZ,迈瑞医疗,10091420,069001002002,016082,医疗器械,1041,377505752435.84,377505448859.84,311.36,-1.458999272083,1212441394,1212440419,39.98576143,39.2941513,11.80412797,31.09308578,39.14743497,12.93984564,1.58543581,2023-01-03 00:00:00
300760,300760.SZ,迈瑞医疗,10091420,069001002002,016082,医疗器械,1041,386101961919.3,386101651430.55,318.45,2.27710688592,1212441394,1212440419,40.89627996,40.18892113,12.07292058,31.80110858,40.03886391,13.23449975,1.62153788,2023-01-04 00:00:00
300760,300760.SZ,迈瑞医疗,10091420,069001002002,016082,医疗器械,1041,388163112289.1,388162800142.85,320.15,0.533835766996,1212441394,1212440419,41.11459893,40.40346396,12.13737015,31.97087427,40.25260569,13.30515025,1.63019423,2023-01-05 00:00:00
300760,300760.SZ,迈瑞医疗,10091420,069001002002,016082,医疗器械,1041,385677607431.4,385677297283.9,318.1,-0.640324847728,1212441394,1212440419,40.85133193,40.14475054,12.05965156,31.76615682,39.99485825,13.21995406,1.61975569,2023-01-06 00:00:00
300760,300760.SZ,迈瑞医疗,10091420,069001002002,016082,医疗器械,1041,386332325784.16,386332015110.16,318.64,0.169757937755,1212441394,1212440419,40.92068031,40.21289944,12.08012377,31.82008239,40.0627527,13.24239598,1.62250535,2023-01-09 00:00:00
300760,300760.SZ,迈瑞医疗,10091420,069001002002,016082,医疗器械,1041,397789896957.46,397789577069.71,328.09,2.965729349736,1212441394,1212440419,42.13427694,41.40550521,12.43838755,32.76377992,41.25090551,13.63512961,1.67062447,2023-01-10 00:00:00
300760,300760.SZ,迈瑞医疗,10091420,069001002002,016082,医疗器械,1041,393703969459.68,393703652857.68,324.72,-1.02715718248,1212441394,1212440419,41.70149169,40.98020558,12.31062576,32.4272444,40.82719387,13.4950754,1.65346453,2023-01-11 00:00:00
300760,300760.SZ,迈瑞医疗,10091420,069001002002,016082,医疗器械,1041,390163640589.2,390163326834.2,321.8,-0.89923626509,1212441394,1212440419,41.32649675,40.61169671,12.19992414,32.13564686,40.46006094,13.37372278,1.63859598,2023-01-12 00:00:00
300760,300760.SZ,迈瑞医疗,10091420,069001002002,016082,医疗器械,1041,401099861963.08,401099539413.58,330.82,2.802983219391,1212441394,1212440419,42.48487152,41.75003576,12.54188597,33.03640365,41.59414966,13.74858599,1.68452555,2023-01-13 00:00:00
300760,300760.SZ,迈瑞医疗,10091420,069001002002,016082,医疗器械,1041,414509463780.72,414509130447.72,341.88,3.343207786712,1212441394,1212440419,43.90522905,43.1458262,12.96118728,34.14087927,42.98472851,14.20822979,1.74084274,2023-01-16 00:00:00
300760,300760.SZ,迈瑞医疗,10091420,069001002002,016082,医疗器械,1041,411417738226.02,411417407379.27,339.33,-0.745875745876,1212441394,1212440419,43.5777506,42.82401195,12.86451293,33.88623073,42.66411585,14.10225405,1.72785822,2023-01-17 00:00:00
300760,300760.SZ,迈瑞医疗,10091420,069001002002,016082,医疗器械,1041,408726118331.34,408725789649.09,337.11,-0.654230395191,1212441394,1212440419,43.29265171,42.54384425,12.78034937,33.66453671,42.38499423,14.00999281,1.71655404,2023-01-18 00:00:00
300760,300760.SZ,迈瑞医疗,10091420,069001002002,016082,医疗器械,1041,414060860464.94,414060527492.69,341.51,1.305211948622,1212441394,1212440419,43.85771257,43.09913159,12.94716002,34.10393026,42.93820824,14.19285291,1.73895871,2023-01-19 00:00:00
300760,300760.SZ,迈瑞医疗,10091420,069001002002,016082,医疗器械,1041,413503137423.7,413502804899.95,341.05,-0.134695909344,1212441394,1212440419,43.79863803,43.04107882,12.92972073,34.05799366,42.88037223,14.17373572,1.7366164,2023-01-20 00:00:00
300760,300760.SZ,迈瑞医疗,10091420,069001002002,016082,医疗器械,1041,411454111467.84,411453780591.84,339.36,-0.495528514881,1212441394,1212440419,43.58160329,42.827798,12.86565027,33.88922659,42.66788776,14.10350082,1.72801098,2023-01-30 00:00:00
300760,300760.SZ,迈瑞医疗,10091420,069001002002,016082,医疗器械,1041,403306505300.16,403306180976.16,332.64,-1.980198019802,1212441394,1212440419,42.71860124,41.97972279,12.61088492,33.2181528,41.82297909,13.82422358,1.69379294,2023-01-31 00:00:00
300760,300760.SZ,迈瑞医疗,10091420,069001002002,016082,医疗器械,1041,401305977000.06,401305654284.81,330.99,-0.496031746032,1212441394,1212440419,42.50670342,41.77149004,12.54833093,33.05338022,41.61552384,13.75565104,1.68539119,2023-02-01 00:00:00
300760,300760.SZ,迈瑞医疗,10091420,069001002002,016082,医疗器械,1041,398905343039.94,398905022255.19,329.01,-0.598205383848,1212441394,1212440419,42.25242603,41.52161074,12.47326614,32.85565312,41.36657753,13.67336399,1.67530908,2023-02-02 00:00:00
300760,300760.SZ,迈瑞医疗,10091420,069001002002,016082,医疗器械,1041,394673922574.88,394673605192.88,325.52,-1.060758031671,1212441394,1212440419,41.80423003,41.08116692,12.34095496,32.50713414,40.92777824,13.52832269,1.65753811,2023-02-03 00:00:00
300760,300760.SZ,迈瑞医疗,10091420,069001002002,016082,医疗器械,1041,383725576787.06,383725268209.31,316.49,-2.774023101499,1212441394,1212440419,40.64457103,39.94156586,11.99861402,31.60537873,39.79243222,13.15304389,1.61155762,2023-02-06 00:00:00
300760,300760.SZ,迈瑞医疗,10091420,069001002002,016082,医疗器械,1041,384574285762.86,384573976502.61,317.19,0.221176024519,1212441394,1212440419,40.73446707,40.02990703,12.02515208,31.67528225,39.88044354,13.18213527,1.615122,2023-02-07 00:00:00
300760,300760.SZ,迈瑞医疗,10091420,069001002002,016082,医疗器械,1041,387981246080.0,387980934080.0,320.0,0.885904347552,1212441394,1212440419,41.09533549,40.38453371,12.13168343,31.95589495,40.23374612,13.29891638,1.62943043,2023-02-08 00:00:00
300760,300760.SZ,迈瑞医疗,10091420,069001002002,016082,医疗器械,1041,396468335838.0,396468017013.0,327.0,2.1875,1212441394,1212440419,41.99429595,41.26794539,12.397064,32.65493015,41.11385932,13.58983018,1.66507422,2023-02-09 00:00:00
300760,300760.SZ,迈瑞医疗,10091420,069001002002,016082,医疗器械,1041,393025002279.04,393024686223.04,324.16,-0.868501529052,1212441394,1212440419,41.62957485,40.90953265,12.28939531,32.37132158,40.75678482,13.47180229,1.65061303,2023-02-10 00:00:00
300760,300760.SZ,迈瑞医疗,10091420,069001002002,016082,医疗器械,1041,388660213260.64,388659900714.64,320.56,-1.110562685094,1212441394,1212440419,41.16725233,40.45520665,12.15291387,32.01181776,40.30415517,13.32218948,1.63228194,2023-02-13 00:00:00
300760,300760.SZ,迈瑞医疗,10091420,069001002002,016082,医疗器械,1041,396201598731.32,396201280120.82,326.78,1.940354379835,1212441394,1212440419,41.96604291,41.24018102,12.38872347,32.63296047,41.08619861,13.58068717,1.66395399,2023-02-14 00:00:00
300760,300760.SZ,迈瑞医疗,10091420,069001002002,016082,医疗器械,1041,393982830980.3,393982514154.05,324.95,-0.560009792521,1212441394,1212440419,41.73102896,41.00923197,12.3193454,32.4502127,40.85611188,13.50463399,1.65463569,2023-02-15 00:00:00
300760,300760.SZ,迈瑞医疗,10091420,069001002002,016082,医疗器械,1041,391194215774.1,391193901190.35,322.65,-0.707801200185,1212441394,1212440419,41.43565624,40.71896813,12.23214893,32.2205297,40.56693183,13.40904803,1.64292416,2023-02-16 00:00:00
300760,300760.SZ,迈瑞医疗,10091420,069001002002,016082,医疗器械,1041,386744555858.12,386744244852.62,318.98,-1.137455447079,1212441394,1212440419,40.96434411,40.25580801,12.09301368,31.85403553,40.10550105,13.25652608,1.62423662,2023-02-17 00:00:00
300760,300760.SZ,迈瑞医疗,10091420,069001002002,016082,医疗器械,1041,395474133894.92,395473815869.42,326.18,2.257194808452,1212441394,1212440419,41.88898915,41.16446002,12.36597656,32.57304317,41.01076034,13.5557517,1.66089881,2023-02-20 00:00:00
300760,300760.SZ,迈瑞医疗,10091420,069001002002,016082,医疗器械,1041,391000225151.06,390999910723.31,322.49,-1.131277208903,1212441394,1212440419,41.41510857,40.69877587,12.22608309,32.20455176,40.54681496,13.40239857,1.64210944,2023-02-21 00:00:00
300760,300760.SZ,迈瑞医疗,10091420,069001002002,016082,医疗器械,1041,384913769353.18,384913459819.93,317.47,-1.556637415114,1212441394,1212440419,40.77042549,40.06524349,12.0357673,31.70324365,39.91564806,13.19377182,1.61654775,2023-02-22 00:00:00
300760,300760.SZ,迈瑞医疗,10091420,069001002002,016082,医疗器械,1041,383276973471.28,383276665254.28,316.12,-0.425237030271,1212441394,1212440419,40.59705455,39.89487124,11.98458676,31.56842972,39.74591195,13.13766702,1.60967359,2023-02-23 00:00:00
300760,300760.SZ,迈瑞医疗,10091420,069001002002,016082,医疗器械,1041,381967536765.76,381967229601.76,315.04,-0.341642414273,1212441394,1212440419,40.45835779,39.75857344,11.94364233,31.46057858,39.61012305,13.09278318,1.60417426,2023-02-24 00:00:00
300760,300760.SZ,迈瑞医疗,10091420,069001002002,016082,医疗器械,1041,378851562383.18,378851257724.93,312.47,-0.815769426105,1212441394,1212440419,40.12831087,39.43423515,11.84620975,31.2039328,39.28699578,12.98597625,1.5910879,2023-02-27 00:00:00
300760,300760.SZ,迈瑞医疗,10091420,069001002002,016082,医疗器械,1041,380730846543.88,380730540374.38,314.02,0.496047620572,1212441394,1212440419,40.32736641,39.62984774,11.90497259,31.35871916,39.48187799,13.05039288,1.59898045,2023-02-28 00:00:00
300760,300760.SZ,迈瑞医疗,10091420,069001002002,016082,医疗器械,1041,383725576787.06,383725268209.31,316.49,0.78657410356,1212441394,1212440419,40.64457103,39.94156586,11.99861402,31.60537873,39.79243222,13.15304389,1.61155762,2023-03-01 00:00:00
300760,300760.SZ,迈瑞医疗,10091420,069001002002,016082,医疗器械,1041,377554250091.6,377553946476.6,311.4,-1.608265664002,1212441394,1212440419,39.99089835,39.29919937,11.80564443,31.09708027,39.15246419,12.941508,1.58563949,2023-03-02 00:00:00
300760,300760.SZ,迈瑞医疗,10091420,069001002002,016082,医疗器械,1041,379615400461.4,379615095188.9,313.1,0.545921644188,1212441394,1212440419,40.20921732,39.5137422,11.870094,31.26684596,39.36620597,13.01215849,1.59429584,2023-03-03 00:00:00
300760,300760.SZ,迈瑞医疗,10091420,069001002002,016082,医疗器械,1041,379506280735.94,379505975551.19,313.01,-0.028744809965,1212441394,1212440419,40.19765925,39.50238405,11.86668197,31.25785837,39.35489023,13.00841817,1.59383756,2023-03-06 00:00:00
300760,300760.SZ,迈瑞医疗,10091420,069001002002,016082,医疗器械,1041,373431949352.0,373431649052.0,308.0,-1.600587840644,1212441394,1212440419,39.55426041,38.8701137,11.6767453,30.75754889,38.72498064,12.80020702,1.56832679,2023-03-07 00:00:00
300760,300760.SZ,迈瑞医疗,10091420,069001002002,016082,医疗器械,1041,371116186289.46,371115887851.71,306.09,-0.62012987013,1212441394,1212440419,39.30897262,38.62906851,11.60433431,30.56681214,38.48483547,12.72082911,1.55860113,2023-03-08 00:00:00
300760,300760.SZ,迈瑞医疗,10091420,069001002002,016082,医疗器械,1041,368109331632.34,368109035612.59,303.61,-0.81021921657,1212441394,1212440419,38.99048377,38.31608838,11.51031377,30.31915395,38.17302393,12.61776251,1.54597304,2023-03-09 00:00:00
300760,300760.SZ,迈瑞医疗,10091420,069001002002,016082,医疗器械,1041,375565846205.44,375565544189.44,309.76,2.025624979414,1212441394,1212440419,39.78028475,39.09222863,11.74346956,30.93330631,38.94626624,12.87335106,1.57728866,2023-03-10 00:00:00
300760,300760.SZ,迈瑞医疗,10091420,069001002002,016082,医疗器械,1041,374656515159.94,374656213875.19,309.01,-0.242122933884,1212441394,1212440419,39.68396756,38.99757738,11.71503592,30.85840968,38.8519684,12.84218172,1.57346968,2023-03-13 00:00:00
300760,300760.SZ,迈瑞医疗,10091420,069001002002,016082,医疗器械,1041,374317031569.62,374316730557.87,308.73,-0.090611954306,1212441394,1212440419,39.64800914,38.96224092,11.7044207,30.83044827,38.81676387,12.83054517,1.57204393,2023-03-14 00:00:00
300760,300760.SZ,迈瑞医疗,10091420,069001002002,016082,医疗器械,1041,373916925909.6,373916625219.6,308.4,-0.10688951511,1212441394,1212440419,39.60562958,38.92059437,11.6919099,30.79749376,38.77527282,12.81683066,1.57036358,2023-03-15 00:00:00
300760,300760.SZ,迈瑞医疗,10091420,069001002002,016082,医疗器械,1041,380815717441.46,380815411203.71,314.09,1.845006485084,1212441394,1212440419,40.33635601,39.63868186,11.9076264,31.36570951,39.49067912,13.05330202,1.59933689,2023-03-16 00:00:00
300760,300760.SZ,迈瑞医疗,10091420,069001002002,016082,医疗器械,1041,362459354736.3,362459063260.05,298.95,-4.820274443631,1212441394,1212440419,38.39203295,37.7279886,11.33364613,29.85379623,37.58712001,12.42409704,1.52224446,2023-03-17 00:00:00
300760,300760.SZ,迈瑞医疗,10091420,069001002002,016082,医疗器械,1041,358155187787.6,358154899772.6,295.4,-1.187489546747,1212441394,1212440419,37.93613157,37.27997268,11.19906026,29.49928552,37.14077689,12.27656218,1.50416797,2023-03-20 00:00:00
300760,300760.SZ,迈瑞医疗,10091420,069001002002,016082,医疗器械,1041,370400845867.0,370400548004.5,305.5,3.419092755586,1212441394,1212440419,39.2332031,38.55460953,11.58196652,30.50789346,38.4106545,12.69630923,1.55559687,2023-03-21 00:00:00
300760,300760.SZ,迈瑞医疗,10091420,069001002002,016082,医疗器械,1041,374159414188.4,374159113303.4,308.6,1.0147299509,1212441394,1212440419,39.63131416,38.9458347,11.6994922,30.81746619,38.80041891,12.82514248,1.57138198,2023-03-22 00:00:00
300760,300760.SZ,迈瑞医疗,10091420,069001002002,016082,医疗器械,1041,378136221960.72,378135917877.72,311.88,1.062864549579,1212441394,1212440419,40.05254135,39.35977617,11.82384196,31.14501411,39.21281481,12.96145638,1.58808364,2023-03-23 00:00:00
300760,300760.SZ,迈瑞医疗,10091420,069001002002,016082,医疗器械,1041,368582183776.0,368581887376.0,304.0,-2.526612799795,1212441394,1212440419,39.04056871,38.36530703,11.52509925,30.3581002,38.22205881,12.63397056,1.54795891,2023-03-24 00:00:00
300760,300760.SZ,迈瑞医疗,10091420,069001002002,016082,医疗器械,1041,370400845867.0,370400548004.5,305.5,0.493421052632,1212441394,1212440419,39.2332031,38.55460953,11.58196652,30.50789346,38.4106545,12.69630923,1.55559687,2023-03-27 00:00:00
300760,300760.SZ,迈瑞医疗,10091420,069001002002,016082,医疗器械,1041,372983346036.22,372983046096.97,307.63,0.697217675941,1212441394,1212440419,39.50674393,38.82341908,11.66271804,30.72059988,38.67846037,12.78483014,1.56644276,2023-03-28 00:00:00
300760,300760.SZ,迈瑞医疗,10091420,069001002002,016082,医疗器械,1041,373431949352.0,373431649052.0,308.0,0.120274355557,1212441394,1212440419,39.55426041,38.8701137,11.6767453,30.75754889,38.72498064,12.80020702,1.56832679,2023-03-29 00:00:00
300760,300760.SZ,迈瑞医疗,10091420,069001002002,016082,医疗器械,1041,380051879363.24,380051573739.74,313.46,1.772727272727,1212441394,1212440419,40.25544957,39.5591748,11.88374215,31.30279635,39.41146893,13.02711978,1.59612895,2023-03-30 00:00:00
300760,300760.SZ,迈瑞医疗,10091420,069001002002,016082,医疗器械,1041,377930106923.74,377929803006.49,311.71,-0.558284948638,1212441394,1212440419,40.03070945,39.33832189,10.90629214,31.12803755,39.19144063,12.95439133,1.587218,2023-03-31 00:00:00
300760,300760.SZ,迈瑞医疗,10091420,069001002002,016082,医疗器械,1041,367490986521.4,367490690998.9,303.1,-2.762182798114,1212441394,1212440419,38.92498808,38.25172553,10.60504042,30.26822425,38.1089014,12.59656736,1.54337614,2023-04-03 00:00:00
300760,300760.SZ,迈瑞医疗,10091420,069001002002,016082,医疗器械,1041,368727676743.28,368727380226.28,304.12,0.336522599802,1212441394,1212440419,39.05597946,38.38045123,10.64072877,30.37008366,38.23714647,12.63895765,1.54856995,2023-04-04 00:00:00
300760,300760.SZ,迈瑞医疗,10091420,069001002002,016082,医疗器械,1041,367442488865.64,367442193382.14,303.06,-0.348546626332,1212441394,1212440419,38.91985117,38.24667746,10.60364087,30.26422976,38.10387218,12.59490499,1.54317246,2023-04-06 00:00:00
300760,300760.SZ,迈瑞医疗,10091420,069001002002,016082,医疗器械,1041,374644390746.0,374644089471.0,309.0,1.960007919224,1212441394,1212440419,39.68268333,38.99631537,10.81147307,30.85741106,38.8507111,12.84176613,1.57341876,2023-04-07 00:00:00
300760,300760.SZ,迈瑞医疗,10091420,069001002002,016082,医疗器械,1041,378160470788.6,378160166686.1,311.9,0.938511326861,1212441394,1212440419,40.05510981,39.3623002,10.91293997,31.14701136,39.21532942,12.96228756,1.58818548,2023-04-10 00:00:00
300760,300760.SZ,迈瑞医疗,10091420,069001002002,016082,医疗器械,1041,375590095033.32,375589792997.82,309.78,-0.679705033665,1212441394,1212440419,39.78285321,39.09475267,10.83876417,30.93530355,38.94878085,12.87418224,1.5773905,2023-04-11 00:00:00
300760,300760.SZ,迈瑞医疗,10091420,069001002002,016082,医疗器械,1041,373856303839.9,373856003198.65,308.35,-0.461617922397,1212441394,1212440419,39.59920843,38.91428428,10.78873049,30.79250065,38.7689863,12.8147527,1.57010898,2023-04-12 00:00:00
300760,300760.SZ,迈瑞医疗,10091420,069001002002,016082,医疗器械,1041,379930635223.84,379930329697.84,313.36,1.624777039079,1212441394,1212440419,40.24260728,39.54655464,10.96402331,31.29281013,39.39889589,13.02296386,1.59561975,2023-04-13 00:00:00
300760,300760.SZ,迈瑞医疗,10091420,069001002002,016082,医疗器械,1041,378887935625.0,378887630937.5,312.5,-0.274444728108,1212441394,1212440419,40.13216356,39.4380212,10.93393313,31.20692866,39.29076769,12.98722303,1.59124066,2023-04-14 00:00:00
300760,300760.SZ,迈瑞医疗,10091420,069001002002,016082,医疗器械,1041,379809391084.44,379809085655.94,313.26,0.2432,1212441394,1212440419,40.22976498,39.53393447,10.96052445,31.28282391,39.38632284,13.01880795,1.59511056,2023-04-17 00:00:00
300760,300760.SZ,迈瑞医疗,10091420,069001002002,016082,医疗器械,1041,381324942826.94,381324636179.69,314.51,0.39902956011,1212441394,1212440419,40.39029364,39.69168656,11.00426018,31.40765163,39.54348591,13.07075685,1.60147552,2023-04-18 00:00:00
300760,300760.SZ,迈瑞医疗,10091420,069001002002,016082,医疗器械,1041,385132008804.1,385131699095.35,317.65,0.998378429939,1212441394,1212440419,40.79354162,40.08795979,11.11412434,31.72121884,39.93827955,13.20125246,1.6174643,2023-04-19 00:00:00
300760,300760.SZ,迈瑞医疗,10091420,069001002002,016082,医疗器械,1041,374680763987.82,374680462683.57,309.03,-2.71367857705,1212441394,1212440419,39.68653602,39.00010142,10.81252273,30.86040692,38.85448301,12.8430129,1.57357152,2023-04-20 00:00:00
300760,300760.SZ,迈瑞医疗,10091420,069001002002,016082,医疗器械,1041,365551080291.0,365550786328.5,301.5,-2.436656635278,1212441394,1212440419,38.71951141,38.04980286,10.54905868,30.10844477,37.90773267,12.53007278,1.53522899,2023-04-21 00:00:00
300760,300760.SZ,迈瑞医疗,10091420,069001002002,016082,医疗器械,1041,365551080291.0,365550786328.5,301.5,0.0,1212441394,1212440419,38.71951141,38.04980286,10.54905868,30.10844477,37.90773267,12.53007278,1.53522899,2023-04-24 00:00:00
300760,300760.SZ,迈瑞医疗,10091420,069001002002,016082,医疗器械,1041,367030258791.68,367029963639.68,302.72,0.40464344942,1212441394,1212440419,38.87618737,38.20376889,10.59174475,30.23027662,38.06112383,12.58077489,1.54144119,2023-04-25 00:00:00
300760,300760.SZ,迈瑞医疗,10091420,069001002002,016082,医疗器械,1041,364338638897.0,364338345909.5,300.5,-0.733350951374,1212441394,1212440419,38.59108848,37.92360119,10.51407009,30.0085826,37.78200221,12.48851366,1.53013702,2023-04-26 00:00:00
300760,300760.SZ,迈瑞医疗,10091420,069001002002,016082,医疗器械,1041,374644390746.0,374644089471.0,309.0,2.828618968386,1212441394,1212440419,39.68268333,38.99631537,10.81147307,30.85741106,38.8507111,12.84176613,1.57341876,2023-04-27 00:00:00
300760,300760.SZ,迈瑞医疗,10091420,069001002002,016082,医疗器械,1041,378160470788.6,378160166686.1,311.9,0.938511326861,1212441394,1212440419,37.54117262,39.3623002,10.91293997,31.14701136,30.00141378,11.89677075,1.58818548,2023-04-28 00:00:00
300760,300760.SZ,迈瑞医疗,10091420,069001002002,016082,医疗器械,1041,381919039110.0,381918731985.0,315.0,0.993908303944,1212441394,1212440419,37.91429745,39.75352537,11.02140459,31.45658409,30.29960032,12.01501375,1.60397058,2023-05-04 00:00:00
300760,300760.SZ,迈瑞医疗,10091420,069001002002,016082,医疗器械,1041,381143076617.84,381142770116.84,314.36,-0.203174603175,1212441394,1212440419,37.83726523,39.67275631,10.9990119,31.3926723,30.23803923,11.99060229,1.60071172,2023-05-05 00:00:00
300760,300760.SZ,迈瑞医疗,10091420,069001002002,016082,医疗器械,1041,365114601389.16,365114307777.66,301.14,-4.205369639903,1212441394,1212440419,36.24606836,38.00437026,10.53646279,30.07249439,28.96641791,11.48635314,1.53339588,2023-05-08 00:00:00
300760,300760.SZ,迈瑞医疗,10091420,069001002002,016082,医疗器械,1041,368824672054.8,368824375459.8,304.2,1.016138673042,1212441394,1212440419,36.61437868,38.39054736,10.64352786,30.37807264,29.26075688,11.60307042,1.54897731,2023-05-09 00:00:00
300760,300760.SZ,迈瑞医疗,10091420,069001002002,016082,医疗器械,1041,372607489204.08,372607189567.08,307.32,1.025641025641,1212441394,1212440419,36.98991077,38.78429656,10.75269225,30.68964261,29.56086721,11.72207627,1.56486425,2023-05-10 00:00:00
300760,300760.SZ,迈瑞医疗,10091420,069001002002,016082,医疗器械,1041,368630681431.76,368630384992.76,304.04,-1.067291422621,1212441394,1212440419,36.59512062,38.37035509,10.63792969,30.36209469,29.24536661,11.59696755,1.54816259,2023-05-11 00:00:00
300760,300760.SZ,迈瑞医疗,10091420,069001002002,016082,医疗器械,1041,371964895265.26,371964596145.01,306.79,0.904486251809,1212441394,1212440419,36.92611846,38.71740968,10.7341483,30.63671566,29.50988693,11.70186053,1.56216551,2023-05-12 00:00:00
300760,300760.SZ,迈瑞医疗,10091420,069001002002,016082,医疗器械,1041,375784085656.36,375783783464.86,309.94,1.026760976564,1212441394,1212440419,37.30526143,39.11494493,10.84436235,30.9512815,29.81288293,11.82201067,1.57820521,2023-05-15 00:00:00
300760,300760.SZ,迈瑞医疗,10091420,069001002002,016082,医疗器械,1041,376584296976.4,376583994141.4,310.6,0.21294444086,1212441394,1212440419,37.38470091,39.19823803,10.86745481,31.01719053,29.87636781,11.84718498,1.58156592,2023-05-16 00:00:00
300760,300760.SZ,迈瑞医疗,10091420,069001002002,016082,医疗器械,1041,375311233512.7,375310931701.45,309.55,-0.33805537669,1212441394,1212440419,37.25831992,39.06572628,10.8307168,30.91233525,29.77536914,11.80713494,1.57621935,2023-05-17 00:00:00
300760,300760.SZ,迈瑞医疗,10091420,069001002002,016082,医疗器械,1041,372777230999.24,372776931225.74,307.46,-0.675173639154,1212441394,1212440419,37.00676157,38.8019648,10.75759065,30.70362332,29.5743337,11.72741627,1.56557713,2023-05-18 00:00:00
300760,300760.SZ,迈瑞医疗,10091420,069001002002,016082,医疗器械,1041,377129895603.7,377129592329.95,311.05,1.167631561829,1212441394,1212440419,37.4388642,39.25502879,10.88319968,31.06212851,29.91965295,11.86434929,1.5838573,2023-05-19 00:00:00
300760,300760.SZ,迈瑞医疗,10091420,069001002002,016082,医疗器械,1041,379494156322.0,379493851147.0,313.0,0.626908857097,1212441394,1212440419,37.67357175,39.50112204,10.95142742,31.25685975,30.10722191,11.93872795,1.59378664,2023-05-22 00:00:00
300760,300760.SZ,迈瑞医疗,10091420,069001002002,016082,医疗器械,1041,377530001263.72,377529697668.22,311.38,-0.517571884984,1212441394,1212440419,37.47858394,39.29667534,10.89474591,31.09508303,29.95139539,11.87693645,1.58553765,2023-05-23 00:00:00
300760,300760.SZ,迈瑞医疗,10091420,069001002002,016082,医疗器械,1041,378281714928.0,378281410728.0,312.0,0.199113623226,1212441394,1212440419,37.5532089,39.37492037,10.91643883,31.15699757,30.0110327,11.90058504,1.58869467,2023-05-24 00:00:00
300760,300760.SZ,迈瑞医疗,10091420,069001002002,016082,医疗器械,1041,381567431105.74,381567124263.49,314.71,0.86858974359,1212441394,1212440419,37.87939222,39.71692689,11.0112579,31.42762406,30.27170545,12.00395231,1.60249391,2023-05-25 00:00:00
300760,300760.SZ,迈瑞医疗,10091420,069001002002,016082,医疗器械,1041,384780400799.84,384780091373.84,317.36,0.842045057354,1212441394,1212440419,38.19835377,40.05136131,11.10397765,31.69225882,30.52660685,12.10503099,1.61598763,2023-05-26 00:00:00
300760,300760.SZ,迈瑞医疗,10091420,069001002002,016082,医疗器械,1041,378305963755.88,378305659536.38,312.02,-0.268490698715,1212441394,1212440419,37.55561616,39.3774444,10.9171386,31.15899482,30.01295648,11.9013479,1.58879651,2023-05-29 00:00:00
300760,300760.SZ,迈瑞医疗,10091420,069001002002,016082,医疗器械,1041,372946972794.4,372946672884.4,307.6,-1.416575860522,1212441394,1212440419,37.02361237,38.81963303,10.76248905,30.71760402,29.58780019,11.73275628,1.56629,2023-05-30 00:00:00
300760,300760.SZ,迈瑞医疗,10091420,069001002002,016082,医疗器械,1041,364435634208.52,364435341143.02,300.58,-2.282184655397,1212441394,1212440419,36.17866517,37.93369732,10.51686918,30.01657157,28.91255195,11.46499312,1.53054437,2023-05-31 00:00:00
300760,300760.SZ,迈瑞医疗,10091420,069001002002,016082,医疗器械,1041,362568474461.76,362568182897.76,299.04,-0.512342803912,1212441394,1212440419,35.99330638,37.73934675,10.46298676,29.86278383,28.76442057,11.40625305,1.52270274,2023-06-01 00:00:00
300760,300760.SZ,迈瑞医疗,10091420,069001002002,016082,医疗器械,1041,365648075602.52,365647781562.02,301.58,0.849384697699,1212441394,1212440419,36.29902802,38.05989899,10.55185777,30.11643375,29.00874116,11.50313602,1.53563634,2023-06-02 00:00:00
300760,300760.SZ,迈瑞医疗,10091420,069001002002,016082,医疗器械,1041,365429836151.6,365429542286.6,301.4,-0.059685655547,1212441394,1212440419,36.2773627,38.03718269,10.54555982,30.09845855,28.9914271,11.4962703,1.53471979,2023-06-05 00:00:00
300760,300760.SZ,迈瑞医疗,10091420,069001002002,016082,医疗器械,1041,363732418200.0,363732125700.0,300.0,-0.464499004645,1212441394,1212440419,36.10885471,37.86050036,10.4965758,29.95865151,28.85676221,11.44287023,1.52759103,2023-06-06 00:00:00
300760,300760.SZ,迈瑞医疗,10091420,069001002002,016082,医疗器械,1041,357645962402.12,357645674796.62,294.98,-1.673333333333,1212441394,1212440419,35.50463321,37.22696798,10.3209331,29.45734341,28.37389239,11.25139287,1.50202934,2023-06-07 00:00:00
300760,300760.SZ,迈瑞医疗,10091420,069001002002,016082,医疗器械,1041,356457769836.0,356457483186.0,294.0,-0.332225913621,1212441394,1212440419,35.38667762,37.10329035,10.28664428,29.35947848,28.27962697,11.21401283,1.49703921,2023-06-08 00:00:00
300760,300760.SZ,迈瑞医疗,10091420,069001002002,016082,医疗器械,1041,366157300988.0,366157006538.0,302.0,2.721088435374,1212441394,1212440419,36.34958041,38.11290369,10.56655297,30.15837586,29.04914063,11.51915604,1.53777497,2023-06-09 00:00:00
300760,300760.SZ,迈瑞医疗,10091420,069001002002,016082,医疗器械,1041,362944331293.9,362944039427.65,299.35,-0.877483443709,1212441394,1212440419,36.03061886,37.77846927,10.47383322,29.8937411,28.79423923,11.41807735,1.52428125,2023-06-12 00:00:00
300760,300760.SZ,迈瑞医疗,10091420,069001002002,016082,医疗器械,1041,366496784578.32,366496489855.32,302.28,0.978787372641,1212441394,1212440419,36.38328201,38.14824016,10.57634978,30.18633727,29.0760736,11.52983605,1.53920072,2023-06-13 00:00:00
300760,300760.SZ,迈瑞医疗,10091420,069001002002,016082,医疗器械,1041,363259566056.34,363259273936.59,299.61,-0.883287018658,1212441394,1212440419,36.0619132,37.8112817,10.48293025,29.91970527,28.81924842,11.4279945,1.52560516,2023-06-14 00:00:00
300760,300760.SZ,迈瑞医疗,10091420,069001002002,016082,医疗器械,1041,366521033406.2,366520738663.7,302.3,0.897833850673,1212441394,1212440419,36.38568927,38.15076419,10.57704955,30.18833451,29.07799739,11.53059891,1.53930256,2023-06-15 00:00:00
300760,300760.SZ,迈瑞医疗,10091420,069001002002,016082,医疗器械,1041,371261679256.74,371261380701.99,306.21,1.293417135296,1212441394,1212440419,36.85630801,38.64421271,10.71385492,30.5787956,29.45409719,11.67973765,1.55921217,2023-06-16 00:00:00
300760,300760.SZ,迈瑞医疗,10091420,069001002002,016082,医疗器械,1041,368327571083.26,368327274888.01,303.79,-0.790307305444,1212441394,1212440419,36.56502991,38.33880468,10.62918254,30.33712915,29.22131931,11.58743183,1.5468896,2023-06-19 00:00:00
300760,300760.SZ,迈瑞医疗,10091420,069001002002,016082,医疗器械,1041,367527359763.22,367527064211.47,303.13,-0.21725534086,1212441394,1212440419,36.48559043,38.25551158,10.60609007,30.27122011,29.15783443,11.56225751,1.5435289,2023-06-20 00:00:00
300760,300760.SZ,迈瑞医疗,10091420,069001002002,016082,医疗器械,1041,362641220945.4,362640929322.9,299.1,-1.329462606802,1212441394,1212440419,36.00052815,37.74691885,10.46508607,29.86877556,28.77019192,11.40854162,1.52300826,2023-06-21 00:00:00
300760,300760.SZ,迈瑞医疗,10091420,069001002002,016082,医疗器械,1041,362035000248.4,362034709113.4,298.6,-0.16716817118,1212441394,1212440419,35.94034673,37.68381802,10.44759178,29.81884447,28.72209732,11.38947017,1.52046227,2023-06-26 00:00:00
300760,300760.SZ,迈瑞医疗,10091420,069001002002,016082,医疗器械,1041,360846807682.28,360846517502.78,297.62,-0.32819825854,1212441394,1212440419,35.82239113,37.56014039,10.41330297,29.72097955,28.6278319,11.35209013,1.51547214,2023-06-27 00:00:00
300760,300760.SZ,迈瑞医疗,10091420,069001002002,016082,医疗器械,1041,363514178749.08,363513886424.58,299.82,0.739197634568,1212441394,1212440419,36.0871894,37.83778406,10.49027785,29.94067632,28.83944815,11.43600451,1.52667448,2023-06-28 00:00:00
300760,300760.SZ,迈瑞医疗,10091420,069001002002,016082,医疗器械,1041,362253239699.32,362252948388.82,298.78,-0.346874791542,1212441394,1212440419,35.96201204,37.70653432,10.45388973,29.83681966,28.73941138,11.3963359,1.52137883,2023-06-29 00:00:00
300760,300760.SZ,迈瑞医疗,10091420,069001002002,016082,医疗器械,1041,363489929921.2,363489637616.2,299.8,0.341388312471,1212441394,1212440419,36.08478214,37.83526002,10.8493268,29.93867908,28.83752437,11.43524165,1.52657264,2023-06-30 00:00:00
300760,300760.SZ,迈瑞医疗,10091420,069001002002,016082,医疗器械,1041,363974906478.8,363974613783.8,300.2,0.133422281521,1212441394,1212440419,36.13292728,37.88574069,10.86380222,29.97862395,28.87600005,11.45049882,1.52860943,2023-07-03 00:00:00
300760,300760.SZ,迈瑞医疗,10091420,069001002002,016082,医疗器械,1041,360725563542.88,360725273460.88,297.52,-0.89273817455,1212441394,1212440419,35.81035485,37.54752022,10.76681691,29.71099333,28.61821298,11.34827584,1.51496295,2023-07-04 00:00:00
300760,300760.SZ,迈瑞医疗,10091420,069001002002,016082,医疗器械,1041,359270633870.08,359270344958.08,296.32,-0.403334229632,1212441394,1212440419,35.66591943,37.39607822,10.72339066,29.59115872,28.50278593,11.30250436,1.50885258,2023-07-05 00:00:00
300760,300760.SZ,迈瑞医疗,10091420,069001002002,016082,医疗器械,1041,357561091504.54,357560803967.29,294.91,-0.475836933045,1212441394,1212440419,35.49620781,37.21813387,10.6723648,29.45035306,28.36715915,11.24872287,1.5016729,2023-07-06 00:00:00
300760,300760.SZ,迈瑞医疗,10091420,069001002002,016082,医疗器械,1041,353596408146.16,353596123797.16,291.64,-1.10881285816,1212441394,1212440419,35.1026213,36.80545441,10.55402825,29.12380376,28.05262044,11.12399558,1.48502216,2023-07-07 00:00:00
300760,300760.SZ,迈瑞医疗,10091420,069001002002,016082,医疗器械,1041,355463567892.92,355463282042.42,293.18,0.5280482787,1212441394,1212440419,35.28798008,36.99980498,10.60975861,29.2775915,28.20075182,11.18273565,1.4928638,2023-07-10 00:00:00
300760,300760.SZ,迈瑞医疗,10091420,069001002002,016082,医疗器械,1041,357318603225.74,357318315883.49,294.71,0.52186370148,1212441394,1212440419,35.47213524,37.19289353,10.66512709,29.43038063,28.3479213,11.24109429,1.50065451,2023-07-11 00:00:00
300760,300760.SZ,迈瑞医疗,10091420,069001002002,016082,医疗器械,1041,360652817059.24,360652527035.74,297.46,0.93312069492,1212441394,1212440419,35.80313308,37.53994812,10.7646456,29.7050016,28.61244162,11.34598727,1.51465743,2023-07-12 00:00:00
300760,300760.SZ,迈瑞医疗,10091420,069001002002,016082,医疗器械,1041,364035528548.5,364035235804.75,300.25,0.937941235796,1212441394,1212440419,36.13894543,37.89205077,10.86561165,29.98361706,28.88080951,11.45240596,1.52886402,2023-07-13 00:00:00
300760,300760.SZ,迈瑞医疗,10091420,069001002002,016082,医疗器械,1041,365490458221.3,365490164307.55,301.45,0.399666944213,1212441394,1212440419,36.28338085,38.04349277,10.90903791,30.10345166,28.99623656,11.49817744,1.53497439,2023-07-14 00:00:00
300760,300760.SZ,迈瑞医疗,10091420,069001002002,016082,医疗器械,1041,363259566056.34,363259273936.59,299.61,-0.610383148117,1212441394,1212440419,36.0619132,37.8112817,10.84245098,29.91970527,28.81924842,11.4279945,1.52560516,2023-07-17 00:00:00
300760,300760.SZ,迈瑞医疗,10091420,069001002002,016082,医疗器械,1041,361186291272.6,361186000820.1,297.9,-0.570741964554,1212441394,1212440419,35.85609273,37.59547685,10.78056856,29.74894095,28.65476488,11.36277014,1.51689789,2023-07-18 00:00:00
300760,300760.SZ,迈瑞医疗,10091420,069001002002,016082,医疗器械,1041,360725563542.88,360725273460.88,297.52,-0.127559583753,1212441394,1212440419,35.81035485,37.54752022,10.76681691,29.71099333,28.61821298,11.34827584,1.51496295,2023-07-19 00:00:00
300760,300760.SZ,迈瑞医疗,10091420,069001002002,016082,医疗器械,1041,364750868970.96,364750575651.96,300.84,1.115891368647,1212441394,1212440419,36.20995951,37.96650976,10.8869629,30.04253574,28.93756115,11.47491027,1.53186829,2023-07-20 00:00:00
300760,300760.SZ,迈瑞医疗,10091420,069001002002,016082,医疗器械,1041,363623298474.54,363623006062.29,299.91,-0.309134423614,1212441394,1212440419,36.09802206,37.84914221,10.85330755,29.94966392,28.84810518,11.43943737,1.52713275,2023-07-21 00:00:00
300760,300760.SZ,迈瑞医疗,10091420,069001002002,016082,医疗器械,1041,360968051821.68,360967761544.68,297.72,-0.73021906572,1212441394,1212440419,35.83442742,37.57276055,10.77405462,29.73096576,28.63745082,11.35590442,1.51598134,2023-07-24 00:00:00
300760,300760.SZ,迈瑞医疗,10091420,069001002002,016082,医疗器械,1041,364326514483.06,364326221505.31,300.49,0.930404406825,1212441394,1212440419,36.16783251,37.92233917,10.8742969,30.00758398,28.90389492,11.46156026,1.5300861,2023-07-25 00:00:00
300760,300760.SZ,迈瑞医疗,10091420,069001002002,016082,医疗器械,1041,367854718939.6,367854423124.6,303.4,0.968418250191,1212441394,1212440419,36.5180884,38.28958603,10.97960558,30.2981829,29.18380552,11.5725561,1.54490373,2023-07-26 00:00:00
300760,300760.SZ,迈瑞医疗,10091420,069001002002,016082,医疗器械,1041,368824672054.8,368824375459.8,304.2,0.263678312459,1212441394,1212440419,36.61437868,38.39054736,11.00855642,30.37807264,29.26075688,11.60307042,1.54897731,2023-07-27 00:00:00
300760,300760.SZ,迈瑞医疗,10091420,069001002002,016082,医疗器械,1041,374474648950.84,374474347812.34,308.86,1.531886916502,1212441394,1212440419,37.17526956,38.97864713,11.17719505,30.84343036,29.70899859,11.78081634,1.57270589,2023-07-28 00:00:00
300760,300760.SZ,迈瑞医疗,10091420,069001002002,016082,医疗器械,1041,358882652624.0,358882364024.0,296.0,-4.163698763194,1212441394,1212440419,35.62740332,37.35569368,10.71181032,29.55920283,28.47200538,11.29029863,1.50722315,2023-07-31 00:00:00
300760,300760.SZ,迈瑞医疗,10091420,069001002002,016082,医疗器械,1041,357961197164.56,357960909305.56,295.24,-0.256756756757,1212441394,1212440419,35.53592755,37.25978042,10.68430702,29.48330758,28.39890158,11.26131003,1.50335325,2023-08-01 00:00:00
300760,300760.SZ,迈瑞医疗,10091420,069001002002,016082,医疗器械,1041,358931150279.76,358930861640.76,296.04,0.270965993768,1212441394,1212440419,35.63221783,37.36074175,10.71325786,29.56319731,28.47585295,11.29182435,1.50742683,2023-08-02 00:00:00
300760,300760.SZ,迈瑞医疗,10091420,069001002002,016082,医疗器械,1041,357124612602.7,357124325416.45,294.55,-0.503310363464,1212441394,1212440419,35.45287719,37.17270127,10.65933693,29.41440268,28.33253103,11.23499143,1.4998398,2023-08-03 00:00:00
300760,300760.SZ,迈瑞医疗,10091420,069001002002,016082,医疗器械,1041,346855233995.52,346854955067.52,286.08,-2.875572907825,1212441394,1212440419,34.43340386,36.10377314,10.35281992,28.56857008,27.51780844,10.91192106,1.45671081,2023-08-04 00:00:00
300760,300760.SZ,迈瑞医疗,10091420,069001002002,016082,医疗器械,1041,325916371121.14,325916109031.39,268.81,-6.036772930649,1212441394,1212440419,32.35473745,33.92427034,9.72784369,26.84395038,25.85662083,10.25319316,1.36877248,2023-08-07 00:00:00
300760,300760.SZ,迈瑞医疗,10091420,069001002002,016082,医疗器械,1041,327916899421.24,327916635722.74,270.46,0.613816450281,1212441394,1212440419,32.55333615,34.13250309,9.7875548,27.00872296,26.01533303,10.31612895,1.37717424,2023-08-08 00:00:00
300760,300760.SZ,迈瑞医疗,10091420,069001002002,016082,医疗器械,1041,328874728122.5,328874463653.75,271.25,0.292094949346,1212441394,1212440419,32.6484228,34.2322024,9.81614375,27.08761408,26.0913225,10.34626184,1.38119689,2023-08-09 00:00:00
300760,300760.SZ,迈瑞医疗,10091420,069001002002,016082,医疗器械,1041,327613789072.74,327613525617.99,270.21,-0.383410138249,1212441394,1212440419,32.52324544,34.10095267,9.77850766,26.98375742,25.99128572,10.30659322,1.37590124,2023-08-10 00:00:00
300760,300760.SZ,迈瑞医疗,10091420,069001002002,016082,医疗器械,1041,322873143222.2,322872883579.7,266.3,-1.447022686059,1212441394,1212440419,32.0526267,33.60750415,9.63701043,26.59329633,25.61518592,10.15745448,1.35599164,2023-08-11 00:00:00
300760,300760.SZ,迈瑞医疗,10091420,069001002002,016082,医疗器械,1041,326898448650.28,326898185770.78,269.62,1.246714232069,1212441394,1212440419,32.45223136,34.02649369,9.75715641,26.92483874,25.93453409,10.28408891,1.37289698,2023-08-14 00:00:00
300760,300760.SZ,迈瑞医疗,10091420,069001002002,016082,医疗器械,1041,324849422694.42,324849161462.67,267.93,-0.626808100289,1212441394,1212440419,32.24881815,33.81321287,9.69599777,26.75607167,25.77197433,10.21962741,1.36429155,2023-08-15 00:00:00
300760,300760.SZ,迈瑞医疗,10091420,069001002002,016082,医疗器械,1041,329480948819.5,329480683863.25,271.75,1.425745530549,1212441394,1212440419,32.70860423,34.29530324,9.83423802,27.13754516,26.1394171,10.36533329,1.38374288,2023-08-16 00:00:00
300760,300760.SZ,迈瑞医疗,10091420,069001002002,016082,医疗器械,1041,331602721259.0,331602454596.5,273.5,0.64397424103,1212441394,1212440419,32.91923921,34.51615616,9.89756798,27.31230396,26.30774822,10.43208336,1.39265382,2023-08-17 00:00:00
300760,300760.SZ,迈瑞医疗,10091420,069001002002,016082,医疗器械,1041,329541570889.2,329541305884.2,271.8,-0.621572212066,1212441394,1212440419,32.71462237,34.30161332,9.83604745,27.14253827,26.14422656,10.36724043,1.38399748,2023-08-18 00:00:00
300760,300760.SZ,迈瑞医疗,10091420,069001002002,016082,医疗器械,1041,327589540244.86,327589276809.61,270.19,-0.592347314202,1212441394,1212440419,32.52083818,34.09842864,9.77778389,26.98176018,25.98936194,10.30583036,1.3757994,2023-08-21 00:00:00
300760,300760.SZ,迈瑞医疗,10091420,069001002002,016082,医疗器械,1041,327056066031.5,327055803025.25,269.75,-0.162848365965,1212441394,1212440419,32.46787853,34.0428999,9.76186093,26.93782082,25.94703869,10.28904749,1.37355894,2023-08-22 00:00:00
300760,300760.SZ,迈瑞医疗,10091420,069001002002,016082,医疗器械,1041,323612732472.54,323612472235.29,266.91,-1.052826691381,1212441394,1212440419,32.12604804,33.68448717,9.65908545,26.65421225,25.67386134,10.18072165,1.35909774,2023-08-23 00:00:00
300760,300760.SZ,迈瑞医疗,10091420,069001002002,016082,医疗器械,1041,333421383350.0,333421115225.0,275.0,3.030984226893,1212441394,1212440419,33.09978349,34.70545866,9.9518508,27.46209722,26.45203203,10.48929772,1.40029178,2023-08-24 00:00:00
300760,300760.SZ,迈瑞医疗,10091420,069001002002,016082,医疗器械,1041,337046583118.06,337046312077.81,277.99,1.087272727273,1212441394,1212440419,33.45966841,35.08280165,10.06005456,27.76068511,26.73963776,10.60334499,1.41551677,2023-08-25 00:00:00
300760,300760.SZ,迈瑞医疗,10091420,069001002002,016082,医疗器械,1041,342429822907.42,342429547538.17,282.43,1.597179754667,1212441394,1212440419,33.99407946,35.64313705,10.22073172,28.20407316,27.16671784,10.77269947,1.43812512,2023-08-28 00:00:00
300760,300760.SZ,迈瑞医疗,10091420,069001002002,016082,医疗器械,1041,329299082610.4,329298817800.4,271.6,-3.834578479623,1212441394,1212440419,32.6905498,34.27637299,9.82880974,27.12256584,26.12498872,10.35961185,1.38297908,2023-08-29 00:00:00
300760,300760.SZ,迈瑞医疗,10091420,069001002002,016082,医疗器械,1041,326146734986.0,326146472711.0,269.0,-0.957290132548,1212441394,1212440419,30.30677428,33.94824865,9.73471951,26.86292419,25.99319459,9.73983997,1.36973996,2023-08-30 00:00:00
300760,300760.SZ,迈瑞医疗,10091420,069001002002,016082,医疗器械,1041,327359176380.0,327358913130.0,270.0,0.371747211896,1212441394,1212440419,30.41943887,34.07445032,9.77090806,26.96278636,26.08982357,9.77604756,1.37483193,2023-08-31 00:00:00
300760,300760.SZ,迈瑞医疗,10091420,069001002002,016082,医疗器械,1041,326510467404.2,326510204836.7,269.3,-0.259259259259,1212441394,1212440419,30.34057366,33.98610915,9.74557608,26.89288284,26.02218329,9.75070225,1.37126755,2023-09-01 00:00:00
300760,300760.SZ,迈瑞医疗,10091420,069001002002,016082,医疗器械,1041,325661758428.4,325661496543.4,268.6,-0.259933160045,1212441394,1212440419,30.26170845,33.89776798,9.7202441,26.82297932,25.954543,9.72535694,1.36770317,2023-09-04 00:00:00
300760,300760.SZ,迈瑞医疗,10091420,069001002002,016082,医疗器械,1041,324315948481.06,324315687678.31,267.49,-0.413253909159,1212441394,1212440419,30.13665076,33.75768413,9.68007481,26.71213231,25.84728484,9.68516652,1.36205108,2023-09-05 00:00:00
300760,300760.SZ,迈瑞医疗,10091420,069001002002,016082,医疗器械,1041,321296969410.0,321296711035.0,265.0,-0.930875920595,1212441394,1212440419,29.85611593,33.44344198,9.58996532,26.4634755,25.60667869,9.59500964,1.34937208,2023-09-06 00:00:00
300760,300760.SZ,迈瑞医疗,10091420,069001002002,016082,医疗器械,1041,312421898405.92,312421647167.92,257.68,-2.762264150943,1212441394,1212440419,29.03141114,32.51964577,9.32506515,25.73248441,24.89935458,9.32997013,1.31209886,2023-09-07 00:00:00
300760,300760.SZ,迈瑞医疗,10091420,069001002002,016082,医疗器械,1041,314931652091.5,314931398835.25,259.75,0.803321949705,1212441394,1212440419,29.26462684,32.78088322,9.39997544,25.9391991,25.09937656,9.40491983,1.32263924,2023-09-08 00:00:00
300760,300760.SZ,迈瑞医疗,10091420,069001002002,016082,医疗器械,1041,327250056654.54,327249793492.29,269.91,3.9114533205,1212441394,1212440419,30.40929906,34.06309217,9.76765109,26.95379877,26.08112696,9.77278888,1.37437365,2023-09-11 00:00:00
300760,300760.SZ,迈瑞医疗,10091420,069001002002,016082,医疗器械,1041,323830971923.46,323830711510.71,267.09,-1.044792708681,1212441394,1212440419,30.09158492,33.70720347,9.66559939,26.67218744,25.80863325,9.67068349,1.3600143,2023-09-12 00:00:00
300760,300760.SZ,迈瑞医疗,10091420,069001002002,016082,医疗器械,1041,323212626812.52,323212366897.02,266.58,-0.190946871841,1212441394,1212440419,30.03412598,33.64284062,9.64714323,26.62125774,25.75935247,9.65221762,1.35741739,2023-09-13 00:00:00
300760,300760.SZ,迈瑞医疗,10091420,069001002002,016082,医疗器械,1041,326267979125.4,326267716752.9,269.1,0.945307224848,1212441394,1212440419,30.31804074,33.96086882,9.73833837,26.87291041,26.00285749,9.74346073,1.37024916,2023-09-14 00:00:00
300760,300760.SZ,迈瑞医疗,10091420,069001002002,016082,医疗器械,1041,336076630002.86,336076359742.61,277.19,3.006317354143,1212441394,1212440419,31.22949726,34.98184031,10.03110373,27.68079538,26.78458591,10.03638008,1.41144319,2023-09-15 00:00:00
300760,300760.SZ,迈瑞医疗,10091420,069001002002,016082,医疗器械,1041,337058707532.0,337058436482.0,278.0,0.292218333995,1212441394,1212440419,31.32075558,35.08406366,10.06041645,27.76168374,26.86285538,10.06570823,1.41556769,2023-09-18 00:00:00
300760,300760.SZ,迈瑞医疗,10091420,069001002002,016082,医疗器械,1041,338101407130.84,338101135242.34,278.86,0.309352517986,1212441394,1212440419,31.41764713,35.1925971,10.0915386,27.8475652,26.9459563,10.09684675,1.41994678,2023-09-19 00:00:00
300760,300760.SZ,迈瑞医疗,10091420,069001002002,016082,医疗器械,1041,334779317711.28,334779048494.28,276.12,-0.982571899878,1212441394,1212440419,31.10894615,34.84680453,9.99238198,27.57394285,26.6811929,9.99763797,1.40599479,2023-09-20 00:00:00
300760,300760.SZ,迈瑞医疗,10091420,069001002002,016082,医疗器械,1041,331226864426.86,331226598066.61,273.19,-1.061132840794,1212441394,1212440419,30.77883891,34.47703364,9.88634953,27.28134669,26.39807,9.89154975,1.39107531,2023-09-21 00:00:00
300760,300760.SZ,迈瑞医疗,10091420,069001002002,016082,医疗器械,1041,331251113254.74,331250846874.99,273.21,0.007320912186,1212441394,1212440419,30.7810922,34.47955767,9.8870733,27.28334393,26.40000258,9.8922739,1.39117715,2023-09-22 00:00:00
300760,300760.SZ,迈瑞医疗,10091420,069001002002,016082,医疗器械,1041,334997557162.2,334997287769.7,276.3,1.130998133304,1212441394,1212440419,31.12922578,34.86952083,9.99889592,27.59191804,26.69858612,10.00415533,1.40691134,2023-09-25 00:00:00
300760,300760.SZ,迈瑞医疗,10091420,069001002002,016082,医疗器械,1041,330232662483.78,330232396923.03,272.37,-1.4223669924,1212441394,1212440419,30.68645395,34.37354827,9.85667492,27.19945971,26.31883424,9.86185953,1.3868999,2023-09-26 00:00:00
300760,300760.SZ,迈瑞医疗,10091420,069001002002,016082,医疗器械,1041,328183636527.92,328183372614.92,270.68,-0.620479494805,1212441394,1212440419,30.49605079,34.16026745,9.79551628,27.03069264,26.15553127,9.80066872,1.37829447,2023-09-27 00:00:00
300760,300760.SZ,迈瑞医疗,10091420,069001002002,016082,医疗器械,1041,327128812515.14,327128549450.39,269.81,-0.321412738289,1212441394,1212440419,30.3980326,34.050472,9.76403224,26.94381255,26.07146406,9.76916812,1.37386445,2023-09-28 00:00:00
300760,300760.SZ,迈瑞医疗,10091420,069001002002,016082,医疗器械,1041,329965925377.1,329965660030.85,272.15,0.867276972684,1212441394,1212440419,30.66166774,34.34578391,8.96126342,27.17749003,26.29757587,9.85389386,1.38577966,2023-10-09 00:00:00
300760,300760.SZ,迈瑞医疗,10091420,069001002002,016082,医疗器械,1041,329274833782.52,329274568992.02,271.58,-0.209443321698,1212441394,1212440419,30.59744892,34.27384896,8.94249465,27.12056859,26.24249735,9.83325554,1.38287724,2023-10-10 00:00:00
300760,300760.SZ,迈瑞医疗,10091420,069001002002,016082,医疗器械,1041,329420326749.8,329420061842.3,271.7,0.044185875249,1212441394,1212440419,30.61096867,34.28899316,8.94644597,27.13255205,26.25409283,9.83760045,1.38348828,2023-10-11 00:00:00
300760,300760.SZ,迈瑞医疗,10091420,069001002002,016082,医疗器械,1041,331808836295.98,331808569467.73,273.67,0.725064409275,1212441394,1212440419,30.83291791,34.53761044,9.01131347,27.32928053,26.44445191,9.90892939,1.39351946,2023-10-12 00:00:00
300760,300760.SZ,迈瑞医疗,10091420,069001002002,016082,医疗器械,1041,328826230466.74,328825966036.99,271.21,-0.898892827128,1212441394,1212440419,30.55576302,34.22715434,8.93031142,27.08361959,26.20674463,9.81985873,1.38099321,2023-10-13 00:00:00
300760,300760.SZ,迈瑞医疗,10091420,069001002002,016082,医疗器械,1041,324813049452.6,324812788250.1,267.9,-1.220456472844,1212441394,1212440419,30.18284324,33.80942682,8.82132085,26.7530758,25.88690272,9.70001163,1.36413879,2023-10-16 00:00:00
300760,300760.SZ,迈瑞医疗,10091420,069001002002,016082,医疗器械,1041,323576359230.72,323576099022.72,266.88,-0.380739081747,1212441394,1212440419,30.06792536,33.68070112,8.78773464,26.65121639,25.78834116,9.6630799,1.35894498,2023-10-17 00:00:00
300760,300760.SZ,迈瑞医疗,10091420,069001002002,016082,医疗器械,1041,320727121954.82,320726864038.07,264.53,-0.880545563549,1212441394,1212440419,29.80316357,33.3841272,8.71035463,26.41654028,25.56126307,9.57799208,1.34697885,2023-10-18 00:00:00
300760,300760.SZ,迈瑞医疗,10091420,069001002002,016082,医疗器械,1041,315562121616.38,315561867853.13,260.27,-1.610403356897,1212441394,1212440419,29.32321243,32.84650809,8.57008279,25.99112743,25.14962363,9.42374777,1.32528706,2023-10-19 00:00:00
300760,300760.SZ,迈瑞医疗,10091420,069001002002,016082,医疗器械,1041,312082414815.6,312082163850.6,257.4,-1.102701041226,1212441394,1212440419,28.99986506,32.4843093,8.4755804,25.704523,24.87229847,9.31983201,1.31067311,2023-10-20 00:00:00
300760,300760.SZ,迈瑞医疗,10091420,069001002002,016082,医疗器械,1041,314276933738.74,314276681008.99,259.21,0.703185703186,1212441394,1212440419,29.20378796,32.71273432,8.53517947,25.88527353,25.04719692,9.38536773,1.31988957,2023-10-23 00:00:00
300760,300760.SZ,迈瑞医疗,10091420,069001002002,016082,医疗器械,1041,315234762440.0,315234508940.0,260.0,0.304772192431,1212441394,1212440419,29.29279299,32.81243364,8.56119232,25.96416465,25.12353381,9.41397172,1.32391223,2023-10-24 00:00:00
300760,300760.SZ,迈瑞医疗,10091420,069001002002,016082,医疗器械,1041,312446147233.8,312445895976.3,257.7,-0.884615384615,1212441394,1212440419,29.03366443,32.52216981,8.48545869,25.73448165,24.90128716,9.33069428,1.3122007,2023-10-25 00:00:00
300760,300760.SZ,迈瑞医疗,10091420,069001002002,016082,医疗器械,1041,311354949979.2,311354699599.2,256.8,-0.34924330617,1212441394,1212440419,28.93226631,32.4085883,8.4558238,25.6446057,24.81432108,9.29810746,1.30761792,2023-10-26 00:00:00
300760,300760.SZ,迈瑞医疗,10091420,069001002002,016082,医疗器械,1041,322327544594.9,322327285391.15,265.85,3.524143302181,1212441394,1212440419,29.95188083,33.5507134,8.75381915,26.54835835,25.68881332,9.62578609,1.35370025,2023-10-27 00:00:00
300760,300760.SZ,迈瑞医疗,10091420,069001002002,016082,医疗器械,1041,343217909813.52,343217633810.52,283.08,6.481098363739,1212441394,1212440419,30.26841453,35.72516814,9.32116278,28.26898357,26.05999383,9.98492445,1.4414349,2023-10-30 00:00:00
300760,300760.SZ,迈瑞医疗,10091420,069001002002,016082,医疗器械,1041,346782487511.88,346782208642.38,286.02,1.038575667656,1212441394,1212440419,30.58277491,36.09620104,9.4179701,28.56257835,26.33064659,10.08862544,1.45640529,2023-10-31 00:00:00
300760,300760.SZ,迈瑞医疗,10091420,069001002002,016082,医疗器械,1041,342878426223.2,342878150493.2,282.8,-1.125795398923,1212441394,1212440419,30.23847544,35.68983167,9.31194303,28.24102216,26.03421738,9.97504816,1.44000915,2023-11-01 00:00:00
300760,300760.SZ,迈瑞医疗,10091420,069001002002,016082,医疗器械,1041,343605891059.6,343605614744.6,283.4,0.21216407355,1212441394,1212440419,30.30263062,35.76555267,9.33169963,28.30093946,26.08945264,9.99621163,1.44306433,2023-11-02 00:00:00
300760,300760.SZ,迈瑞医疗,10091420,069001002002,016082,医疗器械,1041,342696560014.1,342696284430.35,282.65,-0.264643613267,1212441394,1212440419,30.22243665,35.67090142,9.30700388,28.22604284,26.02040857,9.96975729,1.43924535,2023-11-03 00:00:00
300760,300760.SZ,迈瑞医疗,10091420,069001002002,016082,医疗器械,1041,345812534396.68,345812256307.18,285.22,0.909251724748,1212441394,1212440419,30.49723467,35.9952397,9.39162797,28.48268862,26.25699958,10.06040748,1.45233171,2023-11-06 00:00:00
300760,300760.SZ,迈瑞医疗,10091420,069001002002,016082,医疗器械,1041,342635937944.4,342635662409.4,282.6,-0.918589159245,1212441394,1212440419,30.21709038,35.66459133,9.3053575,28.22104973,26.01580563,9.96799367,1.43899075,2023-11-07 00:00:00
300760,300760.SZ,迈瑞医疗,10091420,069001002002,016082,医疗器械,1041,347606947659.8,347606668127.3,286.7,1.450813871196,1212441394,1212440419,30.65548412,36.18201817,9.44036091,28.63048463,26.39324655,10.11261071,1.45986783,2023-11-08 00:00:00
300760,300760.SZ,迈瑞医疗,10091420,069001002002,016082,医疗器械,1041,344333355896.0,344333078996.0,284.0,-0.941750959191,1212441394,1212440419,30.3667858,35.84127367,9.35145623,28.36085677,26.14468789,10.0173751,1.44611951,2023-11-09 00:00:00
300760,300760.SZ,迈瑞医疗,10091420,069001002002,016082,医疗器械,1041,345800409982.74,345800131902.99,285.21,0.426056338028,1212441394,1212440419,30.49616542,35.99397769,9.3912987,28.48168999,26.25607899,10.06005476,1.45228079,2023-11-10 00:00:00
300760,300760.SZ,迈瑞医疗,10091420,069001002002,016082,医疗器械,1041,342866301809.26,342866026089.01,282.79,-0.848497598261,1212441394,1212440419,30.23740619,35.68856965,9.31161375,28.24002354,26.03329679,9.97469544,1.43995823,2023-11-13 00:00:00
300760,300760.SZ,迈瑞医疗,10091420,069001002002,016082,医疗器械,1041,347328086139.18,347327806830.93,286.47,1.301318999965,1212441394,1212440419,30.6308913,36.15299179,9.43278755,28.60751633,26.37207303,10.10449804,1.45869668,2023-11-14 00:00:00
300760,300760.SZ,迈瑞医疗,10091420,069001002002,016082,医疗器械,1041,352759823584.3,352759539908.05,290.95,1.563863580829,1212441394,1212440419,31.10991665,36.71837526,9.58030348,29.05489886,26.78449628,10.26251861,1.4815087,2023-11-15 00:00:00
300760,300760.SZ,迈瑞医疗,10091420,069001002002,016082,医疗器械,1041,349280116783.52,349279835905.52,288.08,-0.986423784155,1212441394,1212440419,30.80304104,36.35617647,9.48580109,28.76829443,26.52028763,10.16128668,1.46689475,2023-11-16 00:00:00
300760,300760.SZ,迈瑞医疗,10091420,069001002002,016082,医疗器械,1041,346152017987.0,346151739624.5,285.5,-0.895584559844,1212441394,1212440419,30.52717376,36.03057617,9.40084772,28.51065002,26.28277603,10.07028377,1.45375747,2023-11-17 00:00:00
300760,300760.SZ,迈瑞医疗,10091420,069001002002,016082,医疗器械,1041,348576900775.0,348576620462.5,287.5,0.700525394046,1212441394,1212440419,30.74102436,36.28297951,9.46670305,28.71037437,26.46689355,10.14082866,1.46394141,2023-11-20 00:00:00
300760,300760.SZ,迈瑞医疗,10091420,069001002002,016082,医疗器械,1041,348213168356.8,348212888336.8,287.2,-0.104347826087,1212441394,1212440419,30.70894677,36.24511901,9.45682475,28.68041572,26.43927593,10.13024693,1.46241381,2023-11-21 00:00:00
300760,300760.SZ,迈瑞医疗,10091420,069001002002,016082,医疗器械,1041,342987545948.66,342987270130.91,282.89,-0.003534817957,1212441394,1212440419,30.24809872,35.70118982,9.31490652,28.25000976,26.04250267,9.97822268,1.44046742,2023-11-22 00:00:00
300760,300760.SZ,迈瑞医疗,10091420,069001002002,016082,医疗器械,1041,342308578768.02,342308303496.27,282.33,-0.197956802998,1212441394,1212440419,30.18822055,35.63051688,9.29646703,28.19408694,25.99094976,9.95847011,1.43761592,2023-11-23 00:00:00
300760,300760.SZ,迈瑞医疗,10091420,069001002002,016082,医疗器械,1041,343363402780.8,343363126660.8,283.2,0.308150037191,1212441394,1212440419,30.28124556,35.74031234,9.3251141,28.28096703,26.07104088,9.98915714,1.44204593,2023-11-24 00:00:00
300760,300760.SZ,迈瑞医疗,10091420,069001002002,016082,医疗器械,1041,341023390890.38,341023116652.13,281.27,-0.681497175141,1212441394,1212440419,30.07487973,35.49674312,9.26156371,28.08823304,25.89336748,9.92108132,1.43221843,2023-11-27 00:00:00
300760,300760.SZ,迈瑞医疗,10091420,069001002002,016082,医疗器械,1041,345036571904.52,345036294439.02,284.58,1.176805204963,1212441394,1212440419,30.42880248,35.91447064,9.37055427,28.41877683,26.19808197,10.03783312,1.44907285,2023-11-28 00:00:00
300760,300760.SZ,迈瑞医疗,10091420,069001002002,016082,医疗器械,1041,347097722274.32,347097443151.32,286.28,0.597371565114,1212441394,1212440419,30.61057549,36.12901347,9.4265313,28.58854252,26.35458187,10.09779628,1.4577292,2023-11-29 00:00:00
300760,300760.SZ,迈瑞医疗,10091420,069001002002,016082,医疗器械,1041,352662828272.78,352662544674.53,290.87,1.603325415677,1212441394,1212440419,31.10136263,36.70827913,9.57766927,29.04690989,26.77713158,10.25969681,1.48110135,2023-11-30 00:00:00
300760,300760.SZ,迈瑞医疗,10091420,069001002002,016082,医疗器械,1041,351729248399.4,351728965551.9,290.1,-0.264723072163,1212441394,1212440419,31.01903015,36.61110384,9.55231497,28.97001601,26.70624633,10.23253703,1.47718053,2023-12-01 00:00:00
300760,300760.SZ,迈瑞医疗,10091420,069001002002,016082,医疗器械,1041,355305950511.7,355305664787.95,293.05,1.016890727335,1212441394,1212440419,31.33445979,36.98339876,9.64945157,29.26460942,26.97781967,10.33659075,1.49220184,2023-12-04 00:00:00
300760,300760.SZ,迈瑞医疗,10091420,069001002002,016082,医疗器械,1041,350201572242.96,350201290623.96,288.84,-1.436614912131,1212441394,1212440419,30.88430427,36.45208974,9.51082611,28.84418968,26.59025229,10.18809374,1.47076465,2023-12-05 00:00:00
300760,300760.SZ,迈瑞医疗,10091420,069001002002,016082,医疗器械,1041,341726606898.9,341726332095.15,281.85,-2.420024927295,1212441394,1212440419,30.1368964,35.56994008,9.28066175,28.1461531,25.94676156,9.94153934,1.43517177,2023-12-06 00:00:00
300760,300760.SZ,迈瑞医疗,10091420,069001002002,016082,医疗器械,1041,343120914502.0,343120638577.0,283.0,0.40801844953,1212441394,1212440419,30.2598605,35.715072,9.31852856,28.2609946,26.05262913,9.98210265,1.44102754,2023-12-07 00:00:00
300760,300760.SZ,迈瑞医疗,10091420,069001002002,016082,医疗器械,1041,358882652624.0,358882364024.0,296.0,4.593639575972,1212441394,1212440419,31.64988943,37.35569368,9.74658818,29.55920283,27.24939302,10.44064447,1.50722315,2023-12-08 00:00:00
300760,300760.SZ,迈瑞医疗,10091420,069001002002,016082,医疗器械,1041,361113544788.96,361113254394.96,297.84,0.621621621622,1212441394,1212440419,31.84663199,37.58790475,9.80717508,29.74294922,27.41878113,10.50554577,1.51659238,2023-12-11 00:00:00
300760,300760.SZ,迈瑞医疗,10091420,069001002002,016082,医疗器械,1041,361052922719.26,361052632374.01,297.79,-0.016787536933,1212441394,1212440419,31.84128572,37.58159467,9.80552869,29.73795611,27.4141782,10.50378215,1.51633778,2023-12-12 00:00:00
300760,300760.SZ,迈瑞医疗,10091420,069001002002,016082,医疗器械,1041,361174166858.66,361173876415.91,297.89,0.033580711239,1212441394,1212440419,31.85197825,37.59421484,9.80882146,29.74794233,27.42338407,10.50730939,1.51684698,2023-12-13 00:00:00
300760,300760.SZ,迈瑞医疗,10091420,069001002002,016082,医疗器械,1041,357670211230.0,357669923605.0,295.0,-0.970156769277,1212441394,1212440419,31.54296413,37.22949202,9.71366052,29.45934066,27.15733425,10.40537202,1.50213118,2023-12-14 00:00:00
300760,300760.SZ,迈瑞医疗,10091420,069001002002,016082,医疗器械,1041,355245328442.0,355245042767.0,293.0,-0.677966101695,1212441394,1212440419,31.32911352,36.97708868,9.64780519,29.25961631,26.97321673,10.33482712,1.49194724,2023-12-15 00:00:00
300760,300760.SZ,迈瑞医疗,10091420,069001002002,016082,医疗器械,1041,352784072412.18,352783788716.43,290.97,-0.692832764505,1212441394,1212440419,31.11205516,36.72089929,9.58096203,29.0568961,26.78633745,10.26322406,1.48161054,2023-12-18 00:00:00
300760,300760.SZ,迈瑞医疗,10091420,069001002002,016082,医疗器械,1041,350492558177.52,350492276324.52,289.08,-0.649551500155,1212441394,1212440419,30.90996634,36.48237814,9.51872875,28.8681566,26.61234639,10.19655913,1.47198672,2023-12-19 00:00:00
300760,300760.SZ,迈瑞医疗,10091420,069001002002,016082,医疗器械,1041,352032358747.9,352032075656.65,290.35,0.439324754393,1212441394,1212440419,31.04576147,36.64265426,9.56054688,28.99498156,26.72926102,10.24135514,1.47845352,2023-12-20 00:00:00
300760,300760.SZ,迈瑞医疗,10091420,069001002002,016082,医疗器械,1041,351983861092.14,351983578039.89,290.31,-0.013776476666,1212441394,1212440419,31.04148446,36.63760619,9.55922978,28.99098707,26.72557867,10.23994424,1.47824984,2023-12-21 00:00:00
300760,300760.SZ,迈瑞医疗,10091420,069001002002,016082,医疗器械,1041,350177323415.08,350177041815.58,288.82,-0.513244462816,1212441394,1212440419,30.88216576,36.44956571,9.51016756,28.84219243,26.58841112,10.18738829,1.47066281,2023-12-22 00:00:00
300760,300760.SZ,迈瑞医疗,10091420,069001002002,016082,医疗器械,1041,348079799803.46,348079519890.71,287.09,-0.598988989682,1212441394,1212440419,30.69718499,36.23123682,9.4532027,28.66943088,26.42914946,10.12636696,1.4618537,2023-12-25 00:00:00
300760,300760.SZ,迈瑞医疗,10091420,069001002002,016082,医疗器械,1041,343157287743.82,343157011789.57,283.03,-1.414190671915,1212441394,1212440419,30.26306826,35.71885805,9.31951639,28.26399046,26.0553909,9.98316082,1.4411803,2023-12-26 00:00:00
300760,300760.SZ,迈瑞医疗,10091420,069001002002,016082,医疗器械,1041,346746114270.06,346745835429.81,285.99,1.045825530862,1212441394,1212440419,30.57956716,36.09241499,9.41698227,28.55958249,26.32788483,10.08756727,1.45625253,2023-12-27 00:00:00
300760,300760.SZ,迈瑞医疗,10091420,069001002002,016082,医疗器械,1041,352226349370.94,352226066123.69,290.51,1.580474841778,1212441394,1212440419,31.06286952,36.66284653,9.56581531,29.0109595,26.74399042,10.24699873,1.47926824,2023-12-28 00:00:00
300760,300760.SZ,迈瑞医疗,10091420,069001002002,016082,医疗器械,1041,352335469096.4,352335185761.4,290.6,0.030980000688,1212441394,1212440419,31.0724928,36.67420468,9.5687788,29.0199471,26.75227571,10.25017325,1.47972651,2023-12-29 00:00:00
300760,300760.SZ,迈瑞医疗,10091420,069001002002,016082,医疗器械,1041,355815175897.18,355814889763.93,293.47,0.987611837577,1212441394,1212440419,31.37936842,30.72079351,10.75445021,32.16546396,27.01648435,10.35140518,40.94369811,2024-01-02 00:00:00
300760,300760.SZ,迈瑞医疗,10091420,069001002002,016082,医疗器械,1041,351365515981.2,351365233426.2,289.8,-1.25055371929,1212441394,1212440419,30.98695256,30.33661348,10.61996003,31.76321755,26.6786287,10.22195529,40.43167517,2024-01-03 00:00:00
300760,300760.SZ,迈瑞医疗,10091420,069001002002,016082,医疗器械,1041,346527874819.14,346527596154.39,285.81,-1.376811594203,1212441394,1212440419,30.5603206,29.91893547,10.47374319,31.32589789,26.31131425,10.08121823,39.87500718,2024-01-04 00:00:00
300760,300760.SZ,迈瑞医疗,10091420,069001002002,016082,医疗器械,1041,343957499063.86,343957222466.11,283.69,-0.741751513243,1212441394,1212440419,30.33363896,29.69701131,10.39605404,31.09353757,26.11614968,10.00644064,39.57923371,2024-01-05 00:00:00
300760,300760.SZ,迈瑞医疗,10091420,069001002002,016082,医疗器械,1041,338392393065.4,338392120942.9,279.1,-1.617963269766,1212441394,1212440419,29.84285182,29.21652458,10.2278497,30.59045555,25.69359997,9.8445401,38.93885624,2024-01-08 00:00:00
300760,300760.SZ,迈瑞医疗,10091420,069001002002,016082,医疗器械,1041,341617487173.44,341617212457.44,281.76,0.95306341813,1212441394,1212440419,30.12727313,29.49497658,10.3253276,30.88200199,25.93847627,9.93836481,39.30996824,2024-01-09 00:00:00
300760,300760.SZ,迈瑞医疗,10091420,069001002002,016082,医疗器械,1041,336537357732.58,336537087101.83,277.57,-1.487081203861,1212441394,1212440419,29.67925611,29.05636233,10.17178159,30.42276154,25.55275006,9.79057326,38.72539709,2024-01-10 00:00:00
300760,300760.SZ,迈瑞医疗,10091420,069001002002,016082,医疗器械,1041,339726078598.8,339725805403.8,280.2,0.947508736535,1212441394,1212440419,29.96046966,29.3316739,10.26816011,30.71101987,25.7948646,9.8833398,39.09232361,2024-01-11 00:00:00
300760,300760.SZ,迈瑞医疗,10091420,069001002002,016082,医疗器械,1041,335846266138.0,335845996063.0,277.0,-1.142041399001,1212441394,1212440419,29.61830869,28.99669404,10.15089347,30.36028731,25.50027657,9.77046796,38.64587309,2024-01-12 00:00:00
300760,300760.SZ,迈瑞医疗,10091420,069001002002,016082,医疗器械,1041,337664928229.0,337664656691.5,278.5,0.541516245487,1212441394,1212440419,29.77869664,29.15371585,10.20586221,30.52469319,25.63836471,9.82337664,38.85514677,2024-01-15 00:00:00
300760,300760.SZ,迈瑞医疗,10091420,069001002002,016082,医疗器械,1041,333797240182.14,333796971754.89,275.31,-1.145421903052,1212441394,1212440419,29.43760493,28.81978281,10.08896203,30.17505667,25.34469727,9.71085753,38.41009141,2024-01-16 00:00:00
300760,300760.SZ,迈瑞医疗,10091420,069001002002,016082,医疗器械,1041,326752955683.0,326752692920.5,269.5,-2.110348334605,1212441394,1212440419,28.81636892,28.211585,9.87604978,29.53825787,24.80983587,9.50592461,37.59950469,2024-01-17 00:00:00
300760,300760.SZ,迈瑞医疗,10091420,069001002002,016082,医疗器械,1041,330972251734.12,330971985578.62,272.98,1.291280148423,1212441394,1212440419,29.18846897,28.5758756,10.00357725,29.91967953,25.13020036,9.62867273,38.08501963,2024-01-18 00:00:00
300760,300760.SZ,迈瑞医疗,10091420,069001002002,016082,医疗器械,1041,335373413994.34,335373144299.59,276.61,1.329767748553,1212441394,1212440419,29.57660782,28.95586837,10.1366016,30.31754177,25.46437366,9.75671171,38.59146193,2024-01-19 00:00:00
300760,300760.SZ,迈瑞医疗,10091420,069001002002,016082,医疗器械,1041,333251641554.84,333251373566.34,274.86,-0.632659701385,1212441394,1212440419,29.38948854,28.77267626,10.07247141,30.12573491,25.30327082,9.69498493,38.34730931,2024-01-22 00:00:00
300760,300760.SZ,迈瑞医疗,10091420,069001002002,016082,医疗器械,1041,334027604047.0,334027335434.5,275.5,0.232845812414,1212441394,1212440419,29.45792074,28.83967224,10.09592473,30.19588142,25.36218843,9.71755929,38.43659941,2024-01-23 00:00:00
300760,300760.SZ,迈瑞医疗,10091420,069001002002,016082,医疗器械,1041,343120914502.0,343120638577.0,283.0,2.722323049002,1212441394,1212440419,30.2598605,29.62478128,10.37076842,31.01791086,26.05262913,9.98210265,39.48296781,2024-01-24 00:00:00
300760,300760.SZ,迈瑞医疗,10091420,069001002002,016082,医疗器械,1041,344151489686.9,344151212933.15,283.85,0.30035335689,1212441394,1212440419,30.35074701,29.7137603,10.40191737,31.11107419,26.13087908,10.01208423,39.60155623,2024-01-25 00:00:00
300760,300760.SZ,迈瑞医疗,10091420,069001002002,016082,医疗器械,1041,344721337142.08,344721059930.08,284.32,0.16558041219,1212441394,1212440419,30.4010019,29.76296047,10.41914091,31.16258804,26.1741467,10.02866228,39.66712865,2024-01-26 00:00:00
300760,300760.SZ,迈瑞医疗,10091420,069001002002,016082,医疗器械,1041,326146734986.0,326146472711.0,269.0,-5.38829487901,1212441394,1212440419,28.76290627,28.1592444,9.85772687,29.4834559,24.76380649,9.48828838,37.52974679,2024-01-29 00:00:00
300760,300760.SZ,迈瑞医疗,10091420,069001002002,016082,医疗器械,1041,324655432071.38,324655170995.63,267.77,-0.457249070632,1212441394,1212440419,28.63138815,28.03048651,9.81265251,29.34864308,24.65057422,9.44490327,37.35814237,2024-01-30 00:00:00
300760,300760.SZ,迈瑞医疗,10091420,069001002002,016082,医疗器械,1041,325334399252.02,325334137630.27,268.33,0.209134705157,1212441394,1212440419,28.69126632,28.08910799,9.83317417,29.41002127,24.70212712,9.46465584,37.43627121,2024-01-31 00:00:00
300760,300760.SZ,迈瑞医疗,10091420,069001002002,016082,医疗器械,1041,331226864426.86,331226598066.61,273.19,1.811202623635,1212441394,1212440419,29.21092329,28.59785865,10.01127288,29.94269635,25.1495327,9.63607994,38.11431794,2024-02-01 00:00:00
300760,300760.SZ,迈瑞医疗,10091420,069001002002,016082,医疗器械,1041,324243201997.42,324242941253.17,267.43,-2.10842270947,1212441394,1212440419,28.59503355,27.9948949,9.80019293,29.31137774,24.61927424,9.43291064,37.31070701,2024-02-02 00:00:00
300760,300760.SZ,迈瑞医疗,10091420,069001002002,016082,医疗器械,1041,344745585969.96,344745308738.46,284.34,6.323149983173,1212441394,1212440419,30.40314041,29.7650541,10.41987382,31.16478012,26.17598787,10.02936773,39.66991897,2024-02-05 00:00:00
300760,300760.SZ,迈瑞医疗,10091420,069001002002,016082,医疗器械,1041,354639107745.0,354638822557.5,292.5,2.869803756067,1212441394,1212440419,31.27565087,30.61925274,10.71890376,32.05914815,26.92718735,10.3171909,40.80836779,2024-02-06 00:00:00
300760,300760.SZ,迈瑞医疗,10091420,069001002002,016082,医疗器械,1041,364944859594.0,364944566119.0,301.0,2.905982905983,1212441394,1212440419,32.18451594,31.50904299,11.03039327,32.99078151,27.70968682,10.61700671,41.99425199,2024-02-07 00:00:00
300760,300760.SZ,迈瑞医疗,10091420,069001002002,016082,医疗器械,1041,360555821747.72,360555531802.22,297.38,-1.202657807309,1212441394,1212440419,31.79744635,31.13009702,10.89773538,32.5940153,27.3764341,10.48932045,41.48920484,2024-02-08 00:00:00
300760,300760.SZ,迈瑞医疗,10091420,069001002002,016082,医疗器械,1041,361889507281.12,361889216263.12,298.48,0.369897101352,1212441394,1212440419,31.91506418,31.24524635,10.93804579,32.71457962,27.47769874,10.52812014,41.6426722,2024-02-19 00:00:00
300760,300760.SZ,迈瑞医疗,10091420,069001002002,016082,医疗器械,1041,363841537925.46,363841245337.71,300.09,0.539399624765,1212441394,1212440419,32.08721392,31.41378309,10.99704557,32.89104194,27.62591334,10.58490878,41.86729262,2024-02-20 00:00:00
300760,300760.SZ,迈瑞医疗,10091420,069001002002,016082,医疗器械,1041,365369214081.9,365368920265.65,301.35,0.419874037789,1212441394,1212440419,32.2219398,31.54568141,11.0432193,33.02914289,27.74190738,10.62935206,42.04308251,2024-02-21 00:00:00
300760,300760.SZ,迈瑞医疗,10091420,069001002002,016082,医疗器械,1041,357706584471.82,357706296817.57,295.03,-2.097229135557,1212441394,1212440419,31.54617189,30.88409619,10.81161769,32.33644608,27.16009602,10.40643019,41.16134274,2024-02-22 00:00:00
300760,300760.SZ,迈瑞医疗,10091420,069001002002,016082,医疗器械,1041,351862616952.74,351862333997.99,290.21,-1.633732162831,1212441394,1212440419,31.03079193,30.37953277,10.63498482,31.80815516,26.71637279,10.236417,40.48887664,2024-02-23 00:00:00
300760,300760.SZ,迈瑞医疗,10091420,069001002002,016082,医疗器械,1041,351753497227.28,351753214360.28,290.12,-0.031012025774,1212441394,1212440419,31.02116865,30.37011147,10.63168669,31.79829081,26.70808751,10.23324248,40.47632022,2024-02-26 00:00:00
300760,300760.SZ,迈瑞医疗,10091420,069001002002,016082,医疗器械,1041,354032887048.0,354032602348.0,292.0,0.648007720943,1212441394,1212440419,31.22218822,30.56691213,10.70058084,32.00434618,26.88115797,10.29955468,40.7386099,2024-02-27 00:00:00
300760,300760.SZ,迈瑞医疗,10091420,069001002002,016082,医疗器械,1041,349183121472.0,349182840672.0,288.0,-1.369863013699,1212441394,1212440419,30.79448701,30.14818731,10.55399754,31.56593048,26.51292293,10.15846489,40.18054675,2024-02-28 00:00:00
300760,300760.SZ,迈瑞医疗,10091420,069001002002,016082,医疗器械,1041,350613802316.92,350613520366.42,289.18,0.409722222222,1212441394,1212440419,30.92065887,30.27171113,10.59723962,31.69526312,26.62155227,10.20008638,40.34517538,2024-02-29 00:00:00
300760,300760.SZ,迈瑞医疗,10091420,069001002002,016082,医疗器械,1041,351814119296.98,351813836381.23,290.17,0.342347326924,1212441394,1212440419,31.02651492,30.37534553,10.63351898,31.803771,26.71269044,10.2350061,40.48329601,2024-03-01 00:00:00
300760,300760.SZ,迈瑞医疗,10091420,069001002002,016082,医疗器械,1041,353075058346.74,353074774416.99,291.21,0.358410586897,1212441394,1212440419,31.13771723,30.48421398,10.67163064,31.91775908,26.80843155,10.27168944,40.62839243,2024-03-04 00:00:00
300760,300760.SZ,迈瑞医疗,10091420,069001002002,016082,医疗器械,1041,361210540100.48,361210249628.48,297.92,2.304179114728,1212441394,1212440419,31.85518601,31.18662487,10.91752413,32.65320142,27.42614583,10.50836757,41.56454336,2024-03-05 00:00:00
300760,300760.SZ,迈瑞医疗,10091420,069001002002,016082,医疗器械,1041,361428779551.4,361428488903.9,298.1,0.060418904404,1212441394,1212440419,31.87443256,31.20546749,10.92412037,32.67293013,27.44271641,10.51471661,41.5896562,2024-03-06 00:00:00
300760,300760.SZ,迈瑞医疗,10091420,069001002002,016082,医疗器械,1041,358919025865.82,358918737236.57,296.03,-0.694397853069,1212441394,1212440419,31.65309719,30.98877739,10.84826352,32.44605,27.25215478,10.44170264,41.30085852,2024-03-07 00:00:00
300760,300760.SZ,迈瑞医疗,10091420,069001002002,016082,医疗器械,1041,354372370638.32,354372085665.32,292.28,-1.266763503699,1212441394,1212440419,31.25212731,30.59622287,10.71084167,32.03503528,26.90693443,10.30943096,40.77767432,2024-03-08 00:00:00
300760,300760.SZ,迈瑞医疗,10091420,069001002002,016082,医疗器械,1041,369297524198.46,369297227223.21,304.59,4.211714794033,1212441394,1212440419,32.56837777,31.88484852,11.16195178,33.3842596,28.04017777,10.74363479,42.49511366,2024-03-11 00:00:00
300760,300760.SZ,迈瑞医疗,10091420,069001002002,016082,医疗器械,1041,370303850555.48,370303552770.98,305.42,0.272497455596,1212441394,1212440419,32.65712578,31.97173392,11.19236781,33.47523086,28.11658654,10.77291092,42.61091177,2024-03-12 00:00:00
300760,300760.SZ,迈瑞医疗,10091420,069001002002,016082,医疗器械,1041,362277488527.2,362277197197.2,298.8,-2.167507039487,1212441394,1212440419,31.94928028,31.27874433,10.94977245,32.74965288,27.50715754,10.53940732,41.68731725,2024-03-13 00:00:00
300760,300760.SZ,迈瑞医疗,10091420,069001002002,016082,医疗器械,1041,360895305338.04,360895015119.54,297.66,-0.381526104418,1212441394,1212440419,31.82738543,31.15940776,10.90799621,32.6247044,27.40221056,10.49919673,41.52826926,2024-03-14 00:00:00
300760,300760.SZ,迈瑞医疗,10091420,069001002002,016082,医疗器械,1041,357027617291.18,357027330182.93,294.47,-1.071692535107,1212441394,1212440419,31.48629372,30.82547471,10.79109603,32.27506788,27.10854311,10.38667762,41.08321389,2024-03-15 00:00:00
300760,300760.SZ,迈瑞医疗,10091420,069001002002,016082,医疗器械,1041,355330199339.58,355329913596.33,293.07,-0.47543043434,1212441394,1212440419,31.33659829,30.67892102,10.73979188,32.12162239,26.97966085,10.3372962,40.88789179,2024-03-18 00:00:00
300760,300760.SZ,迈瑞医疗,10091420,069001002002,016082,医疗器械,1041,354966466921.38,354966181470.63,292.77,-0.102364622786,1212441394,1212440419,31.3045207,30.64751666,10.72879813,32.08874121,26.95204322,10.32671446,40.84603706,2024-03-19 00:00:00
300760,300760.SZ,迈瑞医疗,10091420,069001002002,016082,医疗器械,1041,354032887048.0,354032602348.0,292.0,-0.263005089319,1212441394,1212440419,31.22218822,30.56691213,10.70058084,32.00434618,26.88115797,10.29955468,40.7386099,2024-03-20 00:00:00
300760,300760.SZ,迈瑞医疗,10091420,069001002002,016082,医疗器械,1041,351608004260.0,351607721510.0,290.0,-0.684931506849,1212441394,1212440419,31.00833762,30.35754972,10.62728919,31.78513833,26.69704045,10.22900978,40.45957833,2024-03-21 00:00:00
300760,300760.SZ,迈瑞医疗,10091420,069001002002,016082,医疗器械,1041,350747170870.26,350746888812.51,289.29,-0.244827586207,1212441394,1212440419,30.93242065,30.28322607,10.60127066,31.70731955,26.63167873,10.20396634,40.36052212,2024-03-22 00:00:00
300760,300760.SZ,迈瑞医疗,10091420,069001002002,016082,医疗器械,1041,349037628504.72,349037347821.72,287.88,-0.487400186664,1212441394,1212440419,30.78165598,30.13562556,10.54960004,31.55277801,26.50187588,10.15423219,40.16380486,2024-03-25 00:00:00
300760,300760.SZ,迈瑞医疗,10091420,069001002002,016082,医疗器械,1041,346976478134.92,346976199109.42,286.18,-0.590523829373,1212441394,1212440419,30.59988296,29.95766751,10.48730214,31.36645134,26.34537599,10.09426903,39.92662802,2024-03-26 00:00:00
300760,300760.SZ,迈瑞医疗,10091420,069001002002,016082,医疗器械,1041,343557393403.84,343557117127.84,283.36,-0.985393808093,1212441394,1212440419,30.29835361,29.66246651,10.38396092,31.05736827,26.08577029,9.99480073,39.5331935,2024-03-27 00:00:00
300760,300760.SZ,迈瑞医疗,10091420,069001002002,016082,医疗器械,1041,339350221766.66,339349948873.91,279.89,-1.224590626765,1212441394,1212440419,29.92732281,29.29922273,10.2567999,30.67704265,25.76632639,9.87240534,39.04907372,2024-03-28 00:00:00
300760,300760.SZ,迈瑞医疗,10091420,069001002002,016082,医疗器械,1041,341253754755.24,341253480331.74,281.46,0.560934652899,1212441394,1212440419,30.09519554,29.46357222,10.31433385,30.84912081,25.91085864,9.92778308,39.2681135,2024-03-29 00:00:00
300760,300760.SZ,迈瑞医疗,10091420,069001002002,016082,医疗器械,1041,342817804153.5,342817528472.25,282.75,0.458324451077,1212441394,1212440419,30.23312918,29.59861098,9.47681044,30.99050988,26.02961444,9.97328454,39.44808887,2024-04-01 00:00:00
300760,300760.SZ,迈瑞医疗,10091420,069001002002,016082,医疗器械,1041,341265879169.18,341265604735.93,281.47,-0.452696728559,1212441394,1212440419,30.09626479,29.46461903,9.43390923,30.85021685,25.91177923,9.92813581,39.26950866,2024-04-02 00:00:00
300760,300760.SZ,迈瑞医疗,10091420,069001002002,016082,医疗器械,1041,341084012960.08,341083738673.08,281.32,-0.053291647422,1212441394,1212440419,30.08022599,29.44891685,9.42888174,30.83377626,25.89797042,9.92284494,39.24858129,2024-04-03 00:00:00
300760,300760.SZ,迈瑞医疗,10091420,069001002002,016082,医疗器械,1041,334936935092.5,334936665748.75,276.25,-1.802218114603,1212441394,1212440419,29.53811471,28.91818314,9.25895273,30.27808436,25.4312325,9.74401363,38.54123625,2024-04-08 00:00:00
300760,300760.SZ,迈瑞医疗,10091420,069001002002,016082,医疗器械,1041,338634881344.2,338634609026.7,279.3,1.10407239819,1212441394,1212440419,29.86423688,29.23746082,9.36117827,30.61237633,25.71201172,9.85159459,38.9667594,2024-04-09 00:00:00
300760,300760.SZ,迈瑞医疗,10091420,069001002002,016082,医疗器械,1041,332936406792.4,332936139057.4,274.6,-1.682778374508,1212441394,1212440419,29.36168796,28.74545915,9.20365039,30.09723788,25.27933555,9.68581409,38.3110352,2024-04-10 00:00:00
300760,300760.SZ,迈瑞医疗,10091420,069001002002,016082,医疗器械,1041,329553695303.14,329553430288.39,271.81,-1.016023306628,1212441394,1212440419,29.06336637,28.45339859,9.11013915,29.79144293,25.02249161,9.58740396,37.92178615,2024-04-11 00:00:00
300760,300760.SZ,迈瑞医疗,10091420,069001002002,016082,医疗器械,1041,328135138872.16,328134874998.16,270.64,-0.43044773923,1212441394,1212440419,28.93826377,28.33092157,9.07092477,29.66320634,24.91478286,9.5461352,37.75855268,2024-04-12 00:00:00
300760,300760.SZ,迈瑞医疗,10091420,069001002002,016082,医疗器械,1041,336452486835.0,336452216272.5,277.5,2.534732485959,1212441394,1212440419,29.67177134,29.04903465,9.30084844,30.41508927,25.54630595,9.78810419,38.71563098,2024-04-15 00:00:00
300760,300760.SZ,迈瑞医疗,10091420,069001002002,016082,医疗器械,1041,324691805313.2,324691544208.2,267.8,-3.495495495495,1212441394,1212440419,28.63459591,28.03362695,8.9757377,29.35193119,24.65333598,9.44596145,37.36232785,2024-04-16 00:00:00
300760,300760.SZ,迈瑞医疗,10091420,069001002002,016082,医疗器械,1041,330463026348.64,330462760602.64,272.56,1.777445855116,1212441394,1212440419,29.14356035,28.53190949,9.13527658,29.87364588,25.09153568,9.6138583,38.02642299,2024-04-17 00:00:00
300760,300760.SZ,迈瑞医疗,10091420,069001002002,016082,医疗器械,1041,330026547446.8,330026282051.8,272.2,-0.132081009686,1212441394,1212440419,29.10506724,28.49422426,9.12321062,29.83418846,25.05839452,9.60116022,37.97619731,2024-04-18 00:00:00
300760,300760.SZ,迈瑞医疗,10091420,069001002002,016082,医疗器械,1041,329044469917.66,329044205312.41,271.39,-0.29757531227,1212441394,1212440419,29.01845774,28.40943248,9.09606219,29.74540928,24.98382693,9.57258953,37.86318952,2024-04-19 00:00:00
300760,300760.SZ,迈瑞医疗,10091420,069001002002,016082,医疗器械,1041,337701301470.82,337701029904.07,278.53,2.630900180552,1212441394,1212440419,29.7819044,29.15685629,9.33537051,30.52798131,25.64112647,9.82443481,38.85933224,2024-04-22 00:00:00
300760,300760.SZ,迈瑞医疗,10091420,069001002002,016082,医疗器械,1041,344939576593.0,344939299205.5,284.5,2.143395684486,1212441394,1212440419,30.42024846,29.78180309,9.53546444,31.18231675,26.19071727,10.03501132,39.6922415,2024-04-23 00:00:00
300760,300760.SZ,迈瑞医疗,10091420,069001002002,016082,医疗器械,1041,346576372474.9,346576093771.15,285.85,0.474516695958,1212441394,1212440419,30.56459761,29.92312272,9.58071181,31.33028204,26.3149966,10.08262913,39.88058781,2024-04-24 00:00:00
300760,300760.SZ,迈瑞医疗,10091420,069001002002,016082,医疗器械,1041,345667041429.4,345666763456.9,285.1,-0.262375371698,1212441394,1212440419,30.48440364,29.84461181,9.55557438,31.2480791,26.24595253,10.05617479,39.77595097,2024-04-25 00:00:00
300760,300760.SZ,迈瑞医疗,10091420,069001002002,016082,医疗器械,1041,350153074587.2,350152793007.2,288.8,1.297790249035,1212441394,1212440419,30.88002725,30.23193227,9.6795857,31.65361362,26.58656994,10.18668285,40.29215938,2024-04-26 00:00:00
300760,300760.SZ,迈瑞医疗,10091420,069001002002,016082,医疗器械,1041,366290669541.34,366290374984.09,302.11,4.608725761773,1212441394,1212440419,30.09534502,31.62523913,10.12569125,33.11244187,29.08601142,10.19160502,42.14911451,2024-04-29 00:00:00
300760,300760.SZ,迈瑞医疗,10091420,069001002002,016082,医疗器械,1041,369297524198.46,369297227223.21,304.59,0.8208930522,1212441394,1212440419,30.34239562,31.88484852,10.20881235,33.3842596,29.32477647,10.2752672,42.49511366,2024-04-30 00:00:00
300760,300760.SZ,迈瑞医疗,10091420,069001002002,016082,医疗器械,1041,379688146945.04,379687841614.04,313.16,2.813618306576,1212441394,1212440419,31.19611481,32.78196645,10.49604936,34.32356524,30.14986375,10.564374,43.69076396,2024-05-06 00:00:00
300760,300760.SZ,迈瑞医疗,10091420,069001002002,016082,医疗器械,1041,377796738370.4,377796434560.4,311.6,-0.498147911611,1212441394,1212440419,31.04071202,32.61866377,10.44376351,34.15258312,29.99967283,10.51174779,43.47311933,2024-05-07 00:00:00
300760,300760.SZ,迈瑞医疗,10091420,069001002002,016082,医疗器械,1041,369540012477.26,369539715307.01,304.79,-2.185494223363,1212441394,1212440419,30.36231905,31.90578476,10.21551566,33.40618039,29.34403171,10.28201415,42.52301682,2024-05-08 00:00:00
300760,300760.SZ,迈瑞医疗,10091420,069001002002,016082,医疗器械,1041,368133580460.22,368133284420.97,303.63,-0.380589914367,1212441394,1212440419,30.24676313,31.78435456,10.17663644,33.27903984,29.23235129,10.24288184,42.36117851,2024-05-09 00:00:00
300760,300760.SZ,迈瑞医疗,10091420,069001002002,016082,医疗器械,1041,369455141579.68,369454844477.68,304.72,0.358989559661,1212441394,1212440419,30.35534585,31.89845707,10.2131695,33.39850811,29.33729238,10.27965272,42.51325071,2024-05-10 00:00:00
300760,300760.SZ,迈瑞医疗,10091420,069001002002,016082,医疗器械,1041,372134637060.42,372134337803.67,306.93,0.725255972696,1212441394,1212440419,30.57549981,32.12980254,10.28724113,33.64073279,29.55006284,10.35420651,42.8215806,2024-05-13 00:00:00
300760,300760.SZ,迈瑞医疗,10091420,069001002002,016082,医疗器械,1041,376099320418.8,376099017973.8,310.2,1.065389502492,1212441394,1212440419,30.90124797,32.47211008,10.39684031,33.99913763,29.86488611,10.46451914,43.27779723,2024-05-14 00:00:00
300760,300760.SZ,迈瑞医疗,10091420,069001002002,016082,医疗器械,1041,377129895603.7,377129592329.95,311.05,0.274016763378,1212441394,1212440419,30.98592257,32.56108911,10.4253294,34.09230096,29.9467209,10.49319368,43.39638565,2024-05-15 00:00:00
300760,300760.SZ,迈瑞医疗,10091420,069001002002,016082,医疗器械,1041,379203170387.44,379202865446.44,312.76,0.549750843916,1212441394,1212440419,31.15626794,32.74009397,10.48264274,34.27972367,30.11135325,10.5508801,43.63495764,2024-05-16 00:00:00
300760,300760.SZ,迈瑞医疗,10091420,069001002002,016082,医疗器械,1041,374644390746.0,374644089471.0,309.0,-1.202199769792,1212441394,1212440419,30.78170736,32.34649263,10.35662043,33.86761291,29.74935463,10.42403745,43.11037828,2024-05-17 00:00:00
300760,300760.SZ,迈瑞医疗,10091420,069001002002,016082,医疗器械,1041,372825728655.0,372825428842.5,307.5,-0.485436893204,1212441394,1212440419,30.6322816,32.18947083,10.30634557,33.70320703,29.60494029,10.37343532,42.9011046,2024-05-20 00:00:00
300760,300760.SZ,迈瑞医疗,10091420,069001002002,016082,医疗器械,1041,370376597039.12,370376299196.12,305.48,-0.656910569106,1212441394,1212440419,30.4310549,31.97801479,10.2386421,33.4818071,29.41046231,10.30529113,42.61928271,2024-05-21 00:00:00
300760,300760.SZ,迈瑞医疗,10091420,069001002002,016082,医疗器械,1041,369794625170.0,369794327795.0,305.0,-0.157129762996,1212441394,1212440419,30.38323866,31.92776781,10.22255414,33.42919721,29.36424972,10.28909845,42.55231514,2024-05-22 00:00:00
300760,300760.SZ,迈瑞医疗,10091420,069001002002,016082,医疗器械,1041,375856832140.0,375856529890.0,310.0,1.639344262295,1212441394,1212440419,30.88132454,32.45117384,10.390137,33.97721684,29.84563086,10.45777219,43.24989407,2024-05-23 00:00:00
300760,300760.SZ,迈瑞医疗,10091420,069001002002,016082,医疗器械,1041,366278545127.4,366278250579.9,302.1,-2.548387096774,1212441394,1212440419,30.09434885,31.62419231,10.12535609,33.11134583,29.08504866,10.19126768,42.14771935,2024-05-24 00:00:00
300760,300760.SZ,迈瑞医疗,10091420,069001002002,016082,医疗器械,1041,365175223458.86,365174929798.61,301.19,-0.301224760013,1212441394,1212440419,30.00369722,31.52893242,10.09485601,33.01160626,28.99743729,10.16056906,42.02075999,2024-05-27 00:00:00
300760,300760.SZ,迈瑞医疗,10091420,069001002002,016082,医疗器械,1041,361780387555.66,361780096625.41,298.39,-0.433781574293,1212441394,1212440419,29.72476913,31.23582504,10.00100961,32.70471527,28.72786385,10.06611176,41.63011578,2024-05-28 00:00:00
300760,300760.SZ,迈瑞医疗,10091420,069001002002,016082,医疗器械,1041,362932206879.96,362931915023.46,299.34,0.318375280673,1212441394,1212440419,29.81940544,31.33527218,10.03285035,32.808839,28.81932627,10.09815977,41.76265578,2024-05-29 00:00:00
300760,300760.SZ,迈瑞医疗,10091420,069001002002,016082,医疗器械,1041,361828885211.42,361828594242.17,298.43,-0.304002138037,1212441394,1212440419,29.72875381,31.24001229,10.00235027,32.70909942,28.7317149,10.06746115,41.63569641,2024-05-30 00:00:00
300760,300760.SZ,迈瑞医疗,10091420,069001002002,016082,医疗器械,1041,351777746055.16,351777463168.66,290.14,-2.777870857488,1212441394,1212440419,28.90292742,30.37220509,9.7244979,31.80048288,27.93358496,9.78780008,40.47911054,2024-05-31 00:00:00
300760,300760.SZ,迈瑞医疗,10091420,069001002002,016082,医疗器械,1041,359610117460.4,359609828275.4,296.6,2.226511339353,1212441394,1212440419,29.54645438,31.04844568,9.94101495,32.50852424,28.5555294,10.00572656,41.38038252,2024-06-03 00:00:00
300760,300760.SZ,迈瑞医疗,10091420,069001002002,016082,医疗器械,1041,361913756109.0,361913465071.5,298.5,0.640593391773,1212441394,1212440419,29.73572702,31.24733997,10.00469643,32.7167717,28.73845423,10.06982258,41.64546252,2024-06-04 00:00:00
300760,300760.SZ,迈瑞医疗,10091420,069001002002,016082,医疗器械,1041,368909542952.38,368909246289.13,304.27,1.932998324958,1212441394,1212440419,30.31051812,31.85135053,10.19808705,33.34918635,29.29396807,10.26447208,42.45046861,2024-06-05 00:00:00
300760,300760.SZ,迈瑞医疗,10091420,069001002002,016082,医疗器械,1041,369406643923.92,369406346860.92,304.68,0.134748742893,1212441394,1212440419,30.35136116,31.89426982,10.21182884,33.39412396,29.33344133,10.27830333,42.50767008,2024-06-06 00:00:00
300760,300760.SZ,迈瑞医疗,10091420,069001002002,016082,医疗器械,1041,363453556679.38,363453264403.63,299.77,-1.61152684784,1212441394,1212440419,29.86224083,31.3802851,10.04726248,32.85596868,28.86072504,10.11266571,41.82264757,2024-06-07 00:00:00
300760,300760.SZ,迈瑞医疗,10091420,069001002002,016082,医疗器械,1041,366727148443.18,366726853534.93,302.47,0.900690529406,1212441394,1212440419,30.1312072,31.66292436,10.13775722,33.15189928,29.12067086,10.20374953,42.19934019,2024-06-11 00:00:00
300760,300760.SZ,迈瑞医疗,10091420,069001002002,016082,医疗器械,1041,359137265316.74,359136976511.99,296.21,-2.069626739842,1212441394,1212440419,29.50760368,31.00762001,9.92794349,32.46577871,28.51798167,9.99257001,41.32597136,2024-06-12 00:00:00
300760,300760.SZ,迈瑞医疗,10091420,069001002002,016082,医疗器械,1041,359076643247.04,359076354491.04,296.16,-0.016879916276,1212441394,1212440419,29.50262282,31.00238595,9.92626766,32.46029851,28.51316786,9.99088327,41.31899558,2024-06-13 00:00:00
300760,300760.SZ,迈瑞医疗,10091420,069001002002,016082,医疗器械,1041,362641220945.4,362640929322.9,299.1,0.992706645057,1212441394,1212440419,29.79549732,31.3101487,10.02480638,32.78253405,28.79621997,10.09006343,41.72917199,2024-06-14 00:00:00
300760,300760.SZ,迈瑞医疗,10091420,069001002002,016082,医疗器械,1041,358858403796.12,358858115215.62,295.98,-1.043129388164,1212441394,1212440419,29.48469173,30.98354333,9.92023467,32.44056981,28.49583814,9.98481101,41.29388273,2024-06-17 00:00:00
300760,300760.SZ,迈瑞医疗,10091420,069001002002,016082,医疗器械,1041,355148333130.48,355148047533.48,292.92,-1.033853638759,1212441394,1212440419,29.17986317,30.66321884,9.81767397,32.1051818,28.20123288,9.88158268,40.86696442,2024-06-18 00:00:00
300760,300760.SZ,迈瑞医疗,10091420,069001002002,016082,医疗器械,1041,355633309688.08,355633023701.08,293.32,0.136556056261,1212441394,1212440419,29.21971004,30.70509133,9.8310806,32.14902337,28.23974337,9.89507658,40.92277074,2024-06-19 00:00:00
300760,300760.SZ,迈瑞医疗,10091420,069001002002,016082,医疗器械,1041,357451971779.08,357451684329.58,294.82,0.511386881222,1212441394,1212440419,29.36913581,30.86211313,9.88135545,32.31342925,28.38415771,9.9456787,41.13204442,2024-06-20 00:00:00
300760,300760.SZ,迈瑞医疗,10091420,069001002002,016082,医疗器械,1041,352796196826.12,352795913120.62,290.98,-1.302489654705,1212441394,1212440419,28.98660585,30.4601373,9.75265182,31.89255018,28.01445699,9.81613727,40.5963038,2024-06-21 00:00:00
300760,300760.SZ,迈瑞医疗,10091420,069001002002,016082,医疗器械,1041,358082441303.96,358082153347.46,295.34,1.498384768713,1212441394,1212440419,29.42093674,30.91654736,9.89878407,32.3704233,28.43422135,9.96322077,41.20459263,2024-06-24 00:00:00
300760,300760.SZ,迈瑞医疗,10091420,069001002002,016082,医疗器械,1041,355487816720.8,355487530850.8,293.2,-0.724588609738,1212441394,1212440419,29.20775598,30.69252958,9.82705861,32.1358709,28.22819022,9.89102841,40.90602884,2024-06-25 00:00:00
300760,300760.SZ,迈瑞医疗,10091420,069001002002,016082,医疗器械,1041,357670211230.0,357669923605.0,295.0,0.613915416098,1212441394,1212440419,29.3870669,30.88095575,9.88738844,32.33315796,28.40148743,9.95175096,41.15715726,2024-06-26 00:00:00
300760,300760.SZ,迈瑞医疗,10091420,069001002002,016082,医疗器械,1041,357063990533.0,357063703395.5,294.5,-0.169491525424,1212441394,1212440419,29.33725831,30.82861515,9.87063015,32.278356,28.35334932,9.93488358,41.08739937,2024-06-27 00:00:00
300760,300760.SZ,迈瑞医疗,10091420,069001002002,016082,医疗器械,1041,352711325928.54,352711042291.29,290.91,-1.219015280136,1212441394,1212440419,28.97963265,30.45280962,9.75030566,31.88487791,28.00771766,9.81377584,40.58653769,2024-06-28 00:00:00
300760,300760.SZ,迈瑞医疗,10091420,069001002002,016082,医疗器械,1041,345582170531.82,345581892627.57,285.03,-2.021243683613,1212441394,1212440419,28.39388366,29.83728413,8.89584497,31.24040683,27.44161343,9.61541551,39.76618486,2024-07-01 00:00:00
300760,300760.SZ,迈瑞医疗,10091420,069001002002,016082,医疗器械,1041,345788285568.8,345788007498.8,285.2,0.059642844613,1212441394,1212440419,28.41081858,29.85507993,8.9011507,31.25903949,27.45798039,9.62115042,39.78990255,2024-07-02 00:00:00
300760,300760.SZ,迈瑞医疗,10091420,069001002002,016082,医疗器械,1041,340211055156.4,340210781571.4,280.6,-1.612903225806,1212441394,1212440419,27.95257957,29.37354639,8.75758376,30.75486144,27.01510974,9.46597057,39.14812992,2024-07-03 00:00:00
300760,300760.SZ,迈瑞医疗,10091420,069001002002,016082,医疗器械,1041,344333355896.0,344333078996.0,284.0,1.211689237349,1212441394,1212440419,28.29127796,29.72946249,8.86369846,31.12751478,27.34244892,9.58066872,39.6224836,2024-07-04 00:00:00
300760,300760.SZ,迈瑞医疗,10091420,069001002002,016082,医疗器械,1041,346673367786.42,346673089004.67,285.93,0.679577464789,1212441394,1212440419,28.48353911,29.93149721,8.92393415,31.33905036,27.52826204,9.64577679,39.89174907,2024-07-05 00:00:00
300760,300760.SZ,迈瑞医疗,10091420,069001002002,016082,医疗器械,1041,339847322738.2,339847049445.7,280.3,-1.969013394887,1212441394,1212440419,27.92269441,29.34214202,8.74822069,30.72198026,26.98622687,9.45585015,39.10627519,2024-07-08 00:00:00
300760,300760.SZ,迈瑞医疗,10091420,069001002002,016082,医疗器械,1041,340829400267.34,340829126185.09,281.11,0.288976097039,1212441394,1212440419,28.00338433,29.4269338,8.77350096,30.81075944,27.06421062,9.4831753,39.21928298,2024-07-09 00:00:00
300760,300760.SZ,迈瑞医疗,10091420,069001002002,016082,医疗器械,1041,338149904786.6,338149632859.1,278.9,-0.786169115293,1212441394,1212440419,27.78323037,29.19558834,8.70452641,30.56853476,26.85144015,9.4086215,38.91095309,2024-07-10 00:00:00
300760,300760.SZ,迈瑞医疗,10091420,069001002002,016082,医疗器械,1041,342041841661.34,342041566604.09,282.11,1.150950161348,1212441394,1212440419,28.1030015,29.53161501,8.80471117,30.92036336,27.16048685,9.51691004,39.35879876,2024-07-11 00:00:00
300760,300760.SZ,迈瑞医疗,10091420,069001002002,016082,医疗器械,1041,340696031714.0,340695757739.0,281.0,-0.39346354259,1212441394,1212440419,27.99242644,29.41541887,8.77006784,30.79870301,27.05362023,9.47946447,39.20393624,2024-07-12 00:00:00
300760,300760.SZ,迈瑞医疗,10091420,069001002002,016082,医疗器械,1041,336452486835.0,336452216272.5,277.5,-1.245551601423,1212441394,1212440419,27.64376632,29.04903465,8.66083212,30.41508927,26.71665343,9.36139285,38.71563098,2024-07-15 00:00:00
300760,300760.SZ,迈瑞医疗,10091420,069001002002,016082,医疗器械,1041,329541570889.2,329541305884.2,271.8,-2.054054054054,1212441394,1212440419,27.07594842,28.45235177,8.48293394,29.79034689,26.16787893,9.16910478,37.920391,2024-07-16 00:00:00
300760,300760.SZ,迈瑞医疗,10091420,069001002002,016082,医疗器械,1041,340696031714.0,340695757739.0,281.0,3.384841795438,1212441394,1212440419,27.99242644,29.41541887,8.77006784,30.79870301,27.05362023,9.47946447,39.20393624,2024-07-17 00:00:00
300760,300760.SZ,迈瑞医疗,10091420,069001002002,016082,医疗器械,1041,346806736339.76,346806457450.76,286.04,1.79359430605,1212441394,1212440419,28.494497,29.94301215,8.92736728,31.35110679,27.53885243,9.64948761,39.90709581,2024-07-18 00:00:00
300760,300760.SZ,迈瑞医疗,10091420,069001002002,016082,医疗器械,1041,345848907638.5,345848629519.75,285.25,-0.27618514893,1212441394,1212440419,28.41579943,29.86031399,8.90271121,31.26451969,27.46279421,9.62283716,39.79687834,2024-07-19 00:00:00
300760,300760.SZ,迈瑞医疗,10091420,069001002002,016082,医疗器械,1041,344515222105.1,344514945058.85,284.15,-0.385626643295,1212441394,1212440419,28.30622054,29.74516467,8.86837999,31.14395537,27.35689035,9.58572893,39.64341097,2024-07-22 00:00:00
300760,300760.SZ,迈瑞医疗,10091420,069001002002,016082,医疗器械,1041,335361289580.4,335361019895.4,276.6,-2.657047334154,1212441394,1212440419,27.55411086,28.95482156,8.63274293,30.31644574,26.63000483,9.33103158,38.59006678,2024-07-23 00:00:00
300760,300760.SZ,迈瑞医疗,10091420,069001002002,016082,医疗器械,1041,328426124806.72,328425860698.72,270.88,-2.067968185105,1212441394,1212440419,26.98430062,28.35604506,8.45422055,29.68951128,26.0793048,9.13806881,37.79203647,2024-07-24 00:00:00
300760,300760.SZ,迈瑞医疗,10091420,069001002002,016082,医疗器械,1041,327116688101.2,327116425046.2,269.8,-0.398700531601,1212441394,1212440419,26.87671407,28.24298936,8.42051353,29.57113904,25.97532647,9.10163528,37.64135942,2024-07-25 00:00:00
300760,300760.SZ,迈瑞医疗,10091420,069001002002,016082,医疗器械,1041,324873671522.3,324873410271.05,267.95,-0.685693106004,1212441394,1212440419,26.69242229,28.04932913,8.36277465,29.36837178,25.79721545,9.039226,37.38325521,2024-07-26 00:00:00
300760,300760.SZ,迈瑞医疗,10091420,069001002002,016082,医疗器械,1041,311839926536.8,311839675766.8,257.2,-4.011942526591,1212441394,1212440419,25.62153765,26.92400617,8.02726494,28.19012958,24.76224599,8.67657745,35.8834605,2024-07-29 00:00:00
300760,300760.SZ,迈瑞医疗,10091420,069001002002,016082,医疗器械,1041,300855207507.16,300854965570.66,248.14,-3.522550544323,1212441394,1212440419,24.71900604,25.97559444,7.74450047,27.19711802,23.88998336,8.37094062,34.61944747,2024-07-30 00:00:00
300760,300760.SZ,迈瑞医疗,10091420,069001002002,016082,医疗器械,1041,311730806811.34,311730556129.09,257.11,3.614894817442,1212441394,1212440419,25.6125721,26.91458486,8.02445602,28.18026523,24.75358113,8.67354132,35.87090408,2024-07-31 00:00:00
300760,300760.SZ,迈瑞医疗,10091420,069001002002,016082,医疗器械,1041,309451416990.62,309451168141.37,255.23,-0.731204542803,1212441394,1212440419,25.42529181,26.71778419,7.96578083,27.97420985,24.57258182,8.61011999,35.6086144,2024-08-01 00:00:00
300760,300760.SZ,迈瑞医疗,10091420,069001002002,016082,医疗器械,1041,315659116927.9,315658863086.65,260.35,2.006033773459,1212441394,1212440419,25.93533175,27.25375197,8.12557709,28.53538195,25.06551611,8.78284191,36.32293523,2024-08-02 00:00:00
300760,300760.SZ,迈瑞医疗,10091420,069001002002,016082,医疗器械,1041,315962227276.4,315961973191.4,260.6,0.096024582293,1212441394,1212440419,25.96023605,27.27992227,8.13337964,28.56278293,25.08958517,8.79127559,36.35781418,2024-08-05 00:00:00
300760,300760.SZ,迈瑞医疗,10091420,069001002002,016082,医疗器械,1041,316798811838.26,316798557080.51,261.29,0.264773599386,1212441394,1212440419,26.0289719,27.3521523,8.15491468,28.63840964,25.15601577,8.81455257,36.45408007,2024-08-06 00:00:00
300760,300760.SZ,迈瑞医疗,10091420,069001002002,016082,医疗器械,1041,318993330761.4,318993074238.9,263.1,0.692716904589,1212441394,1212440419,26.20927899,27.54162528,8.21140515,28.83679274,25.33027574,8.87561247,36.70660365,2024-08-07 00:00:00
300760,300760.SZ,迈瑞医疗,10091420,069001002002,016082,医疗器械,1041,320084528016.0,320084270616.0,264.0,0.342075256556,1212441394,1212440419,26.29893445,27.63583837,8.23949434,28.93543628,25.41692435,8.90597374,36.83216785,2024-08-08 00:00:00
300760,300760.SZ,迈瑞医疗,10091420,069001002002,016082,医疗器械,1041,314968025333.32,314967772047.82,259.78,-1.598484848485,1212441394,1212440419,25.87854996,27.19408368,8.10778727,28.47290771,25.01063866,8.7636131,36.24341123,2024-08-09 00:00:00
300760,300760.SZ,迈瑞医疗,10091420,069001002002,016082,医疗器械,1041,317659645228.0,317659389778.0,262.0,0.854569250905,1212441394,1212440419,26.09970009,27.42647596,8.17707393,28.71622843,25.22437189,8.83850424,36.55313628,2024-08-12 00:00:00
300760,300760.SZ,迈瑞医疗,10091420,069001002002,016082,医疗器械,1041,310603236314.92,310602986539.42,256.18,-2.221374045802,1212441394,1212440419,25.51992813,26.81723134,7.99543053,28.07833358,24.66404424,8.642168,35.7411544,2024-08-13 00:00:00
300760,300760.SZ,迈瑞医疗,10091420,069001002002,016082,医疗器械,1041,305583728943.76,305583483204.76,252.04,-1.61605121399,1212441394,1212440419,25.10751302,26.38385114,7.86622028,27.62457333,24.26546065,8.50250614,35.16355904,2024-08-14 00:00:00
300760,300760.SZ,迈瑞医疗,10091420,069001002002,016082,医疗器械,1041,306699175026.24,306698928390.24,252.96,0.365021425171,1212441394,1212440419,25.19916082,26.48015785,7.89493367,27.72540894,24.35403478,8.53354211,35.29191356,2024-08-15 00:00:00
300760,300760.SZ,迈瑞医疗,10091420,069001002002,016082,医疗器械,1041,307923740834.18,307923493213.43,253.97,0.399272612271,1212441394,1212440419,25.29977417,26.58588587,7.92645597,27.83610891,24.45127377,8.56761421,35.43282451,2024-08-16 00:00:00
300760,300760.SZ,迈瑞医疗,10091420,069001002002,016082,医疗器械,1041,309900020306.4,309899771096.4,255.6,0.641808087569,1212441394,1212440419,25.46215017,26.75651624,7.97732861,28.0147633,24.60820403,8.62260185,35.66023524,2024-08-19 00:00:00
300760,300760.SZ,迈瑞医疗,10091420,069001002002,016082,医疗器械,1041,304322789894.0,304322545169.0,251.0,-1.799687010955,1212441394,1212440419,25.00391116,26.27498269,7.83376166,27.51058525,24.16533338,8.467422,35.01846262,2024-08-20 00:00:00
300760,300760.SZ,迈瑞医疗,10091420,069001002002,016082,医疗器械,1041,302770864909.68,302770621432.68,249.72,-0.509960159363,1212441394,1212440419,24.87640117,26.14099075,7.7938126,27.37029222,24.0420998,8.42424152,34.83988241,2024-08-21 00:00:00
300760,300760.SZ,迈瑞医疗,10091420,069001002002,016082,医疗器械,1041,301897907106.0,301897664331.0,249.0,-0.288322921672,1212441394,1212440419,24.80467681,26.06562028,7.77134125,27.2913774,23.97278092,8.3999525,34.73943104,2024-08-22 00:00:00
300760,300760.SZ,迈瑞医疗,10091420,069001002002,016082,医疗器械,1041,297860477263.98,297860237735.73,245.67,-1.33734939759,1212441394,1212440419,24.47295161,25.71703186,7.66741127,26.92639633,23.65218108,8.28761579,34.27484347,2024-08-23 00:00:00
300760,300760.SZ,迈瑞医疗,10091420,069001002002,016082,医疗器械,1041,283662788540.24,283662560429.24,233.96,-4.766556763138,1212441394,1212440419,23.30643448,24.49121494,7.30193976,25.64293436,22.52478644,7.89258188,32.6411136,2024-08-26 00:00:00
300760,300760.SZ,迈瑞医疗,10091420,069001002002,016082,医疗器械,1041,285723938910.04,285723709141.54,235.66,0.726619935032,1212441394,1212440419,23.47578368,24.66917299,7.35499711,25.82926103,22.68845603,7.94993095,32.87829044,2024-08-27 00:00:00
300760,300760.SZ,迈瑞医疗,10091420,069001002002,016082,医疗器械,1041,274642224568.88,274642003711.88,226.52,-3.878468980735,1212441394,1212440419,22.56528269,23.71238677,7.06973582,24.82748116,21.8084913,7.64159535,31.60311615,2024-08-28 00:00:00
300760,300760.SZ,迈瑞医疗,10091420,069001002002,016082,医疗器械,1041,276679126110.8,276678903615.8,228.2,0.741656365884,1212441394,1212440419,22.73263955,23.88825119,7.12216897,25.01161575,21.97023536,7.69826972,31.83750267,2024-08-29 00:00:00
300760,300760.SZ,迈瑞医疗,10091420,069001002002,016082,医疗器械,1041,304080301615.2,304080057085.2,250.8,9.903593339176,1212441394,1212440419,23.94149662,26.25404645,7.82751962,27.48866446,20.17157762,8.22133639,34.99055946,2024-08-30 00:00:00
300760,300760.SZ,迈瑞医疗,10091420,069001002002,016082,医疗器械,1041,298842554793.12,298842314475.12,246.48,-1.722488038278,1212441394,1212440419,23.5291072,25.80182364,7.69269153,27.01517551,19.8241246,8.07972486,34.38785126,2024-09-02 00:00:00
300760,300760.SZ,迈瑞医疗,10091420,069001002002,016082,医疗器械,1041,300067120601.06,300066879298.31,247.49,0.409769555339,1212441394,1212440419,23.62552232,25.90755166,7.72421384,27.12587547,19.90535783,8.11283311,34.52876221,2024-09-03 00:00:00
300760,300760.SZ,迈瑞医疗,10091420,069001002002,016082,医疗器械,1041,300467226261.08,300466984636.58,247.82,0.133338720756,1212441394,1212440419,23.65702429,25.94209646,7.73451321,27.16204477,19.93189938,8.12365066,34.57480242,2024-09-04 00:00:00
300760,300760.SZ,迈瑞医疗,10091420,069001002002,016082,医疗器械,1041,302964855532.72,302964611899.72,249.88,0.831248486805,1212441394,1212440419,23.85367294,26.15773974,7.79880623,27.38782885,20.09758299,8.19117838,34.86220494,2024-09-05 00:00:00
300760,300760.SZ,迈瑞医疗,10091420,069001002002,016082,医疗器械,1041,293532061487.4,293531825439.9,242.1,-3.113494477349,1212441394,1212440419,23.11099015,25.34331996,7.55599083,26.53511031,19.47184586,7.93614649,33.77677211,2024-09-06 00:00:00
300760,300760.SZ,迈瑞医疗,10091420,069001002002,016082,医疗器械,1041,291604279670.94,291604045173.69,240.51,1.03764073265,1212441394,1212440419,22.95920794,25.17687684,7.5063666,26.36084007,19.34396384,7.88402558,33.55494201,2024-09-09 00:00:00
300760,300760.SZ,迈瑞医疗,10091420,069001002002,016082,医疗器械,1041,292198375954.0,292198140979.0,241.0,0.203733732485,1212441394,1212440419,23.00598359,25.22817063,7.5216596,26.414546,19.38337402,7.900088,33.62330475,2024-09-10 00:00:00
300760,300760.SZ,迈瑞医疗,10091420,069001002002,016082,医疗器械,1041,291022307801.82,291022073772.57,240.03,-0.402489626556,1212441394,1212440419,22.91338689,25.12662986,7.49138571,26.30823019,19.30535795,7.86829097,33.48797443,2024-09-11 00:00:00
300760,300760.SZ,迈瑞医疗,10091420,069001002002,016082,医疗器械,1041,281444020789.22,281443794462.47,232.13,-3.291255259759,1212441394,1212440419,22.15924884,24.29964833,7.24482508,25.44235918,18.66996935,7.60932543,32.38579971,2024-09-12 00:00:00
300760,300760.SZ,迈瑞医疗,10091420,069001002002,016082,医疗器械,1041,280886297747.98,280886071869.73,231.67,-0.198164821436,1212441394,1212440419,22.11533701,24.25149498,7.23046838,25.39194137,18.63297203,7.59424642,32.32162245,2024-09-13 00:00:00
300760,300760.SZ,迈瑞医疗,10091420,069001002002,016082,医疗器械,1041,276521508729.58,276521286361.33,228.07,-1.553934475763,1212441394,1212440419,21.77167916,23.87464264,7.11811164,24.99736724,18.34342786,7.47623681,31.81936562,2024-09-18 00:00:00
300760,300760.SZ,迈瑞医疗,10091420,069001002002,016082,医疗器械,1041,279625358698.22,279625133833.97,230.63,1.122462401894,1212441394,1212440419,22.01605807,24.14262652,7.19800977,25.27795329,18.54932594,7.56015475,32.17652603,2024-09-19 00:00:00
300760,300760.SZ,迈瑞医疗,10091420,069001002002,016082,医疗器械,1041,276291144864.72,276290922681.72,227.88,-1.192386072931,1212441394,1212440419,21.75354166,23.85475321,7.1121817,24.9765425,18.32814636,7.47000852,31.79285762,2024-09-20 00:00:00
300760,300760.SZ,迈瑞医疗,10091420,069001002002,016082,医疗器械,1041,269574219541.96,269574002760.46,222.34,-2.431104089872,1212441394,1212440419,21.22469042,23.27481933,6.93927716,24.36933675,17.88257004,7.28840484,31.01994015,2024-09-23 00:00:00
300760,300760.SZ,迈瑞医疗,10091420,069001002002,016082,医疗器械,1041,282535218043.82,282534990839.57,233.03,4.807951785554,1212441394,1212440419,22.2451633,24.39386142,7.27291426,25.54100271,18.74235539,7.63882783,32.51136392,2024-09-24 00:00:00
300760,300760.SZ,迈瑞医疗,10091420,069001002002,016082,医疗器械,1041,285954302774.9,285954072821.15,235.85,1.210144616573,1212441394,1212440419,22.51436195,24.68906242,7.36092704,25.85008578,18.96916499,7.73126869,32.90479844,2024-09-25 00:00:00
300760,300760.SZ,迈瑞医疗,10091420,069001002002,016082,医疗器械,1041,288997530673.84,288997298272.84,238.36,1.064235743057,1212441394,1212440419,22.75396784,24.95181225,7.43926466,26.12519163,19.17104163,7.81354762,33.25498307,2024-09-26 00:00:00
300760,300760.SZ,迈瑞医疗,10091420,069001002002,016082,医疗器械,1041,321333342651.82,321333084247.57,265.03,11.188957878839,1212441394,1212440419,25.29989971,27.74366001,8.27164085,29.04832832,21.3160814,8.68780217,36.97586912,2024-09-27 00:00:00
300760,300760.SZ,迈瑞医疗,10091420,069001002002,016082,医疗器械,1041,355245328442.0,355245042767.0,293.0,10.553522242765,1212441394,1212440419,27.96993026,30.67159334,9.57692066,32.11395011,23.56567879,9.6046713,40.87812569,2024-09-30 00:00:00
300760,300760.SZ,迈瑞医疗,10091420,069001002002,016082,医疗器械,1041,393437232353.0,393436915965.5,324.5,10.750853242321,1212441394,1212440419,30.97693641,33.96905133,10.60652135,35.56647376,26.09919034,10.63725542,45.27287299,2024-10-08 00:00:00
300760,300760.SZ,迈瑞医疗,10091420,069001002002,016082,医疗器械,1041,359707112771.92,359706823508.92,296.68,-8.573189522342,1212441394,1212440419,28.32122494,31.05682018,9.69720417,32.51729256,23.86165728,9.72530335,41.39154378,2024-10-09 00:00:00
300760,300760.SZ,迈瑞医疗,10091420,069001002002,016082,医疗器械,1041,361331784239.88,361331493670.38,298.02,0.451665093704,1212441394,1212440419,28.44914203,31.19709299,9.74100306,32.66416182,23.96943206,9.76922915,41.57849494,2024-10-10 00:00:00
300760,300760.SZ,迈瑞医疗,10091420,069001002002,016082,医疗器械,1041,344866830109.36,344866552780.36,284.44,-4.556741158312,1212441394,1212440419,27.15278827,29.77552222,9.29713076,31.17574051,22.87720709,9.32407067,39.68387055,2024-10-11 00:00:00
300760,300760.SZ,迈瑞医疗,10091420,069001002002,016082,医疗器械,1041,345424553150.6,345424275373.1,284.9,0.161721276895,1212441394,1212440419,27.1967001,29.82367557,9.3121662,31.22615832,22.9142044,9.33914967,39.74804781,2024-10-14 00:00:00
300760,300760.SZ,迈瑞医疗,10091420,069001002002,016082,医疗器械,1041,328450373634.6,328450109507.1,270.9,-4.914004914005,1212441394,1212440419,25.86025292,28.35813869,8.8545659,29.69170336,21.78819927,8.8802234,37.79482679,2024-10-15 00:00:00
300760,300760.SZ,迈瑞医疗,10091420,069001002002,016082,医疗器械,1041,317659645228.0,317659389778.0,262.0,-3.28534514581,1212441394,1212440419,25.01065436,27.42647596,8.56366284,28.71622843,21.07238172,8.58847741,36.55313628,2024-10-16 00:00:00
300760,300760.SZ,迈瑞医疗,10091420,069001002002,016082,医疗器械,1041,311597438258.0,311597187683.0,257.0,-1.908396946565,1212441394,1212440419,24.5333518,26.90306993,8.40023416,28.1682088,20.67023703,8.42457517,35.85555734,2024-10-17 00:00:00
300760,300760.SZ,迈瑞医疗,10091420,069001002002,016082,医疗器械,1041,326389223264.8,326388960794.8,269.2,4.747081712062,1212441394,1212440419,25.69797005,28.18018064,8.79900014,29.50537669,21.65147007,8.82449664,37.55764995,2024-10-18 00:00:00
300760,300760.SZ,迈瑞医疗,10091420,069001002002,016082,医疗器械,1041,325055537731.4,325055276333.9,268.1,-0.408618127786,1212441394,1212440419,25.59296349,28.06503131,8.76304583,29.38481237,21.56299824,8.78843815,37.40418258,2024-10-21 00:00:00
300760,300760.SZ,迈瑞医疗,10091420,069001002002,016082,医疗器械,1041,329723437098.3,329723171947.05,271.95,1.436031331593,1212441394,1212440419,25.96048646,28.46805395,8.88888592,29.80678748,21.87264965,8.91464287,37.94131836,2024-10-22 00:00:00
300760,300760.SZ,迈瑞医疗,10091420,069001002002,016082,医疗器械,1041,331178366771.1,331178100449.85,273.15,0.441257584115,1212441394,1212440419,26.07503908,28.5936714,8.9281088,29.93831219,21.96916438,8.95397941,38.10873731,2024-10-23 00:00:00
300760,300760.SZ,迈瑞医疗,10091420,069001002002,016082,医疗器械,1041,332815162653.0,332814895015.5,274.5,0.494233937397,1212441394,1212440419,26.20391077,28.73499103,8.97223455,30.08627749,22.07774344,8.99823301,38.29708362,2024-10-24 00:00:00
300760,300760.SZ,迈瑞医疗,10091420,069001002002,016082,医疗器械,1041,339374470594.54,339374197682.29,279.91,1.970856102004,1212441394,1212440419,26.72035214,29.30131635,9.14906438,30.67923473,22.512864,9.17557524,39.05186403,2024-10-25 00:00:00
300760,300760.SZ,迈瑞医疗,10091420,069001002002,016082,医疗器械,1041,337386066708.38,337385795395.13,278.27,-0.585902611554,1212441394,1212440419,26.5637969,29.12963918,9.09545977,30.49948429,22.38096054,9.1218153,38.82305814,2024-10-28 00:00:00
300760,300760.SZ,迈瑞医疗,10091420,069001002002,016082,医疗器械,1041,328862603708.56,328862339249.56,271.24,-2.526323355015,1212441394,1212440419,25.8927095,28.3937303,8.86567905,29.7289687,21.81554511,8.89136875,37.84226216,2024-10-29 00:00:00
300760,300760.SZ,迈瑞医疗,10091420,069001002002,016082,医疗器械,1041,327965397077.0,327965133339.5,270.5,-0.272821117829,1212441394,1212440419,26.48086109,28.31626621,8.8414916,29.64786179,22.83207343,8.83696296,37.73902047,2024-10-30 00:00:00
300760,300760.SZ,迈瑞医疗,10091420,069001002002,016082,医疗器械,1041,323236875640.4,323236615705.4,266.6,-1.441774491682,1212441394,1212440419,26.09906679,27.9080095,8.71401723,29.22040648,22.50288642,8.70955388,37.1949089,2024-10-31 00:00:00
300760,300760.SZ,迈瑞医疗,10091420,069001002002,016082,医疗器械,1041,322812521152.5,322812261558.75,266.25,-0.131282820705,1212441394,1212440419,26.0648032,27.87137108,8.70257722,29.18204511,22.473344,8.69811974,37.14607838,2024-11-01 00:00:00
300760,300760.SZ,迈瑞医疗,10091420,069001002002,016082,医疗器械,1041,328668613085.52,328668348782.52,271.08,1.814084507042,1212441394,1212440419,26.53764076,28.37698131,8.86044933,29.71143207,22.88102945,8.85591098,37.81993963,2024-11-04 00:00:00
300760,300760.SZ,迈瑞医疗,10091420,069001002002,016082,医疗器械,1041,338162029200.54,338161757263.29,278.91,2.888446215139,1212441394,1212440419,27.30416624,29.19663515,9.11637864,30.5696308,23.54193568,9.1117092,38.91234824,2024-11-05 00:00:00
300760,300760.SZ,迈瑞医疗,10091420,069001002002,016082,医疗器械,1041,332936406792.4,332936139057.4,274.6,-1.545301351691,1212441394,1212440419,26.88223459,28.74545915,8.97550312,30.09723788,23.17814183,8.97090584,38.3110352,2024-11-06 00:00:00
300760,300760.SZ,迈瑞医疗,10091420,069001002002,016082,医疗器械,1041,340926395578.86,340926121418.61,281.19,3.018867924528,1212441394,1212440419,27.52736906,29.4353083,9.19090212,30.81952775,23.73438347,9.18619451,39.23044424,2024-11-07 00:00:00
300760,300760.SZ,迈瑞医疗,10091420,069001002002,016082,医疗器械,1041,344587968588.74,344587691483.99,284.21,1.07400689925,1212441394,1212440419,27.8230149,29.75144554,9.28961304,31.15053161,23.98929239,9.28485487,39.65178192,2024-11-08 00:00:00
300760,300760.SZ,迈瑞医疗,10091420,069001002002,016082,医疗器械,1041,342502569391.06,342502293963.31,282.49,-0.605186305901,1212441394,1212440419,27.65463382,29.57139386,9.23339358,30.96201286,23.84411248,9.2286642,39.41181476,2024-11-11 00:00:00
300760,300760.SZ,迈瑞医疗,10091420,069001002002,016082,医疗器械,1041,348116173045.28,348115893103.28,287.12,1.638996070657,1212441394,1212440419,28.10789219,30.05606785,9.38472853,31.46947903,24.23491654,9.37992165,40.05777286,2024-11-12 00:00:00
300760,300760.SZ,迈瑞医疗,10091420,069001002002,016082,医疗器械,1041,347594823245.86,347594543723.11,286.69,-0.149763165227,1212441394,1212440419,28.06579692,30.01105493,9.37067367,31.42234934,24.19862156,9.36587398,39.99778107,2024-11-13 00:00:00
300760,300760.SZ,迈瑞医疗,10091420,069001002002,016082,医疗器械,1041,335361289580.4,335361019895.4,276.6,-3.519480972479,1212441394,1212440419,27.07802653,28.95482156,9.04087459,30.31644574,23.34695568,9.03624383,38.59006678,2024-11-14 00:00:00
300760,300760.SZ,迈瑞医疗,10091420,069001002002,016082,医疗器械,1041,328183636527.92,328183372614.92,270.68,-2.140274765004,1212441394,1212440419,26.49848237,28.33510882,8.84737503,29.6675905,22.84726668,8.84284338,37.76413331,2024-11-15 00:00:00
300760,300760.SZ,迈瑞医疗,10091420,069001002002,016082,医疗器械,1041,324485690276.22,324485429336.97,267.63,-1.126791783656,1212441394,1212440419,26.19989964,28.01583114,8.74768354,29.33329853,22.58982556,8.74320295,37.33861016,2024-11-18 00:00:00
300760,300760.SZ,迈瑞医疗,10091420,069001002002,016082,医疗器械,1041,327201558998.78,327201295875.53,269.87,0.836976422673,1212441394,1212440419,26.41918663,28.25031705,8.82089959,29.57881132,22.77889707,8.8163815,37.65112553,2024-11-19 00:00:00
300760,300760.SZ,迈瑞医疗,10091420,069001002002,016082,医疗器械,1041,333421383350.0,333421115225.0,275.0,1.900915255493,1212441394,1212440419,26.92139298,28.78733163,8.98857741,30.14107946,23.2119046,8.98397344,38.36684152,2024-11-20 00:00:00
300760,300760.SZ,迈瑞医疗,10091420,069001002002,016082,医疗器械,1041,329796183581.94,329795918372.19,272.01,-1.087272727273,1212441394,1212440419,26.62868401,28.47433483,8.89084706,29.81336372,22.95952789,8.88629314,37.94968931,2024-11-21 00:00:00
300760,300760.SZ,迈瑞医疗,10091420,069001002002,016082,医疗器械,1041,319247943454.14,319247686726.89,263.31,-3.198411823095,1212441394,1212440419,25.77698903,27.56360833,8.60648116,28.85980957,22.22518764,8.60207289,36.73590196,2024-11-22 00:00:00
300760,300760.SZ,迈瑞医疗,10091420,069001002002,016082,医疗器械,1041,316883682735.84,316883427909.84,261.36,-0.740571949413,1212441394,1212440419,25.58609188,27.35947998,8.54274397,28.64608191,22.06059413,8.53836835,36.46384618,2024-11-25 00:00:00
300760,300760.SZ,迈瑞医疗,10091420,069001002002,016082,医疗器械,1041,323212626812.52,323212366897.02,266.58,1.997245179063,1212441394,1212440419,26.09710887,27.90591588,8.71336352,29.2182144,22.50119829,8.7089005,37.19211859,2024-11-26 00:00:00
300760,300760.SZ,迈瑞医疗,10091420,069001002002,016082,医疗器械,1041,326219481469.64,326219219136.14,269.06,0.930302348263,1212441394,1212440419,26.33989089,28.16552527,8.79442414,29.49003214,22.71052746,8.78991961,37.53811774,2024-11-27 00:00:00
300760,300760.SZ,迈瑞医疗,10091420,069001002002,016082,医疗器械,1041,315246886853.94,315246633344.19,260.01,-3.363562030774,1212441394,1212440419,25.45393232,27.21816036,8.49861823,28.49811661,21.94664478,8.49426521,36.27549986,2024-11-28 00:00:00
300760,300760.SZ,迈瑞医疗,10091420,069001002002,016082,医疗器械,1041,315828858723.06,315828604745.31,260.49,0.184608284297,1212441394,1212440419,25.50092239,27.26840733,8.51430738,28.5507265,21.98716011,8.50994633,36.34246744,2024-11-29 00:00:00
300760,300760.SZ,迈瑞医疗,10091420,069001002002,016082,医疗器械,1041,319126699314.74,319126442684.99,263.21,1.044185957234,1212441394,1212440419,25.76719944,27.55314021,8.60321259,28.84884918,22.21674695,8.59880599,36.72195038,2024-12-02 00:00:00
300760,300760.SZ,迈瑞医疗,10091420,069001002002,016082,医疗器械,1041,316095595829.74,316095341637.49,260.71,-0.949811937236,1212441394,1212440419,25.5224595,27.2914372,8.52149825,28.57483936,22.00572963,8.51713351,36.37316091,2024-12-03 00:00:00
300760,300760.SZ,迈瑞医疗,10091420,069001002002,016082,医疗器械,1041,314701288226.64,314701035155.64,259.56,-0.441103141422,1212441394,1212440419,25.40987913,27.17105381,8.48390965,28.44879485,21.90866167,8.47956416,36.21271776,2024-12-04 00:00:00
300760,300760.SZ,迈瑞医疗,10091420,069001002002,016082,医疗器械,1041,309172555470.0,309172306845.0,255.0,-1.756819232547,1212441394,1212440419,24.96347349,26.69370751,8.33486269,27.94900095,21.52376608,8.33059355,35.57652577,2024-12-05 00:00:00
300760,300760.SZ,迈瑞医疗,10091420,069001002002,016082,医疗器械,1041,318641722757.14,318641466517.39,262.81,3.062745098039,1212441394,1212440419,25.72804105,27.51126773,8.59013829,28.80500761,22.18298417,8.5857384,36.66614407,2024-12-06 00:00:00
300760,300760.SZ,迈瑞医疗,10091420,069001002002,016082,医疗器械,1041,315052896230.9,315052642877.15,259.85,-1.126288953997,1212441394,1212440419,25.43826896,27.20141136,8.49338851,28.48057999,21.93313967,8.48903817,36.25317734,2024-12-09 00:00:00
300760,300760.SZ,迈瑞医疗,10091420,069001002002,016082,医疗器械,1041,318847837794.12,318847581388.62,262.98,1.204541081393,1212441394,1212440419,25.74468336,27.52906354,8.59569487,28.82364027,22.19733335,8.59129213,36.68986175,2024-12-10 00:00:00
300760,300760.SZ,迈瑞医疗,10091420,069001002002,016082,医疗器械,1041,318023377646.2,318023121903.7,262.3,-0.258574796562,1212441394,1212440419,25.6781141,27.45788032,8.57346857,28.7491096,22.13993664,8.56907721,36.59499102,2024-12-11 00:00:00
300760,300760.SZ,迈瑞医疗,10091420,069001002002,016082,医疗器械,1041,326486218576.32,326485956028.32,269.28,2.661075104842,1212441394,1212440419,26.361428,28.18855513,8.801615,29.514145,22.72909698,8.79710679,37.56881121,2024-12-12 00:00:00
300760,300760.SZ,迈瑞医疗,10091420,069001002002,016082,医疗器械,1041,314228436082.98,314228183392.23,259.17,-3.754456327986,1212441394,1212440419,25.3716997,27.13022814,8.47116221,28.40604932,21.87574296,8.46682326,36.1583066,2024-12-13 00:00:00
300760,300760.SZ,迈瑞医疗,10091420,069001002002,016082,医疗器械,1041,307596381657.8,307596134300.3,253.7,-2.110583786704,1212441394,1212440419,24.83620872,26.55762195,8.29237124,27.80651585,21.41403708,8.28812386,35.39515525,2024-12-16 00:00:00
300760,300760.SZ,迈瑞医疗,10091420,069001002002,016082,医疗器械,1041,306747672682.0,306747426007.0,253.0,-0.275916436736,1212441394,1212440419,24.76768154,26.4843451,8.26949122,27.7297931,21.35495223,8.26525556,35.29749419,2024-12-17 00:00:00
300760,300760.SZ,迈瑞医疗,10091420,069001002002,016082,医疗器械,1041,305680724255.28,305680478438.28,252.12,-0.347826086957,1212441394,1212440419,24.68153308,26.39222564,8.24072777,27.63334164,21.28067414,8.23650685,35.1747203,2024-12-18 00:00:00
300760,300760.SZ,迈瑞医疗,10091420,069001002002,016082,医疗器械,1041,306141451985.0,306141205797.5,252.5,0.150721878471,1212441394,1212440419,24.71873355,26.4320045,8.25314835,27.67499114,21.31274877,8.24892106,35.2277363,2024-12-19 00:00:00
300760,300760.SZ,迈瑞医疗,10091420,069001002002,016082,医疗器械,1041,303425583262.44,303425339258.94,250.26,-0.887128712871,1212441394,1212440419,24.49944657,26.1975186,8.1799323,27.42947834,21.12367726,8.17574252,34.91522094,2024-12-20 00:00:00
300760,300760.SZ,迈瑞医疗,10091420,069001002002,016082,医疗器械,1041,307729750211.14,307729502746.39,253.81,1.418524734276,1212441394,1212440419,24.84697728,26.56913688,8.29596667,27.81857228,21.42332184,8.29171745,35.41050198,2024-12-23 00:00:00
300760,300760.SZ,迈瑞医疗,10091420,069001002002,016082,医疗器械,1041,309136182228.18,309135933632.43,254.97,0.457034789803,1212441394,1212440419,24.96053661,26.69056708,8.33388212,27.94571283,21.52123388,8.32961348,35.5723403,2024-12-24 00:00:00
300760,300760.SZ,迈瑞医疗,10091420,069001002002,016082,医疗器械,1041,311051839630.7,311051589494.45,256.55,0.619680746755,1212441394,1212440419,25.11521225,26.85596338,8.38552558,28.11888703,21.65459682,8.38123049,35.79277524,2024-12-25 00:00:00
300760,300760.SZ,迈瑞医疗,10091420,069001002002,016082,医疗器械,1041,308287473252.38,308287225339.13,254.27,-0.888715649971,1212441394,1212440419,24.89200942,26.61729023,8.31100211,27.86899008,21.46214903,8.30674518,35.47467924,2024-12-26 00:00:00
300760,300760.SZ,迈瑞医疗,10091420,069001002002,016082,医疗器械,1041,313088741172.62,313088489398.37,258.23,1.557399614583,1212441394,1212440419,25.27967748,27.03182781,8.44043762,28.30302163,21.79640045,8.4361144,36.02716176,2024-12-27 00:00:00
300760,300760.SZ,迈瑞医疗,10091420,069001002002,016082,医疗器械,1041,313767708353.26,313767456033.01,258.79,0.216860937924,1212441394,1212440419,25.33449923,27.09044928,8.45874163,28.36439983,21.84366833,8.45440904,36.1052906,2024-12-30 00:00:00
300760,300760.SZ,迈瑞医疗,10091420,069001002002,016082,医疗器械,1041,309172555470.0,309166894470.0,255.0,-1.46450790216,1212441394,1212419194,24.96347349,26.49637019,8.62253071,24.86900972,21.52376608,8.33059355,35.57652577,2024-12-31 00:00:00
300760,300760.SZ,迈瑞医疗,10091420,069001002002,016082,医疗器械,1041,300503599502.9,300498097232.9,247.85,-2.803921568627,1212441394,1212419194,24.26351727,25.75343275,8.38076172,24.17170219,20.92025656,8.09701024,-1.21999226,2025-01-02 00:00:00
300760,300760.SZ,迈瑞医疗,10091420,069001002002,016082,医疗器械,1041,295423470062.04,295418060810.04,243.66,-1.690538632237,1212441394,1212419194,23.85333314,25.31806102,8.2390817,23.76307023,20.56659155,7.96012716,-1.19936782,2025-01-03 00:00:00
300760,300760.SZ,迈瑞医疗,10091420,069001002002,016082,医疗器械,1041,297654362227.0,297648912127.0,245.5,0.755150619716,1212441394,1212419194,24.03346173,25.50925052,8.30129918,23.9425172,20.72190029,8.0202381,-1.20842486,2025-01-06 00:00:00
300760,300760.SZ,迈瑞医疗,10091420,069001002002,016082,医疗器械,1041,292562108372.2,292556751512.2,241.3,-1.710794297352,1212441394,1212419194,23.62229864,25.07283971,8.15928102,23.53290998,20.3673912,7.88302833,-1.18775119,2025-01-07 00:00:00
300760,300760.SZ,迈瑞医疗,10091420,069001002002,016082,医疗器械,1041,290112976756.32,290107664740.32,239.28,-0.83713220058,1212441394,1212419194,23.42454877,24.8629469,8.09097706,23.33590842,20.19688921,7.81703696,-1.17780815,2025-01-08 00:00:00
300760,300760.SZ,迈瑞医疗,10091420,069001002002,016082,医疗器械,1041,286475652574.32,286470407158.32,236.28,-1.253761283852,1212441394,1212419194,23.13086084,24.5512249,7.98953552,23.04333183,19.94366843,7.71902998,-1.16304124,2025-01-09 00:00:00
300760,300760.SZ,迈瑞医疗,10091420,069001002002,016082,医疗器械,1041,280073962014.0,280068833814.0,231.0,-2.234636871508,1212441394,1212419194,22.6139701,24.00259417,7.81099841,22.52839704,19.49799986,7.54653769,-1.13705149,2025-01-10 00:00:00
300760,300760.SZ,迈瑞医疗,10091420,069001002002,016082,医疗器械,1041,280619560641.3,280614422451.3,231.45,0.194805194805,1212441394,1212419194,22.65802329,24.04935247,7.82621464,22.57228353,19.53598298,7.56123873,-1.13926653,2025-01-13 00:00:00
300760,300760.SZ,迈瑞医疗,10091420,069001002002,016082,医疗器械,1041,286136168984.0,286130929784.0,236.0,1.965867357961,1212441394,1212419194,23.10344997,24.52213084,7.98006764,23.01602468,19.92003449,7.70988266,-1.161663,2025-01-14 00:00:00
300760,300760.SZ,迈瑞医疗,10091420,069001002002,016082,医疗器械,1041,284923727590.0,284918510590.0,235.0,-0.423728813559,1212441394,1212419194,23.005554,24.41822351,7.9462538,22.91849915,19.83562757,7.67721366,-1.1567407,2025-01-15 00:00:00
300760,300760.SZ,迈瑞医疗,10091420,069001002002,016082,医疗器械,1041,284366004548.76,284360797760.76,234.54,-0.195744680851,1212441394,1212419194,22.96052185,24.37042614,7.93069943,22.87363741,19.79680038,7.66218593,-1.15447644,2025-01-16 00:00:00
300760,300760.SZ,迈瑞医疗,10091420,069001002002,016082,医疗器械,1041,283529419986.9,283524228516.9,233.85,-0.294192888207,1212441394,1212419194,22.89297363,24.29873008,7.90736787,22.8063448,19.7385596,7.63964432,-1.15108005,2025-01-17 00:00:00
300760,300760.SZ,迈瑞医疗,10091420,069001002002,016082,医疗器械,1041,286621145541.6,286615897461.6,236.4,1.090442591405,1212441394,1212419194,23.14260836,24.56369378,7.99359318,23.05503489,19.95379726,7.72295026,-1.16363192,2025-01-20 00:00:00
300760,300760.SZ,迈瑞医疗,10091420,069001002002,016082,医疗器械,1041,285384455319.72,285379229883.72,235.38,-0.431472081218,1212441394,1212419194,23.04275447,24.4577083,7.95910306,22.95555886,19.8677022,7.68962788,-1.15861117,2025-01-21 00:00:00
300760,300760.SZ,迈瑞医疗,10091420,069001002002,016082,医疗器械,1041,278097682541.78,278092590527.78,229.37,-2.553318038916,1212441394,1212419194,22.45439966,23.83322522,7.75588184,22.36943043,19.36041658,7.49328723,-1.12902814,2025-01-22 00:00:00
300760,300760.SZ,迈瑞医疗,10091420,069001002002,016082,医疗器械,1041,282898950462.02,282893770536.02,233.33,1.726468151894,1212441394,1212419194,22.84206772,24.24469826,7.88978467,22.75563152,19.694668,7.62265644,-1.14852046,2025-01-23 00:00:00
300760,300760.SZ,迈瑞医疗,10091420,069001002002,016082,医疗器械,1041,283759783851.76,283754588163.76,234.04,0.304290061287,1212441394,1212419194,22.91157386,24.31847247,7.9137925,22.82487465,19.75459692,7.64585143,-1.15201529,2025-01-24 00:00:00
300760,300760.SZ,迈瑞医疗,10091420,069001002002,016082,医疗器械,1041,281771379965.6,281766220685.6,232.4,-0.700734917108,1212441394,1212419194,22.75102446,24.14806444,7.8583378,22.66493278,19.61616956,7.59227428,-1.14394272,2025-01-27 00:00:00
300760,300760.SZ,迈瑞医疗,10091420,069001002002,016082,医疗器械,1041,287106122099.2,287100865139.2,236.8,1.893287435456,1212441394,1212419194,23.18176675,24.60525671,8.00711872,23.09404511,19.98756003,7.73601785,-1.16560084,2025-02-05 00:00:00
300760,300760.SZ,迈瑞医疗,10091420,069001002002,016082,医疗器械,1041,290985934560.0,290980606560.0,240.0,1.351351351351,1212441394,1212419194,23.49503387,24.93776018,8.11532302,23.4061268,20.2576622,7.84055864,-1.1813522,2025-02-06 00:00:00
300760,300760.SZ,迈瑞医疗,10091420,069001002002,016082,医疗器械,1041,304553153758.86,304547577340.86,251.19,4.6625,1212441394,1212419194,24.59048982,26.10048325,8.49369996,24.49743746,21.2021757,8.20612468,-1.23643275,2025-02-07 00:00:00
300760,300760.SZ,迈瑞医疗,10091420,069001002002,016082,医疗器械,1041,308020736145.7,308015096235.7,254.05,1.138580357498,1212441394,1212419194,24.87047231,26.39765822,8.59040756,24.77636047,21.4435795,8.29955801,-1.25051053,2025-02-10 00:00:00
300760,300760.SZ,迈瑞医疗,10091420,069001002002,016082,医疗器械,1041,306347567021.98,306341957747.98,252.67,-0.543200157449,1212441394,1212419194,24.73537587,26.2542661,8.54374445,24.64177524,21.32709795,8.25447479,-1.24371775,2025-02-11 00:00:00
300760,300760.SZ,迈瑞医疗,10091420,069001002002,016082,医疗器械,1041,305935336948.02,305929735222.02,252.33,-0.134562868564,1212441394,1212419194,24.70209123,26.21893761,8.53224775,24.60861656,21.29839959,8.24336734,-1.24204417,2025-02-12 00:00:00
300760,300760.SZ,迈瑞医疗,10091420,069001002002,016082,医疗器械,1041,304322789894.0,304317217694.0,251.0,-0.527087544089,1212441394,1212419194,24.57188959,26.08074085,8.48727533,24.47890761,21.18613838,8.19991757,-1.23549751,2025-02-13 00:00:00
300760,300760.SZ,迈瑞医疗,10091420,069001002002,016082,医疗器械,1041,317417156949.2,317411344989.2,261.8,4.302788844622,1212441394,1212419194,25.62916611,27.20294006,8.85246487,25.53218331,22.09773318,8.55274271,-1.28865836,2025-02-14 00:00:00
300760,300760.SZ,迈瑞医疗,10091420,069001002002,016082,医疗器械,1041,313828330422.96,313822584174.96,258.84,-1.130634071811,1212441394,1212419194,25.33939403,26.89537435,8.75237588,25.24350775,21.84788868,8.45604249,-1.27408835,2025-02-17 00:00:00
300760,300760.SZ,迈瑞医疗,10091420,069001002002,016082,医疗器械,1041,310869973421.6,310864281341.6,256.4,-0.942667284809,1212441394,1212419194,25.10052785,26.64184046,8.6698701,25.00554546,21.64193578,8.37633014,-1.26207794,2025-02-18 00:00:00
300760,300760.SZ,迈瑞医疗,10091420,069001002002,016082,医疗器械,1041,310384996864.0,310379313664.0,256.0,-0.15600624025,1212441394,1212419194,25.06136946,26.60027753,8.65634456,24.96653525,21.60817301,8.36326254,-1.26010902,2025-02-19 00:00:00
300760,300760.SZ,迈瑞医疗,10091420,069001002002,016082,医疗器械,1041,311185208184.04,311179510332.04,256.66,0.2578125,1212441394,1212419194,25.1259808,26.66885637,8.6786617,25.0309021,21.66388158,8.38482408,-1.26335773,2025-02-20 00:00:00
300760,300760.SZ,迈瑞医疗,10091420,069001002002,016082,医疗器械,1041,312591640201.08,312585916597.08,257.82,0.451959791163,1212441394,1212419194,25.23954013,26.78938887,8.71788576,25.14403171,21.76179362,8.42272011,-1.2690676,2025-02-21 00:00:00
300760,300760.SZ,迈瑞医疗,10091420,069001002002,016082,医疗器械,1041,315683365755.78,315677585541.78,260.37,0.989062136374,1212441394,1212419194,25.48917487,27.05435258,8.80411107,25.39272181,21.97703128,8.50602605,-1.28161947,2025-02-24 00:00:00
300760,300760.SZ,迈瑞医疗,10091420,069001002002,016082,医疗器械,1041,308566334773.0,308560684873.0,254.5,-2.254484003533,1212441394,1212419194,24.9145255,26.44441652,8.60562379,24.82024696,21.48156262,8.31425905,-1.25272556,2025-02-25 00:00:00
300760,300760.SZ,迈瑞医疗,10091420,069001002002,016082,医疗器械,1041,309512039060.32,309506371844.32,255.28,0.306483300589,1212441394,1212419194,24.99088436,26.52546424,8.63199859,24.89631687,21.54740002,8.33974087,-1.25656496,2025-02-26 00:00:00
300760,300760.SZ,迈瑞医疗,10091420,069001002002,016082,医疗器械,1041,310130384171.26,310124705633.26,255.79,0.19978063303,1212441394,1212419194,25.04081131,26.57845699,8.64924365,24.94605489,21.59044756,8.35640206,-1.25907533,2025-02-27 00:00:00
300760,300760.SZ,迈瑞医疗,10091420,069001002002,016082,医疗器械,1041,306638552956.54,306632938354.54,252.91,-1.125923609211,1212441394,1212419194,24.7588709,26.27920386,8.55185978,24.66518137,21.34735561,8.26231535,-1.24489911,2025-02-28 00:00:00
300760,300760.SZ,迈瑞医疗,10091420,069001002002,016082,医疗器械,1041,303001228774.54,302995680772.54,249.91,-1.186192716777,1212441394,1212419194,24.46518298,25.96748186,8.45041824,24.37260478,21.09413483,8.16430837,-1.2301322,2025-03-03 00:00:00
300760,300760.SZ,迈瑞医疗,10091420,069001002002,016082,医疗器械,1041,298260582924.0,298255121724.0,246.0,-1.564563242767,1212441394,1212419194,24.08240972,25.56120418,8.3182061,23.99127997,20.76410375,8.0365726,-1.21088601,2025-03-04 00:00:00
300760,300760.SZ,迈瑞医疗,10091420,069001002002,016082,医疗器械,1041,294926369090.5,294920968940.5,243.25,-1.117886178862,1212441394,1212419194,23.81319579,25.27545902,8.22521802,23.72308476,20.53198471,7.94673287,-1.19734968,2025-03-05 00:00:00
300760,300760.SZ,迈瑞医疗,10091420,069001002002,016082,医疗器械,1041,299885254391.96,299879763443.96,247.34,1.681397738952,1212441394,1212419194,24.21359032,25.70044001,8.36351665,24.12196417,20.87720903,8.08034905,-1.21748189,2025-03-06 00:00:00
300760,300760.SZ,迈瑞医疗,10091420,069001002002,016082,医疗器械,1041,295932695447.52,295927276871.52,244.08,-1.318023772944,1212441394,1212419194,23.89444945,25.3617021,8.25328352,23.80403095,20.60204245,7.97384813,-1.20143519,2025-03-07 00:00:00
300760,300760.SZ,迈瑞医疗,10091420,069001002002,016082,医疗器械,1041,298018094645.2,298012637885.2,245.8,0.704686987873,1212441394,1212419194,24.06283052,25.54042272,8.31144333,23.97177486,20.74722237,8.0300388,-1.20990155,2025-03-10 00:00:00
300760,300760.SZ,迈瑞医疗,10091420,069001002002,016082,医疗器械,1041,297169385669.4,297163944449.4,245.1,-0.284784377543,1212441394,1212419194,23.99430334,25.46768758,8.28777364,23.90350699,20.68813752,8.00717051,-1.20645594,2025-03-11 00:00:00
300760,300760.SZ,迈瑞医疗,10091420,069001002002,016082,医疗器械,1041,296090312828.74,296084891366.74,244.21,-0.363117095063,1212441394,1212419194,23.90717592,25.37521006,8.25767932,23.81670927,20.61301535,7.9780951,-1.20207509,2025-03-12 00:00:00
300760,300760.SZ,迈瑞医疗,10091420,069001002002,016082,医疗器械,1041,296502542902.7,296497113892.7,244.55,0.139224437984,1212441394,1212419194,23.94046055,25.41053855,8.26917602,23.84986795,20.64171371,7.98920256,-1.20374867,2025-03-13 00:00:00
300760,300760.SZ,迈瑞医疗,10091420,069001002002,016082,医疗器械,1041,303619573885.48,303614014561.48,250.42,2.400327131466,1212441394,1212419194,24.51510992,26.0204746,8.4676633,24.4223428,21.13718236,8.18096956,-1.23264258,2025-03-14 00:00:00
300760,300760.SZ,迈瑞医疗,10091420,069001002002,016082,医疗器械,1041,303292214709.1,303286661379.1,250.15,-0.107818864308,1212441394,1212419194,24.48867801,25.99241962,8.45853356,24.39601091,21.11439249,8.17214893,-1.23131356,2025-03-17 00:00:00
300760,300760.SZ,迈瑞医疗,10091420,069001002002,016082,医疗器械,1041,303740818024.88,303735256480.88,250.52,0.147911253248,1212441394,1212419194,24.52489952,26.03086533,8.47104468,24.43209535,21.14562306,8.18423646,-1.23313481,2025-03-18 00:00:00
300760,300760.SZ,迈瑞医疗,10091420,069001002002,016082,医疗器械,1041,302043400073.28,302037869609.28,249.12,-0.558837617755,1212441394,1212419194,24.38784516,25.88539507,8.4237053,24.29555961,21.02745336,8.13849986,-1.22624359,2025-03-19 00:00:00
300760,300760.SZ,迈瑞医疗,10091420,069001002002,016082,医疗器械,1041,295811451308.12,295806034952.12,243.98,-2.06326268465,1212441394,1212419194,23.88465985,25.35131137,8.24990213,23.7942784,20.59360176,7.97058123,-1.20094296,2025-03-20 00:00:00
300760,300760.SZ,迈瑞医疗,10091420,069001002002,016082,医疗器械,1041,291592155257.0,291586816157.0,240.5,-1.426346421838,1212441394,1212419194,23.54398186,24.98971385,8.13222995,23.45488956,20.29986566,7.85689313,-1.18381335,2025-03-21 00:00:00
300760,300760.SZ,迈瑞医疗,10091420,069001002002,016082,医疗器械,1041,290379713863.0,290374396963.0,239.5,-0.4158004158,1212441394,1212419194,23.44608588,24.88580651,8.0984161,23.35736403,20.21545873,7.82422414,-1.17889105,2025-03-24 00:00:00
300760,300760.SZ,迈瑞医疗,10091420,069001002002,016082,医疗器械,1041,291386040220.02,291380704894.02,240.33,0.346555323591,1212441394,1212419194,23.52733954,24.9720496,8.12648159,23.43831022,20.28551648,7.8513394,-1.18297656,2025-03-25 00:00:00
300760,300760.SZ,迈瑞医疗,10091420,069001002002,016082,医疗器械,1041,291107178699.4,291101848479.4,240.1,-0.095701743436,1212441394,1212419194,23.50482347,24.94815091,8.11870441,23.41587935,20.26610289,7.84382554,-1.18184443,2025-03-26 00:00:00
300760,300760.SZ,迈瑞医疗,10091420,069001002002,016082,医疗器械,1041,293871545077.72,293866164241.72,242.38,0.949604331529,1212441394,1212419194,23.72802629,25.18505964,8.19579998,23.63823755,20.45855068,7.91831084,-1.19306728,2025-03-27 00:00:00
300760,300760.SZ,迈瑞医疗,10091420,069001002002,016082,医疗器械,1041,288658047083.52,288652761707.52,238.08,-1.774073768463,1212441394,1212419194,23.3070736,24.7382581,8.05040044,23.21887778,20.0956009,7.77783417,-1.17190138,2025-03-28 00:00:00
300760,300760.SZ,迈瑞医疗,10091420,069001002002,016082,医疗器械,1041,283711286196.0,283706091396.0,234.0,-1.713709677419,1212441394,1212419194,22.90765802,24.31431618,7.35193851,22.82097363,19.75122064,7.64454467,-1.1518184,2025-03-31 00:00:00
300760,300760.SZ,迈瑞医疗,10091420,069001002002,016082,医疗器械,1041,286936380304.04,286931126452.04,236.66,1.136752136752,1212441394,1212419194,23.16806131,24.59070968,7.43551182,23.08039153,19.97574306,7.73144419,-1.16491172,2025-04-01 00:00:00
300760,300760.SZ,迈瑞医疗,10091420,069001002002,016082,医疗器械,1041,278691778824.84,278686675932.84,229.86,-2.873320375222,1212441394,1212419194,22.50236869,23.88413981,7.22186575,22.41721794,19.40177597,7.50929503,-1.13144007,2025-04-02 00:00:00
300760,300760.SZ,迈瑞医疗,10091420,069001002002,016082,医疗器械,1041,273126672826.38,273121671832.38,225.27,-1.996867658575,1212441394,1212419194,22.05302617,23.40720515,7.07765465,21.96957576,19.01434818,7.35934435,-1.10884671,2025-04-03 00:00:00
300760,300760.SZ,迈瑞医疗,10091420,069001002002,016082,医疗器械,1041,256540474556.46,256535777258.46,211.59,-6.072712744706,1212441394,1212419194,20.71380924,21.98575282,6.64784901,20.63542654,17.85966143,6.91243251,-1.04150963,2025-04-07 00:00:00
300760,300760.SZ,迈瑞医疗,10091420,069001002002,016082,医疗器械,1041,259595826869.34,259591073627.34,214.11,1.190982560613,1212441394,1212419194,20.96050709,22.2475993,6.72702373,20.88119087,18.07236689,6.99475837,-1.05391383,2025-04-08 00:00:00
300760,300760.SZ,迈瑞医疗,10091420,069001002002,016082,医疗器械,1041,259171472381.44,259166726909.44,213.76,-0.163467376582,1212441394,1212419194,20.9262435,22.21123173,6.71602724,20.84705693,18.04282446,6.98332423,-1.05219103,2025-04-09 00:00:00
300760,300760.SZ,迈瑞医疗,10091420,069001002002,016082,医疗器械,1041,261705474894.9,261700683024.9,215.85,0.977732035928,1212441394,1212419194,21.13084609,22.42839806,6.78169199,21.05088529,18.21923494,7.05160242,-1.06247864,2025-04-10 00:00:00
300760,300760.SZ,迈瑞医疗,10091420,069001002002,016082,医疗器械,1041,260553655570.6,260548884790.6,214.9,-0.440120454019,1212441394,1212419194,21.03784491,22.32968609,6.75184438,20.95823604,18.13904836,7.02056688,-1.05780245,2025-04-11 00:00:00
300760,300760.SZ,迈瑞医疗,10091420,069001002002,016082,医疗器械,1041,260323291705.74,260318525143.74,214.71,-0.088413215449,1212441394,1212419194,21.01924468,22.3099437,6.74587486,20.93970619,18.12301104,7.01435977,-1.05686721,2025-04-14 00:00:00
300760,300760.SZ,迈瑞医疗,10091420,069001002002,016082,医疗器械,1041,259644324525.1,259639570395.1,214.15,-0.26081691584,1212441394,1212419194,20.96442293,22.25175559,6.72828048,20.88509189,18.07574316,6.99606513,-1.05411073,2025-04-15 00:00:00
300760,300760.SZ,迈瑞医疗,10091420,069001002002,016082,医疗器械,1041,258565251684.44,258560517312.44,213.26,-0.415596544478,1212441394,1212419194,20.87729551,22.15927807,6.70031797,20.79829417,18.000621,6.96698973,-1.04972988,2025-04-16 00:00:00
300760,300760.SZ,迈瑞医疗,10091420,069001002002,016082,医疗器械,1041,268749759394.04,268744838542.04,221.66,3.938853981056,1212441394,1212419194,21.6996217,23.03209967,6.96423372,21.61750861,18.70963918,7.24140928,-1.0910772,2025-04-17 00:00:00
300760,300760.SZ,迈瑞医疗,10091420,069001002002,016082,医疗器械,1041,263196777809.52,263191958633.52,217.08,-2.066227555716,1212441394,1212419194,21.25125813,22.55620408,6.8203368,21.17084169,18.32305546,7.09178529,-1.06853307,2025-04-18 00:00:00
300760,300760.SZ,迈瑞医疗,10091420,069001002002,016082,医疗器械,1041,261911589931.88,261906794287.88,216.02,-0.488299244518,1212441394,1212419194,21.1474884,22.44606231,6.78703315,21.06746463,18.23358412,7.05715615,-1.06331543,2025-04-21 00:00:00
300760,300760.SZ,迈瑞医疗,10091420,069001002002,016082,医疗器械,1041,266252130122.4,266247255002.4,219.6,1.657253957967,1212441394,1212419194,21.49795599,22.81805056,6.89951152,21.41660602,18.53576091,7.17411115,-1.08093726,2025-04-22 00:00:00
300760,300760.SZ,迈瑞医疗,10091420,069001002002,016082,医疗器械,1041,263366519604.68,263361697320.68,217.22,-1.08378870674,1212441394,1212419194,21.26496357,22.57075111,6.82473539,21.18449526,18.33487243,7.09635895,-1.06922219,2025-04-23 00:00:00
300760,300760.SZ,迈瑞医疗,10091420,069001002002,016082,医疗器械,1041,260323291705.74,260318525143.74,214.71,-1.155510542307,1212441394,1212419194,21.01924468,22.3099437,6.74587486,20.93970619,18.12301104,7.01435977,-1.05686721,2025-04-24 00:00:00
300760,300760.SZ,迈瑞医疗,10091420,069001002002,016082,医疗器械,1041,263111906911.94,263107089289.94,217.01,1.071212332914,1212441394,1212419194,21.24440542,22.54893057,6.8181375,21.1640149,18.31714697,7.08949846,-1.06818851,2025-04-25 00:00:00
300760,300760.SZ,迈瑞医疗,10091420,069001002002,016082,医疗器械,1041,260432411431.2,260427642871.2,214.8,-1.018386249482,1212441394,1212419194,21.02805531,22.31929536,6.74870253,20.94848348,18.13060767,7.01729998,-1.05731022,2025-04-28 00:00:00
300760,300760.SZ,迈瑞医疗,10091420,069001002002,016082,医疗器械,1041,261705474894.9,261700683024.9,215.85,0.488826815642,1212441394,1212419194,23.498384,22.42839806,6.78169199,21.05088529,23.65858498,7.35331869,-1.06247864,2025-04-29 00:00:00
300760,300760.SZ,迈瑞医疗,10091420,069001002002,016082,医疗器械,1041,266324876606.04,266320000154.04,219.66,1.76511466296,1212441394,1212419194,23.91315743,22.824285,6.90139663,21.42245755,24.07618614,7.48311319,-1.0812326,2025-04-30 00:00:00
300760,300760.SZ,迈瑞医疗,10091420,069001002002,016082,医疗器械,1041,267028092614.56,267023203286.56,220.24,0.264044432304,1212441394,1212419194,23.97629879,22.88455126,6.91961939,21.47902236,24.13975796,7.50287194,-1.08408754,2025-05-06 00:00:00
300760,300760.SZ,迈瑞医疗,10091420,069001002002,016082,医疗器械,1041,269659090439.54,269654152937.54,222.41,0.985288775881,1212441394,1212419194,24.21253457,23.11003017,6.98779762,21.69065275,24.37760429,7.57679689,-1.09476893,2025-05-07 00:00:00
300760,300760.SZ,迈瑞医疗,10091420,069001002002,016082,医疗器械,1041,273829888834.9,273824874964.9,225.85,1.546693044378,1212441394,1212419194,24.58702816,23.4674714,7.0958774,22.02614057,24.754651,7.69398668,-1.11170164,2025-05-08 00:00:00
300760,300760.SZ,迈瑞医疗,10091420,069001002002,016082,医疗器械,1041,271586872256.0,271581899456.0,224.0,-0.81912773965,1212441394,1212419194,24.38562899,23.27524283,7.0377531,21.84571834,24.55187879,7.6309631,-1.10259539,2025-05-09 00:00:00
300760,300760.SZ,迈瑞医疗,10091420,069001002002,016082,医疗器械,1041,277830945435.1,277825858305.1,229.15,2.299107142857,1212441394,1212419194,24.94628073,23.81036561,7.19955858,22.34797481,25.11635279,7.80640712,-1.12794524,2025-05-12 00:00:00
300760,300760.SZ,迈瑞医疗,10091420,069001002002,016082,医疗器械,1041,282474595974.12,282469423818.12,232.98,1.671394283221,1212441394,1212419194,25.36323144,24.20833069,7.3198916,22.72149759,25.53614607,7.93688296,-1.14679765,2025-05-13 00:00:00
300760,300760.SZ,迈瑞医疗,10091420,069001002002,016082,医疗器械,1041,281165159268.6,281160011088.6,231.9,-0.463559103786,1212441394,1212419194,25.24565787,24.09611077,7.28595957,22.61617002,25.41777094,7.90009082,-1.14148156,2025-05-14 00:00:00
300760,300760.SZ,迈瑞医疗,10091420,069001002002,016082,医疗器械,1041,277139853840.52,277134779364.52,228.58,-1.431651573954,1212441394,1212419194,24.88422801,23.75113842,7.18165002,22.29238526,25.05387702,7.78698904,-1.12513953,2025-05-15 00:00:00
300760,300760.SZ,迈瑞医疗,10091420,069001002002,016082,医疗器械,1041,274436109531.9,274431084561.9,226.35,-0.975588415434,1212441394,1212419194,24.64146036,23.51942507,7.11158667,22.07490333,24.8094543,7.71102008,-1.1141628,2025-05-16 00:00:00
300760,300760.SZ,迈瑞医疗,10091420,069001002002,016082,医疗器械,1041,274023879457.94,274018862035.94,226.01,-0.150209851999,1212441394,1212419194,24.60444646,23.48409658,7.10090437,22.04174466,24.77218806,7.69943737,-1.11248921,2025-05-19 00:00:00
300760,300760.SZ,迈瑞医疗,10091420,069001002002,016082,医疗器械,1041,271247388665.68,271242422081.68,223.72,-1.013229503119,1212441394,1212419194,24.35514695,23.24614878,7.02895591,21.8184112,24.52118894,7.6214244,-1.10121714,2025-05-20 00:00:00
300760,300760.SZ,迈瑞医疗,10091420,069001002002,016082,医疗器械,1041,274824090777.98,274819058703.98,226.67,1.318612551404,1212441394,1212419194,24.67629698,23.55267542,7.1216406,22.1061115,24.84452841,7.72192146,-1.11573793,2025-05-21 00:00:00
300760,300760.SZ,迈瑞医疗,10091420,069001002002,016082,医疗器械,1041,273526778486.4,273521770166.4,225.6,-0.47205188159,1212441394,1212419194,24.55981205,23.44149457,7.08802277,22.00175919,24.72724935,7.68546998,-1.11047107,2025-05-22 00:00:00
300760,300760.SZ,迈瑞医疗,10091420,069001002002,016082,医疗器械,1041,281165159268.6,281160011088.6,231.9,2.792553191489,1212441394,1212419194,25.24565787,24.09611077,7.28595957,22.61617002,25.41777094,7.90009082,-1.14148156,2025-05-23 00:00:00
300760,300760.SZ,迈瑞医疗,10091420,069001002002,016082,医疗器械,1041,276812494664.14,276807426182.14,228.31,-1.548081069426,1212441394,1212419194,24.85483462,23.72308344,7.17316701,22.26605337,25.02428324,7.77779101,-1.1238105,2025-05-26 00:00:00
300760,300760.SZ,迈瑞医疗,10091420,069001002002,016082,医疗器械,1041,275563680028.32,275558634412.32,227.28,-0.45114099251,1212441394,1212419194,24.74270427,23.61605889,7.14080591,22.16560208,24.91138844,7.7427022,-1.11874054,2025-05-27 00:00:00
300760,300760.SZ,迈瑞医疗,10091420,069001002002,016082,医疗器械,1041,279479865730.94,279474748408.94,230.51,1.421154523055,1212441394,1212419194,25.09433633,23.95167958,7.2422878,22.48060953,25.26541776,7.85273797,-1.13463957,2025-05-28 00:00:00
300760,300760.SZ,迈瑞医疗,10091420,069001002002,016082,医疗器械,1041,276085029827.74,276079974665.74,227.71,-0.363174936554,1212441394,1212419194,24.78951597,23.66073904,7.15431589,22.20753805,24.95851928,7.75735093,-1.12085712,2025-05-29 00:00:00
300760,300760.SZ,迈瑞医疗,10091420,069001002002,016082,医疗器械,1041,273854137662.78,273849123348.78,225.87,-0.808045320803,1212441394,1212419194,24.58920544,23.46954955,7.09650577,22.02809108,24.75684313,7.69466802,-1.11180009,2025-05-30 00:00:00
300760,300760.SZ,迈瑞医疗,10091420,069001002002,016082,医疗器械,1041,282122987969.86,282117822251.86,232.69,3.019435958737,1212441394,1212419194,25.33166076,24.17819757,7.31078022,22.69321518,25.50436016,7.92700359,-1.14537018,2025-06-03 00:00:00
300760,300760.SZ,迈瑞医疗,10091420,069001002002,016082,医疗器械,1041,277467213016.9,277462132546.9,228.85,-1.650264300142,1212441394,1212419194,24.9136214,23.77919341,7.19013302,22.31871716,25.08347081,7.79618708,-1.12646855,2025-06-04 00:00:00
300760,300760.SZ,迈瑞医疗,10091420,069001002002,016082,医疗器械,1041,285287460008.2,285282236348.2,235.3,2.818440026218,1212441394,1212419194,25.61579688,24.44939571,7.39278261,22.94775681,25.79043339,8.01591794,-1.15821739,2025-06-05 00:00:00
300760,300760.SZ,迈瑞医疗,10091420,069001002002,016082,医疗器械,1041,281892624105.0,281887462605.0,232.5,-1.189970250744,1212441394,1212419194,25.31097652,24.15845517,7.3048107,22.67468533,25.4835349,7.9205309,-1.14443495,2025-06-06 00:00:00
300760,300760.SZ,迈瑞医疗,10091420,069001002002,016082,医疗器械,1041,285833058635.5,285827824985.5,235.75,1.397849462366,1212441394,1212419194,25.66478587,24.49615401,7.40692095,22.9916433,25.83975636,8.031248,-1.16043242,2025-06-09 00:00:00
300760,300760.SZ,迈瑞医疗,10091420,069001002002,016082,医疗器械,1041,285833058635.5,285827824985.5,235.75,0.0,1212441394,1212419194,25.66478587,24.49615401,7.40692095,22.9916433,25.83975636,8.031248,-1.16043242,2025-06-10 00:00:00
300760,300760.SZ,迈瑞医疗,10091420,069001002002,016082,医疗器械,1041,287736591624.08,287731323120.08,237.32,0.665959703075,1212441394,1212419194,25.835703,24.65928852,7.45624806,23.14475838,26.01183872,8.08473287,-1.16816044,2025-06-11 00:00:00
300760,300760.SZ,迈瑞医疗,10091420,069001002002,016082,医疗器械,1041,286863633820.4,286858381300.4,236.6,-0.303387830777,1212441394,1212419194,25.75732062,24.58447524,7.43362671,23.07454,25.93292197,8.06020478,-1.16461638,2025-06-12 00:00:00
300760,300760.SZ,迈瑞医疗,10091420,069001002002,016082,医疗器械,1041,287688093968.32,287682826352.32,237.28,0.28740490279,1212441394,1212419194,25.83134842,24.65513223,7.45499132,23.14085736,26.00745446,8.0833702,-1.16796354,2025-06-13 00:00:00
300760,300760.SZ,迈瑞医疗,10091420,069001002002,016082,医疗器械,1041,286875758234.34,286870505492.34,236.61,-0.282366824005,1212441394,1212419194,25.75840926,24.58551432,7.4339409,23.07551526,25.93401804,8.06054544,-1.1646656,2025-06-16 00:00:00
300760,300760.SZ,迈瑞医疗,10091420,069001002002,016082,医疗器械,1041,281298527821.94,281293377199.94,232.01,-1.94412746714,1212441394,1212419194,25.25763295,24.10754058,7.28941561,22.62689783,25.42982767,7.90383817,-1.14202302,2025-06-17 00:00:00
300760,300760.SZ,迈瑞医疗,10091420,069001002002,016082,医疗器械,1041,278012811644.2,278007721184.2,229.3,-1.168053101159,1212441394,1212419194,24.96261039,23.82595171,7.20427137,22.36260364,25.13279378,7.81151714,-1.12868358,2025-06-18 00:00:00
300760,300760.SZ,迈瑞医疗,10091420,069001002002,016082,医疗器械,1041,273951132974.3,273946116884.3,225.95,-1.460968163977,1212441394,1212419194,24.5979146,23.47786214,7.09901925,22.03589312,24.76561166,7.69739336,-1.11219387,2025-06-19 00:00:00
300760,300760.SZ,迈瑞医疗,10091420,069001002002,016082,医疗器械,1041,275539431200.44,275534386028.44,227.26,0.579774286347,1212441394,1212419194,24.74052698,23.61398074,7.14017754,22.16365157,24.90919631,7.74202087,-1.11864209,2025-06-20 00:00:00
300760,300760.SZ,迈瑞医疗,10091420,069001002002,016082,医疗器械,1041,273805640007.02,273800626581.02,225.83,-0.629235237173,1212441394,1212419194,24.58485087,23.46539326,7.09524903,22.02419006,24.75245887,7.69330535,-1.1116032,2025-06-23 00:00:00
300760,300760.SZ,迈瑞医疗,10091420,069001002002,016082,医疗器械,1041,272605323026.96,272600331578.96,224.84,-0.438382854359,1212441394,1212419194,24.4770751,23.362525,7.06414467,21.92763979,24.64394833,7.65957921,-1.10673012,2025-06-24 00:00:00
300760,300760.SZ,迈瑞医疗,10091420,069001002002,016082,医疗器械,1041,277709701295.7,277704616385.7,229.05,1.872442625867,1212441394,1212419194,24.93539428,23.79997487,7.19641673,22.33822226,25.10539213,7.80300044,-1.12745301,2025-06-25 00:00:00
300760,300760.SZ,迈瑞医疗,10091420,069001002002,016082,医疗器械,1041,275830417135.0,275825366635.0,227.5,-0.676708142327,1212441394,1212419194,24.76665444,23.6389185,7.14771799,22.18705769,24.93550189,7.7501969,-1.11982344,2025-06-26 00:00:00
300760,300760.SZ,迈瑞医疗,10091420,069001002002,016082,医疗器械,1041,274787717536.16,274782686128.16,226.64,-0.378021978022,1212441394,1212419194,24.67303104,23.5495582,7.12069805,22.10318574,24.84124022,7.72089945,-1.11559026,2025-06-27 00:00:00
300760,300760.SZ,迈瑞医疗,10091420,069001002002,016082,医疗器械,1041,272496203301.5,272488162870.25,224.75,-0.83392163784,1212441394,1212405619,24.4672773,23.35317334,6.97980757,21.91886249,24.63408374,7.6565132,-1.10628711,2025-06-30 00:00:00
300760,300760.SZ,迈瑞医疗,10091420,069001002002,016082,医疗器械,1041,274617975741.0,274609872703.5,226.5,0.778642936596,1212441394,1212405619,24.65779003,23.53501117,7.03415534,22.08953216,24.82589529,7.7161301,-1.11490114,2025-07-01 00:00:00
300760,300760.SZ,迈瑞医疗,10091420,069001002002,016082,医疗器械,1041,272787189236.06,272779140218.81,224.99,-0.666666666667,1212441394,1212405619,24.49340476,23.3781111,6.98726098,21.94226862,24.66038932,7.66468923,-1.10746847,2025-07-02 00:00:00
300760,300760.SZ,迈瑞医疗,10091420,069001002002,016082,医疗器械,1041,266979594958.8,266971717303.8,220.2,-2.128983510378,1212441394,1212405619,23.97194421,22.88039497,6.83850334,21.47512134,24.1353737,7.50150926,-1.08389065,2025-07-03 00:00:00
300760,300760.SZ,迈瑞医疗,10091420,069001002002,016082,医疗器械,1041,271344383977.2,271336377532.2,223.8,1.634877384196,1212441394,1212405619,24.3638561,23.25446137,6.95030449,21.82621324,24.52995747,7.62414974,-1.10161093,2025-07-04 00:00:00
300760,300760.SZ,迈瑞医疗,10091420,069001002002,016082,医疗器械,1041,262384442075.54,262376700007.79,216.41,-3.302055406613,1212441394,1212405619,23.55934808,22.48658617,6.72080158,21.10549958,23.71996468,7.37239609,-1.06523512,2025-07-07 00:00:00
300760,300760.SZ,迈瑞医疗,10091420,069001002002,016082,医疗器械,1041,263499888158.02,263492113177.27,217.33,0.425118987108,1212441394,1212405619,23.65950334,22.58218092,6.74937298,21.19522307,23.82080275,7.40373755,-1.06976364,2025-07-08 00:00:00
300760,300760.SZ,迈瑞医疗,10091420,069001002002,016082,医疗器械,1041,260044430185.12,260036757163.12,214.48,-1.311369806285,1212441394,1212405619,23.34923976,22.28604501,6.66086375,20.91727531,23.50842394,7.30664717,-1.05573508,2025-07-09 00:00:00
300760,300760.SZ,迈瑞医疗,10091420,069001002002,016082,医疗器械,1041,265100310798.1,265092488594.35,218.65,1.944237224916,1212441394,1212405619,23.80320437,22.7193386,6.79036674,21.32395677,23.96548347,7.44870572,-1.07626108,2025-07-10 00:00:00
300760,300760.SZ,迈瑞医疗,10091420,069001002002,016082,医疗器械,1041,268046543385.52,268038634248.52,221.08,1.111365195518,1212441394,1212405619,24.0677449,22.97183342,6.86583251,21.5609438,24.23182751,7.53148805,-1.08822227,2025-07-11 00:00:00
300760,300760.SZ,迈瑞医疗,10091420,069001002002,016082,医疗器械,1041,263099782498.0,263092019323.0,217.0,-1.845485796997,1212441394,1212405619,23.62357808,22.5478915,6.73912455,21.16303964,23.78463258,7.39249551,-1.06813928,2025-07-14 00:00:00
300760,300760.SZ,迈瑞医疗,10091420,069001002002,016082,医疗器械,1041,260747646193.64,260739952422.14,215.06,-0.89400921659,1212441394,1212405619,23.41238112,22.34631127,6.67887615,20.97384012,23.57199577,7.32640591,-1.05859002,2025-07-15 00:00:00
300760,300760.SZ,迈瑞医疗,10091420,069001002002,016082,医疗器械,1041,260250545222.1,260242866118.35,214.65,-0.19064447131,1212441394,1212405619,23.36774671,22.30370926,6.66614324,20.93385465,23.52705706,7.31243853,-1.05657188,2025-07-16 00:00:00
300760,300760.SZ,迈瑞医疗,10091420,069001002002,016082,医疗器械,1041,263318021948.92,263310252334.42,217.18,1.178662939669,1212441394,1212405619,23.64317368,22.56659482,6.7447146,21.18059424,23.80436176,7.39862753,-1.0690253,2025-07-17 00:00:00
300760,300760.SZ,迈瑞医疗,10091420,069001002002,016082,医疗器械,1041,273187294896.08,273179234073.08,225.32,3.748043097891,1212441394,1212405619,24.52933002,23.41240052,6.99750941,21.97445204,24.6965595,7.67593128,-1.10909283,2025-07-18 00:00:00
300760,300760.SZ,迈瑞医疗,10091420,069001002002,016082,医疗器械,1041,273757142351.26,273749064714.01,225.79,0.208592224392,1212441394,1212405619,24.58049629,23.46123696,7.01210567,22.02028904,24.7480746,7.69194267,-1.11140631,2025-07-21 00:00:00
300760,300760.SZ,迈瑞医疗,10091420,069001002002,016082,医疗器械,1041,274011755044.0,274003669894.0,226.0,0.093006776208,1212441394,1212405619,24.60335782,23.4830575,7.01862741,22.0407694,24.77109199,7.6990967,-1.11243999,2025-07-22 00:00:00
300760,300760.SZ,迈瑞医疗,10091420,069001002002,016082,医疗器械,1041,277042858529.0,277034683941.5,228.5,1.106194690265,1212441394,1212405619,24.87551886,23.74282584,7.09626709,22.28458322,25.0451085,7.7842637,-1.12474574,2025-07-23 00:00:00
300760,300760.SZ,迈瑞医疗,10091420,069001002002,016082,医疗器械,1041,281371274305.58,281362972001.33,232.07,1.562363238512,1212441394,1212405619,25.26416482,24.11377502,7.20713656,22.63274936,25.43640406,7.90588217,-1.14231836,2025-07-24 00:00:00
300760,300760.SZ,迈瑞医疗,10091420,069001002002,016082,医疗器械,1041,281092412784.96,281084118708.96,231.84,-0.09910802775,1212441394,1212405619,25.239126,24.08987633,7.19999371,22.61031849,25.41119454,7.89804681,-1.14118623,2025-07-25 00:00:00
300760,300760.SZ,迈瑞医疗,10091420,069001002002,016082,医疗器械,1041,282717084252.92,282708742238.42,233.18,0.577984817115,1212441394,1212405619,25.38500432,24.22911216,7.24160858,22.74100269,25.55806739,7.94369632,-1.14778211,2025-07-28 00:00:00
300760,300760.SZ,迈瑞医疗,10091420,069001002002,016082,医疗器械,1041,281068163957.08,281059870596.58,231.82,-0.58324041513,1212441394,1212405619,25.23694871,24.08779819,7.19937259,22.60836797,25.40900241,7.89736547,-1.14108778,2025-07-29 00:00:00
300760,300760.SZ,迈瑞医疗,10091420,069001002002,016082,医疗器械,1041,288512554116.24,288504041097.24,237.96,2.648606677595,1212441394,1212405619,25.90537622,24.72578922,7.39005566,23.20717472,26.08198695,8.10653562,-1.17131071,2025-07-30 00:00:00
300760,300760.SZ,迈瑞医疗,10091420,069001002002,016082,医疗器械,1041,280316450292.8,280308179112.8,231.2,-2.840813582115,1212441394,1212405619,25.16945278,24.02337564,7.18011795,22.54790215,25.34104632,7.87624406,-1.13803595,2025-07-31 00:00:00
300760,300760.SZ,迈瑞医疗,10091420,069001002002,016082,医疗器械,1041,275503057958.62,275494928805.37,227.23,-1.717128027682,1212441394,1212405619,24.73726105,23.61086352,7.05682613,22.1607258,24.90590811,7.74099886,-1.11849442,2025-08-01 00:00:00
300760,300760.SZ,迈瑞医疗,10091420,069001002002,016082,医疗器械,1041,275587928856.2,275579797198.7,227.3,0.030805791489,1212441394,1212405619,24.74488156,23.61813704,7.05900004,22.16755259,24.91358057,7.74338354,-1.11883898,2025-08-04 00:00:00
300760,300760.SZ,迈瑞医疗,10091420,069001002002,016082,医疗器械,1041,276473011073.82,276464853300.57,228.03,0.321161460625,1212441394,1212405619,24.82435258,23.69398939,7.08167083,22.23874622,24.99359339,7.7682523,-1.12243226,2025-08-05 00:00:00
300760,300760.SZ,迈瑞医疗,10091420,069001002002,016082,医疗器械,1041,276812494664.14,276804326873.89,228.31,0.122790860852,1212441394,1212405619,24.85483462,23.72308344,7.09036648,22.26605337,25.02428324,7.77779101,-1.1238105,2025-08-06 00:00:00
300760,300760.SZ,迈瑞医疗,10091420,069001002002,016082,医疗器械,1041,279819349321.26,279811092809.01,230.79,1.086242389733,1212441394,1212405619,25.12481837,23.98077363,7.16738504,22.50791668,25.29610761,7.86227667,-1.13601781,2025-08-07 00:00:00
300760,300760.SZ,迈瑞医疗,10091420,069001002002,016082,医疗器械,1041,279722354009.74,279714100359.49,230.71,-0.034663546947,1212441394,1212405619,25.11610921,23.97246105,7.16490057,22.50011464,25.28733908,7.85955133,-1.13562403,2025-08-08 00:00:00
300760,300760.SZ,迈瑞医疗,10091420,069001002002,016082,医疗器械,1041,279467741317.0,279459495179.5,230.5,-0.091023362663,1212441394,1212405619,25.09324769,23.95064051,7.15837884,22.47963428,25.2643217,7.8523973,-1.13459034,2025-08-11 00:00:00
300760,300760.SZ,迈瑞医疗,10091420,069001002002,016082,医疗器械,1041,284075018614.2,284066636531.7,234.3,1.648590021692,1212441394,1212405619,25.50693246,24.34548838,7.27639116,22.85023128,25.68082679,7.98185114,-1.15329509,2025-08-12 00:00:00
300760,300760.SZ,迈瑞医疗,10091420,069001002002,016082,医疗器械,1041,286730265267.06,286721804837.31,236.49,0.934699103713,1212441394,1212405619,25.74534553,24.57304544,7.34440352,23.06381219,25.92086524,8.05645743,-1.16407493,2025-08-13 00:00:00
300760,300760.SZ,迈瑞医疗,10091420,069001002002,016082,医疗器械,1041,283032319015.36,283023967699.36,233.44,-1.28969512453,1212441394,1212405619,25.41330907,24.25612807,7.24968311,22.76635933,25.58656511,7.95255369,-1.14906191,2025-08-14 00:00:00
300760,300760.SZ,迈瑞医疗,10091420,069001002002,016082,医疗器械,1041,285202589110.62,285194173757.37,235.23,0.766792323509,1212441394,1212405619,25.60817637,24.4421222,7.30527312,22.94093003,25.78276092,8.01353326,-1.15787283,2025-08-15 00:00:00
300760,300760.SZ,迈瑞医疗,10091420,069001002002,016082,医疗器械,1041,286924255890.1,286915789736.35,236.65,0.603664498576,1212441394,1212405619,25.76276384,24.58967061,7.34937246,23.07941628,25.9384023,8.06190812,-1.16486249,2025-08-18 00:00:00
300760,300760.SZ,迈瑞医疗,10091420,069001002002,016082,医疗器械,1041,283929525646.92,283921147857.42,234.18,-1.043735474329,1212441394,1212405619,25.49386873,24.3330195,7.27266445,22.83852822,25.66767399,7.97776312,-1.15270441,2025-08-19 00:00:00
300760,300760.SZ,迈瑞医疗,10091420,069001002002,016082,医疗器械,1041,286815136164.64,286806673230.64,236.56,1.016312238449,1212441394,1212405619,25.75296604,24.58031895,7.34657743,23.07063898,25.92853771,8.0588421,-1.16441949,2025-08-20 00:00:00
300760,300760.SZ,迈瑞医疗,10091420,069001002002,016082,医疗器械,1041,297908974919.74,297900184644.49,245.71,3.867940480216,1212441394,1212405619,26.74907544,25.53107106,7.63073867,23.96299756,26.93143811,8.37055332,-1.20945854,2025-08-21 00:00:00
300760,300760.SZ,迈瑞医疗,10091420,069001002002,016082,医疗器械,1041,296138810484.5,296130072440.75,244.25,-0.594196410403,1212441394,1212405619,26.59013339,25.37936635,7.5853971,23.82061029,26.77141247,8.32081579,-1.20227198,2025-08-22 00:00:00
300760,300760.SZ,迈瑞医疗,10091420,069001002002,016082,医疗器械,1041,297654362227.0,297645579464.5,245.5,0.511770726714,1212441394,1212405619,26.72621391,25.50925052,7.62421694,23.9425172,26.90842072,8.36339929,-1.20842486,2025-08-25 00:00:00
300760,300760.SZ,迈瑞医疗,10091420,069001002002,016082,医疗器械,1041,299194162797.38,299185334600.63,246.77,0.517311608961,1212441394,1212405619,26.86447172,25.64121283,7.6636579,24.06637462,27.04762111,8.40666413,-1.21467618,2025-08-26 00:00:00
300760,300760.SZ,迈瑞医疗,10091420,069001002002,016082,医疗器械,1041,299848881150.14,299840033634.89,247.31,0.218827248045,1212441394,1212405619,26.9232585,25.69732279,7.68042807,24.11903841,27.10680867,8.4250602,-1.21733422,2025-08-27 00:00:00
300760,300760.SZ,迈瑞医疗,10091420,069001002002,016082,医疗器械,1041,299570019629.52,299561180342.52,247.08,-0.093000687396,1212441394,1212405619,32.64528746,25.67342411,7.67328522,24.09660754,38.12129226,9.09492365,-1.21620209,2025-08-28 00:00:00
300760,300760.SZ,迈瑞医疗,10091420,069001002002,016082,医疗器械,1041,294368646049.26,294359960237.01,242.79,-1.73627974745,1212441394,1212405619,32.07847395,25.22766164,7.54005552,23.67822302,37.45939998,8.93701034,-1.19508542,2025-08-29 00:00:00
300760,300760.SZ,迈瑞医疗,10091420,069001002002,016082,医疗器械,1041,298842554793.12,298833736971.12,246.48,1.51983195354,1212441394,1212405619,32.56601284,25.6110797,7.6546517,24.03809222,38.02871991,9.07283788,-1.21324871,2025-09-01 00:00:00
300760,300760.SZ,迈瑞医疗,10091420,069001002002,016082,医疗器械,1041,293604807971.04,293596144697.04,242.16,-1.752677702045,1212441394,1212405619,31.9952356,25.16220002,7.52049032,23.61678194,37.36219902,8.91382027,-1.19198437,2025-09-02 00:00:00
300760,300760.SZ,迈瑞医疗,10091420,069001002002,016082,医疗器械,1041,289543129301.14,289534585873.39,238.81,-1.383382887347,1212441394,1212405619,31.55261898,24.81411045,7.41645315,23.29007142,36.84533675,8.79050801,-1.17549466,2025-09-03 00:00:00
300760,300760.SZ,迈瑞医疗,10091420,069001002002,016082,医疗器械,1041,283105065499.0,283096712036.5,233.5,-2.223524978016,1212441394,1212405619,30.85103862,24.26236251,7.25154646,22.77221086,36.02607149,8.59504886,-1.14935725,2025-09-04 00:00:00
300760,300760.SZ,迈瑞医疗,10091420,069001002002,016082,医疗器械,1041,288512554116.24,288504041097.24,237.96,2.485033808519,1212441394,1212405619,31.44031328,24.72578922,7.39005566,23.20717472,36.71419259,8.75921982,-1.17131071,2025-09-05 00:00:00
300760,300760.SZ,迈瑞医疗,10091420,069001002002,016082,医疗器械,1041,300733963367.76,300725089736.76,248.04,4.236006051437,1212441394,1212405619,32.77212685,25.77317515,7.70309886,24.19023204,38.26940801,9.1302609,-1.2209275,2025-09-08 00:00:00
300760,300760.SZ,迈瑞医疗,10091420,069001002002,016082,医疗器械,1041,292198375954.0,292189754179.0,241.0,-2.838251894856,1212441394,1212405619,31.84197134,25.04166751,7.48446551,23.50365232,37.18322582,8.8711211,-1.1862745,2025-09-09 00:00:00
300760,300760.SZ,迈瑞医疗,10091420,069001002002,016082,医疗器械,1041,289421885161.74,289413345311.49,238.71,-0.95020746888,1212441394,1212405619,31.53940655,24.80371972,7.41334756,23.28031886,36.82990803,8.78682704,-1.17500243,2025-09-10 00:00:00
300760,300760.SZ,迈瑞医疗,10091420,069001002002,016082,医疗器械,1041,295520465373.56,295511745575.06,243.74,2.10715931465,1212441394,1212405619,32.20399209,25.32637361,7.5695586,23.77087227,37.60597287,8.97197949,-1.19976161,2025-09-11 00:00:00
300760,300760.SZ,迈瑞医疗,10091420,069001002002,016082,医疗器械,1041,292186251540.06,292177630122.81,240.99,-1.128251415443,1212441394,1212405619,31.84065009,25.04062844,7.48415495,23.50267707,37.18168294,8.870753,-1.18622528,2025-09-12 00:00:00
300760,300760.SZ,迈瑞医疗,10091420,069001002002,016082,医疗器械,1041,290500958002.4,290492386312.4,239.6,-0.576787418565,1212441394,1212405619,31.65699723,24.89619725,7.44098729,23.36711658,36.96722367,8.81958761,-1.17938328,2025-09-15 00:00:00
300760,300760.SZ,迈瑞医疗,10091420,069001002002,016082,医疗器械,1041,290500958002.4,290492386312.4,239.6,0.0,1212441394,1212405619,31.65699723,24.89619725,7.44098729,23.36711658,36.96722367,8.81958761,-1.17938328,2025-09-16 00:00:00
300760,300760.SZ,迈瑞医疗,10091420,069001002002,016082,医疗器械,1041,290246345309.66,290237781132.41,239.39,-0.087646076795,1212441394,1212405619,31.62925112,24.87437671,7.43446555,23.34663622,36.93482335,8.81185759,-1.1783496,2025-09-17 00:00:00
300760,300760.SZ,迈瑞医疗,10091420,069001002002,016082,医疗器械,1041,288318563493.2,288310056198.2,237.8,-0.664188144868,1212441394,1212405619,31.41917338,24.70916405,7.38508672,23.19157063,36.68950664,8.75333028,-1.17052314,2025-09-18 00:00:00
300760,300760.SZ,迈瑞医疗,10091420,069001002002,016082,医疗器械,1041,284923727590.0,284915320465.0,235.0,-1.177460050463,1212441394,1212405619,31.04922516,24.41822351,7.29813027,22.91849915,36.25750235,8.65026331,-1.1567407,2025-09-19 00:00:00
300760,300760.SZ,迈瑞医疗,10091420,069001002002,016082,医疗器械,1041,287530476587.1,287521992545.85,237.15,0.914893617021,1212441394,1212405619,31.33329254,24.64162428,7.3649004,23.12817904,36.58921993,8.72940402,-1.16732364,2025-09-22 00:00:00
300760,300760.SZ,迈瑞医疗,10091420,069001002002,016082,医疗器械,1041,283105065499.0,283096712036.5,233.5,-1.539110267763,1212441394,1212405619,30.85103862,24.26236251,7.25154646,22.77221086,36.02607149,8.59504886,-1.14935725,2025-09-23 00:00:00
300760,300760.SZ,迈瑞医疗,10091420,069001002002,016082,医疗器械,1041,283577917642.66,283569550227.91,233.89,0.167023554604,1212441394,1212405619,30.90256712,24.30288637,7.26365825,22.81024582,36.08624351,8.60940462,-1.15127694,2025-09-24 00:00:00
300760,300760.SZ,迈瑞医疗,10091420,069001002002,016082,医疗器械,1041,297048141530.0,297039376655.0,245.0,4.750096199068,1212441394,1212405619,32.37046879,25.45729685,7.608689,23.89375444,37.80037479,9.01835962,-1.20596371,2025-09-25 00:00:00
300760,300760.SZ,迈瑞医疗,10091420,069001002002,016082,医疗器械,1041,289227894538.7,289219360412.45,238.55,-2.632653061224,1212441394,1212405619,31.51826665,24.78709455,7.40837862,23.26471478,36.80522207,8.7809375,-1.17421487,2025-09-26 00:00:00
300760,300760.SZ,迈瑞医疗,10091420,069001002002,016082,医疗器械,1041,289773493166.0,289764942941.0,239.0,0.188639698176,1212441394,1212405619,31.57772261,24.83385285,7.42235376,23.30860127,36.87465133,8.79750184,-1.1764299,2025-09-29 00:00:00
300760,300760.SZ,迈瑞医疗,10091420,069001002002,016082,医疗器械,1041,297884726091.86,297875936532.11,245.69,2.799163179916,1212441394,1212405619,32.4616346,25.52899291,7.58022521,23.96104705,37.90683299,9.04375827,-1.20936009,2025-09-30 00:00:00
300760,300760.SZ,迈瑞医疗,10091420,069001002002,016082,医疗器械,1041,300976451646.56,300967570860.56,248.24,1.03789328015,1212441394,1212405619,32.79855172,25.79395661,7.65889986,24.20973715,38.30026546,9.13762283,-1.22191196,2025-10-09 00:00:00
300760,300760.SZ,迈瑞医疗,10091420,069001002002,016082,医疗器械,1041,293410817348.0,293402159798.0,242.0,-2.513696422817,1212441394,1212405619,31.9740957,25.14557485,7.46637837,23.60117785,37.33751306,8.90793073,-1.1911968,2025-10-10 00:00:00
300760,300760.SZ,迈瑞医疗,10091420,069001002002,016082,医疗器械,1041,285166215868.8,285157801588.8,235.2,-2.809917355372,1212441394,1212405619,31.07565004,24.43900498,7.25657931,22.93800426,36.2883598,8.65762524,-1.15772516,2025-10-13 00:00:00
300760,300760.SZ,迈瑞医疗,10091420,069001002002,016082,医疗器械,1041,279685980767.92,279677728190.92,230.68,-1.921768707483,1212441394,1212405619,30.47844792,23.96934383,7.11712464,22.49718887,35.59098146,8.4912457,-1.13547636,2025-10-14 00:00:00
300760,300760.SZ,迈瑞医疗,10091420,069001002002,016082,医疗器械,1041,279467741317.0,279459495179.5,230.5,-0.078030171666,1212441394,1212405619,30.45466553,23.95064051,7.11157113,22.47963428,35.56320975,8.48461997,-1.13459034,2025-10-15 00:00:00
300760,300760.SZ,迈瑞医疗,10091420,069001002002,016082,医疗器械,1041,279989091116.42,279980829595.67,230.93,0.186550976139,1212441394,1212405619,30.51147901,23.99532066,7.12483784,22.52157025,35.62955327,8.50044811,-1.13670693,2025-10-16 00:00:00
300760,300760.SZ,迈瑞医疗,10091420,069001002002,016082,医疗器械,1041,273405534347.0,273397467084.5,225.5,-2.351361884554,1212441394,1212405619,29.79404372,23.43110384,6.95730712,21.99200664,34.79177353,8.30057182,-1.10997884,2025-10-17 00:00:00
300760,300760.SZ,迈瑞医疗,10091420,069001002002,016082,医疗器械,1041,270944278317.18,270936283677.93,223.47,-0.90022172949,1212441394,1212405619,29.52583127,23.22017195,6.89467593,21.79402981,34.47857043,8.22584826,-1.09998657,2025-10-20 00:00:00
300760,300760.SZ,迈瑞医疗,10091420,069001002002,016082,医疗器械,1041,271065522456.58,271057524239.83,223.57,0.044748735848,1212441394,1212405619,29.5390437,23.23056268,6.89776121,21.80378237,34.49399915,8.22952923,-1.1004788,2025-10-21 00:00:00
300760,300760.SZ,迈瑞医疗,10091420,069001002002,016082,医疗器械,1041,266979594958.8,266971717303.8,220.2,-1.507357874491,1212441394,1212405619,29.0937846,22.88039497,6.79378726,21.47512134,33.97405114,8.10548077,-1.08389065,2025-10-22 00:00:00
300760,300760.SZ,迈瑞医疗,10091420,069001002002,016082,医疗器械,1041,268919501189.2,268911566294.2,221.8,0.726612170754,1212441394,1212405619,29.30518358,23.0466467,6.84315174,21.63116218,34.22091073,8.16437618,-1.09176633,2025-10-23 00:00:00
300760,300760.SZ,迈瑞医疗,10091420,069001002002,016082,医疗器械,1041,268616390840.7,268608464889.45,221.55,-0.112714156898,1212441394,1212405619,29.27215249,23.02066987,6.83543854,21.6067808,34.18233892,8.15517377,-1.09053575,2025-10-24 00:00:00
300760,300760.SZ,迈瑞医疗,10091420,069001002002,016082,医疗器械,1041,270738163280.2,270730174722.7,223.3,0.789889415482,1212441394,1212405619,29.50337012,23.2025077,6.88943095,21.77745047,34.4523416,8.21959063,-1.09914978,2025-10-27 00:00:00
300760,300760.SZ,迈瑞医疗,10091420,069001002002,016082,医疗器械,1041,272908433375.46,272900380780.71,225.09,0.801612180923,1212441394,1212405619,29.73987273,23.38850183,6.94465747,21.95202117,34.72851576,8.28547987,-1.1079607,2025-10-28 00:00:00
300760,300760.SZ,迈瑞医疗,10091420,069001002002,016082,医疗器械,1041,270168315825.02,270160344081.77,222.83,-1.004042827314,1212441394,1212405619,29.44127167,23.15367125,6.87493013,21.73161348,34.37982659,8.2022901,-1.0968363,2025-10-29 00:00:00
300760,300760.SZ,迈瑞医疗,10091420,069001002002,016082,医疗器械,1041,262723925665.86,262716173581.11,216.69,-2.755463806489,1212441394,1212405619,30.54412115,22.51568022,6.68549392,21.13280673,30.43597072,7.94331406,-1.06661337,2025-10-30 00:00:00
300760,300760.SZ,迈瑞医疗,10091420,069001002002,016082,医疗器械,1041,260723397365.76,260715704309.76,215.04,-0.761456458535,1212441394,1212405619,30.31154097,22.34423312,6.6345868,20.97188961,30.20421406,7.88282918,-1.05849157,2025-10-31 00:00:00
300760,300760.SZ,迈瑞医疗,10091420,069001002002,016082,医疗器械,1041,257049699941.94,257042115284.19,212.01,-1.409040178571,1212441394,1212405619,29.88443918,22.0293939,6.5411028,20.67638726,29.77862455,7.77175695,-1.043577,2025-11-03 00:00:00
300760,300760.SZ,迈瑞医疗,10091420,069001002002,016082,医疗器械,1041,250975368558.0,250967963133.0,207.0,-2.363096080374,1212441394,1212405619,29.17824117,21.50881816,6.38653026,20.18778436,29.07492704,7.58810286,-1.01891627,2025-11-04 00:00:00
300760,300760.SZ,迈瑞医疗,10091420,069001002002,016082,医疗器械,1041,250090286340.38,250082907031.13,206.27,-0.352657004831,1212441394,1212405619,29.07534206,21.4329658,6.36400771,20.11659073,28.97239227,7.56134289,-1.01532299,2025-11-05 00:00:00
300760,300760.SZ,迈瑞医疗,10091420,069001002002,016082,医疗器械,1041,250187281651.9,250179899480.65,206.35,0.038784117904,1212441394,1212405619,29.08661867,21.44127839,6.36647594,20.12439277,28.98362896,7.56427549,-1.01571678,2025-11-06 00:00:00
300760,300760.SZ,迈瑞医疗,10091420,069001002002,016082,医疗器械,1041,249508314471.26,249500952334.01,205.79,-0.271383571602,1212441394,1212405619,29.00768237,21.38309028,6.34919837,20.06977847,28.90497215,7.54374729,-1.01296029,2025-11-07 00:00:00
300760,300760.SZ,迈瑞医疗,10091420,069001002002,016082,医疗器械,1041,253824605833.9,253817116337.65,209.35,1.729918849312,1212441394,1212405619,29.50949173,21.75300039,6.45903435,20.41696935,29.40500471,7.67424799,-1.03048368,2025-11-10 00:00:00
300760,300760.SZ,迈瑞医疗,10091420,069001002002,016082,医疗器械,1041,253036518927.8,253029052685.3,208.7,-0.31048483401,1212441394,1212405619,29.41786923,21.68546062,6.43898002,20.35357776,29.31370663,7.65042062,-1.02728419,2025-11-11 00:00:00
300760,300760.SZ,迈瑞医疗,10091420,069001002002,016082,医疗器械,1041,252430298230.8,252422849875.8,208.2,0.409934892694,1212441394,1212405619,29.34739039,21.63350696,6.42355362,20.304815,29.24347734,7.63209187,-1.02482304,2025-11-12 00:00:00
300760,300760.SZ,迈瑞医疗,10091420,069001002002,016082,医疗器械,1041,252442422644.74,252434973931.99,208.21,0.004803073967,1212441394,1212405619,29.34879997,21.63454603,6.42386215,20.30579025,29.24488193,7.63245844,-1.02487226,2025-11-13 00:00:00
300760,300760.SZ,迈瑞医疗,10091420,069001002002,016082,医疗器械,1041,251824077533.8,251816647066.3,207.7,-0.244945007444,1212441394,1212405619,29.27691155,21.58155329,6.40812722,20.25605223,29.17324805,7.61376312,-1.02236188,2025-11-14 00:00:00
300760,300760.SZ,迈瑞医疗,10091420,069001002002,016082,医疗器械,1041,249811424819.76,249804053738.76,206.04,-0.799229658161,1212441394,1212405619,29.04292179,21.40906711,6.35691157,20.09415985,28.9400868,7.55291166,-1.01419087,2025-11-17 00:00:00
300760,300760.SZ,迈瑞医疗,10091420,069001002002,016082,医疗器械,1041,250623760553.74,250616365503.49,206.71,0.325179576781,1212441394,1212405619,29.13736344,21.47868503,6.37758294,20.15950196,29.03419405,7.57747219,-1.01748881,2025-11-18 00:00:00
300760,300760.SZ,迈瑞医疗,10091420,069001002002,016082,医疗器械,1041,248320121905.14,248312794827.39,204.81,-0.91916211117,1212441394,1212405619,28.86954383,21.28126109,6.31896262,19.97420345,28.76732274,7.50782294,-1.00813644,2025-11-19 00:00:00
300760,300760.SZ,迈瑞医疗,10091420,069001002002,016082,医疗器械,1041,241093971196.9,241086857338.15,198.85,-2.910014159465,1212441394,1212405619,28.02943602,20.66197338,6.13507991,19.39295131,27.93018957,7.28934422,-0.97879952,2025-11-20 00:00:00
300760,300760.SZ,迈瑞医疗,10091420,069001002002,016082,医疗器械,1041,236559440383.34,236552460323.09,195.11,-1.880814684436,1212441394,1212405619,27.50225427,20.27335995,6.01969043,19.02820583,27.40487447,7.15224517,-0.96039012,2025-11-21 00:00:00
300760,300760.SZ,迈瑞医疗,10091420,069001002002,016082,医疗器械,1041,234001189042.0,233994284467.0,193.0,-1.081441238276,1212441394,1212405619,27.20483355,20.05411548,5.95459101,18.82242697,27.10850685,7.07489784,-0.95000406,2025-11-24 00:00:00
300760,300760.SZ,迈瑞医疗,10091420,069001002002,016082,医疗器械,1041,235068137468.72,235061201411.72,193.88,0.455958549223,1212441394,1212405619,27.32887632,20.14555393,5.98174148,18.90824943,27.23211041,7.10715644,-0.95433569,2025-11-25 00:00:00
300760,300760.SZ,迈瑞医疗,10091420,069001002002,016082,医疗器械,1041,234486165599.6,234479246714.6,193.4,-0.247575820095,1212441394,1212405619,27.26121663,20.09567841,5.96693213,18.86143718,27.16469029,7.08956084,-0.95197298,2025-11-26 00:00:00
300760,300760.SZ,迈瑞医疗,10091420,069001002002,016082,医疗器械,1041,238002245642.2,237995223009.7,196.3,1.499482936918,1212441394,1212405619,27.66999392,20.39700968,6.05640526,19.14426121,27.57202018,7.1958676,-0.96624766,2025-11-27 00:00:00
300760,300760.SZ,迈瑞医疗,10091420,069001002002,016082,医疗器械,1041,247350168789.94,247342870332.19,204.01,3.927661742231,1212441394,1212405619,28.75677768,21.19813523,6.29428038,19.89618303,28.65495587,7.47849693,-1.00419859,2025-11-28 00:00:00
300760,300760.SZ,迈瑞医疗,10091420,069001002002,016082,医疗器械,1041,244452433858.28,244445220902.78,201.62,-1.171511200431,1212441394,1212405619,28.41988881,20.9497967,6.22054218,19.66309702,28.31925985,7.3908855,-0.9924343,2025-12-01 00:00:00
300760,300760.SZ,迈瑞医疗,10091420,069001002002,016082,医疗器械,1041,243239992464.28,243232815283.78,200.62,-0.495982541415,1212441394,1212405619,28.27893113,20.84588936,6.18968937,19.56557149,28.17880127,7.354228,-0.98751199,2025-12-02 00:00:00
300760,300760.SZ,迈瑞医疗,10091420,069001002002,016082,医疗器械,1041,241882058103.0,241874920990.5,199.5,-0.558269364969,1212441394,1212405619,28.12105852,20.72951315,6.15513423,19.4563429,28.02148765,7.3131716,-0.98199902,2025-12-03 00:00:00
300760,300760.SZ,迈瑞医疗,10091420,069001002002,016082,医疗器械,1041,242488278800.0,242481123800.0,200.0,0.250626566416,1212441394,1212405619,28.19153736,20.78146682,6.17056064,19.50510566,28.09171695,7.33150035,-0.98446017,2025-12-04 00:00:00
300760,300760.SZ,迈瑞医疗,10091420,069001002002,016082,医疗器械,1041,245386013731.66,245378773229.41,202.39,1.195,1212441394,1212405619,28.52842623,21.02980535,6.24429883,19.73819168,28.42741296,7.41911178,-0.99622447,2025-12-05 00:00:00
300760,300760.SZ,迈瑞医疗,10091420,069001002002,016082,医疗器械,1041,242548900869.7,242541744080.95,200.05,-1.156183605909,1212441394,1212405619,28.19858524,20.78666218,6.17210328,19.50998194,28.09873987,7.33333323,-0.98470628,2025-12-08 00:00:00
300760,300760.SZ,迈瑞医疗,10091420,069001002002,016082,医疗器械,1041,240924229401.74,240917120551.49,198.71,-0.669832541865,1212441394,1212405619,28.00970194,20.64742636,6.13076052,19.37929773,27.91052537,7.28421217,-0.9781104,2025-12-09 00:00:00
300760,300760.SZ,迈瑞医疗,10091420,069001002002,016082,医疗器械,1041,240063396012.0,240056312562.0,198.0,-0.357304614765,1212441394,1212405619,27.90962199,20.57365215,6.10885503,19.31005461,27.81079978,7.25818535,-0.97461557,2025-12-10 00:00:00
300760,300760.SZ,迈瑞医疗,10091420,069001002002,016082,医疗器械,1041,237359651703.38,237352648031.63,195.77,-1.126262626263,1212441394,1212405619,27.59528634,20.34193879,6.04005328,19.09257268,27.49757713,7.17643912,-0.96363884,2025-12-11 00:00:00
300760,300760.SZ,迈瑞医疗,10091420,069001002002,016082,医疗器械,1041,242270039349.08,242262890788.58,199.82,2.068754150278,1212441394,1212405619,28.16616498,20.7627635,6.16500713,19.48755107,28.0664344,7.324902,-0.98357415,2025-12-12 00:00:00
300760,300760.SZ,迈瑞医疗,10091420,069001002002,016082,医疗器械,1041,238863079031.94,238856030999.19,197.01,-1.406265639075,1212441394,1212405619,27.77007388,20.47078389,6.07831075,19.21350433,27.67174578,7.22189442,-0.96974249,2025-12-15 00:00:00
300760,300760.SZ,迈瑞医疗,10091420,069001002002,016082,医疗器械,1041,236195707965.14,236188738637.39,194.81,-1.116694584031,1212441394,1212405619,27.45996697,20.24218775,6.01043459,18.99894817,27.36273689,7.14124792,-0.95891343,2025-12-16 00:00:00
300760,300760.SZ,迈瑞医疗,10091420,069001002002,016082,医疗器械,1041,238074992125.84,238067967346.84,196.36,0.795647040706,1212441394,1212405619,27.67845138,20.40324412,6.05825643,19.15011274,27.5804477,7.19806705,-0.96654299,2025-12-17 00:00:00
300760,300760.SZ,迈瑞医疗,10091420,069001002002,016082,医疗器械,1041,239784534491.38,239777459269.63,197.77,0.718068853127,1212441394,1212405619,27.87720172,20.54975346,6.10175888,19.28762374,27.7784943,7.24975412,-0.97348344,2025-12-18 00:00:00
300760,300760.SZ,迈瑞医疗,10091420,069001002002,016082,医疗器械,1041,240293759876.86,240286669629.61,198.19,0.212367902109,1212441394,1212405619,27.93640395,20.59339454,6.11471706,19.32858446,27.83748691,7.26515027,-0.9755508,2025-12-19 00:00:00
300760,300760.SZ,迈瑞医疗,10091420,069001002002,016082,医疗器械,1041,242124546381.8,242117402114.3,199.7,0.761895151118,1212441394,1212405619,28.14925005,20.75029462,6.16130479,19.47584801,28.04957937,7.3205031,-0.98298348,2025-12-22 00:00:00
300760,300760.SZ,迈瑞医疗,10091420,069001002002,016082,医疗器械,1041,240148266909.58,240141180955.33,198.07,-0.816224336505,1212441394,1212405619,27.91948902,20.58092566,6.11101473,19.31688139,27.82063188,7.26075137,-0.97496013,2025-12-23 00:00:00
300760,300760.SZ,迈瑞医疗,10091420,069001002002,016082,医疗器械,1041,240221013393.22,240213925292.47,198.13,0.030292320897,1212441394,1212405619,27.92794649,20.5871601,6.11286589,19.32273293,27.82905939,7.26295082,-0.97525547,2025-12-24 00:00:00
300760,300760.SZ,迈瑞医疗,10091420,069001002002,016082,医疗器械,1041,244222069993.42,244214863835.17,201.43,1.665573108565,1212441394,1212405619,28.39310685,20.9300543,6.21468014,19.64456717,28.29257272,7.38392058,-0.99149906,2025-12-25 00:00:00
300760,300760.SZ,迈瑞医疗,10091420,069001002002,016082,医疗器械,1041,242476154386.06,242468999743.81,199.99,-0.71488854689,1212441394,1212405619,28.19012778,20.78042774,6.17025211,19.50413041,28.09031236,7.33113378,-0.98441095,2025-12-26 00:00:00
300760,300760.SZ,迈瑞医疗,10091420,069001002002,016082,医疗器械,1041,241275837406.0,241268718181.0,199.0,-0.495024751238,1212441394,1212405619,28.05057967,20.67755948,6.13970783,19.40758014,27.95125836,7.29484285,-0.97953787,2025-12-29 00:00:00
300760,300760.SZ,迈瑞医疗,10091420,069001002002,016082,医疗器械,1041,237141412252.46,237134415020.21,195.59,-1.713567839196,1212441394,1212405619,27.56991396,20.32323547,6.03449977,19.07501808,27.47229459,7.16984077,-0.96275282,2025-12-30 00:00:00
300760,300760.SZ,迈瑞医疗,10091420,069001002002,016082,医疗器械,1041,230909463487.3,230715707084.85,190.45,-2.627946214019,1212441394,1211424033,26.84539145,28.38198597,6.06167696,22.7609837,26.75033746,6.98142121,-0.9374522,2025-12-31 00:00:00
300760,300760.SZ,迈瑞医疗,10091420,069001002002,016082,医疗器械,1041,242003302242.4,241800236986.8,199.6,4.804410606458,1212441394,1211424033,28.13515428,29.74557311,6.35290481,23.85451482,28.03553351,7.31683735,-0.982491252782,2026-01-05 00:00:00
300760,300760.SZ,迈瑞医疗,10091420,069001002002,016082,医疗器械,1041,247265297892.36,247057817290.02,203.94,2.174348697395,1212441394,1211424033,28.74691065,30.39234559,6.49103911,24.37319515,28.64512377,7.47593091,-1.003854038867,2026-01-06 00:00:00
300760,300760.SZ,迈瑞医疗,10091420,069001002002,016082,医疗器械,1041,243543102812.78,243338745508.71,200.87,-1.505344709228,1212441394,1211424033,28.31417055,29.93483603,6.3933266,24.00629455,28.21391591,7.36339238,-0.988742575153,2026-01-07 00:00:00
300760,300760.SZ,迈瑞医疗,10091420,069001002002,016082,医疗器械,1041,244561553583.74,244356341696.43,201.71,0.418180913028,1212441394,1211424033,28.432575,30.0600178,6.42006227,24.10668429,28.33190113,7.39418468,-0.99287730764,2026-01-08 00:00:00
300760,300760.SZ,迈瑞医疗,10091420,069001002002,016082,医疗器械,1041,246950063129.92,246742847041.44,203.68,0.976649645531,1212441394,1211424033,28.71026165,30.35359885,6.48276378,24.34212213,28.60860454,7.46639996,-1.002574240592,2026-01-09 00:00:00
300760,300760.SZ,迈瑞医疗,10091420,069001002002,016082,医疗器械,1041,252224183193.82,252012541584.99,208.03,2.135703063629,1212441394,1211424033,29.32342758,31.00186159,6.62121637,24.86199758,29.21959938,7.62586009,-1.023986249096,2026-01-12 00:00:00
300760,300760.SZ,迈瑞医疗,10091420,069001002002,016082,医疗器械,1041,252454547058.68,252242712151.26,208.22,0.09133298082,1212441394,1211424033,29.35020955,31.03017652,6.62726372,24.88470479,29.24628651,7.63282502,-1.024921486593,2026-01-13 00:00:00
300760,300760.SZ,迈瑞医疗,10091420,069001002002,016082,医疗器械,1041,251896824017.44,251685457096.08,207.76,-0.220920180578,1212441394,1211424033,29.28536901,30.9616246,6.61262276,24.82972945,29.18167556,7.61596257,-1.022657228052,2026-01-14 00:00:00
300760,300760.SZ,迈瑞医疗,10091420,069001002002,016082,医疗器械,1041,247435039687.52,247227416654.64,204.08,-1.771274547555,1212441394,1211424033,28.76664472,30.41320922,6.49549505,24.38992677,28.66478797,7.48106296,-1.004543160773,2026-01-15 00:00:00
300760,300760.SZ,迈瑞医疗,10091420,069001002002,016082,医疗器械,1041,243931084058.86,243726401199.27,201.19,-1.416111328891,1212441394,1211424033,28.35927701,29.98252432,6.40351161,24.04453826,28.25886266,7.37512278,-0.990317711438,2026-01-16 00:00:00
300760,300760.SZ,迈瑞医疗,10091420,069001002002,016082,医疗器械,1041,242718642664.86,242514977166.27,200.19,-0.497042596551,1212441394,1211424033,28.21831932,29.8334984,6.37168343,23.92502666,28.11840408,7.33846528,-0.98539541046,2026-01-19 00:00:00
300760,300760.SZ,迈瑞医疗,10091420,069001002002,016082,医疗器械,1041,238850954618.0,238650534501.0,197.0,-1.593486188121,1212441394,1211424033,27.7686643,29.35810573,6.27015154,23.54378466,27.67034119,7.22152785,-0.969693270727,2026-01-20 00:00:00
300760,300760.SZ,迈瑞医疗,10091420,069001002002,016082,医疗器械,1041,236789804248.2,236591113644.9,195.3,-0.862944162437,1212441394,1211424033,27.52903623,29.10476167,6.21604363,23.34061495,27.4315616,7.15921009,-0.961325359169,2026-01-21 00:00:00
300760,300760.SZ,迈瑞医疗,10091420,069001002002,016082,医疗器械,1041,234607409739.0,234410550385.5,193.5,-0.921658986175,1212441394,1211424033,27.2753124,28.83651501,6.15875291,23.12549407,27.17873614,7.09322659,-0.952465217827,2026-01-22 00:00:00
300760,300760.SZ,迈瑞医疗,10091420,069001002002,016082,医疗器械,1041,237044416940.94,236845512691.83,195.51,1.038759689922,1212441394,1211424033,27.55863735,29.13605711,6.22272755,23.36571238,27.4610579,7.16690817,-0.962359042552,2026-01-23 00:00:00
300760,300760.SZ,迈瑞医疗,10091420,069001002002,016082,医疗器械,1041,236547315969.4,236348828838.3,195.1,-0.209707943328,1212441394,1211424033,27.50084469,29.07495648,6.20967799,23.31671263,27.40346988,7.15187859,-0.960340898903,2026-01-26 00:00:00
300760,300760.SZ,迈瑞医疗,10091420,069001002002,016082,医疗器械,1041,232982738271.04,232787242181.28,192.16,-1.506919528447,1212441394,1211424033,27.0864291,28.63682029,6.11610314,22.96534853,26.99052164,7.04410554,-0.945869334676,2026-01-27 00:00:00
300760,300760.SZ,迈瑞医疗,10091420,069001002002,016082,医疗器械,1041,228011728555.64,227820403645.98,188.06,-2.133638634471,1212441394,1211424033,26.50850258,28.02581402,5.9856076,22.47535098,26.41464144,6.89380978,-0.92568790098,2026-01-28 00:00:00
300760,300760.SZ,迈瑞医疗,10091420,069001002002,016082,医疗器械,1041,234461916771.72,234265179501.54,193.38,2.828884398596,1212441394,1211424033,27.25839747,28.8186319,6.15493352,23.11115268,27.16188111,7.08882769,-0.951874541458,2026-01-29 00:00:00
300760,300760.SZ,迈瑞医疗,10091420,069001002002,016082,医疗器械,1041,229466658228.44,229274112485.58,189.26,-2.130520219257,1212441394,1211424033,26.6776518,28.20464513,6.02380142,22.6187649,26.58319175,6.93779878,-0.931594661874,2026-01-30 00:00:00
300760,300760.SZ,迈瑞医疗,10091420,069001002002,016082,医疗器械,1041,226859909231.34,226669550814.63,187.11,-1.136003381591,1212441394,1211424033,26.37459278,27.8842394,5.95537083,22.36181497,26.28120579,6.85898515,-0.921011715242,2026-02-02 00:00:00
300760,300760.SZ,迈瑞医疗,10091420,069001002002,016082,医疗器械,1041,228120848281.1,227929431808.95,188.15,0.555822778045,1212441394,1211424033,26.52118877,28.03922636,5.98847214,22.48610703,26.42728272,6.89710896,-0.926130907994,2026-02-03 00:00:00
300760,300760.SZ,迈瑞医疗,10091420,069001002002,016082,医疗器械,1041,233588958968.04,233392954197.78,192.66,2.397023651342,1212441394,1211424033,27.15690794,28.71133324,6.13201723,23.02510433,27.06075093,7.06243429,-0.948330484991,2026-02-04 00:00:00
300760,300760.SZ,迈瑞医疗,10091420,069001002002,016082,医疗器械,1041,232909991787.4,232714556739.3,192.1,-0.290667497145,1212441394,1211424033,27.07797163,28.62787873,6.11419345,22.95817784,26.98209413,7.04190609,-0.945573996317,2026-02-05 00:00:00
300760,300760.SZ,迈瑞医疗,10091420,069001002002,016082,医疗器械,1041,229745519749.06,229552740013.17,189.49,-1.35866736075,1212441394,1211424033,26.71007207,28.23892109,6.0311219,22.64625257,26.61549722,6.94623001,-0.932726791145,2026-02-06 00:00:00
300760,300760.SZ,迈瑞医疗,10091420,069001002002,016082,医疗器械,1041,229357538502.98,229165084322.61,189.17,-0.168874346931,1212441394,1211424033,26.66496561,28.19123279,6.02093688,22.60800886,26.57055047,6.93449961,-0.93115165486,2026-02-09 00:00:00
300760,300760.SZ,迈瑞医疗,10091420,069001002002,016082,医疗器械,1041,230800343761.84,230606678921.88,190.36,0.629063805043,1212441394,1211424033,26.83270526,28.36857363,6.05881242,22.75022766,26.73769619,6.97812203,-0.937009192985,2026-02-10 00:00:00
300760,300760.SZ,迈瑞医疗,10091420,069001002002,016082,医疗器械,1041,229406036158.74,229213541283.93,189.21,-0.604118512292,1212441394,1211424033,26.67060392,28.19719383,6.02221001,22.61278932,26.57616882,6.93596591,-0.931348546982,2026-02-11 00:00:00
300760,300760.SZ,迈瑞医疗,10091420,069001002002,016082,医疗器械,1041,227938982072.0,227747718204.0,188.0,-0.639501083452,1212441394,1211424033,26.50004512,28.01687247,5.98369791,22.46818029,26.40621393,6.89161033,-0.92539256297,2026-02-12 00:00:00
300760,300760.SZ,迈瑞医疗,10091420,069001002002,016082,医疗器械,1041,225235237763.38,225046242610.41,185.77,-1.186170212766,1212441394,1211424033,26.18570948,27.68454467,5.91272107,22.20166943,26.09299128,6.8098641,-0.914415832092,2026-02-13 00:00:00
300760,300760.SZ,迈瑞医疗,10091420,069001002002,016082,医疗器械,1041,225756587562.8,225567154944.6,186.2,0.231469020832,1212441394,1211424033,26.24632128,27.74862582,5.92640719,22.25305941,26.15338848,6.82562683,-0.916532421279,2026-02-24 00:00:00
300760,300760.SZ,迈瑞医疗,10091420,069001002002,016082,医疗器械,1041,226678043022.24,226487837209.68,186.96,0.408163265306,1212441394,1211424033,26.35344912,27.86188552,5.95059661,22.34388823,26.260137,6.85348653,-0.920273369869,2026-02-25 00:00:00
300760,300760.SZ,迈瑞医疗,10091420,069001002002,016082,医疗器械,1041,227066024268.32,226875492900.24,187.28,0.171159606333,1212441394,1211424033,26.39855558,27.90957381,5.96078162,22.38213194,26.30508375,6.86521693,-0.921848506154,2026-02-26 00:00:00
300760,300760.SZ,迈瑞医疗,10091420,069001002002,016082,医疗器械,1041,225417103972.48,225227956215.36,185.92,-0.726185390859,1212441394,1211424033,26.20685313,27.70689856,5.9174953,22.21959617,26.11406007,6.81536273,-0.915154177117,2026-02-27 00:00:00
300760,300760.SZ,迈瑞医疗,10091420,069001002002,016082,医疗器械,1041,222725484077.8,222538594862.1,183.7,-1.194061962134,1212441394,1211424033,25.89392706,27.37606102,5.84683674,21.95428042,25.80224201,6.73398307,-0.904226669008,2026-03-02 00:00:00
300760,300760.SZ,迈瑞医疗,10091420,069001002002,016082,医疗器械,1041,218724427477.6,218540895553.2,180.4,-1.796407185629,1212441394,1211424033,25.4287667,26.8842755,5.74180374,21.55989215,25.33872868,6.61301332,-0.887983076373,2026-03-03 00:00:00
300760,300760.SZ,迈瑞医疗,10091420,069001002002,016082,医疗器械,1041,213086574995.5,212907773799.75,175.75,-2.577605321508,1212441394,1211424033,24.77331345,26.19130498,5.5938027,21.00416322,24.68559627,6.44255593,-0.86509437712,2026-03-04 00:00:00
300760,300760.SZ,迈瑞医疗,10091420,069001002002,016082,医疗器械,1041,213632173622.8,213452914614.6,176.2,0.256045519203,1212441394,1211424033,24.83674441,26.25836664,5.60812539,21.05794344,24.74880263,6.45905181,-0.867309412543,2026-03-05 00:00:00
300760,300760.SZ,迈瑞医疗,10091420,069001002002,016082,医疗器械,1041,219900495629.78,219715976865.21,181.37,2.934165720772,1212441394,1211424033,25.56549565,27.02883064,5.77267708,21.6758184,25.47497351,6.64857109,-0.892757707997,2026-03-06 00:00:00
300760,300760.SZ,迈瑞医疗,10091420,069001002002,016082,医疗器械,1041,216760272419.32,216578388619.74,178.78,-1.428020069471,1212441394,1211424033,25.20041525,26.64285351,5.69024209,21.36628336,25.11118578,6.55362816,-0.88000894906,2026-03-09 00:00:00
300760,300760.SZ,迈瑞医疗,10091420,069001002002,016082,医疗器械,1041,218651680993.96,218468210111.22,180.34,0.872580825596,1212441394,1211424033,25.42030924,26.87533394,5.73989405,21.55272145,25.33030117,6.61081387,-0.887687738363,2026-03-10 00:00:00
300760,300760.SZ,迈瑞医疗,10091420,069001002002,016082,医疗器械,1041,218930542514.58,218746837638.81,180.57,0.127536874792,1212441394,1211424033,25.45272951,26.9096099,5.74721453,21.58020912,25.36260664,6.61924509,-0.888819867633,2026-03-11 00:00:00
300760,300760.SZ,迈瑞医疗,10091420,069001002002,016082,医疗器械,1041,216032807582.92,215851534199.94,178.18,-1.323586420779,1212441394,1211424033,25.11584063,26.55343796,5.67114518,21.2945764,25.02691063,6.53163366,-0.877055568264,2026-03-12 00:00:00
300760,300760.SZ,迈瑞医疗,10091420,069001002002,016082,医疗器械,1041,216505659726.58,216323989572.81,178.57,0.218879784488,1212441394,1211424033,25.17081413,26.61155807,5.68355817,21.34118593,25.08168947,6.54593009,-0.878975265677,2026-03-13 00:00:00
300760,300760.SZ,迈瑞医疗,10091420,069001002002,016082,医疗器械,1041,214905237086.5,214724909849.25,177.25,-0.739205913647,1212441394,1211424033,24.98474999,26.41484386,5.64154497,21.18343062,24.89628414,6.49754219,-0.872477828763,2026-03-16 00:00:00
300760,300760.SZ,迈瑞医疗,10091420,069001002002,016082,医疗器械,1041,215935812271.4,215754620277.3,178.1,0.479548660085,1212441394,1211424033,25.10456402,26.54151589,5.66859893,21.28501548,25.01567394,6.52870106,-0.876661784367,2026-03-17 00:00:00
300760,300760.SZ,迈瑞医疗,10091420,069001002002,016082,医疗器械,1041,212080248638.48,211902291852.36,174.92,-1.785513756317,1212441394,1211424033,24.65631857,26.06761347,5.56738531,20.9049686,24.56901564,6.41213021,-0.861008867403,2026-03-18 00:00:00
300760,300760.SZ,迈瑞医疗,10091420,069001002002,016082,医疗器械,1041,208370177972.84,208195334311.38,171.86,-1.749371141093,1212441394,1211424033,24.22498805,25.61159416,5.46999108,20.53926311,24.13921237,6.29995825,-0.845946626807,2026-03-19 00:00:00
300760,300760.SZ,迈瑞医疗,10091420,069001002002,016082,医疗器械,1041,205533065110.88,205360602074.16,169.52,-1.361573373676,1212441394,1211424033,23.89514707,25.26287352,5.39551314,20.25960597,23.81053928,6.2141797,-0.834428443028,2026-03-20 00:00:00
300760,300760.SZ,迈瑞医疗,10091420,069001002002,016082,医疗器械,1041,200792419260.34,200623934105.13,165.61,-2.306512505899,1212441394,1211424033,23.34400251,24.68018218,5.27106495,19.79231563,23.26134622,6.07084887,-0.815182246478,2026-03-23 00:00:00
300760,300760.SZ,迈瑞医疗,10091420,069001002002,016082,医疗器械,1041,201713874719.78,201544616370.21,166.37,0.458909486142,1212441394,1211424033,23.45113035,24.79344188,5.29525437,19.88314444,23.36809474,6.09870857,-0.818923195068,2026-03-24 00:00:00
300760,300760.SZ,迈瑞医疗,10091420,069001002002,016082,医疗器械,1041,203047560253.18,202877182806.51,167.47,0.661176894873,1212441394,1211424033,23.60618381,24.95737039,5.33026537,20.0146072,23.52259918,6.13903182,-0.824337726179,2026-03-25 00:00:00
300760,300760.SZ,迈瑞医疗,10091420,069001002002,016082,医疗器械,1041,199204121034.2,199036968621.9,164.3,-1.89287633606,1212441394,1211424033,23.15934794,24.48495823,5.22937004,19.63575543,23.07734547,6.02282754,-0.808734032333,2026-03-26 00:00:00
300760,300760.SZ,迈瑞医疗,10091420,069001002002,016082,医疗器械,1041,205630060422.4,205457515996.8,169.6,3.225806451613,1212441394,1211424033,23.90642368,25.27479559,5.39805939,20.2691669,23.82177597,6.2171123,-0.834822226924,2026-03-27 00:00:00
300760,300760.SZ,迈瑞医疗,10091420,069001002002,016082,医疗器械,1041,207048616853.38,206874882115.41,170.77,0.689858490566,1212441394,1211424033,24.07134417,25.44915591,5.43529837,20.40899547,23.98611251,6.26000158,-0.840581318814,2026-03-30 00:00:00
300760,300760.SZ,迈瑞医疗,10091420,069001002002,016082,医疗器械,1041,199640599936.04,199469005938.78,164.66,-3.577911811208,1212441394,1211399283,24.53860756,24.53860756,4.97731595,19.67877961,19.67877961,5.99842689,-0.856898350128,2026-03-31 00:00:00
300760,300760.SZ,迈瑞医疗,10091420,069001002002,016082,医疗器械,1041,201144027264.6,200971141049.7,165.9,0.753066925786,1212441394,1211399283,24.72339969,24.72339969,5.01479847,19.82697399,19.82697399,6.04359906,-0.863351367926,2026-04-01 00:00:00
300760,300760.SZ,迈瑞医疗,10091420,069001002002,016082,医疗器械,1041,196900482385.6,196731243559.2,162.4,-2.10970464135,1212441394,1211399283,24.20180898,24.20180898,4.90900103,19.4086834,19.4086834,5.91609697,-0.845137204072,2026-04-02 00:00:00
300760,300760.SZ,迈瑞医疗,10091420,069001002002,016082,医疗器械,1041,192050716809.6,191885646427.2,158.4,-2.463054187192,1212441394,1211399283,23.60570531,23.60570531,4.78808967,18.93063701,18.93063701,5.7703803,-0.824321016761,2026-04-03 00:00:00
300760,300760.SZ,迈瑞医疗,10091420,069001002002,016082,医疗器械,1041,191274754317.44,191110350886.08,157.76,-0.40404040404,1212441394,1211399283,23.51032873,23.51032873,4.76874386,18.85414959,18.85414959,5.74706563,-0.820990427043,2026-04-07 00:00:00
300760,300760.SZ,迈瑞医疗,10091420,069001002002,016082,医疗器械,1041,197530951910.48,197361171186.36,162.92,3.270791075051,1212441394,1211399283,24.27930246,24.27930246,4.92471951,19.47082943,19.47082943,5.93504014,-0.847843308524,2026-04-08 00:00:00
300760,300760.SZ,迈瑞医疗,10091420,069001002002,016082,医疗器械,1041,189504589882.2,189341707932.9,156.3,-4.063343972502,1212441394,1211399283,23.29275089,23.29275089,4.72461121,18.67966266,18.67966266,5.69387904,-0.813392518658,2026-04-09 00:00:00
300760,300760.SZ,迈瑞医疗,10091420,069001002002,016082,医疗器械,1041,191783979702.92,191619138584.94,158.18,1.202815099168,1212441394,1211399283,23.57291961,23.57291961,4.78143955,18.90434446,18.90434446,5.76236588,-0.823176126523,2026-04-10 00:00:00
300760,300760.SZ,迈瑞医疗,10091420,069001002002,016082,医疗器械,1041,191492993768.36,191328402757.02,157.94,-0.151725881907,1212441394,1211399283,23.53715339,23.53715339,4.77418487,18.87566167,18.87566167,5.75362288,-0.821927155292,2026-04-13 00:00:00
300760,300760.SZ,迈瑞医疗,10091420,069001002002,016082,医疗器械,1041,194548346081.24,194381128950.18,160.46,1.595542611118,1212441394,1211399283,23.9126987,23.9126987,4.85035902,19.1768309,19.1768309,5.84542438,-0.835041353225,2026-04-14 00:00:00
300760,300760.SZ,迈瑞医疗,10091420,069001002002,016082,医疗器械,1041,194354355458.2,194187305064.9,160.3,-0.099713324193,1212441394,1211399283,23.88885456,23.88885456,4.84552257,19.15770904,19.15770904,5.83959572,-0.83420870597,2026-04-15 00:00:00
300760,300760.SZ,迈瑞医疗,10091420,069001002002,016082,医疗器械,1041,194548346081.24,194381128950.18,160.46,0.099812850905,1212441394,1211399283,23.9126987,23.9126987,4.85035902,19.1768309,19.1768309,5.84542438,-0.835041353225,2026-04-16 00:00:00
300760,300760.SZ,迈瑞医疗,10091420,069001002002,016082,医疗器械,1041,190050188509.5,189886837610.25,156.75,-2.312102704724,1212441394,1211399283,23.35981255,23.35981255,4.73821374,18.73344287,18.73344287,5.71027217,-0.81573433963,2026-04-17 00:00:00
300760,300760.SZ,迈瑞医疗,10091420,069001002002,016082,医疗器械,1041,191686984391.4,191522226642.3,158.1,0.861244019139,1212441394,1211399283,23.56099754,23.56099754,4.77902132,18.89478353,18.89478353,5.75945154,-0.822759802896,2026-04-20 00:00:00
300760,300760.SZ,迈瑞医疗,10091420,069001002002,016082,医疗器械,1041,192596315436.9,192430776104.55,158.85,0.474383301708,1212441394,1211399283,23.67276698,23.67276698,4.8016922,18.98441723,18.98441723,5.78677342,-0.826662838082,2026-04-21 00:00:00
300760,300760.SZ,迈瑞医疗,10091420,069001002002,016082,医疗器械,1041,193505646482.4,193339325566.8,159.6,0.472143531634,1212441394,1211399283,23.78453642,23.78453642,4.82436308,19.07405093,19.07405093,5.8140953,-0.830565873269,2026-04-22 00:00:00
300760,300760.SZ,迈瑞医疗,10091420,069001002002,016082,医疗器械,1041,195251562089.76,195083740534.32,161.04,0.902255639098,1212441394,1211399283,23.99913374,23.99913374,4.86789117,19.24614763,19.24614763,5.8665533,-0.838059700659,2026-04-23 00:00:00
300760,300760.SZ,迈瑞医疗,10091420,069001002002,016082,医疗器械,1041,195203064434.0,195035284563.0,161.0,-0.024838549429,1212441394,1211399283,23.9931727,23.9931727,4.86668206,19.24136716,19.24136716,5.86509613,-0.837851538671,2026-04-24 00:00:00
300760,300760.SZ,迈瑞医疗,10091420,069001002002,016082,医疗器械,1041,191577864665.94,191413200706.83,158.01,-1.857142857143,1212441394,1211399283,23.54758521,23.54758521,4.77630082,18.88402749,18.88402749,5.75617292,-0.822291438771,2026-04-27 00:00:00
300760,300760.SZ,迈瑞医疗,10091420,069001002002,016082,医疗器械,1041,195336432987.34,195168538484.13,161.11,1.961901145497,1212441394,1211399283,24.00956555,24.00956555,4.87000712,19.25451344,19.25451344,5.86910334,-0.838423983789,2026-04-28 00:00:00
300760,300760.SZ,迈瑞医疗,10091420,069001002002,016082,医疗器械,1041,204175130749.6,203999639257.2,168.4,4.52485879213,1212441394,1211399283,26.05320457,25.09596449,5.09036806,20.12575298,20.35320518,6.11357767,-0.909788705696,2026-04-29 00:00:00
300760,300760.SZ,迈瑞医疗,10091420,069001002002,016082,医疗器械,1041,204175130749.6,203999639257.2,168.4,0.0,1212441394,1211399283,26.05320457,25.09596449,5.09036806,20.12575298,20.35320518,6.11357767,-0.909788705696,2026-04-30 00:00:00
300760,300760.SZ,迈瑞医疗,10091420,069001002002,016082,医疗器械,1041,209364379915.92,209184428188.44,172.68,2.541567695962,1212441394,1211399283,26.7153644,25.73379541,5.21974321,20.63726262,20.87049566,6.26895838,-0.932911601503,2026-05-06 00:00:00
300760,300760.SZ,迈瑞医疗,10091420,069001002002,016082,医疗器械,1041,206721257677.0,206543577751.5,170.5,-1.262450776002,1212441394,1211399283,26.37809607,25.40891891,5.15384652,20.37672734,20.60701593,6.18981587,-0.921134051582,2026-05-07 00:00:00
300760,300760.SZ,迈瑞医疗,10091420,069001002002,016082,医疗器械,1041,206854626230.34,206676831672.63,170.61,0.064516129032,1212441394,1211399283,26.3951142,25.42531177,5.15717159,20.38987361,20.62031078,6.1938093,-0.921728331737,2026-05-08 00:00:00
300760,300760.SZ,迈瑞医疗,10091420,069001002002,016082,医疗器械,1041,205157208278.74,204980872676.43,169.21,-0.82058495985,1212441394,1211399283,26.17851986,25.21667548,5.11485261,20.22255738,20.45110361,6.14298383,-0.914164767581,2026-05-11 00:00:00
300760,300760.SZ,迈瑞医疗,10091420,069001002002,016082,医疗器械,1041,201738123547.66,201564726698.37,166.39,-1.66656816973,1212441394,1211399283,25.74223698,24.79642239,5.02961011,19.88553467,20.11027203,6.04060682,-0.898929588521,2026-05-12 00:00:00
300760,300760.SZ,迈瑞医疗,10091420,069001002002,016082,医疗器械,1041,201192524920.36,201019597021.02,165.94,-0.270448945249,1212441394,1211399283,25.67261737,24.72936073,5.01600758,19.83175445,20.05588401,6.02427006,-0.896498442874,2026-05-13 00:00:00
300760,300760.SZ,迈瑞医疗,10091420,069001002002,016082,医疗器械,1041,195494050368.56,195326020390.92,161.24,-2.832349041822,1212441394,1211399283,24.94547924,24.02893892,4.87393674,19.27004995,19.48783137,5.8536417,-0.87110647789,2026-05-14 00:00:00
300760,300760.SZ,迈瑞医疗,10091420,069001002002,016082,医疗器械,1041,194439226355.78,194272103014.71,160.37,-0.539568345324,1212441394,1211399283,24.81088133,23.89928637,4.84763852,19.16607486,19.3826812,5.82205731,-0.866406263066,2026-05-15 00:00:00
300760,300760.SZ,迈瑞医疗,10091420,069001002002,016082,医疗器械,1041,189540963124.02,189378049911.39,156.33,-2.519174409179,1212441394,1211399283,24.18585196,23.29722167,4.72551805,18.683248,18.89439765,5.67538953,-0.844579978318,2026-05-18 00:00:00
300760,300760.SZ,迈瑞医疗,10091420,069001002002,016082,医疗器械,1041,191747606461.1,191582796606.45,158.15,1.164203927589,1212441394,1211399283,24.4674246,23.56844884,4.78053271,18.90075911,19.11436697,5.74146264,-0.854412611652,2026-05-19 00:00:00
300760,300760.SZ,迈瑞医疗,10091420,069001002002,016082,医疗器械,1041,187685927791.2,187524609008.4,154.8,-2.11824217515,1212441394,1211399283,23.94914529,23.06921201,4.67926945,18.50039526,18.70947839,5.61984455,-0.836314083259,2026-05-20 00:00:00
300760,300760.SZ,迈瑞医疗,10091420,069001002002,016082,医疗器械,1041,191880975014.44,191716050527.58,158.26,2.235142118863,1212441394,1211399283,24.48444272,23.58484169,4.78385778,18.91390539,19.12766182,5.74545607,-0.855006891458,2026-05-21 00:00:00
300760,300760.SZ,迈瑞医疗,10091420,069001002002,016082,医疗器械,1041,185503533282.0,185344090299.0,153.0,-3.32364463541,1212441394,1211399283,23.67066686,22.80096536,4.62485934,18.28527438,18.49192632,5.55449752,-0.826589501021,2026-05-22 00:00:00
300760,300760.SZ,迈瑞医疗,10091420,069001002002,016082,医疗器械,1041,186267371360.22,186107271847.29,153.63,0.411764705882,1212441394,1211399283,23.76813431,22.89485169,4.64390288,18.36056669,18.56806954,5.57736898,-0.829993104787,2026-05-25 00:00:00
300760,300760.SZ,迈瑞医疗,10091420,069001002002,016082,医疗器械,1041,185685399491.1,185525800191.45,153.15,-0.312438976762,1212441394,1211399283,23.69387339,22.82331925,4.62939352,18.30320112,18.51005566,5.55994311,-0.827399882671,2026-05-26 00:00:00
300760,300760.SZ,迈瑞医疗,10091420,069001002002,016082,医疗器械,1041,186715974676.0,186555489582.0,154.0,0.555011426706,1212441394,1211399283,23.8253771,22.94999128,4.65508718,18.40478598,18.61278858,5.59080143,-0.831992046748,2026-05-27 00:00:00
300760,300760.SZ,迈瑞医疗,10091420,069001002002,016082,医疗器械,1041,182811913387.32,182654783890.74,150.78,-1.088953030701,1212441394,1211399283,23.32721012,22.47012782,4.55775354,18.01995864,18.22361209,5.47390285,-0.814595849257,2026-05-28 00:00:00
300760,300760.SZ,迈瑞医疗,10091420,069001002002,016082,医疗器械,1041,184084976851.02,183926753137.89,151.83,0.696378830084,1212441394,1211399283,23.48965588,22.62660504,4.58949277,18.14544582,18.35051747,5.51202195,-0.820268522549,2026-05-29 00:00:00
300760,300760.SZ,迈瑞医疗,10091420,069001002002,016082,医疗器械,1041,181175117505.42,181019394858.69,149.43,-1.580715273661,1212441394,1211399283,23.1183513,22.26894284,4.51694596,17.85861798,18.06044804,5.42489258,-0.807302412666,2026-06-01 00:00:00
300760,300760.SZ,迈瑞医疗,10091420,069001002002,016082,医疗器械,1041,178216760504.06,178063580608.17,146.99,-1.632871578666,1212441394,1211399283,22.74085831,21.9053196,4.44319003,17.56700968,17.76554411,5.33631105,-0.79412020094,2026-06-02 00:00:00
300760,300760.SZ,迈瑞医疗,10091420,069001002002,016082,医疗器械,1041,175306901158.46,175156222328.97,144.59,-1.632764133615,1212441394,1211399283,22.36955373,21.5476574,4.37064322,17.28018185,17.47547468,5.24918168,-0.781154091057,2026-06-03 00:00:00
300760,300760.SZ,迈瑞医疗,10091420,069001002002,016082,医疗器械,1041,172882018370.46,172733423762.97,142.59,-1.383221522927,1212441394,1211399283,22.06013325,21.24960556,4.31018754,17.04115866,17.23375015,5.17657387,-0.770348999605,2026-06-04 00:00:00
300760,300760.SZ,迈瑞医疗,10091420,069001002002,016082,医疗器械,1041,175064412879.66,174913942472.37,144.39,1.262360614349,1212441394,1211399283,22.33861168,21.51785221,4.36459765,17.25627953,17.45130223,5.2419209,-0.780073581842,2026-06-05 00:00:00
300760,300760.SZ,迈瑞医疗,10091420,069001002002,016082,医疗器械,1041,173063884579.56,172915133655.42,142.74,-1.142738416788,1212441394,1211399283,22.08333979,21.27195945,4.31472172,17.0590854,17.25187949,5.18201945,-0.771159381603,2026-06-08 00:00:00
300760,300760.SZ,迈瑞医疗,10091420,069001002002,016082,医疗器械,1041,172566783608.02,172418459949.39,142.33,-0.287235533137,1212441394,1211399283,22.01990859,21.21085882,4.3023283,17.01008564,17.20232597,5.16713485,-0.7689443378,2026-06-09 00:00:00
300760,300760.SZ,迈瑞医疗,10091420,069001002002,016082,医疗器械,1041,173985340039.0,173835797110.5,143.5,0.822033302888,1212441394,1211399283,22.20091957,21.38521915,4.33769488,17.14991421,17.34373481,5.20961042,-0.775265316272,2026-06-10 00:00:00
300760,300760.SZ,迈瑞医疗,10091420,069001002002,016082,医疗器械,1041,178083391950.72,177930326687.04,146.88,2.355400696864,1212441394,1211399283,22.72384018,21.88892675,4.43986497,17.55386341,17.75224926,5.33231762,-0.793525920785,2026-06-11 00:00:00
300760,300760.SZ,迈瑞医疗,10091420,069001002002,016082,医疗器械,1041,183127148149.76,182969747704.32,151.04,2.832244008715,1212441394,1211399283,23.36743479,22.50887456,4.56561278,18.05103165,18.25503628,5.48334187,-0.816000511412,2026-06-12 00:00:00
300760,300760.SZ,迈瑞医疗,10091420,069001002002,016082,医疗器械,1041,177622664221.0,177469994959.5,146.5,-3.005826271186,1212441394,1211399283,22.66505029,21.8322969,4.42837839,17.508449,17.7063216,5.31852214,-0.791472953451,2026-06-15 00:00:00
300760,300760.SZ,迈瑞医疗,10091420,069001002002,016082,医疗器械,1041,173257875202.6,173108957540.7,142.9,-2.457337883959,1212441394,1211399283,22.10809342,21.29580359,4.31955817,17.07820725,17.27121746,5.18782808,-0.772023788626,2026-06-16 00:00:00
300760,300760.SZ,迈瑞医疗,10091420,069001002002,016082,医疗器械,1041,173803473829.9,173654087218.05,143.35,0.314905528341,1212441394,1211399283,22.17771303,21.36286526,4.3331607,17.13198747,17.32560547,5.20416484,-0.774454934273,2026-06-17 00:00:00
300760,300760.SZ,迈瑞医疗,10091420,069001002002,016082,医疗器械,1041,169753919573.94,169608013612.83,140.01,-2.329961632368,1212441394,1211399283,21.66098083,20.86511869,4.23219972,16.73281874,16.92192551,5.08290979,-0.756410431603,2026-06-18 00:00:00
300760,300760.SZ,迈瑞医疗,10091420,069001002002,016082,医疗器械,1041,171984811738.9,171836988293.55,141.85,1.31419184344,1212441394,1211399283,21.94564767,21.13932638,4.28781894,16.95272007,17.14431208,5.14970898,-0.766351115683,2026-06-22 00:00:00
300760,300760.SZ,迈瑞医疗,10091420,069001002002,016082,医疗器械,1041,168990081495.72,168844832064.54,139.38,-1.74127599577,1212441394,1211399283,21.56351338,20.77123237,4.21315618,16.65752643,16.84578229,5.06003833,-0.753006827837,2026-06-23 00:00:00
300760,300760.SZ,迈瑞医疗,10091420,069001002002,016082,医疗器械,1041,165777111801.62,165634623964.59,136.73,-1.90127708423,1212441394,1211399283,21.15353124,20.37631368,4.13305241,16.3408207,16.52549729,4.96383298,-0.738690081523,2026-06-24 00:00:00
300760,300760.SZ,迈瑞医疗,10091420,069001002002,016082,医疗器械,1041,167510902995.04,167366924939.28,138.16,1.045856798069,1212441394,1211399283,21.37476688,20.58942075,4.17627822,16.51172228,16.69833033,5.01574757,-0.7464157218,2026-06-25 00:00:00
300760,300760.SZ,迈瑞医疗,10091420,069001002002,016082,医疗器械,1041,162442897968.12,162303275936.34,133.98,-3.025477707006,1212441394,1211399283,20.72807808,19.96649241,4.04992585,16.0121638,16.19312607,4.86399724,-0.723833080775,2026-06-26 00:00:00
300760,300760.SZ,迈瑞医疗,10091420,069001002002,016082,医疗器械,1041,166698567261.06,166555287419.67,137.49,2.619793999104,1212441394,1211399283,21.27111102,20.48957338,4.15602556,16.43164951,16.61735261,4.99142395,-0.742796016191,2026-06-29 00:00:00
300760,300760.SZ,迈瑞医疗,10091420,069001002002,016082,医疗器械,1041,164685914547.02,164544364609.89,135.83,-1.207360535312,1212441394,1211399283,21.01429202,20.24219036,4.10584735,16.23326026,16.41672125,4.93115947,-0.733827790229,2026-06-30 00:00:00
300760,300760.SZ,迈瑞医疗,10091420,069001002002,016082,医疗器械,1041,171802945529.8,171655278401.1,141.7,4.321578443643,1212441394,1211399283,21.92244114,21.11697249,4.28328477,16.93479333,17.12618274,5.14426339,-0.765540734034,2026-07-01 00:00:00
300760,300760.SZ,迈瑞医疗,10091420,069001002002,016082,医疗器械,1041,168771842044.8,168626780193.6,139.2,-1.764290755116,1212441394,1211399283,21.53566553,20.7444077,4.20771517,16.63601434,16.82402708,5.05350363,-0.752034369369,2026-07-02 00:00:00
300760,300760.SZ,迈瑞医疗,10091420,069001002002,016082,医疗器械,1041,169766043987.88,169620127605.66,140.02,0.58908045977,1212441394,1211399283,21.66252793,20.86660895,4.232502,16.73401385,16.92313414,5.08327283,-0.756464456976,2026-07-03 00:00:00
300760,300760.SZ,迈瑞医疗,10091420,069001002002,016082,医疗器械,1041,170469259996.4,170322739189.8,140.6,0.414226539066,1212441394,1211399283,21.75225987,20.95304398,4.25003414,16.80333058,16.99323425,5.1043291,-0.759597933526,2026-07-06 00:00:00
300760,300760.SZ,迈瑞医疗,10091420,069001002002,016082,医疗器械,1041,167523027408.98,167379038932.11,138.17,-1.728307254623,1212441394,1211399283,21.37631398,20.59091101,4.17658049,16.5129174,16.69953895,5.01611061,-0.746469747173,2026-07-07 00:00:00
