日期,收盘价_HKD,HKD_CNY,TTM归母净利润_亿元,披露口径,总股本,市值_亿港元,市值_亿人民币,PE_TTM
2020-09-08,33.099998,0.879986,49.485680,上市初始：2019全年,11246466400,3722.580207,3275.818422,66.197300
2020-09-09,33.200001,0.882115,49.485680,上市初始：2019全年,11246466400,3733.826931,3293.664767,66.557937
2020-09-10,35.900002,0.880643,49.485680,上市初始：2019全年,11246466400,4037.481609,3555.579958,71.850684
2020-09-11,35.000000,0.880769,49.485680,上市初始：2019全年,11246466400,3936.263240,3466.938694,70.059433
2020-09-14,36.150002,0.881245,49.485680,上市初始：2019全年,11246466400,4065.597775,3582.787781,72.400496
2020-09-15,35.299999,0.877657,49.485680,上市初始：2019全年,11246466400,3970.002553,3484.300516,70.410279
2020-09-16,34.349998,0.874112,49.485680,上市初始：2019全年,11246466400,3863.161037,3376.835459,68.238639
2020-09-17,34.849998,0.870673,49.485680,上市初始：2019全年,11246466400,3919.393369,3412.509986,68.959545
2020-09-18,35.750000,0.872188,49.485680,上市初始：2019全年,11246466400,4020.611738,3506.729198,70.863514
2020-09-21,36.000000,0.871795,49.485680,上市初始：2019全年,11246466400,4048.727904,3529.660738,71.326912
2020-09-22,36.700001,0.877020,49.485680,上市初始：2019全年,11246466400,4127.453255,3619.859059,73.149628
2020-09-23,39.299999,0.873620,49.485680,上市初始：2019全年,11246466400,4419.861209,3861.279033,78.028210
2020-09-24,38.000000,0.877427,49.363210,2020中报发布,11246466400,4273.657232,3749.822167,75.963904
2020-09-25,35.150002,0.878932,49.363210,2020中报发布,11246466400,3953.133111,3474.535189,70.387140
2020-09-28,35.650002,0.879124,49.363210,2020中报发布,11246466400,4009.365443,3524.729329,71.403973
2020-09-29,35.000000,0.877785,49.363210,2020中报发布,11246466400,3936.263240,3455.192935,69.995305
2020-09-30,35.000000,0.878511,49.363210,2020中报发布,11246466400,3936.263240,3458.050601,70.053196
2020-10-05,35.599998,0.874736,49.363210,2020中报发布,11246466400,4003.741867,3502.217190,70.947922
2020-10-06,37.549999,0.875086,49.363210,2020中报发布,11246466400,4223.048047,3695.530264,74.864059
2020-10-07,36.799999,0.874968,49.363210,2020中报发布,11246466400,4138.699549,3621.229635,73.358877
2020-10-08,36.900002,0.872623,49.363210,2020中报发布,11246466400,4149.946273,3621.338676,73.361086
2020-10-09,36.599998,0.875032,49.363210,2020中报发布,11246466400,4116.206531,3601.812465,72.965524
2020-10-12,37.700001,0.863480,49.363210,2020中报发布,11246466400,4239.917919,3661.084205,74.166251
2020-10-14,37.950001,0.869453,49.363210,2020中报发布,11246466400,4268.034085,3710.855094,75.174509
2020-10-15,36.400002,0.865403,49.363210,2020中报发布,11246466400,4093.713941,3542.712312,71.768273
2020-10-16,37.000000,0.866656,49.363210,2020中报发布,11246466400,4161.192568,3606.322529,73.056888
2020-10-19,36.299999,0.863411,49.363210,2020中报发布,11246466400,4082.467217,3524.847141,71.406360
2020-10-20,36.000000,0.861207,49.363210,2020中报发布,11246466400,4048.727904,3486.792846,70.635456
2020-10-21,36.900002,0.860283,49.363210,2020中报发布,11246466400,4149.946273,3570.128301,72.323666
2020-10-22,36.599998,0.857257,49.363210,2020中报发布,11246466400,4116.206531,3528.646897,71.483335
2020-10-23,35.900002,0.861789,49.363210,2020中报发布,11246466400,4037.481609,3479.457191,70.486850
2020-10-27,35.700001,0.864626,49.363210,2020中报发布,11246466400,4014.988591,3471.463487,70.324914
2020-10-28,35.500000,0.863721,49.363210,2020中报发布,11246466400,3992.495572,3448.402320,69.857741
2020-10-29,35.500000,0.867176,49.363210,2020中报发布,11246466400,3992.495572,3462.196325,70.137180
2020-10-30,35.500000,0.864965,49.363210,2020中报发布,11246466400,3992.495572,3453.369019,69.958356
2020-11-02,36.500000,0.862711,49.363210,2020中报发布,11246466400,4104.960236,3541.394401,71.741574
2020-11-03,36.049999,0.862158,49.363210,2020中报发布,11246466400,4054.351051,3495.491196,70.811667
2020-11-04,37.900002,0.859904,49.363210,2020中报发布,11246466400,4262.410937,3665.264177,74.250929
2020-11-05,37.900002,0.857056,49.363210,2020中报发布,11246466400,4262.410937,3653.124961,74.005012
2020-11-06,37.750000,0.850840,49.363210,2020中报发布,11246466400,4245.541066,3612.276044,73.177495
2020-11-09,38.950001,0.850314,49.363210,2020中报发布,11246466400,4380.498749,3724.799505,75.456995
2020-11-10,39.349998,0.854257,49.363210,2020中报发布,11246466400,4425.484357,3780.500935,76.585395
2020-11-11,37.000000,0.852044,49.363210,2020中报发布,11246466400,4161.192568,3545.519103,71.825133
2020-11-12,37.250000,0.854041,49.363210,2020中报发布,11246466400,4189.308734,3577.841338,72.479916
2020-11-13,37.250000,0.851889,49.363210,2020中报发布,11246466400,4189.308734,3568.826088,72.297286
2020-11-16,41.200001,0.850162,49.363210,2020中报发布,11246466400,4633.544243,3939.263376,79.801605
2020-11-17,44.200001,0.848137,49.363210,2020中报发布,11246466400,4970.938235,4216.036746,85.408480
2020-11-18,43.950001,0.844575,49.363210,2020中报发布,11246466400,4942.822069,4174.583889,84.568728
2020-11-19,44.000000,0.845341,49.363210,2020中报发布,11246466400,4948.445216,4183.123760,84.741729
2020-11-20,45.200001,0.848129,49.363210,2020中报发布,11246466400,5083.402899,4311.381287,87.339970
2020-11-23,45.150002,0.844725,49.363210,2020中报发布,11246466400,5077.779751,4289.327565,86.893206
2020-11-24,44.599998,0.848786,49.363210,2020中报发布,11246466400,5015.923843,4257.445917,86.247347
2020-11-25,42.599998,0.849206,49.363210,2020中报发布,11246466400,4790.994515,4068.541148,82.420514
2020-11-26,43.150002,0.847687,49.363210,2020中报发布,11246466400,4852.850423,4113.698246,83.335307
2020-11-27,42.849998,0.847076,49.363210,2020中报发布,11246466400,4819.110681,4082.152993,82.696263
2020-11-30,42.500000,0.846961,49.363210,2020中报发布,11246466400,4779.748220,4048.260435,82.009667
2020-12-01,43.700001,0.847413,49.363210,2020中报发布,11246466400,4914.705903,4164.785690,84.370236
2020-12-02,42.250000,0.846754,49.363210,2020中报发布,11246466400,4751.632054,4023.463517,81.507331
2020-12-03,41.450001,0.845463,49.363210,2020中报发布,11246466400,4661.660409,3941.261291,79.842079
2020-12-04,42.500000,0.843096,49.363210,2020中报发布,11246466400,4779.748220,4029.786691,81.635426
2020-12-07,42.599998,0.841706,49.363210,2020中报发布,11246466400,4790.994515,4032.608723,81.692595
2020-12-08,43.299999,0.841310,49.363210,2020中报发布,11246466400,4869.719865,4096.944138,82.995902
2020-12-09,42.450001,0.841780,49.363210,2020中报发布,11246466400,4774.125073,4018.763036,81.412109
2020-12-10,41.950001,0.843055,49.363210,2020中报发布,11246466400,4717.892741,3977.443111,80.575050
2020-12-11,42.000000,0.843288,49.363210,2020中报发布,11246466400,4723.515888,3983.284287,80.693380
2020-12-14,42.700001,0.843432,49.363210,2020中报发布,11246466400,4802.241239,4050.363977,82.052281
2020-12-15,43.400002,0.843974,49.363210,2020中报发布,11246466400,4880.966589,4119.408868,83.450993
2020-12-16,45.500000,0.842581,49.363210,2020中报发布,11246466400,5117.142212,4311.606670,87.344536
2020-12-17,46.599998,0.841598,49.363210,2020中报发布,11246466400,5240.853171,4410.691412,89.351795
2020-12-18,47.799999,0.841694,49.363210,2020中报发布,11246466400,5375.810853,4524.787726,91.663158
2020-12-21,48.099998,0.842269,49.363210,2020中报发布,11246466400,5409.550167,4556.296428,92.301462
2020-12-22,46.599998,0.843766,49.363210,2020中报发布,11246466400,5240.853171,4422.053580,89.581970
2020-12-23,49.000000,0.843022,49.363210,2020中报发布,11246466400,5510.768536,4645.699051,94.112580
2020-12-24,50.000000,0.842594,49.363210,2020中报发布,11246466400,5623.233200,4738.102710,95.984494
2020-12-28,53.599998,0.841168,49.363210,2020中报发布,11246466400,6028.105819,5070.649633,102.721230
2020-12-29,52.250000,0.841930,49.363210,2020中报发布,11246466400,5876.278694,4947.415157,100.224745
2020-12-30,54.849998,0.841142,49.363210,2020中报发布,11246466400,6168.686649,5188.741418,105.113533
2020-12-31,54.950001,0.840387,49.363210,2020中报发布,11246466400,6179.933373,5193.535585,105.210654
2021-01-04,60.599998,0.840825,49.363210,2020中报发布,11246466400,6815.358467,5730.523928,116.088964
2021-01-05,64.550003,0.832299,49.363210,2020中报发布,11246466400,7259.594404,6042.153120,122.401949
2021-01-06,65.000000,0.831609,49.363210,2020中报发布,11246466400,7310.203160,6079.230818,123.153069
2021-01-07,65.199997,0.832563,49.363210,2020中报发布,11246466400,7332.695750,6104.931047,123.673705
2021-01-08,66.599998,0.834249,49.363210,2020中报发布,11246466400,7490.146451,6248.647333,126.585109
2021-01-11,62.000000,0.831900,49.363210,2020中报发布,11246466400,6972.809168,5800.679951,117.510185
2021-01-12,62.900002,0.834580,49.363210,2020中报发布,11246466400,7074.027537,5903.841932,119.600041
2021-01-13,61.000000,0.832426,49.363210,2020中报发布,11246466400,6860.344504,5710.729213,115.687963
2021-01-14,59.599998,0.833180,49.363210,2020中报发布,11246466400,6702.893803,5584.717128,113.135210
2021-01-15,58.349998,0.834126,49.363210,2020中报发布,11246466400,6562.312973,5473.795842,110.888166
2021-01-18,61.950001,0.833061,49.363210,2020中报发布,11246466400,6967.186021,5804.090813,117.579282
2021-01-19,62.400002,0.836334,49.363210,2020中报发布,11246466400,7017.795205,5869.220666,118.898683
2021-01-20,62.000000,0.834643,49.363210,2020中报发布,11246466400,6972.809168,5819.806407,117.897649
2021-01-21,60.900002,0.833104,49.363210,2020中报发布,11246466400,6849.098209,5706.011213,115.592386
2021-01-22,58.900002,0.832541,49.363210,2020中报发布,11246466400,6624.168881,5514.892111,111.720695
2021-01-25,63.500000,0.835113,49.363210,2020中报发布,11246466400,7141.506164,5963.964558,120.818005
2021-01-26,62.900002,0.834857,49.363210,2020中报发布,11246466400,7074.027537,5905.801316,119.639734
2021-01-27,60.849998,0.832913,49.363210,2020中报发布,11246466400,6843.474633,5700.018860,115.470993
2021-01-28,58.549999,0.835308,49.363210,2020中报发布,11246466400,6584.805991,5500.341224,111.425923
2021-01-29,58.549999,0.830826,49.363210,2020中报发布,11246466400,6584.805991,5470.827920,110.828042
2021-02-01,59.799999,0.827931,49.363210,2020中报发布,11246466400,6725.386821,5568.156148,112.799718
2021-02-02,61.250000,0.833071,49.363210,2020中报发布,11246466400,6888.460670,5738.576774,116.252099
2021-02-03,62.400002,0.831881,49.363210,2020中报发布,11246466400,7017.795205,5837.970400,118.265615
2021-02-04,61.900002,0.832334,49.363210,2020中报发布,11246466400,6961.562873,5794.345347,117.381859
2021-02-05,60.500000,0.833655,49.363210,2020中报发布,11246466400,6804.112172,5672.282131,114.909102
2021-02-08,58.750000,0.833019,49.363210,2020中报发布,11246466400,6607.299010,5504.005734,111.500158
2021-02-09,60.950001,0.830760,49.363210,2020中报发布,11246466400,6854.721357,5694.628329,115.361791
2021-02-10,61.549999,0.829138,49.363210,2020中报发布,11246466400,6922.199983,5739.458918,116.269969
2021-02-11,62.200001,0.832033,49.363210,2020中报发布,11246466400,6995.302187,5820.322114,117.908096
2021-02-16,64.900002,0.831893,49.363210,2020中报发布,11246466400,7298.956865,6071.951319,123.005601
2021-02-17,65.949997,0.831978,49.363210,2020中报发布,11246466400,7417.044248,6170.817810,125.008439
2021-02-18,63.650002,0.831960,49.363210,2020中报发布,11246466400,7158.376035,5955.482687,120.646179
2021-02-19,64.000000,0.835716,49.363210,2020中报发布,11246466400,7197.738496,6015.265291,121.857255
2021-02-22,61.099998,0.831903,49.363210,2020中报发布,11246466400,6871.590799,5716.496868,115.804804
2021-02-23,59.799999,0.832706,49.363210,2020中报发布,11246466400,6725.386821,5600.269788,113.450276
2021-02-24,55.950001,0.832907,49.363210,2020中报发布,11246466400,6292.398037,5240.982504,106.171833
2021-02-25,56.700001,0.831471,49.363210,2020中报发布,11246466400,6376.746535,5302.079983,107.409546
2021-02-26,51.500000,0.831384,49.363210,2020中报发布,11246466400,5791.930196,4815.318112,97.548723
2021-03-01,52.299999,0.833736,49.363210,2020中报发布,11246466400,5881.901841,4903.953328,99.344296
2021-03-02,49.500000,0.832524,49.363210,2020中报发布,11246466400,5567.000868,4634.661840,93.888988
2021-03-03,48.849998,0.833148,49.363210,2020中报发布,11246466400,5493.898665,4577.230699,92.725548
2021-03-04,46.549999,0.832815,49.363210,2020中报发布,11246466400,5235.230023,4359.978047,88.324443
2021-03-05,45.450001,0.832644,49.363210,2020中报发布,11246466400,5111.519065,4256.075607,86.219588
2021-03-08,42.150002,0.835644,49.363210,2020中报发布,11246466400,4740.385759,3961.274949,80.247515
2021-03-09,41.049999,0.838978,49.363210,2020中报发布,11246466400,4616.674371,3873.288196,78.465079
2021-03-10,41.700001,0.837259,49.363210,2020中报发布,11246466400,4689.776575,3926.557620,79.544212
2021-03-11,44.000000,0.837143,49.363210,2020中报发布,11246466400,4948.445216,4142.556293,83.919913
2021-03-12,43.299999,0.835795,49.363210,2020中报发布,11246466400,4869.719865,4070.087443,82.451839
2021-03-15,44.000000,0.829829,49.363210,2020中报发布,11246466400,4948.445216,4106.363234,83.186714
2021-03-16,44.299999,0.835998,49.363210,2020中报发布,11246466400,4982.184529,4165.096296,84.376529
2021-03-17,44.400002,0.836546,49.363210,2020中报发布,11246466400,4993.431253,4177.234960,84.622434
2021-03-18,44.750000,0.836508,49.363210,2020中报发布,11246466400,5032.793714,4209.972084,85.285622
2021-03-19,44.000000,0.836852,49.363210,2020中报发布,11246466400,4948.445216,4141.116345,83.890743
2021-03-22,43.650002,0.832634,49.363210,2020中报发布,11246466400,4909.082755,4087.469074,82.803956
2021-03-23,42.099998,0.836892,49.363210,2020中报发布,11246466400,4734.762183,3962.484634,80.272021
2021-03-24,39.000000,0.837890,49.363210,2020中报发布,11246466400,4386.121896,3675.087802,74.449936
2021-03-25,40.950001,0.838814,52.774260,2020全年业绩公告,11246466400,4605.428077,3863.097639,73.200413
2021-03-26,40.000000,0.841490,52.774260,2020全年业绩公告,11246466400,4498.586560,3785.515472,71.730337
2021-03-29,38.799999,0.840930,52.774260,2020全年业绩公告,11246466400,4363.628877,3669.506367,69.532124
2021-03-30,39.549999,0.843984,52.774260,2020全年业绩公告,11246466400,4447.977375,3754.021772,71.133575
2021-03-31,38.750000,0.844205,52.774260,2020全年业绩公告,11246466400,4358.005730,3679.050323,69.712968
2021-04-01,40.150002,0.841768,52.774260,2020全年业绩公告,11246466400,4515.456431,3800.966848,72.023120
2021-04-07,39.700001,0.839908,52.774260,2020全年业绩公告,11246466400,4464.847247,3750.060938,71.058522
2021-04-08,38.700001,0.839308,52.774260,2020全年业绩公告,11246466400,4352.382583,3652.989623,69.219154
2021-04-09,38.250000,0.841270,52.774260,2020全年业绩公告,11246466400,4301.773398,3618.953034,68.574207
2021-04-12,37.700001,0.841424,52.774260,2020全年业绩公告,11246466400,4239.917919,3567.568645,67.600543
2021-04-13,38.150002,0.841168,52.774260,2020全年业绩公告,11246466400,4290.527103,3609.054044,68.386635
2021-04-14,38.599998,0.840747,52.774260,2020全年业绩公告,11246466400,4341.135859,3649.796945,69.158657
2021-04-15,39.099998,0.839711,52.774260,2020全年业绩公告,11246466400,4397.368191,3692.518487,69.968172
2021-04-16,39.950001,0.838713,52.774260,2020全年业绩公告,11246466400,4492.963413,3768.306779,71.404256
2021-04-19,40.549999,0.835001,52.774260,2020全年业绩公告,11246466400,4560.442039,3807.973626,72.155889
2021-04-20,42.049999,0.837223,52.774260,2020全年业绩公告,11246466400,4729.139035,3959.343939,75.024149
2021-04-21,41.099998,0.836335,52.774260,2020全年业绩公告,11246466400,4622.297519,3865.789211,73.251415
2021-04-22,41.849998,0.834957,52.774260,2020全年业绩公告,11246466400,4706.646017,3929.847055,74.465223
2021-04-23,41.349998,0.835453,52.774260,2020全年业绩公告,11246466400,4650.413685,3885.201943,73.619260
2021-04-26,41.599998,0.836030,52.774260,2020全年业绩公告,11246466400,4678.529851,3911.391341,74.115513
2021-04-27,42.650002,0.834656,52.774260,2020全年业绩公告,11246466400,4796.618091,4003.526070,75.861340
2021-04-28,42.200001,0.834166,52.774260,2020全年业绩公告,11246466400,4746.008907,3958.959220,75.016859
2021-04-29,41.650002,0.833468,52.774260,2020全年业绩公告,11246466400,4684.153427,3904.092082,73.977202
2021-04-30,41.150002,0.832582,52.774260,2020全年业绩公告,11246466400,4627.921095,3853.123787,73.011422
2021-05-03,40.700001,0.832388,52.774260,2020全年业绩公告,11246466400,4577.311911,3810.099432,72.196170
2021-05-04,41.049999,0.832456,52.774260,2020全年业绩公告,11246466400,4616.674371,3843.178247,72.822968
2021-05-05,40.450001,0.832284,52.774260,2020全年业绩公告,11246466400,4549.195745,3786.222711,71.743739
2021-05-06,40.250000,0.832132,52.774260,2020全年业绩公告,11246466400,4526.702726,3766.814111,71.375972
2021-05-07,39.250000,0.830997,52.774260,2020全年业绩公告,11246466400,4414.238062,3668.218544,69.507721
2021-05-10,39.000000,0.827374,52.774260,2020全年业绩公告,11246466400,4386.121896,3628.963136,68.763885
2021-05-11,38.500000,0.825228,52.774260,2020全年业绩公告,11246466400,4329.889564,3573.146001,67.706226
2021-05-12,38.400002,0.826456,52.774260,2020全年业绩公告,11246466400,4318.643269,3569.168686,67.630862
2021-05-13,37.400002,0.830386,52.774260,2020全年业绩公告,11246466400,4206.178605,3492.751756,66.182866
2021-05-14,38.049999,0.829502,52.774260,2020全年业绩公告,11246466400,4279.280379,3549.671576,67.261418
2021-05-17,37.900002,0.827612,52.774260,2020全年业绩公告,11246466400,4262.410937,3527.622367,66.843616
2021-05-18,37.400002,0.828037,52.774260,2020全年业绩公告,11246466400,4206.178605,3482.871613,65.995650
2021-05-20,38.900002,0.827679,52.774260,2020全年业绩公告,11246466400,4374.875601,3620.992568,68.612853
2021-05-21,41.400002,0.827903,52.774260,2020全年业绩公告,11246466400,4656.037261,3854.747090,73.042182
2021-05-24,42.049999,0.827711,52.774260,2020全年业绩公告,11246466400,4729.139035,3914.360335,74.171771
2021-05-25,44.000000,0.825722,52.774260,2020全年业绩公告,11246466400,4948.445216,4086.039977,77.424865
2021-05-26,43.250000,0.824830,52.774260,2020全年业绩公告,11246466400,4864.096718,4012.052875,76.022911
2021-05-27,45.349998,0.822380,52.774260,2020全年业绩公告,11246466400,5100.272341,4194.362000,79.477419
2021-05-28,44.700001,0.821383,52.774260,2020全年业绩公告,11246466400,5027.170567,4129.232439,78.243303
2021-05-31,45.900002,0.819493,52.774260,2020全年业绩公告,11246466400,5162.128249,4230.327943,80.158925
2021-06-01,45.500000,0.819672,52.774260,2020全年业绩公告,11246466400,5117.142212,4194.378132,79.477725
2021-06-02,44.450001,0.821360,52.774260,2020全年业绩公告,11246466400,4999.054401,4106.023283,77.803522
2021-06-03,44.049999,0.821346,52.774260,2020全年业绩公告,11246466400,4954.068363,4069.004159,77.102060
2021-06-04,43.250000,0.824376,52.774260,2020全年业绩公告,11246466400,4864.096718,4009.844533,75.981066
2021-06-07,43.299999,0.823428,52.774260,2020全年业绩公告,11246466400,4869.719865,4009.863568,75.981427
2021-06-08,43.349998,0.823423,52.774260,2020全年业绩公告,11246466400,4875.343013,4014.469706,76.068707
2021-06-09,43.700001,0.823794,52.774260,2020全年业绩公告,11246466400,4914.705903,4048.705270,76.717424
2021-06-10,43.200001,0.822099,52.774260,2020全年业绩公告,11246466400,4858.473571,3994.146120,75.683603
2021-06-11,43.049999,0.822779,52.774260,2020全年业绩公告,11246466400,4841.603699,3983.569849,75.483197
2021-06-15,41.799999,0.823321,52.774260,2020全年业绩公告,11246466400,4701.022869,3870.450779,73.339745
2021-06-16,41.299999,0.824144,52.774260,2020全年业绩公告,11246466400,4644.790537,3827.976279,72.534912
2021-06-17,41.099998,0.823015,52.774260,2020全年业绩公告,11246466400,4622.297519,3804.220075,72.084764
2021-06-18,42.049999,0.829410,52.774260,2020全年业绩公告,11246466400,4729.139035,3922.395286,74.324022
2021-06-21,40.950001,0.830193,52.774260,2020全年业绩公告,11246466400,4605.428077,3823.394074,72.448085
2021-06-22,40.450001,0.831765,52.774260,2020全年业绩公告,11246466400,4549.195745,3783.861781,71.699002
2021-06-23,40.099998,0.833411,52.774260,2020全年业绩公告,11246466400,4509.832855,3758.544212,71.219269
2021-06-24,40.099998,0.832622,52.774260,2020全年业绩公告,11246466400,4509.832855,3754.986013,71.151846
2021-06-25,41.049999,0.832555,52.774260,2020全年业绩公告,11246466400,4616.674371,3843.635313,72.831629
2021-06-28,40.400002,0.829523,52.774260,2020全年业绩公告,11246466400,4543.572597,3768.998094,71.417356
2021-06-29,39.299999,0.830586,52.774260,2020全年业绩公告,11246466400,4419.861209,3671.074914,69.561845
2021-06-30,38.950001,0.831488,52.774260,2020全年业绩公告,11246466400,4380.498749,3642.332202,69.017210
2021-07-02,38.900002,0.831856,52.774260,2020全年业绩公告,11246466400,4374.875601,3639.266572,68.959121
2021-07-05,39.450001,0.832462,52.774260,2020全年业绩公告,11246466400,4436.731081,3693.410085,69.985066
2021-07-06,38.950001,0.831069,52.774260,2020全年业绩公告,11246466400,4380.498749,3640.496682,68.982430
2021-07-07,38.950001,0.833126,52.774260,2020全年业绩公告,11246466400,4380.498749,3649.507438,69.153171
2021-07-08,38.299999,0.832199,52.774260,2020全年业绩公告,11246466400,4307.396545,3584.611001,67.923473
2021-07-09,39.049999,0.834427,52.774260,2020全年业绩公告,11246466400,4391.745043,3664.590637,69.438977
2021-07-12,42.349998,0.833009,52.774260,2020全年业绩公告,11246466400,4762.878349,3967.520552,75.179085
2021-07-13,43.450001,0.832707,52.774260,2020全年业绩公告,11246466400,4886.589737,4069.097420,77.103827
2021-07-14,44.549999,0.831804,52.774260,2020全年业绩公告,11246466400,5010.300695,4167.588047,78.970090
2021-07-15,44.900002,0.831746,52.774260,2020全年业绩公告,11246466400,5049.663585,4200.037398,79.584961
2021-07-16,44.400002,0.830677,52.774260,2020全年业绩公告,11246466400,4993.431253,4147.928358,78.597566
2021-07-19,44.150002,0.832962,52.774260,2020全年业绩公告,11246466400,4965.315087,4135.918669,78.369998
2021-07-20,45.049999,0.834125,52.774260,2020全年业绩公告,11246466400,5066.533027,4226.121772,80.079224
2021-07-21,44.250000,0.833255,52.774260,2020全年业绩公告,11246466400,4976.561382,4146.744619,78.575135
2021-07-22,43.450001,0.831011,52.774260,2020全年业绩公告,11246466400,4886.589737,4060.809810,76.946788
2021-07-23,42.200001,0.831674,52.774260,2020全年业绩公告,11246466400,4746.008907,3947.132115,74.792752
2021-07-26,41.950001,0.833101,52.774260,2020全年业绩公告,11246466400,4717.892741,3930.481040,74.477236
2021-07-27,41.849998,0.832316,52.774260,2020全年业绩公告,11246466400,4706.646017,3917.416699,74.229685
2021-07-28,40.799999,0.835374,52.774260,2020全年业绩公告,11246466400,4588.558205,3833.162212,72.633178
2021-07-29,40.950001,0.833200,52.774260,2020全年业绩公告,11246466400,4605.428077,3837.242572,72.710495
2021-07-30,40.000000,0.829777,52.774260,2020全年业绩公告,11246466400,4498.586560,3732.823670,70.731900
2021-08-02,40.400002,0.830487,52.774260,2020全年业绩公告,11246466400,4543.572597,3773.378034,71.500349
2021-08-03,40.700001,0.830229,52.774260,2020全年业绩公告,11246466400,4577.311911,3800.217019,72.008912
2021-08-04,41.500000,0.830862,52.774260,2020全年业绩公告,11246466400,4667.283556,3877.868483,73.480300
2021-08-05,42.000000,0.830485,52.774260,2020全年业绩公告,11246466400,4723.515888,3922.809028,74.331862
2021-08-06,41.400002,0.829812,52.774260,2020全年业绩公告,11246466400,4656.037261,3863.635546,73.210606
2021-08-09,41.750000,0.829337,52.774260,2020全年业绩公告,11246466400,4695.399722,3894.068723,73.787273
2021-08-10,41.950001,0.832216,52.774260,2020全年业绩公告,11246466400,4717.892741,3926.305940,74.398124
2021-08-11,41.599998,0.832360,52.774260,2020全年业绩公告,11246466400,4678.529851,3894.221243,73.790163
2021-08-12,40.599998,0.831718,52.774260,2020全年业绩公告,11246466400,4566.065187,3797.678731,71.960814
2021-08-13,40.349998,0.831465,52.774260,2020全年业绩公告,11246466400,4537.949021,3773.145809,71.495949
2021-08-16,39.700001,0.831113,52.774260,2020全年业绩公告,11246466400,4464.847247,3710.792504,70.314439
2021-08-17,39.450001,0.830703,52.774260,2020全年业绩公告,11246466400,4436.731081,3685.605908,69.837188
2021-08-18,40.049999,0.831201,52.774260,2020全年业绩公告,11246466400,4504.209707,3743.903689,70.941851
2021-08-19,39.049999,0.831528,52.774260,2020全年业绩公告,11246466400,4391.745043,3651.859008,69.197730
2021-08-20,39.150002,0.832667,52.774260,2020全年业绩公告,11246466400,4402.991767,3666.225916,69.469963
2021-08-23,39.700001,0.834565,52.774260,2020全年业绩公告,11246466400,4464.847247,3726.205170,70.606488
2021-08-24,40.500000,0.830596,52.774260,2020全年业绩公告,11246466400,4554.818892,3783.214488,71.686737
2021-08-25,39.299999,0.829906,64.258460,2021中期业绩公告,11246466400,4419.861209,3668.069278,57.083056
2021-08-26,39.950001,0.830742,64.258460,2021中期业绩公告,11246466400,4492.963413,3732.493418,58.085634
2021-08-27,39.700001,0.831188,64.258460,2021中期业绩公告,11246466400,4464.847247,3711.127556,57.753136
2021-08-30,39.900002,0.829993,64.258460,2021中期业绩公告,11246466400,4487.340265,3724.461052,57.960634
2021-08-31,41.150002,0.829360,64.258460,2021中期业绩公告,11246466400,4627.921095,3838.212678,59.730854
2021-09-01,40.900002,0.829536,64.258460,2021中期业绩公告,11246466400,4599.804929,3815.703877,59.380568
2021-09-02,40.250000,0.829486,64.258460,2021中期业绩公告,11246466400,4526.702726,3754.836594,58.433342
2021-09-03,40.700001,0.829800,64.258460,2021中期业绩公告,11246466400,4577.311911,3798.253468,59.109002
2021-09-06,40.500000,0.829362,64.258460,2021中期业绩公告,11246466400,4554.818892,3777.593593,58.787490
2021-09-07,40.500000,0.829701,64.258460,2021中期业绩公告,11246466400,4554.818892,3779.137819,58.811522
2021-09-08,39.349998,0.830694,64.258460,2021中期业绩公告,11246466400,4425.484357,3676.223390,57.209952
2021-09-09,39.299999,0.829877,64.258460,2021中期业绩公告,11246466400,4419.861209,3667.941245,57.081064
2021-09-10,38.950001,0.828676,64.258460,2021中期业绩公告,11246466400,4380.498749,3630.014117,56.490836
2021-09-13,38.099998,0.827430,64.258460,2021中期业绩公告,11246466400,4284.903527,3545.457767,55.174957
2021-09-14,38.049999,0.828119,64.258460,2021中期业绩公告,11246466400,4279.280379,3543.753303,55.148432
2021-09-15,37.849998,0.826688,64.258460,2021中期业绩公告,11246466400,4256.787361,3519.034994,54.763762
2021-09-16,38.150002,0.825455,64.258460,2021中期业绩公告,11246466400,4290.527103,3541.637093,55.115499
2021-09-17,38.750000,0.828589,64.258460,2021中期业绩公告,11246466400,4358.005730,3610.995706,56.194868
2021-09-20,37.700001,0.829947,64.258460,2021中期业绩公告,11246466400,4239.917919,3518.907135,54.761772
2021-09-21,37.450001,0.829279,64.258460,2021中期业绩公告,11246466400,4211.801753,3492.758769,54.354847
2021-09-23,36.950001,0.828826,64.258460,2021中期业绩公告,11246466400,4155.569421,3444.244023,53.599853
2021-09-24,36.799999,0.828541,64.258460,2021中期业绩公告,11246466400,4138.699549,3429.082184,53.363902
2021-09-27,38.400002,0.829559,64.258460,2021中期业绩公告,11246466400,4318.643269,3582.569513,55.752496
2021-09-28,38.599998,0.828441,64.258460,2021中期业绩公告,11246466400,4341.135859,3596.375035,55.967339
2021-09-29,38.700001,0.828851,64.258460,2021中期业绩公告,11246466400,4352.382583,3607.476589,56.140103
2021-09-30,39.650002,0.830081,64.258460,2021中期业绩公告,11246466400,4459.224099,3701.517137,57.603577
2021-10-04,38.849998,0.826998,64.258460,2021中期业绩公告,11246466400,4369.252025,3613.362666,56.231703
2021-10-05,39.599998,0.826654,64.258460,2021中期业绩公告,11246466400,4453.600523,3681.586762,57.293417
2021-10-06,39.200001,0.826980,64.258460,2021中期业绩公告,11246466400,4408.614915,3645.836339,56.737064
2021-10-07,39.049999,0.826768,64.258460,2021中期业绩公告,11246466400,4391.745043,3630.954183,56.505465
2021-10-08,38.450001,0.827011,64.258460,2021中期业绩公告,11246466400,4324.266417,3576.215847,55.653619
2021-10-11,38.099998,0.826988,64.258460,2021中期业绩公告,11246466400,4284.903527,3543.563720,55.145482
2021-10-12,37.750000,0.828170,64.258460,2021中期业绩公告,11246466400,4245.541066,3516.029751,54.716994
2021-10-15,38.500000,0.826674,64.258460,2021中期业绩公告,11246466400,4329.889564,3579.407058,55.703281
2021-10-18,37.349998,0.826360,64.258460,2021中期业绩公告,11246466400,4200.555029,3471.170600,54.018889
2021-10-19,37.650002,0.825542,64.258460,2021中期业绩公告,11246466400,4234.294771,3495.588060,54.398877
2021-10-20,37.900002,0.819729,64.258460,2021中期业绩公告,11246466400,4262.410937,3494.021730,54.374501
2021-10-21,37.849998,0.821496,64.258460,2021中期业绩公告,11246466400,4256.787361,3496.933832,54.419820
2021-10-22,38.549999,0.821150,64.258460,2021中期业绩公告,11246466400,4335.512711,3560.106284,55.402919
2021-10-25,38.549999,0.820036,64.258460,2021中期业绩公告,11246466400,4335.512711,3555.276476,55.327757
2021-10-26,39.599998,0.820304,64.258460,2021中期业绩公告,11246466400,4453.600523,3653.306219,56.853311
2021-10-27,39.650002,0.819774,64.258460,2021中期业绩公告,11246466400,4459.224099,3655.555852,56.888320
2021-10-28,39.299999,0.820736,64.258460,2021中期业绩公告,11246466400,4419.861209,3627.539170,56.452320
2021-10-29,39.450001,0.820694,64.258460,2021中期业绩公告,11246466400,4436.731081,3641.198708,56.664892
2021-11-01,39.799999,0.822209,64.258460,2021中期业绩公告,11246466400,4476.093541,3680.284397,57.273150
2021-11-02,40.250000,0.820892,64.258460,2021中期业绩公告,11246466400,4526.702726,3715.933947,57.827933
2021-11-03,39.650002,0.821311,64.258460,2021中期业绩公告,11246466400,4459.224099,3662.409791,56.994982
2021-11-04,39.599998,0.821917,64.258460,2021中期业绩公告,11246466400,4453.600523,3660.489969,56.965106
2021-11-05,40.599998,0.820848,64.258460,2021中期业绩公告,11246466400,4566.065187,3748.045422,58.327657
2021-11-08,40.849998,0.820941,64.258460,2021中期业绩公告,11246466400,4594.181353,3771.551702,58.693465
2021-11-09,40.400002,0.819702,64.258460,2021中期业绩公告,11246466400,4543.572597,3724.375678,57.959305
2021-11-10,40.349998,0.819495,64.258460,2021中期业绩公告,11246466400,4537.949021,3718.826634,57.872950
2021-11-11,40.799999,0.818842,64.258460,2021中期业绩公告,11246466400,4588.558205,3757.304150,58.471743
2021-11-12,44.250000,0.819054,64.258460,2021中期业绩公告,11246466400,4976.561382,4076.072544,63.432465
2021-11-15,45.000000,0.817762,64.258460,2021中期业绩公告,11246466400,5060.909880,4138.619873,64.405837
2021-11-16,48.349998,0.818292,64.258460,2021中期业绩公告,11246466400,5437.666333,4449.598977,69.245341
2021-11-17,48.250000,0.819853,64.258460,2021中期业绩公告,11246466400,5426.420038,4448.866790,69.233947
2021-11-18,48.400002,0.817850,64.258460,2021中期业绩公告,11246466400,5443.289909,4451.794618,69.279510
2021-11-19,48.900002,0.818761,64.258460,2021中期业绩公告,11246466400,5499.522241,4502.794281,70.073175
2021-11-22,45.799999,0.818750,64.258460,2021中期业绩公告,11246466400,5150.881525,4217.284372,65.630026
2021-11-23,46.250000,0.818567,64.258460,2021中期业绩公告,11246466400,5201.490710,4257.768531,66.260046
2021-11-24,46.900002,0.818954,64.258460,2021中期业绩公告,11246466400,5274.592913,4319.648917,67.223038
2021-11-25,46.500000,0.818542,64.258460,2021中期业绩公告,11246466400,5229.606876,4280.652890,66.616176
2021-11-26,46.200001,0.817944,64.258460,2021中期业绩公告,11246466400,5195.867563,4249.928647,66.138041
2021-11-29,46.400002,0.818552,64.258460,2021中期业绩公告,11246466400,5218.360581,4271.499580,66.473731
2021-11-30,44.700001,0.817883,64.258460,2021中期业绩公告,11246466400,5027.170567,4111.637418,63.985931
2021-12-01,45.500000,0.815047,64.258460,2021中期业绩公告,11246466400,5117.142212,4170.711540,64.905252
2021-12-02,46.599998,0.816003,64.258460,2021中期业绩公告,11246466400,5240.853171,4276.552039,66.552358
2021-12-03,46.650002,0.817274,64.258460,2021中期业绩公告,11246466400,5246.476747,4287.808903,66.727539
2021-12-06,44.500000,0.816765,64.258460,2021中期业绩公告,11246466400,5004.677548,4087.645509,63.612566
2021-12-07,45.099998,0.816255,64.258460,2021中期业绩公告,11246466400,5072.156175,4140.172704,64.430002
2021-12-08,46.299999,0.815223,64.258460,2021中期业绩公告,11246466400,5207.113857,4244.958869,66.060700
2021-12-09,47.349998,0.812520,64.258460,2021中期业绩公告,11246466400,5325.201669,4326.833005,67.334838
2021-12-10,47.250000,0.816769,64.258460,2021中期业绩公告,11246466400,5313.955374,4340.274037,67.544010
2021-12-13,47.349998,0.807555,64.258460,2021中期业绩公告,11246466400,5325.201669,4300.393339,66.923380
2021-12-14,48.000000,0.814944,64.258460,2021中期业绩公告,11246466400,5398.303872,4399.315506,68.462822
2021-12-15,47.849998,0.815098,64.258460,2021中期业绩公告,11246466400,5381.434001,4386.396025,68.261767
2021-12-16,48.250000,0.814964,64.258460,2021中期业绩公告,11246466400,5426.420038,4422.336960,68.821085
2021-12-17,49.000000,0.814877,64.258460,2021中期业绩公告,11246466400,5510.768536,4490.598387,69.883380
2021-12-20,48.349998,0.816036,64.258460,2021中期业绩公告,11246466400,5437.666333,4437.331407,69.054431
2021-12-21,49.200001,0.816015,64.258460,2021中期业绩公告,11246466400,5533.261555,4515.224456,70.266615
2021-12-22,49.299999,0.815684,64.258460,2021中期业绩公告,11246466400,5544.507849,4522.566454,70.380872
2021-12-23,49.849998,0.815436,64.258460,2021中期业绩公告,11246466400,5606.363329,4571.630519,71.144415
2021-12-24,50.000000,0.815599,64.258460,2021中期业绩公告,11246466400,5623.233200,4586.303511,71.372758
2021-12-28,50.200001,0.815779,64.258460,2021中期业绩公告,11246466400,5645.726219,4605.664724,71.674060
2021-12-29,50.599998,0.815554,64.258460,2021中期业绩公告,11246466400,5690.711827,4641.082923,72.225244
2021-12-30,51.200001,0.815654,64.258460,2021中期业绩公告,11246466400,5758.190883,4696.691310,73.090630
2021-12-31,51.450001,0.816152,64.258460,2021中期业绩公告,11246466400,5786.307049,4722.505935,73.492361
2022-01-03,52.650002,0.814142,64.258460,2021中期业绩公告,11246466400,5921.264731,4820.750244,75.021254
2022-01-04,47.500000,0.814004,64.258460,2021中期业绩公告,11246466400,5342.071540,4348.467623,67.671519
2022-01-05,46.599998,0.816417,64.258460,2021中期业绩公告,11246466400,5240.853171,4278.721512,66.586120
2022-01-06,46.750000,0.815288,64.258460,2021中期业绩公告,11246466400,5257.723042,4286.558542,66.708081
2022-01-07,46.450001,0.817084,64.258460,2021中期业绩公告,11246466400,5223.983729,4268.433596,66.426018
2022-01-10,45.099998,0.816816,64.258460,2021中期业绩公告,11246466400,5072.156175,4143.018178,64.474284
2022-01-11,43.950001,0.816810,64.258460,2021中期业绩公告,11246466400,4942.822069,4037.346552,62.829806
2022-01-12,44.500000,0.816476,64.258460,2021中期业绩公告,11246466400,5004.677548,4086.199043,63.590056
2022-01-13,44.849998,0.815011,64.258460,2021中期业绩公告,11246466400,5044.040009,4110.948215,63.975206
2022-01-14,44.450001,0.815506,64.258460,2021中期业绩公告,11246466400,4999.054401,4076.758765,63.443145
2022-01-17,43.299999,0.814902,64.258460,2021中期业绩公告,11246466400,4869.719865,3968.344495,61.755985
2022-01-18,43.500000,0.813779,64.258460,2021中期业绩公告,11246466400,4892.212884,3981.180091,61.955735
2022-01-19,43.349998,0.814087,64.258460,2021中期业绩公告,11246466400,4875.343013,3968.953239,61.765458
2022-01-20,44.200001,0.813398,64.258460,2021中期业绩公告,11246466400,4970.938235,4043.351236,62.923251
2022-01-21,46.299999,0.813244,64.258460,2021中期业绩公告,11246466400,5207.113857,4234.654025,65.900335
2022-01-24,46.900002,0.812974,64.258460,2021中期业绩公告,11246466400,5274.592913,4288.106773,66.732175
2022-01-25,46.950001,0.811919,64.258460,2021中期业绩公告,11246466400,5280.216061,4287.107606,66.716625
2022-01-26,46.049999,0.811405,64.258460,2021中期业绩公告,11246466400,5178.997691,4202.264638,65.396286
2022-01-27,46.250000,0.810502,64.258460,2021中期业绩公告,11246466400,5201.490710,4215.818585,65.607215
2022-01-28,46.000000,0.816437,64.258460,2021中期业绩公告,11246466400,5173.374544,4223.734424,65.730402
2022-01-31,47.450001,0.815155,64.258460,2021中期业绩公告,11246466400,5336.448393,4350.032746,67.695876
2022-02-04,48.849998,0.814987,64.258460,2021中期业绩公告,11246466400,5493.898665,4477.456012,69.678856
2022-02-07,46.349998,0.815487,64.258460,2021中期业绩公告,11246466400,5212.737005,4250.919403,66.153459
2022-02-08,45.750000,0.815312,64.258460,2021中期业绩公告,11246466400,5145.258378,4194.991042,65.283093
2022-02-09,46.250000,0.815685,64.258460,2021中期业绩公告,11246466400,5201.490710,4242.777816,66.026758
2022-02-10,47.349998,0.815474,64.258460,2021中期业绩公告,11246466400,5325.201669,4342.563366,67.579636
2022-02-11,47.799999,0.814019,64.258460,2021中期业绩公告,11246466400,5375.810853,4376.012306,68.100174
2022-02-14,47.099998,0.813755,64.258460,2021中期业绩公告,11246466400,5297.085503,4310.529685,67.081123
2022-02-15,47.799999,0.813677,64.258460,2021中期业绩公告,11246466400,5375.810853,4374.173717,68.071562
2022-02-16,47.000000,0.811536,64.258460,2021中期业绩公告,11246466400,5285.839208,4289.648882,66.756173
2022-02-17,47.950001,0.811290,64.258460,2021中期业绩公告,11246466400,5392.680725,4375.028084,68.084857
2022-02-18,47.900002,0.811606,64.258460,2021中期业绩公告,11246466400,5387.057577,4372.168198,68.040351
2022-02-21,48.150002,0.809722,64.258460,2021中期业绩公告,11246466400,5415.173743,4384.785348,68.236701
2022-02-22,48.349998,0.810977,64.258460,2021中期业绩公告,11246466400,5437.666333,4409.822232,68.626329
2022-02-23,48.700001,0.809803,64.258460,2021中期业绩公告,11246466400,5477.029223,4435.314745,69.023048
2022-02-24,47.599998,0.807965,64.258460,2021中期业绩公告,11246466400,5353.317835,4325.293341,67.310878
2022-02-25,48.349998,0.809512,64.258460,2021中期业绩公告,11246466400,5437.666333,4401.856253,68.502361
2022-02-28,48.950001,0.807946,64.258460,2021中期业绩公告,11246466400,5505.145389,4447.860341,69.218284
2022-03-01,49.500000,0.806253,64.258460,2021中期业绩公告,11246466400,5567.000868,4488.411240,69.849343
2022-03-02,44.799999,0.806487,64.258460,2021中期业绩公告,11246466400,5038.416861,4063.417819,63.235531
2022-03-03,45.150002,0.807810,64.258460,2021中期业绩公告,11246466400,5077.779751,4101.881304,63.834105
2022-03-04,43.250000,0.807509,64.258460,2021中期业绩公告,11246466400,4864.096718,3927.801901,61.125055
2022-03-07,40.049999,0.807578,64.258460,2021中期业绩公告,11246466400,4504.209707,3637.500790,56.607345
2022-03-08,38.250000,0.807144,64.258460,2021中期业绩公告,11246466400,4301.773398,3472.150528,54.034139
2022-03-09,38.599998,0.806941,64.258460,2021中期业绩公告,11246466400,4341.135859,3503.040393,54.514851
2022-03-10,37.049999,0.806953,64.258460,2021中期业绩公告,11246466400,4166.815715,3362.424496,52.326565
2022-03-11,37.549999,0.806901,64.258460,2021中期业绩公告,11246466400,4223.048047,3407.581600,53.029307
2022-03-14,33.849998,0.808599,64.258460,2021中期业绩公告,11246466400,3806.928705,3078.278726,47.904645
2022-03-15,34.250000,0.811817,64.258460,2021中期业绩公告,11246466400,3851.914742,3127.049833,48.663629
2022-03-16,36.599998,0.812744,64.258460,2021中期业绩公告,11246466400,4116.206531,3345.422249,52.061974
2022-03-17,38.450001,0.811204,64.258460,2021中期业绩公告,11246466400,4324.266417,3507.862284,54.589890
2022-03-18,38.299999,0.810621,64.258460,2021中期业绩公告,11246466400,4307.396545,3491.666195,54.337844
2022-03-21,38.150002,0.811800,64.258460,2021中期业绩公告,11246466400,4290.527103,3483.049915,54.203756
2022-03-22,41.099998,0.811140,64.258460,2021中期业绩公告,11246466400,4622.297519,3749.330413,58.347654
2022-03-23,40.599998,0.812222,64.258460,2021中期业绩公告,11246466400,4566.065187,3708.658616,57.714714
2022-03-24,40.200001,0.813299,64.258460,2021中期业绩公告,11246466400,4521.079579,3676.989501,57.221874
2022-03-25,38.250000,0.812779,64.258460,2021中期业绩公告,11246466400,4301.773398,3496.391121,54.411374
2022-03-28,38.049999,0.812024,71.617940,2021全年业绩公告,11246466400,4279.280379,3474.878359,48.519664
2022-03-29,39.799999,0.812716,71.617940,2021全年业绩公告,11246466400,4476.093541,3637.792871,50.794436
2022-03-30,42.700001,0.811968,71.617940,2021全年业绩公告,11246466400,4802.241239,3899.266351,54.445385
2022-03-31,41.750000,0.809845,71.617940,2021全年业绩公告,11246466400,4695.399722,3802.545850,53.094879
2022-04-01,43.599998,0.808289,71.617940,2021全年业绩公告,11246466400,4903.459179,3963.412074,55.341051
2022-04-04,43.599998,0.811132,71.617940,2021全年业绩公告,11246466400,4903.459179,3977.352718,55.535704
2022-04-06,41.950001,0.811123,71.617940,2021全年业绩公告,11246466400,4717.892741,3826.791377,53.433419
2022-04-07,41.950001,0.810266,71.617940,2021全年业绩公告,11246466400,4717.892741,3822.748164,53.376963
2022-04-08,41.849998,0.810395,71.617940,2021全年业绩公告,11246466400,4706.646017,3814.242410,53.258198
2022-04-11,41.200001,0.810777,71.617940,2021全年业绩公告,11246466400,4633.544243,3756.771140,52.455727
2022-04-12,42.549999,0.811566,71.617940,2021全年业绩公告,11246466400,4785.371367,3883.644676,54.227260
2022-04-13,42.250000,0.811049,71.617940,2021全年业绩公告,11246466400,4751.632054,3853.806352,53.810628
2022-04-14,42.299999,0.811194,71.617940,2021全年业绩公告,11246466400,4757.255201,3859.056888,53.883941
2022-04-19,41.650002,0.814239,71.617940,2021全年业绩公告,11246466400,4684.153427,3814.020520,53.255099
2022-04-20,42.200001,0.814020,71.617940,2021全年业绩公告,11246466400,4746.008907,3863.346066,53.943831
2022-04-21,42.599998,0.817196,71.617940,2021全年业绩公告,11246466400,4790.994515,3915.181609,54.667610
2022-04-22,42.349998,0.820946,71.617940,2021全年业绩公告,11246466400,4762.878349,3910.065825,54.596178
2022-04-25,41.000000,0.826967,71.617940,2021全年业绩公告,11246466400,4611.051224,3813.187202,53.243464
2022-04-26,41.200001,0.834690,71.617940,2021全年业绩公告,11246466400,4633.544243,3867.572927,54.002851
2022-04-27,41.000000,0.834559,71.617940,2021全年业绩公告,11246466400,4611.051224,3848.194406,53.732269
2022-04-28,40.450001,0.834905,71.617940,2021全年业绩公告,11246466400,4549.195745,3798.146402,53.033449
2022-04-29,42.000000,0.843203,71.617940,2021全年业绩公告,11246466400,4723.515888,3982.882806,55.612921
2022-05-03,41.049999,0.840861,71.617940,2021全年业绩公告,11246466400,4616.674371,3881.981532,54.204038
2022-05-04,41.599998,0.840881,71.617940,2021全年业绩公告,11246466400,4678.529851,3934.086813,54.931583
2022-05-05,41.400002,0.840804,71.617940,2021全年业绩公告,11246466400,4656.037261,3914.814664,54.662486
2022-05-06,39.950001,0.846694,71.617940,2021全年业绩公告,11246466400,4492.963413,3804.165130,53.117489
2022-05-10,40.299999,0.856257,71.617940,2021全年业绩公告,11246466400,4532.325873,3880.835852,54.188041
2022-05-11,41.049999,0.856762,71.617940,2021全年业绩公告,11246466400,4616.674371,3955.391131,55.229055
2022-05-12,40.700001,0.854995,71.617940,2021全年业绩公告,11246466400,4577.311911,3913.578853,54.645231
2022-05-13,40.650002,0.863341,71.617940,2021全年业绩公告,11246466400,4571.688763,3946.926229,55.110859
2022-05-16,40.349998,0.863646,71.617940,2021全年业绩公告,11246466400,4537.949021,3919.181388,54.723459
2022-05-17,41.799999,0.863284,71.617940,2021全年业绩公告,11246466400,4701.022869,4058.317788,56.666218
2022-05-18,41.549999,0.857141,71.617940,2021全年业绩公告,11246466400,4672.906703,4005.340008,55.926490
2022-05-19,40.900002,0.859269,71.617940,2021全年业绩公告,11246466400,4599.804929,3952.469887,55.188265
2022-05-20,41.900002,0.854181,71.617940,2021全年业绩公告,11246466400,4712.269593,4025.131114,56.202833
2022-05-23,41.799999,0.851723,71.617940,2021全年业绩公告,11246466400,4701.022869,4003.969373,55.907352
2022-05-24,40.750000,0.846134,71.617940,2021全年业绩公告,11246466400,4582.935058,3877.777204,54.145333
2022-05-25,41.750000,0.846548,71.617940,2021全年业绩公告,11246466400,4695.399722,3974.881342,55.501196
2022-05-26,41.750000,0.851420,71.617940,2021全年业绩公告,11246466400,4695.399722,3997.757162,55.820611
2022-05-27,42.750000,0.857246,71.617940,2021全年业绩公告,11246466400,4807.864386,4121.522425,57.548743
2022-05-30,43.250000,0.852162,71.617940,2021全年业绩公告,11246466400,4864.096718,4144.998405,57.876538
2022-05-31,43.799999,0.847481,71.617940,2021全年业绩公告,11246466400,4925.952197,4174.650955,58.290576
2022-06-01,43.299999,0.849070,71.617940,2021全年业绩公告,11246466400,4869.719865,4134.733107,57.733204
2022-06-02,42.950001,0.850771,71.617940,2021全年业绩公告,11246466400,4830.357405,4109.528047,57.381266
2022-06-06,43.900002,0.847820,71.617940,2021全年业绩公告,11246466400,4937.198921,4185.855910,58.447030
2022-06-07,42.700001,0.846986,71.617940,2021全年业绩公告,11246466400,4802.241239,4067.431077,56.793467
2022-06-08,42.650002,0.848960,71.617940,2021全年业绩公告,11246466400,4796.618091,4072.136810,56.859173
2022-06-09,41.950001,0.850404,71.617940,2021全年业绩公告,11246466400,4717.892741,4012.114972,56.021089
2022-06-10,41.799999,0.851384,71.617940,2021全年业绩公告,11246466400,4701.022869,4002.375580,55.885098
2022-06-13,40.700001,0.853422,71.617940,2021全年业绩公告,11246466400,4577.311911,3906.378622,54.544694
2022-06-14,41.500000,0.859276,71.617940,2021全年业绩公告,11246466400,4667.283556,4010.484729,55.998326
2022-06-15,41.799999,0.857538,71.617940,2021全年业绩公告,11246466400,4701.022869,4031.305678,56.289048
2022-06-16,40.500000,0.854050,71.617940,2021全年业绩公告,11246466400,4554.818892,3890.042987,54.316600
2022-06-17,41.400002,0.852772,71.617940,2021全年业绩公告,11246466400,4656.037261,3970.538195,55.440553
2022-06-20,42.650002,0.854434,71.617940,2021全年业绩公告,11246466400,4796.618091,4098.393646,57.225796
2022-06-21,43.599998,0.851339,71.617940,2021全年业绩公告,11246466400,4903.459179,4174.505948,58.288551
2022-06-22,42.599998,0.850961,71.617940,2021全年业绩公告,11246466400,4790.994515,4076.949625,56.926374
2022-06-23,43.700001,0.852629,71.617940,2021全年业绩公告,11246466400,4914.705903,4190.420808,58.510770
2022-06-24,44.299999,0.852056,71.617940,2021全年业绩公告,11246466400,4982.184529,4245.100353,59.274259
2022-06-27,45.000000,0.851139,71.617940,2021全年业绩公告,11246466400,5060.909880,4307.537820,60.146073
2022-06-28,45.500000,0.851546,71.617940,2021全年业绩公告,11246466400,5117.142212,4357.481928,60.843441
2022-06-29,44.549999,0.853552,71.617940,2021全年业绩公告,11246466400,5010.300695,4276.552098,59.713420
2022-06-30,45.049999,0.852595,71.617940,2021全年业绩公告,11246466400,5066.533027,4319.700583,60.315901
2022-07-04,45.299999,0.852855,71.617940,2021全年业绩公告,11246466400,5094.649193,4344.997174,60.669117
2022-07-05,45.049999,0.852728,71.617940,2021全年业绩公告,11246466400,5066.533027,4320.374622,60.325313
2022-07-06,45.250000,0.855128,71.617940,2021全年业绩公告,11246466400,5089.026046,4351.768615,60.763666
2022-07-07,45.500000,0.853561,71.617940,2021全年业绩公告,11246466400,5117.142212,4367.792942,60.987414
2022-07-08,45.500000,0.852753,71.617940,2021全年业绩公告,11246466400,5117.142212,4363.658289,60.929682
2022-07-11,44.549999,0.851743,71.617940,2021全年业绩公告,11246466400,5010.300695,4267.488459,59.586864
2022-07-12,44.450001,0.854567,71.617940,2021全年业绩公告,11246466400,4999.054401,4272.026879,59.650234
2022-07-13,45.700001,0.855385,71.617940,2021全年业绩公告,11246466400,5139.635231,4396.366910,61.386392
2022-07-14,45.750000,0.854679,71.617940,2021全年业绩公告,11246466400,5145.258378,4397.544226,61.402830
2022-07-15,45.049999,0.859376,71.617940,2021全年业绩公告,11246466400,5066.533027,4354.056954,60.795618
2022-07-18,45.799999,0.859555,71.617940,2021全年业绩公告,11246466400,5150.881525,4427.466001,61.820628
2022-07-19,45.950001,0.857792,71.617940,2021全年业绩公告,11246466400,5167.751397,4432.855909,61.895887
2022-07-20,45.950001,0.857934,71.617940,2021全年业绩公告,11246466400,5167.751397,4433.589617,61.906132
2022-07-21,45.900002,0.859411,71.617940,2021全年业绩公告,11246466400,5162.128249,4436.389807,61.945231
2022-07-22,45.900002,0.860893,71.617940,2021全年业绩公告,11246466400,5162.128249,4444.040132,62.052052
2022-07-25,46.150002,0.858959,71.617940,2021全年业绩公告,11246466400,5190.244415,4458.207252,62.249867
2022-07-26,46.650002,0.858829,71.617940,2021全年业绩公告,11246466400,5246.476747,4505.826491,62.914774
2022-07-27,46.799999,0.860366,71.617940,2021全年业绩公告,11246466400,5263.346189,4528.404038,63.230024
2022-07-28,46.900002,0.859725,71.617940,2021全年业绩公告,11246466400,5274.592913,4534.699384,63.317925
2022-07-29,47.000000,0.858336,71.617940,2021全年业绩公告,11246466400,5285.839208,4537.025934,63.350411
2022-08-01,46.900002,0.857941,71.617940,2021全年业绩公告,11246466400,5274.592913,4525.289370,63.186534
2022-08-02,45.599998,0.861082,71.617940,2021全年业绩公告,11246466400,5128.388507,4415.963122,61.660013
2022-08-03,45.500000,0.858956,71.617940,2021全年业绩公告,11246466400,5117.142212,4395.399900,61.372889
2022-08-04,46.349998,0.859613,71.617940,2021全年业绩公告,11246466400,5212.737005,4480.936502,62.567235
2022-08-05,46.650002,0.858572,71.617940,2021全年业绩公告,11246466400,5246.476747,4504.478066,62.895946
2022-08-08,46.450001,0.858828,71.617940,2021全年业绩公告,11246466400,5223.983729,4486.503540,62.644968
2022-08-09,46.849998,0.858737,71.617940,2021全年业绩公告,11246466400,5268.969337,4524.658879,63.177730
2022-08-10,44.799999,0.858982,71.617940,2021全年业绩公告,11246466400,5038.416861,4327.909526,60.430522
2022-08-11,46.049999,0.855708,71.617940,2021全年业绩公告,11246466400,5178.997691,4431.709772,61.879883
2022-08-12,45.900002,0.858622,71.617940,2021全年业绩公告,11246466400,5162.128249,4432.316957,61.888361
2022-08-15,46.349998,0.858968,71.617940,2021全年业绩公告,11246466400,5212.737005,4477.574381,62.520290
2022-08-16,46.299999,0.862909,71.617940,2021全年业绩公告,11246466400,5207.113857,4493.265510,62.739385
2022-08-17,46.200001,0.864435,71.617940,2021全年业绩公告,11246466400,5195.867563,4491.489865,62.714592
2022-08-18,45.950001,0.863297,71.617940,2021全年业绩公告,11246466400,5167.751397,4461.304203,62.293110
2022-08-19,45.799999,0.863814,71.617940,2021全年业绩公告,11246466400,5150.881525,4449.403555,62.126941
2022-08-22,45.400002,0.867413,71.617940,2021全年业绩公告,11246466400,5105.895917,4428.920415,61.840936
2022-08-23,45.700001,0.871547,71.617940,2021全年业绩公告,11246466400,5139.635231,4479.433583,62.546250
2022-08-24,46.099998,0.869597,77.572010,2022中期业绩公告,11246466400,5184.620839,4508.530820,58.120588
2022-08-25,46.500000,0.872994,77.572010,2022中期业绩公告,11246466400,5229.606876,4565.415455,58.853902
2022-08-26,46.900002,0.871639,77.572010,2022中期业绩公告,11246466400,5274.592913,4597.540962,59.268040
2022-08-29,47.049999,0.874415,77.572010,2022中期业绩公告,11246466400,5291.462355,4626.933952,59.646952
2022-08-30,46.549999,0.878807,77.572010,2022中期业绩公告,11246466400,5235.230023,4600.756834,59.309496
2022-08-31,46.849998,0.879347,77.572010,2022中期业绩公告,11246466400,5268.969337,4633.252518,59.728406
2022-09-01,45.799999,0.876647,77.572010,2022中期业绩公告,11246466400,5150.881525,4515.504814,58.210491
2022-09-02,45.750000,0.878799,77.572010,2022中期业绩公告,11246466400,5145.258378,4521.648027,58.289685
2022-09-05,45.049999,0.877746,77.572010,2022中期业绩公告,11246466400,5066.533027,4447.129028,57.329042
2022-09-06,44.400002,0.882187,77.572010,2022中期业绩公告,11246466400,4993.431253,4405.140181,56.787753
2022-09-07,43.950001,0.884662,77.572010,2022中期业绩公告,11246466400,4942.822069,4372.726721,56.369904
2022-09-08,43.599998,0.886200,77.572010,2022中期业绩公告,11246466400,4903.459179,4345.445577,56.018216
2022-09-09,44.400002,0.885099,77.572010,2022中期业绩公告,11246466400,4993.431253,4419.680978,56.975202
2022-09-13,44.549999,0.881226,77.572010,2022中期业绩公告,11246466400,5010.300695,4415.207256,56.917531
2022-09-14,43.099998,0.880888,77.572010,2022中期业绩公告,11246466400,4847.226847,4269.863891,55.043873
2022-09-15,43.150002,0.885698,77.572010,2022中期业绩公告,11246466400,4852.850423,4298.160013,55.408646
2022-09-16,43.150002,0.889845,77.572010,2022中期业绩公告,11246466400,4852.850423,4318.284751,55.668079
2022-09-19,44.150002,0.887818,77.572010,2022中期业绩公告,11246466400,4965.315087,4408.296005,56.828436
2022-09-20,44.900002,0.891289,77.572010,2022中期业绩公告,11246466400,5049.663585,4500.709586,58.019762
2022-09-21,44.799999,0.892844,77.572010,2022中期业绩公告,11246466400,5038.416861,4498.520372,57.991541
2022-09-22,44.650002,0.896662,77.572010,2022中期业绩公告,11246466400,5021.547419,4502.630736,58.044528
2022-09-23,44.500000,0.900395,77.572010,2022中期业绩公告,11246466400,5004.677548,4506.186521,58.090367
2022-09-26,44.750000,0.906831,77.572010,2022中期业绩公告,11246466400,5032.793714,4563.893488,58.834282
2022-09-27,45.299999,0.918161,77.572010,2022中期业绩公告,11246466400,5094.649193,4677.708071,60.301494
2022-09-28,44.599998,0.913079,77.572010,2022中期业绩公告,11246466400,5015.923843,4579.934844,59.041075
2022-09-29,44.799999,0.916104,77.572010,2022中期业绩公告,11246466400,5038.416861,4615.713935,59.502312
2022-09-30,45.549999,0.906338,77.572010,2022中期业绩公告,11246466400,5122.765359,4642.956790,59.853506
2022-10-03,45.000000,0.905209,77.572010,2022中期业绩公告,11246466400,5060.909880,4581.181196,59.057142
2022-10-05,47.599998,0.905206,77.572010,2022中期业绩公告,11246466400,5353.317835,4845.855556,62.469125
2022-10-06,47.900002,0.905216,77.572010,2022中期业绩公告,11246466400,5387.057577,4876.450597,62.863533
2022-10-07,48.099998,0.905237,77.572010,2022中期业绩公告,11246466400,5409.550167,4896.925067,63.127474
2022-10-10,45.299999,0.905217,77.572010,2022中期业绩公告,11246466400,5094.649193,4611.763018,59.451380
2022-10-11,44.049999,0.910074,77.572010,2022中期业绩公告,11246466400,4954.068363,4508.568790,58.121077
2022-10-12,43.200001,0.911512,77.572010,2022中期业绩公告,11246466400,4858.473571,4428.557045,57.089626
2022-10-13,42.700001,0.912684,77.572010,2022中期业绩公告,11246466400,4802.241239,4382.928855,56.501422
2022-10-14,44.299999,0.912190,77.572010,2022中期业绩公告,11246466400,4982.184529,4544.699006,58.586841
2022-10-17,43.750000,0.914708,77.572010,2022中期业绩公告,11246466400,4920.329050,4500.664435,58.019180
2022-10-18,44.400002,0.915483,77.572010,2022中期业绩公告,11246466400,4993.431253,4571.401413,58.931068
2022-10-19,42.200001,0.916246,77.572010,2022中期业绩公告,11246466400,4746.008907,4348.511662,56.057741
2022-10-20,41.000000,0.919573,77.572010,2022中期业绩公告,11246466400,4611.051224,4240.198249,54.661446
2022-10-21,40.500000,0.918062,77.572010,2022中期业绩公告,11246466400,4554.818892,4181.606013,53.906119
2022-10-24,39.049999,0.921489,77.572010,2022中期业绩公告,11246466400,4391.745043,4046.944750,52.170167
2022-10-25,39.299999,0.923952,77.572010,2022中期业绩公告,11246466400,4419.861209,4083.739531,52.644498
2022-10-26,40.750000,0.924808,77.572010,2022中期业绩公告,11246466400,4582.935058,4238.335121,54.637428
2022-10-27,40.650002,0.912529,77.572010,2022中期业绩公告,11246466400,4571.688763,4171.798537,53.779689
2022-10-28,40.000000,0.919665,77.572010,2022中期业绩公告,11246466400,4498.586560,4137.192514,53.333574
2022-10-31,39.450001,0.922623,77.572010,2022中期业绩公告,11246466400,4436.731081,4093.430045,52.769421
2022-11-01,41.049999,0.929136,77.572010,2022中期业绩公告,11246466400,4616.674371,4289.518258,55.297243
2022-11-02,41.849998,0.925785,77.572010,2022中期业绩公告,11246466400,4706.646017,4357.342307,56.171579
2022-11-03,40.299999,0.927393,77.572010,2022中期业绩公告,11246466400,4532.325873,4203.247376,54.185103
2022-11-04,41.500000,0.928778,77.572010,2022中期业绩公告,11246466400,4667.283556,4334.870253,55.881886
2022-11-07,42.349998,0.907192,77.572010,2022中期业绩公告,11246466400,4762.878349,4320.845096,55.701085
2022-11-08,42.200001,0.919736,77.572010,2022中期业绩公告,11246466400,4746.008907,4365.075379,56.271268
2022-11-09,41.799999,0.922297,77.572010,2022中期业绩公告,11246466400,4701.022869,4335.739294,55.893089
2022-11-10,42.000000,0.921298,77.572010,2022中期业绩公告,11246466400,4723.515888,4351.765868,56.099692
2022-11-11,43.549999,0.914828,77.572010,2022中期业绩公告,11246466400,4897.836031,4480.677553,57.761524
2022-11-14,43.799999,0.907402,77.572010,2022中期业绩公告,11246466400,4925.952197,4469.818772,57.621541
2022-11-15,44.200001,0.901657,77.572010,2022中期业绩公告,11246466400,4970.938235,4482.081183,57.779619
2022-11-16,43.950001,0.899590,77.572010,2022中期业绩公告,11246466400,4942.822069,4446.513381,57.321106
2022-11-17,43.599998,0.904809,77.572010,2022中期业绩公告,11246466400,4903.459179,4436.693987,57.194521
2022-11-18,42.900002,0.913123,77.572010,2022中期业绩公告,11246466400,4824.734257,4405.575875,56.793370
2022-11-21,42.799999,0.909055,77.572010,2022中期业绩公告,11246466400,4813.487533,4375.724884,56.408554
2022-11-22,42.849998,0.916964,77.572010,2022中期业绩公告,11246466400,4819.110681,4418.950980,56.965792
2022-11-23,42.349998,0.912119,77.572010,2022中期业绩公告,11246466400,4762.878349,4344.311700,56.003598
2022-11-24,42.549999,0.914617,77.572010,2022中期业绩公告,11246466400,4785.371367,4376.782014,56.422181
2022-11-25,41.799999,0.914658,77.572010,2022中期业绩公告,11246466400,4701.022869,4299.828223,55.430151
2022-11-28,42.000000,0.915738,77.572010,2022中期业绩公告,11246466400,4723.515888,4325.502929,55.761130
2022-11-29,43.599998,0.921088,77.572010,2022中期业绩公告,11246466400,4903.459179,4516.517311,58.223544
2022-11-30,45.099998,0.915345,77.572010,2022中期业绩公告,11246466400,5072.156175,4642.772860,59.851135
2022-12-01,45.049999,0.907359,77.572010,2022中期业绩公告,11246466400,5066.533027,4597.164362,59.263185
2022-12-02,44.099998,0.904284,77.572010,2022中期业绩公告,11246466400,4959.691511,4484.969680,57.816855
2022-12-05,42.849998,0.900648,77.572010,2022中期业绩公告,11246466400,4819.110681,4340.322386,55.952171
2022-12-06,43.549999,0.894939,77.572010,2022中期业绩公告,11246466400,4897.836031,4383.264506,56.505749
2022-12-07,42.799999,0.898685,77.572010,2022中期业绩公告,11246466400,4813.487533,4325.808940,55.765075
2022-12-08,43.500000,0.893540,77.572010,2022中期业绩公告,11246466400,4892.212884,4371.388021,56.352646
2022-12-09,43.450001,0.893667,77.572010,2022中期业绩公告,11246466400,4886.589737,4366.983905,56.295871
2022-12-12,42.400002,0.892545,77.572010,2022中期业绩公告,11246466400,4768.501925,4256.102478,54.866472
2022-12-13,43.849998,0.896015,77.572010,2022中期业绩公告,11246466400,4931.575345,4418.765425,56.963400
2022-12-14,44.099998,0.891903,77.572010,2022中期业绩公告,11246466400,4959.691511,4423.563654,57.025255
2022-12-15,42.549999,0.893057,77.572010,2022中期业绩公告,11246466400,4785.371367,4273.609343,55.092157
2022-12-16,42.549999,0.895510,77.572010,2022中期业绩公告,11246466400,4785.371367,4285.347999,55.243483
2022-12-19,43.000000,0.894916,77.572010,2022中期业绩公告,11246466400,4835.980552,4327.796362,55.790695
2022-12-20,42.799999,0.895721,77.572010,2022中期业绩公告,11246466400,4813.487533,4311.541955,55.581156
2022-12-21,42.849998,0.892700,77.572010,2022中期业绩公告,11246466400,4819.110681,4302.020184,55.458408
2022-12-22,44.400002,0.894162,77.572010,2022中期业绩公告,11246466400,4993.431253,4464.936472,57.558602
2022-12-23,44.250000,0.894776,77.572010,2022中期业绩公告,11246466400,4976.561382,4452.907621,57.403535
2022-12-28,44.799999,0.890997,77.572010,2022中期业绩公告,11246466400,5038.416861,4489.214271,57.871573
2022-12-29,44.349998,0.894118,77.572010,2022中期业绩公告,11246466400,4987.807677,4459.688679,57.490952
2022-12-30,44.099998,0.891880,77.572010,2022中期业绩公告,11246466400,4959.691511,4423.449545,57.023784
2023-01-03,43.650002,0.882620,77.572010,2022中期业绩公告,11246466400,4909.082755,4332.854508,55.855901
2023-01-04,43.650002,0.883719,77.572010,2022中期业绩公告,11246466400,4909.082755,4338.249836,55.925453
2023-01-05,44.450001,0.880053,77.572010,2022中期业绩公告,11246466400,4999.054401,4399.432741,56.714177
2023-01-06,43.900002,0.879603,77.572010,2022中期业绩公告,11246466400,4937.198921,4342.775122,55.983790
2023-01-09,44.700001,0.874762,77.572010,2022中期业绩公告,11246466400,5027.170567,4397.577772,56.690265
2023-01-10,44.250000,0.866558,77.572010,2022中期业绩公告,11246466400,4976.561382,4312.479154,55.593237
2023-01-11,43.599998,0.866757,77.572010,2022中期业绩公告,11246466400,4903.459179,4250.107448,54.789188
2023-01-12,43.700001,0.865471,77.572010,2022中期业绩公告,11246466400,4914.705903,4253.535459,54.833379
2023-01-13,44.950001,0.861809,77.572010,2022中期业绩公告,11246466400,5055.286733,4356.691681,56.163192
2023-01-16,45.000000,0.857306,77.572010,2022中期业绩公告,11246466400,5060.909880,4338.748424,55.931881
2023-01-17,43.750000,0.860952,77.572010,2022中期业绩公告,11246466400,4920.329050,4236.167233,54.609481
2023-01-18,44.099998,0.865383,77.572010,2022中期业绩公告,11246466400,4959.691511,4292.032862,55.329659
2023-01-19,43.250000,0.861345,77.572010,2022中期业绩公告,11246466400,4864.096718,4189.665354,54.010014
2023-01-20,42.950001,0.864346,77.572010,2022中期业绩公告,11246466400,4830.357405,4175.100233,53.822252
2023-01-26,43.950001,0.865240,77.572010,2022中期业绩公告,11246466400,4942.822069,4276.727257,55.132351
2023-01-27,44.099998,0.865461,77.572010,2022中期业绩公告,11246466400,4959.691511,4292.419534,55.334644
2023-01-30,44.450001,0.865469,77.572010,2022中期业绩公告,11246466400,4999.054401,4326.526507,55.774325
2023-01-31,44.250000,0.860237,77.572010,2022中期业绩公告,11246466400,4976.561382,4281.022245,55.187718
2023-02-01,44.450001,0.860301,77.572010,2022中期业绩公告,11246466400,4999.054401,4300.691589,55.441281
2023-02-02,44.750000,0.858645,77.572010,2022中期业绩公告,11246466400,5032.793714,4321.383269,55.708022
2023-02-03,44.650002,0.857046,77.572010,2022中期业绩公告,11246466400,5021.547419,4303.697170,55.480026
2023-02-06,45.049999,0.861965,77.572010,2022中期业绩公告,11246466400,5066.533027,4367.174144,56.298324
2023-02-07,44.450001,0.864855,77.572010,2022中期业绩公告,11246466400,4999.054401,4323.457151,55.734757
2023-02-08,44.650002,0.864132,77.572010,2022中期业绩公告,11246466400,5021.547419,4339.279750,55.938730
2023-02-09,44.049999,0.863758,77.572010,2022中期业绩公告,11246466400,4954.068363,4279.116318,55.163149
2023-02-10,43.150002,0.862638,77.572010,2022中期业绩公告,11246466400,4852.850423,4186.253167,53.966027
2023-02-13,43.450001,0.865672,77.572010,2022中期业绩公告,11246466400,4886.589737,4230.183873,54.532348
2023-02-14,43.700001,0.868017,77.572010,2022中期业绩公告,11246466400,4914.705903,4266.048361,54.994686
2023-02-15,43.549999,0.868479,77.572010,2022中期业绩公告,11246466400,4897.836031,4253.667805,54.835086
2023-02-16,43.799999,0.872123,77.572010,2022中期业绩公告,11246466400,4925.952197,4296.036223,55.381267
2023-02-17,43.150002,0.872860,77.572010,2022中期业绩公告,11246466400,4852.850423,4235.859090,54.605509
2023-02-20,43.450001,0.874237,77.572010,2022中期业绩公告,11246466400,4886.589737,4272.037556,55.071895
2023-02-21,43.150002,0.873825,77.572010,2022中期业绩公告,11246466400,4852.850423,4240.542087,54.665879
2023-02-22,44.000000,0.875055,77.572010,2022中期业绩公告,11246466400,4948.445216,4330.161803,55.821189
2023-02-23,43.950001,0.877271,77.572010,2022中期业绩公告,11246466400,4942.822069,4336.194442,55.898957
2023-02-24,43.750000,0.879126,77.572010,2022中期业绩公告,11246466400,4920.329050,4325.589257,55.762243
2023-02-27,43.799999,0.884883,77.572010,2022中期业绩公告,11246466400,4925.952197,4358.891292,56.191548
2023-02-28,44.000000,0.884169,77.572010,2022中期业绩公告,11246466400,4948.445216,4375.261772,56.402584
2023-03-01,44.450001,0.882110,77.572010,2022中期业绩公告,11246466400,4999.054401,4409.715876,56.846740
2023-03-02,44.349998,0.873901,77.572010,2022中期业绩公告,11246466400,4987.807677,4358.850164,56.191017
2023-03-03,43.799999,0.879780,77.572010,2022中期业绩公告,11246466400,4925.952197,4333.754197,55.867499
2023-03-06,44.450001,0.878745,77.572010,2022中期业绩公告,11246466400,4999.054401,4392.894156,56.629887
2023-03-07,44.000000,0.881677,77.572010,2022中期业绩公告,11246466400,4948.445216,4362.930194,56.243614
2023-03-08,44.500000,0.885791,77.572010,2022中期业绩公告,11246466400,5004.677548,4433.098348,57.148169
2023-03-09,44.450001,0.884405,77.572010,2022中期业绩公告,11246466400,4999.054401,4421.188792,56.994640
2023-03-10,44.299999,0.886053,77.572010,2022中期业绩公告,11246466400,4982.184529,4414.479677,56.908151
2023-03-13,44.849998,0.878951,77.572010,2022中期业绩公告,11246466400,5044.040009,4433.464076,57.152884
2023-03-14,43.900002,0.871576,77.572010,2022中期业绩公告,11246466400,4937.198921,4303.144142,55.472897
2023-03-15,44.250000,0.874369,77.572010,2022中期业绩公告,11246466400,4976.561382,4351.351125,56.094345
2023-03-16,44.200001,0.878810,77.572010,2022中期业绩公告,11246466400,4970.938235,4368.510173,56.315547
2023-03-17,44.500000,0.877492,77.572010,2022中期业绩公告,11246466400,5004.677548,4391.564564,56.612747
2023-03-20,43.900002,0.876472,77.572010,2022中期业绩公告,11246466400,4937.198921,4327.316595,55.784510
2023-03-21,44.299999,0.875761,77.572010,2022中期业绩公告,11246466400,4982.184529,4363.202769,56.247128
2023-03-22,44.549999,0.876284,77.572010,2022中期业绩公告,11246466400,5010.300695,4390.446351,56.598332
2023-03-23,44.750000,0.875529,77.572010,2022中期业绩公告,11246466400,5032.793714,4406.356803,56.803437
2023-03-24,44.900002,0.867724,77.572010,2022中期业绩公告,11246466400,5049.663585,4381.714292,56.485765
2023-03-27,45.500000,0.873729,77.572010,2022中期业绩公告,11246466400,5117.142212,4470.995499,57.636711
2023-03-28,45.849998,0.875897,84.952500,2022全年业绩公告,11246466400,5156.504673,4516.566923,53.165792
2023-03-29,46.299999,0.874588,84.952500,2022全年业绩公告,11246466400,5207.113857,4554.079360,53.607361
2023-03-30,45.299999,0.876220,84.952500,2022全年业绩公告,11246466400,5094.649193,4464.033454,52.547405
2023-03-31,45.150002,0.874245,84.952500,2022全年业绩公告,11246466400,5077.779751,4439.223497,52.255360
2023-04-03,44.750000,0.873913,84.952500,2022全年业绩公告,11246466400,5032.793714,4398.223803,51.772741
2023-04-04,44.599998,0.875098,84.952500,2022全年业绩公告,11246466400,5015.923843,4389.424873,51.669167
2023-04-06,44.599998,0.875311,84.952500,2022全年业绩公告,11246466400,5015.923843,4390.493400,51.681745
2023-04-11,44.849998,0.874743,84.952500,2022全年业绩公告,11246466400,5044.040009,4412.238613,51.937714
2023-04-12,43.099998,0.876200,84.952500,2022全年业绩公告,11246466400,4847.226847,4247.140262,49.994294
2023-04-13,43.049999,0.874644,84.952500,2022全年业绩公告,11246466400,4841.603699,4234.679536,49.847615
2023-04-14,43.000000,0.873656,84.952500,2022全年业绩公告,11246466400,4835.980552,4224.983304,49.733478
2023-04-17,43.599998,0.874075,84.952500,2022全年业绩公告,11246466400,4903.459179,4285.991060,50.451618
2023-04-18,43.349998,0.875271,84.952500,2022全年业绩公告,11246466400,4875.343013,4267.246463,50.230970
2023-04-19,42.950001,0.874969,84.952500,2022全年业绩公告,11246466400,4830.357405,4226.413015,49.750308
2023-04-20,42.700001,0.876046,84.952500,2022全年业绩公告,11246466400,4802.241239,4206.984237,49.521606
2023-04-21,42.299999,0.874450,84.952500,2022全年业绩公告,11246466400,4757.255201,4159.981944,48.968329
2023-04-24,42.549999,0.877307,84.952500,2022全年业绩公告,11246466400,4785.371367,4198.239788,49.418673
2023-04-25,41.849998,0.877502,84.952500,2022全年业绩公告,11246466400,4706.646017,4130.091407,48.616479
2023-04-26,42.349998,0.882057,84.952500,2022全年业绩公告,11246466400,4762.878349,4201.130241,49.452697
2023-04-27,42.200001,0.881302,84.952500,2022全年业绩公告,11246466400,4746.008907,4182.667137,49.235363
2023-04-28,42.400002,0.880925,84.952500,2022全年业绩公告,11246466400,4768.501925,4200.692557,49.447545
2023-05-02,42.299999,0.879392,84.952500,2022全年业绩公告,11246466400,4757.255201,4183.492299,49.245076
2023-05-03,42.450001,0.879429,84.952500,2022全年业绩公告,11246466400,4774.125073,4198.503956,49.421782
2023-05-04,41.950001,0.879492,84.952500,2022全年业绩公告,11246466400,4717.892741,4149.348851,48.843164
2023-05-05,41.750000,0.878892,84.952500,2022全年业绩公告,11246466400,4695.399722,4126.749274,48.577138
2023-05-08,42.750000,0.879417,84.952500,2022全年业绩公告,11246466400,4807.864386,4228.117685,49.770374
2023-05-09,41.849998,0.879571,84.952500,2022全年业绩公告,11246466400,4706.646017,4139.829441,48.731108
2023-05-10,41.900002,0.881350,84.952500,2022全年业绩公告,11246466400,4712.269593,4153.158716,48.888011
2023-05-11,41.849998,0.884162,84.952500,2022全年业绩公告,11246466400,4706.646017,4161.437597,48.985464
2023-05-12,41.200001,0.885527,84.952500,2022全年业绩公告,11246466400,4633.544243,4103.128601,48.299092
2023-05-15,41.950001,0.886137,84.952500,2022全年业绩公告,11246466400,4717.892741,4180.699360,49.212199
2023-05-16,42.049999,0.885803,84.952500,2022全年业绩公告,11246466400,4729.139035,4189.085470,49.310915
2023-05-17,41.549999,0.889169,84.952500,2022全年业绩公告,11246466400,4672.906703,4155.003677,48.909728
2023-05-18,41.500000,0.892574,84.952500,2022全年业绩公告,11246466400,4667.283556,4165.896010,49.037945
2023-05-19,42.150002,0.897704,84.952500,2022全年业绩公告,11246466400,4740.385759,4255.463282,50.092267
2023-05-22,43.150002,0.895485,84.952500,2022全年业绩公告,11246466400,4852.850423,4345.654683,51.153935
2023-05-23,42.299999,0.897556,84.952500,2022全年业绩公告,11246466400,4757.255201,4269.902982,50.262240
2023-05-24,42.250000,0.899259,84.952500,2022全年业绩公告,11246466400,4751.632054,4272.947752,50.298081
2023-05-25,41.750000,0.900358,84.952500,2022全年业绩公告,11246466400,4695.399722,4227.540803,49.763583
2023-05-29,41.500000,0.896597,84.952500,2022全年业绩公告,11246466400,4667.283556,4184.672564,49.258969
2023-05-30,41.750000,0.902400,84.952500,2022全年业绩公告,11246466400,4695.399722,4237.128788,49.876446
2023-05-31,42.000000,0.902567,84.952500,2022全年业绩公告,11246466400,4723.515888,4263.289701,50.184394
2023-06-01,41.599998,0.907065,84.952500,2022全年业绩公告,11246466400,4678.529851,4243.730559,49.954157
2023-06-02,42.599998,0.904686,84.952500,2022全年业绩公告,11246466400,4790.994515,4334.345540,51.020812
2023-06-05,42.900002,0.902754,84.952500,2022全年业绩公告,11246466400,4824.734257,4355.548192,51.270395
2023-06-06,42.450001,0.904925,84.952500,2022全年业绩公告,11246466400,4774.125073,4320.225078,50.854596
2023-06-07,42.950001,0.906524,84.952500,2022全年业绩公告,11246466400,4830.357405,4378.834928,51.544509
2023-06-08,42.650002,0.908030,84.952500,2022全年业绩公告,11246466400,4796.618091,4355.472998,51.269509
2023-06-09,42.700001,0.906419,84.952500,2022全年业绩公告,11246466400,4802.241239,4352.842601,51.238546
2023-06-12,43.000000,0.908091,84.952500,2022全年业绩公告,11246466400,4835.980552,4391.510457,51.693717
2023-06-13,42.799999,0.910759,84.952500,2022全年业绩公告,11246466400,4813.487533,4383.926958,51.604449
2023-06-14,42.500000,0.913890,84.952500,2022全年业绩公告,11246466400,4779.748220,4368.164121,51.418900
2023-06-15,43.000000,0.913669,84.952500,2022全年业绩公告,11246466400,4835.980552,4418.485467,52.011247
2023-06-16,43.250000,0.909231,84.952500,2022全年业绩公告,11246466400,4864.096718,4422.587558,52.059534
2023-06-19,43.900002,0.909894,84.952500,2022全年业绩公告,11246466400,4937.198921,4492.327624,52.880464
2023-06-20,44.299999,0.915063,84.952500,2022全年业绩公告,11246466400,4982.184529,4559.012839,53.665435
2023-06-21,43.500000,0.916550,84.952500,2022全年业绩公告,11246466400,4892.212884,4483.957624,52.781938
2023-06-23,42.250000,0.915774,84.952500,2022全年业绩公告,11246466400,4751.632054,4351.421035,51.221813
2023-06-26,42.750000,0.915475,84.952500,2022全年业绩公告,11246466400,4807.864386,4401.479701,51.811067
2023-06-27,42.900002,0.923142,84.952500,2022全年业绩公告,11246466400,4824.734257,4453.914909,52.428297
2023-06-28,43.150002,0.920484,84.952500,2022全年业绩公告,11246466400,4852.850423,4466.971200,52.581986
2023-06-29,42.900002,0.923752,84.952500,2022全年业绩公告,11246466400,4824.734257,4456.857967,52.462941
2023-06-30,43.250000,0.924113,84.952500,2022全年业绩公告,11246466400,4864.096718,4494.974892,52.911626
2023-07-03,44.049999,0.924280,84.952500,2022全年业绩公告,11246466400,4954.068363,4578.946247,53.900076
2023-07-04,44.349998,0.922985,84.952500,2022全年业绩公告,11246466400,4987.807677,4603.671755,54.191127
2023-07-05,43.099998,0.920112,84.952500,2022全年业绩公告,11246466400,4847.226847,4459.991655,52.499828
2023-07-06,43.049999,0.925313,84.952500,2022全年业绩公告,11246466400,4841.603699,4479.998824,52.735338
2023-07-07,42.099998,0.925772,84.952500,2022全年业绩公告,11246466400,4734.762183,4383.310309,51.597190
2023-07-10,42.349998,0.927759,84.952500,2022全年业绩公告,11246466400,4762.878349,4418.803215,52.014987
2023-07-11,42.750000,0.922675,84.952500,2022全年业绩公告,11246466400,4807.864386,4436.096337,52.218550
2023-07-12,43.049999,0.920072,84.952500,2022全年业绩公告,11246466400,4841.603699,4454.624091,52.436645
2023-07-13,43.549999,0.914567,84.952500,2022全年业绩公告,11246466400,4897.836031,4479.399175,52.728280
2023-07-14,43.900002,0.913133,84.952500,2022全年业绩公告,11246466400,4937.198921,4508.319387,53.068708
2023-07-18,43.200001,0.916744,84.952500,2022全年业绩公告,11246466400,4858.473571,4453.976465,52.429022
2023-07-19,43.200001,0.917832,84.952500,2022全年业绩公告,11246466400,4858.473571,4459.262597,52.491246
2023-07-20,42.750000,0.924288,84.952500,2022全年业绩公告,11246466400,4807.864386,4443.851237,52.309835
2023-07-21,43.150002,0.917434,84.952500,2022全年业绩公告,11246466400,4852.850423,4452.169864,52.407756
2023-07-24,42.750000,0.918336,84.952500,2022全年业绩公告,11246466400,4807.864386,4415.234825,51.972983
2023-07-25,43.650002,0.918623,84.952500,2022全年业绩公告,11246466400,4909.082755,4509.596183,53.083737
2023-07-26,43.900002,0.912279,84.952500,2022全年业绩公告,11246466400,4937.198921,4504.102943,53.019075
2023-07-27,44.250000,0.915343,84.952500,2022全年业绩公告,11246466400,4976.561382,4555.260558,53.621266
2023-07-28,44.750000,0.918118,84.952500,2022全年业绩公告,11246466400,5032.793714,4620.698499,54.391554
2023-07-31,45.299999,0.907171,84.952500,2022全年业绩公告,11246466400,5094.649193,4621.718059,54.403556
2023-08-01,45.299999,0.910316,84.952500,2022全年业绩公告,11246466400,5094.649193,4637.740626,54.592162
2023-08-02,44.299999,0.914267,84.952500,2022全年业绩公告,11246466400,4982.184529,4555.046921,53.618751
2023-08-03,43.849998,0.915894,84.952500,2022全年业绩公告,11246466400,4931.575345,4516.800130,53.168537
2023-08-04,44.299999,0.912855,84.952500,2022全年业绩公告,11246466400,4982.184529,4548.012204,53.535943
2023-08-07,44.900002,0.903222,84.952500,2022全年业绩公告,11246466400,5049.663585,4560.967366,53.688442
2023-08-08,43.900002,0.915179,84.952500,2022全年业绩公告,11246466400,4937.198921,4518.420842,53.187615
2023-08-09,44.500000,0.917807,84.952500,2022全年业绩公告,11246466400,5004.677548,4593.328001,54.069368
2023-08-10,44.549999,0.916178,84.952500,2022全年业绩公告,11246466400,5010.300695,4590.327211,54.034045
2023-08-11,43.700001,0.917897,84.952500,2022全年业绩公告,11246466400,4914.705903,4511.193735,53.102542
2023-08-14,43.799999,0.918317,84.952500,2022全年业绩公告,11246466400,4925.952197,4523.585742,53.248412
2023-08-15,43.250000,0.921405,84.952500,2022全年业绩公告,11246466400,4864.096718,4481.803121,52.756577
2023-08-16,43.049999,0.926075,84.952500,2022全年业绩公告,11246466400,4841.603699,4483.688057,52.778765
2023-08-17,43.000000,0.922663,84.952500,2022全年业绩公告,11246466400,4835.980552,4461.980195,52.523236
2023-08-18,42.250000,0.920320,84.952500,2022全年业绩公告,11246466400,4751.632054,4373.021890,51.476082
2023-08-21,41.849998,0.920265,84.952500,2022全年业绩公告,11246466400,4706.646017,4331.361686,50.985688
2023-08-22,41.650002,0.917250,84.952500,2022全年业绩公告,11246466400,4684.153427,4296.539626,50.575788
2023-08-23,41.650002,0.917872,84.952500,2022全年业绩公告,11246466400,4684.153427,4299.453329,50.610086
2023-08-24,42.599998,0.914585,84.952500,2022全年业绩公告,11246466400,4790.994515,4381.771691,51.579079
2023-08-25,42.150002,0.914294,84.952500,2022全年业绩公告,11246466400,4740.385759,4334.106278,51.017996
2023-08-28,42.700001,0.914472,84.952500,2022全年业绩公告,11246466400,4802.241239,4391.515073,51.693771
2023-08-29,43.250000,0.916551,96.623460,2023中期业绩公告,11246466400,4864.096718,4458.192681,46.139858
2023-08-30,42.750000,0.912061,96.623460,2023中期业绩公告,11246466400,4807.864386,4385.065485,45.383031
2023-08-31,44.049999,0.913836,96.623460,2023中期业绩公告,11246466400,4954.068363,4527.206029,46.854108
2023-09-04,44.500000,0.905366,96.623460,2023中期业绩公告,11246466400,5004.677548,4531.064911,46.894045
2023-09-05,43.799999,0.912224,96.623460,2023中期业绩公告,11246466400,4925.952197,4493.571791,46.506012
2023-09-06,43.849998,0.915296,96.623460,2023中期业绩公告,11246466400,4931.575345,4513.851276,46.715894
2023-09-07,43.900002,0.917834,96.623460,2023中期业绩公告,11246466400,4937.198921,4531.528955,46.898848
2023-09-11,44.500000,0.916357,96.623460,2023中期业绩公告,11246466400,5004.677548,4586.071208,47.463330
2023-09-12,43.700001,0.917057,96.623460,2023中期业绩公告,11246466400,4914.705903,4507.065342,46.645663
2023-09-13,44.150002,0.917582,96.623460,2023中期业绩公告,11246466400,4965.315087,4556.083627,47.152975
2023-09-14,44.500000,0.914886,96.623460,2023中期业绩公告,11246466400,5004.677548,4578.709412,47.387140
2023-09-15,44.500000,0.917134,96.623460,2023中期业绩公告,11246466400,5004.677548,4589.959873,47.503576
2023-09-18,44.150002,0.916824,96.623460,2023中期业绩公告,11246466400,4965.315087,4552.319956,47.114023
2023-09-19,44.299999,0.918120,96.623460,2023中期业绩公告,11246466400,4982.184529,4574.243393,47.340919
2023-09-20,44.150002,0.918547,96.623460,2023中期业绩公告,11246466400,4965.315087,4560.875152,47.202565
2023-09-21,42.750000,0.919166,96.623460,2023中期业绩公告,11246466400,4807.864386,4419.225613,45.736570
2023-09-22,43.599998,0.918461,96.623460,2023中期业绩公告,11246466400,4903.459179,4503.636142,46.610173
2023-09-25,43.150002,0.917323,96.623460,2023中期业绩公告,11246466400,4852.850423,4451.631276,46.071951
2023-09-26,42.950001,0.918466,96.623460,2023中期业绩公告,11246466400,4830.357405,4436.518908,45.915546
2023-09-27,43.549999,0.917188,96.623460,2023中期业绩公告,11246466400,4897.836031,4492.236379,46.492191
2023-09-28,43.500000,0.918524,96.623460,2023中期业绩公告,11246466400,4892.212884,4493.615079,46.506460
2023-09-29,45.000000,0.914628,96.623460,2023中期业绩公告,11246466400,5060.909880,4628.850028,47.906068
2023-10-03,43.799999,0.918145,96.623460,2023中期业绩公告,11246466400,4925.952197,4522.738385,46.807870
2023-10-04,43.450001,0.917532,96.623460,2023中期业绩公告,11246466400,4886.589737,4483.602585,46.402836
2023-10-05,43.900002,0.917564,96.623460,2023中期业绩公告,11246466400,4937.198921,4530.195867,46.885051
2023-10-06,44.650002,0.916874,96.623460,2023中期业绩公告,11246466400,5021.547419,4604.126226,47.650190
2023-10-09,44.349998,0.916275,96.623460,2023中期业绩公告,11246466400,4987.807677,4570.203601,47.299109
2023-10-10,44.549999,0.913525,96.623460,2023中期业绩公告,11246466400,5010.300695,4577.034869,47.369809
2023-10-11,45.349998,0.914464,96.623460,2023中期业绩公告,11246466400,5100.272341,4664.015430,48.270011
2023-10-12,45.799999,0.915713,96.623460,2023中期业绩公告,11246466400,5150.881525,4716.729237,48.815570
2023-10-13,43.750000,0.916732,96.623460,2023中期业绩公告,11246466400,4920.329050,4510.623156,46.682484
2023-10-16,43.549999,0.912273,96.623460,2023中期业绩公告,11246466400,4897.836031,4468.163520,46.243050
2023-10-17,43.599998,0.916527,96.623460,2023中期业绩公告,11246466400,4903.459179,4494.152600,46.512023
2023-10-18,43.849998,0.917322,96.623460,2023中期业绩公告,11246466400,4931.575345,4523.842460,46.819297
2023-10-19,43.049999,0.916098,96.623460,2023中期业绩公告,11246466400,4841.603699,4435.383459,45.903795
2023-10-20,42.849998,0.920410,96.623460,2023中期业绩公告,11246466400,4819.110681,4435.557553,45.905596
2023-10-24,42.849998,0.913600,96.623460,2023中期业绩公告,11246466400,4819.110681,4402.739651,45.565949
2023-10-25,43.500000,0.914286,96.623460,2023中期业绩公告,11246466400,4892.212884,4472.881834,46.291882
2023-10-26,44.200001,0.916022,96.623460,2023中期业绩公告,11246466400,4970.938235,4553.488797,47.126120
2023-10-27,44.650002,0.914807,96.623460,2023中期业绩公告,11246466400,5021.547419,4593.746838,47.542769
2023-10-30,44.849998,0.909873,96.623460,2023中期业绩公告,11246466400,5044.040009,4589.435859,47.498153
2023-10-31,44.549999,0.916280,96.623460,2023中期业绩公告,11246466400,5010.300695,4590.838179,47.512666
2023-11-01,44.500000,0.916910,96.623460,2023中期业绩公告,11246466400,5004.677548,4588.838854,47.491974
2023-11-02,44.500000,0.916005,96.623460,2023中期业绩公告,11246466400,5004.677548,4584.309734,47.445100
2023-11-03,44.750000,0.916106,96.623460,2023中期业绩公告,11246466400,5032.793714,4610.572446,47.716905
2023-11-06,44.799999,0.914275,96.623460,2023中期业绩公告,11246466400,5038.416861,4606.498528,47.674742
2023-11-07,43.900002,0.917247,96.623460,2023中期业绩公告,11246466400,4937.198921,4528.630886,46.868854
2023-11-08,44.349998,0.916724,96.623460,2023中期业绩公告,11246466400,4987.807677,4572.443135,47.322287
2023-11-09,44.150002,0.917808,96.623460,2023中期业绩公告,11246466400,4965.315087,4557.205891,47.164590
2023-11-10,43.900002,0.920038,96.623460,2023中期业绩公告,11246466400,4937.198921,4542.410546,47.011466
2023-11-13,44.450001,0.914629,96.623460,2023中期业绩公告,11246466400,4999.054401,4572.280040,47.320599
2023-11-14,44.150002,0.917384,96.623460,2023中期业绩公告,11246466400,4965.315087,4555.100757,47.142803
2023-11-15,46.000000,0.916005,96.623460,2023中期业绩公告,11246466400,5173.374544,4738.837029,49.044373
2023-11-16,45.500000,0.916655,96.623460,2023中期业绩公告,11246466400,5117.142212,4690.654015,48.545705
2023-11-17,45.049999,0.916174,96.623460,2023中期业绩公告,11246466400,5066.533027,4641.825802,48.040360
2023-11-20,45.700001,0.911546,96.623460,2023中期业绩公告,11246466400,5139.635231,4685.013894,48.487333
2023-11-21,45.599998,0.912588,96.623460,2023中期业绩公告,11246466400,5128.388507,4680.105812,48.436537
2023-11-22,45.549999,0.909221,96.623460,2023中期业绩公告,11246466400,5122.765359,4657.725810,48.204916
2023-11-23,45.950001,0.910759,96.623460,2023中期业绩公告,11246466400,5167.751397,4706.575950,48.710489
2023-11-24,45.200001,0.908467,96.623460,2023中期业绩公告,11246466400,5083.402899,4618.103754,47.794850
2023-11-27,45.349998,0.908856,96.623460,2023中期业绩公告,11246466400,5100.272341,4635.412989,47.973991
2023-11-28,45.200001,0.909591,96.623460,2023中期业绩公告,11246466400,5083.402899,4623.817623,47.853985
2023-11-29,43.750000,0.906616,96.623460,2023中期业绩公告,11246466400,4920.329050,4460.848907,46.167348
2023-11-30,44.599998,0.906738,96.623460,2023中期业绩公告,11246466400,5015.923843,4548.128669,47.070646
2023-12-01,44.250000,0.906287,96.623460,2023中期业绩公告,11246466400,4976.561382,4510.192957,46.678032
2023-12-04,44.849998,0.902385,96.623460,2023中期业绩公告,11246466400,5044.040009,4551.666025,47.107256
2023-12-05,44.849998,0.905320,96.623460,2023中期业绩公告,11246466400,5044.040009,4566.470244,47.260471
2023-12-06,44.549999,0.907528,96.623460,2023中期业绩公告,11246466400,5010.300695,4546.988085,47.058841
2023-12-07,44.450001,0.910112,96.623460,2023中期业绩公告,11246466400,4999.054401,4549.699515,47.086903
2023-12-08,44.950001,0.909875,96.623460,2023中期业绩公告,11246466400,5055.286733,4599.678893,47.604163
2023-12-11,44.650002,0.907903,96.623460,2023中期业绩公告,11246466400,5021.547419,4559.078045,47.183966
2023-12-12,44.549999,0.910801,96.623460,2023中期业绩公告,11246466400,5010.300695,4563.386851,47.228560
2023-12-13,45.049999,0.909908,96.623460,2023中期业绩公告,11246466400,5066.533027,4610.078917,47.711797
2023-12-14,45.000000,0.903207,96.623460,2023中期业绩公告,11246466400,5060.909880,4571.049251,47.307861
2023-12-15,45.150002,0.904415,96.623460,2023中期业绩公告,11246466400,5077.779751,4592.420232,47.529039
2023-12-18,44.900002,0.899056,96.623460,2023中期业绩公告,11246466400,5049.663585,4539.930432,46.985799
2023-12-19,45.000000,0.907272,96.623460,2023中期业绩公告,11246466400,5060.909880,4591.621734,47.520775
2023-12-20,44.900002,0.906334,96.623460,2023中期业绩公告,11246466400,5049.663585,4576.681710,47.366154
2023-12-21,44.750000,0.907511,96.623460,2023中期业绩公告,11246466400,5032.793714,4567.315635,47.269220
2023-12-22,44.700001,0.906352,96.623460,2023中期业绩公告,11246466400,5027.170567,4556.386015,47.156105
2023-12-27,44.950001,0.907047,96.623460,2023中期业绩公告,11246466400,5055.286733,4585.382532,47.456203
2023-12-28,45.200001,0.906644,96.623460,2023中期业绩公告,11246466400,5083.402899,4608.836670,47.698941
2023-12-29,45.150002,0.903503,96.623460,2023中期业绩公告,11246466400,5077.779751,4587.789242,47.481111
2024-01-02,44.250000,0.903273,96.623460,2023中期业绩公告,11246466400,4976.561382,4495.193462,46.522795
2024-01-03,43.549999,0.906530,96.623460,2023中期业绩公告,11246466400,4897.836031,4440.035408,45.951940
2024-01-04,42.849998,0.909377,96.623460,2023中期业绩公告,11246466400,4819.110681,4382.388312,45.355324
2024-01-05,42.400002,0.910610,96.623460,2023中期业绩公告,11246466400,4768.501925,4342.245634,44.939869
2024-01-08,41.250000,0.900698,96.623460,2023中期业绩公告,11246466400,4639.167390,4178.488818,43.245075
2024-01-09,41.400002,0.908268,96.623460,2023中期业绩公告,11246466400,4656.037261,4228.929534,43.767109
2024-01-10,41.150002,0.908646,96.623460,2023中期业绩公告,11246466400,4627.921095,4205.141934,43.520921
2024-01-11,41.200001,0.909957,96.623460,2023中期业绩公告,11246466400,4633.544243,4216.325980,43.636669
2024-01-12,41.250000,0.908700,96.623460,2023中期业绩公告,11246466400,4639.167390,4215.611358,43.629273
2024-01-15,41.150002,0.908271,96.623460,2023中期业绩公告,11246466400,4627.921095,4203.406589,43.502961
2024-01-16,39.900002,0.907306,96.623460,2023中期业绩公告,11246466400,4487.340265,4071.390816,42.136670
2024-01-17,38.500000,0.909376,96.623460,2023中期业绩公告,11246466400,4329.889564,3937.497761,40.750950
2024-01-18,38.849998,0.910045,96.623460,2023中期业绩公告,11246466400,4369.252025,3976.216080,41.151663
2024-01-19,39.750000,0.909853,96.623460,2023中期业绩公告,11246466400,4470.470394,4067.470817,42.096100
2024-01-22,39.599998,0.903226,96.623460,2023中期业绩公告,11246466400,4453.600523,4022.607866,41.631793
2024-01-23,40.000000,0.908406,96.623460,2023中期业绩公告,11246466400,4498.586560,4086.543109,42.293488
2024-01-24,41.000000,0.905264,96.623460,2023中期业绩公告,11246466400,4611.051224,4174.218767,43.200883
2024-01-25,42.150002,0.905665,96.623460,2023中期业绩公告,11246466400,4740.385759,4293.201376,44.432288
2024-01-26,41.900002,0.905795,96.623460,2023中期业绩公告,11246466400,4712.269593,4268.350133,44.175091
2024-01-29,42.349998,0.907033,96.623460,2023中期业绩公告,11246466400,4762.878349,4320.087962,44.710549
2024-01-30,42.299999,0.907311,96.623460,2023中期业绩公告,11246466400,4757.255201,4316.310080,44.671450
2024-01-31,42.349998,0.907677,96.623460,2023中期业绩公告,11246466400,4762.878349,4323.155106,44.742292
2024-02-01,42.299999,0.906819,96.623460,2023中期业绩公告,11246466400,4757.255201,4313.969338,44.647225
2024-02-02,42.200001,0.906865,96.623460,2023中期业绩公告,11246466400,4746.008907,4303.989371,44.543938
2024-02-05,42.349998,0.910463,96.623460,2023中期业绩公告,11246466400,4762.878349,4336.424393,44.879622
2024-02-06,43.700001,0.904796,96.623460,2023中期业绩公告,11246466400,4914.705903,4446.806263,46.022014
2024-02-07,43.500000,0.907394,96.623460,2023中期业绩公告,11246466400,4892.212884,4439.164578,45.942927
2024-02-08,43.150002,0.908264,96.623460,2023中期业绩公告,11246466400,4852.850423,4407.669246,45.616968
2024-02-09,42.400002,0.908686,96.623460,2023中期业绩公告,11246466400,4768.501925,4333.070856,44.844915
2024-02-14,43.450001,0.910043,96.623460,2023中期业绩公告,11246466400,4886.589737,4447.006789,46.024090
2024-02-15,43.849998,0.909240,96.623460,2023中期业绩公告,11246466400,4931.575345,4483.985603,46.406800
2024-02-16,44.849998,0.908547,96.623460,2023中期业绩公告,11246466400,5044.040009,4582.747338,47.428930
2024-02-19,43.549999,0.908527,96.623460,2023中期业绩公告,11246466400,4897.836031,4449.816358,46.053167
2024-02-20,44.250000,0.908332,96.623460,2023中期业绩公告,11246466400,4976.561382,4520.369905,46.783358
2024-02-21,44.450001,0.907896,96.623460,2023中期业绩公告,11246466400,4999.054401,4538.621405,46.972251
2024-02-22,44.950001,0.907354,96.623460,2023中期业绩公告,11246466400,5055.286733,4586.934624,47.472266
2024-02-23,44.700001,0.906737,96.623460,2023中期业绩公告,11246466400,5027.170567,4558.321707,47.176138
2024-02-26,44.599998,0.907067,96.623460,2023中期业绩公告,11246466400,5015.923843,4549.778997,47.087726
2024-02-27,44.750000,0.907717,96.623460,2023中期业绩公告,11246466400,5032.793714,4568.352359,47.279950
2024-02-28,44.099998,0.907925,96.623460,2023中期业绩公告,11246466400,4959.691511,4503.027963,46.603878
2024-02-29,44.400002,0.906848,96.623460,2023中期业绩公告,11246466400,4993.431253,4528.283212,46.865256
2024-03-01,42.900002,0.906188,96.623460,2023中期业绩公告,11246466400,4824.734257,4372.116341,45.249014
2024-03-04,42.400002,0.906666,96.623460,2023中期业绩公告,11246466400,4768.501925,4323.438475,44.745225
2024-03-05,41.549999,0.907039,96.623460,2023中期业绩公告,11246466400,4672.906703,4238.508561,43.866247
2024-03-06,42.200001,0.906826,96.623460,2023中期业绩公告,11246466400,4746.008907,4303.804364,44.542023
2024-03-07,41.849998,0.906267,96.623460,2023中期业绩公告,11246466400,4706.646017,4265.477906,44.145365
2024-03-08,41.500000,0.906404,96.623460,2023中期业绩公告,11246466400,4667.283556,4230.444570,43.782789
2024-03-11,42.000000,0.906254,96.623460,2023中期业绩公告,11246466400,4723.515888,4280.705137,44.302958
2024-03-12,42.599998,0.902952,96.623460,2023中期业绩公告,11246466400,4790.994515,4326.038153,44.772130
2024-03-13,42.299999,0.903946,96.623460,2023中期业绩公告,11246466400,4757.255201,4300.301727,44.505772
2024-03-14,42.700001,0.905159,96.623460,2023中期业绩公告,11246466400,4802.241239,4346.791861,44.986920
2024-03-15,42.349998,0.906043,96.623460,2023中期业绩公告,11246466400,4762.878349,4315.372555,44.661747
2024-03-18,42.450001,0.901543,96.623460,2023中期业绩公告,11246466400,4774.125073,4304.079142,44.544867
2024-03-19,41.700001,0.906729,96.623460,2023中期业绩公告,11246466400,4689.776575,4252.356344,44.009564
2024-03-20,41.200001,0.906825,96.623460,2023中期业绩公告,11246466400,4633.544243,4201.813786,43.486476
2024-03-21,42.099998,0.906857,96.623460,2023中期业绩公告,11246466400,4734.762183,4293.752294,44.437989
2024-03-22,40.650002,0.907207,96.623460,2023中期业绩公告,11246466400,4571.688763,4147.468103,42.924028
2024-03-25,40.950001,0.912010,96.623460,2023中期业绩公告,11246466400,4605.428077,4200.196525,43.469738
2024-03-26,41.700001,0.909315,120.794980,2023全年业绩公告,11246466400,4689.776575,4264.484139,35.303488
2024-03-27,41.250000,0.908311,120.794980,2023全年业绩公告,11246466400,4639.167390,4213.806815,34.883956
2024-03-28,42.250000,0.908247,120.794980,2023全年业绩公告,11246466400,4751.632054,4315.655530,35.727110
2024-04-02,44.099998,0.906957,120.794980,2023全年业绩公告,11246466400,4959.691511,4498.226788,37.238524
2024-04-03,43.900002,0.905088,120.794980,2023全年业绩公告,11246466400,4937.198921,4468.599534,36.993255
2024-04-05,44.549999,0.905423,120.794980,2023全年业绩公告,11246466400,5010.300695,4536.441414,37.554884
2024-04-08,44.000000,0.899161,120.794980,2023全年业绩公告,11246466400,4948.445216,4449.448856,36.834717
2024-04-09,44.299999,0.904128,120.794980,2023全年业绩公告,11246466400,4982.184529,4504.532609,37.290727
2024-04-10,44.599998,0.903855,120.794980,2023全年业绩公告,11246466400,5015.923843,4533.667974,37.531924
2024-04-11,44.150002,0.906032,120.794980,2023全年业绩公告,11246466400,4965.315087,4498.734487,37.242727
2024-04-12,43.700001,0.904062,120.794980,2023全年业绩公告,11246466400,4914.705903,4443.198715,36.782975
2024-04-15,43.349998,0.905950,120.794980,2023全年业绩公告,11246466400,4875.343013,4416.817050,36.564575
2024-04-16,42.750000,0.905311,120.794980,2023全年业绩公告,11246466400,4807.864386,4352.612460,36.033057
2024-04-17,42.500000,0.906333,120.794980,2023全年业绩公告,11246466400,4779.748220,4332.043683,35.862779
2024-04-18,43.000000,0.904203,120.794980,2023全年业绩公告,11246466400,4835.980552,4372.708112,36.199419
2024-04-19,42.700001,0.905071,120.794980,2023全年业绩公告,11246466400,4802.241239,4346.369377,35.981374
2024-04-22,44.200001,0.899678,120.794980,2023全年业绩公告,11246466400,4970.938235,4472.243729,37.023424
2024-04-23,44.299999,0.904548,120.794980,2023全年业绩公告,11246466400,4982.184529,4506.624999,37.308049
2024-04-24,44.599998,0.905023,120.794980,2023全年业绩公告,11246466400,5015.923843,4539.526338,37.580422
2024-04-25,44.799999,0.906609,120.794980,2023全年业绩公告,11246466400,5038.416861,4567.874066,37.815098
2024-04-26,44.849998,0.904344,120.794980,2023全年业绩公告,11246466400,5044.040009,4561.547430,37.762724
2024-04-29,45.900002,0.900610,120.794980,2023全年业绩公告,11246466400,5162.128249,4649.064476,38.487232
2024-04-30,46.200001,0.904459,120.794980,2023全年业绩公告,11246466400,5195.867563,4699.449178,38.904342
2024-05-02,47.950001,0.905210,120.794980,2023全年业绩公告,11246466400,5392.680725,4881.508617,40.411519
2024-05-03,47.650002,0.902663,120.794980,2023全年业绩公告,11246466400,5358.941411,4837.318091,40.045688
2024-05-06,46.250000,0.897156,120.794980,2023全年业绩公告,11246466400,5201.490710,4666.548600,38.631975
2024-05-07,46.250000,0.904434,120.794980,2023全年业绩公告,11246466400,5201.490710,4704.405180,38.945370
2024-05-08,46.099998,0.907516,120.794980,2023全年业绩公告,11246466400,5184.620839,4705.126379,38.951340
2024-05-09,46.150002,0.905143,120.794980,2023全年业绩公告,11246466400,5190.244415,4697.913518,38.891629
2024-05-10,46.000000,0.904499,120.794980,2023全年业绩公告,11246466400,5173.374544,4679.312072,38.737637
2024-05-13,46.349998,0.901981,120.794980,2023全年业绩公告,11246466400,5212.737005,4701.789716,38.923718
2024-05-14,46.049999,0.906780,120.794980,2023全年业绩公告,11246466400,5178.997691,4696.211550,38.877539
2024-05-16,46.150002,0.904162,120.794980,2023全年业绩公告,11246466400,5190.244415,4692.821717,38.849476
2024-05-17,46.400002,0.907083,120.794980,2023全年业绩公告,11246466400,5218.360581,4733.486040,39.186116
2024-05-20,46.650002,0.903131,120.794980,2023全年业绩公告,11246466400,5246.476747,4738.255834,39.225602
2024-05-21,45.650002,0.908436,120.794980,2023全年业绩公告,11246466400,5134.012083,4663.921403,38.610225
2024-05-22,45.700001,0.907846,120.794980,2023全年业绩公告,11246466400,5139.635231,4665.997152,38.627409
2024-05-23,44.750000,0.908182,120.794980,2023全年业绩公告,11246466400,5032.793714,4570.692786,37.838433
2024-05-24,43.349998,0.909418,120.794980,2023全年业绩公告,11246466400,4875.343013,4433.724628,36.704544
2024-05-27,43.700001,0.903930,120.794980,2023全年业绩公告,11246466400,4914.705903,4442.550148,36.777606
2024-05-28,43.450001,0.909244,120.794980,2023全年业绩公告,11246466400,4886.589737,4443.102403,36.782178
2024-05-29,42.549999,0.909189,120.794980,2023全年业绩公告,11246466400,4785.371367,4350.806940,36.018111
2024-05-30,42.200001,0.908958,120.794980,2023全年业绩公告,11246466400,4746.008907,4313.922848,35.712766
2024-05-31,41.599998,0.906405,120.794980,2023全年业绩公告,11246466400,4678.529851,4240.642719,35.106117
2024-06-03,41.950001,0.902693,120.794980,2023全年业绩公告,11246466400,4717.892741,4258.808627,35.256503
2024-06-04,41.650002,0.906132,120.794980,2023全年业绩公告,11246466400,4684.153427,4244.461233,35.137729
2024-06-05,41.450001,0.907139,120.794980,2023全年业绩公告,11246466400,4661.660409,4228.773977,35.007862
2024-06-06,41.799999,0.908056,120.794980,2023全年业绩公告,11246466400,4701.022869,4268.792120,35.339152
2024-06-07,41.349998,0.908255,120.794980,2023全年业绩公告,11246466400,4650.413685,4223.761393,34.966365
2024-06-11,40.400002,0.908501,120.794980,2023全年业绩公告,11246466400,4543.572597,4127.840380,34.172284
2024-06-12,39.849998,0.908902,120.794980,2023全年业绩公告,11246466400,4481.716689,4073.441215,33.721941
2024-06-13,40.049999,0.926957,120.794980,2023全年业绩公告,11246466400,4504.209707,4175.208768,34.564423
2024-06-14,39.900002,0.928270,120.794980,2023全年业绩公告,11246466400,4487.340265,4165.463269,34.483745
2024-06-17,39.750000,0.909106,120.794980,2023全年业绩公告,11246466400,4470.470394,4064.131530,33.644871
2024-06-18,40.000000,0.928884,120.794980,2023全年业绩公告,11246466400,4498.586560,4178.665210,34.593037
2024-06-19,41.200001,0.928934,120.794980,2023全年业绩公告,11246466400,4633.544243,4304.256686,35.632745
2024-06-20,41.099998,0.929526,120.794980,2023全年业绩公告,11246466400,4622.297519,4296.545591,35.568909
2024-06-21,40.150002,0.930055,120.794980,2023全年业绩公告,11246466400,4515.456431,4199.622932,34.766535
2024-06-24,40.150002,0.930288,120.794980,2023全年业绩公告,11246466400,4515.456431,4200.675008,34.775245
2024-06-25,39.599998,0.929527,120.794980,2023全年业绩公告,11246466400,4453.600523,4139.741865,34.270810
2024-06-26,40.049999,0.929894,120.794980,2023全年业绩公告,11246466400,4504.209707,4188.437449,34.673936
2024-06-27,37.099998,0.930174,120.794980,2023全年业绩公告,11246466400,4172.438863,3881.094118,32.129598
2024-06-28,37.049999,0.930636,120.794980,2023全年业绩公告,11246466400,4166.815715,3877.788663,32.102234
2024-07-02,35.700001,0.930205,120.794980,2023全年业绩公告,11246466400,4014.988591,3734.762412,30.918192
2024-07-03,35.650002,0.930360,120.794980,2023全年业绩公告,11246466400,4009.365443,3730.153311,30.880036
2024-07-04,35.450001,0.930744,120.794980,2023全年业绩公告,11246466400,3986.872425,3710.757557,30.719468
2024-07-05,34.549999,0.930402,120.794980,2023全年业绩公告,11246466400,3885.654055,3615.220230,29.928564
2024-07-08,33.299999,0.930225,120.794980,2023全年业绩公告,11246466400,3745.073225,3483.760796,28.840278
2024-07-09,33.750000,0.930513,120.794980,2023全年业绩公告,11246466400,3795.682410,3531.931919,29.239062
2024-07-10,35.250000,0.930867,120.794980,2023全年业绩公告,11246466400,3964.379406,3690.310029,30.550194
2024-07-11,34.700001,0.931321,120.794980,2023全年业绩公告,11246466400,3902.523927,3634.502583,30.088192
2024-07-12,35.099998,0.929181,120.794980,2023全年业绩公告,11246466400,3947.509535,3667.950777,30.365093
2024-07-15,33.500000,0.928515,120.794980,2023全年业绩公告,11246466400,3767.566244,3498.241835,28.960159
2024-07-16,32.549999,0.929812,120.794980,2023全年业绩公告,11246466400,3660.724727,3403.785832,28.178206
2024-07-17,33.200001,0.914183,120.794980,2023全年业绩公告,11246466400,3733.826931,3413.401182,28.257807
2024-07-18,35.349998,0.929840,120.794980,2023全年业绩公告,11246466400,3975.625701,3696.695914,30.603059
2024-07-19,33.750000,0.929395,120.794980,2023全年业绩公告,11246466400,3795.682410,3527.688329,29.203932
2024-07-22,34.400002,0.930748,120.794980,2023全年业绩公告,11246466400,3868.784613,3600.863486,29.809711
2024-07-23,33.099998,0.931579,120.794980,2023全年业绩公告,11246466400,3722.580207,3467.877523,28.708788
2024-07-24,30.750000,0.931455,120.794980,2023全年业绩公告,11246466400,3458.288418,3221.240094,26.667003
2024-07-25,30.850000,0.929809,120.794980,2023全年业绩公告,11246466400,3469.534927,3226.004712,26.706447
2024-07-26,30.549999,0.926147,120.794980,2023全年业绩公告,11246466400,3435.795399,3182.051547,26.342581
2024-07-29,30.400000,0.928708,120.794980,2023全年业绩公告,11246466400,3418.925743,3175.183746,26.285726
2024-07-30,29.600000,0.929318,120.794980,2023全年业绩公告,11246466400,3328.954097,3093.657000,25.610808
2024-07-31,30.450001,0.928001,120.794980,2023全年业绩公告,11246466400,3424.549105,3177.984948,26.308916
2024-08-01,29.799999,0.923748,120.794980,2023全年业绩公告,11246466400,3351.446901,3095.892427,25.629314
2024-08-02,30.000000,0.926874,120.794980,2023全年业绩公告,11246466400,3373.939920,3127.217129,25.888635
2024-08-05,30.450001,0.916973,120.794980,2023全年业绩公告,11246466400,3424.549105,3140.219048,25.996271
2024-08-06,29.850000,0.913719,120.794980,2023全年业绩公告,11246466400,3357.070263,3067.418879,25.393596
2024-08-07,29.700001,0.918092,120.794980,2023全年业绩公告,11246466400,3340.200607,3066.611497,25.386912
2024-08-08,28.950001,0.921382,120.794980,2023全年业绩公告,11246466400,3255.852109,2999.883560,24.834505
2024-08-09,28.950001,0.920386,120.794980,2023全年业绩公告,11246466400,3255.852109,2996.640752,24.807660
2024-08-12,29.400000,0.918937,120.794980,2023全年业绩公告,11246466400,3306.461079,3038.429515,25.153608
2024-08-13,29.799999,0.920635,120.794980,2023全年业绩公告,11246466400,3351.446901,3085.459268,25.542943
2024-08-14,29.850000,0.918368,120.794980,2023全年业绩公告,11246466400,3357.070263,3083.025843,25.522798
2024-08-15,28.950001,0.915995,120.794980,2023全年业绩公告,11246466400,3255.852109,2982.344258,24.689306
2024-08-16,29.150000,0.920026,120.794980,2023全年业绩公告,11246466400,3278.344913,3016.162571,24.969271
2024-08-19,28.799999,0.919097,120.794980,2023全年业绩公告,11246466400,3238.982237,2976.938878,24.644558
2024-08-20,28.700001,0.916665,120.794980,2023全年业绩公告,11246466400,3227.735943,2958.752625,24.494003
2024-08-21,28.299999,0.915738,120.794980,2023全年业绩公告,11246466400,3182.749905,2914.564990,24.128196
2024-08-22,28.600000,0.915133,120.794980,2023全年业绩公告,11246466400,3216.489433,2943.515623,24.367864
2024-08-23,28.549999,0.916367,120.794980,2023全年业绩公告,11246466400,3210.866071,2942.331691,24.358063
2024-08-26,30.299999,0.913691,120.794980,2023全年业绩公告,11246466400,3407.679233,3113.565793,25.775622
2024-08-27,30.200001,0.912958,125.436560,2024中期业绩公告,11246466400,3396.432939,3100.800711,24.720071
2024-08-28,27.049999,0.913022,125.436560,2024中期业绩公告,11246466400,3042.169075,2777.567238,22.143203
2024-08-29,27.549999,0.913341,125.436560,2024中期业绩公告,11246466400,3098.401407,2829.896996,22.560384
2024-08-30,28.400000,0.910005,125.436560,2024中期业绩公告,11246466400,3193.996415,2906.552622,23.171495
2024-09-02,26.850000,0.909448,125.436560,2024中期业绩公告,11246466400,3019.676271,2746.238629,21.893447
2024-09-03,27.049999,0.912730,125.436560,2024中期业绩公告,11246466400,3042.169075,2776.678915,22.136121
2024-09-04,27.100000,0.913073,125.436560,2024中期业绩公告,11246466400,3047.792437,2782.856994,22.185374
2024-09-05,26.549999,0.912294,125.436560,2024中期业绩公告,11246466400,2985.936743,2724.052088,21.716572
2024-09-09,26.000000,0.909189,125.436560,2024中期业绩公告,11246466400,2924.081264,2658.542479,21.194319
2024-09-10,25.400000,0.912398,125.436560,2024中期业绩公告,11246466400,2856.602423,2606.358282,20.778298
2024-09-11,25.200001,0.913276,125.436560,2024中期业绩公告,11246466400,2834.109619,2588.324343,20.634529
2024-09-12,24.950001,0.913020,125.436560,2024中期业绩公告,11246466400,2805.993453,2561.928184,20.424095
2024-09-13,25.000000,0.912088,125.436560,2024中期业绩公告,11246466400,2811.616600,2564.441697,20.444133
2024-09-16,24.350000,0.909513,125.436560,2024中期业绩公告,11246466400,2738.514611,2490.714631,19.856369
2024-09-17,24.350000,0.910164,125.436560,2024中期业绩公告,11246466400,2738.514611,2492.497409,19.870582
2024-09-19,25.600000,0.908623,125.436560,2024中期业绩公告,11246466400,2879.095441,2616.012280,20.855262
2024-09-20,26.200001,0.906737,125.436560,2024中期业绩公告,11246466400,2946.574283,2671.768012,21.299755
2024-09-23,26.049999,0.905045,125.436560,2024中期业绩公告,11246466400,2929.704411,2651.514250,21.138289
2024-09-24,28.150000,0.905570,125.436560,2024中期业绩公告,11246466400,3165.880249,2866.926084,22.855586
2024-09-25,27.549999,0.903283,125.436560,2024中期业绩公告,11246466400,3098.401407,2798.733318,22.311943
2024-09-26,31.100000,0.903179,125.436560,2024中期业绩公告,11246466400,3497.651093,3159.004981,25.184085
2024-09-27,32.299999,0.900981,125.436560,2024中期业绩公告,11246466400,3632.608561,3272.911327,26.092164
2024-09-30,34.200001,0.901817,125.436560,2024中期业绩公告,11246466400,3846.291595,3468.651238,27.652634
2024-10-02,35.200001,0.904577,125.436560,2024中期业绩公告,11246466400,3958.756259,3580.999927,28.548295
2024-10-03,33.400002,0.906603,125.436560,2024中期业绩公告,11246466400,3756.319949,3405.490855,27.149109
2024-10-04,34.049999,0.907225,125.436560,2024中期业绩公告,11246466400,3829.421723,3474.147172,27.696448
2024-10-07,34.799999,0.903566,125.436560,2024中期业绩公告,11246466400,3913.770221,3536.349715,28.192337
2024-10-08,31.200001,0.903771,125.436560,2024中期业绩公告,11246466400,3508.897603,3171.239836,25.281623
2024-10-09,30.600000,0.907809,125.436560,2024中期业绩公告,11246466400,3441.418761,3124.150990,24.906223
2024-10-10,32.000000,0.910899,125.436560,2024中期业绩公告,11246466400,3598.869248,3278.206340,26.134377
2024-10-14,31.850000,0.908987,125.436560,2024中期业绩公告,11246466400,3581.999591,3255.991011,25.957273
2024-10-15,30.150000,0.912964,125.436560,2024中期业绩公告,11246466400,3390.809577,3095.687028,24.679304
2024-10-16,29.400000,0.916292,125.436560,2024中期业绩公告,11246466400,3306.461079,3029.683874,24.153117
2024-10-17,29.299999,0.916049,125.436560,2024中期业绩公告,11246466400,3295.214569,3018.578023,24.064579
2024-10-18,30.850000,0.916312,125.436560,2024中期业绩公告,11246466400,3469.534927,3179.176416,25.344895
2024-10-21,30.400000,0.913842,125.436560,2024中期业绩公告,11246466400,3418.925743,3124.358015,24.907874
2024-10-22,30.600000,0.915621,125.436560,2024中期业绩公告,11246466400,3441.418761,3151.035228,25.120549
2024-10-23,30.100000,0.916327,125.436560,2024中期业绩公告,11246466400,3385.186429,3101.937724,24.729136
2024-10-24,29.150000,0.917104,125.436560,2024中期业绩公告,11246466400,3278.344913,3006.583252,23.968955
2024-10-25,29.450001,0.916125,125.436560,2024中期业绩公告,11246466400,3312.084441,3034.283357,24.189785
2024-10-28,29.850000,0.916245,125.436560,2024中期业绩公告,11246466400,3357.070263,3075.898789,24.521549
2024-10-29,29.299999,0.917104,125.436560,2024中期业绩公告,11246466400,3295.214569,3022.054482,24.092294
2024-10-30,29.150000,0.917509,125.436560,2024中期业绩公告,11246466400,3278.344913,3007.911026,23.979540
2024-10-31,28.900000,0.915518,125.436560,2024中期业绩公告,11246466400,3250.228747,2975.642876,23.722293
2024-11-01,29.450001,0.915730,125.436560,2024中期业绩公告,11246466400,3312.084441,3032.975083,24.179355
2024-11-04,30.350000,0.915806,125.436560,2024中期业绩公告,11246466400,3413.302595,3125.922981,24.920350
2024-11-05,33.250000,0.913204,125.436560,2024中期业绩公告,11246466400,3739.450078,3414.880823,27.223967
2024-11-06,32.799999,0.913848,125.436560,2024中期业绩公告,11246466400,3688.840893,3371.039810,26.874460
2024-11-07,34.150002,0.922928,125.436560,2024中期业绩公告,11246466400,3840.668447,3544.660355,28.258590
2024-11-08,33.700001,0.919040,125.436560,2024中期业绩公告,11246466400,3790.059263,3483.216157,27.768747
2024-11-11,32.400002,0.923198,125.436560,2024中期业绩公告,11246466400,3643.855285,3363.999856,26.818336
2024-11-12,31.049999,0.927308,125.436560,2024中期业绩公告,11246466400,3492.027731,3238.185332,25.815323
2024-11-13,31.200001,0.929733,125.436560,2024中期业绩公告,11246466400,3508.897603,3262.337819,26.007871
2024-11-14,30.250000,0.928284,125.436560,2024中期业绩公告,11246466400,3402.056086,3158.074196,25.176665
2024-11-15,30.850000,0.929017,125.436560,2024中期业绩公告,11246466400,3469.534927,3223.256955,25.696312
2024-11-18,31.450001,0.928647,125.436560,2024中期业绩公告,11246466400,3537.013769,3284.637161,26.185644
2024-11-19,32.150002,0.929467,125.436560,2024中期业绩公告,11246466400,3615.739119,3360.710273,26.792111
2024-11-20,31.549999,0.929945,125.436560,2024中期业绩公告,11246466400,3548.260063,3299.686677,26.305622
2024-11-21,30.750000,0.930729,125.436560,2024中期业绩公告,11246466400,3458.288418,3218.729224,25.660216
2024-11-22,31.600000,0.929405,125.436560,2024中期业绩公告,11246466400,3553.883425,3302.996932,26.332011
2024-11-25,32.049999,0.930429,125.436560,2024中期业绩公告,11246466400,3604.492395,3353.724189,26.736417
2024-11-26,31.750000,0.930198,125.436560,2024中期业绩公告,11246466400,3570.753082,3321.507425,26.479580
2024-11-27,32.599998,0.931792,125.436560,2024中期业绩公告,11246466400,3666.347875,3416.273695,27.235072
2024-11-28,31.950001,0.931289,125.436560,2024中期业绩公告,11246466400,3593.246101,3346.350630,26.677634
2024-11-29,33.099998,0.930504,125.436560,2024中期业绩公告,11246466400,3722.580207,3463.875862,27.614564
2024-12-02,35.849998,0.930467,125.436560,2024中期业绩公告,11246466400,4031.858033,3751.510887,29.907635
2024-12-03,35.349998,0.934406,125.436560,2024中期业绩公告,11246466400,3975.625701,3714.848439,29.615356
2024-12-04,35.099998,0.935841,125.436560,2024中期业绩公告,11246466400,3947.509535,3694.241365,29.451074
2024-12-05,35.049999,0.933014,125.436560,2024中期业绩公告,11246466400,3941.886387,3677.835090,29.320280
2024-12-06,35.450001,0.932831,125.436560,2024中期业绩公告,11246466400,3986.872425,3719.078148,29.649076
2024-12-09,36.900002,0.934330,125.436560,2024中期业绩公告,11246466400,4149.946273,3877.419246,30.911397
2024-12-10,35.900002,0.933740,125.436560,2024中期业绩公告,11246466400,4037.481609,3769.958158,30.054700
2024-12-11,36.450001,0.932323,125.436560,2024中期业绩公告,11246466400,4099.337089,3821.906166,30.468838
2024-12-12,37.799999,0.933903,125.436560,2024中期业绩公告,11246466400,4251.164213,3970.174923,31.650859
2024-12-13,36.000000,0.934731,125.436560,2024中期业绩公告,11246466400,4048.727904,3784.471509,30.170403
2024-12-16,35.599998,0.935630,125.436560,2024中期业绩公告,11246466400,4003.741867,3746.021097,29.863870
2024-12-17,35.450001,0.936715,125.436560,2024中期业绩公告,11246466400,3986.872425,3734.563230,29.772526
2024-12-18,35.500000,0.937486,125.436560,2024中期业绩公告,11246466400,3992.495572,3742.908675,29.839057
2024-12-19,34.900002,0.937432,125.436560,2024中期业绩公告,11246466400,3925.016945,3679.436450,29.333047
2024-12-20,34.500000,0.938913,125.436560,2024中期业绩公告,11246466400,3880.030908,3643.011412,29.042660
2024-12-23,34.599998,0.938614,125.436560,2024中期业绩公告,11246466400,3891.277203,3652.407302,29.117566
2024-12-24,35.200001,0.939070,125.436560,2024中期业绩公告,11246466400,3958.756259,3717.549186,29.636887
2024-12-27,33.849998,0.939406,125.436560,2024中期业绩公告,11246466400,3806.928705,3576.251582,28.510441
2024-12-30,33.849998,0.939949,125.436560,2024中期业绩公告,11246466400,3806.928705,3578.318738,28.526920
2024-12-31,34.000000,0.940035,125.436560,2024中期业绩公告,11246466400,3823.798576,3594.504439,28.655955
2025-01-02,33.150002,0.939317,125.436560,2024中期业绩公告,11246466400,3728.203783,3501.965148,27.918217
2025-01-03,33.650002,0.938503,125.436560,2024中期业绩公告,11246466400,3784.436115,3551.704749,28.314749
2025-01-06,32.500000,0.941034,125.436560,2024中期业绩公告,11246466400,3655.101580,3439.574930,27.420833
2025-01-07,32.650002,0.941728,125.436560,2024中期业绩公告,11246466400,3671.971451,3457.998316,27.567707
2025-01-08,32.750000,0.942094,125.436560,2024中期业绩公告,11246466400,3683.217746,3469.937442,27.662887
2025-01-09,33.750000,0.942395,125.436560,2024中期业绩公告,11246466400,3795.682410,3577.032018,28.516662
2025-01-10,32.750000,0.942169,125.436560,2024中期业绩公告,11246466400,3683.217746,3470.213620,27.665089
2025-01-13,33.450001,0.941534,125.436560,2024中期业绩公告,11246466400,3761.943097,3541.997267,28.237360
2025-01-14,35.250000,0.941449,125.436560,2024中期业绩公告,11246466400,3964.379406,3732.260974,29.754172
2025-01-15,35.250000,0.941424,125.436560,2024中期业绩公告,11246466400,3964.379406,3732.161966,29.753383
2025-01-16,35.000000,0.941536,125.436560,2024中期业绩公告,11246466400,3936.263240,3706.133583,29.545880
2025-01-17,34.700001,0.941350,125.436560,2024中期业绩公告,11246466400,3902.523927,3673.640833,29.286843
2025-01-20,35.450001,0.940842,125.436560,2024中期业绩公告,11246466400,3986.872425,3751.016917,29.903697
2025-01-21,35.799999,0.939943,125.436560,2024中期业绩公告,11246466400,4026.234885,3784.431360,30.170082
2025-01-22,34.500000,0.933935,125.436560,2024中期业绩公告,11246466400,3880.030908,3623.696614,28.888680
2025-01-23,34.049999,0.933647,125.436560,2024中期业绩公告,11246466400,3829.421723,3575.328016,28.503078
2025-01-24,35.099998,0.935393,125.436560,2024中期业绩公告,11246466400,3947.509535,3692.472691,29.436973
2025-01-27,35.150002,0.930004,125.436560,2024中期业绩公告,11246466400,3953.133111,3676.429609,29.309076
2025-01-28,36.349998,0.930967,125.436560,2024中期业绩公告,11246466400,4088.090365,3805.877114,30.341051
2025-02-03,36.200001,0.921824,125.436560,2024中期业绩公告,11246466400,4071.220923,3752.949068,29.919101
2025-02-04,37.450001,0.923223,125.436560,2024中期业绩公告,11246466400,4211.801753,3888.432328,30.999195
2025-02-05,34.849998,0.922299,125.436560,2024中期业绩公告,11246466400,3919.393369,3614.852692,28.818175
2025-02-06,35.950001,0.933701,125.436560,2024中期业绩公告,11246466400,4043.104757,3775.050868,30.095300
2025-02-07,35.700001,0.935935,125.436560,2024中期业绩公告,11246466400,4014.988591,3757.768429,29.957521
2025-02-10,36.400002,0.935308,125.436560,2024中期业绩公告,11246466400,4093.713941,3828.883315,30.524460
2025-02-11,34.200001,0.937779,125.436560,2024中期业绩公告,11246466400,3846.291595,3606.971521,28.755345
2025-02-12,35.599998,0.937764,125.436560,2024中期业绩公告,11246466400,4003.741867,3754.564944,29.931983
2025-02-13,35.299999,0.938284,125.436560,2024中期业绩公告,11246466400,3970.002553,3724.989796,29.696205
2025-02-14,36.049999,0.935891,125.436560,2024中期业绩公告,11246466400,4054.351051,3794.430549,30.249798
2025-02-17,35.049999,0.931910,125.436560,2024中期业绩公告,11246466400,3941.886387,3673.483258,29.285587
2025-02-18,35.200001,0.932220,125.436560,2024中期业绩公告,11246466400,3958.756259,3690.431689,29.420702
2025-02-19,34.799999,0.936233,125.436560,2024中期业绩公告,11246466400,3913.770221,3664.200773,29.211585
2025-02-20,34.049999,0.936379,125.436560,2024中期业绩公告,11246466400,3829.421723,3585.790143,28.586483
2025-02-21,33.700001,0.933040,125.436560,2024中期业绩公告,11246466400,3790.059263,3536.276981,28.191757
2025-02-24,34.500000,0.933088,125.436560,2024中期业绩公告,11246466400,3880.030908,3620.410298,28.862481
2025-02-25,33.599998,0.932269,125.436560,2024中期业绩公告,11246466400,3778.812539,3522.869700,28.084872
2025-02-26,36.099998,0.932334,125.436560,2024中期业绩公告,11246466400,4059.974199,3785.252008,30.176625
2025-02-27,36.299999,0.933910,125.436560,2024中期业绩公告,11246466400,4082.467217,3812.657009,30.395102
2025-02-28,34.700001,0.936769,125.436560,2024中期业绩公告,11246466400,3902.523927,3655.763470,29.144322
2025-03-03,35.200001,0.936328,125.436560,2024中期业绩公告,11246466400,3958.756259,3706.694306,29.550350
2025-03-04,35.200001,0.936604,125.436560,2024中期业绩公告,11246466400,3958.756259,3707.787038,29.559062
2025-03-05,36.349998,0.934672,125.436560,2024中期业绩公告,11246466400,4088.090365,3821.023589,30.461801
2025-03-06,36.799999,0.933033,125.436560,2024中期业绩公告,11246466400,4138.699549,3861.543213,30.784830
2025-03-07,37.349998,0.932883,125.436560,2024中期业绩公告,11246466400,4200.555029,3918.626479,31.239907
2025-03-10,36.450001,0.930845,125.436560,2024中期业绩公告,11246466400,4099.337089,3815.847523,30.420537
2025-03-11,38.250000,0.934337,125.436560,2024中期业绩公告,11246466400,4301.773398,4019.306137,32.042541
2025-03-12,37.700001,0.934193,125.436560,2024中期业绩公告,11246466400,4239.917919,3960.901704,31.576932
2025-03-13,37.049999,0.931482,125.436560,2024中期业绩公告,11246466400,4166.815715,3881.313907,30.942445
2025-03-14,38.049999,0.931182,125.436560,2024中期业绩公告,11246466400,4279.280379,3984.788977,31.767365
2025-03-17,38.299999,0.931061,125.436560,2024中期业绩公告,11246466400,4307.396545,4010.449062,31.971931
2025-03-18,38.700001,0.930807,125.436560,2024中期业绩公告,11246466400,4352.382583,4051.228150,32.297028
2025-03-19,38.049999,0.930172,125.436560,2024中期业绩公告,11246466400,4279.280379,3980.466901,31.732909
2025-03-20,37.799999,0.930490,125.436560,2024中期业绩公告,11246466400,4251.164213,3955.665861,31.535191
2025-03-21,37.049999,0.932497,125.436560,2024中期业绩公告,11246466400,4166.815715,3885.543256,30.976162
2025-03-24,36.950001,0.932483,125.436560,2024中期业绩公告,11246466400,4155.569421,3874.997913,30.892093
2025-03-25,36.750000,0.932964,121.233040,2024全年业绩公告,11246466400,4133.076402,3856.011604,31.806607
2025-03-26,33.700001,0.933309,121.233040,2024全年业绩公告,11246466400,3790.059263,3537.296491,29.177661
2025-03-27,34.099998,0.933261,121.233040,2024全年业绩公告,11246466400,3835.044871,3579.097724,29.522461
2025-03-28,34.650002,0.934178,121.233040,2024全年业绩公告,11246466400,3896.900779,3640.398956,30.028109
2025-03-31,33.750000,0.933672,121.233040,2024全年业绩公告,11246466400,3795.682410,3543.922428,29.232315
2025-04-01,33.250000,0.932744,121.233040,2024全年业绩公告,11246466400,3739.450078,3487.949721,28.770620
2025-04-02,34.450001,0.934223,121.233040,2024全年业绩公告,11246466400,3874.407761,3619.560827,29.856224
2025-04-03,34.450001,0.933672,121.233040,2024全年业绩公告,11246466400,3874.407761,3617.426085,29.838616
2025-04-07,32.450001,0.936819,121.233040,2024全年业绩公告,11246466400,3649.478433,3418.900798,28.201065
2025-04-08,32.799999,0.940698,121.233040,2024全年业绩公告,11246466400,3688.840893,3470.085353,28.623264
2025-04-09,33.799999,0.944511,121.233040,2024全年业绩公告,11246466400,3801.305557,3590.374899,29.615482
2025-04-10,35.000000,0.947026,121.233040,2024全年业绩公告,11246466400,3936.263240,3727.743688,30.748579
2025-04-11,35.099998,0.942765,121.233040,2024全年业绩公告,11246466400,3947.509535,3721.573817,30.697686
2025-04-14,36.250000,0.940209,121.233040,2024全年业绩公告,11246466400,4076.844070,3833.085370,31.617498
2025-04-15,37.150002,0.938763,121.233040,2024全年业绩公告,11246466400,4178.062439,3922.210523,32.352653
2025-04-16,35.950001,0.942570,121.233040,2024全年业绩公告,11246466400,4043.104757,3810.909134,31.434575
2025-04-17,36.650002,0.941992,121.233040,2024全年业绩公告,11246466400,4121.830107,3882.730924,32.027003
2025-04-22,37.400002,0.939692,121.233040,2024全年业绩公告,11246466400,4206.178605,3952.512472,32.602601
2025-04-23,36.950001,0.942418,121.233040,2024全年业绩公告,11246466400,4155.569421,3916.283336,32.303763
2025-04-24,36.750000,0.938986,121.233040,2024全年业绩公告,11246466400,4133.076402,3880.900892,32.011908
2025-04-25,36.599998,0.939102,121.233040,2024全年业绩公告,11246466400,4116.206531,3865.537761,31.885184
2025-04-28,36.150002,0.939323,121.233040,2024全年业绩公告,11246466400,4065.597775,3818.909532,31.500567
2025-04-29,35.450001,0.940379,121.233040,2024全年业绩公告,11246466400,3986.872425,3749.171198,30.925325
2025-04-30,35.799999,0.936866,121.233040,2024全年业绩公告,11246466400,4026.234885,3772.042513,31.113981
2025-05-02,36.049999,0.937289,121.233040,2024全年业绩公告,11246466400,4054.351051,3800.098641,31.345404
2025-05-06,38.599998,0.937998,121.233040,2024全年业绩公告,11246466400,4341.135859,4071.976739,33.588011
2025-05-07,37.750000,0.930925,121.233040,2024全年业绩公告,11246466400,4245.541066,3952.280366,32.600687
2025-05-08,38.299999,0.931219,121.233040,2024全年业绩公告,11246466400,4307.396545,4011.129425,33.086108
2025-05-09,38.200001,0.929256,121.233040,2024全年业绩公告,11246466400,4296.150251,3992.223492,32.930161
2025-05-12,39.549999,0.930385,121.233040,2024全年业绩公告,11246466400,4447.977375,4138.331402,34.135343
2025-05-13,38.549999,0.924309,121.233040,2024全年业绩公告,11246466400,4335.512711,4007.353485,33.054962
2025-05-14,38.900002,0.924181,121.233040,2024全年业绩公告,11246466400,4374.875601,4043.176840,33.350453
2025-05-15,38.450001,0.923369,121.233040,2024全年业绩公告,11246466400,4324.266417,3992.893515,32.935687
2025-05-16,38.450001,0.923241,121.233040,2024全年业绩公告,11246466400,4324.266417,3992.340134,32.931123
2025-05-19,38.500000,0.922545,121.233040,2024全年业绩公告,11246466400,4329.889564,3994.518036,32.949087
2025-05-20,38.599998,0.921708,121.233040,2024全年业绩公告,11246466400,4341.135859,4001.259597,33.004696
2025-05-21,38.549999,0.922195,121.233040,2024全年业绩公告,11246466400,4335.512711,3998.188220,32.979361
2025-05-22,36.700001,0.919934,121.233040,2024全年业绩公告,11246466400,4127.453255,3796.984478,31.319717
2025-05-23,36.599998,0.920197,121.233040,2024全年业绩公告,11246466400,4116.206531,3787.720942,31.243306
2025-05-26,38.000000,0.919867,121.233040,2024全年业绩公告,11246466400,4273.657232,3931.196168,32.426772
2025-05-27,38.049999,0.919185,121.233040,2024全年业绩公告,11246466400,4279.280379,3933.450262,32.445365
2025-05-28,39.250000,0.919048,121.233040,2024全年业绩公告,11246466400,4414.238062,4056.896712,33.463623
2025-05-29,39.500000,0.919464,121.233040,2024全年业绩公告,11246466400,4442.354228,4084.584753,33.692010
2025-05-30,38.400002,0.918705,121.233040,2024全年业绩公告,11246466400,4318.643269,3967.559107,32.726715
2025-06-02,38.250000,0.918728,121.233040,2024全年业绩公告,11246466400,4301.773398,3952.159644,32.599691
2025-06-03,38.799999,0.918728,121.233040,2024全年业绩公告,11246466400,4363.628877,4008.988005,33.068444
2025-06-04,39.000000,0.918728,121.233040,2024全年业绩公告,11246466400,4386.121896,4029.652971,33.238901
2025-06-05,38.950001,0.918781,121.233040,2024全年业绩公告,11246466400,4380.498749,4024.718944,33.198202
2025-06-06,39.549999,0.914450,121.233040,2024全年业绩公告,11246466400,4447.977375,4067.452866,33.550696
2025-06-09,39.750000,0.916101,121.233040,2024全年业绩公告,11246466400,4470.470394,4095.402304,33.781239
2025-06-10,39.299999,0.914949,121.233040,2024全年业绩公告,11246466400,4419.861209,4043.947593,33.356811
2025-06-11,38.400002,0.914886,121.233040,2024全年业绩公告,11246466400,4318.643269,3951.066256,32.590672
2025-06-12,38.650002,0.916426,121.233040,2024全年业绩公告,11246466400,4346.759435,3983.483375,32.858067
2025-06-13,39.150002,0.916391,121.233040,2024全年业绩公告,11246466400,4402.991767,4034.862095,33.281868
2025-06-16,39.750000,0.914847,121.233040,2024全年业绩公告,11246466400,4470.470394,4089.796502,33.734999
2025-06-17,39.250000,0.914540,121.233040,2024全年业绩公告,11246466400,4414.238062,4036.997245,33.299480
2025-06-18,39.099998,0.915256,121.233040,2024全年业绩公告,11246466400,4397.368191,4024.717724,33.198192
2025-06-19,38.250000,0.915812,121.233040,2024全年业绩公告,11246466400,4301.773398,3939.615766,32.496222
2025-06-20,38.349998,0.915686,121.233040,2024全年业绩公告,11246466400,4313.019693,3949.371799,32.576695
2025-06-23,37.950001,0.915697,121.233040,2024全年业绩公告,11246466400,4268.034085,3908.225916,32.237300
2025-06-24,39.049999,0.914542,121.233040,2024全年业绩公告,11246466400,4391.745043,4016.435381,33.129874
2025-06-25,40.349998,0.913542,121.233040,2024全年业绩公告,11246466400,4537.949021,4145.606900,34.195355
2025-06-26,40.700001,0.914316,121.233040,2024全年业绩公告,11246466400,4577.311911,4185.109510,34.521196
2025-06-27,40.400002,0.913147,121.233040,2024全年业绩公告,11246466400,4543.572597,4148.949562,34.222928
2025-06-30,40.099998,0.913684,121.233040,2024全年业绩公告,11246466400,4509.832855,4120.562169,33.988772
2025-07-02,40.400002,0.912872,121.233040,2024全年业绩公告,11246466400,4543.572597,4147.700279,34.212623
2025-07-03,40.200001,0.912751,121.233040,2024全年业绩公告,11246466400,4521.079579,4126.619992,34.038741
2025-07-04,40.150002,0.912935,121.233040,2024全年业绩公告,11246466400,4515.456431,4122.318301,34.003258
2025-07-07,39.349998,0.912744,121.233040,2024全年业绩公告,11246466400,4425.484357,4039.334230,33.318757
2025-07-08,39.200001,0.913957,121.233040,2024全年业绩公告,11246466400,4408.614915,4029.284461,33.235861
2025-07-09,38.650002,0.913873,121.233040,2024全年业绩公告,11246466400,4346.759435,3972.386159,32.766531
2025-07-10,39.150002,0.914664,121.233040,2024全年业绩公告,11246466400,4402.991767,4027.257932,33.219145
2025-07-11,39.099998,0.914032,121.233040,2024全年业绩公告,11246466400,4397.368191,4019.335165,33.153793
2025-07-14,39.950001,0.913140,121.233040,2024全年业绩公告,11246466400,4492.963413,4102.704606,33.841473
2025-07-15,40.849998,0.913001,121.233040,2024全年业绩公告,11246466400,4594.181353,4194.492173,34.598589
2025-07-16,40.450001,0.913774,121.233040,2024全年业绩公告,11246466400,4549.195745,4156.936854,34.288811
2025-07-17,41.450001,0.914485,121.233040,2024全年业绩公告,11246466400,4661.660409,4263.018415,35.163833
2025-07-18,43.000000,0.915215,121.233040,2024全年业绩公告,11246466400,4835.980552,4425.962015,36.507886
2025-07-21,44.250000,0.914565,121.233040,2024全年业绩公告,11246466400,4976.561382,4551.388994,37.542480
2025-07-22,45.250000,0.914117,121.233040,2024全年业绩公告,11246466400,5089.026046,4651.965113,38.372090
2025-07-23,45.000000,0.913940,121.233040,2024全年业绩公告,11246466400,5060.909880,4625.368039,38.152702
2025-07-24,44.900002,0.912079,121.233040,2024全年业绩公告,11246466400,5049.663585,4605.691995,37.990403
2025-07-25,46.500000,0.911280,121.233040,2024全年业绩公告,11246466400,5229.606876,4765.636030,39.309713
2025-07-28,45.200001,0.911326,121.233040,2024全年业绩公告,11246466400,5083.402899,4632.637185,38.212662
2025-07-29,46.400002,0.914444,121.233040,2024全年业绩公告,11246466400,5218.360581,4771.898676,39.361371
2025-07-30,46.599998,0.914216,121.233040,2024全年业绩公告,11246466400,5240.853171,4791.271728,39.521171
2025-07-31,45.450001,0.914250,121.233040,2024全年业绩公告,11246466400,5111.519065,4673.206388,38.547300
2025-08-01,44.950001,0.917254,121.233040,2024全年业绩公告,11246466400,5055.286733,4636.981831,38.248499
2025-08-04,45.200001,0.918716,121.233040,2024全年业绩公告,11246466400,5083.402899,4670.203646,38.522532
2025-08-05,45.439999,0.914454,121.233040,2024全年业绩公告,11246466400,5110.394178,4673.220312,38.547415
2025-08-06,45.400002,0.915113,121.233040,2024全年业绩公告,11246466400,5105.895917,4672.471589,38.541239
2025-08-07,46.419998,0.915070,121.233040,2024全年业绩公告,11246466400,5220.609497,4777.223118,39.405290
2025-08-08,46.520000,0.914818,121.233040,2024全年业绩公告,11246466400,5231.856221,4786.196186,39.479305
2025-08-11,46.500000,0.914807,121.233040,2024全年业绩公告,11246466400,5229.606876,4784.081090,39.461859
2025-08-12,47.020000,0.915653,121.233040,2024全年业绩公告,11246466400,5288.088553,4842.054097,39.940053
2025-08-13,47.860001,0.914627,121.233040,2024全年业绩公告,11246466400,5382.558888,4923.033772,40.608020
2025-08-14,47.799999,0.914029,121.233040,2024全年业绩公告,11246466400,5375.810853,4913.647030,40.530593
2025-08-15,46.680000,0.916378,121.233040,2024全年业绩公告,11246466400,5249.850550,4810.847659,39.682645
2025-08-18,46.400002,0.917753,121.233040,2024全年业绩公告,11246466400,5218.360581,4789.165980,39.503802
2025-08-19,47.099998,0.918714,121.233040,2024全年业绩公告,11246466400,5297.085503,4866.506541,40.141751
2025-08-20,47.180000,0.920815,121.233040,2024全年业绩公告,11246466400,5306.082882,4885.920661,40.301890
2025-08-21,46.240002,0.918531,121.233040,2024全年业绩公告,11246466400,5200.366252,4776.697617,39.400956
2025-08-22,46.439999,0.918873,121.233040,2024全年业绩公告,11246466400,5222.858842,4799.144035,39.586107
2025-08-25,47.000000,0.917084,121.233040,2024全年业绩公告,11246466400,5285.839208,4847.558451,39.985457
2025-08-26,46.959999,0.915264,135.058070,2025中期业绩公告,11246466400,5281.340518,4833.820903,35.790685
2025-08-27,50.299999,0.917623,135.058070,2025中期业绩公告,11246466400,5656.972513,5190.967995,38.435082
2025-08-28,49.560001,0.918848,135.058070,2025中期业绩公告,11246466400,5573.748902,5121.427909,37.920192
2025-08-29,49.980000,0.917763,135.058070,2025中期业绩公告,11246466400,5620.983855,5158.730977,38.196392
2025-09-01,50.200001,0.914650,135.058070,2025中期业绩公告,11246466400,5645.726219,5163.863616,38.234395
2025-09-02,49.720001,0.914511,135.058070,2025中期业绩公告,11246466400,5591.743231,5113.710834,37.863053
2025-09-03,49.419998,0.914371,135.058070,2025中期业绩公告,11246466400,5558.003489,5082.077284,37.628831
2025-09-04,49.919998,0.915464,135.058070,2025中期业绩公告,11246466400,5614.235821,5139.630692,38.054969
2025-09-05,50.950001,0.915478,135.058070,2025中期业绩公告,11246466400,5730.074717,5245.757290,38.840754
2025-09-08,50.849998,0.914608,135.058070,2025中期业绩公告,11246466400,5718.827993,5230.485843,38.727681
2025-09-09,51.849998,0.914811,135.058070,2025中期业绩公告,11246466400,5831.292657,5334.530755,39.498053
2025-09-10,52.700001,0.914310,135.058070,2025中期业绩公告,11246466400,5926.887879,5419.012729,40.123576
2025-09-11,52.700001,0.914123,135.058070,2025中期业绩公告,11246466400,5926.887879,5417.904521,40.115371
2025-09-12,52.299999,0.913921,135.058070,2025中期业绩公告,11246466400,5881.901841,5375.593604,39.802091
2025-09-15,54.450001,0.915678,135.058070,2025中期业绩公告,11246466400,6123.701041,5607.338470,41.517982
2025-09-16,53.950001,0.914934,135.058070,2025中期业绩公告,11246466400,6067.468709,5551.333291,41.103307
2025-09-17,54.599998,0.914328,135.058070,2025中期业绩公告,11246466400,6140.570483,5614.495400,41.570973
2025-09-18,53.700001,0.913323,135.058070,2025中期业绩公告,11246466400,6039.352543,5515.879493,40.840799
2025-09-19,54.400002,0.914566,135.058070,2025中期业绩公告,11246466400,6118.077893,5595.385907,41.429482
2025-09-22,53.650002,0.914866,135.058070,2025中期业绩公告,11246466400,6033.729395,5520.053700,40.871706
2025-09-23,52.400002,0.915590,135.058070,2025中期业绩公告,11246466400,5893.148565,5395.707825,39.951021
2025-09-24,53.000000,0.914603,135.058070,2025中期业绩公告,11246466400,5960.627192,5451.607481,40.364915
2025-09-25,52.099998,0.916856,135.058070,2025中期业绩公告,11246466400,5859.408823,5372.234082,39.777216
2025-09-26,52.200001,0.916629,135.058070,2025中期业绩公告,11246466400,5870.655547,5381.213219,39.843700
2025-09-29,53.599998,0.916762,135.058070,2025中期业绩公告,11246466400,6028.105819,5526.338313,40.918238
2025-09-30,53.900002,0.914731,135.058070,2025中期业绩公告,11246466400,6061.845561,5544.958208,41.056104
2025-10-02,54.150002,0.914907,135.058070,2025中期业绩公告,11246466400,6089.961727,5571.748484,41.254465
2025-10-03,53.750000,0.914682,135.058070,2025中期业绩公告,11246466400,6044.975690,5529.230279,40.939651
2025-10-06,53.250000,0.914903,135.058070,2025中期业绩公告,11246466400,5988.743358,5479.119175,40.568617
2025-10-08,53.000000,0.914639,135.058070,2025中期业绩公告,11246466400,5960.627192,5451.822071,40.366504
2025-10-09,54.200001,0.914794,135.058070,2025中期业绩公告,11246466400,6095.584875,5576.204639,41.287460
2025-10-10,54.049999,0.915866,135.058070,2025中期业绩公告,11246466400,6078.715003,5567.288501,41.221443
2025-10-13,54.000000,0.912340,135.058070,2025中期业绩公告,11246466400,6073.091856,5540.724535,41.024757
2025-10-14,53.500000,0.912662,135.058070,2025中期业绩公告,11246466400,6016.859524,5491.359223,40.659245
2025-10-15,54.250000,0.918234,135.058070,2025中期业绩公告,11246466400,6101.208022,5602.336590,41.480947
2025-10-16,54.799999,0.916560,135.058070,2025中期业绩公告,11246466400,6163.063501,5648.817447,41.825101
2025-10-17,53.299999,0.916595,135.058070,2025中期业绩公告,11246466400,5994.366505,5494.406260,40.681806
2025-10-20,54.549999,0.917440,135.058070,2025中期业绩公告,11246466400,6134.947335,5628.446066,41.674267
2025-10-21,55.049999,0.916487,135.058070,2025中期业绩公告,11246466400,6191.179667,5674.135547,42.012562
2025-10-22,54.250000,0.916401,135.058070,2025中期业绩公告,11246466400,6101.208022,5591.153307,41.398143
2025-10-23,54.450001,0.916949,135.058070,2025中期业绩公告,11246466400,6123.701041,5615.121387,41.575608
2025-10-24,53.950001,0.916890,135.058070,2025中期业绩公告,11246466400,6067.468709,5563.201537,41.191182
2025-10-27,53.799999,0.916526,135.058070,2025中期业绩公告,11246466400,6050.598837,5545.531268,41.060347
2025-10-28,52.549999,0.915336,135.058070,2025中期业绩公告,11246466400,5910.018007,5409.652319,40.054269
2025-10-30,51.750000,0.913531,135.058070,2025中期业绩公告,11246466400,5820.046362,5316.792804,39.366717
2025-10-31,51.599998,0.915103,135.058070,2025中期业绩公告,11246466400,5803.176491,5310.504322,39.320156
2025-11-03,52.299999,0.915833,135.058070,2025中期业绩公告,11246466400,5881.901841,5386.839788,39.885360
2025-11-04,51.299999,0.922760,135.058070,2025中期业绩公告,11246466400,5769.437177,5323.805906,39.418643
2025-11-05,50.849998,0.917054,135.058070,2025中期业绩公告,11246466400,5718.827993,5244.474072,38.831253
2025-11-06,52.599998,0.916562,135.058070,2025中期业绩公告,11246466400,5915.641155,5422.052011,40.146079
2025-11-07,52.599998,0.915506,135.058070,2025中期业绩公告,11246466400,5915.641155,5415.805002,40.099825
2025-11-10,53.900002,0.915344,135.058070,2025中期业绩公告,11246466400,6061.845561,5548.673963,41.083617
2025-11-11,54.049999,0.915809,135.058070,2025中期业绩公告,11246466400,6078.715003,5566.941761,41.218875
2025-11-12,56.099998,0.916041,135.058070,2025中期业绩公告,11246466400,6309.267479,5779.547795,42.793058
2025-11-13,55.000000,0.915206,135.058070,2025中期业绩公告,11246466400,6185.556520,5661.058534,41.915737
2025-11-14,54.250000,0.915203,135.058070,2025中期业绩公告,11246466400,6101.208022,5583.843734,41.344021
2025-11-17,53.849998,0.913453,135.058070,2025中期业绩公告,11246466400,6056.221985,5532.074037,40.960707
2025-11-18,52.599998,0.914248,135.058070,2025中期业绩公告,11246466400,5915.641155,5408.363033,40.044723
2025-11-19,51.750000,0.913085,135.058070,2025中期业绩公告,11246466400,5820.046362,5314.196938,39.347497
2025-11-20,50.950001,0.912830,135.058070,2025中期业绩公告,11246466400,5730.074717,5230.584076,38.728408
2025-11-21,50.299999,0.913153,135.058070,2025中期业绩公告,11246466400,5656.972513,5165.681380,38.247854
2025-11-24,50.750000,0.913167,135.058070,2025中期业绩公告,11246466400,5707.581698,5211.975255,38.590624
2025-11-25,50.650002,0.912639,135.058070,2025中期业绩公告,11246466400,5696.335403,5198.697971,38.492316
2025-11-26,50.799999,0.911102,135.058070,2025中期业绩公告,11246466400,5713.204845,5205.312343,38.541291
2025-11-27,50.450001,0.909743,135.058070,2025中期业绩公告,11246466400,5673.842385,5161.738455,38.218660
2025-11-28,48.820000,0.909632,135.058070,2025中期业绩公告,11246466400,5490.524862,4994.357260,36.979332
2025-12-01,49.340000,0.908800,135.058070,2025中期业绩公告,11246466400,5549.006539,5042.937175,37.339029
2025-12-02,49.340000,0.908002,135.058070,2025中期业绩公告,11246466400,5549.006539,5038.509140,37.306243
2025-12-03,48.099998,0.908221,135.058070,2025中期业绩公告,11246466400,5409.550167,4913.067097,36.377442
2025-12-04,48.139999,0.907519,135.058070,2025中期业绩公告,11246466400,5414.048856,4913.352111,36.379552
2025-12-05,48.080002,0.908679,135.058070,2025中期业绩公告,11246466400,5407.301251,4913.501139,36.380656
2025-12-08,47.060001,0.908187,135.058070,2025中期业绩公告,11246466400,5292.587242,4806.658782,35.589571
2025-12-09,46.799999,0.908805,135.058070,2025中期业绩公告,11246466400,5263.346189,4783.355401,35.417028
2025-12-10,46.259998,0.907579,135.058070,2025中期业绩公告,11246466400,5202.615168,4721.784296,34.961142
2025-12-11,45.919998,0.908010,135.058070,2025中期业绩公告,11246466400,5164.377165,4689.306140,34.720666
2025-12-12,46.939999,0.906946,135.058070,2025中期业绩公告,11246466400,5279.091174,4787.850642,35.450311
2025-12-15,45.119999,0.906157,135.058070,2025中期业绩公告,11246466400,5074.405520,4598.208167,34.046156
2025-12-16,44.939999,0.905534,135.058070,2025中期业绩公告,11246466400,5054.161846,4576.715539,33.887020
2025-12-17,45.840000,0.905132,135.058070,2025中期业绩公告,11246466400,5155.380215,4666.299582,34.550320
2025-12-18,45.779999,0.905287,135.058070,2025中期业绩公告,11246466400,5148.632181,4660.989922,34.511006
2025-12-19,47.500000,0.904815,135.058070,2025中期业绩公告,11246466400,5342.071540,4833.586558,35.788950
2025-12-22,48.160000,0.904796,135.058070,2025中期业绩公告,11246466400,5416.298201,4900.644970,36.285466
2025-12-23,48.060001,0.905017,135.058070,2025中期业绩公告,11246466400,5405.051906,4891.663960,36.218968
2025-12-24,48.400002,0.903638,135.058070,2025中期业绩公告,11246466400,5443.289909,4918.763636,36.419620
2025-12-29,47.160000,0.904363,135.058070,2025中期业绩公告,11246466400,5303.833537,4796.590685,35.515025
2025-12-30,47.700001,0.901164,135.058070,2025中期业绩公告,11246466400,5364.564559,4834.352430,35.794621
2025-12-31,46.840000,0.899120,135.058070,2025中期业绩公告,11246466400,5267.844879,4736.424546,35.069541
2026-01-02,48.279999,0.898543,135.058070,2025中期业绩公告,11246466400,5429.793841,4878.903248,36.124485
2026-01-05,47.340000,0.897612,135.058070,2025中期业绩公告,11246466400,5324.077211,4778.955464,35.384450
2026-01-06,48.180000,0.897583,135.058070,2025中期业绩公告,11246466400,5418.547546,4863.596204,36.011148
2026-01-07,47.900002,0.896751,135.058070,2025中期业绩公告,11246466400,5387.057577,4830.849197,35.768682
2026-01-08,47.480000,0.898589,135.058070,2025中期业绩公告,11246466400,5339.822195,4798.305567,35.527722
2026-01-09,46.759998,0.896234,135.058070,2025中期业绩公告,11246466400,5258.847500,4713.157803,34.897269
2026-01-12,48.119999,0.895137,135.058070,2025中期业绩公告,11246466400,5411.799512,4844.302044,35.868290
2026-01-13,47.820000,0.894423,135.058070,2025中期业绩公告,11246466400,5378.060198,4810.260779,35.616241
2026-01-14,50.700001,0.894410,135.058070,2025中期业绩公告,11246466400,5701.958551,5099.888828,37.760712
2026-01-15,51.049999,0.894244,135.058070,2025中期业绩公告,11246466400,5741.321011,5134.141954,38.014329
2026-01-16,50.849998,0.893380,135.058070,2025中期业绩公告,11246466400,5718.827993,5109.086474,37.828813
2026-01-19,49.480000,0.893582,135.058070,2025中期业绩公告,11246466400,5564.751523,4972.561720,36.817953
2026-01-20,49.599998,0.893707,135.058070,2025中期业绩公告,11246466400,5578.247163,4985.318411,36.912407
2026-01-21,50.299999,0.892392,135.058070,2025中期业绩公告,11246466400,5656.972513,5048.236900,37.378269
2026-01-22,50.250000,0.893130,135.058070,2025中期业绩公告,11246466400,5651.349366,5047.389684,37.371996
2026-01-23,50.299999,0.894254,135.058070,2025中期业绩公告,11246466400,5656.972513,5058.770461,37.456262
2026-01-26,48.660000,0.894478,135.058070,2025中期业绩公告,11246466400,5472.530533,4895.058292,36.244101
2026-01-27,49.099998,0.891856,135.058070,2025中期业绩公告,11246466400,5522.014831,4924.842140,36.464627
2026-01-28,50.200001,0.891523,135.058070,2025中期业绩公告,11246466400,5645.726219,5033.294796,37.267635
2026-01-29,49.779999,0.891380,135.058070,2025中期业绩公告,11246466400,5598.490837,4990.382829,36.949905
2026-01-30,47.939999,0.890077,135.058070,2025中期业绩公告,11246466400,5391.555838,4798.899818,35.532122
2026-02-02,46.980000,0.889992,135.058070,2025中期业绩公告,11246466400,5283.589863,4702.352703,34.817266
2026-02-03,46.959999,0.889344,135.058070,2025中期业绩公告,11246466400,5281.340518,4696.928380,34.777103
2026-02-04,48.279999,0.887928,135.058070,2025中期业绩公告,11246466400,5429.793841,4821.266034,35.697726
2026-02-05,48.959999,0.888072,135.058070,2025中期业绩公告,11246466400,5506.269846,4889.964151,36.206383
2026-02-06,48.380001,0.887896,135.058070,2025中期业绩公告,11246466400,5441.040564,4831.078160,35.770378
2026-02-09,49.720001,0.888115,135.058070,2025中期业绩公告,11246466400,5591.743231,4966.110977,36.770191
2026-02-10,48.840000,0.885719,135.058070,2025中期业绩公告,11246466400,5492.774207,4865.054485,36.021946
2026-02-11,49.259998,0.883938,135.058070,2025中期业绩公告,11246466400,5540.009160,4897.024697,36.258660
2026-02-12,48.240002,0.884353,135.058070,2025中期业绩公告,11246466400,5425.295580,4797.876325,35.524544
2026-02-13,47.340000,0.882762,135.058070,2025中期业绩公告,11246466400,5324.077211,4699.893126,34.799054
2026-02-16,48.000000,0.883788,135.058070,2025中期业绩公告,11246466400,5398.303872,4770.956126,35.325221
2026-02-20,47.060001,0.883937,135.058070,2025中期业绩公告,11246466400,5292.587242,4678.313696,34.639276
2026-02-23,48.240002,0.884066,135.058070,2025中期业绩公告,11246466400,5425.295580,4796.319285,35.513015
2026-02-24,47.220001,0.883491,135.058070,2025中期业绩公告,11246466400,5310.581571,4691.850915,34.739508
2026-02-25,47.520000,0.879860,135.058070,2025中期业绩公告,11246466400,5344.320885,4702.254088,34.816535
2026-02-26,46.779999,0.878454,135.058070,2025中期业绩公告,11246466400,5261.096845,4621.631723,34.219590
2026-02-27,47.400002,0.874441,135.058070,2025中期业绩公告,11246466400,5330.825245,4661.492306,34.514726
2026-03-02,46.040001,0.876592,135.058070,2025中期业绩公告,11246466400,5177.873234,4538.882152,33.606893
2026-03-03,44.939999,0.879869,135.058070,2025中期业绩公告,11246466400,5054.161846,4447.000249,32.926579
2026-03-04,44.619999,0.883993,135.058070,2025中期业绩公告,11246466400,5018.173188,4436.030119,32.845354
2026-03-05,44.540001,0.882257,135.058070,2025中期业绩公告,11246466400,5009.176238,4419.380723,32.722078
2026-03-06,45.820000,0.882048,135.058070,2025中期业绩公告,11246466400,5153.130870,4545.308834,33.654478
2026-03-09,44.619999,0.882140,135.058070,2025中期业绩公告,11246466400,5018.173188,4426.731199,32.776503
2026-03-10,45.320000,0.883673,135.058070,2025中期业绩公告,11246466400,5096.898538,4503.991684,33.348557
2026-03-11,45.380001,0.878926,135.058070,2025中期业绩公告,11246466400,5103.646572,4485.727561,33.213325
2026-03-12,43.400002,0.877307,135.058070,2025中期业绩公告,11246466400,4880.966589,4282.106145,31.705667
2026-03-13,43.000000,0.877551,135.058070,2025中期业绩公告,11246466400,4835.980552,4243.819662,31.422185
2026-03-16,44.000000,0.880989,135.058070,2025中期业绩公告,11246466400,4948.445216,4359.525877,32.278900
2026-03-17,43.360001,0.888306,135.058070,2025中期业绩公告,11246466400,4876.467900,4331.795800,32.073580
2026-03-18,43.279999,0.878752,135.058070,2025中期业绩公告,11246466400,4867.470521,4277.299422,31.670077
2026-03-19,42.959999,0.877027,135.058070,2025中期业绩公告,11246466400,4831.481862,4237.339923,31.374208
2026-03-20,42.660000,0.880779,135.058070,2025中期业绩公告,11246466400,4797.742549,4225.751019,31.288401
2026-03-23,41.060001,0.879006,135.058070,2025中期业绩公告,11246466400,4617.799258,4059.073385,30.054282
2026-03-24,42.439999,0.878117,158.682740,2025全年业绩公告,11246466400,4773.000186,4191.252723,26.412783
2026-03-25,46.419998,0.880419,158.682740,2025全年业绩公告,11246466400,5220.609497,4596.323876,28.965494
2026-03-26,44.560001,0.882620,158.682740,2025全年业绩公告,11246466400,5011.425582,4423.184332,27.874388
2026-03-27,44.700001,0.883075,158.682740,2025全年业绩公告,11246466400,5027.170567,4439.368642,27.976380
2026-03-30,45.200001,0.882409,158.682740,2025全年业绩公告,11246466400,5083.402899,4485.640349,28.267979
2026-03-31,46.919998,0.882060,158.682740,2025全年业绩公告,11246466400,5276.841829,4654.491058,29.332056
2026-04-01,47.820000,0.879541,158.682740,2025全年业绩公告,11246466400,5378.060198,4730.224336,29.809318
2026-04-02,47.560001,0.876591,158.682740,2025全年业绩公告,11246466400,5348.819574,4688.727243,29.547809
2026-04-08,48.720001,0.875243,158.682740,2025全年业绩公告,11246466400,5479.278567,4795.700256,30.221940
2026-04-09,47.860001,0.871820,158.682740,2025全年业绩公告,11246466400,5382.558888,4692.622344,29.572355
2026-04-10,47.299999,0.872062,158.682740,2025全年业绩公告,11246466400,5319.578521,4639.002431,29.234449
2026-04-13,46.700001,0.871690,158.682740,2025全年业绩公告,11246466400,5252.099895,4578.202827,28.851297
2026-04-14,46.980000,0.872355,158.682740,2025全年业绩公告,11246466400,5283.589863,4609.165952,29.046423
2026-04-15,47.080002,0.870027,158.682740,2025全年业绩公告,11246466400,5294.836587,4606.650821,29.030573
2026-04-16,46.619999,0.870446,158.682740,2025全年业绩公告,11246466400,5243.102516,4563.837750,28.760770
2026-04-17,46.160000,0.871938,158.682740,2025全年业绩公告,11246466400,5191.368873,4526.551742,28.525798
2026-04-20,48.700001,0.870420,158.682740,2025全年业绩公告,11246466400,5477.029223,4767.315661,30.043064
2026-04-21,48.560001,0.870644,158.682740,2025全年业绩公告,11246466400,5461.284238,4754.834209,29.964407
2026-04-22,48.139999,0.871034,158.682740,2025全年业绩公告,11246466400,5414.048856,4715.820773,29.718549
2026-04-23,47.320000,0.871297,158.682740,2025全年业绩公告,11246466400,5321.827866,4636.892664,29.221153
2026-04-24,46.900002,0.871482,158.682740,2025全年业绩公告,11246466400,5274.592913,4596.712858,28.967945
2026-04-27,46.919998,0.872495,158.682740,2025全年业绩公告,11246466400,5276.841829,4604.018088,29.013982
2026-04-28,46.500000,0.870599,158.682740,2025全年业绩公告,11246466400,5229.606876,4552.890369,28.691781
2026-04-29,48.180000,0.872602,158.682740,2025全年业绩公告,11246466400,5418.547546,4728.235349,29.796784
2026-04-30,46.799999,0.872481,158.682740,2025全年业绩公告,11246466400,5263.346189,4592.169486,28.939313
2026-05-04,46.360001,0.871418,158.682740,2025全年业绩公告,11246466400,5213.861892,4543.453098,28.632308
2026-05-05,45.700001,0.871914,158.682740,2025全年业绩公告,11246466400,5139.635231,4481.320062,28.240753
2026-05-06,46.099998,0.871648,158.682740,2025全年业绩公告,11246466400,5184.620839,4519.164455,28.479244
2026-05-07,47.060001,0.869362,158.682740,2025全年业绩公告,11246466400,5292.587242,4601.174212,28.996060
2026-05-08,46.160000,0.868151,158.682740,2025全年业绩公告,11246466400,5191.368873,4506.892126,28.401905
2026-05-11,45.820000,0.868614,158.682740,2025全年业绩公告,11246466400,5153.130870,4476.081710,28.207741
2026-05-12,45.820000,0.867942,158.682740,2025全年业绩公告,11246466400,5153.130870,4472.618588,28.185917
2026-05-13,45.900002,0.867605,158.682740,2025全年业绩公告,11246466400,5162.128249,4478.688130,28.224167
2026-05-14,44.799999,0.867374,158.682740,2025全年业绩公告,11246466400,5038.416861,4370.191802,27.540436
2026-05-15,43.660000,0.866259,158.682740,2025全年业绩公告,11246466400,4910.207213,4253.511086,26.805128
2026-05-18,42.880001,0.869580,158.682740,2025全年业绩公告,11246466400,4822.484912,4193.536290,26.427173
2026-05-19,43.060001,0.868394,158.682740,2025全年业绩公告,11246466400,4842.728586,4205.396531,26.501915
2026-05-20,43.320000,0.869968,158.682740,2025全年业绩公告,11246466400,4871.969210,4238.457296,26.710260
2026-05-21,42.340000,0.868351,158.682740,2025全年业绩公告,11246466400,4761.753891,4134.873670,26.057488
2026-05-22,42.599998,0.868314,158.682740,2025全年业绩公告,11246466400,4790.994515,4160.087744,26.216385
2026-05-26,44.040001,0.867226,158.682740,2025全年业绩公告,11246466400,4952.943906,4295.321754,27.068613
2026-05-27,43.060001,0.866001,158.682740,2025全年业绩公告,11246466400,4842.728586,4193.807847,26.428885
2026-05-28,42.480000,0.865281,158.682740,2025全年业绩公告,11246466400,4777.498875,4133.878937,26.051220
2026-05-29,42.799999,0.865431,158.682740,2025全年业绩公告,11246466400,4813.487533,4165.741381,26.252013
2026-06-01,43.560001,0.863456,158.682740,2025全年业绩公告,11246466400,4898.960918,4230.037252,26.657198
2026-06-02,44.040001,0.863185,158.682740,2025全年业绩公告,11246466400,4952.943906,4275.306828,26.942482
2026-06-03,43.320000,0.862861,158.682740,2025全年业绩公告,11246466400,4871.969210,4203.832116,26.492057
2026-06-04,42.820000,0.863838,158.682740,2025全年业绩公告,11246466400,4815.736878,4160.016595,26.215936
2026-06-05,42.180000,0.864599,158.682740,2025全年业绩公告,11246466400,4743.759562,4101.449724,25.846855
2026-06-08,42.200001,0.863558,158.682740,2025全年业绩公告,11246466400,4746.008907,4098.453933,25.827976
2026-06-09,42.259998,0.863343,158.682740,2025全年业绩公告,11246466400,4752.756512,4103.259067,25.858257
2026-06-10,42.619999,0.864109,158.682740,2025全年业绩公告,11246466400,4793.243860,4141.885061,26.101673
2026-06-11,42.500000,0.864290,158.682740,2025全年业绩公告,11246466400,4779.748220,4131.088584,26.033635
2026-06-12,44.060001,0.864663,158.682740,2025全年业绩公告,11246466400,4955.193250,4284.572286,27.000872
2026-06-15,44.299999,0.863566,158.682740,2025全年业绩公告,11246466400,4982.184529,4302.445073,27.113504
2026-06-16,44.060001,0.862462,158.682740,2025全年业绩公告,11246466400,4955.193250,4273.665803,26.932140
2026-06-17,42.759998,0.862663,158.682740,2025全年业绩公告,11246466400,4808.988844,4148.536604,26.143591
2026-06-18,41.860001,0.862410,158.682740,2025全年业绩公告,11246466400,4707.770904,4060.028747,25.585825
2026-06-22,41.720001,0.863696,158.682740,2025全年业绩公告,11246466400,4692.025919,4052.483920,25.538278
2026-06-23,41.779999,0.864138,158.682740,2025全年业绩公告,11246466400,4698.773525,4060.388790,25.588094
2026-06-24,41.959999,0.865974,158.682740,2025全年业绩公告,11246466400,4719.017198,4086.546242,25.752935
2026-06-25,43.119999,0.866143,158.682740,2025全年业绩公告,11246466400,4849.476192,4200.339800,26.470048
2026-06-26,42.540001,0.866061,158.682740,2025全年业绩公告,11246466400,4784.246910,4143.449530,26.111533
2026-06-29,43.259998,0.866869,158.682740,2025全年业绩公告,11246466400,4865.221176,4217.509283,26.578248
2026-06-30,39.619999,0.866489,158.682740,2025全年业绩公告,11246466400,4455.849868,3860.944865,24.331221
2026-07-02,40.439999,0.866182,158.682740,2025全年业绩公告,11246466400,4548.070858,3939.457245,24.825997
2026-07-03,41.660000,0.865556,158.682740,2025全年业绩公告,11246466400,4685.277885,4055.370393,25.556468
2026-07-06,41.540001,0.865534,158.682740,2025全年业绩公告,11246466400,4671.782246,4043.586409,25.482207
2026-07-07,40.180000,0.866541,158.682740,2025全年业绩公告,11246466400,4518.830234,3915.751796,24.676608
2026-07-08,40.759998,0.866295,158.682740,2025全年业绩公告,11246466400,4584.059516,3971.147747,25.025707
2026-07-09,40.279999,0.867774,158.682740,2025全年业绩公告,11246466400,4530.076529,3931.082674,24.773222
2026-07-10,39.740002,0.866776,158.682740,2025全年业绩公告,11246466400,4469.345936,3873.921746,24.413000
2026-07-13,41.020000,0.864395,158.682740,2025全年业绩公告,11246466400,4613.300569,3987.714048,25.130106
2026-07-14,41.439999,0.865001,158.682740,2025全年业绩公告,11246466400,4660.535522,4031.367993,25.405208
