SECURITY_CODE,SECUCODE,SECURITY_NAME_ABBR,ORG_CODE,TRADE_MARKET,BOARD_CODE,BOARD_NAME,ORIG_BOARD_CODE,TOTAL_MARKET_CAP,NOTLIMITED_MARKETCAP_A,CLOSE_PRICE,CHANGE_RATE,TOTAL_SHARES,FREE_SHARES_A,PE_TTM,PE_LAR,PB_MRQ,PCF_OCF_LAR,PCF_OCF_TTM,PS_TTM,PEG_CAR,TRADE_DATE
600660,600660.SH,福耀玻璃,10003970,069001001001,016035,汽车零部件,481,148781478759.32,114190250787.32,57.01,1.135355685648,2609743532,2002986332,17.54934791,15.97687064,3.89741228,12.34179686,13.22318581,3.2126493,0.707397610931,2026-09-03 00:00:00
600660,600660.SH,福耀玻璃,10003970,069001001001,016035,汽车零部件,481,147111242898.84,112908339534.84,56.37,-2.558340535869,2609743532,2002986332,17.35233716,15.79751268,3.85365954,12.20324661,13.07474099,3.17658378,0.699456293989,2026-09-02 00:00:00
600660,600660.SH,福耀玻璃,10003970,069001001001,016035,汽车零部件,481,150973663326.2,115872759306.2,57.85,2.226541791836,2609743532,2002986332,17.80792451,16.21227796,3.95483776,12.52364407,13.41801963,3.2599853,0.717820589039,2026-09-01 00:00:00
600660,600660.SH,福耀玻璃,10003970,069001001001,016035,汽车零部件,481,147685386475.88,113348996527.88,56.59,-1.34239888424,2609743532,2002986332,17.4200596,15.85916698,3.86869955,12.25087326,13.1257689,3.1889813,0.702186121473,2026-08-31 00:00:00
600660,600660.SH,福耀玻璃,10003970,069001001001,016035,汽车零部件,481,149694888995.52,114891296003.52,57.36,0.985915492958,2609743532,2002986332,17.65708816,16.07495702,3.92133956,12.41756653,13.30436656,3.23237264,0.711740518476,2026-08-28 00:00:00
600660,600660.SH,福耀玻璃,10003970,069001001001,016035,汽车零部件,481,148233432617.6,113769623657.6,56.8,-0.699300699301,2609743532,2002986332,17.48470375,15.91801881,3.88305591,12.29633506,13.17447735,3.2008153,0.704791866,2026-08-27 00:00:00
600660,600660.SH,福耀玻璃,10003970,069001001001,016035,汽车零部件,481,149277330030.4,114570818190.4,57.2,-0.81498179296,2609743532,2002986332,17.60783547,16.03011753,3.91040138,12.38292897,13.26725536,3.22335625,0.70975518914,2026-08-26 00:00:00
600660,600660.SH,福耀玻璃,10003970,069001001001,016035,汽车零部件,481,150503909490.44,115512221766.44,57.67,2.088865285891,2609743532,2002986332,17.75251524,16.16183353,3.9425323,12.48467681,13.37626952,3.24984187,0.715587093788,2026-08-25 00:00:00
600660,600660.SH,福耀玻璃,10003970,069001001001,016035,汽车零部件,481,147424412122.68,113148697894.68,56.49,-0.475687103594,2609743532,2002986332,17.38927667,15.8311423,3.86186318,12.22922478,13.10257439,3.18334606,0.700945290689,2026-08-24 00:00:00
600660,600660.SH,福耀玻璃,10003970,069001001001,016035,汽车零部件,481,148129042876.32,113689504204.32,56.76,-1.833275683155,2609743532,2002986332,17.47239058,15.90680894,3.88032137,12.28767567,13.16519955,3.19856121,0.704295533767,2026-08-21 00:00:00
600660,600660.SH,福耀玻璃,10003970,069001001001,016035,汽车零部件,481,150895371020.24,115812669716.24,57.82,-0.13816925734,2609743532,2002986332,17.79868963,16.20387056,3.95278685,12.51714953,13.41106128,3.25829473,0.717448339763,2026-08-20 00:00:00
600660,600660.SH,福耀玻璃,10003970,069001001001,016035,汽车零部件,481,151104150502.8,115972908622.8,57.9,3.098290598291,2609743532,2002986332,17.82331598,16.2262903,3.95825594,12.53446831,13.42961688,3.26280292,0.718441004633,2026-08-19 00:00:00
600660,600660.SH,福耀玻璃,10003970,069001001001,016035,汽车零部件,481,146563196757.12,112487712405.12,56.16,0.898311174991,2609743532,2002986332,16.29547617,15.73866085,3.83930317,12.15778481,14.08652207,3.16616492,0.656855227371,2026-08-18 00:00:00
600660,600660.SH,福耀玻璃,10003970,069001001001,016035,汽车零部件,481,145258324991.12,111486219239.12,55.66,-1.084059001244,2609743532,2002986332,16.15039536,15.59853745,3.80512134,12.04954242,13.96110788,3.13797613,0.65100715718,2026-08-17 00:00:00
600660,600660.SH,福耀玻璃,10003970,069001001001,016035,汽车零部件,481,146850268545.64,112708040901.64,56.27,2.551485328959,2609743532,2002986332,16.32739395,15.769488,3.84682317,12.18159813,14.11411319,3.17236645,0.658141802886,2026-08-14 00:00:00
600660,600660.SH,福耀玻璃,10003970,069001001001,016035,汽车零部件,481,143196627600.84,109903860036.84,54.87,-1.010283240123,2609743532,2002986332,15.92116769,15.37714247,3.75111405,11.87851945,13.76295346,3.09343784,0.641767206673,2026-08-13 00:00:00
600660,600660.SH,福耀玻璃,10003970,069001001001,016035,汽车零部件,481,144658083978.76,111025532382.76,55.43,-0.64527693135,2609743532,2002986332,16.08365819,15.53408068,3.7893977,11.99975092,13.90341735,3.12500929,0.648317044997,2026-08-12 00:00:00
600660,600660.SH,福耀玻璃,10003970,069001001001,016035,汽车零部件,481,145597591650.28,111746607462.28,55.79,-1.41367732815,2609743532,2002986332,16.18811637,15.63496953,3.81400862,12.07768544,13.99371557,3.14530521,0.652527655405,2026-08-11 00:00:00
600660,600660.SH,福耀玻璃,10003970,069001001001,016035,汽车零部件,481,147685386475.88,113348996527.88,56.59,2.148014440433,2609743532,2002986332,16.42024566,15.85916698,3.86869955,12.25087326,14.19437828,3.19040728,0.661884567469,2026-08-10 00:00:00
600660,600660.SH,福耀玻璃,10003970,069001001001,016035,汽车零部件,481,144579791672.8,110965442792.8,55.4,-1.159678858162,2609743532,2002986332,16.07495335,15.52567328,3.78734679,11.99325638,13.8958925,3.12331796,0.647966161132,2026-08-07 00:00:00
600660,600660.SH,福耀玻璃,10003970,069001001001,016035,汽车零部件,481,146276124968.6,112267383908.6,56.05,-0.936726758572,2609743532,2002986332,16.26355839,15.7078337,3.83178317,12.13397148,14.05893095,3.15996339,0.655568651856,2026-08-06 00:00:00
600660,600660.SH,福耀玻璃,10003970,069001001001,016035,汽车零部件,481,147659289040.56,113328966664.56,56.58,-0.614790093097,2609743532,2002986332,16.41734405,15.85636451,3.86801591,12.24870841,14.19186999,3.1898435,0.661767606315,2026-08-05 00:00:00
600660,600660.SH,福耀玻璃,10003970,069001001001,016035,汽车零部件,481,148572699276.76,114030011880.76,56.93,-1.522227988237,2609743532,2002986332,16.51890061,15.95445089,3.89194319,12.32447808,14.27965993,3.20957566,0.665861255167,2026-08-04 00:00:00
600660,600660.SH,福耀玻璃,10003970,069001001001,016035,汽车零部件,481,150869273584.92,115792639852.92,57.81,-3.165829145729,2609743532,2002986332,16.77424283,16.20106809,3.95210321,12.51498468,14.50038891,3.25918793,0.676153858478,2026-08-03 00:00:00
600660,600660.SH,福耀玻璃,10003970,069001001001,016035,汽车零部件,481,155801688860.4,119578284020.4,59.7,-0.167224080268,2609743532,2002986332,17.32264828,16.73073456,4.08131053,12.9241409,14.97445455,3.36574155,0.698259563324,2026-07-31 00:00:00
600660,600660.SH,福耀玻璃,10003970,069001001001,016035,汽车零部件,481,156062663213.6,119778582653.6,59.8,1.184433164129,2609743532,2002986332,17.35166444,16.75875924,4.0881469,12.94578938,14.99953739,3.37137931,0.699429177282,2026-07-30 00:00:00
600660,600660.SH,福耀玻璃,10003970,069001001001,016035,汽车零部件,481,154235842741.2,118376492221.2,59.1,4.936079545455,2609743532,2002986332,17.14855131,16.56258647,4.04029233,12.79425004,14.82395752,3.33191501,0.691241879176,2026-07-29 00:00:00
600660,600660.SH,福耀玻璃,10003970,069001001001,016035,汽车零部件,481,146980755722.24,112808190218.24,56.32,1.881331403763,2609743532,2002986332,16.34190203,15.78350034,3.85024136,12.19242237,14.12665461,3.17518533,0.658726609864,2026-07-28 00:00:00
600660,600660.SH,福耀玻璃,10003970,069001001001,016035,汽车零部件,481,144266622448.96,110725084432.96,55.28,-0.700556852883,2609743532,2002986332,16.04013395,15.49204366,3.77914315,11.96727821,13.86579309,3.11655265,0.64656262406,2026-07-27 00:00:00
600660,600660.SH,福耀玻璃,10003970,069001001001,016035,汽车零部件,481,145284422426.44,111506249102.44,55.67,-1.311824144655,2609743532,2002986332,16.15329698,15.60133991,3.80580498,12.05170727,13.96361616,3.13853991,0.651124118737,2026-07-24 00:00:00
600660,600660.SH,福耀玻璃,10003970,069001001001,016035,汽车零部件,481,147215632640.12,112988458988.12,56.41,1.292871251571,2609743532,2002986332,16.36801657,15.80872255,3.85639409,12.211906,14.14922917,3.18025931,0.659779262265,2026-07-23 00:00:00
600660,600660.SH,福耀玻璃,10003970,069001001001,016035,汽车零部件,481,145336617297.08,111546308829.08,55.69,1.624087591241,2609743532,2002986332,16.15910021,15.60694485,3.80717225,12.05603696,13.96863273,3.13966746,0.651358041448,2026-07-22 00:00:00
600660,600660.SH,福耀玻璃,10003970,069001001001,016035,汽车零部件,481,143013945553.6,109763650993.6,54.8,-0.254823443757,2609743532,2002986332,15.90085638,15.35752519,3.74632859,11.86336552,13.74539547,3.08949141,0.640948476983,2026-07-21 00:00:00
600660,600660.SH,福耀玻璃,10003970,069001001001,016035,汽车零部件,481,143379309648.08,110044069080.08,54.94,1.967334818114,2609743532,2002986332,15.941479,15.39675974,3.75589951,11.89367338,13.78051144,3.09738427,0.642585936363,2026-07-20 00:00:00
600660,600660.SH,福耀玻璃,10003970,069001001001,016035,汽车零部件,481,140612981504.16,107920903568.16,53.88,1.660377358491,2609743532,2002986332,15.63390769,15.09969812,3.68343403,11.66419953,13.51463336,3.03762404,0.630188027848,2026-07-17 00:00:00
600660,600660.SH,福耀玻璃,10003970,069001001001,016035,汽车零部件,481,138316407196,106158275596,53,0.189035916824,2609743532,2002986332,15.37856548,14.85308093,3.623274,11.47369293,13.29390438,2.98801177,0.61989542494,2026-07-16 00:00:00
600660,600660.SH,福耀玻璃,10003970,069001001001,016035,汽车零部件,481,138055432842.8,105957976962.8,52.9,4.339250493097,2609743532,2002986332,15.34954931,14.82505625,3.61643764,11.45204445,13.26882154,2.98237401,0.618725810579,2026-07-15 00:00:00
600660,600660.SH,福耀玻璃,10003970,069001001001,016035,汽车零部件,481,132313997072.4,101551407032.4,50.7,-0.588235294118,2609743532,2002986332,14.71119377,14.20851327,3.46603759,10.97577795,12.71699909,2.85834333,0.592994302706,2026-07-14 00:00:00
600660,600660.SH,福耀玻璃,10003970,069001001001,016035,汽车零部件,481,133096920132,102152302932,51,0.413467217956,2609743532,2002986332,14.79824225,14.29258731,3.48654668,11.04072338,12.79224761,2.8752566,0.596503144579,2026-07-13 00:00:00
600660,600660.SH,福耀玻璃,10003970,069001001001,016035,汽车零部件,481,132548873990.28,101731675802.28,50.79,0.217048145225,2609743532,2002986332,14.73730831,14.23373548,3.47219031,10.99526158,12.73957365,2.86341731,0.594046955107,2026-07-10 00:00:00
600660,600660.SH,福耀玻璃,10003970,069001001001,016035,汽车零部件,481,132261802201.76,101511347305.76,50.68,-2.181046130091,2609743532,2002986332,14.70539053,14.20290833,3.46467031,10.97144826,12.71198253,2.85721578,0.592760379592,2026-07-09 00:00:00
600660,600660.SH,福耀玻璃,10003970,069001001001,016035,汽车零部件,481,135210812392.92,103774721860.92,51.81,-2.392614920874,2609743532,2002986332,15.03327316,14.51958723,3.54192125,11.21607605,12.9954186,2.92092244,0.6059770182,2026-07-08 00:00:00
600660,600660.SH,福耀玻璃,10003970,069001001001,016035,汽车零部件,481,138525186678.56,106318514502.56,53.08,-1.301599107475,2609743532,2002986332,15.4017784,14.87550068,3.6287431,11.49101171,13.31397065,2.99252197,0.620831115784,2026-07-07 00:00:00
600660,600660.SH,福耀玻璃,10003970,069001001001,016035,汽车零部件,481,140352007150.96,107720604934.96,53.78,5.595915963087,2609743532,2002986332,15.60489153,15.07167344,3.67659766,11.64255105,13.48955052,3.03198628,0.62901841389,2026-07-06 00:00:00
600660,600660.SH,福耀玻璃,10003970,069001001001,016035,汽车零部件,481,132914238084.76,102012093888.76,50.93,2.248544468982,2609743532,2002986332,14.77793094,14.27297003,3.48176123,11.02556945,12.77468962,2.87131017,0.595684414889,2026-07-03 00:00:00
600660,600660.SH,福耀玻璃,10003970,069001001001,016035,汽车零部件,481,129991325328.92,99768749196.92,49.81,-0.38,2609743532,2002986332,14.45294993,13.95909361,3.40519393,10.7831065,12.49376183,2.80816728,0.582584737838,2026-07-02 00:00:00
600660,600660.SH,福耀玻璃,10003970,069001001001,016035,汽车零部件,481,130487176600,100149316600,50,-0.872323552736,2609743532,2002986332,14.50808064,14.0123405,3.41818302,10.82423861,12.54141922,2.81887902,0.5848070046,2026-07-01 00:00:00
600660,600660.SH,福耀玻璃,10003970,069001001001,016035,汽车零部件,481,131635463754.08,101030630586.08,50.44,-3.279002876318,2609743532,2002986332,14.63575175,14.1356491,3.44826303,10.91949191,12.65178371,2.84368516,0.589953306255,2026-06-30 00:00:00
600660,600660.SH,福耀玻璃,10003970,069001001001,016035,汽车零部件,481,136098125193.8,104455737213.8,52.15,3.410668253024,2609743532,2002986332,15.1319281,14.61487114,3.47707585,11.28968087,13.08070025,2.94009082,0.609953705494,2026-06-29 00:00:00
600660,600660.SH,福耀玻璃,10003970,069001001001,016035,汽车零部件,481,131609366318.76,101010600722.76,50.43,5.040616538221,2609743532,2002986332,14.63285013,14.13284663,3.36239569,10.91732706,12.64927543,2.84312138,0.589836344698,2026-06-26 00:00:00
600660,600660.SH,福耀玻璃,10003970,069001001001,016035,汽车零部件,481,125293786971.32,96163373799.32,48.01,-0.249324745481,2609743532,2002986332,13.93065903,13.45464935,3.20104337,10.39343391,12.04227074,2.70668764,0.561531685795,2026-06-25 00:00:00
600660,600660.SH,福耀玻璃,10003970,069001001001,016035,汽车零部件,481,125606956195.16,96403732159.16,48.13,-2.274111675127,2609743532,2002986332,13.96547842,13.48827897,3.20904431,10.41941209,12.07237014,2.71345295,0.562935222464,2026-06-24 00:00:00
600660,600660.SH,福耀玻璃,10003970,069001001001,016035,汽车零部件,481,128529868951,98647076851,49.25,-1.598401598402,2609743532,2002986332,14.29045943,13.80215539,3.28371976,10.66187503,12.35329794,2.77659584,0.576034899515,2026-06-23 00:00:00
600660,600660.SH,福耀玻璃,10003970,069001001001,016035,汽车零部件,481,130617663776.6,100249465916.6,50.05,0.2002002002,2609743532,2002986332,14.52258872,14.02635284,3.33705937,10.83506285,12.55396064,2.8216979,0.585391811578,2026-06-22 00:00:00
600660,600660.SH,福耀玻璃,10003970,069001001001,016035,汽车零部件,481,130356689423.4,100049167283.4,49.95,-1.459854014599,2609743532,2002986332,14.49357256,13.99832816,3.33039192,10.81341437,12.5288778,2.81606014,0.584222197621,2026-06-18 00:00:00
600660,600660.SH,福耀玻璃,10003970,069001001001,016035,汽车零部件,481,132287899637.08,101531377169.08,50.69,0.078973346496,2609743532,2002986332,14.70829215,14.2057108,3.37973106,10.9736131,12.71449081,2.85777955,0.592877341149,2026-06-17 00:00:00
600660,600660.SH,福耀玻璃,10003970,069001001001,016035,汽车零部件,481,132183509895.8,101451257715.8,50.65,-3.358137759969,2609743532,2002986332,14.69668569,14.19450093,3.37706408,10.96495371,12.70445767,2.85552445,0.592409495727,2026-06-16 00:00:00
600660,600660.SH,福耀玻璃,10003970,069001001001,016035,汽车零部件,481,136776658512.12,104976513660.12,52.41,0.114613180516,2609743532,2002986332,15.20737012,14.68773531,3.49441123,11.34596691,13.14591563,2.95474899,0.612994701945,2026-06-15 00:00:00
600660,600660.SH,福耀玻璃,10003970,069001001001,016035,汽车零部件,481,136620073900.2,104856334480.2,52.35,-0.11448196909,2609743532,2002986332,15.18996043,14.6709205,3.49041075,11.33297782,13.13086593,2.95136634,0.612292933813,2026-06-12 00:00:00
600660,600660.SH,福耀玻璃,10003970,069001001001,016035,汽车零部件,481,136776658512.12,104976513660.12,52.41,-1.206409048068,2609743532,2002986332,15.20737012,14.68773531,3.49441123,11.34596691,13.14591563,2.95474899,0.612994701945,2026-06-11 00:00:00
600660,600660.SH,福耀玻璃,10003970,069001001001,016035,汽车零部件,481,138446894372.6,106258424912.6,53.05,-0.674031080322,2609743532,2002986332,15.39307356,14.86709327,3.53708291,11.48451717,13.3064458,2.99083064,0.620480231919,2026-06-10 00:00:00
600660,600660.SH,福耀玻璃,10003970,069001001001,016035,汽车零部件,481,139386402044.12,106979499992.12,53.41,0.489181561618,2609743532,2002986332,15.49753174,14.96798212,3.56108574,11.56245168,13.39674401,3.01112657,0.624690842328,2026-06-09 00:00:00
600660,600660.SH,福耀玻璃,10003970,069001001001,016035,汽车零部件,481,138707868725.8,106458723545.8,53.15,-0.839552238806,2609743532,2002986332,15.42208972,14.89511795,3.54375037,11.50616564,13.33152864,2.9964684,0.621649845877,2026-06-08 00:00:00
600660,600660.SH,福耀玻璃,10003970,069001001001,016035,汽车零部件,481,139882253315.2,107360067395.2,53.6,0.18691588785,2609743532,2002986332,15.55266244,15.02122902,3.5737539,11.60358379,13.44440141,3.02183831,0.626913108686,2026-06-05 00:00:00
600660,600660.SH,福耀玻璃,10003970,069001001001,016035,汽车零部件,481,139621278962,107159768762,53.5,-0.705270972532,2609743532,2002986332,15.52364628,14.99320434,3.56708644,11.58193531,13.41931857,3.01620056,0.625743494728,2026-06-04 00:00:00
600660,600660.SH,福耀玻璃,10003970,069001001001,016035,汽车零部件,481,140612981504.16,107920903568.16,53.88,-0.663716814159,2609743532,2002986332,15.63390769,15.09969812,3.59242276,11.66419953,13.51463336,3.03762404,0.630188027848,2026-06-03 00:00:00
600660,600660.SH,福耀玻璃,10003970,069001001001,016035,汽车零部件,481,141552489175.68,108641978647.68,54.24,3.353658536585,2609743532,2002986332,15.73836587,15.20058698,3.61642558,11.74213404,13.60493157,3.05791996,0.634398638256,2026-06-02 00:00:00
600660,600660.SH,福耀玻璃,10003970,069001001001,016035,汽车零部件,481,136959340559.36,105116722703.36,52.48,-0.341815419673,2609743532,2002986332,15.22768144,14.70735259,3.49907844,11.36112085,13.16347362,2.95869542,0.613813432038,2026-06-01 00:00:00
600660,600660.SH,福耀玻璃,10003970,069001001001,016035,汽车零部件,481,137429094395.12,105477260243.12,52.66,1.288709367186,2609743532,2002986332,15.27991053,14.75779702,3.51107985,11.4000881,13.20862273,2.96884339,0.615918737242,2026-05-29 00:00:00
600660,600660.SH,福耀玻璃,10003970,069001001001,016035,汽车零部件,481,135680566228.68,104135259400.68,51.99,-1.440758293839,2609743532,2002986332,15.08550225,14.57003165,3.46640793,11.25504331,13.04056771,2.93107041,0.608082323404,2026-05-28 00:00:00
600660,600660.SH,福耀玻璃,10003970,069001001001,016035,汽车零部件,481,137663971313,105657529013,52.75,-1.383436156291,2609743532,2002986332,15.30602507,14.78301923,3.51708056,11.41957173,13.23119728,2.97391737,0.616971389643,2026-05-27 00:00:00
600660,600660.SH,福耀玻璃,10003970,069001001001,016035,汽车零部件,481,139595181526.68,107139738898.68,53.49,-0.631618056846,2609743532,2002986332,15.52074467,14.99040187,3.5664197,11.57977046,13.41681029,3.01563678,0.625626533574,2026-05-26 00:00:00
600660,600660.SH,福耀玻璃,10003970,069001001001,016035,汽车零部件,481,140482494327.56,107820754251.56,53.83,-2.605391713407,2609743532,2002986332,15.61939961,15.08568578,3.58908903,11.65337529,13.50209194,3.03480516,0.629603220869,2026-05-25 00:00:00
600660,600660.SH,福耀玻璃,10003970,069001001001,016035,汽车零部件,481,144240525013.64,110705054569.64,55.27,1.711446448289,2609743532,2002986332,16.03723234,15.48924119,3.68510033,11.96511336,13.86328481,3.11598887,0.646445662906,2026-05-22 00:00:00
600660,600660.SH,福耀玻璃,10003970,069001001001,016035,汽车零部件,481,141813463528.88,108842277280.88,54.34,0.092097992264,2609743532,2002986332,15.76738204,15.22861166,3.62309304,11.76378252,13.63001441,3.06355772,0.635568252617,2026-05-21 00:00:00
600660,600660.SH,福耀玻璃,10003970,069001001001,016035,汽车零部件,481,141682976352.28,108742127964.28,54.29,-1.43427741467,2609743532,2002986332,15.75287396,15.21459932,3.61975931,11.75295828,13.61747299,3.06073884,0.634983445638,2026-05-20 00:00:00
600660,600660.SH,福耀玻璃,10003970,069001001001,016035,汽车零部件,481,143744673742.56,110324487166.56,55.08,-0.595560368165,2609743532,2002986332,15.98210163,15.4359943,3.67243218,11.92398125,13.81562742,3.10527713,0.644223396145,2026-05-19 00:00:00
600660,600660.SH,福耀玻璃,10003970,069001001001,016035,汽车零部件,481,144605889108.12,110985472656.12,55.41,-1.053571428571,2609743532,2002986332,16.07785496,15.52847574,3.69443476,11.99542123,13.89840078,3.12388173,0.648083122286,2026-05-18 00:00:00
600660,600660.SH,福耀玻璃,10003970,069001001001,016035,汽车零部件,481,146145637792,112167234592,56,-1.251983777112,2609743532,2002986332,16.24905031,15.69382136,3.73377273,12.12314724,14.04638953,3.15714451,0.654983844878,2026-05-15 00:00:00
600660,600660.SH,福耀玻璃,10003970,069001001001,016035,汽车零部件,481,147998555699.72,113589354887.72,56.71,-0.752537626881,2609743532,2002986332,16.45506506,15.8927966,3.78111163,12.27685143,14.22447768,3.19717259,0.663288104541,2026-05-14 00:00:00
600660,600660.SH,福耀玻璃,10003970,069001001001,016035,汽车零部件,481,149120745418.48,114450639010.48,57.14,-1.905579399142,2609743532,2002986332,16.57983455,16.01330272,3.80978167,12.36993988,14.33233389,3.22141495,0.668317444639,2026-05-13 00:00:00
600660,600660.SH,福耀玻璃,10003970,069001001001,016035,汽车零部件,481,155149252977.4,119077537437.4,59.45,0.084175084175,2609743532,2002986332,17.25010788,16.66067286,3.9637998,12.87001971,14.91174746,3.35164716,0.69533552843,2026-05-12 00:00:00
600660,600660.SH,福耀玻璃,10003970,069001001001,016035,汽车零部件,481,155018765800.8,118977388120.8,59.4,-0.983497249542,2609743532,2002986332,17.2355998,16.64666052,3.96046607,12.85919547,14.89920604,3.34882828,0.694750721451,2026-05-11 00:00:00
600660,600660.SH,福耀玻璃,10003970,069001001001,016035,汽车零部件,481,156558514484.68,120159150056.68,59.99,0.959272972063,2609743532,2002986332,17.40679515,16.81200613,3.99980403,12.98692148,15.04719478,3.38209105,0.701651444043,2026-05-08 00:00:00
600660,600660.SH,福耀玻璃,10003970,069001001001,016035,汽车零部件,481,155070960671.44,119017447847.44,59.42,0.185466194571,2609743532,2002986332,17.24140303,16.65226545,3.96179956,12.86352516,14.90422261,3.34995583,0.694984644162,2026-05-07 00:00:00
600660,600660.SH,福耀玻璃,10003970,069001001001,016035,汽车零部件,481,154783888882.92,118797119350.92,59.31,0.747409546458,2609743532,2002986332,17.20948525,16.6214383,3.95446536,12.83971184,14.87663148,3.3437543,0.693698068648,2026-05-06 00:00:00
600660,600660.SH,福耀玻璃,10003970,069001001001,016035,汽车零部件,481,153635601728.84,117915805364.84,58.87,-0.892255892256,2609743532,2002986332,17.08181414,16.49812971,3.92512858,12.74445854,14.76626699,3.31894816,0.688551766992,2026-04-30 00:00:00
600660,600660.SH,福耀玻璃,10003970,069001001001,016035,汽车零部件,481,155018765800.8,118977388120.8,59.4,-0.033658700774,2609743532,2002986332,17.2355998,16.64666052,3.96046607,12.85919547,14.89920604,3.34882828,0.694750721451,2026-04-29 00:00:00
600660,600660.SH,福耀玻璃,10003970,069001001001,016035,汽车零部件,481,155070960671.44,119017447847.44,59.42,-0.050462573591,2609743532,2002986332,17.24140303,16.65226545,3.96179956,12.86352516,14.90422261,3.34995583,0.694984644162,2026-04-28 00:00:00
600660,600660.SH,福耀玻璃,10003970,069001001001,016035,汽车零部件,481,155149252977.4,119077537437.4,59.45,0.711502625783,2609743532,2002986332,17.25010788,16.66067286,3.9637998,12.87001971,14.91174746,3.35164716,0.69533552843,2026-04-27 00:00:00
600660,600660.SH,福耀玻璃,10003970,069001001001,016035,汽车零部件,481,154053160693.96,118236283177.96,59.03,-1.518184851518,2609743532,2002986332,17.12824,16.5429692,3.9357965,12.7790961,14.80639954,3.32796858,0.690423149486,2026-04-24 00:00:00
600660,600660.SH,福耀玻璃,10003970,069001001001,016035,汽车零部件,481,156428027308.08,120059000740.08,59.94,-0.745156482861,2609743532,2002986332,17.39228707,16.79799379,3.99647031,12.97609725,15.03465337,3.37927217,0.701066637064,2026-04-23 00:00:00
600660,600660.SH,福耀玻璃,10003970,069001001001,016035,汽车零部件,481,157602411897.48,120960344589.48,60.39,0.31561461794,2609743532,2002986332,17.52285979,16.92410486,4.02647384,13.07351539,15.14752614,3.40464208,0.706329899874,2026-04-22 00:00:00
600660,600660.SH,福耀玻璃,10003970,069001001001,016035,汽车零部件,481,157106560626.4,120579777186.4,60.2,0.066489361702,2609743532,2002986332,16.87085796,16.87085796,4.01380568,13.03238329,13.03238329,3.43121554,0.680048322961,2026-04-21 00:00:00
600660,600660.SH,福耀玻璃,10003970,069001001001,016035,汽车零部件,481,157002170885.12,120499657733.12,60.16,2.330328287124,2609743532,2002986332,16.85964809,16.85964809,4.0111387,13.0237239,13.0237239,3.42893567,0.679596463707,2026-04-20 00:00:00
600660,600660.SH,福耀玻璃,10003970,069001001001,016035,汽车零部件,481,153426822246.28,117755566458.28,58.79,-0.608622147084,2609743532,2002986332,16.47570996,16.47570996,3.91979462,12.72713976,12.72713976,3.35084986,0.664120280928,2026-04-17 00:00:00
600660,600660.SH,福耀玻璃,10003970,069001001001,016035,汽车零部件,481,154366329917.8,118476641537.8,59.15,0.20328646451,2609743532,2002986332,16.57659881,16.57659881,3.94379744,12.80507428,12.80507428,3.37136876,0.668187015021,2026-04-16 00:00:00
600660,600660.SH,福耀玻璃,10003970,069001001001,016035,汽车零部件,481,154053160693.96,118236283177.96,59.03,0.78538500939,2609743532,2002986332,16.5429692,16.5429692,3.9357965,12.7790961,12.7790961,3.36452913,0.666831437259,2026-04-15 00:00:00
600660,600660.SH,福耀玻璃,10003970,069001001001,016035,汽车零部件,481,152852678669.24,117314909465.24,58.57,2.109483960948,2609743532,2002986332,16.41405566,16.41405566,3.90512623,12.67951311,12.67951311,3.33831054,0.661635054426,2026-04-14 00:00:00
600660,600660.SH,福耀玻璃,10003970,069001001001,016035,汽车零部件,481,149694888995.52,114891296003.52,57.36,-0.087092840968,2609743532,2002986332,16.07495702,16.07495702,3.82445006,12.41756653,12.41756653,3.26934425,0.647966309066,2026-04-13 00:00:00
600660,600660.SH,福耀玻璃,10003970,069001001001,016035,汽车零部件,481,149825376172.12,114991445320.12,57.41,-0.468099861304,2609743532,2002986332,16.08896936,16.08896936,3.82778379,12.42839077,12.42839077,3.27219409,0.648531133235,2026-04-10 00:00:00
600660,600660.SH,福耀玻璃,10003970,069001001001,016035,汽车零部件,481,150530006925.76,115532251629.76,57.68,-0.637381567614,2609743532,2002986332,16.164636,16.164636,3.84578591,12.48684166,12.48684166,3.28758327,0.651581183905,2026-04-09 00:00:00
600660,600660.SH,福耀玻璃,10003970,069001001001,016035,汽车零部件,481,151495612032.6,116273356572.6,58.05,1.291223172221,2609743532,2002986332,16.26832732,16.26832732,3.87045548,12.56694103,12.56694103,3.30867213,0.655760882913,2026-04-08 00:00:00
600660,600660.SH,福耀玻璃,10003970,069001001001,016035,汽车零部件,481,149564401818.92,114791146686.92,57.31,-1.342744017903,2609743532,2002986332,16.06094468,16.06094468,3.82111634,12.40674229,12.40674229,3.2664944,0.647401484898,2026-04-07 00:00:00
600660,600660.SH,福耀玻璃,10003970,069001001001,016035,汽车零部件,481,151600001773.88,116353476025.88,58.09,-0.428522454577,2609743532,2002986332,16.27953719,16.27953719,3.87312246,12.57560042,12.57560042,3.31095201,0.656212742167,2026-04-03 00:00:00
600660,600660.SH,福耀玻璃,10003970,069001001001,016035,汽车零部件,481,152252437656.88,116854222608.88,58.34,0.63826116957,2609743532,2002986332,16.3495989,16.3495989,3.88979109,12.62972161,12.62972161,3.32520124,0.659036863412,2026-04-02 00:00:00
600660,600660.SH,福耀玻璃,10003970,069001001001,016035,汽车零部件,481,151286832550.04,116113117666.04,57.97,1.701754385965,2609743532,2002986332,16.24590758,16.24590758,3.86512152,12.54962224,12.54962224,3.30411238,0.654857164405,2026-04-01 00:00:00
600660,600660.SH,福耀玻璃,10003970,069001001001,016035,汽车零部件,481,148755381324,114170220924,57,-0.34965034965,2609743532,2002986332,15.97406817,15.97406817,3.80044724,12.33963202,12.33963202,3.24882535,0.643899574973,2026-03-31 00:00:00
600660,600660.SH,福耀玻璃,10003970,069001001001,016035,汽车零部件,481,149277330030.4,114570818190.4,57.2,-0.849367308026,2609743532,2002986332,16.03011753,16.03011753,3.97474388,12.38292897,12.38292897,3.26022474,0.646158871647,2026-03-30 00:00:00
600660,600660.SH,福耀玻璃,10003970,069001001001,016035,汽车零部件,481,150556104361.08,115552281493.08,57.69,1.835834068844,2609743532,2002986332,16.16743847,16.16743847,4.00879326,12.48900651,12.48900651,3.28815323,0.65169414882,2026-03-27 00:00:00
600660,600660.SH,福耀玻璃,10003970,069001001001,016035,汽车零部件,481,147841971087.8,113469175707.8,56.65,0.176834659593,2609743532,2002986332,15.87598179,15.87598179,3.93652519,12.26386235,12.26386235,3.22887642,0.639945805794,2026-03-26 00:00:00
600660,600660.SH,福耀玻璃,10003970,069001001001,016035,汽车零部件,481,147580996734.6,113268877074.6,56.55,1.526032315978,2609743532,2002986332,15.84795711,15.84795711,3.92957634,12.24221387,12.24221387,3.22317673,0.638816157457,2026-03-25 00:00:00
600660,600660.SH,福耀玻璃,10003970,069001001001,016035,汽车零部件,481,145362714732.4,111566338692.4,55.7,0.960667029183,2609743532,2002986332,15.60974732,15.60974732,3.87051109,12.05820181,12.05820181,3.17472933,0.629214146191,2026-03-24 00:00:00
600660,600660.SH,福耀玻璃,10003970,069001001001,016035,汽车零部件,481,143979550660.44,110504755936.44,55.17,-3.142556179775,2609743532,2002986332,15.46121651,15.46121651,3.83368217,11.94346488,11.94346488,3.14452096,0.623227009764,2026-03-23 00:00:00
600660,600660.SH,福耀玻璃,10003970,069001001001,016035,汽车零部件,481,148650991582.72,114090101470.72,56.96,0.867717372056,2609743532,2002986332,15.9628583,15.9628583,3.95806664,12.33097262,12.33097262,3.24654547,0.643447715719,2026-03-20 00:00:00
600660,600660.SH,福耀玻璃,10003970,069001001001,016035,汽车零部件,481,147372217252.04,113108638168.04,56.47,-2.21645021645,2609743532,2002986332,15.82553736,15.82553736,3.92401726,12.22489509,12.22489509,3.21861697,0.637912438546,2026-03-19 00:00:00
600660,600660.SH,福耀玻璃,10003970,069001001001,016035,汽车零部件,481,150712688973,115672460673,57.75,-2.333840690005,2609743532,2002986332,16.18425328,16.18425328,4.01296258,12.50199559,12.50199559,3.29157305,0.652371937902,2026-03-18 00:00:00
600660,600660.SH,福耀玻璃,10003970,069001001001,016035,汽车零部件,481,154314135047.16,118436581811.16,59.13,0.30534351145,2609743532,2002986332,16.98924946,16.57099388,4.10885675,12.80074458,12.68786742,3.48810915,0.684820572317,2026-03-17 00:00:00
600660,600660.SH,福耀玻璃,10003970,069001001001,016035,汽车零部件,481,153844381211.4,118076044271.4,58.95,-0.941018316249,2609743532,2002986332,16.93753181,16.52054945,4.09634881,12.76177732,12.64924377,3.47749086,0.682735882775,2026-03-16 00:00:00
600660,600660.SH,福耀玻璃,10003970,069001001001,016035,汽车零部件,481,155305837589.32,119197716617.32,59.51,-0.651085141903,2609743532,2002986332,17.09843117,16.67748766,4.13526239,12.88300879,12.76940622,3.51052555,0.689221583751,2026-03-13 00:00:00
600660,600660.SH,福耀玻璃,10003970,069001001001,016035,汽车零部件,481,156323637566.8,119978881286.8,59.9,0.284614096769,2609743532,2002986332,17.21048609,16.78678392,4.16236291,12.96743785,12.85309079,3.53353185,0.693738411561,2026-03-12 00:00:00
600660,600660.SH,福耀玻璃,10003970,069001001001,016035,汽车零部件,481,155879981166.36,119638373610.36,59.73,1.237288135593,2609743532,2002986332,17.16164164,16.73914196,4.15054986,12.93063544,12.8166129,3.52350346,0.691769537993,2026-03-11 00:00:00
600660,600660.SH,福耀玻璃,10003970,069001001001,016035,汽车零部件,481,153974868388,118176193588,59,1.987899740709,2609743532,2002986332,16.95189782,16.53456179,4.09982324,12.77260156,12.65997256,3.48044038,0.683314963046,2026-03-10 00:00:00
600660,600660.SH,福耀玻璃,10003970,069001001001,016035,汽车零部件,481,150973663326.2,115872759306.2,57.85,-1.982378854626,2609743532,2002986332,16.62147947,16.21227796,4.01991143,12.52364407,12.41321039,3.41260129,0.669996111964,2026-03-09 00:00:00
600660,600660.SH,福耀玻璃,10003970,069001001001,016035,汽车零部件,481,154027063258.64,118216253314.64,59.02,-0.58952332828,2609743532,2002986332,16.95764423,16.54016673,4.10121301,12.77693126,12.66426408,3.4816202,0.683546595397,2026-03-06 00:00:00
600660,600660.SH,福耀玻璃,10003970,069001001001,016035,汽车零部件,481,154940473494.84,118917298530.84,59.37,1.00374276965,2609743532,2002986332,17.05820633,16.63825311,4.12553399,12.85270093,12.73936561,3.50226688,0.687600158507,2026-03-05 00:00:00
600660,600660.SH,福耀玻璃,10003970,069001001001,016035,汽车零部件,481,153400724810.96,117735536594.96,58.78,-1.771390374332,2609743532,2002986332,16.88868735,16.47290749,4.08453576,12.72497491,12.61276589,3.46746247,0.680767008804,2026-03-04 00:00:00
600660,600660.SH,福耀玻璃,10003970,069001001001,016035,汽车零部件,481,156167052954.88,119858702106.88,59.84,-1.041838928394,2609743532,2002986332,17.19324687,16.76996911,4.1581936,12.95444877,12.84021624,3.52999242,0.693043514913,2026-03-03 00:00:00
600660,600660.SH,福耀玻璃,10003970,069001001001,016035,汽车零部件,481,157811191380.04,121120583496.04,60.47,0.115894039735,2609743532,2002986332,17.37425866,16.9465246,4.20197138,13.09083417,12.975399,3.56715644,0.700339928914,2026-03-02 00:00:00
600660,600660.SH,福耀玻璃,10003970,069001001001,016035,汽车零部件,481,157628509332.8,120980374452.8,60.4,-1.836502519096,2609743532,2002986332,17.35414624,16.92690733,4.19710718,13.07568024,12.96037869,3.56302711,0.699529216292,2026-02-27 00:00:00
600660,600660.SH,福耀玻璃,10003970,069001001001,016035,汽车零部件,481,160577519523.96,123243749007.96,61.53,-0.469103849887,2609743532,2002986332,17.67881818,17.24358622,4.27562922,13.32030803,13.20284935,3.62968639,0.712616435023,2026-02-26 00:00:00
600660,600660.SH,福耀玻璃,10003970,069001001001,016035,汽车零部件,481,161334345148.24,123824615044.24,61.82,0.536672629696,2609743532,2002986332,17.76214107,17.3248578,4.29578089,13.38308862,13.26507634,3.64679364,0.715975101888,2026-02-25 00:00:00
600660,600660.SH,福耀玻璃,10003970,069001001001,016035,汽车零部件,481,160473129782.68,123163629554.68,61.49,3.553384978107,2609743532,2002986332,17.66732537,17.23237635,4.27284968,13.31164864,13.19426632,3.62732677,0.712153170726,2026-02-24 00:00:00
600660,600660.SH,福耀玻璃,10003970,069001001001,016035,汽车零部件,481,154966570930.16,118937328394.16,59.38,-0.067317401548,2609743532,2002986332,17.06107954,16.64105558,4.12622888,12.85486577,12.74151137,3.50285678,0.687715974883,2026-02-13 00:00:00
600660,600660.SH,福耀玻璃,10003970,069001001001,016035,汽车零部件,481,155070960671.44,119017447847.44,59.42,-1.768887419408,2609743532,2002986332,17.07257235,16.65226545,4.12900842,12.86352516,12.7500944,3.5052164,0.688179239181,2026-02-12 00:00:00
600660,600660.SH,福耀玻璃,10003970,069001001001,016035,汽车零部件,481,157863386250.68,121160643222.68,60.49,0.016534391534,2609743532,2002986332,17.38000507,16.95212954,4.20336115,13.09516387,12.97969051,3.56833625,0.700571561264,2026-02-11 00:00:00
600660,600660.SH,福耀玻璃,10003970,069001001001,016035,汽车零部件,481,157837288815.36,121140613359.36,60.48,0.565347522448,2609743532,2002986332,17.37713187,16.94932707,4.20266626,13.09299902,12.97754476,3.56774635,0.700455745291,2026-02-10 00:00:00
600660,600660.SH,福耀玻璃,10003970,069001001001,016035,汽车零部件,481,156949976014.48,120459598006.48,60.14,-0.759075907591,2609743532,2002986332,17.27944297,16.85404315,4.17904016,13.0193942,12.90458898,3.54768957,0.696517998154,2026-02-09 00:00:00
600660,600660.SH,福耀玻璃,10003970,069001001001,016035,汽车零部件,481,158150458039.2,121380971719.2,60.6,-3.272146847566,2609743532,2002986332,17.4116103,16.98295669,4.21100488,13.1189772,13.00329385,3.57482521,0.701845538184,2026-02-06 00:00:00
600660,600660.SH,福耀玻璃,10003970,069001001001,016035,汽车零部件,481,163500432279.8,125487093699.8,62.65,0.015964240102,2609743532,2002986332,18.00061692,17.55746265,4.35345637,13.56277098,13.44317425,3.69575576,0.725587837781,2026-02-05 00:00:00
600660,600660.SH,福耀玻璃,10003970,069001001001,016035,汽车零部件,481,163474334844.48,125467063836.48,62.64,3.537190082645,2609743532,2002986332,17.99774372,17.55466018,4.35276148,13.56060613,13.4410285,3.69516586,0.725472021807,2026-02-04 00:00:00
600660,600660.SH,福耀玻璃,10003970,069001001001,016035,汽车零部件,481,157889483686,121180673086,60.5,0.565159574468,2609743532,2002986332,17.38287827,16.95493201,4.20405603,13.09732872,12.98183627,3.56892616,0.700687377238,2026-02-03 00:00:00
600660,600660.SH,福耀玻璃,10003970,069001001001,016035,汽车零部件,481,157002170885.12,120499657733.12,60.16,-2.559118885649,2609743532,2002986332,17.28518937,16.85964809,4.18042993,13.0237239,12.9088805,3.54886938,0.696749630102,2026-02-02 00:00:00
600660,600660.SH,福耀玻璃,10003970,069001001001,016035,汽车零部件,481,161125565665.68,123664376137.68,61.74,-0.643707756678,2609743532,2002986332,17.73915545,17.30243805,4.29022181,13.36576984,13.24791027,3.6420744,0.715048573292,2026-01-30 00:00:00
600660,600660.SH,福耀玻璃,10003970,069001001001,016035,汽车零部件,481,162169463078.48,124465570670.48,62.14,0.048301400741,2609743532,2002986332,17.85408357,17.41453677,4.31801722,13.45236374,13.33374059,3.6656706,0.719681217077,2026-01-29 00:00:00
600660,600660.SH,福耀玻璃,10003970,069001001001,016035,汽车零部件,481,162091170772.52,124405481080.52,62.11,-0.384923817161,2609743532,2002986332,17.84546396,17.40612937,4.31593256,13.4458692,13.32730332,3.66390089,0.719333768753,2026-01-28 00:00:00
600660,600660.SH,福耀玻璃,10003970,069001001001,016035,汽车零部件,481,162717509220.2,124886197800.2,62.35,3.091931216931,2609743532,2002986332,17.91442083,17.4733886,4.33260981,13.49782555,13.37880151,3.67805861,0.722113354943,2026-01-27 00:00:00
600660,600660.SH,福耀玻璃,10003970,069001001001,016035,汽车零部件,481,157837288815.36,121140613359.36,60.48,-1.321585903084,2609743532,2002986332,17.37713187,16.94932707,4.20266626,13.09299902,12.97754476,3.56774635,0.700455745291,2026-01-26 00:00:00
600660,600660.SH,福耀玻璃,10003970,069001001001,016035,汽车零部件,481,159951181076.28,122763032288.28,61.29,0.261737281204,2609743532,2002986332,17.60986131,17.17632699,4.25895197,13.26835169,13.15135116,3.61552866,0.709836848833,2026-01-23 00:00:00
600660,600660.SH,福耀玻璃,10003970,069001001001,016035,汽车零部件,481,159533622111.16,122442554475.16,61.13,0.658653054504,2609743532,2002986332,17.56389006,17.1314875,4.24783381,13.23371412,13.11701903,3.60609018,0.707983791239,2026-01-22 00:00:00
600660,600660.SH,福耀玻璃,10003970,069001001001,016035,汽车零部件,481,158489724698.36,121641359942.36,60.73,-1.476314081765,2609743532,2002986332,17.44896194,17.01938877,4.22003839,13.14712022,13.03118871,3.58249398,0.703351147454,2026-01-21 00:00:00
600660,600660.SH,福耀玻璃,10003970,069001001001,016035,汽车零部件,481,160864591312.48,123464077504.48,61.64,0.850785340314,2609743532,2002986332,17.71042342,17.27441337,4.28327296,13.34412136,13.22645269,3.63617534,0.713890412346,2026-01-20 00:00:00
600660,600660.SH,福耀玻璃,10003970,069001001001,016035,汽车零部件,481,159507524675.84,122422524611.84,61.12,-0.130718954248,2609743532,2002986332,17.56101686,17.12868503,4.24713892,13.23154928,13.11487327,3.60550028,0.707867975265,2026-01-19 00:00:00
600660,600660.SH,福耀玻璃,10003970,069001001001,016035,汽车零部件,481,159716304158.4,122582763518.4,61.2,-0.211968041741,2609743532,2002986332,17.58400249,17.15110477,4.252698,13.24886806,13.13203934,3.61021952,0.708794504264,2026-01-16 00:00:00
600660,600660.SH,福耀玻璃,10003970,069001001001,016035,汽车零部件,481,160055570817.56,122843151741.56,61.33,1.288191577209,2609743532,2002986332,17.62135412,17.18753686,4.26173151,13.27701108,13.15993419,3.61788828,0.710300113131,2026-01-15 00:00:00
600660,600660.SH,福耀玻璃,10003970,069001001001,016035,汽车零部件,481,158019970862.6,121280822402.6,60.55,-1.09441359033,2609743532,2002986332,17.39724429,16.96894435,4.20753046,13.10815296,12.99256506,3.57187568,0.701266457913,2026-01-14 00:00:00
600660,600660.SH,福耀玻璃,10003970,069001001001,016035,汽车零部件,481,159768499029.04,122622823245.04,61.22,-1.654618473896,2609743532,2002986332,17.58974889,17.15670971,4.25408777,13.25319775,13.13633085,3.61139933,0.709026136211,2026-01-13 00:00:00
600660,600660.SH,福耀玻璃,10003970,069001001001,016035,汽车零部件,481,162456534867,124685899167,62.25,-2.014796159295,2609743532,2002986332,17.8856888,17.44536392,4.32566096,13.47617707,13.35734393,3.67215956,0.720955193997,2026-01-12 00:00:00
600660,600660.SH,福耀玻璃,10003970,069001001001,016035,汽车零部件,481,165797006587.96,127249721671.96,63.53,0.601741884402,2609743532,2002986332,18.25345879,17.80407984,4.41460628,13.75327758,13.63200096,3.74766742,0.735779654349,2026-01-09 00:00:00
600660,600660.SH,福耀玻璃,10003970,069001001001,016035,汽车零部件,481,164805304045.8,126488586865.8,63.15,-2.138540213854,2609743532,2002986332,18.14427707,17.69758605,4.38820063,13.67101336,13.55046216,3.72525102,0.731378642512,2026-01-08 00:00:00
600660,600660.SH,福耀玻璃,10003970,069001001001,016035,汽车零部件,481,168406750119.96,129252708003.96,64.53,0.232991612302,2609743532,2002986332,18.54077909,18.08432665,4.48409481,13.96976235,13.84657677,3.80665793,0.74736126381,2026-01-07 00:00:00
600660,600660.SH,福耀玻璃,10003970,069001001001,016035,汽车零部件,481,168015288590.16,128952260054.16,64.38,-0.186046511628,2609743532,2002986332,18.49768105,18.04228963,4.47367153,13.93728963,13.8143904,3.79780936,0.745624022592,2026-01-06 00:00:00
600660,600660.SH,福耀玻璃,10003970,069001001001,016035,汽车零部件,481,168328457814,129192618414,64.5,-0.416859657249,2609743532,2002986332,18.53215948,18.07591925,4.48201015,13.96326781,13.8401395,3.80488822,0.747013815486,2026-01-05 00:00:00
600660,600660.SH,福耀玻璃,10003970,069001001001,016035,汽车零部件,481,169033088567.64,129733424723.64,64.77,0.418604651163,2609743532,2002986332,18.60973596,18.15158589,4.50077205,14.0217187,13.89807496,3.82081566,0.75014085,2025-12-31 00:00:00
600660,600660.SH,福耀玻璃,10003970,069001001001,016035,汽车零部件,481,168328457814,129192618414,64.5,2.089268755935,2609743532,2002986332,18.53215948,22.44985247,4.74512295,19.65951589,13.8401395,3.80488822,0.74701382,2025-12-30 00:00:00
600660,600660.SH,福耀玻璃,10003970,069001001001,016035,汽车零部件,481,164883596351.76,126548676455.76,63.18,-0.831894522053,2609743532,2002986332,18.15289668,21.99041363,4.64801346,19.25718161,13.55689943,3.72702074,0.73172609,2025-12-29 00:00:00
600660,600660.SH,福耀玻璃,10003970,069001001001,016035,汽车零部件,481,166266760423.72,127610259211.72,63.71,0.299118387909,2609743532,2002986332,18.30517644,22.17488529,4.68700439,19.41872492,13.67062461,3.75828571,0.73786435,2025-12-26 00:00:00
600660,600660.SH,福耀玻璃,10003970,069001001001,016035,汽车零部件,481,165770909152.64,127229691808.64,63.52,0.697526949905,2609743532,2002986332,18.25058559,22.10875394,4.67302651,19.36081316,13.62985521,3.74707751,0.73566384,2025-12-25 00:00:00
600660,600660.SH,福耀玻璃,10003970,069001001001,016035,汽车零部件,481,164622621998.56,126348377822.56,63.08,0.638162093172,2609743532,2002986332,18.12416465,21.95560766,4.64065668,19.22670174,13.53544185,3.72112169,0.73056793,2025-12-24 00:00:00
600660,600660.SH,福耀玻璃,10003970,069001001001,016035,汽车零部件,481,163578724585.76,125547183289.76,62.68,-0.222858962114,2609743532,2002986332,18.00923653,21.81638377,4.61122956,19.10478226,13.44961153,3.69752548,0.72593529,2025-12-23 00:00:00
600660,600660.SH,福耀玻璃,10003970,069001001001,016035,汽车零部件,481,163944088680.24,125827601376.24,62.82,1.20831319478,2609743532,2002986332,18.04946137,21.86511213,4.62152905,19.14745408,13.47965214,3.70578415,0.72755672,2025-12-22 00:00:00
600660,600660.SH,福耀玻璃,10003970,069001001001,016035,汽车零部件,481,161986781031.24,124325361627.24,62.07,-0.369181380417,2609743532,2002986332,17.83397115,21.60406733,4.5663532,18.91885506,13.31872029,3.66154127,0.71887051,2025-12-19 00:00:00
600660,600660.SH,福耀玻璃,10003970,069001001001,016035,汽车零部件,481,162587022043.6,124786048483.6,62.3,0.354381443299,2609743532,2002986332,17.90005482,21.68412107,4.5832738,18.98895876,13.36807272,3.67510908,0.72153428,2025-12-18 00:00:00
600660,600660.SH,福耀玻璃,10003970,069001001001,016035,汽车零部件,481,162012878466.56,124345391490.56,62.08,1.173402868318,2609743532,2002986332,17.83684435,21.60754793,4.56708888,18.92190304,13.32086605,3.66213117,0.71898632,2025-12-17 00:00:00
600660,600660.SH,福耀玻璃,10003970,069001001001,016035,汽车零部件,481,160133863123.52,122903241331.52,61.36,-1.175712675149,2609743532,2002986332,17.62997373,21.35694493,4.51412007,18.70244798,13.16637146,3.619658,0.71064757,2025-12-16 00:00:00
600660,600660.SH,福耀玻璃,10003970,069001001001,016035,汽车零部件,481,162038975901.88,124365421353.88,62.09,0.225988700565,2609743532,2002986332,17.83971755,21.61102853,4.56782456,18.92495103,13.3230118,3.66272108,0.71910214,2025-12-15 00:00:00
600660,600660.SH,福耀玻璃,10003970,069001001001,016035,汽车零部件,481,161673611807.4,124085003267.4,61.95,0.731707317073,2609743532,2002986332,17.79949271,21.56230017,4.55752507,18.88227921,13.29297119,3.6544624,0.71748071,2025-12-12 00:00:00
600660,600660.SH,福耀玻璃,10003970,069001001001,016035,汽车零部件,481,160499227218,123183659418,61.5,-0.485436893204,2609743532,2002986332,17.67019858,21.40567329,4.52441956,18.7451198,13.19641208,3.62791667,0.71226899,2025-12-11 00:00:00
600660,600660.SH,福耀玻璃,10003970,069001001001,016035,汽车零部件,481,161282150277.6,123784555317.6,61.8,-0.515132002576,2609743532,2002986332,17.75639467,21.51009121,4.5464899,18.83655941,13.26078482,3.64561383,0.71574347,2025-12-10 00:00:00
600660,600660.SH,福耀玻璃,10003970,069001001001,016035,汽车零部件,481,162117268207.84,124425510943.84,62.12,-2.096138691883,2609743532,2002986332,17.84833716,21.62147032,4.57003159,18.93409499,13.32944908,3.66449079,0.71944959,2025-12-09 00:00:00
600660,600660.SH,福耀玻璃,10003970,069001001001,016035,汽车零部件,481,165588227105.4,127089482765.4,63.45,-0.750821210699,2609743532,2002986332,18.23047316,22.08438976,4.66787677,19.33947726,13.6148349,3.74294818,0.73485313,2025-12-08 00:00:00
600660,600660.SH,福耀玻璃,10003970,069001001001,016035,汽车零部件,481,166840904000.76,128050916204.76,63.93,0.17235976183,2609743532,2002986332,18.36838691,22.25145843,4.70318931,19.48578063,13.71783129,3.77126362,0.7404123,2025-12-05 00:00:00
600660,600660.SH,福耀玻璃,10003970,069001001001,016035,汽车零部件,481,166553832212.24,127830587708.24,63.82,-1.253287946774,2609743532,2002986332,18.33678168,22.21317186,4.69509685,19.45225277,13.69422795,3.76477467,0.73913832,2025-12-04 00:00:00
600660,600660.SH,福耀玻璃,10003970,069001001001,016035,汽车零部件,481,168667724473.16,129453006637.16,64.63,0.357142857143,2609743532,2002986332,18.56951112,22.49510024,4.75468677,19.69913972,13.86803435,3.81255698,0.74851943,2025-12-03 00:00:00
600660,600660.SH,福耀玻璃,10003970,069001001001,016035,汽车零部件,481,168067483460.8,128992319780.8,64.4,-0.678593460827,2609743532,2002986332,18.50342745,22.4150465,4.73776617,19.62903602,13.81868192,3.79898917,0.74585566,2025-12-02 00:00:00
600660,600660.SH,福耀玻璃,10003970,069001001001,016035,汽车零部件,481,169215770614.88,129873633766.88,64.84,-1.578627808136,2609743532,2002986332,18.62984838,22.56819278,4.770136,19.76314744,13.91309527,3.82494499,0.75095157,2025-12-01 00:00:00
600660,600660.SH,福耀玻璃,10003970,069001001001,016035,汽车零部件,481,171929903888.16,131956739552.16,65.88,2.060418280403,2609743532,2002986332,18.9286615,22.9301749,4.84664651,20.08013809,14.13625411,3.88629513,0.76299644,2025-11-28 00:00:00
600660,600660.SH,福耀玻璃,10003970,069001001001,016035,汽车零部件,481,168458944990.6,129292767730.6,64.55,-0.385802469136,2609743532,2002986332,18.5465255,22.46725546,4.74880134,19.67475582,13.85086829,3.80783774,0.7475929,2025-11-27 00:00:00
600660,600660.SH,福耀玻璃,10003970,069001001001,016035,汽车零部件,481,169111380873.6,129793514313.6,64.8,0.543056633049,2609743532,2002986332,18.61835557,22.55427039,4.76719329,19.75095549,13.90451224,3.82258537,0.7504883,2025-11-26 00:00:00
600660,600660.SH,福耀玻璃,10003970,069001001001,016035,汽车零部件,481,168197970637.4,129092469097.4,64.45,1.240967640591,2609743532,2002986332,18.51779347,22.43244949,4.74144456,19.64427595,13.82941071,3.80193869,0.74643474,2025-11-25 00:00:00
600660,600660.SH,福耀玻璃,10003970,069001001001,016035,汽车零部件,481,166136273247.12,127510109895.12,63.66,-0.577854130876,2609743532,2002986332,18.29081043,22.1574823,4.683326,19.40348498,13.65989582,3.75533618,0.73728527,2025-11-24 00:00:00
600660,600660.SH,福耀玻璃,10003970,069001001001,016035,汽车零部件,481,167101878353.96,128251214837.96,64.03,-1.203517975621,2609743532,2002986332,18.39711894,22.2862644,4.71054609,19.5162605,13.73928887,3.77716268,0.74157046,2025-11-21 00:00:00
600660,600660.SH,福耀玻璃,10003970,069001001001,016035,汽车零部件,481,169137478308.92,129813544176.92,64.81,-0.750382848392,2609743532,2002986332,18.62122878,22.55775099,4.76792897,19.75400348,13.906658,3.82317528,0.75060412,2025-11-20 00:00:00
600660,600660.SH,福耀玻璃,10003970,069001001001,016035,汽车零部件,481,170416252639.6,130795007479.6,65.3,0.245624808106,2609743532,2002986332,18.76201572,22.72830026,4.80397719,19.90335484,14.01180014,3.85208063,0.75627911,2025-11-19 00:00:00
600660,600660.SH,福耀玻璃,10003970,069001001001,016035,汽车零部件,481,169998693674.48,130474529666.48,65.14,-1.003039513678,2609743532,2002986332,18.71604448,22.6726107,4.79220634,19.85458705,13.97746801,3.84264215,0.75442605,2025-11-18 00:00:00
600660,600660.SH,福耀玻璃,10003970,069001001001,016035,汽车零部件,481,171721124405.6,131796500645.6,65.8,0,2609743532,2002986332,18.90567587,22.90233012,4.84076109,20.05575419,14.11908804,3.88157589,0.76206991,2025-11-17 00:00:00
600660,600660.SH,福耀玻璃,10003970,069001001001,016035,汽车零部件,481,171721124405.6,131796500645.6,65.8,-1.260504201681,2609743532,2002986332,18.90567587,22.90233012,4.84076109,20.05575419,14.11908804,3.88157589,0.76206991,2025-11-14 00:00:00
600660,600660.SH,福耀玻璃,10003970,069001001001,016035,汽车零部件,481,173913308972.48,133479009164.48,66.64,0.301023479831,2609743532,2002986332,19.14702493,23.19470029,4.90255804,20.3117851,14.29933172,3.93112792,0.77179846,2025-11-13 00:00:00
600660,600660.SH,福耀玻璃,10003970,069001001001,016035,汽车零部件,481,173391360266.08,133078411898.08,66.44,-0.954084675015,2609743532,2002986332,19.08956087,23.12508835,4.88784448,20.25082536,14.25641656,3.91932982,0.76948214,2025-11-12 00:00:00
600660,600660.SH,福耀玻璃,10003970,069001001001,016035,汽车零部件,481,175061596126.56,134360323150.56,67.08,-0.178571428571,2609743532,2002986332,19.27344586,23.34784657,4.93492787,20.44589652,14.39374508,3.95708375,0.77689437,2025-11-11 00:00:00
600660,600660.SH,福耀玻璃,10003970,069001001001,016035,汽车零部件,481,175374765350.4,134600681510.4,67.2,-1.220049977951,2609743532,2002986332,19.3079243,23.38961374,4.94375601,20.48247237,14.41949417,3.96416261,0.77828417,2025-11-10 00:00:00
600660,600660.SH,福耀玻璃,10003970,069001001001,016035,汽车零部件,481,177540852481.96,136263160165.96,68.03,0.770256258332,2609743532,2002986332,19.54640015,23.67850331,5.00481728,20.73545528,14.59759209,4.01312474,0.7878969,2025-11-07 00:00:00
600660,600660.SH,福耀玻璃,10003970,069001001001,016035,汽车零部件,481,176183785845.32,135221607273.32,67.51,0.491217624293,2609743532,2002986332,19.39699359,23.49751226,4.96656202,20.57695996,14.48601267,3.98244967,0.78187446,2025-11-06 00:00:00
600660,600660.SH,福耀玻璃,10003970,069001001001,016035,汽车零部件,481,175322570479.76,134560621783.76,67.18,0.764961751912,2609743532,2002986332,19.30217789,23.38265255,4.94228465,20.47637639,14.41520266,3.9629828,0.77805253,2025-11-05 00:00:00
600660,600660.SH,福耀玻璃,10003970,069001001001,016035,汽车零部件,481,173991601278.44,133539098754.44,66.67,0.6187745246,2609743532,2002986332,19.15564454,23.20514208,4.90476507,20.32092906,14.305769,3.93289763,0.77214591,2025-11-04 00:00:00
600660,600660.SH,福耀玻璃,10003970,069001001001,016035,汽车零部件,481,172921606430.32,132717874358.32,66.26,-1.837037037037,2609743532,2002986332,19.03784321,23.0624376,4.87460228,20.19596159,14.21779292,3.90871152,0.76739745,2025-11-03 00:00:00
600660,600660.SH,福耀玻璃,10003970,069001001001,016035,汽车零部件,481,176157688410,135201577410,67.5,0.074128984433,2609743532,2002986332,19.39412039,23.49403166,4.96582635,20.57391197,14.48386691,3.98185976,0.78175865,2025-10-31 00:00:00
600660,600660.SH,福耀玻璃,10003970,069001001001,016035,汽车零部件,481,176027201233.4,135101428093.4,67.45,0.133610451306,2609743532,2002986332,19.37975437,23.47662867,4.96214796,20.55867204,14.47313812,3.97891024,0.78117957,2025-10-30 00:00:00
600660,600660.SH,福耀玻璃,10003970,069001001001,016035,汽车零部件,481,175792324315.52,134921159323.52,67.36,-0.251739967422,2609743532,2002986332,19.35389555,23.4453033,4.95552685,20.53124016,14.4538263,3.97360109,0.78013722,2025-10-29 00:00:00
600660,600660.SH,福耀玻璃,10003970,069001001001,016035,汽车零部件,481,176235980715.96,135261666999.96,67.53,-1.243053524422,2609743532,2002986332,19.40274,23.50447345,4.96803338,20.58305593,14.49030419,3.98362948,0.7821061,2025-10-28 00:00:00
600660,600660.SH,福耀玻璃,10003970,069001001001,016035,汽车零部件,481,178454262718.16,136964205382.16,68.38,1.710545887253,2609743532,2002986332,19.64696225,23.80032422,5.03056601,20.84213483,14.67269362,4.03377142,0.79195046,2025-10-27 00:00:00
600660,600660.SH,福耀玻璃,10003970,069001001001,016035,汽车零部件,481,175453057656.36,134660771100.36,67.23,0.523325358852,2609743532,2002986332,19.31654391,23.40005553,4.94596304,20.49161633,14.42593145,3.96593232,0.77863161,2025-10-24 00:00:00
600660,600660.SH,福耀玻璃,10003970,069001001001,016035,汽车零部件,481,174539647420.16,133959725884.16,66.88,3.257681025166,2609743532,2002986332,19.2159818,23.27823463,4.92021431,20.38493678,14.35082991,3.94528564,0.77457805,2025-10-23 00:00:00
600660,600660.SH,福耀玻璃,10003970,069001001001,016035,汽车零部件,481,169033088567.64,129733424723.64,64.77,-1.565349544073,2609743532,2002986332,18.60973596,22.5438286,4.76498626,19.74181153,13.89807496,3.82081566,0.75014085,2025-10-22 00:00:00
600660,600660.SH,福耀玻璃,10003970,069001001001,016035,汽车零部件,481,171721124405.6,131796500645.6,65.8,0.350770169285,2609743532,2002986332,18.90567587,22.90233012,4.84076109,20.05575419,14.11908804,3.88157589,0.76206991,2025-10-21 00:00:00
600660,600660.SH,福耀玻璃,10003970,069001001001,016035,汽车零部件,481,171120883393.24,131335813789.24,65.57,3.292375551355,2609743532,2002986332,18.83959221,22.82227638,4.8238405,19.98565049,14.06973561,3.86800807,0.75940614,2025-10-20 00:00:00
600660,600660.SH,福耀玻璃,10003970,069001001001,016035,汽车零部件,481,165666519411.36,127149572355.36,63.48,-5.083732057416,2609743532,2002986332,18.23909277,22.09483155,4.6700838,19.34862122,13.62127217,3.74471789,0.73520058,2025-10-17 00:00:00
600660,600660.SH,福耀玻璃,10003970,069001001001,016035,汽车零部件,481,174539647420.16,133959725884.16,66.88,0.465675229082,2609743532,2002986332,19.82485459,23.27823463,4.92021431,20.38493678,16.47937311,4.12045454,0.77457805,2025-10-16 00:00:00
600660,600660.SH,福耀玻璃,10003970,069001001001,016035,汽车零部件,481,173730626925.24,133338800121.24,66.57,-0.105042016807,2609743532,2002986332,19.73296307,23.17033611,4.89740829,20.29044919,16.40298845,4.10135555,0.77098775,2025-10-15 00:00:00
600660,600660.SH,福耀玻璃,10003970,069001001001,016035,汽车零部件,481,173913308972.48,133479009164.48,66.64,-4.184040258807,2609743532,2002986332,19.75371277,23.19470029,4.90255804,20.3117851,16.4202366,4.10566822,0.77179846,2025-10-14 00:00:00
600660,600660.SH,福耀玻璃,10003970,069001001001,016035,汽车零部件,481,181507662650.6,139307699390.6,69.55,0.259478160588,2609743532,2002986332,20.61630737,24.2075541,5.11664033,21.1987493,17.13726674,4.28495236,0.80550095,2025-10-13 00:00:00
600660,600660.SH,福耀玻璃,10003970,069001001001,016035,汽车零部件,481,183386677993.64,140749849549.64,70.27,-2.239844184752,2609743532,2002986332,20.82973284,24.45815711,5.16960915,21.41820436,17.31467626,4.32931132,0.81383971,2025-10-10 00:00:00
600660,600660.SH,福耀玻璃,10003970,069001001001,016035,汽车零部件,481,187588365080.16,143974657544.16,71.88,-2.084184715979,2609743532,2002986332,21.3069759,25.01853327,5.2880533,21.90893026,17.71138366,4.42850288,0.8324861,2025-10-09 00:00:00
600660,600660.SH,福耀玻璃,10003970,069001001001,016035,汽车零部件,481,191581272684.12,147039226632.12,73.41,0.837912087912,2609743532,2002986332,21.76050502,25.55106465,5.40061203,22.37527227,18.08837889,4.52276567,0.85020596,2025-09-30 00:00:00
600660,600660.SH,福耀玻璃,10003970,069001001001,016035,汽车零部件,481,189989329129.6,145817404969.6,72.8,0.942872989462,2609743532,2002986332,21.57968622,25.33874822,5.3291869,22.18934506,17.9380736,4.48518377,0.84314118,2025-09-29 00:00:00
600660,600660.SH,福耀玻璃,10003970,069001001001,016035,汽车零部件,481,188214703527.84,144455374263.84,72.12,-0.537856847331,2609743532,2002986332,21.37811772,25.1020676,5.27940878,21.98208195,17.77052016,4.4432892,0.83526568,2025-09-26 00:00:00
600660,600660.SH,福耀玻璃,10003970,069001001001,016035,汽车零部件,481,189232503505.32,145236538933.32,72.51,-0.99672310213,2609743532,2002986332,21.49372318,25.2378109,5.30795799,22.10095344,17.86661699,4.46731697,0.83978251,2025-09-25 00:00:00
600660,600660.SH,福耀玻璃,10003970,069001001001,016035,汽车零部件,481,191137616283.68,146698718955.68,73.24,1.595228186988,2609743532,2002986332,21.71011289,25.4918945,5.36139627,22.32345649,18.04649053,4.51229203,0.84823709,2025-09-24 00:00:00
600660,600660.SH,福耀玻璃,10003970,069001001001,016035,汽车零部件,481,188136411221.88,144395284673.88,72.09,0.138908181692,2609743532,2002986332,21.36922499,25.09162581,5.27721269,21.97293799,17.7631281,4.44144091,0.83491824,2025-09-23 00:00:00
600660,600660.SH,福耀玻璃,10003970,069001001001,016035,汽车零部件,481,187875436868.68,144194986040.68,71.99,-0.497581202488,2609743532,2002986332,21.33958257,25.05681984,5.26989237,21.94245812,17.73848789,4.43527994,0.83376008,2025-09-22 00:00:00
600660,600660.SH,福耀玻璃,10003970,069001001001,016035,汽车零部件,481,188814944540.2,144916061120.2,72.35,-0.971803996715,2609743532,2002986332,21.4462953,25.18212134,5.2962455,22.05218565,17.82719265,4.45745942,0.83792945,2025-09-19 00:00:00
600660,600660.SH,福耀玻璃,10003970,069001001001,016035,汽车零部件,481,190667862447.92,146338181415.92,73.06,-1.536388140162,2609743532,2002986332,21.65675653,25.42924375,5.34821971,22.26859272,18.00213815,4.50120229,0.8461524,2025-09-18 00:00:00
600660,600660.SH,福耀玻璃,10003970,069001001001,016035,汽车零部件,481,193642970074.4,148621585834.4,74.2,2.557014512785,2609743532,2002986332,21.99468018,25.82603184,5.43167126,22.61606324,18.28303655,4.57143731,0.85935543,2025-09-17 00:00:00
600660,600660.SH,福耀玻璃,10003970,069001001001,016035,汽车零部件,481,188814944540.2,144916061120.2,72.35,1.401541695865,2609743532,2002986332,21.4462953,25.18212134,5.2962455,22.05218565,17.82719265,4.45745942,0.83792945,2025-09-16 00:00:00
600660,600660.SH,福耀玻璃,10003970,069001001001,016035,汽车零部件,481,186205201008.2,142913074788.2,71.35,0.422237860662,2609743532,2002986332,21.14987104,24.83406161,5.22304238,21.74738695,17.58079054,4.39584976,0.82634785,2025-09-15 00:00:00
600660,600660.SH,福耀玻璃,10003970,069001001001,016035,汽车零部件,481,185422277948.6,142312178888.6,71.05,-1.305736907904,2609743532,2002986332,21.06094376,24.72964369,5.20108144,21.65594734,17.50686991,4.37736686,0.82287336,2025-09-12 00:00:00
600660,600660.SH,福耀玻璃,10003970,069001001001,016035,汽车零部件,481,187875436868.68,144194986040.68,71.99,3.270692870463,2609743532,2002986332,21.33958257,25.05681984,5.26989237,21.94245812,17.73848789,4.43527994,0.83376008,2025-09-11 00:00:00
600660,600660.SH,福耀玻璃,10003970,069001001001,016035,汽车零部件,481,181925221615.72,139628177203.72,69.71,-0.768683274021,2609743532,2002986332,20.66373525,24.26324366,5.10298927,21.24751709,17.17669108,4.2948099,0.80735401,2025-09-10 00:00:00
600660,600660.SH,福耀玻璃,10003970,069001001001,016035,汽车零部件,481,183334483123,140709789823,70.25,1.429396477043,2609743532,2002986332,20.82380435,24.45119591,5.14251895,21.41210839,17.30974822,4.32807912,0.81360807,2025-09-09 00:00:00
600660,600660.SH,福耀玻璃,10003970,069001001001,016035,汽车零部件,481,180750837026.32,138726833354.32,69.26,1.198129748685,2609743532,2002986332,20.53034433,24.10661678,5.07004787,21.11035768,17.06581013,4.26708555,0.80214228,2025-09-08 00:00:00
600660,600660.SH,福耀玻璃,10003970,069001001001,016035,汽车零部件,481,178610847330.08,137084384562.08,68.44,1.633501633502,2609743532,2002986332,20.28727644,23.8212078,5.01002131,20.86042275,16.8637604,4.21656562,0.79264536,2025-09-05 00:00:00
600660,600660.SH,福耀玻璃,10003970,069001001001,016035,汽车零部件,481,175740129444.88,134881099596.88,67.34,-2.02240651826,2609743532,2002986332,19.96120975,23.4383421,4.92949788,20.52514418,16.59271808,4.14879499,0.77990559,2025-09-04 00:00:00
600660,600660.SH,福耀玻璃,10003970,069001001001,016035,汽车零部件,481,179367672954.36,137665250598.36,68.73,3.415588323804,2609743532,2002986332,20.37323947,23.92214512,5.03125021,20.94881437,16.93521701,4.23443243,0.79600403,2025-09-03 00:00:00
600660,600660.SH,福耀玻璃,10003970,069001001001,016035,汽车零部件,481,173443555136.72,133118471624.72,66.46,0.987691840146,2609743532,2002986332,19.7003564,23.13204954,4.86507914,20.25692133,16.37588422,4.09457848,0.76971377,2025-09-02 00:00:00
600660,600660.SH,福耀玻璃,10003970,069001001001,016035,汽车零部件,481,171747221840.92,131816530508.92,65.81,0.228449588791,2609743532,2002986332,19.50768063,22.90581072,4.81749711,20.05880218,16.21572285,4.0545322,0.76218573,2025-09-01 00:00:00
600660,600660.SH,福耀玻璃,10003970,069001001001,016035,汽车零部件,481,171355760311.12,131516082559.12,65.66,1.845819761129,2609743532,2002986332,19.46321699,22.85360176,4.80651665,20.01308237,16.17876253,4.04529075,0.76044849,2025-08-29 00:00:00
600660,600660.SH,福耀玻璃,10003970,069001001001,016035,汽车零部件,481,168250165508.04,129132528824.04,64.47,0.389286826534,2609743532,2002986332,19.11047212,22.43941068,4.71940494,19.65037193,15.88554402,3.97197525,0.74666637,2025-08-28 00:00:00
600660,600660.SH,福耀玻璃,10003970,069001001001,016035,汽车零部件,481,167597729625.04,128631782241.04,64.22,1.054287962234,2609743532,2002986332,19.03636606,22.35239575,4.70110416,19.57417225,15.8239435,3.95657283,0.74377097,2025-08-27 00:00:00
600660,600660.SH,福耀玻璃,10003970,069001001001,016035,汽车零部件,481,165849201458.6,127289781398.6,63.55,1.145949387235,2609743532,2002986332,18.8377618,22.11919573,4.65205807,19.36995712,15.65885408,3.91529435,0.73601129,2025-08-26 00:00:00
600660,600660.SH,福耀玻璃,10003970,069001001001,016035,汽车零部件,481,163970186115.56,125847631239.56,62.83,-0.53823017255,2609743532,2002986332,18.62433633,21.86859273,4.59935182,19.15050206,15.48144456,3.87093539,0.72767253,2025-08-25 00:00:00
600660,600660.SH,福耀玻璃,10003970,069001001001,016035,汽车零部件,481,164857498916.44,126528646592.44,63.17,-2.364760432767,2609743532,2002986332,18.72512058,21.98693304,4.62424088,19.25413362,15.56522128,3.89188268,0.73161028,2025-08-22 00:00:00
600660,600660.SH,福耀玻璃,10003970,069001001001,016035,汽车零部件,481,168850406520.4,129593215680.4,64.7,5.460472697637,2609743532,2002986332,19.1786497,22.51946442,4.73624165,19.72047563,15.94221651,3.98614547,0.74933014,2025-08-21 00:00:00
600660,600660.SH,福耀玻璃,10003970,069001001001,016035,汽车零部件,481,160107765688.2,122883211468.2,61.35,10.005379236148,2609743532,2002986332,18.18562843,21.35346433,4.49101121,18.69939999,15.11676944,3.77975308,0.71053175,2025-08-20 00:00:00
600660,600660.SH,福耀玻璃,10003970,069001001001,016035,汽车零部件,481,145545396779.64,111706547735.64,55.77,-1.605504587156,2609743532,2002986332,17.88050914,19.41129105,4.08253782,16.99862327,15.70139713,3.60921931,0.64590637,2025-08-19 00:00:00
600660,600660.SH,福耀玻璃,10003970,069001001001,016035,汽车零部件,481,147920263393.76,113529265297.76,56.68,1.942446043165,2609743532,2002986332,18.1722657,19.7280254,4.14915266,17.27599008,15.95759708,3.668111,0.65644563,2025-08-18 00:00:00
600660,600660.SH,福耀玻璃,10003970,069001001001,016035,汽车零部件,481,145101740379.2,111366040059.2,55.6,0.035984166967,2609743532,2002986332,17.82600517,19.35212089,4.07009329,16.94680749,15.6535356,3.59821756,0.64393749,2025-08-15 00:00:00
600660,600660.SH,福耀玻璃,10003970,069001001001,016035,汽车零部件,481,145049545508.56,111325980332.56,55.58,-0.554660941134,2609743532,2002986332,17.81959293,19.3451597,4.06862923,16.94071152,15.64790483,3.59692324,0.64370586,2025-08-14 00:00:00
600660,600660.SH,福耀玻璃,10003970,069001001001,016035,汽车零部件,481,145858566003.48,111946906095.48,55.89,0.684561340299,2609743532,2002986332,17.91898253,19.45305821,4.09132219,17.03519911,15.73518174,3.61698524,0.64729616,2025-08-13 00:00:00
600660,600660.SH,福耀玻璃,10003970,069001001001,016035,汽车零部件,481,144866863461.32,111185771289.32,55.51,0.090155066715,2609743532,2002986332,17.79715012,19.32079552,4.06350501,16.91937561,15.62819714,3.59239311,0.64289515,2025-08-12 00:00:00
600660,600660.SH,福耀玻璃,10003970,069001001001,016035,汽车零部件,481,144736376284.72,111085621972.72,55.46,-0.072072072072,2609743532,2002986332,17.78111954,19.30339253,4.05984485,16.90413568,15.61412022,3.5891573,0.64231607,2025-08-11 00:00:00
600660,600660.SH,福耀玻璃,10003970,069001001001,016035,汽车零部件,481,144840766026,111165741426,55.5,-0.036023054755,2609743532,2002986332,17.79394401,19.31731492,4.06277298,16.91632762,15.62538176,3.59174595,0.64277933,2025-08-08 00:00:00
600660,600660.SH,福耀玻璃,10003970,069001001001,016035,汽车零部件,481,144892960896.64,111205801152.64,55.52,-0.071994240461,2609743532,2002986332,17.80035624,19.32427611,4.06423704,16.9224236,15.63101253,3.59304027,0.64301097,2025-08-07 00:00:00
600660,600660.SH,福耀玻璃,10003970,069001001001,016035,汽车零部件,481,144997350637.92,111285920605.92,55.56,-0.412260261696,2609743532,2002986332,17.8131807,19.3381985,4.06716517,16.93461554,15.64227406,3.59562892,0.64347423,2025-08-06 00:00:00
600660,600660.SH,福耀玻璃,10003970,069001001001,016035,汽车零部件,481,145597591650.28,111746607462.28,55.79,1.899543378995,2609743532,2002986332,17.88692137,19.41825224,4.08400188,17.00471924,15.7070279,3.61051363,0.646138,2025-08-05 00:00:00
600660,600660.SH,福耀玻璃,10003970,069001001001,016035,汽车零部件,481,142883458377,109663501677,54.75,-0.291385904207,2609743532,2002986332,17.5534853,19.05627012,4.00787064,16.6877286,15.41422795,3.54320884,0.63409313,2025-08-04 00:00:00
600660,600660.SH,福耀玻璃,10003970,069001001001,016035,汽车零部件,481,143301017342.12,109983979490.12,54.91,0.457372850348,2609743532,2002986332,17.60478316,19.11195968,4.01958314,16.73649639,15.4592741,3.55356342,0.63594618,2025-08-01 00:00:00
600660,600660.SH,福耀玻璃,10003970,069001001001,016035,汽车零部件,481,142648581459.12,109483232907.12,54.66,-1.602160216022,2609743532,2002986332,17.52463026,19.02494475,4.00128236,16.66029672,15.38888949,3.53738439,0.63305078,2025-07-31 00:00:00
600660,600660.SH,福耀玻璃,10003970,069001001001,016035,汽车零部件,481,144971253202.6,111265890742.6,55.55,0.944939124114,2609743532,2002986332,17.80997459,19.33471791,4.06643313,16.93156756,15.63945868,3.59498175,0.64335841,2025-07-30 00:00:00
600660,600660.SH,福耀玻璃,10003970,069001001001,016035,汽车零部件,481,143614186565.96,110224337849.96,55.03,-0.97174734569,2609743532,2002986332,17.64325655,19.15372685,4.02836751,16.77307224,15.4930587,3.56132936,0.63733598,2025-07-29 00:00:00
600660,600660.SH,福耀玻璃,10003970,069001001001,016035,汽车零部件,481,145023448073.24,111305950469.24,55.57,-2.148265539708,2609743532,2002986332,17.81638682,19.3416791,4.0678972,16.93766353,15.64508945,3.59627608,0.64359005,2025-07-28 00:00:00
600660,600660.SH,福耀玻璃,10003970,069001001001,016035,汽车零部件,481,148207335182.28,113749593794.28,56.79,-1.02823283374,2609743532,2002986332,18.20753298,19.76631197,4.157205,17.30951794,15.98856631,3.67522977,0.65771961,2025-07-25 00:00:00
600660,600660.SH,福耀玻璃,10003970,069001001001,016035,汽车零部件,481,149747083866.16,114931355730.16,57.38,0.017430712916,2609743532,2002986332,18.39669382,19.97166721,4.20039484,17.48934917,16.15467397,3.7134123,0.66455276,2025-07-24 00:00:00
600660,600660.SH,福耀玻璃,10003970,069001001001,016035,汽车零部件,481,149720986430.84,114911325866.84,57.37,0.034873583261,2609743532,2002986332,18.39348771,19.96818661,4.19966281,17.48630118,16.15185858,3.71276513,0.66443694,2025-07-23 00:00:00
600660,600660.SH,福耀玻璃,10003970,069001001001,016035,汽车零部件,481,149668791560.2,114871266140.2,57.35,-0.382143477506,2609743532,2002986332,18.38707547,19.96122542,4.19819875,17.48020521,16.14622782,3.71147081,0.66420531,2025-07-22 00:00:00
600660,600660.SH,福耀玻璃,10003970,069001001001,016035,汽车零部件,481,150242935137.24,115311923133.24,57.57,-0.741379310345,2609743532,2002986332,18.45761003,20.03779856,4.21430343,17.54726092,16.20816627,3.72570836,0.66675326,2025-07-21 00:00:00
600660,600660.SH,福耀玻璃,10003970,069001001001,016035,汽车零部件,481,151365124856,116173207256,58,0.729419937478,2609743532,2002986332,18.59547302,20.18746424,4.24578077,17.67832436,16.32922778,3.7535363,0.67173336,2025-07-18 00:00:00
600660,600660.SH,福耀玻璃,10003970,069001001001,016035,汽车零部件,481,150269032572.56,115331952996.56,57.58,1.444679351656,2609743532,2002986332,18.46081614,20.04127915,4.21503546,17.55030891,16.21098165,3.72635552,0.66686908,2025-07-17 00:00:00
600660,600660.SH,福耀玻璃,10003970,069001001001,016035,汽车零部件,481,148129042876.32,113689504204.32,56.76,-0.017614937467,2609743532,2002986332,18.19791463,19.75587018,4.15500891,17.30037398,15.98012015,3.67328829,0.65737216,2025-07-16 00:00:00
600660,600660.SH,福耀玻璃,10003970,069001001001,016035,汽车零部件,481,148155140311.64,113709534067.64,56.77,0.105801445953,2609743532,2002986332,18.20112074,19.75935077,4.15574094,17.30342197,15.98293554,3.67393545,0.65748798,2025-07-15 00:00:00
600660,600660.SH,福耀玻璃,10003970,069001001001,016035,汽车零部件,481,147998555699.72,113589354887.72,56.71,-0.105689624802,2609743532,2002986332,18.18188405,19.73846719,4.15134875,17.28513404,15.96604323,3.67005248,0.65679308,2025-07-14 00:00:00
600660,600660.SH,福耀玻璃,10003970,069001001001,016035,汽车零部件,481,148155140311.64,113709534067.64,56.77,0.638184719021,2609743532,2002986332,18.20112074,19.75935077,4.15574094,17.30342197,15.98293554,3.67393545,0.65748798,2025-07-11 00:00:00
600660,600660.SH,福耀玻璃,10003970,069001001001,016035,汽车零部件,481,147215632640.12,112988458988.12,56.41,-0.68661971831,2609743532,2002986332,18.08570057,19.63404927,4.12938782,17.19369444,15.88158171,3.65063764,0.6533186,2025-07-10 00:00:00
600660,600660.SH,福耀玻璃,10003970,069001001001,016035,汽车零部件,481,148233432617.6,113769623657.6,56.8,-1.45732130465,2609743532,2002986332,18.21073909,19.76979257,4.15793703,17.31256593,15.99138169,3.67587693,0.65783543,2025-07-09 00:00:00
600660,600660.SH,福耀玻璃,10003970,069001001001,016035,汽车零部件,481,150425617184.48,115452132176.48,57.64,-0.842938241872,2609743532,2002986332,18.48005284,20.06216274,4.21942765,17.56859683,16.22787395,3.73023849,0.66756398,2025-07-08 00:00:00
600660,600660.SH,福耀玻璃,10003970,069001001001,016035,汽车零部件,481,151704391515.16,116433595479.16,58.13,0,2609743532,2002986332,18.63715252,20.232712,4.25529718,17.71794819,16.36582778,3.7619494,0.67323897,2025-07-07 00:00:00
600660,600660.SH,福耀玻璃,10003970,069001001001,016035,汽车零部件,481,151704391515.16,116433595479.16,58.13,1.608110470198,2609743532,2002986332,18.63715252,20.232712,4.25529718,17.71794819,16.36582778,3.7619494,0.67323897,2025-07-04 00:00:00
600660,600660.SH,福耀玻璃,10003970,069001001001,016035,汽车零部件,481,149303427465.72,114590848053.72,57.21,0.140031507089,2609743532,2002986332,18.34218985,19.91249705,4.18795031,17.43753339,16.10681244,3.70241055,0.66258389,2025-07-03 00:00:00
600660,600660.SH,福耀玻璃,10003970,069001001001,016035,汽车零部件,481,149094647983.16,114430609147.16,57.13,0.457183049059,2609743532,2002986332,18.31654092,19.88465228,4.18209406,17.4131495,16.08428937,3.69723326,0.66165736,2025-07-02 00:00:00
600660,600660.SH,福耀玻璃,10003970,069001001001,016035,汽车零部件,481,148416114664.84,113909832700.84,56.87,-0.245570952464,2609743532,2002986332,18.2331819,19.79415675,4.16306125,17.33390184,16.01108938,3.68040706,0.65864614,2025-07-01 00:00:00
600660,600660.SH,福耀玻璃,10003970,069001001001,016035,汽车零部件,481,148781478759.32,114190250787.32,57.01,-0.610181311018,2609743532,2002986332,18.27806753,19.84288511,4.17330969,17.37657365,16.05050476,3.68946732,0.66026756,2025-06-30 00:00:00
600660,600660.SH,福耀玻璃,10003970,069001001001,016035,汽车零部件,481,149694888995.52,114891296003.52,57.36,0.666900666901,2609743532,2002986332,18.39028159,19.96470601,3.96757817,17.4832532,16.1490432,3.71211797,0.66432113,2025-06-27 00:00:00
600660,600660.SH,福耀玻璃,10003970,069001001001,016035,汽车零部件,481,148703186453.36,114130161197.36,56.98,-1.741679599931,2609743532,2002986332,18.26844918,19.83244332,3.94129366,17.36742969,16.0420586,3.68752584,0.65992012,2025-06-26 00:00:00
600660,600660.SH,福耀玻璃,10003970,069001001001,016035,汽车零部件,481,151339027420.68,116153177392.68,57.99,0.904819906038,2609743532,2002986332,18.5922669,20.18398364,4.01115513,17.67527638,16.3264124,3.75288914,0.67161754,2025-06-25 00:00:00
600660,600660.SH,福耀玻璃,10003970,069001001001,016035,汽车零部件,481,149981960784.04,115111624500.04,57.47,1.197393907378,2609743532,2002986332,18.42554887,20.00299258,3.97518685,17.51678105,16.18001242,3.71923675,0.6655951,2025-06-24 00:00:00
600660,600660.SH,福耀玻璃,10003970,069001001001,016035,汽车零部件,481,148207335182.28,113749593794.28,56.79,-1.491760624458,2609743532,2002986332,18.20753298,19.76631197,3.9281514,17.30951794,15.98856631,3.67522977,0.65771961,2025-06-23 00:00:00
600660,600660.SH,福耀玻璃,10003970,069001001001,016035,汽车零部件,481,150451714619.8,115472162039.8,57.65,1.407211961302,2609743532,2002986332,18.48325895,20.06564334,3.9876374,17.57164482,16.23068934,3.73088565,0.66767979,2025-06-20 00:00:00
600660,600660.SH,福耀玻璃,10003970,069001001001,016035,汽车零部件,481,148363919794.2,113869772974.2,56.85,-1.078823734122,2609743532,2002986332,18.22676967,19.78719555,3.93230159,17.32780586,16.00545861,3.67911274,0.65841451,2025-06-19 00:00:00
600660,600660.SH,福耀玻璃,10003970,069001001001,016035,汽车零部件,481,149981960784.04,115111624500.04,57.47,0.472027972028,2609743532,2002986332,18.42554887,20.00299258,3.97518685,17.51678105,16.18001242,3.71923675,0.6655951,2025-06-18 00:00:00
600660,600660.SH,福耀玻璃,10003970,069001001001,016035,汽车零部件,481,149277330030.4,114570818190.4,57.2,-1.294219154443,2609743532,2002986332,18.33898373,19.90901646,3.95651101,17.43448541,16.10399705,3.70176339,0.66246807,2025-06-17 00:00:00
600660,600660.SH,福耀玻璃,10003970,069001001001,016035,汽车零部件,481,151234637679.4,116073057939.4,57.95,0.433275563258,2609743532,2002986332,18.57944244,20.17006125,4.00838834,17.66308443,16.31515086,3.7503005,0.67115428,2025-06-16 00:00:00
600660,600660.SH,福耀玻璃,10003970,069001001001,016035,汽车零部件,481,150582201796.4,115572311356.4,57.7,-0.482925146602,2609743532,2002986332,18.49928953,20.08304632,3.99109589,17.58688475,16.24476626,3.73412146,0.66825887,2025-06-13 00:00:00
600660,600660.SH,福耀玻璃,10003970,069001001001,016035,汽车零部件,481,151312929985.36,116133147529.36,57.98,-0.736175312446,2609743532,2002986332,18.58906078,20.18050305,4.01046343,17.67222839,16.32359701,3.75224198,0.67150172,2025-06-12 00:00:00
600660,600660.SH,福耀玻璃,10003970,069001001001,016035,汽车零部件,481,152435119704.12,116994431652.12,58.41,1.972765363128,2609743532,2002986332,18.72692377,20.33016873,4.04020643,17.80329183,16.44465853,3.78006992,0.67648182,2025-06-11 00:00:00
600660,600660.SH,福耀玻璃,10003970,069001001001,016035,汽车零部件,481,149486109512.96,114731057096.96,57.28,-0.469157254561,2609743532,2002986332,18.36463266,19.93686124,3.96204459,17.4588693,16.12652013,3.70694068,0.6633946,2025-06-10 00:00:00
600660,600660.SH,福耀玻璃,10003970,069001001001,016035,汽车零部件,481,150190740266.6,115271863406.6,57.55,-0.570145127851,2609743532,2002986332,18.45119779,20.03083736,3.98072043,17.54116495,16.2025355,3.72441404,0.66652163,2025-06-09 00:00:00
600660,600660.SH,福耀玻璃,10003970,069001001001,016035,汽车零部件,481,151051955632.16,115932848896.16,57.88,-0.10355540214,2609743532,2002986332,18.55699962,20.14569707,4.00354645,17.64174852,16.29544317,3.74577037,0.67034356,2025-06-06 00:00:00
600660,600660.SH,福耀玻璃,10003970,069001001001,016035,汽车零部件,481,151208540244.08,116053028076.08,57.94,1.649122807018,2609743532,2002986332,18.57623632,20.16658066,4.00769664,17.66003644,16.31233548,3.74965334,0.67103846,2025-06-05 00:00:00
600660,600660.SH,福耀玻璃,10003970,069001001001,016035,汽车零部件,481,148755381324,114170220924,57,-1.84260375409,2609743532,2002986332,18.27486141,19.83940451,3.94267705,17.37352567,16.04768937,3.68882016,0.66015175,2025-06-04 00:00:00
600660,600660.SH,福耀玻璃,10003970,069001001001,016035,汽车零部件,481,151547806903.24,116313416299.24,58.07,0.172503018803,2609743532,2002986332,18.61791583,20.21182842,4.01668871,17.69966027,16.34893547,3.75806643,0.67254407,2025-06-03 00:00:00
600660,600660.SH,福耀玻璃,10003970,069001001001,016035,汽车零部件,481,151286832550.04,116113117666.04,57.97,-0.651242502142,2609743532,2002986332,18.58585467,20.17702245,4.00977173,17.6691804,16.32078163,3.75159482,0.67138591,2025-05-30 00:00:00
600660,600660.SH,福耀玻璃,10003970,069001001001,016035,汽车零部件,481,152278535092.2,116874252472.2,58.35,-0.511508951407,2609743532,2002986332,18.70768708,20.30928514,4.03605625,17.78500391,16.42776623,3.77618695,0.67578692,2025-05-29 00:00:00
600660,600660.SH,福耀玻璃,10003970,069001001001,016035,汽车零部件,481,153061458151.8,117475148371.8,58.65,0.085324232082,2609743532,2002986332,18.80387056,20.41370306,4.05680718,17.87644352,16.51222775,3.7956018,0.6792614,2025-05-28 00:00:00
600660,600660.SH,福耀玻璃,10003970,069001001001,016035,汽车零部件,481,152930970975.2,117374999055.2,58.6,-1.990299381167,2609743532,2002986332,18.78783998,20.39630008,4.05334869,17.86120358,16.49815083,3.79236599,0.67868232,2025-05-27 00:00:00
600660,600660.SH,福耀玻璃,10003970,069001001001,016035,汽车零部件,481,156036565778.28,119758552790.28,59.79,-0.845771144279,2609743532,2002986332,19.16936779,20.81049115,4.13566072,18.22391403,16.83318154,3.8693782,0.69246444,2025-05-26 00:00:00
600660,600660.SH,福耀玻璃,10003970,069001001001,016035,汽车零部件,481,157367534979.6,120780075819.6,60.3,2.203389830508,2609743532,2002986332,19.3328797,20.98800162,4.1709373,18.37936136,16.97676613,3.90238343,0.69837106,2025-05-23 00:00:00
600660,600660.SH,福耀玻璃,10003970,069001001001,016035,汽车零部件,481,153974868388,118176193588,59,3.200979534721,2609743532,2002986332,18.91608462,20.53552397,4.0810166,17.98312306,16.61076619,3.81825245,0.68331497,2025-05-22 00:00:00
600660,600660.SH,福耀玻璃,10003970,069001001001,016035,汽车零部件,481,149199037724.44,114510728600.44,57.17,-0.452725056591,2609743532,2002986332,18.32936538,19.89857467,3.95443591,17.42534145,16.0955509,3.69982191,0.66212062,2025-05-21 00:00:00
600660,600660.SH,福耀玻璃,10003970,069001001001,016035,汽车零部件,481,149877571042.76,115031505046.76,57.43,1.055780397677,2609743532,2002986332,18.4127244,19.98907019,3.97242005,17.50458911,16.16875089,3.7166481,0.66513184,2025-05-20 00:00:00
600660,600660.SH,福耀玻璃,10003970,069001001001,016035,汽车零部件,481,148311724923.56,113829713247.56,56.83,-0.403084472485,2609743532,2002986332,18.22035744,19.78023436,3.93091819,17.32170989,15.99982784,3.67781842,0.65818287,2025-05-19 00:00:00
600660,600660.SH,福耀玻璃,10003970,069001001001,016035,汽车零部件,481,148911965935.92,114290400103.92,57.06,0.68819481207,2609743532,2002986332,18.29409811,19.8602881,3.94682724,17.39181359,16.06458168,3.69270313,0.66084664,2025-05-16 00:00:00
600660,600660.SH,福耀玻璃,10003970,069001001001,016035,汽车零部件,481,147894165958.44,113509235434.44,56.67,0.764580369844,2609743532,2002986332,18.16905958,19.7245448,3.91985103,17.2729421,15.9547817,3.66746383,0.65632982,2025-05-15 00:00:00
600660,600660.SH,福耀玻璃,10003970,069001001001,016035,汽车零部件,481,146771976239.68,112647951311.68,56.24,-0.283687943262,2609743532,2002986332,18.03119659,19.57487912,3.89010802,17.14187866,15.83372018,3.63963589,0.65134972,2025-05-14 00:00:00
600660,600660.SH,福耀玻璃,10003970,069001001001,016035,汽车零部件,481,147189535204.8,112968429124.8,56.4,-0.84388185654,2609743532,2002986332,18.08249445,19.63056867,3.90117519,17.19064645,15.87876633,3.64999048,0.65320278,2025-05-13 00:00:00
600660,600660.SH,福耀玻璃,10003970,069001001001,016035,汽车零部件,481,148442212100.16,113929862564.16,56.88,1.354240912331,2609743532,2002986332,18.23638802,19.79763734,3.93437668,17.33694982,16.01390476,3.68105422,0.65876195,2025-05-12 00:00:00
600660,600660.SH,福耀玻璃,10003970,069001001001,016035,汽车零部件,481,146458807015.84,112407592951.84,56.12,-0.566973777463,2609743532,2002986332,17.9927232,19.53311195,3.88180765,17.10530281,15.79993557,3.63186996,0.64995993,2025-05-09 00:00:00
600660,600660.SH,福耀玻璃,10003970,069001001001,016035,汽车零部件,481,151991463303.68,116653923975.68,58.24,1.181375955525,2609743532,2002986332,18.6724198,20.27099857,4.02844757,17.75147605,16.396797,3.76906818,0.67451294,2025-05-08 00:00:00
600660,600660.SH,福耀玻璃,10003970,069001001001,016035,汽车零部件,481,150216837701.92,115291893269.92,57.56,-0.758620689655,2609743532,2002986332,18.45440391,20.03431796,3.98141212,17.54421294,16.20535088,3.7250612,0.66663745,2025-05-07 00:00:00
600660,600660.SH,福耀玻璃,10003970,069001001001,016035,汽车零部件,481,151365124856,116173207256,58,-0.20646937371,2609743532,2002986332,18.59547302,20.18746424,4.01184682,17.67832436,16.32922778,3.7535363,0.67173336,2025-05-06 00:00:00
600660,600660.SH,福耀玻璃,10003970,069001001001,016035,汽车零部件,481,151678294079.84,116413565615.84,58.12,-0.017202821263,2609743532,2002986332,18.63394641,20.22923141,4.0201472,17.71490021,16.36301239,3.76130224,0.67312315,2025-04-30 00:00:00
600660,600660.SH,福耀玻璃,10003970,069001001001,016035,汽车零部件,481,151704391515.16,116433595479.16,58.13,2.018252018252,2609743532,2002986332,18.63715252,20.232712,4.0208389,17.71794819,16.36582778,3.7619494,0.67323897,2025-04-29 00:00:00
600660,600660.SH,福耀玻璃,10003970,069001001001,016035,汽车零部件,481,148703186453.36,114130161197.36,56.98,-0.070150824272,2609743532,2002986332,18.26844918,19.83244332,3.94129366,17.36742969,16.0420586,3.68752584,0.65992012,2025-04-28 00:00:00
600660,600660.SH,福耀玻璃,10003970,069001001001,016035,汽车零部件,481,148807576194.64,114210280650.64,57.02,0.0702000702,2609743532,2002986332,18.28127364,19.84636571,3.94406045,17.37962164,16.05332014,3.69011448,0.66038338,2025-04-25 00:00:00
600660,600660.SH,福耀玻璃,10003970,069001001001,016035,汽车零部件,481,148703186453.36,114130161197.36,56.98,0.193423597679,2609743532,2002986332,18.26844918,19.83244332,3.94129366,17.36742969,16.0420586,3.68752584,0.65992012,2025-04-24 00:00:00
600660,600660.SH,福耀玻璃,10003970,069001001001,016035,汽车零部件,481,148416114664.84,113909832700.84,56.87,1.662495530926,2609743532,2002986332,18.2331819,19.79415675,3.93368498,17.33390184,16.01108938,3.68040706,0.65864614,2025-04-23 00:00:00
600660,600660.SH,福耀玻璃,10003970,069001001001,016035,汽车零部件,481,145989053180.08,112047055412.08,55.94,0.992959017873,2609743532,2002986332,17.93501311,19.4704612,3.86935709,17.05043905,15.74925866,3.62022105,0.64787524,2025-04-22 00:00:00
600660,600660.SH,福耀玻璃,10003970,069001001001,016035,汽车零部件,481,144553694237.48,110945412929.48,55.39,2.365551654038,2609743532,2002986332,17.75867673,19.27902835,3.83131372,16.88279977,15.59441253,3.58462717,0.64150536,2025-04-21 00:00:00
600660,600660.SH,福耀玻璃,10003970,069001001001,016035,汽车零部件,481,141213222516.52,108381590424.52,54.11,-0.423260949577,2609743532,2002986332,17.34829388,18.8335119,3.74277641,16.49265744,15.23404337,3.50179051,0.6266809,2025-04-18 00:00:00
600660,600660.SH,福耀玻璃,10003970,069001001001,016035,汽车零部件,481,141813463528.88,108842277280.88,54.34,-0.983965014577,2609743532,2002986332,18.91356563,18.91356563,3.75868546,16.56276114,16.56276114,3.61292932,0.62934467,2025-04-17 00:00:00
600660,600660.SH,福耀玻璃,10003970,069001001001,016035,汽车零部件,481,143222725036.16,109923889900.16,54.88,0.512820512821,2609743532,2002986332,19.10151789,19.10151789,3.79603713,16.72735243,16.72735243,3.64883256,0.63559874,2025-04-16 00:00:00
600660,600660.SH,福耀玻璃,10003970,069001001001,016035,汽车零部件,481,142491996847.2,109363053727.2,54.6,0.886917960089,2609743532,2002986332,19.00406116,19.00406116,3.7766696,16.6420088,16.6420088,3.63021607,0.63235588,2025-04-15 00:00:00
600660,600660.SH,福耀玻璃,10003970,069001001001,016035,汽车零部件,481,141239319951.84,108401620287.84,54.12,-1.6536434672,2609743532,2002986332,18.83699249,18.83699249,3.74346811,16.49570542,16.49570542,3.59830208,0.62679671,2025-04-14 00:00:00
600660,600660.SH,福耀玻璃,10003970,069001001001,016035,汽车零部件,481,143614186565.96,110224337849.96,55.03,0.787545787546,2609743532,2002986332,19.15372685,19.15372685,3.8064126,16.77307224,16.77307224,3.65880568,0.63733598,2025-04-11 00:00:00
600660,600660.SH,福耀玻璃,10003970,069001001001,016035,汽车零部件,481,142491996847.2,109363053727.2,54.6,1.998879133196,2609743532,2002986332,19.00406116,19.00406116,3.7766696,16.6420088,16.6420088,3.63021607,0.63235588,2025-04-10 00:00:00
600660,600660.SH,福耀玻璃,10003970,069001001001,016035,汽车零部件,481,139699571267.96,107219858351.96,53.53,-0.279433681073,2609743532,2002986332,18.63163725,18.63163725,3.70265794,16.31587419,16.31587419,3.55907447,0.61996356,2025-04-09 00:00:00
600660,600660.SH,福耀玻璃,10003970,069001001001,016035,汽车零部件,481,140091032797.76,107520306301.76,53.68,0,2609743532,2002986332,18.68384621,18.68384621,3.71303341,16.361594,16.361594,3.56904759,0.6217008,2025-04-08 00:00:00
600660,600660.SH,福耀玻璃,10003970,069001001001,016035,汽车零部件,481,140091032797.76,107520306301.76,53.68,-5.659050966608,2609743532,2002986332,18.68384621,18.68384621,3.71303341,16.361594,16.361594,3.56904759,0.6217008,2025-04-07 00:00:00
600660,600660.SH,福耀玻璃,10003970,069001001001,016035,汽车零部件,481,148494406970.8,113969922290.8,56.9,-0.784655623365,2609743532,2002986332,19.80459854,19.80459854,3.93576007,17.3430458,17.3430458,3.78313726,0.65899359,2025-04-03 00:00:00
600660,600660.SH,福耀玻璃,10003970,069001001001,016035,汽车零部件,481,149668791560.2,114871266140.2,57.35,-0.949913644214,2609743532,2002986332,19.96122542,19.96122542,3.96688647,17.48020521,17.48020521,3.81305662,0.66420531,2025-04-02 00:00:00
600660,600660.SH,福耀玻璃,10003970,069001001001,016035,汽车零部件,481,151104150502.8,115972908622.8,57.9,-1.143930339764,2609743532,2002986332,20.15265827,20.15265827,4.00492985,17.64784449,17.64784449,3.84962473,0.6705752,2025-04-01 00:00:00
600660,600660.SH,福耀玻璃,10003970,069001001001,016035,汽车零部件,481,152852678669.24,117314909465.24,58.57,0.566620879121,2609743532,2002986332,20.38585829,20.38585829,4.0512736,17.85205962,17.85205962,3.89417134,0.67833487,2025-03-31 00:00:00
600660,600660.SH,福耀玻璃,10003970,069001001001,016035,汽车零部件,481,151991463303.68,116653923975.68,58.24,0.017173278379,2609743532,2002986332,20.27099857,20.27099857,4.25813593,17.75147605,17.75147605,3.87223047,0.67451294,2025-03-28 00:00:00
600660,600660.SH,福耀玻璃,10003970,069001001001,016035,汽车零部件,481,151965365868.36,116633894112.36,58.23,1.128864188954,2609743532,2002986332,20.26751798,20.26751798,4.25740479,17.74842806,17.74842806,3.8715656,0.67439713,2025-03-27 00:00:00
600660,600660.SH,福耀玻璃,10003970,069001001001,016035,汽车零部件,481,150269032572.56,115331952996.56,57.58,-0.432301573578,2609743532,2002986332,20.04127915,20.04127915,4.20988095,17.55030891,17.55030891,3.82834874,0.66686908,2025-03-26 00:00:00
600660,600660.SH,福耀玻璃,10003970,069001001001,016035,汽车零部件,481,150921468455.56,115832699579.56,57.83,0.086535133264,2609743532,2002986332,20.12829409,20.12829409,4.22815935,17.62650858,17.62650858,3.84497061,0.66976448,2025-03-25 00:00:00
600660,600660.SH,福耀玻璃,10003970,069001001001,016035,汽车零部件,481,150790981278.96,115732550262.96,57.78,1.904761904762,2609743532,2002986332,20.1108911,20.1108911,4.22450367,17.61126865,17.61126865,3.84164623,0.6691854,2025-03-24 00:00:00
600660,600660.SH,福耀玻璃,10003970,069001001001,016035,汽车零部件,481,147972458264.4,113569325024.4,56.7,-0.421496311907,2609743532,2002986332,19.73498659,19.73498659,4.14554099,17.28208606,17.28208606,3.76983976,0.65667726,2025-03-21 00:00:00
600660,600660.SH,福耀玻璃,10003970,069001001001,016035,汽车零部件,481,148598796712.08,114050041744.08,56.94,-0.991131977047,2609743532,2002986332,19.81852093,19.81852093,4.16308825,17.35523775,17.35523775,3.78579676,0.65945685,2025-03-20 00:00:00
600660,600660.SH,福耀玻璃,10003970,069001001001,016035,汽车零部件,481,150086350525.32,115191743953.32,57.51,-4.863523573201,2609743532,2002986332,20.01691497,20.01691497,4.204763,17.528973,17.528973,3.82369462,0.66605837,2025-03-19 00:00:00
600660,600660.SH,福耀玻璃,10003970,069001001001,016035,汽车零部件,481,157758996509.4,121080523769.4,60.45,-1.063829787234,2609743532,2002986332,22.59475373,21.04021057,4.41971698,18.42508117,18.6484416,4.19029651,0.7001083,2025-03-18 00:00:00
600660,600660.SH,福耀玻璃,10003970,069001001001,016035,汽车零部件,481,159455329805.2,122382464885.2,61.1,-0.456174649723,2609743532,2002986332,22.83770807,21.2664494,4.46724082,18.62320032,18.84896247,4.23535346,0.70763635,2025-03-17 00:00:00
600660,600660.SH,福耀玻璃,10003970,069001001001,016035,汽车零部件,481,160186057994.16,122943301058.16,61.38,4.1928365303,2609743532,2002986332,22.94236532,21.36390612,4.48771262,18.70854395,18.9353407,4.25476261,0.7108792,2025-03-14 00:00:00
600660,600660.SH,福耀玻璃,10003970,069001001001,016035,汽车零部件,481,153739991470.12,117995924818.12,58.91,-0.135616206137,2609743532,2002986332,22.01913883,20.50419859,4.30712204,17.95569118,18.17336136,4.08354619,0.68227262,2025-03-13 00:00:00
600660,600660.SH,福耀玻璃,10003970,069001001001,016035,汽车零部件,481,153948770952.68,118156163724.68,58.99,3.545725820607,2609743532,2002986332,22.0490409,20.53204337,4.31297113,17.98007507,18.19804086,4.08909166,0.68319915,2025-03-12 00:00:00
600660,600660.SH,福耀玻璃,10003970,069001001001,016035,汽车零部件,481,148677089018.04,114110131334.04,56.97,0.635930047695,2609743532,2002986332,21.29401356,19.82896272,4.16528166,17.36438171,17.57488367,3.94906852,0.6598043,2025-03-11 00:00:00
600660,600660.SH,福耀玻璃,10003970,069001001001,016035,汽车零部件,481,147737581346.52,113389056254.52,56.61,1.089285714286,2609743532,2002986332,21.15945424,19.70366122,4.13896076,17.25465418,17.46382595,3.9241139,0.65563492,2025-03-10 00:00:00
600660,600660.SH,福耀玻璃,10003970,069001001001,016035,汽车零部件,481,146145637792,112167234592,56,0.376411543287,2609743532,2002986332,20.93145093,19.49134478,4.09436147,17.06872697,17.27564482,3.88182969,0.64857014,2025-03-07 00:00:00
600660,600660.SH,福耀玻璃,10003970,069001001001,016035,汽车零部件,481,145597591650.28,111746607462.28,55.79,-0.375,2609743532,2002986332,20.85295799,19.41825224,4.07900761,17.00471924,17.21086115,3.86727283,0.646138,2025-03-06 00:00:00
600660,600660.SH,福耀玻璃,10003970,069001001001,016035,汽车零部件,481,146145637792,112167234592,56,0.484478736767,2609743532,2002986332,20.93145093,19.49134478,4.09436147,17.06872697,17.27564482,3.88182969,0.64857014,2025-03-05 00:00:00
600660,600660.SH,福耀玻璃,10003970,069001001001,016035,汽车零部件,481,145441007038.36,111626428282.36,55.73,-0.411007862759,2609743532,2002986332,20.83053144,19.39736866,4.0746208,16.98643132,17.19235153,3.86311372,0.6454431,2025-03-04 00:00:00
600660,600660.SH,福耀玻璃,10003970,069001001001,016035,汽车零部件,481,146041248050.72,112087115138.72,55.96,-0.533238535371,2609743532,2002986332,20.9164999,19.47742239,4.09143692,17.05653502,17.26330507,3.87905695,0.64810687,2025-03-03 00:00:00
600660,600660.SH,福耀玻璃,10003970,069001001001,016035,汽车零部件,481,146824171110.32,112688011038.32,56.26,-0.495224619738,2609743532,2002986332,21.02863267,19.58184031,4.113371,17.14797463,17.35585317,3.89985247,0.65158136,2025-02-28 00:00:00
600660,600660.SH,福耀玻璃,10003970,069001001001,016035,汽车零部件,481,147554899299.28,113248847211.28,56.54,-0.597749648383,2609743532,2002986332,21.13328992,19.67929704,4.13384281,17.23331827,17.4422314,3.91926162,0.65482421,2025-02-27 00:00:00
600660,600660.SH,福耀玻璃,10003970,069001001001,016035,汽车零部件,481,148442212100.16,113929862564.16,56.88,1.69855176113,2609743532,2002986332,21.26037373,19.79763734,4.15870143,17.33694982,17.54711924,3.94282987,0.65876195,2025-02-26 00:00:00
600660,600660.SH,福耀玻璃,10003970,069001001001,016035,汽车零部件,481,145962955744.76,112027025548.76,55.93,-1.549023059321,2609743532,2002986332,20.90528662,19.4669806,4.08924352,17.04739106,17.25405026,3.8769774,0.64775943,2025-02-25 00:00:00
600660,600660.SH,福耀玻璃,10003970,069001001001,016035,汽车零部件,481,148259530052.92,113789653520.92,56.81,-1.661762160291,2609743532,2002986332,21.23420942,19.77327316,4.15358348,17.31561391,17.52552468,3.93797758,0.65795124,2025-02-24 00:00:00
600660,600660.SH,福耀玻璃,10003970,069001001001,016035,汽车零部件,481,150764883843.64,115712520399.64,57.77,0.749912800837,2609743532,2002986332,21.59303429,20.1074105,4.22377254,17.60822066,17.82167859,4.00452323,0.66906959,2025-02-21 00:00:00
600660,600660.SH,福耀玻璃,10003970,069001001001,016035,汽车零部件,481,149642694124.88,114851236276.88,57.34,0.192206884501,2609743532,2002986332,21.43231065,19.95774482,4.19233369,17.47715722,17.68902632,3.97471633,0.66408949,2025-02-20 00:00:00
600660,600660.SH,福耀玻璃,10003970,069001001001,016035,汽车零部件,481,149355622336.36,114630907780.36,57.23,-0.330895158481,2609743532,2002986332,21.3911953,19.91945825,4.18429119,17.44362937,17.65509202,3.9670913,0.66281552,2025-02-19 00:00:00
600660,600660.SH,福耀玻璃,10003970,069001001001,016035,汽车零部件,481,149851473607.44,115011475183.44,57.42,1.002638522427,2609743532,2002986332,21.46221272,19.9855896,4.19818278,17.50154112,17.71370581,3.9802618,0.66501602,2025-02-18 00:00:00
600660,600660.SH,福耀玻璃,10003970,069001001001,016035,汽车零部件,481,148363919794.2,113869772974.2,56.85,-0.854551796303,2609743532,2002986332,21.24916045,19.78719555,4.15650803,17.32780586,17.53786443,3.94075032,0.65841451,2025-02-17 00:00:00
600660,600660.SH,福耀玻璃,10003970,069001001001,016035,汽车零部件,481,149642694124.88,114851236276.88,57.34,0.773286467487,2609743532,2002986332,21.43231065,19.95774482,4.19233369,17.47715722,17.68902632,3.97471633,0.66408949,2025-02-14 00:00:00
600660,600660.SH,福耀玻璃,10003970,069001001001,016035,汽车零部件,481,148494406970.8,113969922290.8,56.9,-0.922862615358,2609743532,2002986332,21.26784925,19.80459854,4.16016371,17.3430458,17.55328911,3.94421624,0.65899359,2025-02-13 00:00:00
600660,600660.SH,福耀玻璃,10003970,069001001001,016035,汽车零部件,481,149877571042.76,115031505046.76,57.43,0.402097902098,2609743532,2002986332,21.46595048,19.98907019,4.19891391,17.50458911,17.71679075,3.98095498,0.66513184,2025-02-12 00:00:00
600660,600660.SH,福耀玻璃,10003970,069001001001,016035,汽车零部件,481,149277330030.4,114570818190.4,57.2,-1.970865467009,2609743532,2002986332,21.37998202,19.90901646,4.18209779,17.43448541,17.64583721,3.96501175,0.66246807,2025-02-11 00:00:00
600660,600660.SH,福耀玻璃,10003970,069001001001,016035,汽车零部件,481,152278535092.2,116874252472.2,58.35,-0.273457528628,2609743532,2002986332,21.80982432,20.30928514,4.26617842,17.78500391,18.00060492,4.0447279,0.67578692,2025-02-10 00:00:00
600660,600660.SH,福耀玻璃,10003970,069001001001,016035,汽车零部件,481,152696094057.32,117194730285.32,58.51,-0.153583617747,2609743532,2002986332,21.86962846,20.3649747,4.2778766,17.8337717,18.0499639,4.05581884,0.67763998,2025-02-07 00:00:00
600660,600660.SH,福耀玻璃,10003970,069001001001,016035,汽车零部件,481,152930970975.2,117374999055.2,58.6,-1.263689974726,2609743532,2002986332,21.9032683,20.39630008,4.28445682,17.86120358,18.07772833,4.06205749,0.67868232,2025-02-06 00:00:00
600660,600660.SH,福耀玻璃,10003970,069001001001,016035,汽车零部件,481,154888278624.2,118877238804.2,59.35,-0.402752139621,2609743532,2002986332,22.18360023,20.65734487,4.33929202,18.0898026,18.30909857,4.11404628,0.68736853,2025-02-05 00:00:00
600660,600660.SH,福耀玻璃,10003970,069001001001,016035,汽车零部件,481,155514617071.88,119357955523.88,59.59,0.336757029803,2609743532,2002986332,22.27330645,20.74087921,4.35683928,18.16295429,18.38313705,4.1306827,0.69014812,2025-01-27 00:00:00
600660,600660.SH,福耀玻璃,10003970,069001001001,016035,汽车零部件,481,154992668365.48,118957358257.48,59.39,1.660390277302,2609743532,2002986332,22.19855126,20.67126726,4.34221656,18.10199455,18.32143832,4.11681902,0.68783179,2025-01-24 00:00:00
600660,600660.SH,福耀玻璃,10003970,069001001001,016035,汽车零部件,481,152461217139.44,117014461515.44,58.42,-0.831777287388,2609743532,2002986332,21.83598863,20.33364933,4.27129637,17.80633981,18.02219947,4.04958018,0.67659763,2025-01-23 00:00:00
600660,600660.SH,福耀玻璃,10003970,069001001001,016035,汽车零部件,481,153739991470.12,117995924818.12,58.91,-1.074727120067,2609743532,2002986332,22.01913883,20.50419859,4.30712204,17.95569118,18.17336136,4.08354619,0.68227262,2025-01-22 00:00:00
600660,600660.SH,福耀玻璃,10003970,069001001001,016035,汽车零部件,481,155410227330.6,119277836070.6,59.55,0.084033613445,2609743532,2002986332,22.25835541,20.72695682,4.35391474,18.15076234,18.37079731,4.12790996,0.68968485,2025-01-21 00:00:00
600660,600660.SH,福耀玻璃,10003970,069001001001,016035,汽车零部件,481,155279740154,119177686754,59.5,-1.146369828875,2609743532,2002986332,22.23966661,20.70955383,4.35025906,18.13552241,18.35537262,4.12444404,0.68910577,2025-01-20 00:00:00
600660,600660.SH,福耀玻璃,10003970,069001001001,016035,汽车零部件,481,157080463191.08,120559747323.08,60.19,-1.003289473684,2609743532,2002986332,22.49757199,20.94971505,4.40070744,18.34583351,18.56823325,4.17227373,0.69709708,2025-01-17 00:00:00
600660,600660.SH,福耀玻璃,10003970,069001001001,016035,汽车零部件,481,158672406745.6,121781568985.6,60.8,0.396301188904,2609743532,2002986332,22.7255753,21.16203148,4.44530674,18.53176071,18.75641438,4.21455795,0.70416186,2025-01-16 00:00:00
600660,600660.SH,福耀玻璃,10003970,069001001001,016035,汽车零部件,481,158046068297.92,121300852265.92,60.56,-1.11038536904,2609743532,2002986332,22.63586908,21.07849714,4.42775947,18.45860902,18.6823759,4.19792153,0.70138228,2025-01-15 00:00:00
600660,600660.SH,福耀玻璃,10003970,069001001001,016035,汽车零部件,481,159820693899.68,122662882971.68,61.24,2.579564489112,2609743532,2002986332,22.8900367,21.31517776,4.47747672,18.66587214,18.89215159,4.24505804,0.70925777,2025-01-14 00:00:00
600660,600660.SH,福耀玻璃,10003970,069001001001,016035,汽车零部件,481,155801688860.4,119578284020.4,59.7,-0.5,2609743532,2002986332,22.3144218,20.77916578,4.36488178,18.19648215,18.41707135,4.13830772,0.69142209,2025-01-13 00:00:00
600660,600660.SH,福耀玻璃,10003970,069001001001,016035,汽车零部件,481,156584611920,120179179920,60,-1.768172888016,2609743532,2002986332,22.42655457,20.8835837,4.38681586,18.28792175,18.50961945,4.15910324,0.69489658,2025-01-10 00:00:00
600660,600660.SH,福耀玻璃,10003970,069001001001,016035,汽车零部件,481,159403134934.56,122342405158.56,61.08,-0.310102823568,2609743532,2002986332,22.83023255,21.2594882,4.46577854,18.61710435,18.8427926,4.23396709,0.70740471,2025-01-09 00:00:00
600660,600660.SH,福耀玻璃,10003970,069001001001,016035,汽车零部件,481,159898986205.64,122722972561.64,61.27,2.150716905635,2609743532,2002986332,22.90124997,21.32561955,4.47967013,18.6750161,18.9014064,4.24713759,0.70960522,2025-01-08 00:00:00
600660,600660.SH,福耀玻璃,10003970,069001001001,016035,汽车零部件,481,156532417049.36,120139120193.36,59.98,0.789783229709,2609743532,2002986332,22.41907905,20.8766225,4.38535359,18.28182578,18.50344958,4.15771687,0.69466494,2025-01-07 00:00:00
600660,600660.SH,福耀玻璃,10003970,069001001001,016035,汽车零部件,481,155305837589.32,119197716617.32,59.51,0.2189289323,2609743532,2002986332,22.24340437,20.71303443,4.3509902,18.13857039,18.35845756,4.12513723,0.68922159,2025-01-06 00:00:00
600660,600660.SH,福耀玻璃,10003970,069001001001,016035,汽车零部件,481,154966570930.16,118937328394.16,59.38,-1.77005789909,2609743532,2002986332,22.19481351,20.66778667,4.34148543,18.09894656,18.31835338,4.11612584,0.68771598,2025-01-03 00:00:00
600660,600660.SH,福耀玻璃,10003970,069001001001,016035,汽车零部件,481,157758996509.4,121080523769.4,60.45,-3.125,2609743532,2002986332,22.59475373,21.04021057,4.41971698,18.42508117,18.6484416,4.19029651,0.7001083,2025-01-02 00:00:00
600660,600660.SH,福耀玻璃,10003970,069001001001,016035,汽车零部件,481,162847996396.8,124986347116.8,62.4,0.418410041841,2609743532,2002986332,23.32361675,21.71892704,4.56228849,19.01943862,19.25000423,4.32546737,0.65425209,2024-12-31 00:00:00
600660,600660.SH,福耀玻璃,10003970,069001001001,016035,汽车零部件,481,162169463078.48,124465570670.48,62.14,0.811161583387,2609743532,2002986332,23.22643502,28.80832947,4.85589138,21.26929538,19.16979588,4.30744458,0.65152604,2024-12-30 00:00:00
600660,600660.SH,福耀玻璃,10003970,069001001001,016035,汽车零部件,481,160864591312.48,123464077504.48,61.64,0.933355166203,2609743532,2002986332,23.03954706,28.57652766,4.81681919,21.09815525,19.01554905,4.27278539,0.64628364,2024-12-27 00:00:00
600660,600660.SH,福耀玻璃,10003970,069001001001,016035,汽车零部件,481,159377037499.24,122322375295.24,61.07,-0.68303789234,2609743532,2002986332,22.82649479,28.31227359,4.7722769,20.9030555,18.83970766,4.23327391,0.6403073,2024-12-26 00:00:00
600660,600660.SH,福耀玻璃,10003970,069001001001,016035,汽车零部件,481,160473129782.68,123163629554.68,61.49,2.17680292456,2609743532,2002986332,22.98348067,28.50698711,4.80509753,21.04681321,18.969275,4.26238763,0.64471092,2024-12-25 00:00:00
600660,600660.SH,福耀玻璃,10003970,069001001001,016035,汽车零部件,481,157054365755.76,120539717459.76,60.18,0.618625647885,2609743532,2002986332,22.49383423,27.89966636,4.7027284,20.59842607,18.56514831,4.17158055,0.63097582,2024-12-24 00:00:00
600660,600660.SH,福耀玻璃,10003970,069001001001,016035,汽车零部件,481,156088760648.92,119798612516.92,59.81,0.504116955134,2609743532,2002986332,22.35553715,27.72813302,4.67381498,20.47178237,18.45100566,4.14593274,0.62709644,2024-12-23 00:00:00
600660,600660.SH,福耀玻璃,10003970,069001001001,016035,汽车零部件,481,155305837589.32,119197716617.32,59.51,-1.717588769612,2609743532,2002986332,22.24340437,27.58905193,4.65037167,20.36909829,18.35845756,4.12513723,0.62395099,2024-12-20 00:00:00
600660,600660.SH,福耀玻璃,10003970,069001001001,016035,汽车零部件,481,158019970862.6,121280822402.6,60.55,2.696743554953,2609743532,2002986332,22.63213132,28.0711997,4.73164182,20.72506976,18.67929096,4.19722835,0.6348552,2024-12-19 00:00:00
600660,600660.SH,福耀玻璃,10003970,069001001001,016035,汽车零部件,481,153870478646.72,118096074134.72,58.96,0.272108843537,2609743532,2002986332,22.03782762,27.33406993,4.60739227,20.18084415,18.18878605,4.08701211,0.61818435,2024-12-18 00:00:00
600660,600660.SH,福耀玻璃,10003970,069001001001,016035,汽车零部件,481,153452919681.6,117775596321.6,58.8,2.564102564103,2609743532,2002986332,21.97802348,27.25989335,4.59488917,20.12607931,18.13942706,4.07592117,0.61650678,2024-12-17 00:00:00
600660,600660.SH,福耀玻璃,10003970,069001001001,016035,汽车零部件,481,149616596689.56,114831206413.56,57.33,-0.881742738589,2609743532,2002986332,21.42857289,26.57839602,4.48001694,19.62292733,17.68594139,3.97402314,0.60109411,2024-12-16 00:00:00
600660,600660.SH,福耀玻璃,10003970,069001001001,016035,汽车零部件,481,150947565890.88,115852729442.88,57.84,-0.754975978037,2609743532,2002986332,21.6191986,26.81483387,4.51987057,19.79749026,17.84327315,4.00937552,0.60644136,2024-12-13 00:00:00
600660,600660.SH,福耀玻璃,10003970,069001001001,016035,汽车零部件,481,152095853044.96,116734043428.96,58.28,1.621621621622,2609743532,2002986332,21.78366001,27.01881946,4.55425409,19.94809357,17.97901036,4.03987561,0.61105468,2024-12-12 00:00:00
600660,600660.SH,福耀玻璃,10003970,069001001001,016035,汽车零部件,481,149668791560.2,114871266140.2,57.35,1.325088339223,2609743532,2002986332,21.43604841,26.58766809,4.48157983,19.62977293,17.69211126,3.97540951,0.60130381,2024-12-11 00:00:00
600660,600660.SH,福耀玻璃,10003970,069001001001,016035,汽车零部件,481,147711483911.2,113369026391.2,56.6,0.461483848065,2609743532,2002986332,21.15571648,26.23996537,4.42297155,19.37306274,17.46074102,3.92342072,0.5934402,2024-12-10 00:00:00
600660,600660.SH,福耀玻璃,10003970,069001001001,016035,汽车零部件,481,147032950592.88,112848249944.88,56.34,0.46362339515,2609743532,2002986332,21.05853474,26.11942843,4.40265401,19.28406987,17.38053266,3.90539794,0.59071415,2024-12-09 00:00:00
600660,600660.SH,福耀玻璃,10003970,069001001001,016035,汽车零部件,481,146354417274.56,112327473498.56,56.08,0.053523639607,2609743532,2002986332,20.961353,25.99889148,4.38233647,19.195077,17.30032431,3.88737516,0.5879881,2024-12-06 00:00:00
600660,600660.SH,福耀玻璃,10003970,069001001001,016035,汽车零部件,481,146276124968.6,112267383908.6,56.05,-2.147346368715,2609743532,2002986332,20.95013973,25.98498337,4.37999214,19.18480859,17.2910695,3.88529561,0.58767355,2024-12-05 00:00:00
600660,600660.SH,福耀玻璃,10003970,069001001001,016035,汽车零部件,481,149486109512.96,114731057096.96,57.28,0.13986013986,2609743532,2002986332,21.4098841,26.55521584,4.47610972,19.60581331,17.6705167,3.97055722,0.60056987,2024-12-04 00:00:00
600660,600660.SH,福耀玻璃,10003970,069001001001,016035,汽车零部件,481,149277330030.4,114570818190.4,57.2,0.953053300388,2609743532,2002986332,21.37998202,26.51812755,4.46985817,19.57843089,17.64583721,3.96501175,0.59973108,2024-12-03 00:00:00
600660,600660.SH,福耀玻璃,10003970,069001001001,016035,汽车零部件,481,147868068523.12,113489205571.12,56.66,1.178571428571,2609743532,2002986332,21.17814303,26.26778159,4.42766021,19.39359955,17.47925063,3.92757982,0.59406929,2024-12-02 00:00:00
600660,600660.SH,福耀玻璃,10003970,069001001001,016035,汽车零部件,481,146145637792,112167234592,56,-1.077548136372,2609743532,2002986332,20.93145093,25.96180319,4.37608492,19.16769458,17.27564482,3.88182969,0.58714931,2024-11-29 00:00:00
600660,600660.SH,福耀玻璃,10003970,069001001001,016035,汽车零部件,481,147737581346.52,113389056254.52,56.61,-0.387119479148,2609743532,2002986332,21.15945424,26.24460141,4.42375299,19.37648554,17.46382595,3.9241139,0.59354505,2024-11-28 00:00:00
600660,600660.SH,福耀玻璃,10003970,069001001001,016035,汽车零部件,481,148311724923.56,113829713247.56,56.83,2.212230215827,2609743532,2002986332,21.24168494,26.3465942,4.44094475,19.4517872,17.53169456,3.93936395,0.59585171,2024-11-27 00:00:00
600660,600660.SH,福耀玻璃,10003970,069001001001,016035,汽车零部件,481,145101740379.2,111366040059.2,55.6,1.459854014599,2609743532,2002986332,20.78194057,25.77636174,4.34482717,19.03078247,17.15224736,3.85410233,0.58295539,2024-11-26 00:00:00
600660,600660.SH,福耀玻璃,10003970,069001001001,016035,汽车零部件,481,143013945553.6,109763650993.6,54.8,-2.160328512766,2609743532,2002986332,20.48291984,25.40547884,4.28231167,18.75695827,16.90545243,3.79864762,0.57456754,2024-11-25 00:00:00
600660,600660.SH,福耀玻璃,10003970,069001001001,016035,汽车零部件,481,146171735227.32,112187264455.32,56.01,-1.857368144384,2609743532,2002986332,20.93518869,25.96643923,4.37686637,19.17111738,17.27872976,3.88252287,0.58725416,2024-11-22 00:00:00
600660,600660.SH,福耀玻璃,10003970,069001001001,016035,汽车零部件,481,148938063371.24,114310429967.24,57.07,-0.105023630317,2609743532,2002986332,21.33139115,26.45785907,4.4596994,19.53393446,17.60573303,3.95600036,0.59836806,2024-11-21 00:00:00
600660,600660.SH,福耀玻璃,10003970,069001001001,016035,汽车零部件,481,149094647983.16,114430609147.16,57.13,-0.400976290098,2609743532,2002986332,21.35381771,26.48567529,4.46438806,19.55447127,17.62424265,3.96015946,0.59899715,2024-11-20 00:00:00
600660,600660.SH,福耀玻璃,10003970,069001001001,016035,汽车零部件,481,149694888995.52,114891296003.52,57.36,1.164021164021,2609743532,2002986332,21.43978617,26.59230413,4.48236127,19.63319573,17.6951962,3.97610269,0.60140865,2024-11-19 00:00:00
600660,600660.SH,福耀玻璃,10003970,069001001001,016035,汽车零部件,481,147972458264.4,113569325024.4,56.7,-1.185081910073,2609743532,2002986332,21.19309407,26.28632573,4.43078598,19.40729076,17.49159038,3.93035256,0.59448868,2024-11-18 00:00:00
600660,600660.SH,福耀玻璃,10003970,069001001001,016035,汽车零部件,481,149747083866.16,114931355730.16,57.38,0.227074235808,2609743532,2002986332,21.44726169,26.6015762,4.48392416,19.64004134,17.70136607,3.97748906,0.60161835,2024-11-15 00:00:00
600660,600660.SH,福耀玻璃,10003970,069001001001,016035,汽车零部件,481,149407817207,114670967507,57.25,-0.590380274353,2609743532,2002986332,21.39867082,26.54130773,4.47376539,19.5955449,17.66126189,3.96847767,0.60025533,2024-11-14 00:00:00
600660,600660.SH,福耀玻璃,10003970,069001001001,016035,汽车零部件,481,150295130007.88,115351982859.88,57.59,0.541201117318,2609743532,2002986332,21.52575463,26.69893296,4.50033448,19.71192019,17.76614974,3.99204592,0.60382016,2024-11-13 00:00:00
600660,600660.SH,福耀玻璃,10003970,069001001001,016035,汽车零部件,481,149486109512.96,114731057096.96,57.28,0,2609743532,2002986332,21.4098841,26.55521584,4.47610972,19.60581331,17.6705167,3.97055722,0.60056987,2024-11-12 00:00:00
600660,600660.SH,福耀玻璃,10003970,069001001001,016035,汽车零部件,481,149486109512.96,114731057096.96,57.28,0.052401746725,2609743532,2002986332,21.4098841,26.55521584,4.47610972,19.60581331,17.6705167,3.97055722,0.60056987,2024-11-11 00:00:00
600660,600660.SH,福耀玻璃,10003970,069001001001,016035,汽车零部件,481,149407817207,114670967507,57.25,-1.071366856748,2609743532,2002986332,21.39867082,26.54130773,4.47376539,19.5955449,17.66126189,3.96847767,0.60025533,2024-11-08 00:00:00
600660,600660.SH,福耀玻璃,10003970,069001001001,016035,汽车零部件,481,151025858196.84,115912819032.84,57.87,0.556038227628,2609743532,2002986332,21.63041188,26.82874198,4.5222149,19.80775867,17.85252796,4.01145507,0.60675591,2024-11-07 00:00:00
600660,600660.SH,福耀玻璃,10003970,069001001001,016035,汽车零部件,481,150190740266.6,115271863406.6,57.55,-1.031814273431,2609743532,2002986332,21.51080359,26.68038882,4.4972087,19.69822898,17.75380999,3.98927319,0.60340077,2024-11-06 00:00:00
600660,600660.SH,福耀玻璃,10003970,069001001001,016035,汽车零部件,481,151756586385.8,116473655205.8,58.15,0.954861111111,2609743532,2002986332,21.73506914,26.95855099,4.54409532,19.90359714,17.93890618,4.03086422,0.60969165,2024-11-05 00:00:00
600660,600660.SH,福耀玻璃,10003970,069001001001,016035,汽车零部件,481,150321227443.2,115372012723.2,57.6,1.123595505618,2609743532,2002986332,21.52949239,26.703569,4.50111592,19.715343,17.76923467,3.99273911,0.60392501,2024-11-04 00:00:00
600660,600660.SH,福耀玻璃,10003970,069001001001,016035,汽车零部件,481,148650991582.72,114090101470.72,56.96,-0.087703911594,2609743532,2002986332,21.2902758,26.40686268,4.45110352,19.49628363,17.57179873,3.94837534,0.59721473,2024-11-01 00:00:00
600660,600660.SH,福耀玻璃,10003970,069001001001,016035,汽车零部件,481,148781478759.32,114190250787.32,57.01,-2.796248934356,2609743532,2002986332,21.3089646,26.43004286,4.45501074,19.51339764,17.58722341,3.95184126,0.59773897,2024-10-31 00:00:00
600660,600660.SH,福耀玻璃,10003970,069001001001,016035,汽车零部件,481,153061458151.8,117475148371.8,58.65,-0.576368876081,2609743532,2002986332,21.92195709,27.19035281,4.58316751,20.07473727,18.09315301,4.06552341,0.61493406,2024-10-30 00:00:00
600660,600660.SH,福耀玻璃,10003970,069001001001,016035,汽车零部件,481,153948770952.68,118156163724.68,58.99,1.114158381899,2609743532,2002986332,22.0490409,27.34797804,4.6097366,20.19111256,18.19804086,4.08909166,0.61849889,2024-10-29 00:00:00
600660,600660.SH,福耀玻璃,10003970,069001001001,016035,汽车零部件,481,152252437656.88,116854222608.88,58.34,-3.394601755257,2609743532,2002986332,21.80608656,27.04663568,4.55894276,19.96863039,17.99751998,4.04403471,0.61168377,2024-10-28 00:00:00
600660,600660.SH,福耀玻璃,10003970,069001001001,016035,汽车零部件,481,157602411897.48,120960344589.48,60.39,-0.477916941332,2609743532,2002986332,22.57232717,27.99702312,4.71913872,20.67030492,18.62993198,4.18613741,0.63317763,2024-10-25 00:00:00
600660,600660.SH,福耀玻璃,10003970,069001001001,016035,汽车零部件,481,158359237521.76,121541210625.76,60.68,-1.76461065242,2609743532,2002986332,22.68072219,28.13146817,4.74180059,20.7695662,18.71939514,4.20623974,0.63621822,2024-10-24 00:00:00
600660,600660.SH,福耀玻璃,10003970,069001001001,016035,汽车零部件,481,161203857971.64,123724465727.64,61.77,1.461892247043,2609743532,2002986332,23.08813793,28.63679613,4.82697796,21.14265168,19.05565322,4.28179678,0.64764666,2024-10-23 00:00:00
600660,600660.SH,福耀玻璃,10003970,069001001001,016035,汽车零部件,481,158881186228.16,121941807892.16,60.88,3.731470437894,2609743532,2002986332,22.75547737,28.2241889,4.75742946,20.83802225,18.78109387,4.22010342,0.63831518,2024-10-22 00:00:00
600660,600660.SH,福耀玻璃,10003970,069001001001,016035,汽车零部件,481,153165847893.08,117555267825.08,58.69,0.153583617747,2609743532,2002986332,21.93690813,27.20889695,4.58629329,20.08842848,18.10549276,4.06829615,0.61535345,2024-10-21 00:00:00
600660,600660.SH,福耀玻璃,10003970,069001001001,016035,汽车零部件,481,152930970975.2,117374999055.2,58.6,3.06014773127,2609743532,2002986332,21.9032683,27.16717263,4.57926029,20.05762326,18.07772833,4.06205749,0.61440982,2024-10-18 00:00:00
600660,600660.SH,福耀玻璃,10003970,069001001001,016035,汽车零部件,481,148390017229.52,113889802837.52,56.86,2.064261353437,2609743532,2002986332,23.58534672,26.36050231,4.44328908,19.4620556,18.96359082,4.06888352,0.59616625,2024-10-17 00:00:00
600660,600660.SH,福耀玻璃,10003970,069001001001,016035,汽车零部件,481,145388812167.72,111586368555.72,55.71,-2.365930599369,2609743532,2002986332,23.10833038,25.82735814,4.35342305,19.0684333,18.58005003,3.98658989,0.58410872,2024-10-16 00:00:00
600660,600660.SH,福耀玻璃,10003970,069001001001,016035,汽车零部件,481,148911965935.92,114290400103.92,57.06,-2.042918454936,2609743532,2002986332,23.66830608,26.45322304,4.45891796,19.53051165,19.03029357,4.08319546,0.59826321,2024-10-15 00:00:00
600660,600660.SH,福耀玻璃,10003970,069001001001,016035,汽车零部件,481,152017560739,116673953839,58.25,0.708852005533,2609743532,2002986332,24.16191429,27.00491136,4.55190976,19.93782516,19.42717491,4.16835148,0.61074013,2024-10-14 00:00:00
600660,600660.SH,福耀玻璃,10003970,069001001001,016035,汽车零部件,481,150947565890.88,115852729442.88,57.84,-0.89102124743,2609743532,2002986332,23.99184759,26.81483387,4.51987057,19.79749026,19.29043428,4.13901201,0.60644136,2024-10-11 00:00:00
600660,600660.SH,福耀玻璃,10003970,069001001001,016035,汽车零部件,481,152304632527.52,116894282335.52,58.36,3.109540636042,2609743532,2002986332,24.20754194,27.05590776,4.56050564,19.97547599,19.46386142,4.17622305,0.61189346,2024-10-10 00:00:00
600660,600660.SH,福耀玻璃,10003970,069001001001,016035,汽车零部件,481,147711483911.2,113369026391.2,56.6,-2.865968766089,2609743532,2002986332,23.47749955,26.23996537,4.42297155,19.37306274,18.87687725,4.05027801,0.5934402,2024-10-09 00:00:00
600660,600660.SH,福耀玻璃,10003970,069001001001,016035,汽车零部件,481,152069755609.64,116714013565.64,58.27,0.120274914089,2609743532,2002986332,24.17021022,27.01418343,4.55347265,19.94467077,19.43384519,4.16978268,0.61094983,2024-10-08 00:00:00
600660,600660.SH,福耀玻璃,10003970,069001001001,016035,汽车零部件,481,151887073562.4,116573804522.4,58.2,7.281105990783,2609743532,2002986332,24.14117445,26.98173117,4.54800254,19.92071115,19.41049922,4.1647735,0.61021589,2024-09-30 00:00:00
600660,600660.SH,福耀玻璃,10003970,069001001001,016035,汽车零部件,481,141578586611,108662008511,54.25,2.86310200986,2609743532,2002986332,22.50272704,25.15049684,4.4763694,18.56870412,18.09311998,3.88211275,0.5688009,2024-09-27 00:00:00
600660,600660.SH,福耀玻璃,10003970,069001001001,016035,汽车零部件,481,137637873877.68,105637499149.68,52.74,0.841300191205,2609743532,2002986332,21.87638385,24.45045536,4.35177368,18.05186093,17.58951425,3.77405763,0.55296884,2024-09-26 00:00:00
600660,600660.SH,福耀玻璃,10003970,069001001001,016035,汽车零部件,481,136489586723.6,104756185163.6,52.3,2.10855134713,2609743532,2002986332,21.69387326,24.24646977,4.31546764,17.90125762,17.4427682,3.74257137,0.54835552,2024-09-25 00:00:00
600660,600660.SH,福耀玻璃,10003970,069001001001,016035,汽车零部件,481,133671063709.04,102592959925.04,51.22,-2.065009560229,2609743532,2002986332,21.2458927,23.74577785,4.22635282,17.53159493,17.08257337,3.66528692,0.53703193,2024-09-24 00:00:00
600660,600660.SH,福耀玻璃,10003970,069001001001,016035,汽车零部件,481,136489586723.6,104756185163.6,52.3,0.191570881226,2609743532,2002986332,21.69387326,24.24646977,4.31546764,17.90125762,17.4427682,3.74257137,0.54835552,2024-09-23 00:00:00
600660,600660.SH,福耀玻璃,10003970,069001001001,016035,汽车零部件,481,136228612370.4,104555886530.4,52.2,0,2609743532,2002986332,21.65239357,24.2001094,4.30721627,17.86702959,17.40941683,3.7354154,0.54730704,2024-09-20 00:00:00
600660,600660.SH,福耀玻璃,10003970,069001001001,016035,汽车零部件,481,136228612370.4,104555886530.4,52.2,0.869565217391,2609743532,2002986332,21.65239357,24.2001094,4.30721627,17.86702959,17.40941683,3.7354154,0.54730704,2024-09-19 00:00:00
600660,600660.SH,福耀玻璃,10003970,069001001001,016035,汽车零部件,481,135054227781,103654542681,51.75,4.334677419355,2609743532,2002986332,21.46573501,23.99148777,4.27008509,17.71300347,17.25933565,3.70321355,0.54258887,2024-09-18 00:00:00
600660,600660.SH,福耀玻璃,10003970,069001001001,016035,汽车零部件,481,129443279187.2,99348122067.2,49.6,2.776626605885,2609743532,2002986332,20.57392186,22.99473997,4.09268059,16.97710091,16.54228113,3.54936023,0.52004654,2024-09-13 00:00:00
600660,600660.SH,福耀玻璃,10003970,069001001001,016035,汽车零部件,481,125946222854.32,96664120382.32,48.26,-1.288607077112,2609743532,2002986332,20.01809414,22.37351111,3.9821122,16.51844536,16.09537272,3.45347026,0.50599689,2024-09-12 00:00:00
600660,600660.SH,福耀玻璃,10003970,069001001001,016035,汽车零部件,481,127590361279.48,97926001771.48,48.89,1.347429519071,2609743532,2002986332,20.27941613,22.66558139,4.03409585,16.73408193,16.30548638,3.49855286,0.51260232,2024-09-11 00:00:00
600660,600660.SH,福耀玻璃,10003970,069001001001,016035,汽车零部件,481,125894027983.68,96624060655.68,48.24,-0.330578512397,2609743532,2002986332,20.0097982,22.36423904,3.98046193,16.51159976,16.08870245,3.45203906,0.50578719,2024-09-10 00:00:00
600660,600660.SH,福耀玻璃,10003970,069001001001,016035,汽车零部件,481,126311586948.8,96944538468.8,48.4,-0.267875540903,2609743532,2002986332,20.07616569,22.43841562,3.99366412,16.5663646,16.14206465,3.46348861,0.50746476,2024-09-09 00:00:00
600660,600660.SH,福耀玻璃,10003970,069001001001,016035,汽车零部件,481,126650853607.96,97204926691.96,48.53,0.726442507264,2609743532,2002986332,20.13008928,22.49868409,4.00439091,16.61086103,16.18542143,3.47279137,0.50882779,2024-09-06 00:00:00
600660,600660.SH,福耀玻璃,10003970,069001001001,016035,汽车零部件,481,125737443371.76,96503881475.76,48.18,0.145499896072,2609743532,2002986332,19.98491039,22.33642282,3.97551111,16.49106294,16.06869163,3.44774548,0.50515811,2024-09-05 00:00:00
600660,600660.SH,福耀玻璃,10003970,069001001001,016035,汽车零部件,481,125554761324.52,96363672432.52,48.11,0.753926701571,2609743532,2002986332,19.95587461,22.30397056,3.96973515,16.46710332,16.04534566,3.44273631,0.50442417,2024-09-04 00:00:00
600660,600660.SH,福耀玻璃,10003970,069001001001,016035,汽车零部件,481,124615253653,95642597353,47.75,0.484006734007,2609743532,2002986332,19.80654776,22.13707326,3.94003021,16.34388243,15.92528072,3.41697482,0.50064964,2024-09-03 00:00:00
600660,600660.SH,福耀玻璃,10003970,069001001001,016035,汽车零部件,481,124015012640.64,95181910496.64,47.52,-0.772603883901,2609743532,2002986332,19.7111445,22.03044442,3.92105205,16.26515797,15.84857256,3.40051609,0.49823813,2024-09-02 00:00:00
600660,600660.SH,福耀玻璃,10003970,069001001001,016035,汽车零部件,481,124980617747.48,95923015439.48,47.89,-0.746113989637,2609743532,2002986332,19.86461932,22.20197777,3.95158213,16.39180167,15.97197264,3.42699318,0.50211751,2024-08-30 00:00:00
600660,600660.SH,福耀玻璃,10003970,069001001001,016035,汽车零部件,481,125920125419,96644090519,48.25,1.750316322227,2609743532,2002986332,20.01394617,22.36887507,3.98128707,16.51502256,16.09203759,3.45275466,0.50589204,2024-08-29 00:00:00
600660,600660.SH,福耀玻璃,10003970,069001001001,016035,汽车零部件,481,123754038287.44,94981611863.44,47.42,0.700785729454,2609743532,2002986332,19.66966481,21.98408406,3.91280068,16.23092995,15.81522119,3.39336012,0.49718965,2024-08-28 00:00:00
600660,600660.SH,福耀玻璃,10003970,069001001001,016035,汽车零部件,481,122892822921.88,94320626373.88,47.09,0.276831345826,2609743532,2002986332,19.53278187,21.83109486,3.88557115,16.11797746,15.70516166,3.36974543,0.49372966,2024-08-27 00:00:00
600660,600660.SH,福耀玻璃,10003970,069001001001,016035,汽车零部件,481,122553556262.72,94060238150.72,46.96,-0.676818950931,2609743532,2002986332,19.47885828,21.77082639,3.87484437,16.07348103,15.66180487,3.36044267,0.49236664,2024-08-26 00:00:00
600660,600660.SH,福耀玻璃,10003970,069001001001,016035,汽车零部件,481,123388674192.96,94701193776.96,47.28,1.56820622986,2609743532,2002986332,19.61159326,21.91917955,3.90124876,16.18301071,15.76852927,3.38334177,0.49572178,2024-08-23 00:00:00
600660,600660.SH,福耀玻璃,10003970,069001001001,016035,汽车零部件,481,121483561414.6,93239013754.6,46.55,1.39403180135,2609743532,2002986332,19.30879159,21.5807489,3.84101374,15.93314612,15.52506424,3.3311032,0.48806787,2024-08-22 00:00:00
600660,600660.SH,福耀玻璃,10003970,069001001001,016035,汽车零部件,481,119813325554.12,91957102502.12,45.91,0.635686102587,2609743532,2002986332,19.04332163,21.28404258,3.78820496,15.71408675,15.31161545,3.285305,0.48135759,2024-08-21 00:00:00
600660,600660.SH,福耀玻璃,10003970,069001001001,016035,汽车零部件,481,119056499929.84,91376236465.84,45.62,0.684175678658,2609743532,2002986332,18.92303055,21.14959753,3.76427598,15.61482548,15.21489647,3.2645527,0.47831699,2024-08-20 00:00:00
600660,600660.SH,福耀玻璃,10003970,069001001001,016035,汽车零部件,481,118247479434.92,90755310702.92,45.31,-2.180483592401,2609743532,2002986332,18.79444354,21.0058804,3.73869672,15.5087186,15.11150721,3.2423692,0.4750667,2024-08-19 00:00:00
600660,600660.SH,福耀玻璃,10003970,069001001001,016035,汽车零部件,481,120883320402.24,92778326898.24,46.32,1.223776223776,2609743532,2002986332,19.21338832,21.47412007,3.82203558,15.85442166,15.44835608,3.31464447,0.48565636,2024-08-16 00:00:00
600660,600660.SH,福耀玻璃,10003970,069001001001,016035,汽车零部件,481,119421864024.32,91656654552.32,45.76,1.015452538631,2609743532,2002986332,18.98110211,21.21450204,3.7758279,15.66274471,15.26158839,3.27457105,0.47978487,2024-08-15 00:00:00
600660,600660.SH,福耀玻璃,10003970,069001001001,016035,汽车零部件,481,118221381999.6,90735280839.6,45.3,0.621945801866,2609743532,2002986332,18.79029557,21.00124437,3.73787159,15.50529579,15.10817208,3.2416536,0.47496186,2024-08-14 00:00:00
600660,600660.SH,福耀玻璃,10003970,069001001001,016035,汽车零部件,481,117490653810.64,90174444666.64,45.02,-0.464293610436,2609743532,2002986332,18.67415247,20.87143535,3.71476775,15.40945732,15.01478823,3.22161689,0.47202611,2024-08-13 00:00:00
600660,600660.SH,福耀玻璃,10003970,069001001001,016035,汽车零部件,481,118038699952.36,90595071796.36,45.23,-0.505939287286,2609743532,2002986332,18.7612598,20.96879211,3.73209563,15.48133618,15.08482611,3.23664442,0.47422792,2024-08-12 00:00:00
600660,600660.SH,福耀玻璃,10003970,069001001001,016035,汽车零部件,481,118638940964.72,91055758652.72,45.46,0.708905626938,2609743532,2002986332,18.85666306,21.07542095,3.75107378,15.56006063,15.16153427,3.25310315,0.47663943,2024-08-09 00:00:00
600660,600660.SH,福耀玻璃,10003970,069001001001,016035,汽车零部件,481,117803823034.48,90414803026.48,45.14,0.378029797643,2609743532,2002986332,18.72392808,20.92706779,3.72466939,15.45053095,15.05480988,3.23020405,0.47328429,2024-08-08 00:00:00
600660,600660.SH,福耀玻璃,10003970,069001001001,016035,汽车零部件,481,117360166634.04,90074295350.04,44.97,4.898530440868,2609743532,2002986332,18.65341263,20.84825517,3.71064206,15.39234331,14.99811254,3.2180389,0.47150187,2024-08-07 00:00:00
600660,600660.SH,福耀玻璃,10003970,069001001001,016035,汽车零部件,481,111879705216.84,85868024052.84,42.87,0.351123595506,2609743532,2002986332,17.78122506,19.87468755,3.53736324,14.67355476,14.88325101,3.06774088,0.44948377,2024-08-06 00:00:00
600660,600660.SH,福耀玻璃,10003970,069001001001,016035,汽车零部件,481,111488243687.04,85567576103.04,42.72,-1.453287197232,2609743532,2002986332,17.71900944,19.80514701,3.52498619,14.62221272,14.83117526,3.05700701,0.44791105,2024-08-05 00:00:00
600660,600660.SH,福耀玻璃,10003970,069001001001,016035,汽车零部件,481,113132382112.2,86829457492.2,43.35,0.463499420626,2609743532,2002986332,17.98031505,20.09721729,3.57696983,14.83784929,15.04989343,3.10208927,0.45451648,2024-08-02 00:00:00
600660,600660.SH,福耀玻璃,10003970,069001001001,016035,汽车零部件,481,112610433405.8,86428860225.8,43.15,-4.132415018885,2609743532,2002986332,17.89736089,20.00449657,3.56046709,14.76939323,14.98045909,3.08777744,0.45241952,2024-08-01 00:00:00
600660,600660.SH,福耀玻璃,10003970,069001001001,016035,汽车零部件,481,117464556375.32,90154414803.32,45.01,-0.924499229584,2609743532,2002986332,18.66883461,20.86679932,3.71394261,15.40603452,15.62619846,3.22087747,0.47192126,2024-07-31 00:00:00
600660,600660.SH,福耀玻璃,10003970,069001001001,016035,汽车零部件,481,118560648658.76,90995669062.76,45.43,2.181736392263,2609743532,2002986332,18.84303836,21.06151284,3.74859837,15.54979223,15.77201058,3.25093231,0.47632488,2024-07-30 00:00:00
600660,600660.SH,福耀玻璃,10003970,069001001001,016035,汽车零部件,481,116029197432.72,89052772320.72,44.46,-5.924672027084,2609743532,2002986332,19.01316039,20.61181732,3.66856006,15.21778037,15.43525402,3.32041047,0.46615462,2024-07-29 00:00:00
600660,600660.SH,福耀玻璃,10003970,069001001001,016035,汽车零部件,481,123336479322.32,94661134050.32,47.26,-0.714285714286,2609743532,2002986332,20.2105704,21.90990748,3.89959848,16.1761651,16.4073348,3.52952314,0.49551208,2024-07-26 00:00:00
600660,600660.SH,福耀玻璃,10003970,069001001001,016035,汽车零部件,481,124223792123.2,95342149403.2,47.6,-0.230559631105,2609743532,2002986332,20.35597019,22.06753271,3.92765315,16.29254039,16.52537318,3.55491539,0.49907692,2024-07-25 00:00:00
600660,600660.SH,福耀玻璃,10003970,069001001001,016035,汽车零部件,481,124510863911.72,95562477899.72,47.71,-0.209161263334,2609743532,2002986332,20.4030113,22.11852911,3.93672966,16.33019122,16.56356207,3.56313054,0.50023025,2024-07-24 00:00:00
600660,600660.SH,福耀玻璃,10003970,069001001001,016035,汽车零部件,481,124771838264.92,95762776532.92,47.81,-2.825203252033,2609743532,2002986332,20.44577594,22.16488948,3.94498103,16.36441925,16.59827924,3.57059885,0.50127873,2024-07-23 00:00:00
600660,600660.SH,福耀玻璃,10003970,069001001001,016035,汽车零部件,481,128399381774.4,98546927534.4,49.2,1.234567901235,2609743532,2002986332,21.04020448,22.80929852,4.0596751,16.84018881,17.08084791,3.67440835,0.51585261,2024-07-22 00:00:00
600660,600660.SH,福耀玻璃,10003970,069001001001,016035,汽车零部件,481,126833535655.2,97345135735.2,48.6,-0.89722675367,2609743532,2002986332,20.78361662,22.53113634,4.01016687,16.63482065,16.87254489,3.62959849,0.50956173,2024-07-19 00:00:00
600660,600660.SH,福耀玻璃,10003970,069001001001,016035,汽车零部件,481,127981822809.28,98226449721.28,49.04,1.217750257998,2609743532,2002986332,20.97178105,22.73512194,4.04647291,16.78542397,17.02530044,3.66245905,0.51417504,2024-07-18 00:00:00
600660,600660.SH,福耀玻璃,10003970,069001001001,016035,汽车零部件,481,126442074125.4,97044687785.4,48.45,-0.960752248569,2609743532,2002986332,20.71946966,22.4615958,3.99778981,16.58347861,16.82046913,3.61839603,0.507989,2024-07-17 00:00:00
600660,600660.SH,福耀玻璃,10003970,069001001001,016035,汽车零部件,481,127668653585.44,97986091361.44,48.92,-0.690215184734,2609743532,2002986332,20.92046348,22.6794895,4.03657126,16.74435034,16.98363983,3.65349708,0.51291686,2024-07-16 00:00:00
600660,600660.SH,福耀玻璃,10003970,069001001001,016035,汽车零部件,481,128555966386.32,98667106714.32,49.26,1.546072974644,2609743532,2002986332,21.06586327,22.83711474,4.06462593,16.86072562,17.10167821,3.67888934,0.5164817,2024-07-15 00:00:00
600660,600660.SH,福耀玻璃,10003970,069001001001,016035,汽车零部件,481,126598658737.32,97164866965.32,48.51,-1.342281879195,2609743532,2002986332,20.74512844,22.48941202,4.00274063,16.60401543,16.84129943,3.62287701,0.50861809,2024-07-12 00:00:00
600660,600660.SH,福耀玻璃,10003970,069001001001,016035,汽车零部件,481,128321089468.44,98486837944.44,49.17,-0.121876904327,2609743532,2002986332,21.02737509,22.79539041,4.05719969,16.8299204,17.07043276,3.67216786,0.51553807,2024-07-11 00:00:00
600660,600660.SH,福耀玻璃,10003970,069001001001,016035,汽车零部件,481,128477674080.36,98607017124.36,49.23,1.026061974143,2609743532,2002986332,21.05303387,22.82320663,4.06215051,16.85045722,17.09126306,3.67664884,0.51616716,2024-07-10 00:00:00
600660,600660.SH,福耀玻璃,10003970,069001001001,016035,汽车零部件,481,127172802314.36,97605523958.36,48.73,3.045041234933,2609743532,2002986332,20.83921066,22.59140481,4.02089365,16.67931709,16.91767721,3.63930729,0.51092475,2024-07-09 00:00:00
600660,600660.SH,福耀玻璃,10003970,069001001001,016035,汽车零部件,481,123414771628.28,94721223640.28,47.29,-0.942605781315,2609743532,2002986332,20.22339979,21.92381559,3.90207389,16.18643351,16.41774995,3.53176364,0.49582663,2024-07-08 00:00:00
600660,600660.SH,福耀玻璃,10003970,069001001001,016035,汽车零部件,481,124589156217.68,95622567489.68,47.74,1.35881104034,2609743532,2002986332,20.41584069,22.13243722,3.93920507,16.34045963,16.57397722,3.56537103,0.50054479,2024-07-05 00:00:00
600660,600660.SH,福耀玻璃,10003970,069001001001,016035,汽车零部件,481,122918920357.2,94340656237.2,47.1,2.014294996751,2609743532,2002986332,20.14214697,21.8357309,3.88639629,16.12140026,16.35178733,3.51757385,0.49383451,2024-07-04 00:00:00
600660,600660.SH,福耀玻璃,10003970,069001001001,016035,汽车零部件,481,120491858872.44,92477878948.44,46.17,-1.849489795918,2609743532,2002986332,19.74443579,21.40457952,3.80965853,15.80307962,16.02891764,3.44811857,0.48408364,2024-07-03 00:00:00
600660,600660.SH,福耀玻璃,10003970,069001001001,016035,汽车零部件,481,122762335745.28,94220477057.28,47.04,-1.466275659824,2609743532,2002986332,20.11648819,21.80791468,3.88144546,16.10086345,16.33095703,3.51309286,0.49320542,2024-07-02 00:00:00
600660,600660.SH,福耀玻璃,10003970,069001001001,016035,汽车零部件,481,124589156217.68,95622567489.68,47.74,-0.334029227557,2609743532,2002986332,20.41584069,22.13243722,3.93920507,16.34045963,16.57397722,3.56537103,0.50054479,2024-07-01 00:00:00
600660,600660.SH,福耀玻璃,10003970,069001001001,016035,汽车零部件,481,125006715182.8,95943045302.8,47.9,0.948366701791,2609743532,2002986332,20.48426412,22.2066138,3.80409994,16.39522447,16.62952469,3.57732032,0.50222236,2024-06-28 00:00:00
600660,600660.SH,福耀玻璃,10003970,069001001001,016035,汽车零部件,481,123832330593.4,95041701453.4,47.45,-0.189314261674,2609743532,2002986332,20.29182322,21.99799217,3.76836205,16.24119835,16.47329742,3.54371293,0.4975042,2024-06-27 00:00:00
600660,600660.SH,福耀玻璃,10003970,069001001001,016035,汽车零部件,481,124067207511.28,95221970223.28,47.54,3.056579232604,2609743532,2002986332,20.3303114,22.0397165,3.77550963,16.27200358,16.50454288,3.55043441,0.49844783,2024-06-26 00:00:00
600660,600660.SH,福耀玻璃,10003970,069001001001,016035,汽车零部件,481,120387469131.16,92397759495.16,46.13,1.496149614961,2609743532,2002986332,19.72732993,21.38603538,3.6635309,15.78938841,16.01503077,3.44513124,0.48366425,2024-06-25 00:00:00
600660,600660.SH,福耀玻璃,10003970,069001001001,016035,汽车零部件,481,118612843529.4,91035728789.4,45.45,0.619880451627,2609743532,2002986332,19.43653036,21.07078491,3.60952698,15.55663783,15.77895401,3.39434674,0.47653458,2024-06-24 00:00:00
600660,600660.SH,福耀玻璃,10003970,069001001001,016035,汽车零部件,481,117882115340.44,90474892616.44,45.17,-0.462758924636,2609743532,2002986332,19.31678936,20.9409759,3.58729007,15.46079936,15.68174594,3.37343547,0.47359883,2024-06-21 00:00:00
600660,600660.SH,福耀玻璃,10003970,069001001001,016035,汽车零部件,481,118430161482.16,90895519746.16,45.38,-0.373216245884,2609743532,2002986332,19.40659511,21.03833266,3.60396775,15.53267821,15.75465199,3.38911892,0.47580064,2024-06-20 00:00:00
600660,600660.SH,福耀玻璃,10003970,069001001001,016035,汽车零部件,481,118873817882.6,91236027422.6,45.55,-1.874192158552,2609743532,2002986332,19.479295,21.11714528,3.61746873,15.59086586,15.81367118,3.40181505,0.47758306,2024-06-19 00:00:00
600660,600660.SH,福耀玻璃,10003970,069001001001,016035,汽车零部件,481,121144294755.44,92978625531.44,46.42,0.432713111207,2609743532,2002986332,19.8513474,21.52048043,3.68656199,15.88864968,16.11571057,3.46678934,0.48670484,2024-06-18 00:00:00
600660,600660.SH,福耀玻璃,10003970,069001001001,016035,汽车零部件,481,120622346049.04,92578028265.04,46.22,-1.027837259101,2609743532,2002986332,19.76581811,21.42775971,3.67067848,15.82019363,16.04627623,3.45185272,0.48460788,2024-06-17 00:00:00
600660,600660.SH,福耀玻璃,10003970,069001001001,016035,汽车零部件,481,121875022944.4,93539461704.4,46.7,-0.5112910098,2609743532,2002986332,19.9710884,21.65028945,3.7087989,15.98448816,16.21291865,3.48770061,0.48964059,2024-06-14 00:00:00
600660,600660.SH,福耀玻璃,10003970,069001001001,016035,汽车零部件,481,122501361392.08,94020178424.08,46.94,-0.042589437819,2609743532,2002986332,20.07372354,21.76155432,3.7278591,16.06663542,16.29623985,3.50562455,0.49215694,2024-06-13 00:00:00
600660,600660.SH,福耀玻璃,10003970,069001001001,016035,汽车零部件,481,122553556262.72,94060238150.72,46.96,-1.695624869165,2609743532,2002986332,20.08227647,21.77082639,3.72944745,16.07348103,16.30318329,3.50711821,0.49236664,2024-06-12 00:00:00
600660,600660.SH,福耀玻璃,10003970,069001001001,016035,汽车零部件,481,124667448523.64,95682657079.64,47.77,0.674394099052,2609743532,2002986332,20.42867008,22.14634533,3.79377566,16.35072804,16.58439237,3.56761152,0.50085933,2024-06-11 00:00:00
600660,600660.SH,福耀玻璃,10003970,069001001001,016035,汽车零部件,481,123832330593.4,95041701453.4,47.45,-0.524109014675,2609743532,2002986332,20.29182322,21.99799217,3.76836205,16.24119835,16.47329742,3.54371293,0.4975042,2024-06-07 00:00:00
600660,600660.SH,福耀玻璃,10003970,069001001001,016035,汽车零部件,481,124484766476.4,95542448036.4,47.7,1.705756929638,2609743532,2002986332,20.39873483,22.11389308,3.78821643,16.32676842,16.56009035,3.5623837,0.5001254,2024-06-06 00:00:00
600660,600660.SH,福耀玻璃,10003970,069001001001,016035,汽车零部件,481,122396971650.8,93940058970.8,46.9,1.515151515152,2609743532,2002986332,20.05661769,21.74301017,3.7246824,16.05294421,16.28235299,3.50263723,0.49173755,2024-06-05 00:00:00
600660,600660.SH,福耀玻璃,10003970,069001001001,016035,汽车零部件,481,120570151178.4,92537968538.4,46.2,0.021649707729,2609743532,2002986332,19.75726518,21.41848763,3.66909013,15.81334803,16.03933279,3.45035906,0.48439818,2024-06-04 00:00:00
600660,600660.SH,福耀玻璃,10003970,069001001001,016035,汽车零部件,481,120544053743.08,92517938675.08,46.19,-0.108131487889,2609743532,2002986332,19.75298872,21.4138516,3.66829595,15.80992523,16.03586108,3.44961223,0.48429334,2024-06-03 00:00:00
600660,600660.SH,福耀玻璃,10003970,069001001001,016035,汽车零部件,481,120674540919.68,92618087991.68,46.24,-1.259876147769,2609743532,2002986332,19.77437104,21.43703178,3.67226683,15.82703924,16.05321966,3.45334638,0.48481758,2024-05-31 00:00:00
600660,600660.SH,福耀玻璃,10003970,069001001001,016035,汽车零部件,481,122214289603.56,93799849927.56,46.83,-0.149253731343,2609743532,2002986332,20.02668243,21.71055792,3.71912318,16.02898459,16.25805097,3.49740941,0.49100361,2024-05-30 00:00:00
600660,600660.SH,福耀玻璃,10003970,069001001001,016035,汽车零部件,481,122396971650.8,93940058970.8,46.9,-0.950369588173,2609743532,2002986332,20.05661769,21.74301017,3.7246824,16.05294421,16.28235299,3.50263723,0.49173755,2024-05-29 00:00:00
600660,600660.SH,福耀玻璃,10003970,069001001001,016035,汽车零部件,481,123571356240.2,94841402820.2,47.35,-0.273799494524,2609743532,2002986332,20.24905858,21.95163181,3.76042029,16.20697033,16.43858025,3.53624462,0.49645571,2024-05-28 00:00:00
600660,600660.SH,福耀玻璃,10003970,069001001001,016035,汽车零部件,481,123910622899.36,95101791043.36,47.48,3.804110188019,2609743532,2002986332,20.30465262,22.01190028,3.77074457,16.25146676,16.48371258,3.54595342,0.49781874,2024-05-27 00:00:00
600660,600660.SH,福耀玻璃,10003970,069001001001,016035,汽车零部件,481,119369669153.68,91616594825.68,45.74,-1.27347291172,2609743532,2002986332,19.56054782,21.20522996,3.63255806,15.65589911,15.87963381,3.41600484,0.47957517,2024-05-24 00:00:00
600660,600660.SH,福耀玻璃,10003970,069001001001,016035,汽车零部件,481,120909417837.56,92798356761.56,46.33,-0.579399141631,2609743532,2002986332,19.81285922,21.47875611,3.67941441,15.85784446,16.08446511,3.46006786,0.48576121,2024-05-23 00:00:00
600660,600660.SH,福耀玻璃,10003970,069001001001,016035,汽车零部件,481,121614048591.2,93339163071.2,46.6,-1.417389464777,2609743532,2002986332,19.92832376,21.60392908,3.70085714,15.95026013,16.17820147,3.4802323,0.48859211,2024-05-22 00:00:00
600660,600660.SH,福耀玻璃,10003970,069001001001,016035,汽车零部件,481,123362576757.64,94681163913.64,47.27,-0.922238524418,2609743532,2002986332,20.21484687,21.91454352,3.75406689,16.17958791,16.41080652,3.53026997,0.49561693,2024-05-21 00:00:00
600660,600660.SH,福耀玻璃,10003970,069001001001,016035,汽车零部件,481,124510863911.72,95562477899.72,47.71,-0.271739130435,2609743532,2002986332,20.4030113,22.11852911,3.78901061,16.33019122,16.56356207,3.56313054,0.50023025,2024-05-20 00:00:00
600660,600660.SH,福耀玻璃,10003970,069001001001,016035,汽车零部件,481,124850130570.88,95822866122.88,47.84,-2.347417840376,2609743532,2002986332,20.45860533,22.17879758,3.79933489,16.37468765,16.60869439,3.57283934,0.50159327,2024-05-17 00:00:00
600660,600660.SH,福耀玻璃,10003970,069001001001,016035,汽车零部件,481,131244002224.28,100730182636.28,50.29,-0.51434223541,2609743532,2002986332,21.50633909,23.31462647,3.99390785,17.21327429,17.45926507,3.75581292,0.52728105,2024-05-16 00:00:00
600660,600660.SH,福耀玻璃,10003970,069001001001,016035,汽车零部件,481,131922535542.6,101250959082.6,50.55,-1.115023474178,2609743532,2002986332,21.61752716,23.43516342,4.01455641,17.30226716,17.54952971,3.77523053,0.5300071,2024-05-15 00:00:00
600660,600660.SH,福耀玻璃,10003970,069001001001,016035,汽车零部件,481,133410089355.84,102392661291.84,51.12,-1.160092807425,2609743532,2002986332,21.86128563,23.69941749,4.0598244,17.49736691,17.74741758,3.81779989,0.53598345,2024-05-14 00:00:00
600660,600660.SH,福耀玻璃,10003970,069001001001,016035,汽车零部件,481,134975935475.04,103594453091.04,51.72,1.911330049261,2609743532,2002986332,22.11787349,23.97757966,4.10747492,17.70273506,17.95572061,3.86260975,0.54227433,2024-05-13 00:00:00
600660,600660.SH,福耀玻璃,10003970,069001001001,016035,汽车零部件,481,132444484249,101651556349,50.75,1.439136518089,2609743532,2002986332,21.70305645,23.52788414,4.03043991,17.37072321,17.61896405,3.79016715,0.53210407,2024-05-10 00:00:00
600660,600660.SH,福耀玻璃,10003970,069001001001,016035,汽车零部件,481,130565468905.96,100209406189.96,50.03,0.240432779002,2609743532,2002986332,21.39515102,23.19408953,3.97325929,17.12428142,17.36900042,3.73639532,0.524555,2024-05-09 00:00:00
600660,600660.SH,福耀玻璃,10003970,069001001001,016035,汽车零部件,481,130252299682.12,99969047830.12,49.91,-2.098862298941,2609743532,2002986332,21.34383345,23.13845709,3.96372918,17.08320779,17.32733982,3.72743335,0.52329683,2024-05-08 00:00:00
600660,600660.SH,福耀玻璃,10003970,069001001001,016035,汽车零部件,481,133044725261.36,102112243205.36,50.98,0.870597546498,2609743532,2002986332,21.80141513,23.63451298,4.04870595,17.44944767,17.69881354,3.80734426,0.53451557,2024-05-07 00:00:00
600660,600660.SH,福耀玻璃,10003970,069001001001,016035,汽车零部件,481,131896438107.28,101230929219.28,50.54,1.424844471202,2609743532,2002986332,21.6132507,23.43052738,4.01376223,17.29884436,17.54605799,3.7744837,0.52990226,2024-05-06 00:00:00
600660,600660.SH,福耀玻璃,10003970,069001001001,016035,汽车零部件,481,130043520199.56,99808808923.56,49.83,2.110655737705,2609743532,2002986332,21.30962173,23.1013688,3.95737578,17.05582537,17.29956608,3.7214587,0.52245804,2024-04-30 00:00:00
600660,600660.SH,福耀玻璃,10003970,069001001001,016035,汽车零部件,481,127355484361.6,97745733001.6,48.8,-0.873451147674,2609743532,2002986332,20.86914591,22.62385707,3.87557572,16.7032767,16.94197923,3.64453511,0.51165869,2024-04-29 00:00:00
600660,600660.SH,福耀玻璃,10003970,069001001001,016035,汽车零部件,481,128477674080.36,98607017124.36,49.23,10.011173184358,2609743532,2002986332,21.05303387,22.82320663,3.90972526,16.85045722,17.09126306,3.67664884,0.51616716,2024-04-26 00:00:00
600660,600660.SH,福耀玻璃,10003970,069001001001,016035,汽车零部件,481,116786023057,89633638357,44.75,-1.170494699647,2609743532,2002986332,20.74626237,20.74626237,3.5539347,15.31704165,15.31704165,3.52178869,0.46919521,2024-04-25 00:00:00
600660,600660.SH,福耀玻璃,10003970,069001001001,016035,汽车零部件,481,118169187128.96,90695221112.96,45.28,0.465941868205,2609743532,2002986332,20.9919723,20.9919723,3.596026,15.49845019,15.49845019,3.56349926,0.47475216,2024-04-24 00:00:00
600660,600660.SH,福耀玻璃,10003970,069001001001,016035,汽车零部件,481,117621140987.24,90274593983.24,45.07,-1.486338797814,2609743532,2002986332,20.89461553,20.89461553,3.57934831,15.42657133,15.42657133,3.54697243,0.47255035,2024-04-23 00:00:00
600660,600660.SH,福耀玻璃,10003970,069001001001,016035,汽车零部件,481,119395766589,91636624689,45.75,-0.54347826087,2609743532,2002986332,21.209866,21.209866,3.63335224,15.65932191,15.65932191,3.60048788,0.47968002,2024-04-22 00:00:00
600660,600660.SH,福耀玻璃,10003970,069001001001,016035,汽车零部件,481,120048202472,92137371272,46,-0.733707380233,2609743532,2002986332,21.32576691,21.32576691,3.65320662,15.74489198,15.74489198,3.62016268,0.48230122,2024-04-19 00:00:00
600660,600660.SH,福耀玻璃,10003970,069001001001,016035,汽车零部件,481,120935515272.88,92818386624.88,46.34,2.2732288678,2609743532,2002986332,21.48339214,21.48339214,3.68020858,15.86126726,15.86126726,3.6469204,0.48586606,2024-04-18 00:00:00
600660,600660.SH,福耀玻璃,10003970,069001001001,016035,汽车零部件,481,118247479434.92,90755310702.92,45.31,-0.4831978915,2609743532,2002986332,21.0058804,21.0058804,3.59840852,15.5087186,15.5087186,3.56586024,0.4750667,2024-04-17 00:00:00
600660,600660.SH,福耀玻璃,10003970,069001001001,016035,汽车零部件,481,118821623011.96,91195967695.96,45.53,0.242184059886,2609743532,2002986332,21.1078732,21.1078732,3.61588038,15.58402025,15.58402025,3.58317406,0.47737336,2024-04-16 00:00:00
600660,600660.SH,福耀玻璃,10003970,069001001001,016035,汽车零部件,481,118534551223.44,90975639199.44,45.42,1.497206703911,2609743532,2002986332,21.0568768,21.0568768,3.60714445,15.54636942,15.54636942,3.57451715,0.47622003,2024-04-15 00:00:00
600660,600660.SH,福耀玻璃,10003970,069001001001,016035,汽车零部件,481,116786023057,89633638357,44.75,-0.245207311636,2609743532,2002986332,20.74626237,20.74626237,3.5539347,15.31704165,15.31704165,3.52178869,0.46919521,2024-04-12 00:00:00
600660,600660.SH,福耀玻璃,10003970,069001001001,016035,汽车零部件,481,117073094845.52,89853966853.52,44.86,1.081568273997,2609743532,2002986332,20.79725877,20.79725877,3.56267063,15.35469248,15.35469248,3.5304456,0.47034854,2024-04-11 00:00:00
600660,600660.SH,福耀玻璃,10003970,069001001001,016035,汽车零部件,481,115820417950.16,88892533414.16,44.38,0.520951302378,2609743532,2002986332,20.57472903,20.57472903,3.52455021,15.19039795,15.19039795,3.49266999,0.46531583,2024-04-10 00:00:00
600660,600660.SH,福耀玻璃,10003970,069001001001,016035,汽车零部件,481,115220176937.8,88431846557.8,44.15,-1.670378619154,2609743532,2002986332,20.4681002,20.4681002,3.50628418,15.11167349,15.11167349,3.47456918,0.46290433,2024-04-09 00:00:00
600660,600660.SH,福耀玻璃,10003970,069001001001,016035,汽车零部件,481,117177484586.8,89934086306.8,44.9,1.721794290893,2609743532,2002986332,20.81580292,20.81580292,3.56584733,15.36838369,15.36838369,3.53359357,0.47076793,2024-04-08 00:00:00
600660,600660.SH,福耀玻璃,10003970,069001001001,016035,汽车零部件,481,115194079502.48,88411816694.48,44.14,0.227066303361,2609743532,2002986332,20.46346416,20.46346416,3.50549001,15.10825069,15.10825069,3.47378219,0.46279948,2024-04-03 00:00:00
600660,600660.SH,福耀玻璃,10003970,069001001001,016035,汽车零部件,481,114933105149.28,88211518061.28,44.04,-1.696428571429,2609743532,2002986332,20.4171038,20.4171038,3.49754825,15.07402267,15.07402267,3.46591227,0.461751,2024-04-02 00:00:00
600660,600660.SH,福耀玻璃,10003970,069001001001,016035,汽车零部件,481,116916510233.6,89733787673.6,44.8,3.559870550162,2609743532,2002986332,20.76944255,20.76944255,3.55790558,15.33415566,15.33415566,3.52572365,0.46971945,2024-04-01 00:00:00
600660,600660.SH,福耀玻璃,10003970,069001001001,016035,汽车零部件,481,112897505194.32,86649188722.32,43.26,0.721769499418,2609743532,2002986332,20.05549297,20.05549297,3.59246651,14.80704406,14.80704406,3.4045269,0.45357284,2024-03-29 00:00:00
600660,600660.SH,福耀玻璃,10003970,069001001001,016035,汽车零部件,481,112088484699.4,86028262959.4,42.95,0.35046728972,2609743532,2002986332,19.91177584,19.91177584,3.566723,14.70093718,14.70093718,3.38013015,0.45032255,2024-03-28 00:00:00
600660,600660.SH,福耀玻璃,10003970,069001001001,016035,汽车零部件,481,111697023169.6,85727815009.6,42.8,-0.418799441601,2609743532,2002986332,19.8422353,19.8422353,3.55426645,14.64959514,14.64959514,3.36832528,0.44874983,2024-03-27 00:00:00
600660,600660.SH,福耀玻璃,10003970,069001001001,016035,汽车零部件,481,112166777005.36,86088352549.36,42.98,1.631591392764,2609743532,2002986332,19.92568395,19.92568395,3.5692143,14.71120559,14.71120559,3.38249113,0.4506371,2024-03-26 00:00:00
600660,600660.SH,福耀玻璃,10003970,069001001001,016035,汽车零部件,481,110366053968.28,84706291980.28,42.29,-0.282952133931,2609743532,2002986332,19.60579745,19.60579745,3.51191421,14.47503221,14.47503221,3.32818869,0.44340258,2024-03-25 00:00:00
600660,600660.SH,福耀玻璃,10003970,069001001001,016035,汽车零部件,481,110679223192.12,84946650340.12,42.41,1.653883029722,2609743532,2002986332,19.66142988,19.66142988,3.52187945,14.51610584,14.51610584,3.33763259,0.44466076,2024-03-22 00:00:00
600660,600660.SH,福耀玻璃,10003970,069001001001,016035,汽车零部件,481,108878500155.04,83564589771.04,41.72,-2.01972757163,2609743532,2002986332,19.34154338,19.34154338,3.46457936,14.27993246,14.27993246,3.28333015,0.43742624,2024-03-21 00:00:00
600660,600660.SH,福耀玻璃,10003970,069001001001,016035,汽车零部件,481,111122879592.56,85287158016.56,42.58,0.543093270366,2609743532,2002986332,19.7402425,19.7402425,3.53599686,14.57429349,14.57429349,3.35101145,0.44644317,2024-03-20 00:00:00
600660,600660.SH,福耀玻璃,10003970,069001001001,016035,汽车零部件,481,110522638580.2,84826471160.2,42.35,-1.922186197314,2609743532,2002986332,19.63361366,19.63361366,3.51689683,14.49556903,14.49556903,3.33291064,0.44403167,2024-03-19 00:00:00
600660,600660.SH,福耀玻璃,10003970,069001001001,016035,汽车零部件,481,112688725711.76,86488949815.76,43.18,-1.076746849943,2609743532,2002986332,20.01840468,20.01840468,3.58582303,14.77966164,14.77966164,3.39823097,0.45273406,2024-03-18 00:00:00
600660,600660.SH,福耀玻璃,10003970,069001001001,016035,汽车零部件,481,113915305171.8,87430353391.8,43.65,-0.524156791249,2609743532,2002986332,22.87134511,20.23629838,3.62485352,14.94053336,16.13438361,3.61813397,0.45766192,2024-03-15 00:00:00
600660,600660.SH,福耀玻璃,10003970,069001001001,016035,汽车零部件,481,114515546184.16,87891040248.16,43.88,-0.04555808656,2609743532,2002986332,22.9918585,20.34292722,3.64395355,15.01925782,16.21939869,3.6371986,0.46007343,2024-03-14 00:00:00
600660,600660.SH,福耀玻璃,10003970,069001001001,016035,汽车零部件,481,114567741054.8,87931099974.8,43.9,-1.303956834532,2609743532,2002986332,23.00233793,20.35219929,3.64561442,15.02610343,16.2267913,3.63885639,0.46028312,2024-03-13 00:00:00
600660,600660.SH,福耀玻璃,10003970,069001001001,016035,汽车零部件,481,116081392303.36,89092832047.36,44.48,-1.723376049492,2609743532,2002986332,23.30624125,20.62108939,3.69377972,15.22462598,16.44117715,3.6869324,0.46636431,2024-03-12 00:00:00
600660,600660.SH,福耀玻璃,10003970,069001001001,016035,汽车零部件,481,118116992258.32,90655161386.32,45.26,1.207513416816,2609743532,2002986332,23.71493883,20.98270022,3.75855373,15.49160458,16.72948916,3.75158634,0.47454246,2024-03-11 00:00:00
600660,600660.SH,福耀玻璃,10003970,069001001001,016035,汽车零部件,481,116707730751.04,89573548767.04,44.72,0.044742729306,2609743532,2002986332,23.43199435,20.73235426,3.71371018,15.30677324,16.52988854,3.70682592,0.46888067,2024-03-08 00:00:00
600660,600660.SH,福耀玻璃,10003970,069001001001,016035,汽车零部件,481,116655535880.4,89533489040.4,44.7,-1.368049426302,2609743532,2002986332,23.42151493,20.72308219,3.71204931,15.29992764,16.52249593,3.70516813,0.46867097,2024-03-07 00:00:00
600660,600660.SH,福耀玻璃,10003970,069001001001,016035,汽车零部件,481,118273576870.24,90775340566.24,45.32,-1.75590721873,2609743532,2002986332,23.7463771,21.01051644,3.76353635,15.5121414,16.75166701,3.75655972,0.47517155,2024-03-06 00:00:00
600660,600660.SH,福耀玻璃,10003970,069001001001,016035,汽车零部件,481,120387469131.16,92397759495.16,46.13,4.912440300205,2609743532,2002986332,24.17079382,21.38603538,3.83080167,15.78938841,17.05106794,3.82370035,0.48366425,2024-03-05 00:00:00
600660,600660.SH,福耀玻璃,10003970,069001001001,016035,汽车零部件,481,114750423102.04,88071309018.04,43.97,1.360073766713,2609743532,2002986332,23.03901591,20.38465154,3.65142748,15.05006305,16.25266546,3.64465867,0.46101706,2024-03-04 00:00:00
600660,600660.SH,福耀玻璃,10003970,069001001001,016035,汽车零部件,481,113210674418.16,86889547082.16,43.38,0.2079002079,2609743532,2002986332,22.72987287,20.1111254,3.60243175,14.84811769,16.03458329,3.59575376,0.45483102,2024-03-01 00:00:00
600660,600660.SH,福耀玻璃,10003970,069001001001,016035,汽车零部件,481,112975797500.28,86709278312.28,43.29,2.997858672377,2609743532,2002986332,22.68271546,20.06940107,3.59495782,14.81731247,16.00131652,3.58829369,0.45388739,2024-02-29 00:00:00
600660,600660.SH,福耀玻璃,10003970,069001001001,016035,汽车零部件,481,109687520649.96,84185515533.96,42.03,0.38213518032,2609743532,2002986332,22.02251169,19.4852605,3.49032288,14.38603934,15.53558174,3.48385271,0.44067653,2024-02-28 00:00:00
600660,600660.SH,福耀玻璃,10003970,069001001001,016035,汽车零部件,481,109269961684.84,83865037720.84,41.87,0.311451844753,2609743532,2002986332,21.93867629,19.41108392,3.4770359,14.3312745,15.47644081,3.47059037,0.43899896,2024-02-27 00:00:00
600660,600660.SH,福耀玻璃,10003970,069001001001,016035,汽车零部件,481,108930695025.68,83604649497.68,41.74,-0.119645848289,2609743532,2002986332,21.87056002,19.35081545,3.46624023,14.28677807,15.42838881,3.45981471,0.43763593,2024-02-26 00:00:00
600660,600660.SH,福耀玻璃,10003970,069001001001,016035,汽车零部件,481,109061182202.28,83704798814.28,41.79,0.263915547025,2609743532,2002986332,21.89675859,19.37399563,3.47039241,14.30389208,15.44687035,3.46395919,0.43816018,2024-02-23 00:00:00
600660,600660.SH,福耀玻璃,10003970,069001001001,016035,汽车零部件,481,108774110413.76,83484470317.76,41.68,-0.095877277085,2609743532,2002986332,21.83912175,19.32299923,3.46125761,14.26624125,15.40621097,3.45484133,0.43700685,2024-02-22 00:00:00
600660,600660.SH,福耀玻璃,10003970,069001001001,016035,汽车零部件,481,108878500155.04,83564589771.04,41.72,1.533219761499,2609743532,2002986332,21.8600806,19.34154338,3.46457936,14.27993246,15.4209962,3.45815692,0.43742624,2024-02-21 00:00:00
600660,600660.SH,福耀玻璃,10003970,069001001001,016035,汽车零部件,481,107234361729.88,82302708381.88,41.09,0.268423621279,2609743532,2002986332,21.52997871,19.04947309,3.41226188,14.0642959,15.18812881,3.40593643,0.43082081,2024-02-20 00:00:00
600660,600660.SH,福耀玻璃,10003970,069001001001,016035,汽车零部件,481,106947289941.36,82082379885.36,40.98,-0.461501093029,2609743532,2002986332,21.47234187,18.99847669,3.40312709,14.02664507,15.14746942,3.39681856,0.42966748,2024-02-19 00:00:00
600660,600660.SH,福耀玻璃,10003970,069001001001,016035,汽车零部件,481,107443141212.44,82462947288.44,41.17,-0.314769975787,2609743532,2002986332,21.57189641,19.08656138,3.41890537,14.09167832,15.21769927,3.4125676,0.43165959,2024-02-08 00:00:00
600660,600660.SH,福耀玻璃,10003970,069001001001,016035,汽车零部件,481,107782407871.6,82723335511.6,41.3,1.574028529267,2609743532,2002986332,21.64001267,19.14682985,3.42970104,14.13617475,15.26575127,3.42334326,0.43302262,2024-02-07 00:00:00
600660,600660.SH,福耀玻璃,10003970,069001001001,016035,汽车零部件,481,106112172011.12,81441424259.12,40.66,-0.024588148512,2609743532,2002986332,21.30467107,18.85012353,3.37655313,13.91711539,15.02918757,3.37029387,0.42631234,2024-02-06 00:00:00
600660,600660.SH,福耀玻璃,10003970,069001001001,016035,汽车零部件,481,106138269446.44,81461454122.44,40.67,3.882503192848,2609743532,2002986332,21.30991078,18.85475957,3.37738357,13.92053819,15.03288388,3.37112277,0.42641719,2024-02-05 00:00:00
600660,600660.SH,福耀玻璃,10003970,069001001001,016035,汽车零部件,481,102171459277.8,78416914897.8,39.15,0.487679671458,2609743532,2002986332,20.51347448,18.15008205,3.25115728,13.40027219,14.47104509,3.24513047,0.41048028,2024-02-02 00:00:00
600660,600660.SH,福耀玻璃,10003970,069001001001,016035,汽车零部件,481,101675608006.72,78036347494.72,38.96,2.230385725531,2609743532,2002986332,20.41391994,18.06199736,3.235379,13.33523894,14.40081524,3.22938144,0.40848817,2024-02-01 00:00:00
600660,600660.SH,福耀玻璃,10003970,069001001001,016035,汽车零部件,481,99457326004.52,76333809112.52,38.11,-0.755208333333,2609743532,2002986332,19.96854438,17.66793428,3.16479193,13.04430072,14.08662908,3.15892522,0.39957608,2024-01-31 00:00:00
600660,600660.SH,福耀玻璃,10003970,069001001001,016035,汽车零部件,481,100214151628.8,76914675148.8,38.4,-0.852052672347,2609743532,2002986332,20.12049604,17.80237933,3.18887458,13.143562,14.193822,3.18296322,0.40261667,2024-01-30 00:00:00
600660,600660.SH,福耀玻璃,10003970,069001001001,016035,汽车零部件,481,101075366994.36,77575660638.36,38.73,1.1227154047,2609743532,2002986332,20.29340656,17.95536853,3.21627897,13.25651448,14.31580016,3.21031681,0.40607666,2024-01-29 00:00:00
600660,600660.SH,福耀玻璃,10003970,069001001001,016035,汽车零部件,481,99953177275.6,76714376515.6,38.3,2.187833511206,2609743532,2002986332,20.06809892,17.75601897,3.18057021,13.10933397,14.15685893,3.17467425,0.40156819,2024-01-26 00:00:00
600660,600660.SH,福耀玻璃,10003970,069001001001,016035,汽车零部件,481,97813187579.36,75071927723.36,37.48,0.160342063068,2609743532,2002986332,19.63844249,17.37586399,3.11247446,12.82866416,13.85376168,3.10670473,0.39297065,2024-01-25 00:00:00
600660,600660.SH,福耀玻璃,10003970,069001001001,016035,汽车零部件,481,97656602967.44,74951748543.44,37.42,-0.266524520256,2609743532,2002986332,19.60700422,17.34804778,3.10749184,12.80812734,13.83158384,3.10173135,0.39234156,2024-01-24 00:00:00
600660,600660.SH,福耀玻璃,10003970,069001001001,016035,汽车零部件,481,97917577320.64,75152047176.64,37.52,-2.291666666667,2609743532,2002986332,19.65940134,17.39440814,3.1157962,12.84235537,13.86854692,3.11002031,0.39339004,2024-01-23 00:00:00
600660,600660.SH,福耀玻璃,10003970,069001001001,016035,汽车零部件,481,100214151628.8,76914675148.8,38.4,-1.563701614971,2609743532,2002986332,20.12049604,17.80237933,3.18887458,13.143562,14.193822,3.18296322,0.40261667,2024-01-22 00:00:00
600660,600660.SH,福耀玻璃,10003970,069001001001,016035,汽车零部件,481,101806095183.32,78136496811.32,39.01,-1.240506329114,2609743532,2002986332,20.44011851,18.08517755,3.23953118,13.35235296,14.41929678,3.23352592,0.40901241,2024-01-19 00:00:00
600660,600660.SH,福耀玻璃,10003970,069001001001,016035,汽车零部件,481,103084869514,79117960114,39.5,1.699279093718,2609743532,2002986332,20.69686442,18.31234332,3.28022254,13.52007028,14.60041586,3.27414186,0.41414996,2024-01-18 00:00:00
600660,600660.SH,福耀玻璃,10003970,069001001001,016035,汽车零部件,481,101362438782.88,77795989134.88,38.84,-1.245868293923,2609743532,2002986332,20.35104339,18.00636493,3.22541376,13.29416531,14.35645955,3.21943468,0.40722999,2024-01-17 00:00:00
600660,600660.SH,福耀玻璃,10003970,069001001001,016035,汽车零部件,481,102641213113.56,78777452437.56,39.33,1.812063163345,2609743532,2002986332,20.60778931,18.23353071,3.26610513,13.46188264,14.53757863,3.26005061,0.41236754,2024-01-16 00:00:00
600660,600660.SH,福耀玻璃,10003970,069001001001,016035,汽车零部件,481,100814392641.16,77375362005.16,38.63,-0.948717948718,2609743532,2002986332,20.24100943,17.90900817,3.20797461,13.22228646,14.27883708,3.20202784,0.40502818,2024-01-15 00:00:00
600660,600660.SH,福耀玻璃,10003970,069001001001,016035,汽车零部件,481,101779997748,78116466948,39,0.102669404517,2609743532,2002986332,20.43487879,18.08054151,3.23870074,13.34893015,14.41560047,3.23269702,0.40890756,2024-01-12 00:00:00
600660,600660.SH,福耀玻璃,10003970,069001001001,016035,汽车零部件,481,101675608006.72,78036347494.72,38.96,0.205761316872,2609743532,2002986332,20.41391994,18.06199736,3.235379,13.33523894,14.40081524,3.22938144,0.40848817,2024-01-11 00:00:00
600660,600660.SH,福耀玻璃,10003970,069001001001,016035,汽车零部件,481,101466828524.16,77876108588.16,38.88,1.913499344692,2609743532,2002986332,20.37200224,18.02490907,3.22873551,13.30785652,14.37124478,3.22275026,0.40764938,2024-01-10 00:00:00
600660,600660.SH,福耀玻璃,10003970,069001001001,016035,汽车零部件,481,99561715745.8,76413928565.8,38.15,-1.268115942029,2609743532,2002986332,19.98950323,17.68647842,3.16811367,13.05799193,14.10141431,3.1622408,0.39999547,2024-01-09 00:00:00
600660,600660.SH,福耀玻璃,10003970,069001001001,016035,汽车零部件,481,100840490076.48,77395391868.48,38.64,0.861393891934,2609743532,2002986332,20.24624914,17.9136442,3.20880504,13.22570926,14.28253339,3.20285674,0.40513303,2024-01-08 00:00:00
600660,600660.SH,福耀玻璃,10003970,069001001001,016035,汽车零部件,481,99979274710.92,76734406378.92,38.31,0.551181102362,2609743532,2002986332,20.07333863,17.76065501,3.18140065,13.11275677,14.16055523,3.17550315,0.40167304,2024-01-05 00:00:00
600660,600660.SH,福耀玻璃,10003970,069001001001,016035,汽车零部件,481,99431228569.2,76313779249.2,38.1,0.236779794791,2609743532,2002986332,19.96330467,17.66329824,3.16396149,13.04087792,14.08293277,3.15809632,0.39947123,2024-01-04 00:00:00
600660,600660.SH,福耀玻璃,10003970,069001001001,016035,汽车零部件,481,99196351651.32,76133510479.32,38.01,0.875796178344,2609743532,2002986332,19.91614726,17.62157392,3.15648757,13.0100727,14.049666,3.15063625,0.3985276,2024-01-03 00:00:00
600660,600660.SH,福耀玻璃,10003970,069001001001,016035,汽车零部件,481,98335136285.76,75472524989.76,37.68,0.775608451458,2609743532,2002986332,19.74323674,17.46858472,3.12908318,12.89712021,13.92768784,3.12328266,0.39506761,2024-01-02 00:00:00
600660,600660.SH,福耀玻璃,10003970,069001001001,016035,汽车零部件,481,97578310661.48,74891658953.48,37.39,1.327913279133,2609743532,2002986332,19.59128508,20.51863112,3.24343825,16.55822517,13.82049491,3.09924466,0.94354908,2023-12-29 00:00:00
600660,600660.SH,福耀玻璃,10003970,069001001001,016035,汽车零部件,481,96299536330.8,73910195650.8,36.9,-1.204819277108,2609743532,2002986332,19.33453917,20.24973224,3.20093264,16.34122784,13.63937583,3.05862872,0.93118377,2023-12-28 00:00:00
600660,600660.SH,福耀玻璃,10003970,069001001001,016035,汽车零部件,481,97473920920.2,74811539500.2,37.35,1.109907958852,2609743532,2002986332,19.57032623,20.49668019,3.2399684,16.5405111,13.80570968,3.09592907,0.94253967,2023-12-27 00:00:00
600660,600660.SH,福耀玻璃,10003970,069001001001,016035,汽车零部件,481,96403926072.08,73990315104.08,36.94,-0.162162162162,2609743532,2002986332,19.35549802,20.27168317,3.20440248,16.3589419,13.65416106,3.06194431,0.93219318,2023-12-26 00:00:00
600660,600660.SH,福耀玻璃,10003970,069001001001,016035,汽车零部件,481,96560510684,74110494284,37,-1.333333333333,2609743532,2002986332,19.38693629,20.30460956,3.20960725,16.38551301,13.67633891,3.06691769,0.9337073,2023-12-25 00:00:00
600660,600660.SH,福耀玻璃,10003970,069001001001,016035,汽车零部件,481,97865382450,75111987450,37.5,0.026673779675,2609743532,2002986332,19.64892192,20.57899618,3.25298032,16.60693886,13.8611543,3.10836252,0.94632497,2023-12-22 00:00:00
600660,600660.SH,福耀玻璃,10003970,069001001001,016035,汽车零部件,481,97839285014.68,75091957586.68,37.49,1.985854189336,2609743532,2002986332,19.64368221,20.57350844,3.25211286,16.60251034,13.85745799,3.10753362,0.94607261,2023-12-21 00:00:00
600660,600660.SH,福耀玻璃,10003970,069001001001,016035,汽车零部件,481,95934172236.32,73629777564.32,36.76,-0.460330354725,2609743532,2002986332,19.26118319,20.17290398,3.18878818,16.2792286,13.58762752,3.04702417,0.92765082,2023-12-20 00:00:00
600660,600660.SH,福耀玻璃,10003970,069001001001,016035,汽车零部件,481,96377828636.76,73970285240.76,36.93,0.571895424837,2609743532,2002986332,19.3502583,20.26619543,3.20353502,16.35451339,13.65046475,3.06111541,0.93194083,2023-12-19 00:00:00
600660,600660.SH,福耀玻璃,10003970,069001001001,016035,汽车零部件,481,95829782495.04,73549658111.04,36.72,-0.108813928183,2609743532,2002986332,19.24022434,20.15095305,3.18531833,16.26151453,13.57284229,3.04370858,0.92664141,2023-12-18 00:00:00
600660,600660.SH,福耀玻璃,10003970,069001001001,016035,汽车零部件,481,95934172236.32,73629777564.32,36.76,-2.59671436142,2609743532,2002986332,19.26118319,20.17290398,3.18878818,16.2792286,13.58762752,3.04702417,0.92765082,2023-12-15 00:00:00
600660,600660.SH,福耀玻璃,10003970,069001001001,016035,汽车零部件,481,98491720897.68,75592704169.68,37.74,-0.500922752439,2609743532,2002986332,19.77467502,20.71070175,3.2737994,16.71322327,13.94986569,3.12825604,0.95238145,2023-12-14 00:00:00
600660,600660.SH,福耀玻璃,10003970,069001001001,016035,汽车零部件,481,98987572168.76,75973271572.76,37.93,1.038891848695,2609743532,2002986332,19.87422956,20.81496866,3.29028116,16.79736509,14.02009554,3.14400508,0.95717616,2023-12-13 00:00:00
600660,600660.SH,福耀玻璃,10003970,069001001001,016035,汽车零部件,481,97969772191.28,75192106903.28,37.54,1.349892008639,2609743532,2002986332,19.66988077,20.6009471,3.25645017,16.62465293,13.87593953,3.11167811,0.94733438,2023-12-12 00:00:00
600660,600660.SH,福耀玻璃,10003970,069001001001,016035,汽车零部件,481,96664900425.28,74190613737.28,37.04,1.61865569273,2609743532,2002986332,19.40789514,20.32656049,3.2130771,16.40322707,13.69112414,3.07023327,0.93471671,2023-12-11 00:00:00
600660,600660.SH,福耀玻璃,10003970,069001001001,016035,汽车零部件,481,95125151741.4,73008851801.4,36.45,-0.518558951965,2609743532,2002986332,19.0987521,20.00278428,3.16189687,16.14194457,13.47304198,3.02132837,0.91982787,2023-12-08 00:00:00
600660,600660.SH,福耀玻璃,10003970,069001001001,016035,汽车零部件,481,95621003012.48,73389419204.48,36.64,-0.919415900487,2609743532,2002986332,19.19830664,20.1070512,3.17837864,16.22608639,13.54327183,3.03707741,0.92462258,2023-12-07 00:00:00
600660,600660.SH,福耀玻璃,10003970,069001001001,016035,汽车零部件,481,96508315813.36,74070434557.36,36.98,-0.054054054054,2609743532,2002986332,19.37645687,20.2936341,3.20787233,16.37665597,13.66894629,3.06525989,0.93320259,2023-12-06 00:00:00
600660,600660.SH,福耀玻璃,10003970,069001001001,016035,汽车零部件,481,96560510684,74110494284,37,-1.095963646084,2609743532,2002986332,19.38693629,20.30460956,3.20960725,16.38551301,13.67633891,3.06691769,0.9337073,2023-12-05 00:00:00
600660,600660.SH,福耀玻璃,10003970,069001001001,016035,汽车零部件,481,97630505532.12,74931718680.12,37.41,-0.080128205128,2609743532,2002986332,19.60176451,20.52960658,3.24517317,16.5670822,13.82788753,3.10090245,0.94405379,2023-12-04 00:00:00
600660,600660.SH,福耀玻璃,10003970,069001001001,016035,汽车零部件,481,97708797838.08,74991808270.08,37.44,-0.584174190122,2609743532,2002986332,19.61748364,20.54606978,3.24777555,16.58036776,13.83897645,3.10338914,0.94481085,2023-12-01 00:00:00
600660,600660.SH,福耀玻璃,10003970,069001001001,016035,汽车零部件,481,98282941415.12,75432465263.12,37.66,-0.37037037037,2609743532,2002986332,19.73275732,20.66679989,3.26685971,16.67779513,13.92029523,3.12162487,0.95036262,2023-11-30 00:00:00
600660,600660.SH,福耀玻璃,10003970,069001001001,016035,汽车零部件,481,98648305509.6,75712883349.6,37.8,0.531914893617,2609743532,2002986332,19.80611329,20.74362814,3.27900417,16.73979437,13.97204353,3.13322942,0.95389557,2023-11-29 00:00:00
600660,600660.SH,福耀玻璃,10003970,069001001001,016035,汽车零部件,481,98126356803.2,75312286083.2,37.6,1.21130551817,2609743532,2002986332,19.70131904,20.6338735,3.26165494,16.65122403,13.89811738,3.11665149,0.9488485,2023-11-28 00:00:00
600660,600660.SH,福耀玻璃,10003970,069001001001,016035,汽车零部件,481,96951972213.8,74410942233.8,37.15,-1.065246338216,2609743532,2002986332,19.46553198,20.38692554,3.22261917,16.45194076,13.73178353,3.07935114,0.9374926,2023-11-27 00:00:00
600660,600660.SH,福耀玻璃,10003970,069001001001,016035,汽车零部件,481,97995869626.6,75212136766.6,37.55,-0.897334389021,2609743532,2002986332,19.67512048,20.60643484,3.25731763,16.62908144,13.87963584,3.112507,0.94758673,2023-11-24 00:00:00
600660,600660.SH,福耀玻璃,10003970,069001001001,016035,汽车零部件,481,98883182427.48,75893152119.48,37.89,1.391490500401,2609743532,2002986332,19.85327071,20.79301774,3.28681132,16.77965102,14.00531031,3.14068949,0.95616675,2023-11-23 00:00:00
600660,600660.SH,福耀玻璃,10003970,069001001001,016035,汽车零部件,481,97526115790.84,74851599226.84,37.37,-0.13361838589,2609743532,2002986332,19.58080566,20.50765566,3.24170332,16.54936814,13.8131023,3.09758686,0.94304437,2023-11-22 00:00:00
600660,600660.SH,福耀玻璃,10003970,069001001001,016035,汽车零部件,481,97656602967.44,74951748543.44,37.42,0.429414922169,2609743532,2002986332,19.60700422,20.53509432,3.24604063,16.57151072,13.83158384,3.10173135,0.94430614,2023-11-21 00:00:00
600660,600660.SH,福耀玻璃,10003970,069001001001,016035,汽车零部件,481,97239044002.32,74631270730.32,37.26,0.161290322581,2609743532,2002986332,19.52316882,20.4472906,3.23216125,16.50065445,13.77244291,3.088469,0.94026849,2023-11-20 00:00:00
600660,600660.SH,福耀玻璃,10003970,069001001001,016035,汽车零部件,481,97082459390.4,74511091550.4,37.2,1.086956521739,2609743532,2002986332,19.49173054,20.41436421,3.22695648,16.47408335,13.75026507,3.08349562,0.93875437,2023-11-17 00:00:00
600660,600660.SH,福耀玻璃,10003970,069001001001,016035,汽车零部件,481,96038561977.6,73709897017.6,36.8,0.987925356751,2609743532,2002986332,19.28214204,20.19485491,3.19225802,16.29694267,13.60241275,3.05033975,0.92866023,2023-11-16 00:00:00
600660,600660.SH,福耀玻璃,10003970,069001001001,016035,汽车零部件,481,95099054306.08,72988821938.08,36.44,0.027449903925,2609743532,2002986332,19.09351239,19.99729655,3.16102941,16.13751605,13.46934567,3.02049947,0.91957551,2023-11-15 00:00:00
600660,600660.SH,福耀玻璃,10003970,069001001001,016035,汽车零部件,481,95072956870.76,72968792074.76,36.43,0.663166620613,2609743532,2002986332,19.08827268,19.99180882,3.16016195,16.13308754,13.46564936,3.01967058,0.91932316,2023-11-14 00:00:00
600660,600660.SH,福耀玻璃,10003970,069001001001,016035,汽车零部件,481,94446618423.08,72488075355.08,36.19,-0.604229607251,2609743532,2002986332,18.96251958,19.86010324,3.13934288,16.02680313,13.37693798,2.99977706,0.91326668,2023-11-13 00:00:00
600660,600660.SH,福耀玻璃,10003970,069001001001,016035,汽车零部件,481,95020762000.12,72928732348.12,36.41,-1.43475906876,2609743532,2002986332,19.07779325,19.98083335,3.15842703,16.1242305,13.45825675,3.01801278,0.91881845,2023-11-10 00:00:00
600660,600660.SH,福耀玻璃,10003970,069001001001,016035,汽车零部件,481,96403926072.08,73990315104.08,36.94,0,2609743532,2002986332,19.35549802,20.27168317,3.20440248,16.3589419,13.65416106,3.06194431,0.93219318,2023-11-09 00:00:00
600660,600660.SH,福耀玻璃,10003970,069001001001,016035,汽车零部件,481,96403926072.08,73990315104.08,36.94,-0.243046178774,2609743532,2002986332,19.35549802,20.27168317,3.20440248,16.3589419,13.65416106,3.06194431,0.93219318,2023-11-08 00:00:00
600660,600660.SH,福耀玻璃,10003970,069001001001,016035,汽车零部件,481,96638802989.96,74170583873.96,37.03,-0.188679245283,2609743532,2002986332,19.40265543,20.32107276,3.21220964,16.39879856,13.68742783,3.06940438,0.93446436,2023-11-07 00:00:00
600660,600660.SH,福耀玻璃,10003970,069001001001,016035,汽车零部件,481,96821485037.2,74310792917.2,37.1,-0.749063670412,2609743532,2002986332,19.43933342,20.35948688,3.21828187,16.42979818,13.71330199,3.07520665,0.93623083,2023-11-06 00:00:00
600660,600660.SH,福耀玻璃,10003970,069001001001,016035,汽车零部件,481,97552213226.16,74871629090.16,37.38,0.78188190887,2609743532,2002986332,19.58604537,20.51314339,3.24257079,16.55379665,13.81679861,3.09841576,0.94329673,2023-11-03 00:00:00
600660,600660.SH,福耀玻璃,10003970,069001001001,016035,汽车零部件,481,96795387601.88,74290763053.88,37.09,0.243243243243,2609743532,2002986332,19.43409371,20.35399915,3.21741441,16.42536966,13.70960568,3.07437776,0.93597848,2023-11-02 00:00:00
600660,600660.SH,福耀玻璃,10003970,069001001001,016035,汽车零部件,481,96560510684,74110494284,37,-0.537634408602,2609743532,2002986332,19.38693629,20.30460956,3.20960725,16.38551301,13.67633891,3.06691769,0.9337073,2023-11-01 00:00:00
600660,600660.SH,福耀玻璃,10003970,069001001001,016035,汽车零部件,481,97082459390.4,74511091550.4,37.2,-1.142705288334,2609743532,2002986332,19.49173054,20.41436421,3.22695648,16.47408335,13.75026507,3.08349562,0.93875437,2023-10-31 00:00:00
600660,600660.SH,福耀玻璃,10003970,069001001001,016035,汽车零部件,481,98204649109.16,75372375673.16,37.63,-2.310488058152,2609743532,2002986332,19.71703818,20.6503367,3.26425732,16.66450958,13.9092063,3.11913818,0.94960556,2023-10-30 00:00:00
600660,600660.SH,福耀玻璃,10003970,069001001001,016035,汽车零部件,481,100527320852.64,77155033508.64,38.52,2.637889688249,2609743532,2002986332,20.18337259,21.13874487,3.34146139,17.05864759,14.2381777,3.19290998,0.97206501,2023-10-27 00:00:00
600660,600660.SH,福耀玻璃,10003970,069001001001,016035,汽车零部件,481,97943674755.96,75172077039.96,37.53,1.707317073171,2609743532,2002986332,19.66464106,20.59545937,3.25558271,16.62022441,13.87224322,3.11084921,0.94708203,2023-10-26 00:00:00
600660,600660.SH,福耀玻璃,10003970,069001001001,016035,汽车零部件,481,96299536330.8,73910195650.8,36.9,0.819672131148,2609743532,2002986332,19.33453917,20.24973224,3.20093264,16.34122784,13.63937583,3.05862872,0.93118377,2023-10-25 00:00:00
600660,600660.SH,福耀玻璃,10003970,069001001001,016035,汽车零部件,481,95516613271.2,73309299751.2,36.6,0.328947368421,2609743532,2002986332,19.17734779,20.08510027,3.1749088,16.20837233,13.5284866,3.03376182,0.92361317,2023-10-24 00:00:00
600660,600660.SH,福耀玻璃,10003970,069001001001,016035,汽车零部件,481,95203444047.36,73068941391.36,36.48,-1.591583490693,2609743532,2002986332,19.11447124,20.01924748,3.16449926,16.15523012,13.4841309,3.02381506,0.92058493,2023-10-23 00:00:00
600660,600660.SH,福耀玻璃,10003970,069001001001,016035,汽车零部件,481,96743192731.24,74250703327.24,37.07,-2.189973614776,2609743532,2002986332,19.42361428,20.34302369,3.21567948,16.41651263,13.70221306,3.07271996,0.93547377,2023-10-20 00:00:00
600660,600660.SH,福耀玻璃,10003970,069001001001,016035,汽车零部件,481,98909279862.8,75913181982.8,37.9,-2.695763799743,2609743532,2002986332,19.85851042,20.79850547,3.28767878,16.78407954,14.00900661,3.14151839,0.9564191,2023-10-19 00:00:00
600660,600660.SH,福耀玻璃,10003970,069001001001,016035,汽车零部件,481,101649510571.4,78016317631.4,38.95,1.090059693745,2609743532,2002986332,20.40868023,21.37471736,3.37876223,17.24907383,14.39711893,3.22855254,0.9829162,2023-10-18 00:00:00
600660,600660.SH,福耀玻璃,10003970,069001001001,016035,汽车零部件,481,100553418287.96,77175063371.96,38.53,-1.078305519897,2609743532,2002986332,20.18861231,21.1442326,3.34232885,17.06307611,14.24187401,3.19373888,0.97231736,2023-10-17 00:00:00
600660,600660.SH,福耀玻璃,10003970,069001001001,016035,汽车零部件,481,101649510571.4,78016317631.4,38.95,0.309039402524,2609743532,2002986332,19.51068995,21.37471736,3.37876223,17.24907383,16.86120156,3.36294761,0.9829162,2023-10-16 00:00:00
600660,600660.SH,福耀玻璃,10003970,069001001001,016035,汽车零部件,481,101336341347.56,77775959271.56,38.83,0.465717981889,2609743532,2002986332,19.45058,21.30886457,3.36835269,17.19593162,16.80925434,3.3525868,0.97988796,2023-10-13 00:00:00
600660,600660.SH,福耀玻璃,10003970,069001001001,016035,汽车零部件,481,100866587511.8,77415421731.8,38.65,1.496848739496,2609743532,2002986332,19.36041506,21.21008539,3.35273839,17.11621832,16.73133351,3.33704558,0.9753456,2023-10-12 00:00:00
600660,600660.SH,福耀玻璃,10003970,069001001001,016035,汽车零部件,481,99379033698.56,76273719522.56,38.08,0.210526315789,2609743532,2002986332,19.07489277,20.89728465,3.30329309,16.86379285,16.48458422,3.28783171,0.96096146,2023-10-11 00:00:00
600660,600660.SH,福耀玻璃,10003970,069001001001,016035,汽车零部件,481,99170254216,76113480616,38,-0.809188201514,2609743532,2002986332,19.03481947,20.85338279,3.29635339,16.82836471,16.44995274,3.2809245,0.95894263,2023-10-10 00:00:00
600660,600660.SH,福耀玻璃,10003970,069001001001,016035,汽车零部件,481,99979274710.92,76734406378.92,38.31,3.764897074756,2609743532,2002986332,19.19010352,21.02350249,3.3232447,16.96564874,16.58414972,3.30768994,0.96676559,2023-10-09 00:00:00
600660,600660.SH,福耀玻璃,10003970,069001001001,016035,汽车零部件,481,96351731201.44,73950255377.44,36.92,-1.467840939418,2609743532,2002986332,18.49382986,20.2607077,3.34606813,16.35008487,15.98242777,3.18767717,0.93168847,2023-09-28 00:00:00
600660,600660.SH,福耀玻璃,10003970,069001001001,016035,汽车零部件,481,97787090144.04,75051897860.04,37.47,-1.030110935024,2609743532,2002986332,18.76933383,20.56253298,3.39591476,16.59365331,16.22051919,3.23516424,0.94556791,2023-09-27 00:00:00
600660,600660.SH,福耀玻璃,10003970,069001001001,016035,汽车零部件,481,98804890121.52,75833062529.52,37.86,-1.815352697095,2609743532,2002986332,18.96469118,20.77655454,3.43126055,16.76636547,16.38934765,3.26883688,0.95540969,2023-09-26 00:00:00
600660,600660.SH,福耀玻璃,10003970,069001001001,016035,汽车零部件,481,100631710593.92,77235152961.92,38.56,0.390523301224,2609743532,2002986332,19.3153326,21.1606958,3.49470171,17.07636166,16.69237309,3.32927496,0.97307442,2023-09-25 00:00:00
600660,600660.SH,福耀玻璃,10003970,069001001001,016035,汽车零部件,481,100240249064.12,76934705012.12,38.41,1.078947368421,2609743532,2002986332,19.24019515,21.07837982,3.48110718,17.00993391,16.62743907,3.31632395,0.96928912,2023-09-22 00:00:00
600660,600660.SH,福耀玻璃,10003970,069001001001,016035,汽车零部件,481,99170254216,76113480616,38,-0.705513457016,2609743532,2002986332,19.03481947,20.85338279,3.44394878,16.82836471,16.44995274,3.2809245,0.95894263,2023-09-21 00:00:00
600660,600660.SH,福耀玻璃,10003970,069001001001,016035,汽车零部件,481,99874884969.64,76654286925.64,38.27,-0.416341399948,2609743532,2002986332,19.17006687,21.00155156,3.46841895,16.94793467,16.56683398,3.30423633,0.96575617,2023-09-20 00:00:00
600660,600660.SH,福耀玻璃,10003970,069001001001,016035,汽车零部件,481,100292443934.76,76974764738.76,38.43,-0.181818181818,2609743532,2002986332,19.25021348,21.08935528,3.48291978,17.01879094,16.63609694,3.31805075,0.96979383,2023-09-19 00:00:00
600660,600660.SH,福耀玻璃,10003970,069001001001,016035,汽车零部件,481,100475125982,77114973782,38.5,1.986754966887,2609743532,2002986332,19.28527762,21.12776941,3.4892639,17.04979056,16.66639948,3.32409456,0.9715603,2023-09-18 00:00:00
600660,600660.SH,福耀玻璃,10003970,069001001001,016035,汽车零部件,481,98517818333,75612734033,37.75,-0.840556868926,2609743532,2002986332,18.90959039,20.71618948,3.42129123,16.71765178,16.34172936,3.25933947,0.9526338,2023-09-15 00:00:00
600660,600660.SH,福耀玻璃,10003970,069001001001,016035,汽车零部件,481,99352936263.24,76253689659.24,38.07,-0.88518614944,2609743532,2002986332,19.06988361,20.89179692,3.4502929,16.85936433,16.48025528,3.28696831,0.96070911,2023-09-14 00:00:00
600660,600660.SH,福耀玻璃,10003970,069001001001,016035,汽车零部件,481,100240249064.12,76934705012.12,38.41,-0.902992776058,2609743532,2002986332,19.24019515,21.07837982,3.48110718,17.00993391,16.62743907,3.31632395,0.96928912,2023-09-13 00:00:00
600660,600660.SH,福耀玻璃,10003970,069001001001,016035,汽车零部件,481,101153659300.32,77635750228.32,38.76,0.963792654337,2609743532,2002986332,19.41551586,21.27045045,3.51282776,17.164932,16.77895179,3.34654299,0.97812149,2023-09-12 00:00:00
600660,600660.SH,福耀玻璃,10003970,069001001001,016035,汽车零部件,481,100188054193.48,76894645285.48,38.39,1.159420289855,2609743532,2002986332,19.23017682,21.06740435,3.47929457,17.00107687,16.6187812,3.31459714,0.96878441,2023-09-11 00:00:00
600660,600660.SH,福耀玻璃,10003970,069001001001,016035,汽车零部件,481,99039767039.4,76013331299.4,37.95,-1.683937823834,2609743532,2002986332,19.00977365,20.82594413,3.43941727,16.80622212,16.42830806,3.27660749,0.95768087,2023-09-08 00:00:00
600660,600660.SH,福耀玻璃,10003970,069001001001,016035,汽车零部件,481,100736100335.2,77315272415.2,38.6,-0.720164609053,2609743532,2002986332,19.33536925,21.18264673,3.49832692,17.09407573,16.70968883,3.33272857,0.97408383,2023-09-07 00:00:00
600660,600660.SH,福耀玻璃,10003970,069001001001,016035,汽车零部件,481,101466828524.16,77876108588.16,38.88,1.302761855133,2609743532,2002986332,19.47562581,21.33630323,3.52370339,17.21807421,16.83089901,3.3569038,0.98114973,2023-09-06 00:00:00
600660,600660.SH,福耀玻璃,10003970,069001001001,016035,汽车零部件,481,100161956758.16,76874615422.16,38.38,-0.775594622544,2609743532,2002986332,19.22516766,21.06191662,3.47838827,16.99664836,16.61445227,3.31373374,0.96853206,2023-09-05 00:00:00
600660,600660.SH,福耀玻璃,10003970,069001001001,016035,汽车零部件,481,100944879817.76,77475511321.76,38.68,1.442433779177,2609743532,2002986332,19.37544255,21.22654859,3.50557734,17.12950387,16.74432031,3.33963578,0.97610266,2023-09-04 00:00:00
600660,600660.SH,福耀玻璃,10003970,069001001001,016035,汽车零部件,481,99509520875.16,76373868839.16,38.13,0.342105263158,2609743532,2002986332,19.09993859,20.92472331,3.45573071,16.88593543,16.50622889,3.29214871,0.96222323,2023-09-01 00:00:00
600660,600660.SH,福耀玻璃,10003970,069001001001,016035,汽车零部件,481,99170254216,76113480616,38,0.369783412573,2609743532,2002986332,19.03481947,20.85338279,3.44394878,16.82836471,16.44995274,3.2809245,0.95894263,2023-08-31 00:00:00
600660,600660.SH,福耀玻璃,10003970,069001001001,016035,汽车零部件,481,98804890121.52,75833062529.52,37.86,1.09479305741,2609743532,2002986332,18.96469118,20.77655454,3.43126055,16.76636547,16.38934765,3.26883688,0.95540969,2023-08-30 00:00:00
600660,600660.SH,福耀玻璃,10003970,069001001001,016035,汽车零部件,481,97734895273.4,75011838133.4,37.45,-0.478341748605,2609743532,2002986332,18.7593155,20.55155751,3.39410216,16.58479627,16.21186132,3.23343743,0.9450632,2023-08-29 00:00:00
600660,600660.SH,福耀玻璃,10003970,069001001001,016035,汽车零部件,481,98204649109.16,75372375673.16,37.63,-0.869336143309,2609743532,2002986332,18.84948043,20.6503367,3.4104156,16.66450958,16.28978215,3.24897865,0.94960556,2023-08-28 00:00:00
600660,600660.SH,福耀玻璃,10003970,069001001001,016035,汽车零部件,481,99065864474.72,76033361162.72,37.96,-0.367454068241,2609743532,2002986332,19.01478281,20.83143186,3.44032358,16.81065064,16.432637,3.27747089,0.95793322,2023-08-25 00:00:00
600660,600660.SH,福耀玻璃,10003970,069001001001,016035,汽车零部件,481,99431228569.2,76313779249.2,38.1,0.98065200106,2609743532,2002986332,19.0849111,20.90826011,3.45301181,16.87264988,16.49324209,3.28955851,0.96146617,2023-08-24 00:00:00
600660,600660.SH,福耀玻璃,10003970,069001001001,016035,汽车零部件,481,98465623462.36,75572674306.36,37.73,-0.501054852321,2609743532,2002986332,18.89957206,20.70521402,3.41947862,16.70879475,16.33307149,3.25761267,0.95212909,2023-08-23 00:00:00
600660,600660.SH,福耀玻璃,10003970,069001001001,016035,汽车零部件,481,98961474733.44,75953241709.44,37.92,0.503578054598,2609743532,2002986332,18.99474616,20.80948093,3.43669837,16.79293657,16.41532126,3.27401729,0.95692381,2023-08-22 00:00:00
600660,600660.SH,福耀玻璃,10003970,069001001001,016035,汽车零部件,481,98465623462.36,75572674306.36,37.73,0.265745415892,2609743532,2002986332,18.89957206,20.70521402,3.41947862,16.70879475,16.33307149,3.25761267,0.95212909,2023-08-21 00:00:00
600660,600660.SH,福耀玻璃,10003970,069001001001,016035,汽车零部件,481,98204649109.16,75372375673.16,37.63,0.561197220738,2609743532,2002986332,18.84948043,20.6503367,3.4104156,16.66450958,16.28978215,3.24897865,0.94960556,2023-08-18 00:00:00
600660,600660.SH,福耀玻璃,10003970,069001001001,016035,汽车零部件,481,97656602967.44,74951748543.44,37.42,1.989642954484,2609743532,2002986332,20.34969228,20.53509432,3.39138325,16.57151072,16.38682725,3.41415791,0.94430614,2023-08-17 00:00:00
600660,600660.SH,福耀玻璃,10003970,069001001001,016035,汽车零部件,481,95751490189.08,73489568521.08,36.69,0.1638001638,2609743532,2002986332,19.9527047,20.13448986,3.32522318,16.24822898,16.06714837,3.34755355,0.92588435,2023-08-16 00:00:00
600660,600660.SH,福耀玻璃,10003970,069001001001,016035,汽车零部件,481,95594905577.16,73369389341.16,36.63,-0.623982637005,2609743532,2002986332,19.92007558,20.10156346,3.31978537,16.22165788,16.04087339,3.34207922,0.92437023,2023-08-15 00:00:00
600660,600660.SH,福耀玻璃,10003970,069001001001,016035,汽车零部件,481,96195146589.52,73830076197.52,36.86,-0.940607363612,2609743532,2002986332,20.04515386,20.22778131,3.34063032,16.32351377,16.14159414,3.36306416,0.93017435,2023-08-14 00:00:00
600660,600660.SH,福耀玻璃,10003970,069001001001,016035,汽车零部件,481,97108556825.72,74531121413.72,37.21,-0.984566258648,2609743532,2002986332,20.23549038,20.41985194,3.3723509,16.47851186,16.29486483,3.39499776,0.93900672,2023-08-11 00:00:00
600660,600660.SH,福耀玻璃,10003970,069001001001,016035,汽车零部件,481,98074161932.56,75272226356.56,37.58,0,2609743532,2002986332,20.43670326,20.62289803,3.40588409,16.64236699,16.45689386,3.42875613,0.94834379,2023-08-10 00:00:00
600660,600660.SH,福耀玻璃,10003970,069001001001,016035,汽车零部件,481,98074161932.56,75272226356.56,37.58,0.053248136315,2609743532,2002986332,20.43670326,20.62289803,3.40588409,16.64236699,16.45689386,3.42875613,0.94834379,2023-08-09 00:00:00
600660,600660.SH,福耀玻璃,10003970,069001001001,016035,汽车零部件,481,98021967061.92,75232166629.92,37.56,-0.265533722783,2609743532,2002986332,20.42582689,20.61192257,3.40407148,16.63350996,16.44813553,3.42693135,0.94783909,2023-08-08 00:00:00
600660,600660.SH,福耀玻璃,10003970,069001001001,016035,汽车零部件,481,98282941415.12,75432465263.12,37.66,-1.284403669725,2609743532,2002986332,20.48020875,20.66679989,3.41313451,16.67779513,16.49192716,3.43605524,0.95036262,2023-08-07 00:00:00
600660,600660.SH,福耀玻璃,10003970,069001001001,016035,汽车零部件,481,99561715745.8,76413928565.8,38.15,1.489757914339,2609743532,2002986332,20.74667987,20.93569878,3.45754332,16.89479246,16.70650614,3.48076228,0.96272793,2023-08-04 00:00:00
600660,600660.SH,福耀玻璃,10003970,069001001001,016035,汽车零部件,481,98100259367.88,75292256219.88,37.59,-0.318217979316,2609743532,2002986332,20.44214145,20.62838577,3.40679039,16.64679551,16.46127302,3.42966852,0.94859615,2023-08-03 00:00:00
600660,600660.SH,福耀玻璃,10003970,069001001001,016035,汽车零部件,481,98413428591.72,75532614579.72,37.71,0.319233838787,2609743532,2002986332,20.50739968,20.69423855,3.41766602,16.69993772,16.51382297,3.44061718,0.95162439,2023-08-02 00:00:00
600660,600660.SH,福耀玻璃,10003970,069001001001,016035,汽车零部件,481,98100259367.88,75292256219.88,37.59,-0.765575501584,2609743532,2002986332,20.44214145,20.62838577,3.40679039,16.64679551,16.46127302,3.42966852,0.94859615,2023-08-01 00:00:00
600660,600660.SH,福耀玻璃,10003970,069001001001,016035,汽车零部件,481,98857084992.16,75873122256.16,37.88,1.283422459893,2609743532,2002986332,20.59984884,20.78753,3.43307316,16.7752225,16.58826874,3.45612779,0.95591439,2023-07-31 00:00:00
600660,600660.SH,福耀玻璃,10003970,069001001001,016035,汽车零部件,481,97604408096.8,74911688816.8,37.4,1.217861975643,2609743532,2002986332,20.33881591,20.52411885,3.38957065,16.56265369,16.37806893,3.41233314,0.94380143,2023-07-28 00:00:00
600660,600660.SH,福耀玻璃,10003970,069001001001,016035,汽车零部件,481,96430023507.4,74010344967.4,36.95,-0.189086980011,2609743532,2002986332,20.09409754,20.2771709,3.34878704,16.36337042,16.1810066,3.37127565,0.93244553,2023-07-27 00:00:00
600660,600660.SH,福耀玻璃,10003970,069001001001,016035,汽车零部件,481,96612705554.64,74150554010.64,37.02,-0.107933081489,2609743532,2002986332,20.13216484,20.31558502,3.35513116,16.39437004,16.21166074,3.37766237,0.93421201,2023-07-26 00:00:00
600660,600660.SH,福耀玻璃,10003970,069001001001,016035,汽车零部件,481,96717095295.92,74230673463.92,37.06,1.841165155262,2609743532,2002986332,20.15391759,20.33753595,3.35875637,16.41208411,16.22917739,3.38131193,0.93522142,2023-07-25 00:00:00
600660,600660.SH,福耀玻璃,10003970,069001001001,016035,汽车零部件,481,94968567129.48,72888672621.48,36.39,0.803324099723,2609743532,2002986332,19.78955912,19.96985789,3.29803411,16.11537347,15.93577348,3.3201819,0.91831375,2023-07-24 00:00:00
600660,600660.SH,福耀玻璃,10003970,069001001001,016035,汽车零部件,481,94211741505.2,72307806585.2,36.1,-0.303783485225,2609743532,2002986332,19.63185172,19.81071365,3.27175135,15.98694647,15.80877776,3.29372263,0.9109955,2023-07-21 00:00:00
600660,600660.SH,福耀玻璃,10003970,069001001001,016035,汽车零部件,481,94498813293.72,72528135081.72,36.21,-0.192943770673,2609743532,2002986332,19.69167177,19.87107871,3.28172067,16.03566016,15.85694855,3.3037589,0.91377139,2023-07-20 00:00:00
600660,600660.SH,福耀玻璃,10003970,069001001001,016035,汽车零部件,481,94681495340.96,72668344124.96,36.28,0.193316763325,2609743532,2002986332,19.72973907,19.90949283,3.28806479,16.06665978,15.88760269,3.31014562,0.91553786,2023-07-19 00:00:00
600660,600660.SH,福耀玻璃,10003970,069001001001,016035,汽车零部件,481,94498813293.72,72528135081.72,36.21,1.286713286713,2609743532,2002986332,19.69167177,19.87107871,3.28172067,16.03566016,15.85694855,3.3037589,0.91377139,2023-07-18 00:00:00
600660,600660.SH,福耀玻璃,10003970,069001001001,016035,汽车零部件,481,93298331269,71606761369,35.75,-1.243093922652,2609743532,2002986332,19.44151521,19.61864302,3.24003076,15.83194838,15.65550706,3.26178903,0.90216313,2023-07-17 00:00:00
600660,600660.SH,福耀玻璃,10003970,069001001001,016035,汽车零部件,481,94472715858.4,72508105218.4,36.2,-1.254773595199,2609743532,2002986332,19.68623358,19.86559097,3.28081437,16.03123164,15.85256939,3.30284651,0.91351903,2023-07-14 00:00:00
600660,600660.SH,福耀玻璃,10003970,069001001001,016035,汽车零部件,481,95673197883.12,73429478931.12,36.66,0.300957592339,2609743532,2002986332,19.93639014,20.11802666,3.32250427,16.23494343,16.05401088,3.34481639,0.92512729,2023-07-13 00:00:00
600660,600660.SH,福耀玻璃,10003970,069001001001,016035,汽车零部件,481,95386126094.6,73209150434.6,36.55,1.499583449042,2609743532,2002986332,19.8765701,20.05766161,3.31253495,16.18622974,16.00584009,3.33478011,0.9223514,2023-07-12 00:00:00
600660,600660.SH,福耀玻璃,10003970,069001001001,016035,汽车零部件,481,93976864587.32,72127537815.32,36.01,0.953181945613,2609743532,2002986332,19.58290805,19.76132406,3.26359462,15.94708982,15.7693653,3.28551113,0.90872432,2023-07-11 00:00:00
600660,600660.SH,福耀玻璃,10003970,069001001001,016035,汽车零部件,481,93089551786.44,71446522462.44,35.67,-0.36312849162,2609743532,2002986332,19.39800972,19.57474116,3.23278035,15.79652024,15.62047376,3.25448992,0.90014431,2023-07-10 00:00:00
600660,600660.SH,福耀玻璃,10003970,069001001001,016035,汽车零部件,481,93428818445.6,71706910685.6,35.8,0.223964165733,2609743532,2002986332,19.46870614,19.64608168,3.24456228,15.85409096,15.67740288,3.26635097,0.9034249,2023-07-07 00:00:00
600660,600660.SH,福耀玻璃,10003970,069001001001,016035,汽车零部件,481,93220038963.04,71546671779.04,35.72,-0.083916083916,2609743532,2002986332,19.42520065,19.60217982,3.23731186,15.81866283,15.64236957,3.25905186,0.90140607,2023-07-06 00:00:00
600660,600660.SH,福耀玻璃,10003970,069001001001,016035,汽车零部件,481,93298331269,71606761369,35.75,-0.859678313921,2609743532,2002986332,19.44151521,19.61864302,3.24003076,15.83194838,15.65550706,3.26178903,0.90216313,2023-07-05 00:00:00
600660,600660.SH,福耀玻璃,10003970,069001001001,016035,汽车零部件,481,94107351763.92,72227687131.92,36.06,1.121704991587,2609743532,2002986332,19.61009898,19.78876272,3.26812614,15.96923241,15.79126111,3.29007307,0.90998609,2023-07-04 00:00:00
600660,600660.SH,福耀玻璃,10003970,069001001001,016035,汽车零部件,481,93063454351.12,71426492599.12,35.66,-0.529986052999,2609743532,2002986332,19.39257154,19.56925343,3.23187404,15.79209172,15.6160946,3.25357753,0.89989195,2023-07-03 00:00:00
600660,600660.SH,福耀玻璃,10003970,069001001001,016035,汽车零部件,481,93559305622.2,71807060002.2,35.85,1.99146514936,2609743532,2002986332,19.49589707,19.67352034,3.24909379,15.87623355,15.69929869,3.27091291,0.90468667,2023-06-30 00:00:00
600660,600660.SH,福耀玻璃,10003970,069001001001,016035,汽车零部件,481,91732485149.8,70404969569.8,35.15,0.68748209682,2609743532,2002986332,19.11522405,19.28937908,3.07752753,15.56623736,15.39275729,3.20704572,0.88702194,2023-06-29 00:00:00
600660,600660.SH,福耀玻璃,10003970,069001001001,016035,汽车零部件,481,91106146702.12,69924252850.12,34.91,1.159084323385,2609743532,2002986332,18.98470758,19.15767351,3.05651454,15.45995295,15.28765739,3.18514839,0.88096546,2023-06-28 00:00:00
600660,600660.SH,福耀玻璃,10003970,069001001001,016035,汽车零部件,481,90062249289.32,69123058317.32,34.51,-0.028968713789,2609743532,2002986332,18.76718014,18.93816421,3.02149289,15.28281227,15.11249087,3.14865285,0.87087132,2023-06-27 00:00:00
600660,600660.SH,福耀玻璃,10003970,069001001001,016035,汽车零部件,481,90088346724.64,69143088180.64,34.52,0.407213496219,2609743532,2002986332,18.77261832,18.94365195,3.02236843,15.28724078,15.11687004,3.14956524,0.87112368,2023-06-26 00:00:00
600660,600660.SH,福耀玻璃,10003970,069001001001,016035,汽车零部件,481,89722982630.16,68862670094.16,34.38,-0.318933024065,2609743532,2002986332,18.69648372,18.86682369,3.01011085,15.22524154,15.05556176,3.1367918,0.86759073,2023-06-21 00:00:00
600660,600660.SH,福耀玻璃,10003970,069001001001,016035,汽车零部件,481,90010054418.68,69082998590.68,34.49,0.232490555071,2609743532,2002986332,18.75630376,18.92718875,3.0197418,15.27395523,15.10373255,3.14682807,0.87036662,2023-06-20 00:00:00
600660,600660.SH,福耀玻璃,10003970,069001001001,016035,汽车零部件,481,89801274936.12,68922759684.12,34.41,0.379229871645,2609743532,2002986332,18.71279828,18.88328689,3.01273747,15.2385271,15.06869925,3.13952896,0.86834779,2023-06-19 00:00:00
600660,600660.SH,福耀玻璃,10003970,069001001001,016035,汽车零部件,481,89462008276.96,68662371460.96,34.28,-0.23282887078,2609743532,2002986332,18.64210186,18.81194637,3.00135544,15.18095637,15.01177013,3.12766791,0.8650672,2023-06-16 00:00:00
600660,600660.SH,福耀玻璃,10003970,069001001001,016035,汽车零部件,481,89670787759.52,68822610367.52,34.36,2.353291629431,2609743532,2002986332,18.68560735,18.85584823,3.00835977,15.21638451,15.04680343,3.13496702,0.86708602,2023-06-15 00:00:00
600660,600660.SH,福耀玻璃,10003970,069001001001,016035,汽车零部件,481,87609090369.24,67240251165.24,33.57,-0.089285714286,2609743532,2002986332,18.25599065,18.42231738,2.93919201,14.86653167,14.70084957,3.06288833,0.84715011,2023-06-14 00:00:00
600660,600660.SH,福耀玻璃,10003970,069001001001,016035,汽车零部件,481,87687382675.2,67300340755.2,33.6,0.149031296572,2609743532,2002986332,18.2723052,18.43878057,2.94181863,14.87981722,14.71398706,3.06562549,0.84790717,2023-06-13 00:00:00
600660,600660.SH,福耀玻璃,10003970,069001001001,016035,汽车零部件,481,87556895498.6,67200191438.6,33.55,1.697484086087,2609743532,2002986332,18.24511427,18.41134191,2.93744092,14.85767463,14.69209124,3.06106355,0.8466454,2023-06-12 00:00:00
600660,600660.SH,福耀玻璃,10003970,069001001001,016035,汽车零部件,481,86095439120.68,66078519092.68,32.99,0.487359122754,2609743532,2002986332,17.94057585,18.1040289,2.88841061,14.60967768,14.44685813,3.00996979,0.83251362,2023-06-09 00:00:00
600660,600660.SH,福耀玻璃,10003970,069001001001,016035,汽车零部件,481,85677880155.56,65758041279.56,32.83,-0.182426269383,2609743532,2002986332,17.85356488,18.01622519,2.87440195,14.53882141,14.37679152,2.99537158,0.82847596,2023-06-08 00:00:00
600660,600660.SH,福耀玻璃,10003970,069001001001,016035,汽车零部件,481,85834464767.48,65878220459.48,32.89,0.243828101189,2609743532,2002986332,17.88619399,18.04915158,2.8796552,14.56539251,14.4030665,3.00084591,0.82999008,2023-06-07 00:00:00
600660,600660.SH,福耀玻璃,10003970,069001001001,016035,汽车零部件,481,85625685284.92,65717981552.92,32.81,-1.263918146253,2609743532,2002986332,17.8426885,18.00524972,2.87265087,14.52996437,14.3680332,2.9935468,0.82797126,2023-06-06 00:00:00
600660,600660.SH,福耀玻璃,10003970,069001001001,016035,汽车零部件,481,86721777568.36,66559235812.36,33.23,0,2609743532,2002986332,18.07109232,18.23573448,2.9094236,14.71596209,14.55195803,3.03186712,0.8385701,2023-06-05 00:00:00
600660,600660.SH,福耀玻璃,10003970,069001001001,016035,汽车零部件,481,86721777568.36,66559235812.36,33.23,2.942998760843,2609743532,2002986332,18.07109232,18.23573448,2.9094236,14.71596209,14.55195803,3.03186712,0.8385701,2023-06-02 00:00:00
600660,600660.SH,福耀玻璃,10003970,069001001001,016035,汽车零部件,481,84242521212.96,64656398796.96,32.28,-0.493218249075,2609743532,2002986332,17.55446464,17.71439991,2.82624719,14.29525297,14.13593757,2.94519021,0.81459653,2023-06-01 00:00:00
600660,600660.SH,福耀玻璃,10003970,069001001001,016035,汽车零部件,481,84660080178.08,64976876610.08,32.44,-1.127704967998,2609743532,2002986332,17.64147562,17.80220362,2.84025585,14.36610924,14.20600417,2.95978842,0.81863418,2023-05-31 00:00:00
600660,600660.SH,福耀玻璃,10003970,069001001001,016035,汽车零部件,481,85625685284.92,65717981552.92,32.81,-0.273556231003,2609743532,2002986332,17.8426885,18.00524972,2.87265087,14.52996437,14.3680332,2.9935468,0.82797126,2023-05-30 00:00:00
600660,600660.SH,福耀玻璃,10003970,069001001001,016035,汽车零部件,481,85860562202.8,65898250322.8,32.9,-0.87375715577,2609743532,2002986332,17.89163218,18.05463931,2.88053074,14.56982102,14.40744566,3.0017583,0.83024244,2023-05-29 00:00:00
600660,600660.SH,福耀玻璃,10003970,069001001001,016035,汽车零部件,481,86617387827.08,66479116359.08,33.19,0.484408113836,2609743532,2002986332,18.04933958,18.21378355,2.90592144,14.69824802,14.53444138,3.02821756,0.83756068,2023-05-26 00:00:00
600660,600660.SH,福耀玻璃,10003970,069001001001,016035,汽车零部件,481,86199828861.96,66158638545.96,33.03,-0.331925165963,2609743532,2002986332,17.9623286,18.12597983,2.89191278,14.62739175,14.46437478,3.01361935,0.83352303,2023-05-25 00:00:00
600660,600660.SH,福耀玻璃,10003970,069001001001,016035,汽车零部件,481,86486900650.48,66378967042.48,33.14,-0.629685157421,2609743532,2002986332,18.02214865,18.18634489,2.90154373,14.67610543,14.51254557,3.02365562,0.83629892,2023-05-24 00:00:00
600660,600660.SH,福耀玻璃,10003970,069001001001,016035,汽车零部件,481,87034946792.2,66799594172.2,33.35,-0.149700598802,2609743532,2002986332,18.13635055,18.30158727,2.9199301,14.76910429,14.60450799,3.04281578,0.84159834,2023-05-23 00:00:00
600660,600660.SH,福耀玻璃,10003970,069001001001,016035,汽车零部件,481,87165433968.8,66899743488.8,33.4,0.420926037282,2609743532,2002986332,18.16354148,18.32902593,2.92430781,14.79124688,14.6264038,3.04737772,0.8428601,2023-05-22 00:00:00
600660,600660.SH,福耀玻璃,10003970,069001001001,016035,汽车零部件,481,86800069874.32,66619325402.32,33.26,0.392393600966,2609743532,2002986332,18.08740688,18.25219767,2.91205023,14.72924764,14.56509552,3.03460428,0.83932716,2023-05-19 00:00:00
600660,600660.SH,福耀玻璃,10003970,069001001001,016035,汽车零部件,481,86460803215.16,66358937179.16,33.13,-0.600060006001,2609743532,2002986332,18.01671046,18.18085715,2.90066819,14.67167692,14.50816641,3.02274323,0.83604656,2023-05-18 00:00:00
600660,600660.SH,福耀玻璃,10003970,069001001001,016035,汽车零部件,481,90244931336.56,69263267360.56,34.58,0.11580775912,2609743532,2002986332,18.80524744,18.97657834,3.02762167,15.31381189,15.14314501,3.15503957,0.8726378,2023-05-17 00:00:00
600660,600660.SH,福耀玻璃,10003970,069001001001,016035,汽车零部件,481,90140541595.28,69183147907.28,34.54,-0.202253683906,2609743532,2002986332,18.7834947,18.95462741,3.02411951,15.29609782,15.12562836,3.15139002,0.87162838,2023-05-16 00:00:00
600660,600660.SH,福耀玻璃,10003970,069001001001,016035,汽车零部件,481,90323223642.52,69323356950.52,34.61,2.215002953337,2609743532,2002986332,18.821562,18.99304154,3.0302483,15.32709744,15.1562825,3.15777674,0.87339486,2023-05-15 00:00:00
600660,600660.SH,福耀玻璃,10003970,069001001001,016035,汽车零部件,481,88365915993.52,67821117201.52,33.86,-0.965194501316,2609743532,2002986332,18.41369804,18.58146161,2.9645827,14.99495866,14.82784529,3.08934759,0.85446836,2023-05-12 00:00:00
600660,600660.SH,福耀玻璃,10003970,069001001001,016035,汽车零部件,481,89227131359.08,68482102691.08,34.19,1.273696682464,2609743532,2002986332,18.59315818,18.76255678,2.99347557,15.14109972,14.97235766,3.11945642,0.86279602,2023-05-11 00:00:00
600660,600660.SH,福耀玻璃,10003970,069001001001,016035,汽车零部件,481,88104941640.32,67620818568.32,33.76,1.809408926417,2609743532,2002986332,18.35931618,18.52658429,2.95582729,14.95067349,14.78405366,3.08022371,0.85194482,2023-05-10 00:00:00
600660,600660.SH,福耀玻璃,10003970,069001001001,016035,汽车零部件,481,86539095521.12,66419026769.12,33.16,-0.777977259126,2609743532,2002986332,18.03302502,18.19732035,2.90329482,14.68496247,14.52130389,3.0254804,0.83680362,2023-05-09 00:00:00
600660,600660.SH,福耀玻璃,10003970,069001001001,016035,汽车零部件,481,87217628839.44,66939803215.44,33.42,0.602046959663,2609743532,2002986332,18.17441786,18.34000139,2.92605889,14.80010391,14.63516213,3.0492025,0.84336481,2023-05-08 00:00:00
600660,600660.SH,福耀玻璃,10003970,069001001001,016035,汽车零部件,481,86695680133.04,66539205949.04,33.22,-1.453574606942,2609743532,2002986332,18.06565413,18.23024675,2.90854806,14.71153357,14.54757887,3.03095473,0.83831774,2023-05-05 00:00:00
600660,600660.SH,福耀玻璃,10003970,069001001001,016035,汽车零部件,481,87974454463.72,67520669251.72,33.71,-0.706921944035,2609743532,2002986332,18.33212525,18.49914563,2.95144959,14.9285309,14.76215785,3.07566177,0.85068306,2023-05-04 00:00:00
600660,600660.SH,福耀玻璃,10003970,069001001001,016035,汽车零部件,481,88600792911.4,68001385971.4,33.95,-0.264394829612,2609743532,2002986332,18.46264172,18.6308512,2.97246258,15.03481531,14.86725776,3.09755909,0.85673954,2023-04-28 00:00:00
600660,600660.SH,福耀玻璃,10003970,069001001001,016035,汽车零部件,481,88835669829.28,68181654741.28,34.04,1.490757304711,2609743532,2002986332,18.68024079,18.68024079,2.98034245,15.07467197,15.07467197,3.16155191,0.85901072,2023-04-27 00:00:00
600660,600660.SH,福耀玻璃,10003970,069001001001,016035,汽车零部件,481,87530798063.28,67180161575.28,33.54,1.390568319226,2609743532,2002986332,18.40585418,18.40585418,2.93656538,14.85324611,14.85324611,3.11511313,0.84639305,2023-04-26 00:00:00
600660,600660.SH,福耀玻璃,10003970,069001001001,016035,汽车零部件,481,86330316038.56,66258787862.56,33.08,-1.194743130227,2609743532,2002986332,18.15341849,18.15341849,2.89629049,14.64953433,14.64953433,3.07238946,0.8347848,2023-04-25 00:00:00
600660,600660.SH,福耀玻璃,10003970,069001001001,016035,汽车零部件,481,87374213451.36,67059982395.36,33.48,-0.505200594354,2609743532,2002986332,18.37292779,18.37292779,2.93131214,14.82667501,14.82667501,3.10954048,0.84487893,2023-04-24 00:00:00
600660,600660.SH,福耀玻璃,10003970,069001001001,016035,汽车零部件,481,87817869851.8,67400490071.8,33.65,-0.532072125333,2609743532,2002986332,18.46621923,18.46621923,2.94619634,14.9019598,14.9019598,3.12532966,0.84916894,2023-04-21 00:00:00
600660,600660.SH,福耀玻璃,10003970,069001001001,016035,汽车零部件,481,88287623687.56,67761027611.56,33.83,-0.441436138905,2609743532,2002986332,18.56499842,18.56499842,2.96195608,14.98167311,14.98167311,3.14204762,0.8537113,2023-04-20 00:00:00
600660,600660.SH,福耀玻璃,10003970,069001001001,016035,汽车零部件,481,88679085217.36,68061475561.36,33.98,-0.904053659959,2609743532,2002986332,18.6473144,18.6473144,2.9750892,15.04810086,15.04810086,3.15597925,0.8574966,2023-04-19 00:00:00
600660,600660.SH,福耀玻璃,10003970,069001001001,016035,汽车零部件,481,89488105712.28,68682401324.28,34.29,0.20455873758,2609743532,2002986332,18.8174341,18.8174341,3.00223098,15.18538489,15.18538489,3.1847713,0.86531955,2023-04-18 00:00:00
600660,600660.SH,福耀玻璃,10003970,069001001001,016035,汽车零部件,481,89305423665.04,68542192281.04,34.22,2.455089820359,2609743532,2002986332,18.77901998,18.77901998,2.99610219,15.15438527,15.15438527,3.17826987,0.86355308,2023-04-17 00:00:00
600660,600660.SH,福耀玻璃,10003970,069001001001,016035,汽车零部件,481,87165433968.8,66899743488.8,33.4,0.240096038415,2609743532,2002986332,18.32902593,18.32902593,2.92430781,14.79124688,14.79124688,3.10211027,0.8428601,2023-04-14 00:00:00
600660,600660.SH,福耀玻璃,10003970,069001001001,016035,汽车零部件,481,86956654486.24,66739504582.24,33.32,-0.477897252091,2609743532,2002986332,18.28512407,18.28512407,2.91730348,14.75581874,14.75581874,3.09468007,0.84084128,2023-04-13 00:00:00
600660,600660.SH,福耀玻璃,10003970,069001001001,016035,汽车零部件,481,87374213451.36,67059982395.36,33.48,-0.917431192661,2609743532,2002986332,18.37292779,18.37292779,2.93131214,14.82667501,14.82667501,3.10954048,0.84487893,2023-04-12 00:00:00
600660,600660.SH,福耀玻璃,10003970,069001001001,016035,汽车零部件,481,88183233946.28,67680908158.28,33.79,-1.141018139263,2609743532,2002986332,18.54304749,18.54304749,2.95845392,14.96395904,14.96395904,3.13833252,0.85270188,2023-04-11 00:00:00
600660,600660.SH,福耀玻璃,10003970,069001001001,016035,汽车零部件,481,89201033923.76,68462072827.76,34.18,-0.291715285881,2609743532,2002986332,18.75706905,18.75706905,2.99260002,15.1366712,15.1366712,3.17455476,0.86254366,2023-04-10 00:00:00
600660,600660.SH,福耀玻璃,10003970,069001001001,016035,汽车零部件,481,89462008276.96,68662371460.96,34.28,0.321919812701,2609743532,2002986332,18.81194637,18.81194637,3.00135544,15.18095637,15.18095637,3.18384252,0.8650672,2023-04-07 00:00:00
600660,600660.SH,福耀玻璃,10003970,069001001001,016035,汽车零部件,481,89174936488.44,68442042964.44,34.17,0.737028301887,2609743532,2002986332,18.75158132,18.75158132,2.99172448,15.13224269,15.13224269,3.17362599,0.86229131,2023-04-06 00:00:00
600660,600660.SH,福耀玻璃,10003970,069001001001,016035,汽车零部件,481,88522500605.44,67941296381.44,33.92,-2.696500286862,2609743532,2002986332,18.61438801,18.61438801,2.96983595,15.02152976,15.02152976,3.1504066,0.85598248,2023-04-04 00:00:00
600660,600660.SH,福耀玻璃,10003970,069001001001,016035,汽车零部件,481,90975659525.52,69824103533.52,34.86,0.287686996548,2609743532,2002986332,19.13023484,19.13023484,3.05213683,15.43781036,15.43781036,3.2377115,0.87970369,2023-04-03 00:00:00
600660,600660.SH,福耀玻璃,10003970,069001001001,016035,汽车零部件,481,90714685172.32,69623804900.32,34.76,0.724427702115,2609743532,2002986332,19.07535752,19.07535752,3.04338142,15.39352519,15.39352519,3.22842375,0.87718016,2023-03-31 00:00:00
600660,600660.SH,福耀玻璃,10003970,069001001001,016035,汽车零部件,481,90062249289.32,69123058317.32,34.51,0.116042935886,2609743532,2002986332,18.93816421,18.93816421,3.10527253,15.28281227,15.28281227,3.20520436,0.87087132,2023-03-30 00:00:00
600660,600660.SH,福耀玻璃,10003970,069001001001,016035,汽车零部件,481,89957859548.04,69042938864.04,34.47,-0.260416666667,2609743532,2002986332,18.91621328,18.91621328,3.10167326,15.2650982,15.2650982,3.20148926,0.86986191,2023-03-29 00:00:00
600660,600660.SH,福耀玻璃,10003970,069001001001,016035,汽车零部件,481,90192736465.92,69223207633.92,34.56,0.144885540423,2609743532,2002986332,18.96560288,18.96560288,3.10977162,15.30495485,15.30495485,3.20984824,0.87213309,2023-03-28 00:00:00
600660,600660.SH,福耀玻璃,10003970,069001001001,016035,汽车零部件,481,90062249289.32,69123058317.32,34.51,0.348938644955,2609743532,2002986332,18.93816421,18.93816421,3.10527253,15.28281227,15.28281227,3.20520436,0.87087132,2023-03-27 00:00:00
600660,600660.SH,福耀玻璃,10003970,069001001001,016035,汽车零部件,481,89749080065.48,68882699957.48,34.39,-0.289939112786,2609743532,2002986332,18.87231143,18.87231143,3.09447472,15.22967006,15.22967006,3.19405905,0.86784308,2023-03-24 00:00:00
600660,600660.SH,福耀玻璃,10003970,069001001001,016035,汽车零部件,481,90010054418.68,69082998590.68,34.49,-0.26026604974,2609743532,2002986332,18.92718875,18.92718875,3.1034729,15.27395523,15.27395523,3.20334681,0.87036662,2023-03-23 00:00:00
600660,600660.SH,福耀玻璃,10003970,069001001001,016035,汽车零部件,481,90244931336.56,69263267360.56,34.58,-0.20202020202,2609743532,2002986332,18.97657834,18.97657834,3.11157126,15.31381189,15.31381189,3.21170579,0.8726378,2023-03-22 00:00:00
600660,600660.SH,福耀玻璃,10003970,069001001001,016035,汽车零部件,481,90427613383.8,69403476403.8,34.65,0.990964733314,2609743532,2002986332,19.01499247,19.01499247,3.11786999,15.3448115,15.3448115,3.21820721,0.87440427,2023-03-21 00:00:00
600660,600660.SH,福耀玻璃,10003970,069001001001,016035,汽车零部件,481,89540300582.92,68722461050.92,34.31,0.793184488837,2609743532,2002986332,18.82840957,18.82840957,3.08727617,15.19424193,15.19424193,3.18662885,0.86582426,2023-03-20 00:00:00
600660,600660.SH,福耀玻璃,10003970,069001001001,016035,汽车零部件,481,88835669829.28,68181654741.28,34.04,-0.234466588511,2609743532,2002986332,18.68024079,18.68024079,3.06298108,15.07467197,15.07467197,3.16155191,0.85901072,2023-03-17 00:00:00
600660,600660.SH,福耀玻璃,10003970,069001001001,016035,汽车零部件,481,89044449311.84,68341893647.84,34.12,-1.925840758839,2609743532,2002986332,20.0044701,18.72414265,3.07017962,15.1101001,16.55941761,3.31140882,0.86102954,2023-03-16 00:00:00
600660,600660.SH,福耀玻璃,10003970,069001001001,016035,汽车零部件,481,90792977478.28,69683894490.28,34.79,-0.628391888032,2609743532,2002986332,20.39728941,19.09182072,3.13046744,15.40681074,16.88458788,3.37643356,0.87793722,2023-03-15 00:00:00
600660,600660.SH,福耀玻璃,10003970,069001001001,016035,汽车零部件,481,91367121055.32,70124551483.32,35.01,0.114383757506,2609743532,2002986332,20.52627486,19.21255083,3.15026344,15.50423812,16.99136021,3.39778496,0.88348899,2023-03-14 00:00:00
600660,600660.SH,福耀玻璃,10003970,069001001001,016035,汽车零部件,481,91262731314.04,70044432030.04,34.97,-0.085714285714,2609743532,2002986332,20.50282296,19.1905999,3.14666417,15.48652405,16.97194706,3.39390289,0.88247958,2023-03-13 00:00:00
600660,600660.SH,福耀玻璃,10003970,069001001001,016035,汽车零部件,481,91341023620,70104521620,35,-2.993348115299,2609743532,2002986332,20.52041188,19.2070631,3.14936362,15.4998096,16.98650693,3.39681444,0.88323664,2023-03-10 00:00:00
600660,600660.SH,福耀玻璃,10003970,069001001001,016035,汽车零部件,481,94159546634.56,72267746858.56,36.08,-0.797360461919,2609743532,2002986332,21.15361317,19.79973819,3.24654399,15.97808944,17.510662,3.50163043,0.91049079,2023-03-09 00:00:00
600660,600660.SH,福耀玻璃,10003970,069001001001,016035,汽车零部件,481,94916372258.84,72848612894.84,36.37,0.580752212389,2609743532,2002986332,21.32363944,19.95888242,3.27263871,16.10651643,17.65140734,3.52977547,0.91780904,2023-03-08 00:00:00
600660,600660.SH,福耀玻璃,10003970,069001001001,016035,汽车零部件,481,94368326117.12,72427985765.12,36.16,-2.03196965592,2609743532,2002986332,21.20051696,19.84364005,3.25374253,16.01351758,17.5494883,3.50939458,0.91250962,2023-03-07 00:00:00
600660,600660.SH,福耀玻璃,10003970,069001001001,016035,汽车零部件,481,96325633766.12,73930225514.12,36.91,-1.072098633074,2609743532,2002986332,21.64024008,20.25521997,3.3212289,16.34565635,17.91348488,3.58218346,0.93143612,2023-03-06 00:00:00
600660,600660.SH,福耀玻璃,10003970,069001001001,016035,汽车零部件,481,97369531178.92,74731420046.92,37.31,-0.107095046854,2609743532,2002986332,21.87475907,20.47472926,3.35722162,16.52279703,18.10761638,3.6210042,0.94153025,2023-03-03 00:00:00
600660,600660.SH,福耀玻璃,10003970,069001001001,016035,汽车零部件,481,97473920920.2,74811539500.2,37.35,-0.187065740246,2609743532,2002986332,21.89821097,20.49668019,3.3608209,16.5405111,18.12702953,3.62488627,0.94253967,2023-03-02 00:00:00
600660,600660.SH,福耀玻璃,10003970,069001001001,016035,汽车零部件,481,97656602967.44,74951748543.44,37.42,0.944159697869,2609743532,2002986332,21.93925179,20.53509432,3.36711962,16.57151072,18.16100255,3.6316799,0.94430614,2023-03-01 00:00:00
600660,600660.SH,福耀玻璃,10003970,069001001001,016035,汽车零部件,481,96743192731.24,74250703327.24,37.07,-0.053922890267,2609743532,2002986332,21.73404767,20.34302369,3.33562599,16.41651263,17.99113748,3.59771175,0.93547377,2023-02-28 00:00:00
600660,600660.SH,福耀玻璃,10003970,069001001001,016035,汽车零部件,481,96795387601.88,74290763053.88,37.09,0.162030785849,2609743532,2002986332,21.74577362,20.35399915,3.33742562,16.42536966,18.00084405,3.59965279,0.93597848,2023-02-27 00:00:00
600660,600660.SH,福耀玻璃,10003970,069001001001,016035,汽车零部件,481,96638802989.96,74170583873.96,37.03,-1.411075612354,2609743532,2002986332,21.71059577,20.32107276,3.33202671,16.39879856,17.97172433,3.59382968,0.93446436,2023-02-24 00:00:00
600660,600660.SH,福耀玻璃,10003970,069001001001,016035,汽车零部件,481,98021967061.92,75232166629.92,37.56,0.106609808102,2609743532,2002986332,22.02133344,20.61192257,3.37971708,16.63350996,18.22894858,3.64526716,0.94783909,2023-02-23 00:00:00
600660,600660.SH,福耀玻璃,10003970,069001001001,016035,汽车零部件,481,97917577320.64,75152047176.64,37.52,-1.237167675704,2609743532,2002986332,21.99788154,20.58997164,3.37611781,16.61579589,18.20953543,3.64138508,0.94682967,2023-02-22 00:00:00
600660,600660.SH,福耀玻璃,10003970,069001001001,016035,汽车零部件,481,99144156780.68,76093450752.68,37.99,0.903054448871,2609743532,2002986332,22.27344136,20.84789506,3.41840926,16.82393619,18.43763995,3.68699945,0.95869028,2023-02-21 00:00:00
600660,600660.SH,福耀玻璃,10003970,069001001001,016035,汽车零部件,481,98256843979.8,75412435399.8,37.65,0.293020777837,2609743532,2002986332,22.07410021,20.66131216,3.38781544,16.67336661,18.27262817,3.65400182,0.95011027,2023-02-20 00:00:00
600660,600660.SH,福耀玻璃,10003970,069001001001,016035,汽车零部件,481,97969772191.28,75192106903.28,37.54,-0.239170874302,2609743532,2002986332,22.00960749,20.6009471,3.37791744,16.62465293,18.219242,3.64332612,0.94733438,2023-02-17 00:00:00
600660,600660.SH,福耀玻璃,10003970,069001001001,016035,汽车零部件,481,98204649109.16,75372375673.16,37.63,0.05317734645,2609743532,2002986332,22.06237426,20.6503367,3.38601581,16.66450958,18.26292159,3.65206079,0.94960556,2023-02-16 00:00:00
600660,600660.SH,福耀玻璃,10003970,069001001001,016035,汽车零部件,481,98152454238.52,75332315946.52,37.61,-0.738981261547,2609743532,2002986332,22.05064831,20.63936123,3.38421617,16.65565254,18.25321501,3.65011975,0.94910085,2023-02-15 00:00:00
600660,600660.SH,福耀玻璃,10003970,069001001001,016035,汽车零部件,481,98883182427.48,75893152119.48,37.89,-0.655479811222,2609743532,2002986332,22.21481161,20.79301774,3.40941108,16.77965102,18.38910707,3.67729426,0.95616675,2023-02-14 00:00:00
600660,600660.SH,福耀玻璃,10003970,069001001001,016035,汽车零部件,481,99535618310.48,76393898702.48,38.14,-0.261506276151,2609743532,2002986332,22.36138598,20.93021104,3.43190653,16.89036395,18.51043926,3.70155723,0.96247558,2023-02-13 00:00:00
600660,600660.SH,福耀玻璃,10003970,069001001001,016035,汽车零部件,481,99796592663.68,76594197335.68,38.24,-1.086394205898,2609743532,2002986332,22.42001573,20.98508837,3.44090471,16.93464912,18.55897214,3.71126241,0.96499911,2023-02-10 00:00:00
600660,600660.SH,福耀玻璃,10003970,069001001001,016035,汽车零部件,481,100892684947.12,77435451595.12,38.66,0.259336099585,2609743532,2002986332,22.66626067,21.21557312,3.47869708,17.12064683,18.76281022,3.75202418,0.97559795,2023-02-09 00:00:00
600660,600660.SH,福耀玻璃,10003970,069001001001,016035,汽车零部件,481,100631710593.92,77235152961.92,38.56,-0.336004135436,2609743532,2002986332,22.60763092,21.1606958,3.4696989,17.07636166,18.71427735,3.742319,0.97307442,2023-02-08 00:00:00
600660,600660.SH,福耀玻璃,10003970,069001001001,016035,汽车零部件,481,100970977253.08,77495541185.08,38.69,0.259134490801,2609743532,2002986332,22.68384959,21.23203632,3.48139653,17.13393238,18.77737009,3.75493574,0.97635501,2023-02-07 00:00:00
600660,600660.SH,福耀玻璃,10003970,069001001001,016035,汽车零部件,481,100710002899.88,77295242551.88,38.59,-2.179974651458,2609743532,2002986332,22.62521985,21.177159,3.47239835,17.08964721,18.72883721,3.74523055,0.97383148,2023-02-06 00:00:00
600660,600660.SH,福耀玻璃,10003970,069001001001,016035,汽车零部件,481,102954382337.4,79017810797.4,39.45,0.381679389313,2609743532,2002986332,23.12943568,21.64910398,3.54978271,17.47049968,19.14621995,3.82869514,0.99553386,2023-02-03 00:00:00
600660,600660.SH,福耀玻璃,10003970,069001001001,016035,汽车零部件,481,102562920807.6,78717362847.6,39.3,0.511508951407,2609743532,2002986332,23.04149106,21.56678799,3.53628544,17.40407192,19.07342063,3.81413736,0.99174856,2023-02-02 00:00:00
600660,600660.SH,福耀玻璃,10003970,069001001001,016035,汽车零部件,481,102040972101.2,78316765581.2,39.1,0.15368852459,2609743532,2002986332,22.92423156,21.45703335,3.51828908,17.31550158,18.97635488,3.79472699,0.9867015,2023-02-01 00:00:00
600660,600660.SH,福耀玻璃,10003970,069001001001,016035,汽车零部件,481,101884387489.28,78196586401.28,39.04,0.282558438222,2609743532,2002986332,22.88905371,21.42410695,3.51289017,17.28893048,18.94723515,3.78890388,0.98518738,2023-01-31 00:00:00
600660,600660.SH,福耀玻璃,10003970,069001001001,016035,汽车零部件,481,101597315700.76,77976257904.76,38.93,4.791386271871,2609743532,2002986332,22.82456099,21.3637419,3.50299217,17.24021679,18.89384899,3.77822818,0.98241149,2023-01-30 00:00:00
600660,600660.SH,福耀玻璃,10003970,069001001001,016035,汽车零部件,481,96951972213.8,74410942233.8,37.15,-0.45551982851,2609743532,2002986332,21.78095147,20.38692554,3.34282453,16.45194076,18.02996378,3.6054759,0.9374926,2023-01-20 00:00:00
600660,600660.SH,福耀玻璃,10003970,069001001001,016035,汽车零部件,481,97395628614.24,74751449910.24,37.32,1.110810078569,2609743532,2002986332,21.88062204,20.48021699,3.35812144,16.52722555,18.11246967,3.62197472,0.94178261,2023-01-19 00:00:00
600660,600660.SH,福耀玻璃,10003970,069001001001,016035,汽车零部件,481,96325633766.12,73930225514.12,36.91,0.27166530834,2609743532,2002986332,21.64024008,20.25521997,3.3212289,16.34565635,17.91348488,3.58218346,0.93143612,2023-01-18 00:00:00
600660,600660.SH,福耀玻璃,10003970,069001001001,016035,汽车零部件,481,96064659412.92,73729926880.92,36.81,-1.44578313253,2609743532,2002986332,21.58161033,20.20034265,3.31223071,16.30137118,17.864952,3.57247828,0.92891259,2023-01-17 00:00:00
600660,600660.SH,福耀玻璃,10003970,069001001001,016035,汽车零部件,481,97473920920.2,74811539500.2,37.35,3.807670928293,2609743532,2002986332,21.89821097,20.49668019,3.3608209,16.5405111,18.12702953,3.62488627,0.94253967,2023-01-16 00:00:00
600660,600660.SH,福耀玻璃,10003970,069001001001,016035,汽车零部件,481,93898572281.36,72067448225.36,35.98,-1.693989071038,2609743532,2002986332,21.09498342,19.74486086,3.23754581,15.93380427,17.46212912,3.49192525,0.90796726,2023-01-13 00:00:00
600660,600660.SH,福耀玻璃,10003970,069001001001,016035,汽车零部件,481,95516613271.2,73309299751.2,36.6,1.160862354892,2609743532,2002986332,21.45848786,20.08510027,3.29333453,16.20837233,17.76303296,3.55209739,0.92361317,2023-01-12 00:00:00
600660,600660.SH,福耀玻璃,10003970,069001001001,016035,汽车零部件,481,94420520987.76,72468045491.76,36.18,-0.385462555066,2609743532,2002986332,21.21224291,19.85461551,3.25554217,16.02237461,17.55919487,3.51133562,0.91301433,2023-01-11 00:00:00
600660,600660.SH,福耀玻璃,10003970,069001001001,016035,汽车零部件,481,94785885082.24,72748463578.24,36.32,1.736694677871,2609743532,2002986332,21.29432456,19.93144376,3.26813962,16.08437385,17.6271409,3.52492287,0.91654727,2023-01-10 00:00:00
600660,600660.SH,福耀玻璃,10003970,069001001001,016035,汽车零部件,481,93167844092.4,71506612052.4,35.7,-0.833333333333,2609743532,2002986332,20.93082012,19.59120436,3.2123509,15.80980579,17.32623707,3.46475073,0.90090137,2023-01-09 00:00:00
600660,600660.SH,福耀玻璃,10003970,069001001001,016035,汽车零部件,481,93950767152,72107507952,36,1.465614430665,2609743532,2002986332,21.10670937,19.75583633,3.23934544,15.9426613,17.4718357,3.49386628,0.90847197,2023-01-06 00:00:00
600660,600660.SH,福耀玻璃,10003970,069001001001,016035,汽车零部件,481,92593700515.36,71065955059.36,35.48,1.197946377638,2609743532,2002986332,20.80183468,19.47047425,3.1925549,15.71237842,17.21946474,3.44339933,0.89534959,2023-01-05 00:00:00
600660,600660.SH,福耀玻璃,10003970,069001001001,016035,汽车零部件,481,91497608231.92,70224700799.92,35.06,-1.239436619718,2609743532,2002986332,20.55558973,19.23998949,3.15476253,15.5263807,17.01562665,3.40263755,0.88475076,2023-01-04 00:00:00
600660,600660.SH,福耀玻璃,10003970,069001001001,016035,汽车零部件,481,92645895386,71106014786,35.5,1.226119190191,2609743532,2002986332,20.81356063,19.48144971,3.19435453,15.72123545,17.22917131,3.44534036,0.8958543,2023-01-03 00:00:00
600660,600660.SH,福耀玻璃,10003970,069001001001,016035,汽车零部件,481,91523705667.24,70244730663.24,35.07,0.142775556825,2609743532,2002986332,20.56145271,29.09054193,3.21566927,16.12181614,17.02047994,3.40360807,0.37621733,2022-12-30 00:00:00
600660,600660.SH,福耀玻璃,10003970,069001001001,016035,汽车零部件,481,91393218490.64,70144581346.64,35.02,-0.028546959749,2609743532,2002986332,20.53213783,29.04906696,3.21108463,16.09883095,16.9962135,3.39875548,0.37568095,2022-12-29 00:00:00
600660,600660.SH,福耀玻璃,10003970,069001001001,016035,汽车零部件,481,91419315925.96,70164611209.96,35.03,-1.379504504505,2609743532,2002986332,20.53800081,29.05736195,3.21200156,16.10342799,17.00106679,3.399726,0.37578822,2022-12-28 00:00:00
600660,600660.SH,福耀玻璃,10003970,069001001001,016035,汽车零部件,481,92698090256.64,71146074512.64,35.52,0.680272108844,2609743532,2002986332,20.82528658,29.46381663,3.25693107,16.3286829,17.23887789,3.4472814,0.38104475,2022-12-27 00:00:00
600660,600660.SH,福耀玻璃,10003970,069001001001,016035,汽车零部件,481,92071751808.96,70665357792.96,35.28,0.570125427594,2609743532,2002986332,20.68457518,29.26473679,3.23492478,16.21835396,17.12239898,3.42398896,0.37847013,2022-12-26 00:00:00
600660,600660.SH,福耀玻璃,10003970,069001001001,016035,汽车零部件,481,91549803102.56,70264760526.56,35.08,-1.155255001409,2609743532,2002986332,20.56731568,29.09883692,3.2165862,16.12641318,17.02533323,3.40457859,0.3763246,2022-12-23 00:00:00
600660,600660.SH,福耀玻璃,10003970,069001001001,016035,汽车零部件,481,92619797950.68,71085984922.68,35.49,-0.532511210762,2609743532,2002986332,20.80769765,29.43893165,3.25418028,16.31489178,17.22431802,3.44436985,0.38072292,2022-12-22 00:00:00
600660,600660.SH,福耀玻璃,10003970,069001001001,016035,汽车零部件,481,93115649221.76,71466552325.76,35.68,0.337457817773,2609743532,2002986332,20.91909417,29.59653652,3.27160193,16.40223553,17.31653049,3.4628097,0.38276117,2022-12-21 00:00:00
600660,600660.SH,福耀玻璃,10003970,069001001001,016035,汽车零部件,481,92802479997.92,71226193965.92,35.56,-1.577636313313,2609743532,2002986332,20.84873847,29.4969966,3.26059878,16.34707106,17.25829104,3.45116347,0.38147386,2022-12-20 00:00:00
600660,600660.SH,福耀玻璃,10003970,069001001001,016035,汽车零部件,481,94290033811.16,72367896175.16,36.13,-1.39192139738,2609743532,2002986332,21.18292804,29.96981123,3.31286372,16.60910229,17.53492844,3.50648302,0.3875886,2022-12-19 00:00:00
600660,600660.SH,福耀玻璃,10003970,069001001001,016035,汽车零部件,481,95621003012.48,73389419204.48,36.64,-0.758396533044,2609743532,2002986332,21.48193976,30.39285589,3.35962709,16.84355128,17.78244611,3.55597946,0.39305968,2022-12-16 00:00:00
600660,600660.SH,福耀玻璃,10003970,069001001001,016035,汽车零部件,481,96351731201.44,73950255377.44,36.92,2.186548574592,2609743532,2002986332,21.64610305,30.62511571,3.3853011,16.97226838,17.91833816,3.58315398,0.39606341,2022-12-15 00:00:00
600660,600660.SH,福耀玻璃,10003970,069001001001,016035,汽车零部件,481,94290033811.16,72367896175.16,36.13,-0.276014352746,2609743532,2002986332,21.18292804,29.96981123,3.31286372,16.60910229,17.53492844,3.50648302,0.3875886,2022-12-14 00:00:00
600660,600660.SH,福耀玻璃,10003970,069001001001,016035,汽车零部件,481,94551008164.36,72568194808.36,36.23,-0.603566529492,2609743532,2002986332,21.24155779,30.05276116,3.32203301,16.65507268,17.58346131,3.51618821,0.38866136,2022-12-13 00:00:00
600660,600660.SH,福耀玻璃,10003970,069001001001,016035,汽车零部件,481,95125151741.4,73008851801.4,36.45,-3.54591161683,2609743532,2002986332,21.37054323,30.23525102,3.34220544,16.75620754,17.69023364,3.53753961,0.39102143,2022-12-12 00:00:00
600660,600660.SH,福耀玻璃,10003970,069001001001,016035,汽车零部件,481,98622208074.28,75692853486.28,37.79,1.395224040783,2609743532,2002986332,22.15618186,31.34678014,3.4650739,17.37221078,18.34057419,3.66758908,0.40539643,2022-12-09 00:00:00
600660,600660.SH,福耀玻璃,10003970,069001001001,016035,汽车零部件,481,97265141437.64,74651300593.64,37.27,-0.427464600588,2609743532,2002986332,21.85130717,30.91544048,3.41739361,17.13316474,18.08820323,3.61712212,0.39981807,2022-12-08 00:00:00
600660,600660.SH,福耀玻璃,10003970,069001001001,016035,汽车零部件,481,97682700402.76,74971778406.76,37.43,0.780829294561,2609743532,2002986332,21.94511477,31.04816037,3.43206447,17.20671737,18.16585584,3.63265042,0.40153449,2022-12-07 00:00:00
600660,600660.SH,福耀玻璃,10003970,069001001001,016035,汽车零部件,481,96925874778.48,74390912370.48,37.14,-0.161290322581,2609743532,2002986332,21.7750885,30.80760556,3.40547353,17.07340324,18.02511049,3.60450538,0.39842348,2022-12-06 00:00:00
600660,600660.SH,福耀玻璃,10003970,069001001001,016035,汽车零部件,481,97082459390.4,74511091550.4,37.2,1.086956521739,2609743532,2002986332,21.81026635,30.85737552,3.4109751,17.10098547,18.05423022,3.61032849,0.39906714,2022-12-05 00:00:00
600660,600660.SH,福耀玻璃,10003970,069001001001,016035,汽车零部件,481,96038561977.6,73709897017.6,36.8,-1.73564753004,2609743532,2002986332,21.57574735,30.52557579,3.37429795,16.91710391,17.86009871,3.57150776,0.3947761,2022-12-02 00:00:00
600660,600660.SH,福耀玻璃,10003970,069001001001,016035,汽车零部件,481,97734895273.4,75011838133.4,37.45,0.861836789658,2609743532,2002986332,21.95684072,31.06475036,3.43389832,17.21591145,18.17556241,3.63459145,0.40174904,2022-12-01 00:00:00
600660,600660.SH,福耀玻璃,10003970,069001001001,016035,汽车零部件,481,96899777343.16,74370882507.16,37.13,2.569060773481,2609743532,2002986332,21.76922552,30.79931057,3.4045566,17.0688062,18.02025721,3.60353487,0.39831621,2022-11-30 00:00:00
600660,600660.SH,福耀玻璃,10003970,069001001001,016035,汽车零部件,481,94472715858.4,72508105218.4,36.2,1.971830985915,2609743532,2002986332,21.22396886,30.02787618,3.31928222,16.64128156,17.56890145,3.51327665,0.38833953,2022-11-29 00:00:00
600660,600660.SH,福耀玻璃,10003970,069001001001,016035,汽车零部件,481,92645895386,71106014786,35.5,-0.86567997766,2609743532,2002986332,20.81356063,29.44722664,3.25509721,16.31948882,17.22917131,3.44534036,0.3808302,2022-11-28 00:00:00
600660,600660.SH,福耀玻璃,10003970,069001001001,016035,汽车零部件,481,93454915880.92,71726940548.92,35.81,-0.167270699749,2609743532,2002986332,20.99531285,29.70437144,3.283522,16.46199704,17.37962323,3.47542643,0.38415576,2022-11-25 00:00:00
600660,600660.SH,福耀玻璃,10003970,069001001001,016035,汽车零部件,481,93611500492.84,71847119728.84,35.87,-1.293340671436,2609743532,2002986332,21.03049069,29.7541414,3.28902357,16.48957927,17.40874296,3.48124955,0.38479942,2022-11-24 00:00:00
600660,600660.SH,福耀玻璃,10003970,069001001001,016035,汽车零部件,481,94838079952.88,72788523304.88,36.34,0.303615788021,2609743532,2002986332,21.30605051,30.14400609,3.33211923,16.70564011,17.63684748,3.52686391,0.38984139,2022-11-23 00:00:00
600660,600660.SH,福耀玻璃,10003970,069001001001,016035,汽车零部件,481,94551008164.36,72568194808.36,36.23,0.360110803324,2609743532,2002986332,21.24155779,30.05276116,3.32203301,16.65507268,17.58346131,3.51618821,0.38866136,2022-11-22 00:00:00
600660,600660.SH,福耀玻璃,10003970,069001001001,016035,汽车零部件,481,94211741505.2,72307806585.2,36.1,-1.581243184297,2609743532,2002986332,21.16533912,29.94492625,3.31011294,16.59531117,17.52036857,3.50357147,0.38726677,2022-11-21 00:00:00
600660,600660.SH,福耀玻璃,10003970,069001001001,016035,汽车零部件,481,95725392753.76,73469538657.76,36.68,-0.59620596206,2609743532,2002986332,21.50539165,30.42603587,3.36329481,16.86193944,17.80185926,3.55986154,0.39348878,2022-11-18 00:00:00
600660,600660.SH,福耀玻璃,10003970,069001001001,016035,汽车零部件,481,96299536330.8,73910195650.8,36.9,-0.966183574879,2609743532,2002986332,21.6343771,30.60852572,3.38346724,16.9630743,17.90863159,3.58121294,0.39584886,2022-11-17 00:00:00
600660,600660.SH,福耀玻璃,10003970,069001001001,016035,汽车零部件,481,97239044002.32,74631270730.32,37.26,-1.454641629199,2609743532,2002986332,21.84544419,30.90714549,3.41647668,17.12856771,18.08334995,3.6161516,0.3997108,2022-11-16 00:00:00
600660,600660.SH,福耀玻璃,10003970,069001001001,016035,汽车零部件,481,98674402944.92,75732913212.92,37.81,1.123294998663,2609743532,2002986332,22.16790781,31.36337012,3.46690776,17.38140486,18.35028077,3.66953012,0.40561098,2022-11-15 00:00:00
600660,600660.SH,福耀玻璃,10003970,069001001001,016035,汽车零部件,481,97578310661.48,74891658953.48,37.39,0.241286863271,2609743532,2002986332,21.92166287,31.0149804,3.42839675,17.18832921,18.14644269,3.62876834,0.40110539,2022-11-14 00:00:00
600660,600660.SH,福耀玻璃,10003970,069001001001,016035,汽车零部件,481,97343433743.6,74711390183.6,37.3,0.566190347803,2609743532,2002986332,21.86889609,30.94032546,3.42014439,17.14695586,18.1027631,3.62003368,0.4001399,2022-11-11 00:00:00
600660,600660.SH,福耀玻璃,10003970,069001001001,016035,汽车零部件,481,96795387601.88,74290763053.88,37.09,-0.589654248191,2609743532,2002986332,21.74577362,30.7661306,3.40088889,17.05041804,18.00084405,3.59965279,0.3978871,2022-11-10 00:00:00
600660,600660.SH,福耀玻璃,10003970,069001001001,016035,汽车零部件,481,97369531178.92,74731420046.92,37.31,-2.073490813648,2609743532,2002986332,21.87475907,30.94862045,3.42106132,17.1515529,18.10761638,3.6210042,0.40024718,2022-11-09 00:00:00
600660,600660.SH,福耀玻璃,10003970,069001001001,016035,汽车零部件,481,99431228569.2,76313779249.2,38.1,-0.104876769795,2609743532,2002986332,22.33793408,31.60392493,3.49349869,17.51471899,18.49102611,3.69767515,0.40872199,2022-11-08 00:00:00
600660,600660.SH,福耀玻璃,10003970,069001001001,016035,汽车零部件,481,99535618310.48,76393898702.48,38.14,0.183871815077,2609743532,2002986332,22.36138598,31.63710491,3.49716641,17.53310715,18.51043926,3.70155723,0.40915109,2022-11-07 00:00:00
600660,600660.SH,福耀玻璃,10003970,069001001001,016035,汽车零部件,481,99352936263.24,76253689659.24,38.07,3.732970027248,2609743532,2002986332,22.32034516,31.57903995,3.49074791,17.50092787,18.47646625,3.6947636,0.40840016,2022-11-04 00:00:00
600660,600660.SH,福耀玻璃,10003970,069001001001,016035,汽车零部件,481,95777587624.4,73509598384.4,36.7,0.492880613363,2609743532,2002986332,21.5171176,30.44262585,3.36512866,16.87113352,17.81156583,3.56180257,0.39370333,2022-11-03 00:00:00
600660,600660.SH,福耀玻璃,10003970,069001001001,016035,汽车零部件,481,95307833788.64,73149060844.64,36.52,2.182428651371,2609743532,2002986332,21.41158406,30.29331597,3.34862395,16.78838681,17.72420666,3.54433324,0.39177236,2022-11-02 00:00:00
600660,600660.SH,福耀玻璃,10003970,069001001001,016035,汽车零部件,481,93272233833.68,71586731505.68,35.74,6.909961112773,2609743532,2002986332,20.95427202,29.64630649,3.2771035,16.42981776,17.34565022,3.46863281,0.38340483,2022-11-01 00:00:00
600660,600660.SH,福耀玻璃,10003970,069001001001,016035,汽车零部件,481,87243726274.76,66959833078.76,33.43,0.360252176524,2609743532,2002986332,19.59992484,27.73016301,3.06529295,15.36790173,16.22454076,3.24444305,0.35862405,2022-10-31 00:00:00
600660,600660.SH,福耀玻璃,10003970,069001001001,016035,汽车零部件,481,86930557050.92,66719474718.92,33.31,-3.644778709864,2609743532,2002986332,19.52956914,27.63062308,3.0542898,15.31273726,16.16630131,3.23279683,0.35733673,2022-10-28 00:00:00
600660,600660.SH,福耀玻璃,10003970,069001001001,016035,汽车零部件,481,90218833901.24,69243237497.24,34.57,-0.603795284646,2609743532,2002986332,20.26830397,28.67579226,3.16982283,15.89196419,16.77781556,3.35508215,0.37085352,2022-10-27 00:00:00
600660,600660.SH,福耀玻璃,10003970,069001001001,016035,汽车零部件,481,90766880042.96,69663864626.96,34.78,0.753186558517,2609743532,2002986332,20.39142644,28.84998712,3.18907834,15.98850201,16.8797346,3.37546304,0.37310632,2022-10-26 00:00:00
600660,600660.SH,福耀玻璃,10003970,069001001001,016035,汽车零部件,481,90088346724.64,69143088180.64,34.52,-0.144634075788,2609743532,2002986332,20.23898909,28.63431729,3.16523819,15.86897899,16.75354912,3.35022956,0.37031714,2022-10-25 00:00:00
600660,600660.SH,福耀玻璃,10003970,069001001001,016035,汽车零部件,481,90218833901.24,69243237497.24,34.57,-2.619718309859,2609743532,2002986332,20.26830397,28.67579226,3.16982283,15.89196419,16.77781556,3.35508215,0.37085352,2022-10-24 00:00:00
600660,600660.SH,福耀玻璃,10003970,069001001001,016035,汽车零部件,481,92645895386,71106014786,35.5,-1.662049861496,2609743532,2002986332,20.81356063,29.44722664,3.25509721,16.31948882,17.22917131,3.44534036,0.3808302,2022-10-21 00:00:00
600660,600660.SH,福耀玻璃,10003970,069001001001,016035,汽车零部件,481,94211741505.2,72307806585.2,36.1,-1.393062004917,2609743532,2002986332,25.06418964,29.94492625,3.31011294,16.59531117,17.41811089,3.77396546,0.38726677,2022-10-20 00:00:00
600660,600660.SH,福耀玻璃,10003970,069001001001,016035,汽车零部件,481,95542710706.52,73329329614.52,36.61,-0.651289009498,2609743532,2002986332,25.41828207,30.36797091,3.35687631,16.82976016,17.66418392,3.82728187,0.39273785,2022-10-19 00:00:00
600660,600660.SH,福耀玻璃,10003970,069001001001,016035,汽车零部件,481,96169049154.2,73810046334.2,36.85,-1.259378349411,2609743532,2002986332,25.5849138,30.56705075,3.3788826,16.9400891,17.779983,3.85237194,0.39531248,2022-10-18 00:00:00
600660,600660.SH,福耀玻璃,10003970,069001001001,016035,汽车零部件,481,97395628614.24,74751449910.24,37.32,-0.026788106081,2609743532,2002986332,25.91123427,30.95691545,3.42197825,17.15614994,18.00675619,3.90150667,0.40035445,2022-10-17 00:00:00
600660,600660.SH,福耀玻璃,10003970,069001001001,016035,汽车零部件,481,97421726049.56,74771479773.56,37.33,4.390380313199,2609743532,2002986332,25.91817726,30.96521044,3.42289518,17.16074698,18.01158115,3.90255209,0.40046173,2022-10-14 00:00:00
600660,600660.SH,福耀玻璃,10003970,069001001001,016035,汽车零部件,481,93324428704.32,71626791232.32,35.76,-0.362217887991,2609743532,2002986332,24.82812802,29.66289647,3.27893736,16.43901184,17.2540622,3.73842119,0.38361938,2022-10-13 00:00:00
600660,600660.SH,福耀玻璃,10003970,069001001001,016035,汽车零部件,481,93663695363.48,71887179455.48,35.89,2.895642201835,2609743532,2002986332,24.91838687,29.77073139,3.29085743,16.49877335,17.3167867,3.75201164,0.38501397,2022-10-12 00:00:00
600660,600660.SH,福耀玻璃,10003970,069001001001,016035,汽车零部件,481,91027854396.16,69864163260.16,34.88,-1.021566401816,2609743532,2002986332,24.217145,28.93293705,3.19824762,16.0344724,16.82946559,3.64642424,0.37417908,2022-10-11 00:00:00
600660,600660.SH,福耀玻璃,10003970,069001001001,016035,汽车零部件,481,91967362067.68,70585238339.68,35.24,-1.591734152471,2609743532,2002986332,24.4670926,29.23155681,3.23125706,16.19996581,17.0031642,3.68405936,0.37804102,2022-10-10 00:00:00
600660,600660.SH,福耀玻璃,10003970,069001001001,016035,汽车零部件,481,93454915880.92,71726940548.92,35.81,-2.02462380301,2609743532,2002986332,24.86284296,29.70437144,3.283522,16.46199704,17.27818701,3.74364829,0.38415576,2022-09-30 00:00:00
600660,600660.SH,福耀玻璃,10003970,069001001001,016035,汽车零部件,481,95386126094.6,73209150434.6,36.55,-0.490062619112,2609743532,2002986332,25.37662414,30.31820095,3.5923128,16.80217793,17.63523415,3.82100935,0.39209419,2022-09-29 00:00:00
600660,600660.SH,福耀玻璃,10003970,069001001001,016035,汽车零部件,481,95855879930.36,73569687974.36,36.73,-1.974913263944,2609743532,2002986332,25.50159793,30.46751083,3.61000408,16.88492463,17.72208346,3.83982691,0.39402516,2022-09-28 00:00:00
600660,600660.SH,福耀玻璃,10003970,069001001001,016035,汽车零部件,481,97787090144.04,75051897860.04,37.47,-0.213049267643,2609743532,2002986332,26.01537911,31.08134035,3.6827349,17.22510553,18.07913061,3.91718797,0.40196359,2022-09-27 00:00:00
600660,600660.SH,福耀玻璃,10003970,069001001001,016035,汽车零部件,481,97995869626.6,75212136766.6,37.55,-0.026624068158,2609743532,2002986332,26.07092302,31.14770029,3.69059769,17.26188184,18.1177303,3.92555133,0.4028218,2022-09-26 00:00:00
600660,600660.SH,福耀玻璃,10003970,069001001001,016035,汽车零部件,481,98021967061.92,75232166629.92,37.56,-0.344919076678,2609743532,2002986332,26.07786601,31.15599529,3.69158054,17.26647888,18.12255526,3.92659675,0.40292908,2022-09-23 00:00:00
600660,600660.SH,福耀玻璃,10003970,069001001001,016035,汽车零部件,481,98361233721.08,75492554853.08,37.69,-2.609819121447,2609743532,2002986332,26.16812486,31.2638302,3.70435758,17.32624039,18.18527976,3.94018721,0.40432367,2022-09-22 00:00:00
600660,600660.SH,福耀玻璃,10003970,069001001001,016035,汽车零部件,481,100997074688.4,77515571048.4,38.7,-1.80157320477,2609743532,2002986332,26.86936673,32.10162454,3.80362532,17.79054134,18.67260087,4.04577461,0.41515856,2022-09-21 00:00:00
600660,600660.SH,福耀玻璃,10003970,069001001001,016035,汽车零部件,481,102849992596.12,78937691344.12,39.41,0.999487442337,2609743532,2002986332,27.36231894,32.69056907,3.87340759,18.11693111,19.01517313,4.11999941,0.42277516,2022-09-20 00:00:00
600660,600660.SH,福耀玻璃,10003970,069001001001,016035,汽车零部件,481,101832192618.64,78156526674.64,39.02,0.360082304527,2609743532,2002986332,27.09154237,32.36706433,3.83507648,17.93764659,18.82699964,4.07922804,0.41859139,2022-09-19 00:00:00
600660,600660.SH,福耀玻璃,10003970,069001001001,016035,汽车零部件,481,101466828524.16,77876108588.16,38.88,-1.544694859458,2609743532,2002986332,26.99434053,32.25093442,3.8213166,17.87328804,18.75945018,4.06459216,0.41708953,2022-09-16 00:00:00
600660,600660.SH,福耀玻璃,10003970,069001001001,016035,汽车零部件,481,103058772078.68,79097930250.68,39.49,-1.447466932867,2609743532,2002986332,27.41786285,32.75692902,3.88127038,18.15370743,19.05377282,4.12836277,0.42363337,2022-09-15 00:00:00
600660,600660.SH,福耀玻璃,10003970,069001001001,016035,汽车零部件,481,104572423327.24,80259662323.24,40.07,-2.931201550388,2609743532,2002986332,27.8205562,33.23803864,3.93827562,18.42033569,19.33362059,4.18899712,0.42985538,2022-09-14 00:00:00
600660,600660.SH,福耀玻璃,10003970,069001001001,016035,汽车零部件,481,107730213000.96,82683275784.96,41.28,0.953778429934,2609743532,2002986332,28.66065785,34.24173284,4.05720034,18.97657743,19.91744093,4.31549291,0.44283579,2022-09-13 00:00:00
600660,600660.SH,福耀玻璃,10003970,069001001001,016035,汽车零部件,481,106712413023.48,81902111115.48,40.89,-0.848690591659,2609743532,2002986332,28.38988128,33.9182281,4.01886923,18.7972929,19.72926743,4.27472154,0.43865203,2022-09-09 00:00:00
600660,600660.SH,福耀玻璃,10003970,069001001001,016035,汽车零部件,481,107625823259.68,82603156331.68,41.24,1.726689689196,2609743532,2002986332,28.63288589,34.20855287,4.05326894,18.95818927,19.89814108,4.31131123,0.44240669,2022-09-08 00:00:00
600660,600660.SH,福耀玻璃,10003970,069001001001,016035,汽车零部件,481,105799002787.28,81201065899.28,40.54,0.595533498759,2609743532,2002986332,28.14687667,33.62790333,3.98446952,18.63639653,19.56039378,4.23813185,0.43489736,2022-09-07 00:00:00
600660,600660.SH,福耀玻璃,10003970,069001001001,016035,汽车零部件,481,105172664339.6,80720349179.6,40.3,3.412881703875,2609743532,2002986332,27.98024494,33.42882349,3.96088115,18.52606759,19.4445947,4.21304177,0.43232273,2022-09-06 00:00:00
600660,600660.SH,福耀玻璃,10003970,069001001001,016035,汽车零部件,481,101701705442.04,78056377358.04,38.97,-2.036199095023,2609743532,2002986332,27.05682743,32.32558936,3.83016224,17.91466139,18.80287483,4.07400094,0.41805501,2022-09-05 00:00:00
600660,600660.SH,福耀玻璃,10003970,069001001001,016035,汽车零部件,481,103815597702.96,79678796286.96,39.78,0.836501901141,2609743532,2002986332,27.61920952,32.99748383,3.909773,18.28702156,19.19369671,4.15867994,0.42674438,2022-09-02 00:00:00
600660,600660.SH,福耀玻璃,10003970,069001001001,016035,汽车零部件,481,102954382337.4,79017810797.4,39.45,0.99846390169,2609743532,2002986332,27.39009089,32.72374904,3.87733899,18.13531927,19.03447298,4.12418109,0.42320427,2022-09-01 00:00:00
600660,600660.SH,福耀玻璃,10003970,069001001001,016035,汽车零部件,481,101936582359.92,78236646127.92,39.06,0.93023255814,2609743532,2002986332,27.11931433,32.4002443,3.83900788,17.95603474,18.84629948,4.08340972,0.4190205,2022-08-31 00:00:00
600660,600660.SH,福耀玻璃,10003970,069001001001,016035,汽车零部件,481,100997074688.4,77515571048.4,38.7,0.571725571726,2609743532,2002986332,31.93993296,32.10162454,3.80362532,17.79054134,19.20014067,4.13162894,0.41515856,2022-08-30 00:00:00
600660,600660.SH,福耀玻璃,10003970,069001001001,016035,汽车零部件,481,100422931111.36,77074914055.36,38.48,0.944386149003,2609743532,2002986332,31.75836228,31.91913468,3.78200264,17.68940648,19.09099258,4.10814164,0.41279848,2022-08-29 00:00:00
600660,600660.SH,福耀玻璃,10003970,069001001001,016035,汽车零部件,481,99483423439.84,76353838975.84,38.12,-1.141078838174,2609743532,2002986332,31.46124663,31.62051492,3.74662008,17.52391307,18.91238662,4.06970789,0.40893654,2022-08-26 00:00:00
600660,600660.SH,福耀玻璃,10003970,069001001001,016035,汽车零部件,481,100631710593.92,77235152961.92,38.56,0.62630480167,2609743532,2002986332,31.82438798,31.98549463,3.78986543,17.72618279,19.13068279,4.11668248,0.41365669,2022-08-25 00:00:00
600660,600660.SH,福耀玻璃,10003970,069001001001,016035,汽车零部件,481,100005372146.24,76754436242.24,38.32,-2.044989775051,2609743532,2002986332,31.62631088,31.78641479,3.76627706,17.61585385,19.01161215,4.09105997,0.41108206,2022-08-24 00:00:00
600660,600660.SH,福耀玻璃,10003970,069001001001,016035,汽车零部件,481,102093166971.84,78356825307.84,39.12,-1.560140915954,2609743532,2002986332,32.28656789,32.45001426,3.84490497,17.98361698,19.40851429,4.17646832,0.41966415,2022-08-23 00:00:00
600660,600660.SH,福耀玻璃,10003970,069001001001,016035,汽车零部件,481,103711207961.68,79598676833.68,39.74,1.923570146191,2609743532,2002986332,32.79826708,32.96430385,3.90584161,18.2686334,19.71611344,4.2426598,0.42631527,2022-08-22 00:00:00
600660,600660.SH,福耀玻璃,10003970,069001001001,016035,汽车零部件,481,101753900312.68,78096437084.68,38.99,-0.839267548321,2609743532,2002986332,32.17927613,32.34217935,3.83212794,17.92385547,19.34401769,4.16258947,0.41826956,2022-08-19 00:00:00
600660,600660.SH,福耀玻璃,10003970,069001001001,016035,汽车零部件,481,102615115678.24,78757422574.24,39.32,0.127323656735,2609743532,2002986332,32.45163215,32.61591413,3.86456195,18.07555776,19.50773982,4.19782041,0.42180968,2022-08-18 00:00:00
600660,600660.SH,福耀玻璃,10003970,069001001001,016035,汽车零部件,481,102484628501.64,78657273257.64,39.27,0.434782608696,2609743532,2002986332,32.41036608,32.57443916,3.85964771,18.05257257,19.48293344,4.19248239,0.4212733,2022-08-17 00:00:00
600660,600660.SH,福耀玻璃,10003970,069001001001,016035,汽车零部件,481,102040972101.2,78316765581.2,39.1,-0.076667518528,2609743532,2002986332,32.27006147,32.43342427,3.84293928,17.9744229,19.39859173,4.17433312,0.4194496,2022-08-16 00:00:00
600660,600660.SH,福耀玻璃,10003970,069001001001,016035,汽车零部件,481,102119264407.16,78376855171.16,39.13,0.230532786885,2609743532,2002986332,32.29482111,32.45830925,3.84588782,17.98821402,19.41347556,4.17753593,0.41977143,2022-08-15 00:00:00
600660,600660.SH,福耀玻璃,10003970,069001001001,016035,汽车零部件,481,101884387489.28,78196586401.28,39.04,-0.306435137896,2609743532,2002986332,32.22054219,32.38365431,3.83704218,17.94684067,19.36882407,4.16792749,0.41880594,2022-08-12 00:00:00
600660,600660.SH,福耀玻璃,10003970,069001001001,016035,汽车零部件,481,102197556713.12,78436944761.12,39.16,3.927813163482,2609743532,2002986332,32.31958074,32.48319424,3.84883637,18.00200514,19.42835939,4.18073874,0.42009326,2022-08-11 00:00:00
600660,600660.SH,福耀玻璃,10003970,069001001001,016035,汽车零部件,481,98335136285.76,75472524989.76,37.68,-2.383419689119,2609743532,2002986332,31.09810527,31.25553521,3.70337473,17.32164335,18.69409045,4.02273329,0.40421639,2022-08-10 00:00:00
600660,600660.SH,福耀玻璃,10003970,069001001001,016035,汽车零部件,481,100736100335.2,77315272415.2,38.6,-1.127049180328,2609743532,2002986332,31.85740083,32.0186746,3.79379683,17.74457095,19.1505279,4.1209529,0.4140858,2022-08-09 00:00:00
600660,600660.SH,福耀玻璃,10003970,069001001001,016035,汽车零部件,481,101884387489.28,78196586401.28,39.04,-0.357325165901,2609743532,2002986332,32.22054219,32.38365431,3.83704218,17.94684067,19.36882407,4.16792749,0.41880594,2022-08-08 00:00:00
600660,600660.SH,福耀玻璃,10003970,069001001001,016035,汽车零部件,481,102249751583.76,78477004487.76,39.18,0.642178268687,2609743532,2002986332,32.33608717,32.49978422,3.85080207,18.01119921,19.43828195,4.18287395,0.42030781,2022-08-05 00:00:00
600660,600660.SH,福耀玻璃,10003970,069001001001,016035,汽车零部件,481,101597315700.76,77976257904.76,38.93,-1.117602235204,2609743532,2002986332,32.12975685,32.29240939,3.82623084,17.89627324,19.31425003,4.15618384,0.41762591,2022-08-04 00:00:00
600660,600660.SH,福耀玻璃,10003970,069001001001,016035,汽车零部件,481,102745602854.84,78857571890.84,39.37,-1.697877652934,2609743532,2002986332,32.49289821,32.6573891,3.8694762,18.09854296,19.5325462,4.20315843,0.42234606,2022-08-03 00:00:00
600660,600660.SH,福耀玻璃,10003970,069001001001,016035,汽车零部件,481,104520228456.6,80219602596.6,40.05,-2.649489547885,2609743532,2002986332,33.05411667,33.22144865,3.93630992,18.41114162,19.86991302,4.27575553,0.42964083,2022-08-02 00:00:00
600660,600660.SH,福耀玻璃,10003970,069001001001,016035,汽车零部件,481,107364848906.48,82402857698.48,41.14,0.292540224281,2609743532,2002986332,33.95371685,34.12560293,4.04344045,18.91221888,20.41069217,4.39212441,0.44133393,2022-08-01 00:00:00
600660,600660.SH,福耀玻璃,10003970,069001001001,016035,汽车零部件,481,107051679682.64,82162499338.64,41.02,-1.866028708134,2609743532,2002986332,33.8546783,34.02606301,4.03164627,18.85705441,20.35115685,4.37931316,0.44004662,2022-07-29 00:00:00
600660,600660.SH,福耀玻璃,10003970,069001001001,016035,汽车零部件,481,109087279637.6,83724828677.6,41.8,0.071821881733,2609743532,2002986332,34.49842888,34.6730725,4.10830848,19.21562346,20.73813643,4.4625863,0.44841415,2022-07-28 00:00:00
600660,600660.SH,福耀玻璃,10003970,069001001001,016035,汽车零部件,481,109008987331.64,83664739087.64,41.77,1.162509082102,2609743532,2002986332,34.47366925,34.64818752,4.10535994,19.20183234,20.7232526,4.45938349,0.44809232,2022-07-27 00:00:00
600660,600660.SH,福耀玻璃,10003970,069001001001,016035,汽车零部件,481,107756310436.28,82703305648.28,41.29,0.756466569058,2609743532,2002986332,34.07751504,34.25002783,4.05818319,18.98117447,20.48511132,4.40813847,0.44294307,2022-07-26 00:00:00
600660,600660.SH,福耀玻璃,10003970,069001001001,016035,汽车零部件,481,106947289941.36,82082379885.36,40.98,-2.660332541568,2609743532,2002986332,33.82166545,33.99288304,4.02771487,18.83866625,20.33131175,4.37504274,0.43961751,2022-07-25 00:00:00
600660,600660.SH,福耀玻璃,10003970,069001001001,016035,汽车零部件,481,109870202697.2,84325724577.2,42.1,0.935027571326,2609743532,2002986332,34.74602526,34.9219223,4.13779395,19.35353463,20.88697473,4.49461443,0.45163244,2022-07-22 00:00:00
600660,600660.SH,福耀玻璃,10003970,069001001001,016035,汽车零部件,481,108852402719.72,83544559907.72,41.71,-0.215311004785,2609743532,2002986332,34.42414997,34.59841756,4.09946284,19.17425011,20.69348494,4.45297786,0.44744867,2022-07-21 00:00:00
600660,600660.SH,福耀玻璃,10003970,069001001001,016035,汽车零部件,481,109087279637.6,83724828677.6,41.8,-1.484798491633,2609743532,2002986332,34.49842888,34.6730725,4.10830848,19.21562346,20.73813643,4.4625863,0.44841415,2022-07-20 00:00:00
600660,600660.SH,福耀玻璃,10003970,069001001001,016035,汽车零部件,481,110731418062.76,84986710066.76,42.43,1.385902031063,2609743532,2002986332,35.01838128,35.19565708,4.17022797,19.50523692,21.05069686,4.52984537,0.45517255,2022-07-19 00:00:00
600660,600660.SH,福耀玻璃,10003970,069001001001,016035,汽车零部件,481,109217766814.2,83824977994.2,41.85,0.095670892131,2609743532,2002986332,34.53969495,34.71454747,4.11322273,19.23860866,20.76294281,4.46792432,0.44895053,2022-07-18 00:00:00
600660,600660.SH,福耀玻璃,10003970,069001001001,016035,汽车零部件,481,109113377072.92,83744858540.92,41.81,0.746987951807,2609743532,2002986332,34.5066821,34.68136749,4.10929133,19.2202205,20.74309771,4.4636539,0.44852143,2022-07-15 00:00:00
600660,600660.SH,福耀玻璃,10003970,069001001001,016035,汽车零部件,481,108304356578,83123932778,41.5,1.466992665037,2609743532,2002986332,34.2508325,34.4242227,4.07882302,19.07771229,20.58929813,4.43055817,0.44519587,2022-07-14 00:00:00
600660,600660.SH,福耀玻璃,10003970,069001001001,016035,汽车零部件,481,106738510458.8,81922140978.8,40.9,-1.398264223722,2609743532,2002986332,33.75563974,33.92652309,4.01985208,18.80188994,20.29162153,4.3665019,0.4387593,2022-07-13 00:00:00
600660,600660.SH,福耀玻璃,10003970,069001001001,016035,汽车零部件,481,108252161707.36,83083873051.36,41.48,0.43583535109,2609743532,2002986332,34.23432608,34.40763271,4.07685732,19.06851821,20.57937558,4.42842296,0.44498132,2022-07-12 00:00:00
600660,600660.SH,福耀玻璃,10003970,069001001001,016035,汽车零部件,481,107782407871.6,82723335511.6,41.3,-2.016607354686,2609743532,2002986332,34.08576825,34.25832283,4.05916604,18.9857715,20.4900726,4.40920608,0.44305035,2022-07-11 00:00:00
600660,600660.SH,福耀玻璃,10003970,069001001001,016035,汽车零部件,481,110000689873.8,84425873893.8,42.15,-2.045084824541,2609743532,2002986332,34.78729133,34.96339727,4.1427082,19.37651983,20.91178111,4.49995245,0.45216882,2022-07-08 00:00:00
600660,600660.SH,福耀玻璃,10003970,069001001001,016035,汽车零部件,481,112297264181.96,86188501865.96,43.03,3.811821471653,2609743532,2002986332,35.51357404,35.69335669,4.2291989,19.78105927,21.34837346,4.59390164,0.46160911,2022-07-07 00:00:00
600660,600660.SH,福耀玻璃,10003970,069001001001,016035,汽车零部件,481,108173869401.4,83023783461.4,41.45,0.851581508516,2609743532,2002986332,34.20956644,34.38274773,4.07390877,19.05472709,20.56449175,4.42522014,0.44465949,2022-07-06 00:00:00
600660,600660.SH,福耀玻璃,10003970,069001001001,016035,汽车零部件,481,107260459165.2,82322738245.2,41.1,-1.674641148325,2609743532,2002986332,33.920704,34.09242296,4.03950906,18.89383072,20.39084707,4.38785399,0.44090482,2022-07-05 00:00:00
600660,600660.SH,福耀玻璃,10003970,069001001001,016035,汽车零部件,481,109087279637.6,83724828677.6,41.8,2.350636630754,2609743532,2002986332,34.49842888,34.6730725,4.10830848,19.21562346,20.73813643,4.4625863,0.44841415,2022-07-04 00:00:00
600660,600660.SH,福耀玻璃,10003970,069001001001,016035,汽车零部件,481,106581925846.88,81801961798.88,40.84,-2.320019134178,2609743532,2002986332,33.70612047,33.87675313,4.01395499,18.77430771,20.26185387,4.36009628,0.43811565,2022-07-01 00:00:00
600660,600660.SH,福耀玻璃,10003970,069001001001,016035,汽车零部件,481,109113377072.92,83744858540.92,41.81,0.844187168355,2609743532,2002986332,34.5066821,34.68136749,4.10929133,19.2202205,20.74309771,4.4636539,0.44852143,2022-06-30 00:00:00
600660,600660.SH,福耀玻璃,10003970,069001001001,016035,汽车零部件,481,108199966836.72,83043813324.72,41.46,-4.470046082949,2609743532,2002986332,34.21781965,34.39104272,3.98486436,19.05932413,20.56945303,4.42628775,0.44476676,2022-06-29 00:00:00
600660,600660.SH,福耀玻璃,10003970,069001001001,016035,汽车零部件,481,113262869288.8,86929606808.8,43.4,0.277264325323,2609743532,2002986332,35.81894291,36.00027145,4.17132449,19.95114972,21.5319407,4.633403,0.46557833,2022-06-28 00:00:00
600660,600660.SH,福耀玻璃,10003970,069001001001,016035,汽车零部件,481,112949700064.96,86689248448.96,43.28,-1.83715128147,2609743532,2002986332,35.71990436,35.90073152,4.15979087,19.89598525,21.47240538,4.62059175,0.46429102,2022-06-27 00:00:00
600660,600660.SH,福耀玻璃,10003970,069001001001,016035,汽车零部件,481,115063592325.88,88311667377.88,44.09,0.409929401048,2609743532,2002986332,36.38841458,36.57262599,4.23764278,20.26834541,21.87426879,4.7070677,0.47298038,2022-06-24 00:00:00
600660,600660.SH,福耀玻璃,10003970,069001001001,016035,汽车零部件,481,114593838490.12,87951129838.12,43.91,5.022721836881,2609743532,2002986332,36.23985675,36.42331611,4.22034235,20.18559871,21.78496581,4.68785082,0.47104941,2022-06-23 00:00:00
600660,600660.SH,福耀玻璃,10003970,069001001001,016035,汽车零部件,481,109113377072.92,83744858540.92,41.81,-0.806642941874,2609743532,2002986332,34.5066821,34.68136749,4.01850407,19.2202205,20.74309771,4.4636539,0.44852143,2022-06-22 00:00:00
600660,600660.SH,福耀玻璃,10003970,069001001001,016035,汽车零部件,481,110000689873.8,84425873893.8,42.15,-1.426566884939,2609743532,2002986332,34.78729133,34.96339727,4.05118265,19.37651983,20.91178111,4.49995245,0.45216882,2022-06-21 00:00:00
600660,600660.SH,福耀玻璃,10003970,069001001001,016035,汽车零部件,481,111592633428.32,85647695556.32,42.76,0.730270906949,2609743532,2002986332,35.2907373,35.46939187,4.10981187,19.65693921,21.21441899,4.56507632,0.45871266,2022-06-20 00:00:00
600660,600660.SH,福耀玻璃,10003970,069001001001,016035,汽车零部件,481,110783612933.4,85026769793.4,42.45,-0.235017626322,2609743532,2002986332,35.03488771,35.21224707,4.08001669,19.514431,21.06061941,4.53198058,0.4553871,2022-06-17 00:00:00
600660,600660.SH,福耀玻璃,10003970,069001001001,016035,汽车零部件,481,111044587286.6,85227068426.6,42.55,-1.023493835776,2609743532,2002986332,35.11741983,35.295197,4.08962804,19.56040139,21.11023218,4.54265663,0.45645986,2022-06-16 00:00:00
600660,600660.SH,福耀玻璃,10003970,069001001001,016035,汽车零部件,481,112192874440.68,86108382412.68,42.99,-0.899031811895,2609743532,2002986332,35.48056119,35.66017672,4.13191796,19.76267111,21.32852835,4.58963122,0.46118001,2022-06-15 00:00:00
600660,600660.SH,福耀玻璃,10003970,069001001001,016035,汽车零部件,481,113210674418.16,86889547082.16,43.38,0.602968460111,2609743532,2002986332,35.80243648,35.98368146,4.16940222,19.94195564,21.52201814,4.63126779,0.46536378,2022-06-14 00:00:00
600660,600660.SH,福耀玻璃,10003970,069001001001,016035,汽车零部件,481,112532141099.84,86368770635.84,43.12,1.698113207547,2609743532,2002986332,35.58785295,35.76801163,4.14441271,19.82243262,21.39302495,4.60351008,0.4625746,2022-06-13 00:00:00
600660,600660.SH,福耀玻璃,10003970,069001001001,016035,汽车零部件,481,110653125756.8,84926620476.8,42.4,5.002476473502,2609743532,2002986332,34.99362164,35.1707721,4.07521102,19.49144581,21.03581303,4.52664256,0.45485072,2022-06-10 00:00:00
600660,600660.SH,福耀玻璃,10003970,069001001001,016035,汽车零部件,481,105381443822.16,80880588086.16,40.38,-3.535594839943,2609743532,2002986332,33.32647269,33.49518343,3.88106181,18.56284391,20.03363515,4.31098648,0.43318094,2022-06-09 00:00:00
600660,600660.SH,福耀玻璃,10003970,069001001001,016035,汽车零部件,481,109243864249.52,83845007857.52,41.86,0.989143546441,2609743532,2002986332,34.54794816,34.72284246,4.02330975,19.24320569,20.76790409,4.46899192,0.44905781,2022-06-08 00:00:00
600660,600660.SH,福耀玻璃,10003970,069001001001,016035,汽车零部件,481,108173869401.4,83023783461.4,41.45,-3.582228425215,2609743532,2002986332,34.20956644,34.38274773,3.98390322,19.05472709,20.56449175,4.42522014,0.44465949,2022-06-07 00:00:00
600660,600660.SH,福耀玻璃,10003970,069001001001,016035,汽车零部件,481,112192874440.68,86108382412.68,42.99,2.748565965583,2609743532,2002986332,35.48056119,35.66017672,4.13191796,19.76267111,21.32852835,4.58963122,0.46118001,2022-06-06 00:00:00
600660,600660.SH,福耀玻璃,10003970,069001001001,016035,汽车零部件,481,109191669378.88,83804948130.88,41.84,1.676792223572,2609743532,2002986332,34.53144173,34.70625247,4.02138748,19.23401162,20.75798154,4.46685672,0.44884326,2022-06-02 00:00:00
600660,600660.SH,福耀玻璃,10003970,069001001001,016035,汽车零部件,481,107390946341.8,82422887561.8,41.15,2.516193323368,2609743532,2002986332,33.96197006,34.13389793,3.95506918,18.91681592,20.41565345,4.39319201,0.4414412,2022-06-01 00:00:00
600660,600660.SH,福耀玻璃,10003970,069001001001,016035,汽车零部件,481,104755105374.48,80399871366.48,40.14,0.626723489596,2609743532,2002986332,33.12839558,33.29610359,3.85799458,18.45251497,19.91456451,4.28536397,0.43060632,2022-05-31 00:00:00
600660,600660.SH,福耀玻璃,10003970,069001001001,016035,汽车零部件,481,104102669491.48,79899124783.48,39.89,5.001316135825,2609743532,2002986332,32.92206527,33.08872875,3.83396622,18.33758899,19.79053259,4.25867386,0.42792441,2022-05-30 00:00:00
600660,600660.SH,福耀玻璃,10003970,069001001001,016035,汽车零部件,481,99144156780.68,76093450752.68,37.99,-1.834625322997,2609743532,2002986332,31.35395486,31.51268,3.65135063,17.46415156,18.84789002,4.05582903,0.40754195,2022-05-27 00:00:00
600660,600660.SH,福耀玻璃,10003970,069001001001,016035,汽车零部件,481,100997074688.4,77515571048.4,38.7,-0.769230769231,2609743532,2002986332,31.93993296,32.10162454,3.71959119,17.79054134,19.20014067,4.13162894,0.41515856,2022-05-26 00:00:00
600660,600660.SH,福耀玻璃,10003970,069001001001,016035,汽车零部件,481,101779997748,78116466948,39,0.827300930714,2609743532,2002986332,32.18752934,32.35047434,3.74842523,17.92845251,19.34897897,4.16365707,0.41837684,2022-05-25 00:00:00
600660,600660.SH,福耀玻璃,10003970,069001001001,016035,汽车零部件,481,100944879817.76,77475511321.76,38.68,4.9376017363,2609743532,2002986332,31.92342654,32.08503455,3.71766892,17.78134726,19.19021811,4.12949373,0.414944,2022-05-24 00:00:00
600660,600660.SH,福耀玻璃,10003970,069001001001,016035,汽车零部件,481,96195146589.52,73830076197.52,36.86,-0.054229934924,2609743532,2002986332,30.42134183,30.57534575,3.54274241,16.94468614,18.28726576,3.93518974,0.39541975,2022-05-23 00:00:00
600660,600660.SH,福耀玻璃,10003970,069001001001,016035,汽车零部件,481,96247341460.16,73870135924.16,36.88,1.041095890411,2609743532,2002986332,30.43784826,30.59193574,3.54466468,16.95388022,18.29718832,3.93732494,0.3956343,2022-05-20 00:00:00
600660,600660.SH,福耀玻璃,10003970,069001001001,016035,汽车零部件,481,95255638918,73109001118,36.5,-1.351351351351,2609743532,2002986332,30.12422618,30.27672599,3.50814156,16.77919273,18.1086598,3.89675598,0.39155781,2022-05-19 00:00:00
600660,600660.SH,福耀玻璃,10003970,069001001001,016035,汽车零部件,481,99170254216,76113480616,38,-0.653594771242,2609743532,2002986332,31.36220808,31.520975,3.65231176,17.4687486,18.8528513,4.05689663,0.40764923,2022-05-18 00:00:00
600660,600660.SH,福耀玻璃,10003970,069001001001,016035,汽车零部件,481,99822690099,76614227199,38.25,1.728723404255,2609743532,2002986332,31.56853839,31.72834983,3.67634013,17.58367458,18.97688322,4.08358674,0.41033113,2022-05-17 00:00:00
600660,600660.SH,福耀玻璃,10003970,069001001001,016035,汽车零部件,481,98126356803.2,75312286083.2,37.6,-0.132802124834,2609743532,2002986332,31.03207957,31.18917526,3.61386637,17.28486704,18.65440024,4.01419246,0.40335818,2022-05-16 00:00:00
600660,600660.SH,福耀玻璃,10003970,069001001001,016035,汽车零部件,481,98256843979.8,75412435399.8,37.65,1.977248104009,2609743532,2002986332,31.07334563,31.23065023,3.61867205,17.30785223,18.67920662,4.01953048,0.40389457,2022-05-13 00:00:00
600660,600660.SH,福耀玻璃,10003970,069001001001,016035,汽车零部件,481,96351731201.44,73950255377.44,36.92,0.407941256459,2609743532,2002986332,30.47086111,30.62511571,3.54850922,16.97226838,18.31703342,3.94159536,0.39606341,2022-05-12 00:00:00
600660,600660.SH,福耀玻璃,10003970,069001001001,016035,汽车零部件,481,95960269671.64,73649807427.64,36.77,3.958156629912,2609743532,2002986332,30.34706292,30.50069081,3.5340922,16.90331279,18.24261427,3.9255813,0.39445427,2022-05-11 00:00:00
600660,600660.SH,福耀玻璃,10003970,069001001001,016035,汽车零部件,481,92306628726.84,70845626562.84,35.37,0.999428897773,2609743532,2002986332,29.19161315,29.33939173,3.39953334,16.25972731,17.54803554,3.77611668,0.37943561,2022-05-10 00:00:00
600660,600660.SH,福耀玻璃,10003970,069001001001,016035,汽车零部件,481,91393218490.64,70144581346.64,35.02,-2.749236323244,2609743532,2002986332,28.90275071,29.04906696,3.36589363,16.09883095,17.37439086,3.73875053,0.37568095,2022-05-09 00:00:00
600660,600660.SH,福耀玻璃,10003970,069001001001,016035,汽车零部件,481,93976864587.32,72127537815.32,36.01,0.166898470097,2609743532,2002986332,29.71981876,29.87027131,3.46104596,16.55393782,17.86555725,3.84444336,0.38630128,2022-05-06 00:00:00
600660,600660.SH,福耀玻璃,10003970,069001001001,016035,汽车零部件,481,93820279975.4,72007358635.4,35.95,1.12517580872,2609743532,2002986332,29.67029948,29.82050135,3.45527915,16.52635558,17.83578959,3.83803774,0.38565763,2022-05-05 00:00:00
600660,600660.SH,福耀玻璃,10003970,069001001001,016035,汽车零部件,481,92776382562.6,71206164102.6,35.55,3.977771278152,2609743532,2002986332,29.34017098,29.48870161,3.41683377,16.34247402,17.63733852,3.79533356,0.38136658,2022-04-29 00:00:00
600660,600660.SH,福耀玻璃,10003970,069001001001,016035,汽车零部件,481,89227131359.08,68482102691.08,34.19,-0.754716981132,2609743532,2002986332,28.21773406,28.36058251,3.28611945,15.7172767,16.96260489,3.65013937,0.36677703,2022-04-28 00:00:00
600660,600660.SH,福耀玻璃,10003970,069001001001,016035,汽车零部件,481,89905664677.4,69002879137.4,34.45,4.774939172749,2609743532,2002986332,28.43231758,28.57625233,3.31110895,15.83679972,17.09159809,3.67789708,0.36956621,2022-04-27 00:00:00
600660,600660.SH,福耀玻璃,10003970,069001001001,016035,汽车零部件,481,85808367332.16,65858190596.16,32.88,1.638330757342,2609743532,2002986332,27.1365632,27.27393837,3.16021081,15.11506458,16.31267765,3.51028319,0.35272386,2022-04-26 00:00:00
600660,600660.SH,福耀玻璃,10003970,069001001001,016035,汽车零部件,481,84425203260.2,64796607840.2,32.35,-4.459539279386,2609743532,2002986332,26.69914293,26.83430372,3.10927067,14.87142151,16.04972999,3.45370016,0.34703823,2022-04-25 00:00:00
600660,600660.SH,福耀玻璃,10003970,069001001001,016035,汽车零部件,481,88365915993.52,67821117201.52,33.86,-0.994152046784,2609743532,2002986332,27.94537804,28.08684772,3.25440201,15.56557441,16.79888276,3.61490842,0.36323692,2022-04-22 00:00:00
600660,600660.SH,福耀玻璃,10003970,069001001001,016035,汽车零部件,481,89253228794.4,68502132554.4,34.2,-1.695889623455,2609743532,2002986332,28.22598727,28.3688775,3.28708059,15.72187374,16.96756617,3.65120697,0.36688431,2022-04-21 00:00:00
600660,600660.SH,福耀玻璃,10003970,069001001001,016035,汽车零部件,481,90792977478.28,69683894490.28,34.79,-0.172166427547,2609743532,2002986332,28.71292681,28.85828211,3.34378753,15.99309905,17.26028149,3.71419563,0.3732136,2022-04-20 00:00:00
600660,600660.SH,福耀玻璃,10003970,069001001001,016035,汽车零部件,481,90949562090.2,69804073670.2,34.85,-2.271452607964,2609743532,2002986332,28.76244609,28.90805207,3.34955434,16.02068128,17.29004915,3.72060126,0.37385725,2022-04-19 00:00:00
600660,600660.SH,福耀玻璃,10003970,069001001001,016035,汽车零部件,481,93063454351.12,71426492599.12,35.66,1.653363740023,2609743532,2002986332,29.43095632,29.57994654,3.42740625,16.39304145,17.69191256,3.80707721,0.38254662,2022-04-18 00:00:00
600660,600660.SH,福耀玻璃,10003970,069001001001,016035,汽车零部件,481,91549803102.56,70264760526.56,35.08,10.003135779241,2609743532,2002986332,28.95226998,29.09883692,3.37166044,16.12641318,17.40415852,3.74515616,0.3763246,2022-04-15 00:00:00
600660,600660.SH,福耀玻璃,10003970,069001001001,016035,汽车零部件,481,83224721235.48,63875234127.48,31.89,3.471771576898,2609743532,2002986332,26.45273402,26.45273402,3.06505848,14.65995771,14.65995771,3.52601355,0.34210352,2022-04-14 00:00:00
600660,600660.SH,福耀玻璃,10003970,069001001001,016035,汽车零部件,481,80432295656.24,61732038752.24,30.82,-1.154586273252,2609743532,2002986332,25.56516972,25.56516972,2.96221707,14.16807452,14.16807452,3.40770579,0.33062498,2022-04-13 00:00:00
600660,600660.SH,福耀玻璃,10003970,069001001001,016035,汽车零部件,481,81371803327.76,62453113831.76,31.18,2.565789473684,2609743532,2002986332,25.86378949,25.86378949,2.99681791,14.33356793,14.33356793,3.44751027,0.33448692,2022-04-12 00:00:00
600660,600660.SH,福耀玻璃,10003970,069001001001,016035,汽车零部件,481,79336203372.8,60890784492.8,30.4,-6.317411402157,2609743532,2002986332,25.21678,25.21678,2.92184941,13.97499888,13.97499888,3.36126723,0.32611938,2022-04-11 00:00:00
600660,600660.SH,福耀玻璃,10003970,069001001001,016035,汽车零部件,481,84686177613.4,64996906473.4,32.45,-1.666666666667,2609743532,2002986332,26.91725365,26.91725365,3.11888202,14.9173919,14.9173919,3.58793163,0.34811099,2022-04-08 00:00:00
600660,600660.SH,福耀玻璃,10003970,069001001001,016035,汽车零部件,481,86121536556,66098548956,33,-4.569115095431,2609743532,2002986332,27.37347829,27.37347829,3.17174442,15.17022905,15.17022905,3.64874403,0.35401117,2022-04-07 00:00:00
600660,600660.SH,福耀玻璃,10003970,069001001001,016035,汽车零部件,481,90244931336.56,69263267360.56,34.58,-2.095130237826,2609743532,2002986332,28.68408725,28.68408725,3.3236037,15.89656123,15.89656123,3.82344147,0.3709608,2022-04-06 00:00:00
600660,600660.SH,福耀玻璃,10003970,069001001001,016035,汽车零部件,481,92176141550.24,70745477246.24,35.32,-0.730747611017,2609743532,2002986332,29.29791676,29.29791676,3.39472767,16.23674212,16.23674212,3.90526179,0.37889923,2022-04-01 00:00:00
600660,600660.SH,福耀玻璃,10003970,069001001001,016035,汽车零部件,481,92854674868.56,71266253692.56,35.58,-1.576763485477,2609743532,2002986332,29.51358659,29.51358659,3.41971717,16.35626514,16.35626514,3.93400947,0.38168841,2022-03-31 00:00:00
600660,600660.SH,福耀玻璃,10003970,069001001001,016035,汽车零部件,481,94342228681.8,72407955901.8,36.15,2.932801822323,2609743532,2002986332,29.98640122,29.98640122,3.58633664,16.61829637,16.61829637,3.99703323,0.38780315,2022-03-30 00:00:00
600660,600660.SH,福耀玻璃,10003970,069001001001,016035,汽车零部件,481,91654192843.84,70344879979.84,35.12,-0.085348506401,2609743532,2002986332,29.13201689,29.13201689,3.48415332,16.14480134,16.14480134,3.88314819,0.37675371,2022-03-29 00:00:00
600660,600660.SH,福耀玻璃,10003970,069001001001,016035,汽车零部件,481,91732485149.8,70404969569.8,35.15,0.716332378223,2609743532,2002986332,29.15690187,29.15690187,3.48712954,16.15859245,16.15859245,3.88646523,0.37707554,2022-03-28 00:00:00
600660,600660.SH,福耀玻璃,10003970,069001001001,016035,汽车零部件,481,91080049266.8,69904222986.8,34.9,-0.569800569801,2609743532,2002986332,28.94952704,28.94952704,3.46232776,16.04366648,16.04366648,3.85882323,0.37439363,2022-03-25 00:00:00
600660,600660.SH,福耀玻璃,10003970,069001001001,016035,汽车零部件,481,91601997973.2,70304820253.2,35.1,-1.154604336807,2609743532,2002986332,29.11542691,29.11542691,3.48216918,16.13560726,16.13560726,3.88093683,0.37653916,2022-03-24 00:00:00
600660,600660.SH,福耀玻璃,10003970,069001001001,016035,汽车零部件,481,92671992821.32,71126044649.32,35.51,0,2609743532,2002986332,29.45552164,29.45552164,3.52284409,16.32408586,16.32408586,3.92626971,0.38093748,2022-03-23 00:00:00
600660,600660.SH,福耀玻璃,10003970,069001001001,016035,汽车零部件,481,92671992821.32,71126044649.32,35.51,0.566411781365,2609743532,2002986332,29.45552164,29.45552164,3.52284409,16.32408586,16.32408586,3.92626971,0.38093748,2022-03-22 00:00:00
600660,600660.SH,福耀玻璃,10003970,069001001001,016035,汽车零部件,481,92150044114.92,70725447382.92,35.31,-1.12013441613,2609743532,2002986332,29.28962177,29.28962177,3.50300267,16.23214508,16.23214508,3.90415611,0.37879195,2022-03-21 00:00:00
600660,600660.SH,福耀玻璃,10003970,069001001001,016035,汽车零部件,481,93193941527.72,71526641915.72,35.71,-5.852886896915,2609743532,2002986332,29.62142151,29.62142151,3.54268551,16.41602664,16.41602664,3.94838331,0.383083,2022-03-18 00:00:00
600660,600660.SH,福耀玻璃,10003970,069001001001,016035,汽车零部件,481,98987572168.76,75973271572.76,37.93,4.952960708356,2609743532,2002986332,28.49677983,31.46291004,3.76292527,17.43656933,14.37340563,4.2514647,0.4068983,2022-03-17 00:00:00
600660,600660.SH,福耀玻璃,10003970,069001001001,016035,汽车零部件,481,94316131246.48,72387926038.48,36.14,4.179878927645,2609743532,2002986332,27.15195421,29.97810622,3.58534457,16.61369933,13.69509305,4.05082874,0.38769587,2022-03-16 00:00:00
600660,600660.SH,福耀玻璃,10003970,069001001001,016035,汽车零部件,481,90532003125.08,69483595857.08,34.69,-4.435261707989,2609743532,2002986332,26.06257033,28.77533218,3.44149427,15.94712866,13.14562197,3.88830241,0.37214084,2022-03-15 00:00:00
600660,600660.SH,福耀玻璃,10003970,069001001001,016035,汽车零部件,481,94733690211.6,72708403851.6,36.3,-3.122497998399,2609743532,2002986332,27.27216209,30.11082612,3.6012177,16.68725195,13.75572434,4.06876269,0.38941229,2022-03-14 00:00:00
600660,600660.SH,福耀玻璃,10003970,069001001001,016035,汽车零部件,481,97787090144.04,75051897860.04,37.47,-2.141551318882,2609743532,2002986332,28.15118219,31.08134035,3.71729001,17.22510553,14.19909066,4.19990462,0.40196359,2022-03-11 00:00:00
600660,600660.SH,福耀玻璃,10003970,069001001001,016035,汽车零部件,481,99927079840.28,76694346652.28,38.29,2.242990654206,2609743532,2002986332,28.76724756,31.76152981,3.79863983,17.60206273,14.50982603,4.29181607,0.41076024,2022-03-10 00:00:00
600660,600660.SH,福耀玻璃,10003970,069001001001,016035,汽车零部件,481,97734895273.4,75011838133.4,37.45,2.01579950967,2609743532,2002986332,28.1361562,31.06475036,3.71530587,17.21591145,14.19151175,4.19766288,0.40174904,2022-03-09 00:00:00
600660,600660.SH,福耀玻璃,10003970,069001001001,016035,汽车零部件,481,95803685059.72,73529628247.72,36.71,-5.068528575123,2609743532,2002986332,27.58019477,30.45092085,3.64189261,16.87573056,13.91109203,4.11471841,0.39381061,2022-03-08 00:00:00
600660,600660.SH,福耀玻璃,10003970,069001001001,016035,汽车零部件,481,100918782382.44,77455481458.44,38.67,-5.359765051395,2609743532,2002986332,29.05274126,32.07673956,3.83633853,17.77675022,14.65382535,4.33440917,0.41483673,2022-03-07 00:00:00
600660,600660.SH,福耀玻璃,10003970,069001001001,016035,汽车零部件,481,106634120717.52,81842021525.52,40.86,-2.760590195145,2609743532,2002986332,30.69808658,33.89334312,4.05360207,18.78350178,15.48371616,4.57987998,0.4383302,2022-03-04 00:00:00
600660,600660.SH,福耀玻璃,10003970,069001001001,016035,汽车零部件,481,109661423214.64,84165485670.64,42.02,-4.282460136674,2609743532,2002986332,31.56959369,34.85556235,4.16868231,19.31675832,15.92329303,4.70990105,0.45077423,2022-03-03 00:00:00
600660,600660.SH,福耀玻璃,10003970,069001001001,016035,汽车零部件,481,114567741054.8,87931099974.8,43.9,-1.126126126126,2609743532,2002986332,32.98203624,36.41502112,4.35519166,20.18100167,16.6357107,4.92062485,0.47094214,2022-03-02 00:00:00
600660,600660.SH,福耀玻璃,10003970,069001001001,016035,汽车零部件,481,115872612820.8,88932593140.8,44.4,0.909090909091,2609743532,2002986332,33.35768586,36.82977079,4.40479521,20.41085363,16.82518349,4.97666841,0.47630594,2022-03-01 00:00:00
600660,600660.SH,福耀玻璃,10003970,069001001001,016035,汽车零部件,481,114828715408,88131398608,44,-1.895206243032,2609743532,2002986332,33.05716617,36.49797105,4.36511237,20.22697206,16.67360526,4.93183356,0.4720149,2022-02-28 00:00:00
600660,600660.SH,福耀玻璃,10003970,069001001001,016035,汽车零部件,481,117046997410.2,89833936990.2,44.85,0.922592259226,2609743532,2002986332,33.69577051,37.20304549,4.4494384,20.61772039,16.995709,5.02710762,0.48113337,2022-02-25 00:00:00
600660,600660.SH,福耀玻璃,10003970,069001001001,016035,汽车零部件,481,115977002562.08,89012712594.08,44.44,-3.391304347826,2609743532,2002986332,33.38773783,36.86295076,4.40876349,20.42924178,16.84034131,4.98115189,0.47673505,2022-02-24 00:00:00
600660,600660.SH,福耀玻璃,10003970,069001001001,016035,汽车零部件,481,120048202472,92137371272,46,1.545253863135,2609743532,2002986332,34.55976463,38.15696973,4.56352656,21.14637988,17.43149641,5.15600781,0.49347012,2022-02-23 00:00:00
600660,600660.SH,福耀玻璃,10003970,069001001001,016035,汽车零部件,481,118221381999.6,90735280839.6,45.3,-2.265372168285,2609743532,2002986332,34.03385517,37.5763202,4.49408159,20.82458715,17.16623451,5.07754682,0.48596079,2022-02-22 00:00:00
600660,600660.SH,福耀玻璃,10003970,069001001001,016035,汽车零部件,481,120961612708.2,92838416488.2,46.35,-0.40825096691,2609743532,2002986332,34.82271936,38.4472945,4.59824905,21.30727625,17.56412736,5.1952383,0.49722478,2022-02-21 00:00:00
600660,600660.SH,福耀玻璃,10003970,069001001001,016035,汽车零部件,481,121457463979.28,93218983891.28,46.54,-0.852151683,2609743532,2002986332,34.96546621,38.60489938,4.6170984,21.39462,17.63612702,5.21653486,0.49926303,2022-02-18 00:00:00
600660,600660.SH,福耀玻璃,10003970,069001001001,016035,汽车零部件,481,122501361392.08,94020178424.08,46.94,0.470890410959,2609743532,2002986332,35.26598591,38.93669912,4.65678124,21.57850156,17.78770525,5.26136971,0.50355407,2022-02-17 00:00:00
600660,600660.SH,福耀玻璃,10003970,069001001001,016035,汽车零部件,481,121927217815.04,93579521431.04,46.72,1.300954032958,2609743532,2002986332,35.10070007,38.75420926,4.63495568,21.4773667,17.70433722,5.23671054,0.501194,2022-02-16 00:00:00
600660,600660.SH,福耀玻璃,10003970,069001001001,016035,汽车零部件,481,120361371695.84,92377729631.84,46.12,0.130264871906,2609743532,2002986332,34.64992054,38.25650966,4.57543142,21.20154435,17.47696988,5.16945827,0.49475743,2022-02-15 00:00:00
600660,600660.SH,福耀玻璃,10003970,069001001001,016035,汽车零部件,481,120204787083.92,92257550451.92,46.06,-1.560162427869,2609743532,2002986332,34.60484258,38.2067397,4.56947899,21.17396212,17.45423315,5.16273304,0.49411378,2022-02-14 00:00:00
600660,600660.SH,福耀玻璃,10003970,069001001001,016035,汽车零部件,481,122109899862.28,93719730474.28,46.79,-3.286482017363,2609743532,2002986332,35.15329102,38.81227422,4.64190017,21.50954597,17.73086341,5.24455664,0.50194493,2022-02-11 00:00:00
600660,600660.SH,福耀玻璃,10003970,069001001001,016035,汽车零部件,481,126259392078.16,96904478742.16,48.38,-0.206270627063,2609743532,2002986332,36.3478568,40.13117817,4.79963946,22.24047519,18.33338688,5.42277517,0.51900183,2022-02-10 00:00:00
600660,600660.SH,福耀玻璃,10003970,069001001001,016035,汽车零部件,481,126520366431.36,97104777375.36,48.48,2.106149957877,2609743532,2002986332,36.42298672,40.2141281,4.80956017,22.28644558,18.37128143,5.43398388,0.5200746,2022-02-09 00:00:00
600660,600660.SH,福耀玻璃,10003970,069001001001,016035,汽车零部件,481,123910622899.36,95101791043.36,47.48,-1.636627304744,2609743532,2002986332,35.67168749,39.38462876,4.71035307,21.82674167,17.99233586,5.32189676,0.50934698,2022-02-08 00:00:00
600660,600660.SH,福耀玻璃,10003970,069001001001,016035,汽车零部件,481,125972320289.64,96684150245.64,48.27,1.450189155107,2609743532,2002986332,36.26521388,40.03993324,4.78872668,22.18990776,18.29170286,5.41044559,0.5178218,2022-02-07 00:00:00
600660,600660.SH,福耀玻璃,10003970,069001001001,016035,汽车零部件,481,124171597252.56,95302089676.56,47.58,-3.292682926829,2609743532,2002986332,35.74681741,39.4675787,4.72027378,21.87271206,18.03023042,5.33310547,0.51041975,2022-01-28 00:00:00
600660,600660.SH,福耀玻璃,10003970,069001001001,016035,汽车零部件,481,128399381774.4,98546927534.4,49.2,-1.796407185629,2609743532,2002986332,36.96392217,40.81136763,4.88098928,22.6174324,18.64412225,5.51468661,0.52779848,2022-01-27 00:00:00
600660,600660.SH,福耀玻璃,10003970,069001001001,016035,汽车零部件,481,130748150953.2,100349615233.2,50.1,3.065212919152,2609743532,2002986332,37.64009148,41.55791704,4.97027567,23.03116592,18.98517326,5.61556503,0.53745333,2022-01-26 00:00:00
600660,600660.SH,福耀玻璃,10003970,069001001001,016035,汽车零部件,481,126859633090.52,97365165598.52,48.61,-0.876835236542,2609743532,2002986332,36.52065562,40.32196302,4.82245709,22.34620709,18.42054436,5.44855521,0.52146918,2022-01-25 00:00:00
600660,600660.SH,福耀玻璃,10003970,069001001001,016035,汽车零部件,481,127981822809.28,98226449721.28,49.04,0.884591647809,2609743532,2002986332,36.84371429,40.67864773,4.86511615,22.54387977,18.58349096,5.49675267,0.52608206,2022-01-24 00:00:00
600660,600660.SH,福耀玻璃,10003970,069001001001,016035,汽车零部件,481,126859633090.52,97365165598.52,48.61,-1.098677517803,2609743532,2002986332,36.52065562,40.32196302,4.82245709,22.34620709,18.42054436,5.44855521,0.52146918,2022-01-21 00:00:00
600660,600660.SH,福耀玻璃,10003970,069001001001,016035,汽车零部件,481,128268894597.8,98446778217.8,49.15,2.673908502193,2609743532,2002986332,36.92635721,40.76989266,4.87602893,22.5944472,18.62517497,5.50908226,0.52726209,2022-01-20 00:00:00
600660,600660.SH,福耀玻璃,10003970,069001001001,016035,汽车零部件,481,124928422876.84,95882955712.84,47.87,-2.663684424563,2609743532,2002986332,35.96469419,39.7081335,4.74904384,22.0060262,18.14012463,5.36561074,0.51353075,2022-01-19 00:00:00
600660,600660.SH,福耀玻璃,10003970,069001001001,016035,汽车零部件,481,128347186903.76,98506867807.76,49.18,0.882051282051,2609743532,2002986332,36.94889618,40.79477764,4.87900514,22.60823832,18.63654334,5.51244487,0.52758392,2022-01-18 00:00:00
600660,600660.SH,福耀玻璃,10003970,069001001001,016035,汽车零部件,481,127224997185,97645583685,48.75,1.499063085572,2609743532,2002986332,36.62583751,40.43809293,4.83634609,22.41056564,18.47359674,5.46424741,0.52297105,2022-01-17 00:00:00
600660,600660.SH,福耀玻璃,10003970,069001001001,016035,汽车零部件,481,125345981841.96,96203433525.96,48.03,2.93613373339,2609743532,2002986332,36.08490207,39.8408534,4.76491698,22.07957882,18.20075593,5.38354468,0.51524717,2022-01-14 00:00:00
600660,600660.SH,福耀玻璃,10003970,069001001001,016035,汽车零部件,481,121770633203.12,93459342251.12,46.66,-1.039236479321,2609743532,2002986332,35.05562212,38.7044393,4.62900325,21.44978446,17.68160049,5.22998531,0.50055034,2022-01-13 00:00:00
600660,600660.SH,福耀玻璃,10003970,069001001001,016035,汽车零部件,481,123049407533.8,94440805553.8,47.15,0.106157112527,2609743532,2002986332,35.42375874,39.11089398,4.67761473,21.67503938,17.86728382,5.28490801,0.50580687,2022-01-12 00:00:00
600660,600660.SH,福耀玻璃,10003970,069001001001,016035,汽车零部件,481,122918920357.2,94340656237.2,47.1,-2.484472049689,2609743532,2002986332,35.38619378,39.06941901,4.67265437,21.65205419,17.84833654,5.27930365,0.50527049,2022-01-11 00:00:00
600660,600660.SH,福耀玻璃,10003970,069001001001,016035,汽车零部件,481,126050612595.6,96744239835.6,48.3,2.831594634873,2609743532,2002986332,36.28775286,40.06481822,4.79170289,22.20369888,18.30307123,5.4138082,0.51814363,2022-01-10 00:00:00
600660,600660.SH,福耀玻璃,10003970,069001001001,016035,汽车零部件,481,122579653698.04,94080268014.04,46.97,2.019982623805,2609743532,2002986332,35.28852488,38.9615841,4.65975745,21.59229268,17.79907362,5.26473232,0.5038759,2022-01-07 00:00:00
600660,600660.SH,福耀玻璃,10003970,069001001001,016035,汽车零部件,481,120152592213.28,92217490725.28,46.04,-2.250530785563,2609743532,2002986332,34.5898166,38.19014971,4.56749485,21.16476804,17.44665423,5.1604913,0.49389922,2022-01-06 00:00:00
600660,600660.SH,福耀玻璃,10003970,069001001001,016035,汽车零部件,481,122918920357.2,94340656237.2,47.1,0.426439232409,2609743532,2002986332,35.38619378,39.06941901,4.67265437,21.65205419,17.84833654,5.27930365,0.50527049,2022-01-05 00:00:00
600660,600660.SH,福耀玻璃,10003970,069001001001,016035,汽车零部件,481,122396971650.8,93940058970.8,46.9,-0.509121764955,2609743532,2002986332,35.23593394,38.90351914,4.65281295,21.5601134,17.77254743,5.25688622,0.50312497,2022-01-04 00:00:00
600660,600660.SH,福耀玻璃,10003970,069001001001,016035,汽车零部件,481,123023310098.48,94420775690.48,47.14,-0.757894736842,2609743532,2002986332,35.41624575,39.10259898,4.67662266,21.67044234,17.86349437,5.28378713,1.86466567,2021-12-31 00:00:00
600660,600660.SH,福耀玻璃,10003970,069001001001,016035,汽车零部件,481,123962817770,95141850770,47.5,-0.565208289722,2609743532,2002986332,35.68671347,47.66377262,4.80024767,23.48776139,17.99991477,5.3241385,1.8789058,2021-12-30 00:00:00
600660,600660.SH,福耀玻璃,10003970,069001001001,016035,汽车零部件,481,124667448523.64,95682657079.64,47.77,-0.624089868941,2609743532,2002986332,35.88956427,47.93470354,4.82753329,23.62127077,18.10223008,5.35440202,1.8895859,2021-12-29 00:00:00
600660,600660.SH,福耀玻璃,10003970,069001001001,016035,汽车零部件,481,125450371583.24,96283552979.24,48.07,-1.313898583453,2609743532,2002986332,36.11495404,48.23573789,4.85785064,23.76961452,18.21591375,5.38802816,1.90145267,2021-12-28 00:00:00
600660,600660.SH,福耀玻璃,10003970,069001001001,016035,汽车零部件,481,127120607443.72,97565464231.72,48.71,-0.733645812105,2609743532,2002986332,36.59578554,48.87794451,4.92252766,24.0860812,18.45843892,5.45976392,1.92676845,2021-12-27 00:00:00
600660,600660.SH,福耀玻璃,10003970,069001001001,016035,汽车零部件,481,128060115115.24,98286539311.24,49.07,3.240058910162,2609743532,2002986332,36.86625327,49.23918573,4.95890849,24.26409371,18.59485932,5.50011529,1.94100858,2021-12-24 00:00:00
600660,600660.SH,福耀玻璃,10003970,069001001001,016035,汽车零部件,481,124041110075.96,95201940359.96,47.53,4.209603157202,2609743532,2002986332,35.70925245,47.69387605,4.80327941,23.50259576,18.01128314,5.32750111,1.88009248,2021-12-23 00:00:00
600660,600660.SH,福耀玻璃,10003970,069001001001,016035,汽车零部件,481,119030402494.52,91356206602.52,45.61,1.853506029477,2609743532,2002986332,34.26675793,45.76725619,4.60924834,22.55319572,17.28370764,5.11229383,1.80414513,2021-12-22 00:00:00
600660,600660.SH,福耀玻璃,10003970,069001001001,016035,汽车零部件,481,116864315362.96,89693727946.96,44.78,0.584007187781,2609743532,2002986332,33.64317957,44.93439448,4.52537033,22.142778,16.96918281,5.01926152,1.77131372,2021-12-21 00:00:00
600660,600660.SH,福耀玻璃,10003970,069001001001,016035,汽车零部件,481,116185782044.64,89172951500.64,44.52,-1.373504652193,2609743532,2002986332,33.44784177,44.67349804,4.49909529,22.01421341,16.87065696,4.99011886,1.76102918,2021-12-20 00:00:00
600660,600660.SH,福耀玻璃,10003970,069001001001,016035,汽车零部件,481,117803823034.48,90414803026.48,45.14,-2.103665148558,2609743532,2002986332,33.91364729,45.2956357,4.56175116,22.3207905,17.10560322,5.05961288,1.78555385,2021-12-17 00:00:00
600660,600660.SH,福耀玻璃,10003970,069001001001,016035,汽车零部件,481,120335274260.52,92357699768.52,46.11,1.007667031763,2609743532,2002986332,34.64240754,46.26898011,4.65977727,22.80043532,17.47318042,5.16833739,1.82392308,2021-12-16 00:00:00
600660,600660.SH,福耀玻璃,10003970,069001001001,016035,汽车零部件,481,119134792235.8,91436326055.8,45.65,0.24154589372,2609743532,2002986332,34.2968099,45.8073941,4.61329066,22.57297489,17.29886546,5.11677732,1.80572736,2021-12-15 00:00:00
600660,600660.SH,福耀玻璃,10003970,069001001001,016035,汽车零部件,481,118847720447.28,91215997559.28,45.54,-1.577696131403,2609743532,2002986332,34.21416698,45.69701484,4.60217429,22.51858218,17.25718145,5.10444773,1.80137621,2021-12-14 00:00:00
600660,600660.SH,福耀玻璃,10003970,069001001001,016035,汽车零部件,481,120752833225.64,92678177581.64,46.27,0.151515151515,2609743532,2002986332,34.76261542,46.42953177,4.67594652,22.87955199,17.53381172,5.18627133,1.83025203,2021-12-13 00:00:00
600660,600660.SH,福耀玻璃,10003970,069001001001,016035,汽车零部件,481,120570151178.4,92537968538.4,46.2,-1.408450704225,2609743532,2002986332,34.71002447,46.35929042,4.66887247,22.84493844,17.50728553,5.17842524,1.82748311,2021-12-10 00:00:00
600660,600660.SH,福耀玻璃,10003970,069001001001,016035,汽车零部件,481,122292581909.52,93859939517.52,46.86,4.063957361759,2609743532,2002986332,35.20588197,47.021566,4.73557065,23.17129471,17.7573896,5.25240274,1.85359002,2021-12-09 00:00:00
600660,600660.SH,福耀玻璃,10003970,069001001001,016035,汽车零部件,481,117516751245.96,90194474529.96,45.03,-0.155210643016,2609743532,2002986332,33.83100437,45.18525644,4.55063479,22.26639779,17.0639192,5.0472833,1.7812027,2021-12-08 00:00:00
600660,600660.SH,福耀玻璃,10003970,069001001001,016035,汽车零部件,481,117699433293.2,90334683573.2,45.1,-1.183172655565,2609743532,2002986332,33.88359532,45.25549779,4.55770884,22.30101134,17.09044539,5.0551294,1.78397161,2021-12-07 00:00:00
600660,600660.SH,福耀玻璃,10003970,069001001001,016035,汽车零部件,481,119108694800.48,91416296192.48,45.64,0.75055187638,2609743532,2002986332,34.28929691,45.79735963,4.61228008,22.5680301,17.295076,5.11565644,1.8053318,2021-12-06 00:00:00
600660,600660.SH,福耀玻璃,10003970,069001001001,016035,汽车零部件,481,118221381999.6,90735280839.6,45.3,-0.483304042179,2609743532,2002986332,34.03385517,45.45618736,4.57792041,22.39990717,17.16623451,5.07754682,1.79188279,2021-12-03 00:00:00
600660,600660.SH,福耀玻璃,10003970,069001001001,016035,汽车零部件,481,118795525576.64,91175937832.64,45.52,0.419148466799,2609743532,2002986332,34.199141,45.67694588,4.60015314,22.5086926,17.24960254,5.10220599,1.8005851,2021-12-02 00:00:00
600660,600660.SH,福耀玻璃,10003970,069001001001,016035,汽车零部件,481,118299674305.56,90795370429.56,45.33,-1.43509458578,2609743532,2002986332,34.05639414,45.48629079,4.58095215,22.41474155,17.17760288,5.08090944,1.79306947,2021-12-01 00:00:00
600660,600660.SH,福耀玻璃,10003970,069001001001,016035,汽车零部件,481,120022105036.68,92117341408.68,45.99,0.30534351145,2609743532,2002986332,34.55225164,46.14856637,4.64765032,22.74109781,17.42770695,5.15488694,1.81917637,2021-11-30 00:00:00
600660,600660.SH,福耀玻璃,10003970,069001001001,016035,汽车零部件,481,119656740942.2,91836923322.2,45.85,-0.650054171181,2609743532,2002986332,34.44706974,46.00808367,4.63350223,22.67187073,17.37465457,5.13919474,1.81363855,2021-11-29 00:00:00
600660,600660.SH,福耀玻璃,10003970,069001001001,016035,汽车零部件,481,120439664001.8,92437819221.8,46.15,-1.388888888889,2609743532,2002986332,34.67245951,46.30911803,4.66381958,22.82021448,17.48833825,5.17282088,1.82550532,2021-11-26 00:00:00
600660,600660.SH,福耀玻璃,10003970,069001001001,016035,汽车零部件,481,122135997297.6,93739760337.6,46.8,-1.036159864665,2609743532,2002986332,35.16080401,46.96135913,4.72950718,23.14162595,17.73465287,5.24567751,1.85121666,2021-11-25 00:00:00
600660,600660.SH,福耀玻璃,10003970,069001001001,016035,汽车零部件,481,123414771628.28,94721223640.28,47.29,-2.050538525269,2609743532,2002986332,35.52894064,47.45304857,4.77902552,23.38392076,17.9203362,5.3006002,1.87059906,2021-11-24 00:00:00
600660,600660.SH,福耀玻璃,10003970,069001001001,016035,汽车零部件,481,125998417724.96,96704180108.96,48.28,-0.556127703399,2609743532,2002986332,36.27272687,48.44646194,4.87907279,23.87345515,18.29549232,5.41156646,1.90975941,2021-11-23 00:00:00
600660,600660.SH,福耀玻璃,10003970,069001001001,016035,汽车零部件,481,126703048478.6,97244986418.6,48.55,4.184549356223,2609743532,2002986332,36.47557767,48.71739285,4.90635841,24.00696453,18.39780762,5.44182998,1.92043951,2021-11-22 00:00:00
600660,600660.SH,福耀玻璃,10003970,069001001001,016035,汽车零部件,481,121614048591.2,93339163071.2,46.6,0.409394527042,2609743532,2002986332,35.01054417,46.76066956,4.70929561,23.04273012,17.65886376,5.22326009,1.84330548,2021-11-19 00:00:00
600660,600660.SH,福耀玻璃,10003970,069001001001,016035,汽车零部件,481,121118197320.12,92958595668.12,46.41,-3.070175438596,2609743532,2002986332,34.86779731,46.57001447,4.69009462,22.94877907,17.5868641,5.20196353,1.83578986,2021-11-18 00:00:00
600660,600660.SH,福耀玻璃,10003970,069001001001,016035,汽车零部件,481,124954520312.16,95902985576.16,47.88,0.377358490566,2609743532,2002986332,35.97220718,48.0450828,4.83864965,23.67566348,18.14391409,5.36673161,1.89393705,2021-11-17 00:00:00
600660,600660.SH,福耀玻璃,10003970,069001001001,016035,汽车零部件,481,124484766476.4,95542448036.4,47.7,-0.250941028858,2609743532,2002986332,35.83697332,47.86446219,4.82045924,23.58665722,18.07570389,5.34655593,1.88681698,2021-11-16 00:00:00
600660,600660.SH,福耀玻璃,10003970,069001001001,016035,汽车零部件,481,124797935700.24,95782806396.24,47.82,1.077996195308,2609743532,2002986332,35.92712923,47.98487593,4.83258618,23.64599473,18.12117736,5.36000638,1.89156369,2021-11-15 00:00:00
600660,600660.SH,福耀玻璃,10003970,069001001001,016035,汽车零部件,481,123466966498.92,94761283366.92,47.31,0.50987890376,2609743532,2002986332,35.54396662,47.47311753,4.78104668,23.39381034,17.92791511,5.30284195,1.87139018,2021-11-12 00:00:00
600660,600660.SH,福耀玻璃,10003970,069001001001,016035,汽车零部件,481,122840628051.24,94280566647.24,47.07,1.509596722019,2609743532,2002986332,35.36365481,47.23229004,4.7567928,23.27513534,17.83696817,5.27594104,1.86189676,2021-11-11 00:00:00
600660,600660.SH,福耀玻璃,10003970,069001001001,016035,汽车零部件,481,121013807578.84,92878476214.84,46.37,-1.695993216027,2609743532,2002986332,34.83774534,46.52987655,4.68605231,22.9289999,17.57170627,5.19748005,1.83420762,2021-11-10 00:00:00
600660,600660.SH,福耀玻璃,10003970,069001001001,016035,汽车零部件,481,123101602404.44,94480865280.44,47.17,-4.242793341454,2609743532,2002986332,35.43878473,47.33263483,4.76689858,23.32458325,17.87486273,5.28714975,1.86585235,2021-11-09 00:00:00
600660,600660.SH,福耀玻璃,10003970,069001001001,016035,汽车零部件,481,128555966386.32,98667106714.32,49.26,-3.411764705882,2609743532,2002986332,37.00900012,49.42984082,4.97810948,24.35804475,18.66685898,5.52141184,1.9485242,2021-11-08 00:00:00
600660,600660.SH,福耀玻璃,10003970,069001001001,016035,汽车零部件,481,133096920132,102152302932,51,0.393700787402,2609743532,2002986332,38.31626078,51.17584007,5.15395013,25.21843854,19.32622428,5.71644344,2.01735149,2021-11-05 00:00:00
600660,600660.SH,福耀玻璃,10003970,069001001001,016035,汽车零部件,481,132574971425.6,101751705665.6,50.8,2.834008097166,2609743532,2002986332,38.16600094,50.9751505,5.13373856,25.1195427,19.25043517,5.69402602,2.00944031,2021-11-04 00:00:00
600660,600660.SH,福耀玻璃,10003970,069001001001,016035,汽车零部件,481,128921330480.8,98947524800.8,49.4,-2.178217821782,2609743532,2002986332,37.11418201,49.57032352,4.99225758,24.42727184,18.71991136,5.53710404,1.95406203,2021-11-03 00:00:00
600660,600660.SH,福耀玻璃,10003970,069001001001,016035,汽车零部件,481,131792048366,101150809766,50.5,4.446742502585,2609743532,2002986332,37.94061117,50.67411615,5.10342121,24.97119895,19.13675149,5.66039988,1.99757353,2021-11-02 00:00:00
600660,600660.SH,福耀玻璃,10003970,069001001001,016035,汽车零部件,481,126181099772.2,96844389152.2,48.35,-2.125506072874,2609743532,2002986332,36.32531782,48.51670329,4.88614684,23.90806869,18.32201851,5.41941256,1.91252832,2021-11-01 00:00:00
600660,600660.SH,福耀玻璃,10003970,069001001001,016035,汽车零部件,481,128921330480.8,98947524800.8,49.4,-1.2,2609743532,2002986332,37.11418201,49.57032352,4.99225758,24.42727184,18.71991136,5.53710404,1.95406203,2021-10-29 00:00:00
600660,600660.SH,福耀玻璃,10003970,069001001001,016035,汽车零部件,481,130487176600,100149316600,50,-1.185770750988,2609743532,2002986332,38.31033058,50.17239223,5.05289229,24.72395935,18.34417263,5.59346747,1.97779558,2021-10-28 00:00:00
600660,600660.SH,福耀玻璃,10003970,069001001001,016035,汽车零部件,481,132053022719.2,101351108399.2,50.6,-2.222222222222,2609743532,2002986332,38.77005454,50.77446094,5.11352699,25.02064687,18.5643027,5.66058908,2.00152913,2021-10-27 00:00:00
600660,600660.SH,福耀玻璃,10003970,069001001001,016035,汽车零部件,481,135054227781,103654542681,51.75,3.08764940239,2609743532,2002986332,39.65119215,51.92842596,5.22974352,25.58929793,18.98621867,5.78923884,2.04701842,2021-10-26 00:00:00
600660,600660.SH,福耀玻璃,10003970,069001001001,016035,汽车零部件,481,131009125306.4,100549913866.4,50.2,1.311806256307,2609743532,2002986332,38.4635719,50.3730818,5.07310386,24.82285519,18.41754932,5.61584134,1.98570676,2021-10-25 00:00:00
600660,600660.SH,福耀玻璃,10003970,069001001001,016035,汽车零部件,481,129312792010.6,99247972750.6,49.55,0.303643724696,2609743532,2002986332,37.9655376,49.7208407,5.00741626,24.50144372,18.17907507,5.54312627,1.95999542,2021-10-22 00:00:00
600660,600660.SH,福耀玻璃,10003970,069001001001,016035,汽车零部件,481,128921330480.8,98947524800.8,49.4,0.081037277147,2609743532,2002986332,37.85060661,49.57032352,4.99225758,24.42727184,18.12404255,5.52634586,1.95406203,2021-10-21 00:00:00
600660,600660.SH,福耀玻璃,10003970,069001001001,016035,汽车零部件,481,128816940739.52,98867405347.52,49.36,0.121703853955,2609743532,2002986332,37.81995834,49.53018561,4.98821526,24.40749267,18.10936722,5.52187109,1.9524798,2021-10-20 00:00:00
600660,600660.SH,福耀玻璃,10003970,069001001001,016035,汽车零部件,481,128660356127.6,98747226167.6,49.3,0.366449511401,2609743532,2002986332,37.77398595,49.46997874,4.98215179,24.37782392,18.08735421,5.51515893,1.95010644,2021-10-19 00:00:00
600660,600660.SH,福耀玻璃,10003970,069001001001,016035,汽车零部件,481,128190602291.84,98386688627.84,49.12,-0.304444895474,2609743532,2002986332,37.63606876,49.28935813,4.96396138,24.28881767,18.02131519,5.49502245,1.94298638,2021-10-18 00:00:00
600660,600660.SH,福耀玻璃,10003970,069001001001,016035,汽车零部件,481,128582063821.64,98687136577.64,49.27,-0.060851926978,2609743532,2002986332,37.75099975,49.4398753,4.97912006,24.36298955,18.07634771,5.51180285,1.94891976,2021-10-15 00:00:00
600660,600660.SH,福耀玻璃,10003970,069001001001,016035,汽车零部件,481,128660356127.6,98747226167.6,49.3,3.920741989882,2609743532,2002986332,37.77398595,49.46997874,4.98215179,24.37782392,18.08735421,5.51515893,1.95010644,2021-10-14 00:00:00
600660,600660.SH,福耀玻璃,10003970,069001001001,016035,汽车零部件,481,123806233158.08,95021671590.08,47.44,2.506482281763,2609743532,2002986332,36.34884165,47.60356575,4.7941842,23.45809263,17.40495099,5.30708194,1.87653245,2021-10-13 00:00:00
600660,600660.SH,福耀玻璃,10003970,069001001001,016035,汽车零部件,481,120778930660.96,92698207444.96,46.28,0.937840785169,2609743532,2002986332,35.46004198,46.43956625,4.6769571,22.88449678,16.97936618,5.17731349,1.83064759,2021-10-12 00:00:00
600660,600660.SH,福耀玻璃,10003970,069001001001,016035,汽车零部件,481,119656740942.2,91836923322.2,45.85,6.380510440835,2609743532,2002986332,35.13057314,46.00808367,4.63350223,22.67187073,16.8216063,5.12920967,1.81363855,2021-10-11 00:00:00
600660,600660.SH,福耀玻璃,10003970,069001001001,016035,汽车零部件,481,112479946229.2,86328710909.2,43.1,2.011834319527,2609743532,2002986332,33.02350496,43.2486021,4.35559315,21.31205296,15.8126768,4.82156896,1.70485979,2021-10-08 00:00:00
600660,600660.SH,福耀玻璃,10003970,069001001001,016035,汽车零部件,481,110261664227,84626172527,42.25,1.00406406885,2609743532,2002986332,32.37222934,42.39567143,4.26969398,20.89174565,15.50082587,4.72648002,1.67123726,2021-09-30 00:00:00
600660,600660.SH,福耀玻璃,10003970,069001001001,016035,汽车零部件,481,109165571943.56,83784918267.56,41.83,-4.671832269827,2609743532,2002986332,32.05042256,41.97422334,4.37453871,20.68406439,15.34673482,4.67949489,1.65462378,2021-09-29 00:00:00
600660,600660.SH,福耀玻璃,10003970,069001001001,016035,汽车零部件,481,114515546184.16,87891040248.16,43.88,-2.553852986898,2609743532,2002986332,33.62114611,44.03129142,4.58892562,21.69774673,16.0988459,4.90882706,1.7357134,2021-09-28 00:00:00
600660,600660.SH,福耀玻璃,10003970,069001001001,016035,汽车零部件,481,117516751245.96,90194474529.96,45.03,0.022212350067,2609743532,2002986332,34.50228372,45.18525644,4.70919144,22.26639779,16.52076187,5.03747681,1.7812027,2021-09-27 00:00:00
600660,600660.SH,福耀玻璃,10003970,069001001001,016035,汽车零部件,481,117490653810.64,90174444666.64,45.02,1.878252998416,2609743532,2002986332,34.49462165,45.17522196,4.70814565,22.261453,16.51709303,5.03635811,1.78080714,2021-09-24 00:00:00
600660,600660.SH,福耀玻璃,10003970,069001001001,016035,汽车零部件,481,115324566679.08,88511966011.08,44.19,1.562859112848,2609743532,2002986332,33.85867016,44.34236025,4.6213451,21.85103528,16.21257977,4.94350655,1.74797573,2021-09-23 00:00:00
600660,600660.SH,福耀玻璃,10003970,069001001001,016035,汽车零部件,481,113549941077.32,87149935305.32,43.51,-2.400179452669,2609743532,2002986332,33.33764967,43.66001572,4.55023139,21.51478943,15.96309902,4.8674354,1.72107771,2021-09-22 00:00:00
600660,600660.SH,福耀玻璃,10003970,069001001001,016035,汽车零部件,481,116342366656.56,89293130680.56,44.58,-0.424391333482,2609743532,2002986332,34.15749074,44.73370491,4.6621309,22.04388216,16.35566431,4.9871356,1.76340254,2021-09-17 00:00:00
600660,600660.SH,福耀玻璃,10003970,069001001001,016035,汽车零部件,481,116838217927.64,89673698083.64,44.77,-3.07425849751,2609743532,2002986332,34.30307,44.92436,4.68200091,22.1378332,16.42537217,5.00839078,1.77091816,2021-09-16 00:00:00
600660,600660.SH,福耀玻璃,10003970,069001001001,016035,汽车零部件,481,120544053743.08,92517938675.08,46.19,-1.513859275053,2609743532,2002986332,35.39108339,46.34925594,4.83050306,22.83999365,16.94634667,5.16724525,1.82708756,2021-09-15 00:00:00
600660,600660.SH,福耀玻璃,10003970,069001001001,016035,汽车零部件,481,122396971650.8,93940058970.8,46.9,3.922003102149,2609743532,2002986332,35.93509008,47.06170391,4.90475414,23.19107387,17.20683392,5.24667249,1.85517225,2021-09-14 00:00:00
600660,600660.SH,福耀玻璃,10003970,069001001001,016035,汽车零部件,481,117777725599.16,90394773163.16,45.13,-2.16778668979,2609743532,2002986332,34.57890438,45.28560123,4.71964934,22.31584571,16.55745021,5.04866374,1.78515829,2021-09-13 00:00:00
600660,600660.SH,福耀玻璃,10003970,069001001001,016035,汽车零部件,481,120387469131.16,92397759495.16,46.13,-0.345647007993,2609743532,2002986332,35.34511099,46.28904907,4.82422832,22.8103249,16.92433366,5.16053309,1.8247142,2021-09-10 00:00:00
600660,600660.SH,福耀玻璃,10003970,069001001001,016035,汽车零部件,481,120805028096.28,92718237308.28,46.29,-0.750428816467,2609743532,2002986332,35.46770405,46.44960073,4.84096096,22.88944157,16.98303502,5.17843219,1.83104315,2021-09-09 00:00:00
600660,600660.SH,福耀玻璃,10003970,069001001001,016035,汽车零部件,481,121718438332.48,93419282524.48,46.64,-1.41619108011,2609743532,2002986332,35.73587636,46.80080747,4.8775636,23.06250928,17.11144423,5.21758646,1.84488772,2021-09-08 00:00:00
600660,600660.SH,福耀玻璃,10003970,069001001001,016035,汽车零部件,481,123466966498.92,94761283366.92,47.31,1.654490760636,2609743532,2002986332,36.24923479,47.47311753,4.94763152,23.39381034,17.35725614,5.29253892,1.87139018,2021-09-07 00:00:00
600660,600660.SH,福耀玻璃,10003970,069001001001,016035,汽车零部件,481,121457463979.28,93218983891.28,46.54,0.757739770513,2609743532,2002986332,35.6592557,46.70046269,4.8671057,23.01306137,17.07475588,5.20639953,1.84093212,2021-09-06 00:00:00
600660,600660.SH,福耀玻璃,10003970,069001001001,016035,汽车零部件,481,120544053743.08,92517938675.08,46.19,-2.03605514316,2609743532,2002986332,35.39108339,46.34925594,4.83050306,22.83999365,16.94634667,5.16724525,1.82708756,2021-09-03 00:00:00
600660,600660.SH,福耀玻璃,10003970,069001001001,016035,汽车零部件,481,123049407533.8,94440805553.8,47.15,-2.015793848712,2609743532,2002986332,36.12664173,47.31256587,4.93089888,23.31469367,17.29855479,5.27463983,1.86506123,2021-09-02 00:00:00
600660,600660.SH,福耀玻璃,10003970,069001001001,016035,汽车零部件,481,125580858759.84,96383702295.84,48.12,0.459290187891,2609743532,2002986332,36.86986215,48.28591028,5.03234049,23.79433848,17.65443174,5.3831531,1.90343047,2021-09-01 00:00:00
600660,600660.SH,福耀玻璃,10003970,069001001001,016035,汽车零部件,481,125006715182.8,95943045302.8,47.9,-0.889716532175,2609743532,2002986332,36.70129669,48.06515176,5.00933311,23.68555306,17.57371738,5.35854184,1.89472816,2021-08-31 00:00:00
600660,600660.SH,福耀玻璃,10003970,069001001001,016035,汽车零部件,481,126128904901.56,96804329425.56,48.33,3.468208092486,2609743532,2002986332,37.03076553,48.49663433,5.05430208,23.89817911,17.73147726,5.40664566,1.91173721,2021-08-30 00:00:00
600660,600660.SH,福耀玻璃,10003970,069001001001,016035,汽车零部件,481,121901120379.72,93559491567.72,46.71,-0.277540563621,2609743532,2002986332,35.78951082,46.87104882,4.88488413,23.09712283,17.13712607,5.22541731,1.84765663,2021-08-27 00:00:00
600660,600660.SH,福耀玻璃,10003970,069001001001,016035,汽车零部件,481,122240387038.88,93819879790.88,46.84,-1.720520352497,2609743532,2002986332,35.88911768,47.00149704,4.8984794,23.16140512,17.18482092,5.23996033,1.8527989,2021-08-26 00:00:00
600660,600660.SH,福耀玻璃,10003970,069001001001,016035,汽车零部件,481,124380376735.12,95462328583.12,47.66,-1.589923601074,2609743532,2002986332,36.5174071,47.82432427,4.98423416,23.56687806,17.48566535,5.3316932,1.88523475,2021-08-25 00:00:00
600660,600660.SH,福耀玻璃,10003970,069001001001,016035,汽车零部件,481,126389879254.76,97004628058.76,48.43,1.106471816284,2609743532,2002986332,37.1073862,48.59697911,5.06475997,23.94762703,17.76816561,5.4178326,1.9156928,2021-08-24 00:00:00
600660,600660.SH,福耀玻璃,10003970,069001001001,016035,汽车零部件,481,125006715182.8,95943045302.8,47.9,1.569126378287,2609743532,2002986332,36.70129669,48.06515176,5.00933311,23.68555306,17.57371738,5.35854184,1.89472816,2021-08-23 00:00:00
600660,600660.SH,福耀玻璃,10003970,069001001001,016035,汽车零部件,481,123075504969.12,94460835417.12,47.16,-2.541847489151,2609743532,2002986332,36.1343038,47.32260035,4.93194467,23.31963846,17.30222362,5.27575852,1.86545679,2021-08-20 00:00:00
600660,600660.SH,福耀玻璃,10003970,069001001001,016035,汽车零部件,481,126285489513.48,96924508605.48,48.39,1.531682752833,2609743532,2002986332,37.07673793,48.5568412,5.06057681,23.92784786,17.75349027,5.41335782,1.91411056,2021-08-19 00:00:00
600660,600660.SH,福耀玻璃,10003970,069001001001,016035,汽车零部件,481,124380376735.12,95462328583.12,47.66,-2.575633687653,2609743532,2002986332,36.5174071,47.82432427,4.98423416,23.56687806,17.48566535,5.3316932,1.88523475,2021-08-18 00:00:00
600660,600660.SH,福耀玻璃,10003970,069001001001,016035,汽车零部件,481,127668653585.44,97986091361.44,48.92,-4.078431372549,2609743532,2002986332,37.48282743,49.08866856,5.11600367,24.18992183,17.9479385,5.47264858,1.93507519,2021-08-17 00:00:00
600660,600660.SH,福耀玻璃,10003970,069001001001,016035,汽车零部件,481,133096920132,102152302932,51,0.216152485754,2609743532,2002986332,39.07653719,51.17584007,5.33352795,25.21843854,18.71105608,5.70533682,2.01735149,2021-08-16 00:00:00
600660,600660.SH,福耀玻璃,10003970,069001001001,016035,汽车零部件,481,132809848343.48,101931974435.48,50.89,-1.983821263482,2609743532,2002986332,38.99225446,51.06546081,5.32202426,25.16404583,18.6706989,5.6930312,2.01300034,2021-08-13 00:00:00
600660,600660.SH,福耀玻璃,10003970,069001001001,016035,汽车零部件,481,135497884181.44,103995050357.44,51.92,1.624584067332,2609743532,2002986332,39.78144727,52.09901209,5.42974061,25.67335939,19.04858885,5.80825663,2.05374293,2021-08-12 00:00:00
600660,600660.SH,福耀玻璃,10003970,069001001001,016035,汽车零部件,481,133331797049.88,102332571701.88,51.09,-3.091805766313,2609743532,2002986332,39.14549578,51.26615038,5.34294006,25.26294167,18.74407559,5.71540507,2.02091152,2021-08-11 00:00:00
600660,600660.SH,福耀玻璃,10003970,069001001001,016035,汽车零部件,481,137585679007.04,105597439423.04,52.72,-3.088235294118,2609743532,2002986332,40.39441256,52.90177037,5.5134038,26.06894274,19.34209562,5.89775211,2.08538766,2021-08-10 00:00:00
600660,600660.SH,福耀玻璃,10003970,069001001001,016035,汽车零部件,481,141970048140.8,108962456460.8,54.4,1.644245142003,2609743532,2002986332,41.68163967,54.58756274,5.68909648,26.89966778,19.95845982,6.08569261,2.15184159,2021-08-09 00:00:00
600660,600660.SH,福耀玻璃,10003970,069001001001,016035,汽车零部件,481,139673473832.64,107199828488.64,53.52,-0.870531579922,2609743532,2002986332,41.00737785,53.70452864,5.59706698,26.46452609,19.63560238,5.98724758,2.11703239,2021-08-06 00:00:00
600660,600660.SH,福耀玻璃,10003970,069001001001,016035,汽车零部件,481,140900053292.68,108141232064.68,53.99,0.353159851301,2609743532,2002986332,47.02822378,54.17614913,5.6462191,26.69693131,22.85285906,6.57119867,2.13562367,2021-08-05 00:00:00
600660,600660.SH,福耀玻璃,10003970,069001001001,016035,汽车零部件,481,140404202021.6,107760664661.6,53.8,3.961352657005,2609743532,2002986332,46.86272345,53.98549404,5.62634909,26.60298026,22.77243596,6.54807351,2.12810804,2021-08-04 00:00:00
600660,600660.SH,福耀玻璃,10003970,069001001001,016035,汽车零部件,481,135054227781,103654542681,51.75,2.010644589001,2609743532,2002986332,45.07706206,51.92842596,5.41196219,25.58929793,21.90471303,6.29856513,2.04701842,2021-08-03 00:00:00
600660,600660.SH,福耀玻璃,10003970,069001001001,016035,汽车零部件,481,132392289378.36,101611496622.36,50.73,5.031055900621,2609743532,2002986332,44.18858663,50.90490916,5.30529163,25.08492916,21.47296796,6.1744195,2.00667139,2021-08-02 00:00:00
600660,600660.SH,福耀玻璃,10003970,069001001001,016035,汽车零部件,481,126050612595.6,96744239835.6,48.3,-3.342005203122,2609743532,2002986332,42.07192459,48.46653089,5.05116471,23.88334474,20.44439883,5.87866079,1.91055053,2021-07-30 00:00:00
600660,600660.SH,福耀玻璃,10003970,069001001001,016035,汽车零部件,481,130408884294.04,100089227010.04,49.97,5.288664138222,2609743532,2002986332,43.52658533,50.14228879,5.2258116,24.70912498,21.15127556,6.08191883,1.9766089,2021-07-29 00:00:00
600660,600660.SH,福耀玻璃,10003970,069001001001,016035,汽车零部件,481,123858428028.72,95061731316.72,47.46,2.905464006938,2609743532,2002986332,41.34023894,47.6236347,4.96331836,23.46798222,20.08884407,5.77642321,1.87732356,2021-07-28 00:00:00
600660,600660.SH,福耀玻璃,10003970,069001001001,016035,汽车零部件,481,120361371695.84,92377729631.84,46.12,-3.936679858363,2609743532,2002986332,40.17302613,46.27901459,4.82318253,22.80538011,19.52164956,5.61332993,1.82431864,2021-07-27 00:00:00
600660,600660.SH,福耀玻璃,10003970,069001001001,016035,汽车零部件,481,125293786971.32,96163373799.32,48.01,-2.379015860106,2609743532,2002986332,41.81931883,48.17553102,5.0208368,23.73994577,20.32164778,5.84336448,1.89907931,2021-07-26 00:00:00
600660,600660.SH,福耀玻璃,10003970,069001001001,016035,汽车零部件,481,128347186903.76,98506867807.76,49.18,-3.017156379412,2609743532,2002986332,42.83845241,49.349565,5.14319421,24.31848642,20.81688477,5.98576682,1.94535973,2021-07-23 00:00:00
600660,600660.SH,福耀玻璃,10003970,069001001001,016035,汽车零部件,481,132340094507.72,101571436895.72,50.71,-1.800929512006,2609743532,2002986332,44.17116554,50.8848402,5.30320005,25.07503958,21.46450237,6.17198527,2.00588028,2021-07-22 00:00:00
600660,600660.SH,福耀玻璃,10003970,069001001001,016035,汽车零部件,481,134767155992.48,103434214184.48,51.64,0.859375,2609743532,2002986332,44.98124608,51.81804669,5.4004585,25.53490522,21.85815229,6.28517688,2.04266727,2021-07-21 00:00:00
600660,600660.SH,福耀玻璃,10003970,069001001001,016035,汽车零部件,481,133618868838.4,102552900198.4,51.2,-0.582524271845,2609743532,2002986332,44.59798217,51.37652964,5.35444375,25.31733438,21.67190932,6.23162386,2.02526267,2021-07-20 00:00:00
600660,600660.SH,福耀玻璃,10003970,069001001001,016035,汽车零部件,481,134401791898,103153796098,51.5,-0.386847195358,2609743532,2002986332,44.85929847,51.677564,5.38581744,25.46567813,21.79889316,6.26813728,2.03712945,2021-07-19 00:00:00
600660,600660.SH,福耀玻璃,10003970,069001001001,016035,汽车零部件,481,134923740604.4,103554393364.4,51.7,1.332810662485,2609743532,2002986332,45.03350934,51.87825356,5.40673324,25.56457397,21.88354906,6.29247956,2.04504063,2021-07-16 00:00:00
600660,600660.SH,福耀玻璃,10003970,069001001001,016035,汽车零部件,481,133149115002.64,102192362658.64,51.02,-0.078339208774,2609743532,2002986332,44.44119239,51.19590903,5.33561953,25.22832812,21.59571901,6.20971581,2.01814261,2021-07-15 00:00:00
600660,600660.SH,福耀玻璃,10003970,069001001001,016035,汽车零部件,481,133253504743.92,102272482111.92,51.06,-5.356811862836,2609743532,2002986332,44.47603456,51.23604694,5.33980269,25.24810729,21.61265019,6.21458426,2.01972485,2021-07-14 00:00:00
600660,600660.SH,福耀玻璃,10003970,069001001001,016035,汽车零部件,481,140795663551.4,108061112611.4,53.95,-1.009174311927,2609743532,2002986332,46.9933816,54.13601121,5.64203594,26.67715214,22.83592788,6.56633022,2.13404143,2021-07-13 00:00:00
600660,600660.SH,福耀玻璃,10003970,069001001001,016035,汽车零部件,481,142231022494,109162755094,54.5,1.019462465246,2609743532,2002986332,47.47246149,54.68790753,5.69955438,26.94911569,23.0687316,6.63327149,2.15579718,2021-07-12 00:00:00
600660,600660.SH,福耀玻璃,10003970,069001001001,016035,汽车零部件,481,140795663551.4,108061112611.4,53.95,0.577926920209,2609743532,2002986332,46.9933816,54.13601121,5.64203594,26.67715214,22.83592788,6.56633022,2.13404143,2021-07-09 00:00:00
600660,600660.SH,福耀玻璃,10003970,069001001001,016035,汽车零部件,481,139986643056.48,107440186848.48,53.64,-2.366217692028,2609743532,2002986332,46.72335476,53.82494238,5.60961646,26.52386359,22.70471125,6.52859968,2.1217791,2021-07-08 00:00:00
600660,600660.SH,福耀玻璃,10003970,069001001001,016035,汽车零部件,481,143379309648.08,110044069080.08,54.94,4.369300911854,2609743532,2002986332,47.8557254,55.12942458,5.74556913,27.16668654,23.25497457,6.68682451,2.17320178,2021-07-07 00:00:00
600660,600660.SH,福耀玻璃,10003970,069001001001,016035,汽车零部件,481,137376899524.48,105437200516.48,52.64,-0.679245283019,2609743532,2002986332,45.85230042,52.82149454,5.50503748,26.02938441,22.28143177,6.40688828,2.08222319,2021-07-06 00:00:00
600660,600660.SH,福耀玻璃,10003970,069001001001,016035,汽车零部件,481,138316407196,106158275596,53,-2.573529411765,2609743532,2002986332,46.16587998,53.18273576,5.54268591,26.20739691,22.43381238,6.45070438,2.09646331,2021-07-05 00:00:00
600660,600660.SH,福耀玻璃,10003970,069001001001,016035,汽车零部件,481,141970048140.8,108962456460.8,54.4,0.276497695853,2609743532,2002986332,47.38535606,54.58756274,5.68909648,26.89966778,23.02640365,6.62110035,2.15184159,2021-07-02 00:00:00
600660,600660.SH,福耀玻璃,10003970,069001001001,016035,汽车零部件,481,141578586611,108662008511,54.25,-1.542649727768,2609743532,2002986332,47.25469791,54.43704557,5.67340963,26.8254959,22.96291173,6.60284364,2.1459082,2021-07-01 00:00:00
600660,600660.SH,福耀玻璃,10003970,069001001001,016035,汽车零部件,481,145754176262.2,111866786642.2,55.85,-1.499118165785,2609743532,2002986332,48.64838485,56.04256212,5.840736,27.6166626,23.64015889,6.79758188,2.20919766,2021-06-30 00:00:00
600660,600660.SH,福耀玻璃,10003970,069001001001,016035,汽车零部件,481,147972458264.4,113569325024.4,56.7,-1.596667823672,2609743532,2002986332,49.38878104,56.89549279,6.56837841,28.03696991,23.99994645,6.90103658,2.24282019,2021-06-29 00:00:00
600660,600660.SH,福耀玻璃,10003970,069001001001,016035,汽车零部件,481,150373422313.84,115412072449.84,57.62,0.523377529658,2609743532,2002986332,50.19015103,57.8186648,6.67495528,28.49189076,24.38936357,7.01301107,2.27921163,2021-06-28 00:00:00
600660,600660.SH,福耀玻璃,10003970,069001001001,016035,汽车零部件,481,149590499254.24,114811176550.24,57.32,-1.647220315717,2609743532,2002986332,49.92883473,57.51763045,6.64020195,28.343547,24.26237973,6.97649765,2.26734485,2021-06-25 00:00:00
600660,600660.SH,福耀玻璃,10003970,069001001001,016035,汽车零部件,481,152095853044.96,116734043428.96,58.28,-2.801867911941,2609743532,2002986332,50.76504689,58.48094038,6.75141259,28.81824702,24.66872803,7.09334059,2.30531853,2021-06-24 00:00:00
600660,600660.SH,福耀玻璃,10003970,069001001001,016035,汽车零部件,481,156480222178.72,120099060466.72,59.96,1.990134376595,2609743532,2002986332,52.22841818,60.16673276,6.94603121,29.64897206,25.37983755,7.29781575,2.37177246,2021-06-23 00:00:00
600660,600660.SH,福耀玻璃,10003970,069001001001,016035,汽车零部件,481,153426822246.28,117755566458.28,58.79,-0.220638153428,2609743532,2002986332,51.20928461,58.99269878,6.81049324,29.07043141,24.88460056,7.15541341,2.32549204,2021-06-22 00:00:00
600660,600660.SH,福耀玻璃,10003970,069001001001,016035,汽车零部件,481,153766088905.44,118015954681.44,58.92,5.233077335238,2609743532,2002986332,51.32252167,59.123147,6.82555302,29.1347137,24.93962689,7.17123589,2.33063431,2021-06-21 00:00:00
600660,600660.SH,福耀玻璃,10003970,069001001001,016035,汽车零部件,481,146119540356.68,112147204728.68,55.99,1.966854853396,2609743532,2002986332,48.77033246,56.18304482,6.48612888,27.68588968,23.69941802,6.81462148,2.21473549,2021-06-18 00:00:00
600660,600660.SH,福耀玻璃,10003970,069001001001,016035,汽车零部件,481,143301017342.12,109983979490.12,54.91,1.235250737463,2609743532,2002986332,47.82959377,55.09932115,6.36101691,27.15185216,23.24227618,6.68317316,2.1720151,2021-06-17 00:00:00
600660,600660.SH,福耀玻璃,10003970,069001001001,016035,汽车零部件,481,141552489175.68,108641978647.68,54.24,-5.931321540062,2609743532,2002986332,47.24598736,54.42701109,6.28340115,26.82055111,22.95867893,6.60162652,2.14551264,2021-06-16 00:00:00
600660,600660.SH,福耀玻璃,10003970,069001001001,016035,汽车零部件,481,150477812055.12,115492191903.12,57.66,-0.569063631661,2609743532,2002986332,50.2249932,57.85880272,6.67958905,28.51166993,24.40629475,7.01787952,2.28079386,2021-06-15 00:00:00
600660,600660.SH,福耀玻璃,10003970,069001001001,016035,汽车零部件,481,151339027420.68,116153177392.68,57.99,3.166696317381,2609743532,2002986332,50.51244113,58.18994051,6.71781771,28.67484806,24.54597698,7.05804429,2.29384731,2021-06-11 00:00:00
600660,600660.SH,福耀玻璃,10003970,069001001001,016035,汽车零部件,481,146693683933.72,112587861721.72,56.21,0.106856634016,2609743532,2002986332,48.96196441,56.40380334,6.51161465,27.7946751,23.79253951,6.84139799,2.22343779,2021-06-10 00:00:00
600660,600660.SH,福耀玻璃,10003970,069001001001,016035,汽车零部件,481,146537099321.8,112467682541.8,56.15,4.504001488926,2609743532,2002986332,48.90970115,56.34359647,6.50466399,27.76500635,23.76714274,6.8340953,2.22106444,2021-06-09 00:00:00
600660,600660.SH,福耀玻璃,10003970,069001001001,016035,汽车零部件,481,140221519974.36,107620455618.36,53.73,0.996240601504,2609743532,2002986332,46.80174965,53.91525269,6.2243205,26.56836672,22.7428064,6.53955371,2.12533913,2021-06-08 00:00:00
600660,600660.SH,福耀玻璃,10003970,069001001001,016035,汽车零部件,481,138838355902.4,106558872862.4,53.2,-1.262063845583,2609743532,2002986332,46.34009085,53.38342533,6.16292296,26.30629275,22.51846827,6.47504666,2.1043745,2021-06-07 00:00:00
600660,600660.SH,福耀玻璃,10003970,069001001001,016035,汽车零部件,481,140612981504.16,107920903568.16,53.88,6.419119099348,2609743532,2002986332,46.9324078,54.06576987,6.24169716,26.6425386,22.80629832,6.55781042,2.13127252,2021-06-04 00:00:00
600660,600660.SH,福耀玻璃,10003970,069001001001,016035,汽车零部件,481,132131315025.16,101411197989.16,50.63,0.796336850488,2609743532,2002986332,44.1014812,50.80456437,5.86520281,25.03548124,21.43064001,6.16224836,2.0027158,2021-06-03 00:00:00
600660,600660.SH,福耀玻璃,10003970,069001001001,016035,汽车零部件,481,131087417612.36,100610003456.36,50.23,-1.702544031311,2609743532,2002986332,43.75305946,50.40318523,5.81886504,24.83768957,21.26132822,6.1135638,1.98689344,2021-06-02 00:00:00
600660,600660.SH,福耀玻璃,10003970,069001001001,016035,汽车零部件,481,133357894485.2,102352601565.2,51.1,-2.275769745649,2609743532,2002986332,44.51087674,51.27618486,5.91964968,25.26788646,21.62958137,6.21945272,2.02130708,2021-06-01 00:00:00
600660,600660.SH,福耀玻璃,10003970,069001001001,016035,汽车零部件,481,136463489288.28,104736155300.28,52.29,1.533980582524,2609743532,2002986332,45.5474314,52.47028779,6.05750454,25.85631669,22.13328395,6.36428929,2.06837862,2021-05-31 00:00:00
600660,600660.SH,福耀玻璃,10003970,069001001001,016035,汽车零部件,481,134401791898,103153796098,51.5,1.158907876645,2609743532,2002986332,44.85929847,51.677564,5.96598745,25.46567813,21.79889316,6.26813728,2.03712945,2021-05-28 00:00:00
600660,600660.SH,福耀玻璃,10003970,069001001001,016035,汽车零部件,481,132862043214.12,101972034162.12,50.91,0.911793855302,2609743532,2002986332,44.34537641,51.08552977,5.89763924,25.17393541,21.54915827,6.19632755,2.01379146,2021-05-27 00:00:00
600660,600660.SH,福耀玻璃,10003970,069001001001,016035,汽车零部件,481,131661561189.4,101050660449.4,50.45,-0.884086444008,2609743532,2002986332,43.94469142,50.62394376,5.84435081,24.94647499,21.35444971,6.14034031,1.99559574,2021-05-26 00:00:00
600660,600660.SH,福耀玻璃,10003970,069001001001,016035,汽车零部件,481,132835945778.8,101952004298.8,50.9,2.004008016032,2609743532,2002986332,44.33666587,51.07549529,5.8964808,25.16899062,21.54492547,6.19511044,2.0133959,2021-05-25 00:00:00
600660,600660.SH,福耀玻璃,10003970,069001001001,016035,汽车零部件,481,130226202246.8,99949017966.8,49.9,0.241060666935,2609743532,2002986332,43.46561153,50.07204744,5.78063638,24.67451143,21.12164599,6.07339903,1.97383999,2021-05-24 00:00:00
600660,600660.SH,福耀玻璃,10003970,069001001001,016035,汽车零部件,481,129913033022.96,99708659606.96,49.78,-0.935323383085,2609743532,2002986332,43.36108501,49.9516337,5.76673505,24.61517393,21.07085246,6.05879366,1.96909328,2021-05-21 00:00:00
600660,600660.SH,福耀玻璃,10003970,069001001001,016035,汽车零部件,481,131139612483,100650063183,50.25,-1.970347249317,2609743532,2002986332,43.77048055,50.42325419,5.82118193,24.84757915,21.26979381,6.11599802,1.98768456,2021-05-20 00:00:00
600660,600660.SH,福耀玻璃,10003970,069001001001,016035,汽车零部件,481,133775453450.32,102673079378.32,51.26,1.304347826087,2609743532,2002986332,44.65024543,51.43673651,5.93818479,25.34700313,21.69730609,6.23892654,2.02763603,2021-05-19 00:00:00
600660,600660.SH,福耀玻璃,10003970,069001001001,016035,汽车零部件,481,132053022719.2,101351108399.2,50.6,-0.589390962672,2609743532,2002986332,44.07534957,50.77446094,5.86172747,25.02064687,21.41794163,6.15859702,2.00152913,2021-05-18 00:00:00
600660,600660.SH,福耀玻璃,10003970,069001001001,016035,汽车零部件,481,132835945778.8,101952004298.8,50.9,3.962418300654,2609743532,2002986332,44.33666587,51.07549529,5.8964808,25.16899062,21.54492547,6.19511044,2.0133959,2021-05-17 00:00:00
600660,600660.SH,福耀玻璃,10003970,069001001001,016035,汽车零部件,481,127773043326.72,98066210814.72,48.96,3.204047217538,2609743532,2002986332,42.64682045,49.12880647,5.67174263,24.209701,20.72376328,5.95899031,1.93665743,2021-05-14 00:00:00
600660,600660.SH,福耀玻璃,10003970,069001001001,016035,汽车零部件,481,123806233158.08,95021671590.08,47.44,-2.766960442714,2609743532,2002986332,41.32281786,47.60356575,5.49565912,23.45809263,20.08037848,5.77398898,1.87653245,2021-05-13 00:00:00
600660,600660.SH,福耀玻璃,10003970,069001001001,016035,汽车零部件,481,127329386926.28,97725703138.28,48.79,2.392444910808,2609743532,2002986332,42.49874121,48.95822034,5.65204908,24.12563954,20.65180577,5.93829938,1.92993293,2021-05-12 00:00:00
600660,600660.SH,福耀玻璃,10003970,069001001001,016035,汽车零部件,481,124354279299.8,95442298719.8,47.65,-2.695527874209,2609743532,2002986332,41.50573927,47.81428979,5.51998645,23.56193326,20.16926717,5.79954838,1.88483919,2021-05-11 00:00:00
600660,600660.SH,福耀玻璃,10003970,069001001001,016035,汽车零部件,481,127799140762.04,98086240678.04,48.97,0.989894823675,2609743532,2002986332,42.65553099,49.13884095,5.67290107,24.21464579,20.72799608,5.96020743,1.93705299,2021-05-10 00:00:00
600660,600660.SH,福耀玻璃,10003970,069001001001,016035,汽车零部件,481,121642864126.68,97124807238.68,48.49,-1.842105263158,2508617532,2002986332,40.60074997,46.77174915,5.39962891,23.04818992,19.72949736,5.67309528,1.84374224,2021-05-07 00:00:00
600660,600660.SH,福耀玻璃,10003970,069001001001,016035,汽车零部件,481,123925706080.8,98947524800.8,49.4,-3.759984414572,2508617532,2002986332,41.36269434,47.64950315,5.50096242,23.48072968,20.09975603,5.77956088,1.8783433,2021-05-06 00:00:00
600660,600660.SH,福耀玻璃,10003970,069001001001,016035,汽车零部件,481,128767337917.56,102813288421.56,51.33,0.234329232572,2508617532,2002986332,42.97868625,49.5111133,5.71587857,24.39809422,20.8850299,6.00536153,1.95172797,2021-04-30 00:00:00
600660,600660.SH,福耀玻璃,10003970,069001001001,016035,汽车零部件,481,128466303813.72,102572930061.72,51.21,0.215264187867,2508617532,2002986332,42.87821007,49.39536551,5.70251591,24.34105601,20.83620458,5.99132211,1.94716519,2021-04-29 00:00:00
600660,600660.SH,福耀玻璃,10003970,069001001001,016035,汽车零部件,481,128190355885.2,102352601565.2,51.1,0.550964187328,2508617532,2002986332,42.7861069,49.28926338,5.6902668,24.28877098,20.79144804,5.97845265,1.94298264,2021-04-28 00:00:00
600660,600660.SH,福耀玻璃,10003970,069001001001,016035,汽车零部件,481,127487942976.24,101791765392.24,50.82,0.514240506329,2508617532,2002986332,42.55166248,49.01918523,5.65908726,24.15568182,20.67752229,5.945694,1.93233616,2021-04-27 00:00:00
600660,600660.SH,福耀玻璃,10003970,069001001001,016035,汽车零部件,481,126835702417.92,101270988945.92,50.56,3.904644471845,2508617532,2002986332,42.33396409,48.76839837,5.63013482,24.03209904,20.5717341,5.91527526,1.92245014,2021-04-26 00:00:00
600660,600660.SH,福耀玻璃,10003970,069001001001,016035,汽车零部件,481,122069329107.12,97465314915.12,48.66,-0.14364867638,2508617532,2002986332,40.74309123,46.93572517,5.41855934,23.12899405,19.79866656,5.69298446,1.85020617,2021-04-23 00:00:00
600660,600660.SH,福耀玻璃,10003970,069001001001,016035,汽车零部件,481,122244932334.36,97605523958.36,48.73,0.890269151139,2508617532,2002986332,40.80170234,47.00324471,5.42635423,23.16226634,19.827148,5.70117412,1.85286779,2021-04-22 00:00:00
600660,600660.SH,福耀玻璃,10003970,069001001001,016035,汽车零部件,481,121166226795.6,96744239835.6,48.3,-1.749389747762,2508617532,2002986332,40.44166269,46.58848183,5.37847136,22.95787942,19.65219061,5.6508662,1.83651784,2021-04-21 00:00:00
600660,600660.SH,福耀玻璃,10003970,069001001001,016035,汽车零部件,481,123323637873.12,98466808081.12,49.16,-0.847115772489,2508617532,2002986332,41.16174198,47.41800759,5.4742371,23.36665326,20.00210539,5.75148204,1.86921774,2021-04-20 00:00:00
600660,600660.SH,福耀玻璃,10003970,069001001001,016035,汽车零部件,481,124377257236.56,99308062340.56,49.58,10.006656312403,2508617532,2002986332,41.51340861,47.82312482,5.52100642,23.56628699,20.172994,5.80062,1.88518746,2021-04-19 00:00:00
600660,600660.SH,福耀玻璃,10003970,069001001001,016035,汽车零部件,481,113063392167.24,90274593983.24,45.07,1.738148984199,2508617532,2002986332,37.73717883,43.47293739,5.01879305,21.42260094,18.33797579,5.27297184,1.71370309,2021-04-16 00:00:00
600660,600660.SH,福耀玻璃,10003970,069001001001,016035,汽车零部件,481,111131756667.6,88732294507.6,44.3,0.135623869801,2508617532,2002986332,42.73022246,42.73022246,4.9330493,21.05660576,21.05660576,5.58266068,1.68442526,2021-04-15 00:00:00
600660,600660.SH,福耀玻璃,10003970,069001001001,016035,汽车零部件,481,110981239615.68,88612115327.68,44.24,2.28901734104,2508617532,2002986332,42.67234857,42.67234857,4.92636797,21.02808666,21.02808666,5.57509952,1.68214388,2021-04-14 00:00:00
600660,600660.SH,福耀玻璃,10003970,069001001001,016035,汽车零部件,481,108497708259,86629158859,43.25,0.185313875376,2508617532,2002986332,41.71742938,41.71742938,4.81612601,20.55752143,20.55752143,5.45034028,1.64450096,2021-04-13 00:00:00
600660,600660.SH,福耀玻璃,10003970,069001001001,016035,汽车零部件,481,108297018856.44,86468919952.44,43.17,-2.682596934175,2508617532,2002986332,41.64026419,41.64026419,4.80721757,20.51949595,20.51949595,5.44025873,1.64145911,2021-04-12 00:00:00
600660,600660.SH,福耀玻璃,10003970,069001001001,016035,汽车零部件,481,111282273719.52,88852473687.52,44.36,-4.231433506045,2508617532,2002986332,42.78809635,42.78809635,4.93973063,21.08512487,21.08512487,5.59022185,1.68670665,2021-04-09 00:00:00
600660,600660.SH,福耀玻璃,10003970,069001001001,016035,汽车零部件,481,116199164082.24,92778326898.24,46.32,0.25974025974,2508617532,2002986332,44.67864344,44.67864344,5.15798744,22.01674896,22.01674896,5.83721993,1.76123202,2021-04-08 00:00:00
600660,600660.SH,福耀玻璃,10003970,069001001001,016035,汽车零部件,481,115898129978.4,92537968538.4,46.2,-3.468449644797,2508617532,2002986332,44.56289566,44.56289566,5.14462478,21.95971075,21.95971075,5.8220976,1.75666924,2021-04-07 00:00:00
600660,600660.SH,福耀玻璃,10003970,069001001001,016035,汽车零部件,481,120062435081.52,95862925849.52,47.86,-0.51964248597,2508617532,2002986332,46.1640733,46.1640733,5.32947493,22.74873932,22.74873932,6.03128985,1.81978766,2021-04-06 00:00:00
600660,600660.SH,福耀玻璃,10003970,069001001001,016035,汽车零部件,481,120689589464.52,96363672432.52,48.11,2.057700466695,2508617532,2002986332,46.40521451,46.40521451,5.35731381,22.86756892,22.86756892,6.0627947,1.82929344,2021-04-02 00:00:00
600660,600660.SH,福耀玻璃,10003970,069001001001,016035,汽车零部件,481,118256230458.48,94420775690.48,47.14,2.300347222222,2508617532,2002986332,45.46958661,45.46958661,5.24929896,22.40651006,22.40651006,5.94055586,1.79241099,2021-04-01 00:00:00
600660,600660.SH,福耀玻璃,10003970,069001001001,016035,汽车零部件,481,115597095874.56,92297610178.56,46.08,-1.748400852878,2508617532,2002986332,44.44714788,44.44714788,5.13126212,21.90267254,21.90267254,5.80697526,1.75210646,2021-03-31 00:00:00
600660,600660.SH,福耀玻璃,10003970,069001001001,016035,汽车零部件,481,117654162250.8,93940058970.8,46.9,9.990619136961,2508617532,2002986332,45.23809105,45.23809105,5.44833485,22.29243364,22.29243364,5.9103112,1.78328544,2021-03-30 00:00:00
600660,600660.SH,福耀玻璃,10003970,069001001001,016035,汽车零部件,481,106967451564.48,85407337196.48,42.64,-0.791065611913,2508617532,2002986332,47.02267436,41.12904483,4.95345411,20.26757719,23.44425508,5.55774424,1.62130685,2021-03-29 00:00:00
600660,600660.SH,福耀玻璃,10003970,069001001001,016035,汽车零部件,481,107820381525.36,86088352549.36,42.98,4.219204655674,2508617532,2002986332,47.39762064,41.45699687,4.99295164,20.42918546,23.63119332,5.60206021,1.63423472,2021-03-26 00:00:00
600660,600660.SH,福耀玻璃,10003970,069001001001,016035,汽车零部件,481,103455387019.68,82603156331.68,41.24,-1.103117505995,2508617532,2002986332,45.47877792,39.77865405,4.79081725,19.60213141,22.67450937,5.37526671,1.56807445,2021-03-25 00:00:00
600660,600660.SH,福耀玻璃,10003970,069001001001,016035,汽车零部件,481,104609351084.4,83524530044.4,41.7,-6.460296096904,2508617532,2002986332,45.98605818,40.22235388,4.84425508,19.82077788,22.92742582,5.43522361,1.58556509,2021-03-24 00:00:00
600660,600660.SH,福耀玻璃,10003970,069001001001,016035,汽车零部件,481,111834169576.56,89293130680.56,44.58,-3.610810810811,2508617532,2002986332,49.16207371,43.00030062,5.17882233,21.18969492,24.51090271,5.81060596,1.69507175,2021-03-23 00:00:00
600660,600660.SH,福耀玻璃,10003970,069001001001,016035,汽车零部件,481,116023560855,92638117855,46.25,0.54347826087,2508617532,2002986332,51.0037216,44.6111239,5.37282488,21.98347667,25.42909938,6.02827559,1.7585704,2021-03-22 00:00:00
600660,600660.SH,福耀玻璃,10003970,069001001001,016035,汽车零部件,481,115396406472,92137371272,46,-3.926482873851,2508617532,2002986332,50.72802581,44.36998269,5.34378258,21.86464707,25.29164479,5.99569032,1.74906461,2021-03-19 00:00:00
600660,600660.SH,福耀玻璃,10003970,069001001001,016035,汽车零部件,481,120112607432.16,95902985576.16,47.88,1.31189166314,2508617532,2002986332,52.80125817,46.18336459,5.56218065,22.75824569,26.32530331,6.24073157,1.82054812,2021-03-18 00:00:00
600660,600660.SH,福耀玻璃,10003970,069001001001,016035,汽车零部件,481,118557264562.32,94661134050.32,47.26,0.127118644068,2508617532,2002986332,52.1175326,45.58533439,5.49015575,22.46354827,25.98441592,6.15992009,1.79697377,2021-03-17 00:00:00
600660,600660.SH,福耀玻璃,10003970,069001001001,016035,汽车零部件,481,118406747510.4,94540954870.4,47.2,0.747065101387,2508617532,2002986332,52.05136561,45.5274605,5.4831856,22.43502916,25.95142682,6.15209963,1.79469238,2021-03-16 00:00:00
600660,600660.SH,福耀玻璃,10003970,069001001001,016035,汽车零部件,481,117528731374.2,93839909654.2,46.85,-3.87771850636,2508617532,2002986332,51.6653915,45.18986281,5.44252639,22.26866772,25.7589904,6.10648025,1.78138428,2021-03-15 00:00:00
600660,600660.SH,福耀玻璃,10003970,069001001001,016035,汽车零部件,481,122270018509.68,97625553821.68,48.74,-0.611745513866,2508617532,2002986332,53.74965169,47.01289036,5.66208615,23.16701952,26.79814711,6.35282491,1.85324802,2021-03-12 00:00:00
600660,600660.SH,福耀玻璃,10003970,069001001001,016035,汽车零部件,481,123022603769.28,98226449721.28,49.04,4.163126593033,2508617532,2002986332,54.08048665,47.30225981,5.69693691,23.30961505,26.96309261,6.39192724,1.86465497,2021-03-11 00:00:00
600660,600660.SH,福耀玻璃,10003970,069001001001,016035,汽车零部件,481,118105713406.56,94300596510.56,47.08,5.371530886303,2508617532,2002986332,51.91903163,45.41171272,5.4692453,22.37799095,25.88544862,6.1364587,1.7901296,2021-03-10 00:00:00
600660,600660.SH,福耀玻璃,10003970,069001001001,016035,汽车零部件,481,112085031329.76,89493429313.76,44.68,-2.509273401702,2508617532,2002986332,49.27235203,43.0967571,5.19043925,21.23722676,24.56588454,5.82364007,1.69887406,2021-03-09 00:00:00
600660,600660.SH,福耀玻璃,10003970,069001001001,016035,汽车零部件,481,114969941491.56,91796863595.56,45.83,-6.640863719699,2508617532,2002986332,50.54055267,44.20600667,5.32403382,21.78384294,25.19817566,5.97353233,1.74260067,2021-03-08 00:00:00
600660,600660.SH,福耀玻璃,10003970,069001001001,016035,汽车零部件,481,123148034645.88,98326599037.88,49.09,-0.425963488844,2508617532,2002986332,54.1356258,47.35048805,5.70274537,23.33338097,26.99058353,6.3984443,1.86655612,2021-03-05 00:00:00
600660,600660.SH,福耀玻璃,10003970,069001001001,016035,汽车零部件,481,123674844327.6,98747226167.6,49.3,-5.374280230326,2508617532,2002986332,54.36721027,47.55304667,5.72714089,23.43319783,27.10604539,6.42581593,1.87454098,2021-03-04 00:00:00
600660,600660.SH,福耀玻璃,10003970,069001001001,016035,汽车零部件,481,130698973417.2,104355587897.2,52.1,3.826225587884,2508617532,2002986332,57.45500315,50.25382822,6.05241462,24.7640894,28.64553681,6.79077099,1.98100579,2021-03-03 00:00:00
600660,600660.SH,福耀玻璃,10003970,069001001001,016035,汽车零部件,481,125882427755.76,100509854139.76,50.18,1.23058301392,2508617532,2002986332,55.33765946,48.40186373,5.82936978,23.85147804,27.58988555,6.54051609,1.90800135,2021-03-02 00:00:00
600660,600660.SH,福耀玻璃,10003970,069001001001,016035,汽车零部件,481,124352171061.24,99288032477.24,49.57,4.688489968321,2508617532,2002986332,54.66496173,47.81347918,5.75850658,23.56153381,27.25449635,6.46100802,1.88480723,2021-03-01 00:00:00
600660,600660.SH,福耀玻璃,10003970,069001001001,016035,汽车零部件,481,118783040140.2,94841402820.2,47.35,-5.413503795445,2508617532,2002986332,52.21678309,45.67214523,5.50061098,22.50632693,26.03389958,6.17165079,1.80039585,2021-02-26 00:00:00
600660,600660.SH,福耀玻璃,10003970,069001001001,016035,汽车零部件,481,125581393651.92,100269495779.92,50.06,1.892937105638,2508617532,2002986332,55.20532548,48.28611595,5.81542948,23.79443983,27.52390735,6.52487516,1.90343857,2021-02-25 00:00:00
600660,600660.SH,福耀玻璃,10003970,069001001001,016035,汽车零部件,481,123248379347.16,98406718491.16,49.13,-5.300693909021,2508617532,2002986332,54.17973713,47.38907064,5.70739213,23.3523937,27.01257627,6.40365794,1.86807705,2021-02-24 00:00:00
600660,600660.SH,福耀玻璃,10003970,069001001001,016035,汽车零部件,481,130147077560.16,103914930904.16,51.88,-0.632062823214,2508617532,2002986332,57.21239085,50.04162396,6.0268574,24.65951934,28.52457677,6.76209595,1.97264069,2021-02-23 00:00:00
600660,600660.SH,福耀玻璃,10003970,069001001001,016035,汽车零部件,481,130974921345.72,104575916393.72,52.21,-6.751205572424,2508617532,2002986332,57.57630929,50.35993036,6.06519323,24.81637442,28.70601683,6.80510851,1.98518833,2021-02-22 00:00:00
600660,600660.SH,福耀玻璃,10003970,069001001001,016035,汽车零部件,481,140457495616.68,112147204728.68,55.99,-3.978734350883,2508617532,2002986332,61.74482968,54.00598546,6.50431275,26.61307803,30.78433025,7.29779784,2.12891581,2021-02-19 00:00:00
600660,600660.SH,福耀玻璃,10003970,069001001001,016035,汽车零部件,481,146277488290.92,116794133018.92,58.31,-2.784261420473,2508617532,2002986332,64.30328663,56.24377589,6.77382527,27.71581675,32.05990886,7.60018918,2.21712951,2021-02-18 00:00:00
600660,600660.SH,福耀玻璃,10003970,069001001001,016035,汽车零部件,481,150466879569.36,120139120193.36,59.98,-0.033333333333,2508617532,2002986332,66.14493452,57.85459917,6.96782781,28.5095985,32.97810553,7.81785881,2.28062816,2021-02-10 00:00:00
600660,600660.SH,福耀玻璃,10003970,069001001001,016035,汽车零部件,481,150517051920,120179179920,60,3.448275862069,2508617532,2002986332,66.16699019,57.87389047,6.97015119,28.51910487,32.98910189,7.82046563,2.28138862,2021-02-09 00:00:00
600660,600660.SH,福耀玻璃,10003970,069001001001,016035,汽车零部件,481,145499816856,116173207256,58,0.957354221062,2508617532,2002986332,63.96142385,55.94476079,6.73781282,27.56846804,31.88946516,7.55978344,2.20534233,2021-02-08 00:00:00
600660,600660.SH,福耀玻璃,10003970,069001001001,016035,汽车零部件,481,144120077213.4,115071564773.4,57.45,-2.61061196813,2508617532,2002986332,63.3548931,55.41425012,6.67391977,27.30704291,31.58706506,7.48809584,2.1844296,2021-02-05 00:00:00
600660,600660.SH,福耀玻璃,10003970,069001001001,016035,汽车零部件,481,147983348212.68,118156163724.68,58.99,-2.511981490663,2508617532,2002986332,65.05317919,56.89967998,6.85282031,28.03903327,32.43378535,7.68882113,2.24298525,2021-02-04 00:00:00
600660,600660.SH,福耀玻璃,10003970,069001001001,016035,汽车零部件,481,151796446861.32,121200702949.32,60.51,-1.849148418491,2508617532,2002986332,66.7294096,58.36581854,7.02939748,28.76151726,33.26950926,7.88693959,2.30078042,2021-02-03 00:00:00
600660,600660.SH,福耀玻璃,10003970,069001001001,016035,汽车零部件,481,154656270847.8,123484107367.8,61.65,4.47381799695,2508617532,2002986332,67.98658242,59.46542246,7.16183035,29.30338025,33.8963022,8.03552843,2.34412681,2021-02-02 00:00:00
600660,600660.SH,福耀玻璃,10003970,069001001001,016035,汽车零部件,481,148033520563.32,118196223451.32,59.01,0.016949152542,2508617532,2002986332,65.07523485,56.91897128,6.8551437,28.04853964,32.44478171,7.69142795,2.24374571,2021-02-01 00:00:00
600660,600660.SH,福耀玻璃,10003970,069001001001,016035,汽车零部件,481,148008434388,118176193588,59,-0.337837837838,2508617532,2002986332,65.06420702,56.90932563,6.853982,28.04378646,32.43928353,7.69012454,2.24336548,2021-01-29 00:00:00
600660,600660.SH,福耀玻璃,10003970,069001001001,016035,汽车零部件,481,148510157894.4,118576790854.4,59.2,-5.446414310813,2508617532,2002986332,65.28476365,57.1022386,6.87721584,28.13885014,32.5492472,7.71619275,2.25097011,2021-01-28 00:00:00
600660,600660.SH,福耀玻璃,10003970,069001001001,016035,汽车零部件,481,157064543678.52,125406974246.52,62.61,5.226890756303,2508617532,2002986332,69.04525426,60.3914047,7.27335277,29.75968593,34.42412783,8.16065588,2.38062903,2021-01-27 00:00:00
600660,600660.SH,福耀玻璃,10003970,069001001001,016035,汽车零部件,481,149262743154,119177686754,59.5,-6.710567576043,2508617532,2002986332,65.6155986,57.39160805,6.9120666,28.28144566,32.71419271,7.75529508,2.26237705,2021-01-26 00:00:00
600660,600660.SH,福耀玻璃,10003970,069001001001,016035,汽车零部件,481,159999626190.96,127750468254.96,63.78,1.950127877238,2508617532,2002986332,70.33551057,61.51994557,7.40927072,30.31580848,35.06741531,8.31315496,2.4251161,2021-01-25 00:00:00
600660,600660.SH,福耀玻璃,10003970,069001001001,016035,汽车零部件,481,156939112801.92,125306824929.92,62.56,3.834024896266,2508617532,2002986332,68.9901151,60.34317646,7.26754431,29.73592001,34.39663691,8.15413883,2.37872787,2021-01-22 00:00:00
600660,600660.SH,福耀玻璃,10003970,069001001001,016035,汽车零部件,481,151144206303,120679926503,60.25,7.359230220955,2508617532,2002986332,66.44268598,58.11503168,6.99919349,28.63793447,33.12655648,7.8530509,2.29089441,2021-01-21 00:00:00
600660,600660.SH,福耀玻璃,10003970,069001001001,016035,汽车零部件,481,140783615895.84,112407592951.84,56.12,4.8188270452,2508617532,2002986332,61.88819149,54.13137888,6.51941475,26.67486942,30.85580664,7.31474219,2.13385882,2021-01-20 00:00:00
600660,600660.SH,福耀玻璃,10003970,069001001001,016035,汽车零部件,481,134311382663.28,107239888215.28,53.54,-1.743439163149,2508617532,2002986332,59.04301091,51.64280159,6.21969825,25.44854791,29.43727526,6.97846216,2.03575911,2021-01-19 00:00:00
600660,600660.SH,福耀玻璃,10003970,069001001001,016035,汽车零部件,481,136694569318.68,109142725230.68,54.49,3.357359635812,2508617532,2002986332,60.09065492,52.55913819,6.33005897,25.90010041,29.9596027,7.1022862,2.0718811,2021-01-18 00:00:00
600660,600660.SH,福耀玻璃,10003970,069001001001,016035,汽车零部件,481,132254316287.04,105597439423.04,52.72,-3.141649825464,2508617532,2002986332,58.13872871,50.85185842,6.12443951,25.05878681,28.9864242,6.87158247,2.00458013,2021-01-15 00:00:00
600660,600660.SH,福耀玻璃,10003970,069001001001,016035,汽车零部件,481,136544052266.76,109022546050.76,54.43,-3.850909733263,2508617532,2002986332,60.02448793,52.5012643,6.32308882,25.8715813,29.9266136,7.09446574,2.06959971,2021-01-14 00:00:00
600660,600660.SH,福耀玻璃,10003970,069001001001,016035,汽车零部件,481,142012838486.52,113389056254.52,56.61,0.693703308431,2508617532,2002986332,62.42855524,54.60401566,6.57633765,26.90777544,31.12521764,7.37860932,2.15249016,2021-01-13 00:00:00
600660,600660.SH,福耀玻璃,10003970,069001001001,016035,汽车零部件,481,141034477649.04,112607891585.04,56.22,-0.723997880982,2508617532,2002986332,61.9984698,54.22783537,6.53103167,26.72240126,30.91078847,7.3277763,2.13766114,2021-01-12 00:00:00
600660,600660.SH,福耀玻璃,10003970,069001001001,016035,汽车零部件,481,142063010837.16,113429115981.16,56.63,10.003885003885,2508617532,2002986332,62.4506109,54.62330695,6.57866103,26.91728181,31.136214,7.38121614,2.15325063,2021-01-11 00:00:00
600660,600660.SH,福耀玻璃,10003970,069001001001,016035,汽车零部件,481,129143630547.36,103113736371.36,51.48,1.040235525025,2508617532,2002986332,56.77127758,49.65579802,5.98038972,24.46939198,28.30464942,6.70995951,1.95743144,2021-01-08 00:00:00
600660,600660.SH,福耀玻璃,10003970,069001001001,016035,汽车零部件,481,127814063255.4,102052153615.4,50.95,0.098231827112,2508617532,2002986332,56.1868025,49.14457866,5.91882005,24.21747322,28.01324569,6.64087873,1.93727917,2021-01-07 00:00:00
600660,600660.SH,福耀玻璃,10003970,069001001001,016035,汽车零部件,481,127688632378.8,101952004298.8,50.9,-0.196078431373,2508617532,2002986332,56.13166334,49.09635041,5.91301159,24.1937073,27.98575477,6.63436168,1.93537801,2021-01-06 00:00:00
600660,600660.SH,福耀玻璃,10003970,069001001001,016035,汽车零部件,481,127939494132,102152302932,51,0.098135426889,2508617532,2002986332,56.24194166,49.1928069,5.92462851,24.24123914,28.04073661,6.64739579,1.93918033,2021-01-05 00:00:00
600660,600660.SH,福耀玻璃,10003970,069001001001,016035,汽车零部件,481,127814063255.4,102052153615.4,50.95,6.035379812695,2508617532,2002986332,56.1868025,49.14457866,5.91882005,24.21747322,28.01324569,6.64087873,1.93727917,2021-01-04 00:00:00
600660,600660.SH,福耀玻璃,10003970,069001001001,016035,汽车零部件,481,120539072412.6,96243493252.6,48.05,0.313152400835,2508617532,2002986332,52.98873131,46.34734062,5.58192941,22.83904982,26.41877243,6.26288956,-4.51307237,2020-12-31 00:00:00
600660,600660.SH,福耀玻璃,10003970,069001001001,016035,汽车零部件,481,120162779782.8,95943045302.8,47.9,4.289135641193,2508617532,2002986332,52.82331383,41.45783893,5.7227018,23.43763915,26.33629968,6.24333839,-4.49898369,2020-12-30 00:00:00
600660,600660.SH,福耀玻璃,10003970,069001001001,016035,汽车零部件,481,115220803244.76,91997162228.76,45.93,-2.484076433121,2508617532,2002986332,50.65083099,39.75278793,5.48734225,22.4737112,25.2531575,5.98656644,-4.31395242,2020-12-29 00:00:00
600660,600660.SH,福耀玻璃,10003970,069001001001,016035,汽车零部件,481,118155885757.2,94340656237.2,47.1,1.268544399054,2508617532,2002986332,51.9410873,40.76543243,5.62712431,23.04619633,25.89644499,6.13906552,-4.42384409,2020-12-28 00:00:00
600660,600660.SH,福耀玻璃,10003970,069001001001,016035,汽车零部件,481,116675801413.32,93158894301.32,46.51,0,2508617532,2002986332,51.29044523,40.25478264,5.55663592,22.75750725,25.57205215,6.06216427,-4.36842863,2020-12-25 00:00:00
600660,600660.SH,福耀玻璃,10003970,069001001001,016035,汽车零部件,481,116675801413.32,93158894301.32,46.51,4.988713318284,2508617532,2002986332,51.29044523,40.25478264,5.55663592,22.75750725,25.57205215,6.06216427,-4.36842863,2020-12-24 00:00:00
600660,600660.SH,福耀玻璃,10003970,069001001001,016035,汽车零部件,481,111131756667.6,88732294507.6,44.3,5.47619047619,2508617532,2002986332,48.85329442,38.3420097,5.29260312,21.67614644,24.35695356,5.77411046,-4.16085548,2020-12-23 00:00:00
600660,600660.SH,福耀玻璃,10003970,069001001001,016035,汽车零部件,481,105361936344,84125425944,42,-1.408450704225,2508617532,2002986332,46.31689313,36.35134102,5.01781786,20.55074832,23.09237133,5.47432594,-3.94482912,2020-12-22 00:00:00
600660,600660.SH,福耀玻璃,10003970,069001001001,016035,汽车零部件,481,106867106863.2,85327217743.2,42.6,5.970149253731,2508617532,2002986332,46.97856303,36.8706459,5.08950097,20.84433044,23.42226234,5.5525306,-4.00118382,2020-12-21 00:00:00
600660,600660.SH,福耀玻璃,10003970,069001001001,016035,汽车零部件,481,100846424786.4,80520050546.4,40.2,2.734474827498,2508617532,2002986332,44.33188342,34.79342641,4.80276852,19.67000196,22.10269827,5.23971197,-3.77576502,2020-12-18 00:00:00
600660,600660.SH,福耀玻璃,10003970,069001001001,016035,汽车零部件,481,98162204027.16,78376855171.16,39.13,-1.584507042254,2508617532,2002986332,43.15190543,33.86733272,4.67493364,19.14644718,21.51439262,5.100247,-3.6752658,2020-12-17 00:00:00
600660,600660.SH,福耀玻璃,10003970,069001001001,016035,汽车零部件,481,99742633072.32,79638736560.32,39.76,-0.275896664159,2508617532,2002986332,43.84665883,34.41260284,4.75020091,19.45470841,21.86077819,5.18236189,-3.73443824,2020-12-16 00:00:00
600660,600660.SH,福耀玻璃,10003970,069001001001,016035,汽车零部件,481,100018581000.84,79859065056.84,39.87,5.47619047619,2508617532,2002986332,43.96796498,34.50780873,4.76334281,19.5085318,21.92125821,5.19669941,-3.74476993,2020-12-15 00:00:00
600660,600660.SH,福耀玻璃,10003970,069001001001,016035,汽车零部件,481,94825742709.6,75712883349.6,37.8,-0.526315789474,2508617532,2002986332,41.68520382,32.71620692,4.51603607,18.49567349,20.78313419,4.92689335,-3.55034621,2020-12-14 00:00:00
600660,600660.SH,福耀玻璃,10003970,069001001001,016035,汽车零部件,481,95327466216,76113480616,38,-1.093180635086,2508617532,2002986332,41.90576045,32.88930855,4.53993044,18.59353419,20.89309787,4.95296157,-3.56913111,2020-12-11 00:00:00
600660,600660.SH,福耀玻璃,10003970,069001001001,016035,汽车零部件,481,96381085579.44,76954734875.44,38.42,1.747881355932,2508617532,2002986332,42.36892938,33.25282196,4.59010862,18.79904168,21.12402158,5.00770483,-3.6085794,2020-12-10 00:00:00
600660,600660.SH,福耀玻璃,10003970,069001001001,016035,汽车零部件,481,94725398008.32,75632763896.32,37.76,-2.529685080021,2508617532,2002986332,41.64109249,32.6815866,4.5112572,18.47610135,20.76114146,4.9216797,-3.54658923,2020-12-09 00:00:00
600660,600660.SH,福耀玻璃,10003970,069001001001,016035,汽车零部件,481,97183843189.68,77595690501.68,38.74,0,2508617532,2002986332,42.72182,33.52978455,4.62833962,18.95561881,21.29996346,5.04941398,-3.63863524,2020-12-08 00:00:00
600660,600660.SH,福耀玻璃,10003970,069001001001,016035,汽车零部件,481,97183843189.68,77595690501.68,38.74,-0.844637829537,2508617532,2002986332,42.72182,33.52978455,4.62833962,18.95561881,21.29996346,5.04941398,-3.63863524,2020-12-07 00:00:00
600660,600660.SH,福耀玻璃,10003970,069001001001,016035,汽车零部件,481,98011686975.24,78256675991.24,39.07,-0.331632653061,2508617532,2002986332,43.08573844,33.81540223,4.66776533,19.11708897,21.48140352,5.09242654,-3.66963033,2020-12-04 00:00:00
600660,600660.SH,福耀玻璃,10003970,069001001001,016035,汽车零部件,481,98337807254.4,78517064214.4,39.2,0,2508617532,2002986332,43.22910026,33.92791829,4.68329667,19.18069843,21.5528799,5.10937088,-3.68184051,2020-12-03 00:00:00
600660,600660.SH,福耀玻璃,10003970,069001001001,016035,汽车零部件,481,98337807254.4,78517064214.4,39.2,-1.606425702811,2508617532,2002986332,43.22910026,33.92791829,4.68329667,19.18069843,21.5528799,5.10937088,-3.68184051,2020-12-02 00:00:00
600660,600660.SH,福耀玻璃,10003970,069001001001,016035,汽车零部件,481,99943322474.88,79798975466.88,39.84,-0.648379052369,2508617532,2002986332,43.93488148,34.48184349,4.75975866,19.49385269,21.90476366,5.19278918,-3.7419522,2020-12-01 00:00:00
600660,600660.SH,福耀玻璃,10003970,069001001001,016035,汽车零部件,481,100595563033.2,80319751913.2,40.1,0.450901803607,2508617532,2002986332,44.22160511,34.7068756,4.79082134,19.62107161,22.04771643,5.22667786,-3.76637257,2020-11-30 00:00:00
600660,600660.SH,福耀玻璃,10003970,069001001001,016035,汽车零部件,481,100144011877.44,79959214373.44,39.92,-0.622354991287,2508617532,2002986332,44.02310414,34.55108414,4.7693164,19.53299697,21.94874913,5.20321647,-3.74946616,2020-11-27 00:00:00
600660,600660.SH,福耀玻璃,10003970,069001001001,016035,汽车零部件,481,100771166260.44,80459960956.44,40.17,-1.132168348511,2508617532,2002986332,44.29879993,34.76746117,4.79918437,19.65532286,22.08620372,5.23580174,-3.77294728,2020-11-26 00:00:00
600660,600660.SH,福耀玻璃,10003970,069001001001,016035,汽车零部件,481,101925130325.16,81381334669.16,40.63,-0.950755728913,2508617532,2002986332,44.80608019,35.1655949,4.85414142,19.88040248,22.33912017,5.29575864,-3.81615255,2020-11-25 00:00:00
600660,600660.SH,福耀玻璃,10003970,069001001001,016035,汽车零部件,481,102903491162.64,82162499338.64,41.02,-2.053486150907,2508617532,2002986332,45.23616562,35.50314307,4.90073544,20.07123086,22.55354933,5.34659167,-3.85278311,2020-11-24 00:00:00
600660,600660.SH,福耀玻璃,10003970,069001001001,016035,汽车零部件,481,105060902240.16,83885067584.16,41.88,2.321035914977,2508617532,2002986332,46.18455915,36.24748005,5.00348124,20.4920319,23.02639312,5.45868501,-3.93355818,2020-11-23 00:00:00
600660,600660.SH,福耀玻璃,10003970,069001001001,016035,汽车零部件,481,102677715584.76,81982230568.76,40.93,1.689440993789,2508617532,2002986332,45.13691514,35.42524734,4.88998298,20.02719354,22.50406568,5.33486097,-3.8443299,2020-11-20 00:00:00
600660,600660.SH,福耀玻璃,10003970,069001001001,016035,汽车零部件,481,100971855663,80620199863,40.25,-1.829268292683,2508617532,2002986332,44.38702258,34.83670182,4.80874212,19.69446714,22.13018919,5.24622903,-3.78046124,2020-11-19 00:00:00
600660,600660.SH,福耀玻璃,10003970,069001001001,016035,汽车零部件,481,102853318812,82122439612,41,-0.774443368829,2508617532,2002986332,45.21410996,35.48583291,4.89834601,20.06144479,22.54255296,5.34398485,-3.85090462,2020-11-18 00:00:00
600660,600660.SH,福耀玻璃,10003970,069001001001,016035,汽车零部件,481,103656076422.24,82763395238.24,41.32,0.829673011225,2508617532,2002986332,45.56700058,35.7627955,4.936577,20.21802192,22.71849484,5.385694,-3.88096046,2020-11-17 00:00:00
600660,600660.SH,福耀玻璃,10003970,069001001001,016035,汽车零部件,481,102803146461.36,82082379885.36,40.98,-0.630455868089,2508617532,2002986332,45.1920543,35.46852274,4.89595657,20.05165872,22.53155659,5.34137803,-3.84902613,2020-11-16 00:00:00
600660,600660.SH,福耀玻璃,10003970,069001001001,016035,汽车零部件,481,103455387019.68,82603156331.68,41.24,-0.746089049338,2508617532,2002986332,45.47877792,35.69355485,4.92701925,20.17887763,22.67450937,5.37526671,-3.8734465,2020-11-13 00:00:00
600660,600660.SH,福耀玻璃,10003970,069001001001,016035,汽车零部件,481,104233058454.6,83224082094.6,41.55,1.888180480628,2508617532,2002986332,45.8206407,35.96186237,4.96405553,20.33056173,22.84495306,5.41567245,-3.9025631,2020-11-12 00:00:00
600660,600660.SH,福耀玻璃,10003970,069001001001,016035,汽车零部件,481,102301422954.96,81681782618.96,40.78,-1.545147271849,2508617532,2002986332,44.97149766,35.29542112,4.8720622,19.95379801,22.42159292,5.31530981,-3.83024123,2020-11-11 00:00:00
600660,600660.SH,福耀玻璃,10003970,069001001001,016035,汽车零部件,481,103906938175.44,82963693871.44,41.42,-1.380952380952,2508617532,2002986332,45.67727889,35.84934632,4.94852418,20.26695227,22.77347667,5.39872811,-3.89035291,2020-11-10 00:00:00
600660,600660.SH,福耀玻璃,10003970,069001001001,016035,汽车零部件,481,105361936344,84125425944,42,-3.114186851211,2508617532,2002986332,46.31689313,36.35134102,5.01781786,20.55074832,23.09237133,5.47432594,-3.94482912,2020-11-09 00:00:00
600660,600660.SH,福耀玻璃,10003970,069001001001,016035,汽车零部件,481,108748570012.2,86829457492.2,43.35,0.673478866698,2508617532,2002986332,47.80565041,37.51977699,5.17910486,21.21130809,23.83462612,5.65028642,-4.0716272,2020-11-06 00:00:00
600660,600660.SH,福耀玻璃,10003970,069001001001,016035,汽车零部件,481,108021070927.92,86248591455.92,43.06,5.358453633472,2508617532,2002986332,47.48584329,37.26877963,5.14445802,21.06941006,23.67517879,5.6124875,-4.0443891,2020-11-05 00:00:00
600660,600660.SH,福耀玻璃,10003970,069001001001,016035,汽车零部件,481,102527198532.84,81862051388.84,40.87,8.236228813559,2508617532,2002986332,45.07074815,35.37331685,4.88281466,19.99783533,22.47107657,5.3270405,-3.83869443,2020-11-04 00:00:00
600660,600660.SH,福耀玻璃,10003970,069001001001,016035,汽车零部件,481,94725398008.32,75632763896.32,37.76,-2.428940568475,2508617532,2002986332,41.64109249,32.6815866,4.5112572,18.47610135,20.76114146,4.9216797,-3.54658923,2020-11-03 00:00:00
600660,600660.SH,福耀玻璃,10003970,069001001001,016035,汽车零部件,481,97083498488.4,77515571048.4,38.7,3.255069370331,2508617532,2002986332,42.67770867,33.49516423,4.62356074,18.93604667,21.27797072,5.04420033,-3.63487826,2020-11-02 00:00:00
600660,600660.SH,福耀玻璃,10003970,069001001001,016035,汽车零部件,481,94022985099.36,75071927723.36,37.48,7.794075352315,2508617532,2002986332,41.3323132,32.43924432,4.47780508,18.33909636,20.60719232,4.8851842,-3.52029037,2020-10-30 00:00:00
600660,600660.SH,福耀玻璃,10003970,069001001001,016035,汽车零部件,481,87224631587.64,69643834763.64,34.77,3.574620196604,2508617532,2002986332,37.00933922,30.09371732,4.15403636,17.01308379,19.48044748,4.60585255,-3.26575497,2020-10-29 00:00:00
600660,600660.SH,福耀玻璃,10003970,069001001001,016035,汽车零部件,481,84214290549.24,67240251165.24,33.57,5.433417085427,2508617532,2002986332,35.73205401,29.05510758,4.01067013,16.42591955,18.80812832,4.44689302,-3.15304556,2020-10-28 00:00:00
600660,600660.SH,福耀玻璃,10003970,069001001001,016035,汽车零部件,481,79874382218.88,63775084810.88,31.84,-2.331288343558,2508617532,2002986332,33.89063448,27.55777853,3.80398383,15.57942444,17.83886821,4.21772635,-2.99055617,2020-10-27 00:00:00
600660,600660.SH,福耀玻璃,10003970,069001001001,016035,汽车零部件,481,81780931543.2,65297354423.2,32.6,3.164556962025,2508617532,2002986332,34.69958179,28.2155647,3.89478243,15.95129512,18.26467034,4.31840073,-3.0619388,2020-10-26 00:00:00
600660,600660.SH,福耀玻璃,10003970,069001001001,016035,汽车零部件,481,79272314011.2,63294368091.2,31.6,3.065883887802,2508617532,2002986332,33.63517744,27.35005658,3.77531058,15.46199159,17.70440438,4.18593445,-2.96801429,2020-10-23 00:00:00
600660,600660.SH,福耀玻璃,10003970,069001001001,016035,汽车零部件,481,76914213531.12,61411560939.12,30.66,-1.730769230769,2508617532,2002986332,32.63463735,26.53647895,3.66300704,15.00204627,17.17775438,4.06141614,-2.87972526,2020-10-22 00:00:00
600660,600660.SH,福耀玻璃,10003970,069001001001,016035,汽车零部件,481,78268866998.4,62493173558.4,31.2,0.580270793037,2508617532,2002986332,33.2094157,27.00385333,3.72752184,15.26627018,17.48029799,4.13294793,-2.93044449,2020-10-21 00:00:00
600660,600660.SH,福耀玻璃,10003970,069001001001,016035,汽车零部件,481,77817315842.64,62132636018.64,31.02,4.233870967742,2508617532,2002986332,33.01782291,26.84806187,3.7060169,15.17819554,17.37945012,4.109104,-2.91353808,2020-10-20 00:00:00
600660,600660.SH,福耀玻璃,10003970,069001001001,016035,汽车零部件,481,74656457752.32,59608873240.32,29.76,-1.260783012608,2508617532,2002986332,31.67667343,25.75752164,3.55548237,14.56167309,16.67351501,3.94219649,-2.79519321,2020-10-19 00:00:00
600660,600660.SH,福耀玻璃,10003970,069001001001,016035,汽车零部件,481,75609732414.48,60370008046.48,30.14,-5.279698302954,2508617532,2002986332,32.08114709,26.08641473,3.60088167,14.74760844,16.88641608,3.99253368,-2.83088452,2020-10-16 00:00:00
600660,600660.SH,福耀玻璃,10003970,069001001001,016035,汽车零部件,481,79824209868.24,63735025084.24,31.82,-2.122423869579,2508617532,2002986332,33.86934639,27.54046837,3.80159439,15.56963837,17.82766289,4.21507703,-2.98867768,2020-10-15 00:00:00
600660,600660.SH,福耀玻璃,10003970,069001001001,016035,汽车零部件,481,81555155965.32,65117085653.32,32.51,-0.153562653563,2508617532,2002986332,34.6037854,28.13766897,3.88402997,15.90725781,18.2142464,4.30647876,-3.05348559,2020-10-14 00:00:00
600660,600660.SH,福耀玻璃,10003970,069001001001,016035,汽车零部件,481,81680586841.92,65217234969.92,32.56,-2.368815592204,2508617532,2002986332,34.65700561,28.18094438,3.89000356,15.93172298,18.2422597,4.31310207,-3.05818182,2020-10-13 00:00:00
600660,600660.SH,福耀玻璃,10003970,069001001001,016035,汽车零部件,481,83662394692.2,66799594172.2,33.35,2.018966044662,2508617532,2002986332,35.49788505,28.86469579,3.98438632,16.31827277,18.68486981,4.41775044,-3.13238217,2020-10-12 00:00:00
600660,600660.SH,福耀玻璃,10003970,069001001001,016035,汽车零部件,481,82006707121.08,65477623193.08,32.69,0.926211793764,2508617532,2002986332,34.79537818,28.29346043,3.9055349,15.99533244,18.31509428,4.33032269,-3.070392,2020-10-09 00:00:00
600660,600660.SH,福耀玻璃,10003970,069001001001,016035,汽车零部件,481,81254121861.48,64876727293.48,32.39,2.112232030265,2508617532,2002986332,34.47605687,28.03380799,3.86969334,15.84854138,18.14701449,4.29058281,-3.04221465,2020-09-30 00:00:00
600660,600660.SH,福耀玻璃,10003970,069001001001,016035,汽车零部件,481,79573348115.04,63534726451.04,31.72,-1.521266687364,2508617532,2002986332,33.76290596,27.45391755,3.88048456,15.52070802,17.77163629,4.2018304,-2.97928523,2020-09-29 00:00:00
600660,600660.SH,福耀玻璃,10003970,069001001001,016035,汽车零部件,481,80802570705.72,64516189753.72,32.21,-0.463535228677,2508617532,2002986332,34.28446409,27.87801653,3.94042899,15.76046675,18.04616662,4.26673888,-3.02530824,2020-09-28 00:00:00
600660,600660.SH,福耀玻璃,10003970,069001001001,016035,汽车零部件,481,81178863335.52,64816637703.52,32.36,-1.611432046215,2508617532,2002986332,34.44412474,28.00784275,3.95877933,15.83386228,18.13020651,4.28660882,-3.03939691,2020-09-25 00:00:00
600660,600660.SH,福耀玻璃,10003970,069001001001,016035,汽车零部件,481,82508430627.48,65878220459.48,32.89,-3.378378378378,2508617532,2002986332,35.00825905,28.46656205,4.02361718,16.09319315,18.42714747,4.35681595,-3.0891769,2020-09-24 00:00:00
600660,600660.SH,福耀玻璃,10003970,069001001001,016035,汽车零部件,481,85393340789.28,68181654741.28,34.04,1.098901098901,2508617532,2002986332,36.23232405,29.46189639,4.1643031,16.65589221,19.07145333,4.50915217,-3.19719008,2020-09-23 00:00:00
600660,600660.SH,福耀玻璃,10003970,069001001001,016035,汽车零部件,481,84465152302.44,67440549798.44,33.67,-1.722124927029,2508617532,2002986332,35.83849444,29.14165839,4.11903893,16.4748499,18.86415492,4.46013965,-3.16243801,2020-09-22 00:00:00
600660,600660.SH,福耀玻璃,10003970,069001001001,016035,汽车零部件,481,85945236646.32,68622311734.32,34.26,-1.918121958202,2508617532,2002986332,36.46649301,29.65230818,4.19121693,16.76353899,19.19471184,4.53829475,-3.21785347,2020-09-21 00:00:00
600660,600660.SH,福耀玻璃,10003970,069001001001,016035,汽车零部件,481,87626010392.76,69964312576.76,34.93,-2.430167597765,2508617532,2002986332,37.17964392,30.23219862,4.27318176,17.09137235,19.57009003,4.62704716,-3.28078289,2020-09-18 00:00:00
600660,600660.SH,福耀玻璃,10003970,069001001001,016035,汽车零部件,481,89808507645.6,71706910685.6,35.8,7.539801742265,2508617532,2002986332,38.1056757,30.98519068,4.37961372,17.51706642,20.05752142,4.74229282,-3.3624972,2020-09-17 00:00:00
600660,600660.SH,福耀玻璃,10003970,069001001001,016035,汽车零部件,481,83511877640.28,66679414992.28,33.29,4.063769928103,2508617532,2002986332,35.43402079,28.8127653,4.07255141,16.28891456,18.65125385,4.40980246,-3.1267467,2020-09-16 00:00:00
600660,600660.SH,福耀玻璃,10003970,069001001001,016035,汽车零部件,481,80250674848.68,64075532760.68,31.99,0.37652965171,2508617532,2002986332,34.05029513,27.68760475,3.91351516,15.65281997,17.9229081,4.2375963,-3.00464485,2020-09-15 00:00:00
600660,600660.SH,福耀玻璃,10003970,069001001001,016035,汽车零部件,481,79949640744.84,63835174400.84,31.87,2.245749117741,2508617532,2002986332,33.92256661,27.58374377,3.89883489,15.59410355,17.85567619,4.22170034,-2.99337391,2020-09-14 00:00:00
600660,600660.SH,福耀玻璃,10003970,069001001001,016035,汽车零部件,481,78193608472.44,62433083968.44,31.17,3.417385534174,2508617532,2002986332,33.17748357,26.97788809,3.81319999,15.25159107,17.46349002,4.12897395,-2.92762676,2020-09-11 00:00:00
600660,600660.SH,福耀玻璃,10003970,069001001001,016035,汽车零部件,481,75609732414.48,60370008046.48,30.14,3.289924605894,2508617532,2002986332,32.08114709,26.08641473,3.68719434,14.74760844,16.88641608,3.99253368,-2.83088452,2020-09-10 00:00:00
600660,600660.SH,福耀玻璃,10003970,069001001001,016035,汽车零部件,481,73201459583.76,58447141167.76,29.18,-4.982090524259,2508617532,2002986332,31.05931891,25.25552693,3.56975219,14.27787705,16.34856075,3.86536605,-2.740717,2020-09-09 00:00:00
600660,600660.SH,福耀玻璃,10003970,069001001001,016035,汽车零部件,481,77039644407.72,61511710255.72,30.71,0.065167807103,2508617532,2002986332,32.68785757,26.57975435,3.75692562,15.02651145,17.20576767,4.06803946,-2.88442148,2020-09-08 00:00:00
600660,600660.SH,福耀玻璃,10003970,069001001001,016035,汽车零部件,481,76989472057.08,61471650529.08,30.69,-0.324780772978,2508617532,2002986332,32.66656948,26.56244419,3.75447891,15.01672538,17.19456235,4.06539013,-2.88254299,2020-09-07 00:00:00
600660,600660.SH,福耀玻璃,10003970,069001001001,016035,汽车零部件,481,77240333810.28,61671949162.28,30.79,-1.660811242415,2508617532,2002986332,32.77300991,26.648995,3.76671247,15.06565573,17.25058895,4.07863676,-2.89193544,2020-09-04 00:00:00
600660,600660.SH,福耀玻璃,10003970,069001001001,016035,汽车零部件,481,78544814926.92,62713502054.92,31.31,-0.445151033386,2508617532,2002986332,33.32650018,27.09905923,3.83032697,15.32009357,17.54192725,4.14751922,-2.94077619,2020-09-03 00:00:00
600660,600660.SH,福耀玻璃,10003970,069001001001,016035,汽车零部件,481,78896021381.4,62993920141.4,31.45,4.001322751323,2508617532,2002986332,33.47551679,27.22023036,3.84745395,15.38859606,17.62036449,4.1660645,-2.95392562,2020-09-02 00:00:00
600660,600660.SH,福耀玻璃,10003970,069001001001,016035,汽车零部件,481,75860594167.68,60570306679.68,30.24,4.347826086957,2508617532,2002986332,32.18758752,26.17296554,3.6994279,14.79653879,16.94244267,4.00578031,-2.84027697,2020-09-01 00:00:00
600660,600660.SH,福耀玻璃,10003970,069001001001,016035,汽车零部件,481,72699736077.36,58046543901.36,28.98,1.25786163522,2508617532,2002986332,30.84643804,25.08242531,3.54528507,14.18001634,16.23650756,3.83887279,-2.72193209,2020-08-31 00:00:00
600660,600660.SH,福耀玻璃,10003970,069001001001,016035,汽车零部件,481,71796633765.84,57325468821.84,28.62,1.417434443657,2508617532,2002986332,30.46325248,24.77084238,3.50124426,14.00386707,16.03481181,3.79118493,-2.68811927,2020-08-28 00:00:00
600660,600660.SH,福耀玻璃,10003970,069001001001,016035,汽车零部件,481,70793186753.04,56524274289.04,28.22,0.929899856938,2508617532,2002986332,30.03749074,24.42463914,3.45231003,13.80814566,15.81070543,3.73819842,-2.65054947,2020-08-27 00:00:00
600660,600660.SH,福耀玻璃,10003970,069001001001,016035,汽车零部件,481,70140946194.72,56003497842.72,27.96,-2.916666666667,2508617532,2002986332,29.76074561,24.19960702,3.42050278,13.68092674,15.66503628,3.70375719,-2.6261291,2020-08-26 00:00:00
600660,600660.SH,福耀玻璃,10003970,069001001001,016035,汽车零部件,481,72248184921.6,57686006361.6,28.8,1.337086558761,2508617532,2002986332,30.65484526,24.92663385,3.52326467,14.0919417,16.13565969,3.81502886,-2.70502568,2020-08-25 00:00:00
600660,600660.SH,福耀玻璃,10003970,069001001001,016035,汽车零部件,481,71294910259.44,56924871555.44,28.42,-0.070323488045,2508617532,2002986332,30.25037161,24.59774076,3.47677715,13.90600636,15.92275862,3.76469168,-2.66933437,2020-08-24 00:00:00
600660,600660.SH,福耀玻璃,10003970,069001001001,016035,汽车零部件,481,71345082610.08,56964931282.08,28.44,-0.245527884953,2508617532,2002986332,25.92158342,24.61505092,3.47922386,13.91579243,13.57767147,3.50747332,-2.67121286,2020-08-21 00:00:00
600660,600660.SH,福耀玻璃,10003970,069001001001,016035,汽车零部件,481,71520685837.32,57105140325.32,28.51,-0.175070028011,2508617532,2002986332,25.98538479,24.67563649,3.48778735,13.95004368,13.61109049,3.51610634,-2.67778758,2020-08-20 00:00:00
600660,600660.SH,福耀玻璃,10003970,069001001001,016035,汽车零部件,481,71646116713.92,57205289641.92,28.56,-4.481605351171,2508617532,2002986332,26.03095719,24.7189119,3.49390413,13.97450886,13.63496122,3.52227279,-2.6824838,2020-08-19 00:00:00
600660,600660.SH,福耀玻璃,10003970,069001001001,016035,汽车零部件,481,75007664206.8,59889291326.8,29.9,-0.894928737156,2508617532,2002986332,27.25229762,25.87869278,3.6578338,14.63017559,14.2746968,3.68753348,-2.80834264,2020-08-18 00:00:00
600660,600660.SH,福耀玻璃,10003970,069001001001,016035,汽车零部件,481,75684990940.44,60430097636.44,30.17,5.711282410652,2508617532,2002986332,27.4983886,26.11237997,3.69086441,14.76228754,14.40359874,3.72083228,-2.83370225,2020-08-17 00:00:00
600660,600660.SH,福耀玻璃,10003970,069001001001,016035,汽车零部件,481,71595944363.28,57165229915.28,28.54,1.638176638177,2508617532,2002986332,26.01272823,24.70160173,3.49145742,13.96472279,13.62541293,3.51980621,-2.68060531,2020-08-14 00:00:00
600660,600660.SH,福耀玻璃,10003970,069001001001,016035,汽车零部件,481,70441980298.56,56243856202.56,28.08,0.285714285714,2508617532,2002986332,25.59346211,24.303468,3.43518305,13.73964316,13.40580221,3.46307493,-2.63740004,2020-08-13 00:00:00
600660,600660.SH,福耀玻璃,10003970,069001001001,016035,汽车零部件,481,70241290896,56083617296,28,-4.469464346639,2508617532,2002986332,25.52054626,24.23422735,3.4253962,13.70049888,13.36760904,3.45320861,-2.62988608,2020-08-12 00:00:00
600660,600660.SH,福耀玻璃,10003970,069001001001,016035,汽车零部件,481,73527579862.92,58707529390.92,29.31,0.411099691675,2508617532,2002986332,26.71454325,25.36804299,3.58565581,14.34148651,13.99302218,3.61476945,-2.75292718,2020-08-11 00:00:00
600660,600660.SH,福耀玻璃,10003970,069001001001,016035,汽车零部件,481,73226545759.08,58467171031.08,29.19,1.283830673144,2508617532,2002986332,26.60516948,25.26418201,3.57097554,14.28277008,13.93573242,3.59996998,-2.74165624,2020-08-10 00:00:00
600660,600660.SH,福耀玻璃,10003970,069001001001,016035,汽车零部件,481,72298357272.24,57726066088.24,28.82,2.928571428571,2508617532,2002986332,26.26793369,24.94394401,3.52571138,14.10172777,13.75908902,3.5543383,-2.70690417,2020-08-07 00:00:00
600660,600660.SH,福耀玻璃,10003970,069001001001,016035,汽车零部件,481,70241290896,56083617296,28,2.979036410445,2508617532,2002986332,25.52054626,24.23422735,3.4253962,13.70049888,13.36760904,3.45320861,-2.62988608,2020-08-06 00:00:00
600660,600660.SH,福耀玻璃,10003970,069001001001,016035,汽车零部件,481,68209310695.08,54461198367.08,27.19,0.965466023023,2508617532,2002986332,24.78227332,23.53316577,3.32630438,13.30416302,12.98090321,3.35331222,-2.55380723,2020-08-05 00:00:00
600660,600660.SH,福耀玻璃,10003970,069001001001,016035,汽车零部件,481,67557070136.76,53940421920.76,26.93,0.447594181276,2508617532,2002986332,24.54529682,23.30813366,3.29449713,13.1769441,12.85677541,3.32124671,-2.52938686,2020-08-04 00:00:00
600660,600660.SH,福耀玻璃,10003970,069001001001,016035,汽车零部件,481,67256036032.92,53700063560.92,26.81,9.877049180328,2508617532,2002986332,24.43592305,23.20427269,3.27981686,13.11822768,12.79948566,3.30644725,-2.51811592,2020-08-03 00:00:00
600660,600660.SH,福耀玻璃,10003970,069001001001,016035,汽车零部件,481,61210267780.8,48872866500.8,24.4,0,2508617532,2002986332,22.23933317,21.11839812,2.98498812,11.93900617,11.64891645,3.00922465,-2.29175787,2020-07-31 00:00:00
600660,600660.SH,福耀玻璃,10003970,069001001001,016035,汽车零部件,481,61210267780.8,48872866500.8,24.4,-2.047370533922,2508617532,2002986332,22.23933317,21.11839812,2.98498812,11.93900617,11.64891645,3.00922465,-2.29175787,2020-07-30 00:00:00
600660,600660.SH,福耀玻璃,10003970,069001001001,016035,汽车零部件,481,62489662722.12,49894389530.12,24.91,2.679307502061,2508617532,2002986332,22.70417169,21.55980726,3.04737926,12.18855097,11.8923979,3.07212238,-2.33965937,2020-07-29 00:00:00
600660,600660.SH,福耀玻璃,10003970,069001001001,016035,汽车零部件,481,60859061326.32,48592448414.32,24.26,0.247933884298,2508617532,2002986332,22.11173044,20.99722698,2.96786114,11.87050367,11.5820784,2.99195861,-2.27860844,2020-07-28 00:00:00
600660,600660.SH,福耀玻璃,10003970,069001001001,016035,汽车零部件,481,60708544274.4,48472269234.4,24.2,3.77358490566,2508617532,2002986332,22.05704356,20.9452965,2.960521,11.84114546,11.55343353,2.98455887,-2.27297297,2020-07-27 00:00:00
600660,600660.SH,福耀玻璃,10003970,069001001001,016035,汽车零部件,481,58500960846.24,46709641262.24,23.32,-5.126118795769,2508617532,2002986332,21.25496925,20.18364935,2.85286569,11.41055835,11.13330867,2.87602946,-2.19031941,2020-07-24 00:00:00
600660,600660.SH,福耀玻璃,10003970,069001001001,016035,汽车零部件,481,61661818936.56,49233404040.56,24.58,-2.653465346535,2508617532,2002986332,22.40339383,21.27418958,3.00700852,12.0270808,11.73485108,3.03142385,-2.30866428,2020-07-23 00:00:00
600660,600660.SH,福耀玻璃,10003970,069001001001,016035,汽车零部件,481,65224055832,52077644632,26,-0.497512437811,2508617532,2002986332,23.6976501,22.50321111,3.18072505,12.72189182,12.41277982,3.20655086,-2.44203708,2020-07-22 00:00:00
600660,600660.SH,福耀玻璃,10003970,069001001001,016035,汽车零部件,481,65550176111.16,52338032855.16,26.13,0.926998841251,2508617532,2002986332,23.81613835,22.61572717,3.19662867,12.78550128,12.47484372,3.22258361,-2.45424726,2020-07-21 00:00:00
600660,600660.SH,福耀玻璃,10003970,069001001001,016035,汽车零部件,481,64948107903.48,51857316135.48,25.89,7.785179017485,2508617532,2002986332,23.59739081,22.40800522,3.16726813,12.66806843,12.36026422,3.19298468,-2.43170538,2020-07-20 00:00:00
600660,600660.SH,福耀玻璃,10003970,069001001001,016035,汽车零部件,481,60256993118.64,48111731694.64,24.02,6.660746003552,2508617532,2002986332,21.8929829,20.78950503,2.9385006,11.75307082,11.4674989,2.96235968,-2.25606656,2020-07-17 00:00:00
600660,600660.SH,福耀玻璃,10003970,069001001001,016035,汽车零部件,481,56494066820.64,45107252196.64,22.52,-4.047720494248,2508617532,2002986332,20.52581078,19.49124285,2.75499723,11.01911553,10.75137698,2.77736636,-2.11517981,2020-07-16 00:00:00
600660,600660.SH,福耀玻璃,10003970,069001001001,016035,汽车零部件,481,58877253476.04,47010089212.04,23.47,-2.614107883817,2508617532,2002986332,21.39168646,20.31347557,2.87121603,11.48395388,11.20492086,2.89452879,-2.20440808,2020-07-15 00:00:00
600660,600660.SH,福耀玻璃,10003970,069001001001,016035,汽车零部件,481,60457682521.2,48271970601.2,24.1,4.555314533623,2508617532,2002986332,21.96589875,20.85874568,2.94828745,11.79221511,11.50569207,2.97222599,-2.26358052,2020-07-14 00:00:00
600660,600660.SH,福耀玻璃,10003970,069001001001,016035,汽车零部件,481,57823634112.6,46168834952.6,23.05,5.251141552511,2508617532,2002986332,21.00887826,19.94996216,2.81983509,11.2784464,11.00440673,2.84273066,-2.16495979,2020-07-13 00:00:00
600660,600660.SH,福耀玻璃,10003970,069001001001,016035,汽车零部件,481,54938723950.8,43865400670.8,21.9,-2.232142857143,2508617532,2002986332,19.96071297,18.95462782,2.67914917,10.71574734,10.45537993,2.70090245,-2.05694661,2020-07-10 00:00:00
600660,600660.SH,福耀玻璃,10003970,069001001001,016035,汽车零部件,481,56193032716.8,44866893836.8,22.4,-1.883486640385,2508617532,2002986332,20.41643701,19.38738188,2.74031696,10.9603991,10.69408723,2.76256689,-2.10390887,2020-07-09 00:00:00
600660,600660.SH,福耀玻璃,10003970,069001001001,016035,汽车零部件,481,57271738255.56,45728177959.56,22.83,1.017699115044,2508617532,2002986332,20.80835969,19.75955037,2.79292126,11.17079962,10.89937551,2.81559831,-2.1442964,2020-07-08 00:00:00
600660,600660.SH,福耀玻璃,10003970,069001001001,016035,汽车零部件,481,56694756223.2,45267491103.2,22.6,-1.739130434783,2508617532,2002986332,20.59872663,19.5604835,2.76478408,11.05825981,10.78957015,2.78723267,-2.12269377,2020-07-07 00:00:00
600660,600660.SH,福耀玻璃,10003970,069001001001,016035,汽车零部件,481,57698203236,46068685636,23,4.497955474784,2508617532,2002986332,20.96330586,19.90668675,2.81371831,11.25398122,10.980536,2.83656422,-2.16026357,2020-07-06 00:00:00
600660,600660.SH,福耀玻璃,10003970,069001001001,016035,汽车零部件,481,55214671879.32,44085729167.32,22.01,2.08719851577,2508617532,2002986332,20.06097226,19.04983371,2.69260609,10.76957073,10.50789553,2.71446863,-2.06727831,2020-07-03 00:00:00
600660,600660.SH,福耀玻璃,10003970,069001001001,016035,汽车零部件,481,54085793989.92,43184385317.92,21.56,2.813543156891,2508617532,2002986332,19.65082062,18.66035506,2.63755508,10.54938414,10.29305896,2.65897063,-2.02501228,2020-07-02 00:00:00
600660,600660.SH,福耀玻璃,10003970,069001001001,016035,汽车零部件,481,52605709646.04,42002623382.04,20.97,0.479156684236,2508617532,2002986332,19.11306626,18.14970527,2.56537708,10.26069505,10.01138434,2.58620659,-1.96959683,2020-07-01 00:00:00
600660,600660.SH,福耀玻璃,10003970,069001001001,016035,汽车零部件,481,52354847892.84,41802324748.84,20.87,0.143953934741,2508617532,2002986332,19.02192145,18.06315446,2.55314353,10.2117647,9.96364288,2.57387371,-1.96020438,2020-06-30 00:00:00
600660,600660.SH,福耀玻璃,10003970,069001001001,016035,汽车零部件,481,52279589366.88,41742235158.88,20.84,-1.883239171375,2508617532,2002986332,18.99457801,18.03718921,2.39047211,10.19708559,9.94932044,2.57017384,-1.95738664,2020-06-29 00:00:00
600660,600660.SH,福耀玻璃,10003970,069001001001,016035,汽车零部件,481,53283036379.68,42543429691.68,21.24,0.950570342205,2508617532,2002986332,19.35915724,18.38339246,2.4363545,10.39280701,10.14028629,2.61950539,-1.99495644,2020-06-24 00:00:00
600660,600660.SH,福耀玻璃,10003970,069001001001,016035,汽车零部件,481,52781312873.28,42142832425.28,21.04,0.047551117451,2508617532,2002986332,19.17686762,18.21029084,2.4134133,10.2949463,10.04480336,2.59483962,-1.97617154,2020-06-23 00:00:00
600660,600660.SH,福耀玻璃,10003970,069001001001,016035,汽车零部件,481,52756226697.96,42122802561.96,21.03,-1.958041958042,2508617532,2002986332,19.16775314,18.20163576,2.41226624,10.29005327,10.04002922,2.59360633,-1.9752323,2020-06-22 00:00:00
600660,600660.SH,福耀玻璃,10003970,069001001001,016035,汽车零部件,481,53809846061.4,42964056821.4,21.45,1.5625,2508617532,2002986332,19.55056133,18.56514917,2.46044275,10.49556075,10.24054335,2.64540446,-2.01468059,2020-06-19 00:00:00
600660,600660.SH,福耀玻璃,10003970,069001001001,016035,汽车零部件,481,52982002275.84,42303071331.84,21.12,0.956022944551,2508617532,2002986332,19.24978347,18.27953149,2.42258978,10.33409058,10.08299653,2.60470593,-1.9836855,2020-06-18 00:00:00
600660,600660.SH,福耀玻璃,10003970,069001001001,016035,汽车零部件,481,52480278769.44,41902474065.44,20.92,-0.380952380952,2508617532,2002986332,19.06749385,18.10642986,2.39964859,10.23622988,9.98751361,2.58004015,-1.9649006,2020-06-17 00:00:00
600660,600660.SH,福耀玻璃,10003970,069001001001,016035,汽车零部件,481,52680968172,42062712972,21,0.238663484487,2508617532,2002986332,19.1404097,18.17567051,2.40882507,10.27537416,10.02570678,2.58990646,-1.97241456,2020-06-16 00:00:00
600660,600660.SH,福耀玻璃,10003970,069001001001,016035,汽车零部件,481,52555537295.4,41962563655.4,20.95,-2.693915466791,2508617532,2002986332,19.09483729,18.13239511,2.40308977,10.25090898,10.00183605,2.58374002,-1.96771834,2020-06-15 00:00:00
600660,600660.SH,福耀玻璃,10003970,069001001001,016035,汽车零部件,481,54010535463.96,43124295727.96,21.53,2.037914691943,2508617532,2002986332,19.62347718,18.63438982,2.46961922,10.53470503,10.27873652,2.65527077,-2.02219455,2020-06-12 00:00:00
600660,600660.SH,福耀玻璃,10003970,069001001001,016035,汽车零部件,481,52931829925.2,42263011605.2,21.1,-1.031894934334,2508617532,2002986332,19.23155451,18.26222132,2.42029566,10.32430451,10.07344824,2.60223935,-1.98180701,2020-06-11 00:00:00
600660,600660.SH,福耀玻璃,10003970,069001001001,016035,汽车零部件,481,53483725782.24,42703668598.24,21.32,-3.266787658802,2508617532,2002986332,19.43207308,18.45263311,2.44553097,10.43195129,10.17847945,2.6293717,-2.0024704,2020-06-10 00:00:00
600660,600660.SH,福耀玻璃,10003970,069001001001,016035,汽车零部件,481,55289930405.28,44145818757.28,22.04,1.520036849378,2508617532,2002986332,20.0883157,19.07579896,2.52811926,10.78424983,10.52221797,2.7181685,-2.07009604,2020-06-09 00:00:00
600660,600660.SH,福耀玻璃,10003970,069001001001,016035,汽车零部件,481,54462086619.72,43484833267.72,21.71,1.591015442209,2508617532,2002986332,19.78753784,18.79018128,2.49026629,10.62277967,10.36467115,2.67746997,-2.03910096,2020-06-08 00:00:00
600660,600660.SH,福耀玻璃,10003970,069001001001,016035,汽车零部件,481,53609156658.84,42803817914.84,21.37,2.297750119674,2508617532,2002986332,19.47764549,18.49590852,2.45126627,10.45641647,10.20235019,2.63553815,-2.00716663,2020-06-05 00:00:00
600660,600660.SH,福耀玻璃,10003970,069001001001,016035,汽车零部件,481,52405020243.48,41842384475.48,20.89,0.577756379393,2508617532,2002986332,19.04015041,18.08046462,2.39620741,10.22155077,9.97319117,2.57634028,-1.96208287,2020-06-04 00:00:00
600660,600660.SH,福耀玻璃,10003970,069001001001,016035,汽车零部件,481,52103986139.64,41602026115.64,20.77,3.384768541563,2508617532,2002986332,18.93077664,17.97660364,2.3824427,10.16283435,9.91590142,2.56154082,-1.95081193,2020-06-03 00:00:00
600660,600660.SH,福耀玻璃,10003970,069001001001,016035,汽车零部件,481,50398126217.88,40239995409.88,20.09,-0.39662865642,2508617532,2002986332,18.31099194,17.38805812,2.30444265,9.83010795,9.59125949,2.47767718,-1.88694326,2020-06-02 00:00:00
600660,600660.SH,福耀玻璃,10003970,069001001001,016035,汽车零部件,481,50598815620.44,40400234316.44,20.17,2.698574338086,2508617532,2002986332,18.38390779,17.45729877,2.31361912,9.86925223,9.62945265,2.48754349,-1.89445722,2020-06-01 00:00:00
600660,600660.SH,福耀玻璃,10003970,069001001001,016035,汽车零部件,481,49269248328.48,39338651560.48,19.64,0.204081632653,2508617532,2002986332,17.90084031,16.99857947,2.25282497,9.60992136,9.37642291,2.42217919,-1.84467724,2020-05-29 00:00:00
600660,600660.SH,福耀玻璃,10003970,069001001001,016035,汽车零部件,481,49168903627.2,39258532107.2,19.6,-1.950975487744,2508617532,2002986332,17.86438239,16.96395914,2.24823673,9.59034922,9.35732633,2.41724603,-1.84092026,2020-05-28 00:00:00
600660,600660.SH,福耀玻璃,10003970,069001001001,016035,汽车零部件,481,50147264464.68,40039696776.68,19.99,1.061678463094,2508617532,2002986332,18.21984714,17.30150731,2.29297205,9.78117759,9.54351803,2.46534429,-1.87755081,2020-05-27 00:00:00
600660,600660.SH,福耀玻璃,10003970,069001001001,016035,汽车零部件,481,49620454782.96,39619069646.96,19.78,1.021450459653,2508617532,2002986332,18.02844304,17.11975061,2.2688838,9.67842385,9.44326096,2.43944523,-1.85782667,2020-05-26 00:00:00
600660,600660.SH,福耀玻璃,10003970,069001001001,016035,汽车零部件,481,49118731276.56,39218472380.56,19.58,-0.508130081301,2508617532,2002986332,17.84615342,16.94664898,2.24594261,9.58056314,9.34777804,2.41477945,-1.83904177,2020-05-25 00:00:00
600660,600660.SH,福耀玻璃,10003970,069001001001,016035,汽车零部件,481,49369593029.76,39418771013.76,19.68,-1.550775387694,2508617532,2002986332,17.93729823,17.03319979,2.2574132,9.6294935,9.3955195,2.42711234,-1.84843422,2020-05-22 00:00:00
600660,600660.SH,福耀玻璃,10003970,069001001001,016035,汽车零部件,481,50147264464.68,40039696776.68,19.99,-1.137487636004,2508617532,2002986332,18.21984714,17.30150731,2.29297205,9.78117759,9.54351803,2.46534429,-1.87755081,2020-05-21 00:00:00
600660,600660.SH,福耀玻璃,10003970,069001001001,016035,汽车零部件,481,50724246497.04,40500383633.04,20.22,-1.365853658537,2508617532,2002986332,18.4294802,17.50057418,2.31935442,9.8937174,9.65332339,2.49370994,-1.89915345,2020-05-20 00:00:00
600660,600660.SH,福耀玻璃,10003970,069001001001,016035,汽车零部件,481,51426659406,41061219806,20.5,2.551275637819,2508617532,2002986332,18.68468566,17.74291645,2.35147209,10.03072239,9.78699948,2.52824202,-1.92545231,2020-05-19 00:00:00
600660,600660.SH,福耀玻璃,10003970,069001001001,016035,汽车零部件,481,50147264464.68,40039696776.68,19.99,0.35140562249,2508617532,2002986332,18.21984714,17.30150731,2.29297205,9.78117759,9.54351803,2.46534429,-1.87755081,2020-05-18 00:00:00
600660,600660.SH,福耀玻璃,10003970,069001001001,016035,汽车零部件,481,49971661237.44,39899487733.44,19.92,-0.994035785288,2508617532,2002986332,18.15604577,17.24092174,2.28494263,9.74692635,9.510099,2.45671127,-1.8709761,2020-05-15 00:00:00
600660,600660.SH,福耀玻璃,10003970,069001001001,016035,汽车零部件,481,50473384743.84,40300084999.84,20.12,-1.7578125,2508617532,2002986332,18.33833539,17.41402337,2.30788382,9.84478705,9.60558192,2.48137705,-1.889761,2020-05-14 00:00:00
600660,600660.SH,福耀玻璃,10003970,069001001001,016035,汽车零部件,481,51376487055.36,41021160079.36,20.48,-1.301204819277,2508617532,2002986332,18.6664567,17.72560629,2.34917797,10.02093632,9.77745118,2.52577544,-1.92357382,2020-05-13 00:00:00
600660,600660.SH,福耀玻璃,10003970,069001001001,016035,汽车零部件,481,52053813789,41561966389,20.75,-0.954653937947,2508617532,2002986332,18.91254768,17.95929348,2.38014858,10.15304828,9.90635313,2.55907424,-1.94893344,2020-05-12 00:00:00
600660,600660.SH,福耀玻璃,10003970,069001001001,016035,汽车零部件,481,52555537295.4,41962563655.4,20.95,1.403678606002,2508617532,2002986332,19.09483729,18.13239511,2.40308977,10.25090898,10.00183605,2.58374002,-1.96771834,2020-05-11 00:00:00
600660,600660.SH,福耀玻璃,10003970,069001001001,016035,汽车零部件,481,51828038211.12,41381697619.12,20.66,0.193986420951,2508617532,2002986332,18.83051735,17.88139775,2.36982504,10.10901096,9.86338581,2.54797464,-1.94048023,2020-05-08 00:00:00
600660,600660.SH,福耀玻璃,10003970,069001001001,016035,汽车零部件,481,51727693509.84,41301578165.84,20.62,4.246713852376,2508617532,2002986332,18.79405943,17.84677743,2.3652368,10.08943882,9.84428923,2.54304149,-1.93672325,2020-05-07 00:00:00
600660,600660.SH,福耀玻璃,10003970,069001001001,016035,汽车零部件,481,49620454782.96,39619069646.96,19.78,-0.050530570995,2508617532,2002986332,18.02844304,17.11975061,2.2688838,9.67842385,9.44326096,2.43944523,-1.85782667,2020-05-06 00:00:00
600660,600660.SH,福耀玻璃,10003970,069001001001,016035,汽车零部件,481,49645540958.28,39639099510.28,19.79,3.450078410873,2508617532,2002986332,18.03755752,17.12840569,2.27003086,9.68331689,9.4480351,2.44067852,-1.85876591,2020-04-30 00:00:00
600660,600660.SH,福耀玻璃,10003970,069001001001,016035,汽车零部件,481,47989853387.16,38317128531.16,19.13,1.431601272534,2508617532,2002986332,17.43600179,16.55717033,2.19432493,9.36037656,9.13294146,2.35928146,-1.79677574,2020-04-29 00:00:00
600660,600660.SH,福耀玻璃,10003970,069001001001,016035,汽车零部件,481,47312526653.52,37776322221.52,18.86,0.15932023367,2508617532,2002986332,17.18991081,16.32348314,2.16335432,9.2282646,9.00403952,2.32598266,-1.77141613,2020-04-28 00:00:00
600660,600660.SH,福耀玻璃,10003970,069001001001,016035,汽车零部件,481,47237268127.56,37716232631.56,18.83,0.159574468085,2508617532,2002986332,16.29751789,16.29751789,2.15991314,9.2135855,9.78724889,2.23832175,-1.76859839,2020-04-27 00:00:00
600660,600660.SH,福耀玻璃,10003970,069001001001,016035,汽车零部件,481,47162009601.6,37656143041.6,18.8,-0.686740623349,2508617532,2002986332,16.27155265,16.27155265,2.15647196,9.19890639,9.77165582,2.23475565,-1.76578065,2020-04-24 00:00:00
600660,600660.SH,福耀玻璃,10003970,069001001001,016035,汽车零部件,481,47488129880.76,37916531264.76,18.93,0.637958532695,2508617532,2002986332,16.3840687,16.3840687,2.17138374,9.26251585,9.83922578,2.25020875,-1.77799084,2020-04-23 00:00:00
600660,600660.SH,福耀玻璃,10003970,069001001001,016035,汽车零部件,481,47187095776.92,37676172904.92,18.81,-0.581395348837,2508617532,2002986332,16.28020773,16.28020773,2.15761902,9.20379943,9.77685351,2.23594435,-1.7667199,2020-04-22 00:00:00
600660,600660.SH,福耀玻璃,10003970,069001001001,016035,汽车零部件,481,47463043705.44,37896501401.44,18.92,-1.663201663202,2508617532,2002986332,16.37541362,16.37541362,2.17023668,9.25762281,9.83402809,2.24902005,-1.7770516,2020-04-21 00:00:00
600660,600660.SH,福耀玻璃,10003970,069001001001,016035,汽车零部件,481,48265801315.68,38537457027.68,19.24,0.052002080083,2508617532,2002986332,16.65237622,16.65237622,2.20694258,9.41419994,10.00035415,2.28705845,-1.80710744,2020-04-20 00:00:00
600660,600660.SH,福耀玻璃,10003970,069001001001,016035,汽车零部件,481,48240715140.36,38517427164.36,19.23,2.505330490405,2508617532,2002986332,16.64372114,16.64372114,2.20579552,9.40930691,9.99515646,2.28586975,-1.80616819,2020-04-17 00:00:00
600660,600660.SH,福耀玻璃,10003970,069001001001,016035,汽车零部件,481,47061664900.32,37576023588.32,18.76,-1.054852320675,2508617532,2002986332,16.23693232,16.23693232,2.15188373,9.17933425,9.75086506,2.23000085,-1.76202367,2020-04-16 00:00:00
600660,600660.SH,福耀玻璃,10003970,069001001001,016035,汽车零部件,481,47563388406.72,37976620854.72,18.96,0.423728813559,2508617532,2002986332,16.41003395,16.41003395,2.17482492,9.27719496,9.85481885,2.25377485,-1.78080858,2020-04-15 00:00:00
600660,600660.SH,福耀玻璃,10003970,069001001001,016035,汽车零部件,481,47362699004.16,37816381948.16,18.88,0.586041555674,2508617532,2002986332,16.3407933,16.3407933,2.16564844,9.23805067,9.81323733,2.24426525,-1.77329462,2020-04-14 00:00:00
600660,600660.SH,福耀玻璃,10003970,069001001001,016035,汽车零部件,481,47086751075.64,37596053451.64,18.77,-0.424403183024,2508617532,2002986332,16.24558741,16.24558741,2.15303078,9.18422728,9.75606275,2.23118955,-1.76296292,2020-04-13 00:00:00
600660,600660.SH,福耀玻璃,10003970,069001001001,016035,汽车零部件,481,47287440478.2,37756292358.2,18.85,-0.105988341282,2508617532,2002986332,16.31482806,16.31482806,2.16220726,9.22337157,9.79764427,2.24069915,-1.77047688,2020-04-10 00:00:00
600660,600660.SH,福耀玻璃,10003970,069001001001,016035,汽车零部件,481,47337612828.84,37796352084.84,18.87,0.106100795756,2508617532,2002986332,16.33213822,16.33213822,2.16450138,9.23315764,9.80803964,2.24307655,-1.77235537,2020-04-09 00:00:00
600660,600660.SH,福耀玻璃,10003970,069001001001,016035,汽车零部件,481,47287440478.2,37756292358.2,18.85,-0.893796004206,2508617532,2002986332,16.31482806,16.31482806,2.16220726,9.22337157,9.79764427,2.24069915,-1.77047688,2020-04-08 00:00:00
600660,600660.SH,福耀玻璃,10003970,069001001001,016035,汽车零部件,481,47713905458.64,38096800034.64,19.02,1.38592750533,2508617532,2002986332,16.46196444,16.46196444,2.18170727,9.30655317,9.88600498,2.26090705,-1.78644405,2020-04-07 00:00:00
600660,600660.SH,福耀玻璃,10003970,069001001001,016035,汽车零部件,481,47061664900.32,37576023588.32,18.76,-0.530222693531,2508617532,2002986332,16.23693232,16.23693232,2.15188373,9.17933425,9.75086506,2.23000085,-1.76202367,2020-04-03 00:00:00
600660,600660.SH,福耀玻璃,10003970,069001001001,016035,汽车零部件,481,47312526653.52,37776322221.52,18.86,0,2508617532,2002986332,16.32348314,16.32348314,2.16335432,9.2282646,9.80284195,2.24188785,-1.77141613,2020-04-02 00:00:00
600660,600660.SH,福耀玻璃,10003970,069001001001,016035,汽车零部件,481,47312526653.52,37776322221.52,18.86,-1.668404588113,2508617532,2002986332,16.32348314,16.32348314,2.16335432,9.2282646,9.80284195,2.24188785,-1.77141613,2020-04-01 00:00:00
600660,600660.SH,福耀玻璃,10003970,069001001001,016035,汽车零部件,481,48115284263.76,38417277847.76,19.18,1.427815970386,2508617532,2002986332,16.60044573,16.60044573,2.20006023,9.38484173,9.96916801,2.27992625,-1.80147197,2020-03-31 00:00:00
600660,600660.SH,福耀玻璃,10003970,069001001001,016035,汽车零部件,481,47437957530.12,37876471538.12,18.91,-3.273657289003,2508617532,2002986332,16.36675854,16.36675854,2.21980087,9.25272978,9.8288304,2.24783135,-1.77611235,2020-03-30 00:00:00
600660,600660.SH,福耀玻璃,10003970,069001001001,016035,汽车零部件,481,49043472750.6,39158382790.6,19.55,-0.862068965517,2508617532,2002986332,15.30252908,16.92068374,2.29492898,9.56588404,10.16148251,2.36511117,-1.83622403,2020-03-27 00:00:00
600660,600660.SH,福耀玻璃,10003970,069001001001,016035,汽车零部件,481,49469937731.04,39498890467.04,19.72,-3.851779619698,2508617532,2002986332,15.43559455,17.06782012,2.31488489,9.64906564,10.24984323,2.38567735,-1.8521912,2020-03-26 00:00:00
600660,600660.SH,福耀玻璃,10003970,069001001001,016035,汽车零部件,481,51451745581.32,41081249669.32,20.51,9.386666666667,2508617532,2002986332,16.05395761,17.75157153,2.40762115,10.03561543,10.66046068,2.48124962,-1.92639155,2020-03-25 00:00:00
600660,600660.SH,福耀玻璃,10003970,069001001001,016035,汽车零部件,481,47036578725,37555993725,18.75,4.57334076966,2508617532,2002986332,14.67633863,16.22827724,2.20101884,9.17444121,9.74566737,2.26832912,-1.76108443,2020-03-24 00:00:00
600660,600660.SH,福耀玻璃,10003970,069001001001,016035,汽车零部件,481,44979512348.76,35913544932.76,17.93,-7.242628039317,2508617532,2002986332,14.03449342,15.51856059,2.10476095,8.77321232,9.31945685,2.16912753,-1.68406634,2020-03-23 00:00:00
600660,600660.SH,福耀玻璃,10003970,069001001001,016035,汽车零部件,481,48491576893.56,38717725797.56,19.33,0.103573278094,2508617532,2002986332,15.1303267,16.73027195,2.26910369,9.45823726,10.04713335,2.3384961,-1.81556064,2020-03-20 00:00:00
600660,600660.SH,福耀玻璃,10003970,069001001001,016035,汽车零部件,481,48441404542.92,38677666070.92,19.31,-3.594608087868,2508617532,2002986332,15.11467194,16.71296179,2.26675594,9.44845119,10.03673797,2.33607655,-1.81368215,2020-03-19 00:00:00
600660,600660.SH,福耀玻璃,10003970,069001001001,016035,汽车零部件,481,50247609165.96,40119816229.96,20.03,-1.037549407115,2508617532,2002986332,15.67824334,17.33612764,2.35127506,9.80074973,10.4109716,2.42318039,-1.88130779,2020-03-18 00:00:00
600660,600660.SH,福耀玻璃,10003970,069001001001,016035,汽车零部件,481,50774418847.68,40540443359.68,20.24,-3.939250118652,2508617532,2002986332,15.84261834,17.51788434,2.37592647,9.90350348,10.52012307,2.44858568,-1.90103194,2020-03-17 00:00:00
600660,600660.SH,福耀玻璃,10003970,069001001001,016035,汽车零部件,481,52856571399.24,42202922015.24,21.07,-3.348623853211,2508617532,2002986332,16.49229093,18.23625608,2.47335824,10.30962541,10.95153128,2.54899705,-1.97898928,2020-03-16 00:00:00
600660,600660.SH,福耀玻璃,10003970,069001001001,016035,汽车零部件,481,54687862197.6,43665102037.6,21.8,-2.721999107541,2508617532,2002986332,17.06368971,18.86807701,2.55905124,10.66681698,11.3309626,2.63731066,-2.04755416,2020-03-13 00:00:00
600660,600660.SH,福耀玻璃,10003970,069001001001,016035,汽车零部件,481,56218118892.12,44886923700.12,22.41,-2.395470383275,2508617532,2002986332,17.54115993,19.39603696,2.63065772,10.96529214,11.64802164,2.71110697,-2.10484811,2020-03-12 00:00:00
600660,600660.SH,福耀玻璃,10003970,069001001001,016035,汽车零部件,481,57597858534.72,45988566182.72,22.96,-1.332187365707,2508617532,2002986332,17.97166586,19.87206643,2.69522094,11.23440908,11.93389455,2.77764462,-2.15650659,2020-03-11 00:00:00
600660,600660.SH,福耀玻璃,10003970,069001001001,016035,汽车零部件,481,58375529969.64,46609491945.64,23.27,1.217920835146,2508617532,2002986332,18.21431466,20.14037394,2.73161112,11.38609318,12.09502292,2.81514766,-2.18562318,2020-03-10 00:00:00
600660,600660.SH,福耀玻璃,10003970,069001001001,016035,汽车零部件,481,57673117060.68,46048655772.68,22.99,-2.41935483871,2508617532,2002986332,17.995148,19.89803167,2.69874257,11.24908819,11.94948762,2.78127395,-2.15932432,2020-03-09 00:00:00
600660,600660.SH,福耀玻璃,10003970,069001001001,016035,汽车零部件,481,59103029053.92,47190357981.92,23.56,-1.546176347681,2508617532,2002986332,18.4413087,20.3913713,2.76565354,11.5279912,12.24575591,2.85023115,-2.21286129,2020-03-06 00:00:00
600660,600660.SH,福耀玻璃,10003970,069001001001,016035,汽车零部件,481,60031217540.76,47931462924.76,23.93,1.699957501062,2508617532,2002986332,18.73092178,20.7116093,2.80908698,11.70903351,12.43807041,2.89499285,-2.24761335,2020-03-05 00:00:00
600660,600660.SH,福耀玻璃,10003970,069001001001,016035,汽车零部件,481,59027770527.96,47130268391.96,23.53,0.212947189097,2508617532,2002986332,18.41782656,20.36540605,2.76213191,11.51331209,12.23016284,2.84660183,-2.21004355,2020-03-04 00:00:00
600660,600660.SH,福耀玻璃,10003970,069001001001,016035,汽车零部件,481,58902339651.36,47030119075.36,23.48,-0.886449978894,2508617532,2002986332,18.37868965,20.32213065,2.75626253,11.48884692,12.20417439,2.84055295,-2.20534733,2020-03-03 00:00:00
600660,600660.SH,福耀玻璃,10003970,069001001001,016035,汽车零部件,481,59429149333.08,47450746205.08,23.69,2.24428139836,2508617532,2002986332,18.54306465,20.50388735,2.78091394,11.59160066,12.31332587,2.86595824,-2.22507147,2020-03-02 00:00:00
600660,600660.SH,福耀玻璃,10003970,069001001001,016035,汽车零部件,481,58124668216.44,46409193312.44,23.17,-4.650205761317,2508617532,2002986332,18.13604085,20.05382313,2.71987235,11.33716282,12.04304603,2.80304991,-2.17623073,2020-02-28 00:00:00
600660,600660.SH,福耀玻璃,10003970,069001001001,016035,汽车零部件,481,60959406027.6,48672567867.6,24.3,-0.816326530612,2508617532,2002986332,19.02053486,21.03184731,2.85252042,11.89007581,12.63038491,2.93975454,-2.28236542,2020-02-27 00:00:00
600660,600660.SH,福耀玻璃,10003970,069001001001,016035,汽车零部件,481,61461129534,49073165134,24.5,-1.882258710453,2508617532,2002986332,19.17708247,21.20494893,2.87599796,11.98793652,12.7343387,2.96395005,-2.30115032,2020-02-26 00:00:00
600660,600660.SH,福耀玻璃,10003970,069001001001,016035,汽车零部件,481,62640179774.04,50014568710.04,24.97,-0.755166931638,2508617532,2002986332,19.54496936,21.61173775,2.93117016,12.21790918,12.9786301,3.0208095,-2.34529484,2020-02-25 00:00:00
600660,600660.SH,福耀玻璃,10003970,069001001001,016035,汽车零部件,481,63116817105.12,50395136113.12,25.16,0.599760095962,2508617532,2002986332,19.69368959,21.77618429,2.95347382,12.31087685,13.07738619,3.04379524,-2.36314049,2020-02-24 00:00:00
600660,600660.SH,福耀玻璃,10003970,069001001001,016035,汽车零部件,481,62740524475.32,50094688163.32,25.01,-0.318852132324,2508617532,2002986332,19.57627888,21.64635807,2.93586567,12.23748132,12.99942085,3.02564861,-2.34905182,2020-02-21 00:00:00
600660,600660.SH,福耀玻璃,10003970,069001001001,016035,汽车零部件,481,62941213877.88,50254927069.88,25.09,1.826298701299,2508617532,2002986332,19.63889793,21.71559872,2.94525668,12.2766256,13.04100237,3.03532681,-2.35656578,2020-02-20 00:00:00
600660,600660.SH,福耀玻璃,10003970,069001001001,016035,汽车零部件,481,61812335988.48,49353583220.48,24.64,-1.083902047371,2508617532,2002986332,19.2866658,21.32612007,2.89243223,12.05643901,12.80710635,2.98088691,-2.31429975,2020-02-19 00:00:00
600660,600660.SH,福耀玻璃,10003970,069001001001,016035,汽车零部件,481,62489662722.12,49894389530.12,24.91,-1.463607594937,2508617532,2002986332,19.49800508,21.55980726,2.9241269,12.18855097,12.94744396,3.01355085,-2.33965937,2020-02-18 00:00:00
600660,600660.SH,福耀玻璃,10003970,069001001001,016035,汽车零部件,481,63417851208.96,50635494472.96,25.28,3.649036490365,2508617532,2002986332,19.78761816,21.88004526,2.96756034,12.36959327,13.13975846,3.05831254,-2.37441143,2020-02-17 00:00:00
600660,600660.SH,福耀玻璃,10003970,069001001001,016035,汽车零部件,481,61185181605.48,48852836637.48,24.39,1.077496891836,2508617532,2002986332,19.09098129,21.10974304,2.86308531,11.93411313,12.67716412,2.95064252,-2.29081863,2020-02-14 00:00:00
600660,600660.SH,福耀玻璃,10003970,069001001001,016035,汽车零部件,481,60532941047.16,48332060191.16,24.13,-1.550387596899,2508617532,2002986332,18.88746939,20.88471093,2.83256452,11.80689421,12.5420242,2.91918836,-2.26639826,2020-02-13 00:00:00
600660,600660.SH,福耀玻璃,10003970,069001001001,016035,汽车零部件,481,61486215709.32,49093194997.32,24.51,0.16346546792,2508617532,2002986332,19.18490985,21.21360401,2.87717183,11.99282955,12.73953639,2.96515983,-2.30208957,2020-02-12 00:00:00
600660,600660.SH,福耀玻璃,10003970,069001001001,016035,汽车零部件,481,61385871008.04,49013075544.04,24.47,1.409034397016,2508617532,2002986332,19.15360033,21.17898369,2.87247633,11.97325741,12.71874563,2.96032073,-2.29833259,2020-02-11 00:00:00
600660,600660.SH,福耀玻璃,10003970,069001001001,016035,汽车零部件,481,60532941047.16,48332060191.16,24.13,1.258917331095,2508617532,2002986332,18.88746939,20.88471093,2.83256452,11.80689421,12.5420242,2.91918836,-2.26639826,2020-02-10 00:00:00
600660,600660.SH,福耀玻璃,10003970,069001001001,016035,汽车零部件,481,59780355787.56,47731164291.56,23.83,-0.501043841336,2508617532,2002986332,18.65264797,20.62505849,2.79734822,11.66010315,12.38609352,2.88289509,-2.2382209,2020-02-07 00:00:00
600660,600660.SH,福耀玻璃,10003970,069001001001,016035,汽车零部件,481,60081389891.4,47971522651.4,23.95,0.209205020921,2508617532,2002986332,18.74657654,20.72891947,2.81143474,11.71881958,12.44846579,2.8974124,-2.24949184,2020-02-06 00:00:00
600660,600660.SH,福耀玻璃,10003970,069001001001,016035,汽车零部件,481,59955959014.8,47871373334.8,23.9,0.167644593462,2508617532,2002986332,18.70743964,20.68564406,2.80556535,11.6943544,12.42247734,2.89136352,-2.24479562,2020-02-05 00:00:00
600660,600660.SH,福耀玻璃,10003970,069001001001,016035,汽车零部件,481,59855614313.52,47791253881.52,23.86,5.202821869489,2508617532,2002986332,18.67613012,20.65102373,2.80086985,11.67478226,12.40168659,2.88652442,-2.24103864,2020-02-04 00:00:00
600660,600660.SH,福耀玻璃,10003970,069001001001,016035,汽车零部件,481,56895445625.76,45427730009.76,22.68,-7.767385115901,2508617532,2002986332,17.7524992,19.62972415,2.66235239,11.09740409,11.78835925,2.74377091,-2.13020773,2020-02-03 00:00:00
600660,600660.SH,福耀玻璃,10003970,069001001001,016035,汽车零部件,481,61686905111.88,49253433903.88,24.59,-1.64,2508617532,2002986332,19.2475289,21.28284466,2.88656285,12.03197384,12.7811179,2.97483803,-2.30960353,2020-01-23 00:00:00
600660,600660.SH,福耀玻璃,10003970,069001001001,016035,汽车零部件,481,62715438300,50074658300,25,1.010101010101,2508617532,2002986332,19.5684515,21.63770299,2.93469179,12.23258829,12.99422316,3.02443883,-2.34811257,2020-01-22 00:00:00
600660,600660.SH,福耀玻璃,10003970,069001001001,016035,汽车零部件,481,62088283917,49573911717,24.75,-1.079136690647,2508617532,2002986332,19.37276699,21.42132596,2.90534487,12.1102624,12.86428093,2.99419444,-2.32463145,2020-01-21 00:00:00
600660,600660.SH,福耀玻璃,10003970,069001001001,016035,汽车零部件,481,62765610650.64,50114718026.64,25.02,-2.418096723869,2508617532,2002986332,19.58410627,21.65501315,2.93703955,12.24237436,13.00461854,3.02685838,-2.34999106,2020-01-20 00:00:00
600660,600660.SH,福耀玻璃,10003970,069001001001,016035,汽车零部件,481,64320953520.48,51356569552.48,25.64,-0.697134004648,2508617532,2002986332,20.06940386,22.19162819,3.0098199,12.54574255,13.32687528,3.10186446,-2.40822425,2020-01-17 00:00:00
600660,600660.SH,福耀玻璃,10003970,069001001001,016035,汽车零部件,481,64772504676.24,51717107092.24,25.82,0.11632415665,2508617532,2002986332,20.21029671,22.34741965,3.03094968,12.63381718,13.42043368,3.12364042,-2.42513067,2020-01-16 00:00:00
600660,600660.SH,福耀玻璃,10003970,069001001001,016035,汽车零部件,481,64697246150.28,51657017502.28,25.79,-1.527300496373,2508617532,2002986332,20.18681457,22.32145441,3.02742805,12.61913807,13.40484062,3.1200111,-2.42231293,2020-01-15 00:00:00
600660,600660.SH,福耀玻璃,10003970,069001001001,016035,汽车零部件,481,65700693163.08,52458212035.08,26.19,3.763866877971,2508617532,2002986332,20.4999098,22.66765765,3.07438312,12.81485949,13.61274819,3.16840212,-2.45988273,2020-01-14 00:00:00
600660,600660.SH,福耀玻璃,10003970,069001001001,016035,汽车零部件,481,63317506507.68,50555375019.68,25.24,0.678101316314,2508617532,2002986332,19.75630864,21.84542494,2.96286483,12.35002113,13.11896771,3.05347344,-2.37065445,2020-01-13 00:00:00
600660,600660.SH,福耀玻璃,10003970,069001001001,016035,汽车零部件,481,62891041527.24,50214867343.24,25.07,-0.079713033081,2508617532,2002986332,19.62324317,21.69828856,2.94290893,12.26683953,13.03060699,3.03290726,-2.35468729,2020-01-10 00:00:00
600660,600660.SH,福耀玻璃,10003970,069001001001,016035,汽车零部件,481,62941213877.88,50254927069.88,25.09,0.31987205118,2508617532,2002986332,19.63889793,21.71559872,2.94525668,12.2766256,13.04100237,3.03532681,-2.35656578,2020-01-09 00:00:00
600660,600660.SH,福耀玻璃,10003970,069001001001,016035,汽车零部件,481,62740524475.32,50094688163.32,25.01,0.40144520273,2508617532,2002986332,19.57627888,21.64635807,2.93586567,12.23748132,12.99942085,3.02564861,-2.34905182,2020-01-08 00:00:00
600660,600660.SH,福耀玻璃,10003970,069001001001,016035,汽车零部件,481,62489662722.12,49894389530.12,24.91,0.160836349015,2508617532,2002986332,19.49800508,21.55980726,2.9241269,12.18855097,12.94744396,3.01355085,-2.33965937,2020-01-07 00:00:00
600660,600660.SH,福耀玻璃,10003970,069001001001,016035,汽车零部件,481,62389318020.84,49814270076.84,24.87,1.427406199021,2508617532,2002986332,19.46669556,21.52518694,2.91943139,12.16897883,12.9266532,3.00871175,-2.33590239,2020-01-06 00:00:00
600660,600660.SH,福耀玻璃,10003970,069001001001,016035,汽车零部件,481,61511301884.64,49113224860.64,24.52,-0.162866449511,2508617532,2002986332,19.19273723,21.22225909,2.87834571,11.99772259,12.74473408,2.9663696,-2.30302881,2020-01-03 00:00:00
600660,600660.SH,福耀玻璃,10003970,069001001001,016035,汽车零部件,481,61611646585.92,49193344313.92,24.56,2.375989995832,2508617532,2002986332,19.22404676,21.25687942,2.88304122,12.01729473,12.76552484,2.97120871,-2.30678579,2020-01-02 00:00:00
600660,600660.SH,福耀玻璃,10003970,069001001001,016035,汽车零部件,481,60181734592.68,48051642104.68,23.99,3.005581794762,2508617532,2002986332,18.77788606,20.76353979,2.81613024,11.73839172,12.46925655,2.9022515,-0.70009914,2019-12-31 00:00:00
600660,600660.SH,福耀玻璃,10003970,069001001001,016035,汽车零部件,481,58425702320.28,46649551672.28,23.29,2.418645558487,2508617532,2002986332,18.22996942,14.17931827,2.79664467,10.05976198,12.1054183,2.81756721,-0.67967107,2019-12-30 00:00:00
600660,600660.SH,福耀玻璃,10003970,069001001001,016035,汽车零部件,481,57045962677.68,45547909189.68,22.74,-0.394218134034,2508617532,2002986332,17.79946349,13.84446963,2.73060111,9.82219783,11.81954539,2.75102956,-0.66362044,2019-12-27 00:00:00
600660,600660.SH,福耀玻璃,10003970,069001001001,016035,汽车零部件,481,57271738255.56,45728177959.56,22.83,0,2508617532,2002986332,17.86990991,13.89926304,2.74140824,9.86107196,11.86632459,2.76191754,-0.66624691,2019-12-26 00:00:00
600660,600660.SH,福耀玻璃,10003970,069001001001,016035,汽车零部件,481,57271738255.56,45728177959.56,22.83,-0.954446854664,2508617532,2002986332,17.86990991,13.89926304,2.74140824,9.86107196,11.86632459,2.76191754,-0.66624691,2019-12-25 00:00:00
600660,600660.SH,福耀玻璃,10003970,069001001001,016035,汽车零部件,481,57823634112.6,46168834952.6,23.05,0.1303214596,2508617532,2002986332,18.04211229,14.0332025,2.76782566,9.95609762,11.98067376,2.7885326,-0.67266716,2019-12-24 00:00:00
600660,600660.SH,福耀玻璃,10003970,069001001001,016035,汽车零部件,481,57748375586.64,46108745362.64,23.02,-0.259965337955,2508617532,2002986332,18.01863014,14.01493803,2.76422329,9.94313958,11.96508069,2.78490327,-0.67179167,2019-12-23 00:00:00
600660,600660.SH,福耀玻璃,10003970,069001001001,016035,汽车零部件,481,57898892638.56,46228924542.56,23.08,0.786026200873,2508617532,2002986332,18.06559443,14.05146697,2.77142804,9.96905567,11.99626682,2.79216193,-0.67354265,2019-12-20 00:00:00
600660,600660.SH,福耀玻璃,10003970,069001001001,016035,汽车零部件,481,57447341482.8,45868387002.8,22.9,-0.348128807659,2508617532,2002986332,17.92470158,13.94188014,2.74981378,9.8913074,11.90270842,2.77038597,-0.66828971,2019-12-19 00:00:00
600660,600660.SH,福耀玻璃,10003970,069001001001,016035,汽车零部件,481,57648030885.36,46028625909.36,22.98,-0.820025895555,2508617532,2002986332,17.98732062,13.9905854,2.75942012,9.92586219,11.94428993,2.78006417,-0.67062435,2019-12-18 00:00:00
600660,600660.SH,福耀玻璃,10003970,069001001001,016035,汽车零部件,481,58124668216.44,46409193312.44,23.17,0,2508617532,2002986332,18.13604085,14.10626039,2.78223517,10.0079298,12.04304603,2.80304991,-0.67616911,2019-12-17 00:00:00
600660,600660.SH,福耀玻璃,10003970,069001001001,016035,汽车零部件,481,58124668216.44,46409193312.44,23.17,1.046663759267,2508617532,2002986332,18.13604085,14.10626039,2.78223517,10.0079298,12.04304603,2.80304991,-0.67616911,2019-12-16 00:00:00
600660,600660.SH,福耀玻璃,10003970,069001001001,016035,汽车零部件,481,57522600008.76,45928476592.76,22.93,1.911111111111,2508617532,2002986332,17.94818372,13.96014461,2.75341616,9.90426544,11.91830149,2.77401529,-0.6691652,2019-12-13 00:00:00
600660,600660.SH,福耀玻璃,10003970,069001001001,016035,汽车零部件,481,56443894470,45067192470,22.5,-0.618374558304,2508617532,2002986332,17.61160635,13.69835385,2.7017821,9.71853347,11.69480085,2.72199495,-0.65661653,2019-12-12 00:00:00
600660,600660.SH,福耀玻璃,10003970,069001001001,016035,汽车零部件,481,56795100924.48,45347610556.48,22.64,1.615798922801,2508617532,2002986332,17.72118968,13.78358805,2.71859319,9.77900435,11.7675685,2.7389318,-0.66070215,2019-12-11 00:00:00
600660,600660.SH,福耀玻璃,10003970,069001001001,016035,汽车零部件,481,55891998612.96,44626535476.96,22.28,0.179856115108,2508617532,2002986332,17.43940398,13.56441439,2.67536468,9.62350781,11.58045168,2.69537989,-0.65019628,2019-12-10 00:00:00
600660,600660.SH,福耀玻璃,10003970,069001001001,016035,汽车零部件,481,55791653911.68,44546416023.68,22.24,0.724637681159,2508617532,2002986332,17.40809446,13.54006176,2.67056151,9.60623042,11.55966093,2.69054078,-0.64902896,2019-12-09 00:00:00
600660,600660.SH,福耀玻璃,10003970,069001001001,016035,汽车零部件,481,55390275106.56,44225938210.56,22.08,0.592255125285,2508617532,2002986332,17.28285637,13.44265125,2.65134883,9.53712085,11.4764979,2.67118437,-0.64435969,2019-12-06 00:00:00
600660,600660.SH,福耀玻璃,10003970,069001001001,016035,汽车零部件,481,55064154827.4,43965549987.4,21.95,0.45766590389,2508617532,2002986332,17.18110042,13.3635052,2.63573854,9.48096932,11.40892794,2.65545729,-0.6405659,2019-12-05 00:00:00
600660,600660.SH,福耀玻璃,10003970,069001001001,016035,汽车零部件,481,54813293074.2,43765251354.2,21.85,-0.091449474166,2508617532,2002986332,17.10282661,13.30262363,2.62373062,9.43777584,11.35695104,2.64335954,-0.63764761,2019-12-04 00:00:00
600660,600660.SH,福耀玻璃,10003970,069001001001,016035,汽车零部件,481,54863465424.84,43805311080.84,21.87,-1.174875734297,2508617532,2002986332,17.11848138,13.31479994,2.6261322,9.44641453,11.36734642,2.64577909,-0.63823127,2019-12-03 00:00:00
600660,600660.SH,福耀玻璃,10003970,069001001001,016035,汽车零部件,481,55515705983.16,44326087527.16,22.13,-0.449842555106,2508617532,2002986332,17.32199327,13.47309203,2.65735279,9.55871759,11.50248634,2.67723325,-0.64581884,2019-12-02 00:00:00
600660,600660.SH,福耀玻璃,10003970,069001001001,016035,汽车零部件,481,55766567736.36,44526386160.36,22.23,-0.313901345291,2508617532,2002986332,17.40026708,13.5339736,2.66936072,9.60191107,11.55446324,2.68933101,-0.64873713,2019-11-29 00:00:00
600660,600660.SH,福耀玻璃,10003970,069001001001,016035,汽车零部件,481,55942170963.6,44666595203.6,22.3,1.042138649751,2508617532,2002986332,17.45505874,13.57659071,2.67776626,9.63214651,11.59084706,2.69779944,-0.65077994,2019-11-28 00:00:00
600660,600660.SH,福耀玻璃,10003970,069001001001,016035,汽车零部件,481,55365188931.24,44205908347.24,22.07,-1.385165326184,2508617532,2002986332,17.27502899,13.43656309,2.65014804,9.5328015,11.47130021,2.6699746,-0.64406786,2019-11-27 00:00:00
600660,600660.SH,福耀玻璃,10003970,069001001001,016035,汽车零部件,481,56142860366.16,44826834110.16,22.38,0.403768506057,2508617532,2002986332,17.51767779,13.62529596,2.6873726,9.66670129,11.63242858,2.70747764,-0.65311458,2019-11-26 00:00:00
600660,600660.SH,福耀玻璃,10003970,069001001001,016035,汽车零部件,481,55917084788.28,44646565340.28,22.29,2.577082374597,2508617532,2002986332,17.44723136,13.57050255,2.67656547,9.62782716,11.58564937,2.69658966,-0.65048811,2019-11-25 00:00:00
600660,600660.SH,福耀玻璃,10003970,069001001001,016035,汽车零部件,481,54512258970.36,43524892994.36,21.73,-0.183739090492,2508617532,2002986332,17.00889805,13.22956574,2.60932111,9.38594366,11.29457877,2.62884223,-0.63414565,2019-11-22 00:00:00
600660,600660.SH,福耀玻璃,10003970,069001001001,016035,汽车零部件,481,54612603671.64,43605012447.64,21.77,-0.183402109124,2508617532,2002986332,17.04020757,13.25391837,2.61412428,9.40322105,11.31536953,2.63368133,-0.63531297,2019-11-21 00:00:00
600660,600660.SH,福耀玻璃,10003970,069001001001,016035,汽车零部件,481,54712948372.92,43685131900.92,21.81,-0.41095890411,2508617532,2002986332,17.07151709,13.278271,2.61892745,9.42049844,11.33616029,2.63852044,-0.63648029,2019-11-20 00:00:00
600660,600660.SH,福耀玻璃,10003970,069001001001,016035,汽车零部件,481,54938723950.8,43865400670.8,21.9,0.550964187328,2508617532,2002986332,17.14196352,13.33306441,2.62973458,9.45937258,11.38293949,2.64940842,-0.63910676,2019-11-19 00:00:00
600660,600660.SH,福耀玻璃,10003970,069001001001,016035,汽车零部件,481,54637689846.96,43625042310.96,21.78,-1.537070524412,2508617532,2002986332,17.04803495,13.26000653,2.61532507,9.4075404,11.32056722,2.63489111,-0.6356048,2019-11-18 00:00:00
600660,600660.SH,福耀玻璃,10003970,069001001001,016035,汽车零部件,481,55490619807.84,44306057663.84,22.12,-0.718132854578,2508617532,2002986332,17.31416589,13.46700387,2.656152,9.55439824,11.49728865,2.67602348,-0.64552701,2019-11-15 00:00:00
600660,600660.SH,福耀玻璃,10003970,069001001001,016035,汽车零部件,481,55891998612.96,44626535476.96,22.28,-0.713012477718,2508617532,2002986332,17.43940398,13.56441439,2.67536468,9.62350781,11.58045168,2.69537989,-0.65019628,2019-11-14 00:00:00
600660,600660.SH,福耀玻璃,10003970,069001001001,016035,汽车零部件,481,56293377418.08,44947013290.08,22.44,0.808625336927,2508617532,2002986332,17.56464207,13.66182491,2.69457735,9.69261738,11.66361471,2.71473629,-0.65486555,2019-11-13 00:00:00
600660,600660.SH,福耀玻璃,10003970,069001001001,016035,汽车零部件,481,55841826262.32,44586475750.32,22.26,-1.066666666667,2508617532,2002986332,17.42374922,13.55223808,2.67296309,9.61486911,11.5700563,2.69296033,-0.64961262,2019-11-12 00:00:00
600660,600660.SH,福耀玻璃,10003970,069001001001,016035,汽车零部件,481,56443894470,45067192470,22.5,-0.968309859155,2508617532,2002986332,17.61160635,13.69835385,2.7017821,9.71853347,11.69480085,2.72199495,-0.65661653,2019-11-11 00:00:00
600660,600660.SH,福耀玻璃,10003970,069001001001,016035,汽车零部件,481,56995790327.04,45507849463.04,22.72,1.473872264404,2508617532,2002986332,17.78380873,13.83229331,2.72819953,9.81355913,11.80915001,2.74861001,-0.66303678,2019-11-08 00:00:00
600660,600660.SH,福耀玻璃,10003970,069001001001,016035,汽车零部件,481,56167946541.48,44846863973.48,22.39,1.266395296246,2508617532,2002986332,17.52550517,13.63138412,2.68857339,9.67102064,11.63762627,2.70868742,-0.65340641,2019-11-07 00:00:00
600660,600660.SH,福耀玻璃,10003970,069001001001,016035,汽车零部件,481,55465533632.52,44286027800.52,22.11,-1.514476614699,2508617532,2002986332,17.30633851,13.46091572,2.65495121,9.55007889,11.49209097,2.6748137,-0.64523518,2019-11-06 00:00:00
600660,600660.SH,福耀玻璃,10003970,069001001001,016035,汽车零部件,481,56318463593.4,44967043153.4,22.45,1.08059432688,2508617532,2002986332,17.57246945,13.66791306,2.69577814,9.69693673,11.6688124,2.71594607,-0.65515738,2019-11-05 00:00:00
600660,600660.SH,福耀玻璃,10003970,069001001001,016035,汽车零部件,481,55716395385.72,44486326433.72,22.21,3.062645011601,2508617532,2002986332,17.38461232,13.52179729,2.66695913,9.59327237,11.54406786,2.68691146,-0.64815347,2019-11-04 00:00:00
600660,600660.SH,福耀玻璃,10003970,069001001001,016035,汽车零部件,481,54060707814.6,43164355454.6,21.55,1.411764705882,2508617532,2002986332,16.8680052,13.11997891,2.58770686,9.30819539,11.20102037,2.60706627,-0.62889272,2019-11-01 00:00:00
600660,600660.SH,福耀玻璃,10003970,069001001001,016035,汽车零部件,481,53308122555,42563459555,21.25,-1.346332404828,2508617532,2002986332,16.63318378,12.93733419,2.5516831,9.17861495,11.04508969,2.57077301,-0.62013784,2019-10-31 00:00:00
600660,600660.SH,福耀玻璃,10003970,069001001001,016035,汽车零部件,481,54035621639.28,43144325591.28,21.54,-1.598903608954,2508617532,2002986332,14.38097028,13.11389075,2.58650606,9.30387604,10.39173082,2.64528133,-0.62860089,2019-10-30 00:00:00
600660,600660.SH,福耀玻璃,10003970,069001001001,016035,汽车零部件,481,54913637775.48,43845370807.48,21.89,0,2508617532,2002986332,14.61464436,13.32697626,2.62853379,9.45505323,10.56058439,2.68826409,-0.63881493,2019-10-29 00:00:00
600660,600660.SH,福耀玻璃,10003970,069001001001,016035,汽车零部件,481,54913637775.48,43845370807.48,21.89,0.366804218249,2508617532,2002986332,14.61464436,13.32697626,2.62853379,9.45505323,10.56058439,2.68826409,-0.63881493,2019-10-28 00:00:00
600660,600660.SH,福耀玻璃,10003970,069001001001,016035,汽车零部件,481,54712948372.92,43685131900.92,21.81,0.506912442396,2508617532,2002986332,14.56123314,13.278271,2.61892745,9.42049844,10.52198929,2.67843946,-0.63648029,2019-10-25 00:00:00
600660,600660.SH,福耀玻璃,10003970,069001001001,016035,汽车零部件,481,54437000444.4,43464803404.4,21.7,0.696055684455,2508617532,2002986332,14.48779272,13.21130127,2.60571874,9.37298561,10.46892102,2.66493059,-0.63327017,2019-10-24 00:00:00
600660,600660.SH,福耀玻璃,10003970,069001001001,016035,汽车零部件,481,54060707814.6,43164355454.6,21.55,-1.056014692378,2508617532,2002986332,14.38764668,13.11997891,2.58770686,9.30819539,10.39655521,2.64650941,-0.62889272,2019-10-23 00:00:00
600660,600660.SH,福耀玻璃,10003970,069001001001,016035,汽车零部件,481,54637689846.96,43625042310.96,21.78,1.067285382831,2508617532,2002986332,14.54120393,13.26000653,2.61532507,9.4075404,10.50751612,2.67475522,-0.6356048,2019-10-22 00:00:00
600660,600660.SH,福耀玻璃,10003970,069001001001,016035,汽车零部件,481,54060707814.6,43164355454.6,21.55,0.046425255339,2508617532,2002986332,14.38764668,13.11997891,2.58770686,9.30819539,10.39655521,2.64650941,-0.62889272,2019-10-21 00:00:00
600660,600660.SH,福耀玻璃,10003970,069001001001,016035,汽车零部件,481,54035621639.28,43144325591.28,21.54,-0.046403712297,2508617532,2002986332,14.38097028,13.11389075,2.58650606,9.30387604,10.39173082,2.64528133,-0.62860089,2019-10-18 00:00:00
600660,600660.SH,福耀玻璃,10003970,069001001001,016035,汽车零部件,481,54060707814.6,43164355454.6,21.55,-0.691244239631,2508617532,2002986332,14.38764668,13.11997891,2.58770686,9.30819539,10.39655521,2.64650941,-0.62889272,2019-10-17 00:00:00
600660,600660.SH,福耀玻璃,10003970,069001001001,016035,汽车零部件,481,54437000444.4,43464803404.4,21.7,-0.413033501606,2508617532,2002986332,14.48779272,13.21130127,2.60571874,9.37298561,10.46892102,2.66493059,-0.63327017,2019-10-16 00:00:00
600660,600660.SH,福耀玻璃,10003970,069001001001,016035,汽车零部件,481,54662776022.28,43645072174.28,21.79,-1.134301270417,2508617532,2002986332,14.54788034,13.26609468,2.61652587,9.41185975,10.51234051,2.6759833,-0.63589663,2019-10-15 00:00:00
600660,600660.SH,福耀玻璃,10003970,069001001001,016035,汽车零部件,481,55289930405.28,44145818757.28,22.04,0.869565217391,2508617532,2002986332,14.71479039,13.41829862,2.64654567,9.51984345,10.6329502,2.70668526,-0.64319237,2019-10-14 00:00:00
600660,600660.SH,福耀玻璃,10003970,069001001001,016035,汽车零部件,481,54813293074.2,43765251354.2,21.85,1.675197766403,2508617532,2002986332,14.58793875,13.30262363,2.62373062,9.43777584,10.54128684,2.68335177,-0.63764761,2019-10-11 00:00:00
600660,600660.SH,福耀玻璃,10003970,069001001001,016035,汽车零部件,481,53910190762.68,43044176274.68,21.49,0.514499532273,2508617532,2002986332,14.34758827,13.08344997,2.5805021,9.2822793,10.36760888,2.63914094,-0.62714174,2019-10-10 00:00:00
600660,600660.SH,福耀玻璃,10003970,069001001001,016035,汽车零部件,481,53634242834.16,42823847778.16,21.38,-1.110083256244,2508617532,2002986332,14.27414785,13.01648024,2.56729339,9.23476647,10.31454062,2.62563208,-0.62393162,2019-10-09 00:00:00
600660,600660.SH,福耀玻璃,10003970,069001001001,016035,汽车零部件,481,54236311041.84,43304564497.84,21.62,0.651769087523,2508617532,2002986332,14.4343815,13.16259601,2.5961124,9.33843083,10.43032592,2.65510596,-0.63093553,2019-10-08 00:00:00
600660,600660.SH,福耀玻璃,10003970,069001001001,016035,汽车零部件,481,53885104587.36,43024146411.36,21.48,-0.922509225092,2508617532,2002986332,14.34091187,13.07736181,2.57930131,9.27795995,10.3627845,2.63791286,-0.62684992,2019-09-30 00:00:00
600660,600660.SH,福耀玻璃,10003970,069001001001,016035,汽车零部件,481,54386828093.76,43424743677.76,21.68,-0.046104195482,2508617532,2002986332,14.47443991,13.19912495,2.73392703,9.36434692,10.45927225,2.66247443,-0.63268651,2019-09-27 00:00:00
600660,600660.SH,福耀玻璃,10003970,069001001001,016035,汽车零部件,481,54411914269.08,43444773541.08,21.69,-0.184077312471,2508617532,2002986332,14.48111631,13.20521311,2.73518806,9.36866627,10.46409663,2.66370251,-0.63297834,2019-09-26 00:00:00
600660,600660.SH,福耀玻璃,10003970,069001001001,016035,汽车零部件,481,54512258970.36,43524892994.36,21.73,-0.821542674578,2508617532,2002986332,14.50782192,13.22956574,2.74023221,9.38594366,10.48339418,2.66861483,-0.63414565,2019-09-25 00:00:00
600660,600660.SH,福耀玻璃,10003970,069001001001,016035,汽车零部件,481,54963810126.12,43885430534.12,21.91,-0.31847133758,2508617532,2002986332,14.62799716,13.33915257,2.76293086,9.46369193,10.57023316,2.69072024,-0.63939859,2019-09-24 00:00:00
600660,600660.SH,福耀玻璃,10003970,069001001001,016035,汽车零部件,481,55139413353.36,44025639577.36,21.98,-1.65548098434,2508617532,2002986332,14.67473198,13.38176967,2.77175812,9.49392736,10.60400387,2.69931679,-0.64144139,2019-09-23 00:00:00
600660,600660.SH,福耀玻璃,10003970,069001001001,016035,汽车零部件,481,56067601840.2,44766744520.2,22.35,-0.666666666667,2508617532,2002986332,14.92175886,13.60703149,2.81841647,9.65374325,10.78250621,2.7447557,-0.65223909,2019-09-20 00:00:00
600660,600660.SH,福耀玻璃,10003970,069001001001,016035,汽车零部件,481,56443894470,45067192470,22.5,-0.177462289264,2508617532,2002986332,15.02190489,13.69835385,2.83733201,9.71853347,10.85487203,2.76317688,-0.65661653,2019-09-19 00:00:00
600660,600660.SH,福耀玻璃,10003970,069001001001,016035,汽车零部件,481,56544239171.28,45147311923.28,22.54,0.22232103157,2508617532,2002986332,15.0486105,13.72270648,2.84237616,9.73581086,10.87416958,2.7680892,-0.65778385,2019-09-18 00:00:00
600660,600660.SH,福耀玻璃,10003970,069001001001,016035,汽车零部件,481,56418808294.68,45047162606.68,22.49,-2.217391304348,2508617532,2002986332,15.01522849,13.69226569,2.83607098,9.71421412,10.85004764,2.7619488,-0.6563247,2019-09-17 00:00:00
600660,600660.SH,福耀玻璃,10003970,069001001001,016035,汽车零部件,481,57698203236,46068685636,23,-0.475984422328,2508617532,2002986332,15.355725,14.00276171,2.90038384,9.93450088,11.09609141,2.82458081,-0.67120801,2019-09-16 00:00:00
600660,600660.SH,福耀玻璃,10003970,069001001001,016035,汽车零部件,481,57974151164.52,46289014132.52,23.11,2.665482007996,2508617532,2002986332,15.42916542,14.06973144,2.91425524,9.98201371,11.14915967,2.83808968,-0.67441814,2019-09-12 00:00:00
600660,600660.SH,福耀玻璃,10003970,069001001001,016035,汽车零部件,481,56468980645.32,45087222333.32,22.51,-1.444833625219,2508617532,2002986332,15.02858129,13.70444201,2.83859305,9.72285282,10.85969641,2.76440496,-0.65690836,2019-09-11 00:00:00
600660,600660.SH,福耀玻璃,10003970,069001001001,016035,汽车零部件,481,57296824430.88,45748207822.88,22.84,-0.695652173913,2508617532,2002986332,15.24890256,13.9053512,2.88020725,9.86539131,11.0189012,2.80493155,-0.66653874,2019-09-10 00:00:00
600660,600660.SH,福耀玻璃,10003970,069001001001,016035,汽车零部件,481,57698203236,46068685636,23,0.130605137135,2508617532,2002986332,15.355725,14.00276171,2.90038384,9.93450088,11.09609141,2.82458081,-0.67120801,2019-09-09 00:00:00
600660,600660.SH,福耀玻璃,10003970,069001001001,016035,汽车零部件,481,57622944710.04,46008596046.04,22.97,3.23595505618,2508617532,2002986332,15.33569579,13.98449724,2.89660073,9.92154284,11.08161824,2.82089658,-0.67033252,2019-09-06 00:00:00
600660,600660.SH,福耀玻璃,10003970,069001001001,016035,汽车零部件,481,55816740087,44566445887,22.25,0.406137184116,2508617532,2002986332,14.85499483,13.54614992,2.8058061,9.61054977,10.73426234,2.73247492,-0.64932079,2019-09-05 00:00:00
600660,600660.SH,福耀玻璃,10003970,069001001001,016035,汽车零部件,481,55590964509.12,44386177117.12,22.16,1.187214611872,2508617532,2002986332,14.79490722,13.4913565,2.79445678,9.57167563,10.69084285,2.72142221,-0.64669433,2019-09-04 00:00:00
600660,600660.SH,福耀玻璃,10003970,069001001001,016035,汽车零部件,481,54938723950.8,43865400670.8,21.9,-0.544959128065,2508617532,2002986332,14.62132076,13.33306441,2.76166983,9.45937258,10.56540877,2.68949216,-0.63910676,2019-09-03 00:00:00
600660,600660.SH,福耀玻璃,10003970,069001001001,016035,汽车零部件,481,55239758054.64,44105759030.64,22.02,0.410396716826,2508617532,2002986332,14.70143758,13.4061223,2.77680226,9.51120476,10.62330142,2.70422911,-0.64260871,2019-09-02 00:00:00
600660,600660.SH,福耀玻璃,10003970,069001001001,016035,汽车零部件,481,55013982476.76,43925490260.76,21.93,-0.903750564844,2508617532,2002986332,14.64134997,13.35132889,2.76545294,9.47233062,10.57988194,2.6931764,-0.63998225,2019-08-30 00:00:00
600660,600660.SH,福耀玻璃,10003970,069001001001,016035,汽车零部件,481,55515705983.16,44326087527.16,22.13,-2.596830985915,2508617532,2002986332,14.77487801,13.47309203,2.79067367,9.55871759,10.67636969,2.71773797,-0.64581884,2019-08-29 00:00:00
600660,600660.SH,福耀玻璃,10003970,069001001001,016035,汽车零部件,481,56995790327.04,45507849463.04,22.72,-0.786026200873,2508617532,2002986332,13.68802461,13.83229331,2.86507482,9.81355913,10.6224013,2.79245456,-0.66303678,2019-08-28 00:00:00
600660,600660.SH,福耀玻璃,10003970,069001001001,016035,汽车零部件,481,57447341482.8,45868387002.8,22.9,4.423164614683,2508617532,2002986332,13.79646846,13.94188014,2.88777347,9.8913074,10.70655765,2.81457788,-0.66828971,2019-08-27 00:00:00
600660,600660.SH,福耀玻璃,10003970,069001001001,016035,汽车零部件,481,55013982476.76,43925490260.76,21.93,1.386962552011,2508617532,2002986332,13.21207657,13.35132889,2.76545294,9.47233062,10.25304844,2.69535777,-0.63998225,2019-08-26 00:00:00
600660,600660.SH,福耀玻璃,10003970,069001001001,016035,汽车零部件,481,54261397217.16,43324594361.16,21.63,-1.006864988558,2508617532,2002986332,13.03133681,13.16868417,2.72762184,9.34275018,10.11278786,2.65848557,-0.63122736,2019-08-23 00:00:00
600660,600660.SH,福耀玻璃,10003970,069001001001,016035,汽车零部件,481,54813293074.2,43765251354.2,21.85,2.341920374707,2508617532,2002986332,13.1638793,13.30262363,2.75536465,9.43777584,10.21564562,2.68552518,-0.63764761,2019-08-22 00:00:00
600660,600660.SH,福耀玻璃,10003970,069001001001,016035,汽车零部件,481,53558984308.2,42763758188.2,21.35,-0.974025974026,2508617532,2002986332,12.86264636,12.99821577,2.69231282,9.22180843,9.98187798,2.62407151,-0.62305613,2019-08-21 00:00:00
600660,600660.SH,福耀玻璃,10003970,069001001001,016035,汽车零部件,481,54085793989.92,43184385317.92,21.56,0,2508617532,2002986332,12.9891642,13.12606707,2.71879459,9.31251474,10.08006039,2.64988205,-0.62918455,2019-08-20 00:00:00
600660,600660.SH,福耀玻璃,10003970,069001001001,016035,汽车零部件,481,54085793989.92,43184385317.92,21.56,2.035021296735,2508617532,2002986332,12.9891642,13.12606707,2.71879459,9.31251474,10.08006039,2.64988205,-0.62918455,2019-08-19 00:00:00
600660,600660.SH,福耀玻璃,10003970,069001001001,016035,汽车零部件,481,53007088451.16,42323101195.16,21.13,0.284765068818,2508617532,2002986332,12.73010387,12.86427631,2.66457002,9.12678277,9.87902022,2.5970319,-0.61663588,2019-08-16 00:00:00
600660,600660.SH,福耀玻璃,10003970,069001001001,016035,汽车零部件,481,52856571399.24,42202922015.24,21.07,-0.142180094787,2508617532,2002986332,12.69395592,12.82774736,2.6570038,9.10086668,9.85096811,2.58965746,-0.6148849,2019-08-15 00:00:00
600660,600660.SH,福耀玻璃,10003970,069001001001,016035,汽车零部件,481,52931829925.2,42263011605.2,21.1,0.428367444074,2508617532,2002986332,12.7120299,12.84601183,2.66078691,9.11382472,9.86499417,2.59334468,-0.61576039,2019-08-14 00:00:00
600660,600660.SH,福耀玻璃,10003970,069001001001,016035,汽车零部件,481,52706054347.32,42082742835.32,21.01,-1.268796992481,2508617532,2002986332,12.65780797,12.79121842,2.64943758,9.07495059,9.82291599,2.58228302,-0.61313393,2019-08-13 00:00:00
600660,600660.SH,福耀玻璃,10003970,069001001001,016035,汽车零部件,481,53383381080.96,42623549144.96,21.28,1.526717557252,2508617532,2002986332,12.82047375,12.95559866,2.68348557,9.19157299,9.94915051,2.615468,-0.62101332,2019-08-12 00:00:00
600660,600660.SH,福耀玻璃,10003970,069001001001,016035,汽车零部件,481,52580623470.72,41982593518.72,20.96,-1.457451810061,2508617532,2002986332,12.62768467,12.76077763,2.6431324,9.05335385,9.79953923,2.57613765,-0.61167478,2019-08-09 00:00:00
600660,600660.SH,福耀玻璃,10003970,069001001001,016035,汽车零部件,481,53358294905.64,42603519281.64,21.27,1.382268827455,2508617532,2002986332,12.81444909,12.94951051,2.68222453,9.18725364,9.94447516,2.61423893,-0.62072149,2019-08-08 00:00:00
600660,600660.SH,福耀玻璃,10003970,069001001001,016035,汽车零部件,481,52630795821.36,42022653245.36,20.98,-0.047641734159,2508617532,2002986332,12.63973399,12.77295395,2.64565447,9.06199254,9.80888993,2.5785958,-0.61225844,2019-08-07 00:00:00
600660,600660.SH,福耀玻璃,10003970,069001001001,016035,汽车零部件,481,52655881996.68,42042683108.68,20.99,-2.281191806331,2508617532,2002986332,12.64575865,12.7790421,2.64691551,9.06631189,9.81356529,2.57982487,-0.61255027,2019-08-06 00:00:00
600660,600660.SH,福耀玻璃,10003970,069001001001,016035,汽车零部件,481,53885104587.36,43024146411.36,21.48,-2.363636363636,2508617532,2002986332,12.94096693,13.07736181,2.7087063,9.27795995,10.04265757,2.64004947,-0.62684992,2019-08-05 00:00:00
600660,600660.SH,福耀玻璃,10003970,069001001001,016035,汽车零部件,481,55189585704,44065699304,22,-1.168014375562,2508617532,2002986332,13.25424918,13.39394599,2.77428019,9.50256606,10.28577591,2.70396128,-0.64202505,2019-08-02 00:00:00
600660,600660.SH,福耀玻璃,10003970,069001001001,016035,汽车零部件,481,55841826262.32,44586475750.32,22.26,-1.198402130493,2508617532,2002986332,13.41089031,13.55223808,2.80706714,9.61486911,10.40733508,2.73591719,-0.64961262,2019-08-01 00:00:00
600660,600660.SH,福耀玻璃,10003970,069001001001,016035,汽车零部件,481,56519152995.96,45127282059.96,22.53,-1.097453906936,2508617532,2002986332,13.57355609,13.71661832,2.84111512,9.73149152,10.5335696,2.76910216,-0.65749202,2019-07-31 00:00:00
600660,600660.SH,福耀玻璃,10003970,069001001001,016035,汽车零部件,481,57146307378.96,45628028642.96,22.78,0.841080123949,2508617532,2002986332,13.72417256,13.86882225,2.87264104,9.83947522,10.65045342,2.799829,-0.66478776,2019-07-30 00:00:00
600660,600660.SH,福耀玻璃,10003970,069001001001,016035,汽车零部件,481,56669670047.88,45247461239.88,22.59,-0.176756517897,2508617532,2002986332,13.60970404,13.75314727,2.84868134,9.75740761,10.56162172,2.7764766,-0.659243,2019-07-29 00:00:00
600660,600660.SH,福耀玻璃,10003970,069001001001,016035,汽车零部件,481,56770014749.16,45327580693.16,22.63,-0.483729111697,2508617532,2002986332,13.63380268,13.7774999,2.85372549,9.774685,10.58032313,2.7813929,-0.66041032,2019-07-26 00:00:00
600660,600660.SH,福耀玻璃,10003970,069001001001,016035,汽车零部件,481,57045962677.68,45547909189.68,22.74,0.397350993377,2508617532,2002986332,13.70007393,13.84446963,2.86759689,9.82219783,10.63175201,2.7949127,-0.66362044,2019-07-25 00:00:00
600660,600660.SH,福耀玻璃,10003970,069001001001,016035,汽车零部件,481,56820187099.8,45367640419.8,22.65,0.577264653641,2508617532,2002986332,13.645852,13.78967621,2.85624756,9.78332369,10.58967383,2.78385104,-0.66099397,2019-07-24 00:00:00
600660,600660.SH,福耀玻璃,10003970,069001001001,016035,汽车零部件,481,56494066820.64,45107252196.64,22.52,1.992753623188,2508617532,2002986332,13.56753143,13.71053017,2.83985409,9.72717217,10.52889425,2.76787309,-0.65720019,2019-07-23 00:00:00
600660,600660.SH,福耀玻璃,10003970,069001001001,016035,汽车零部件,481,55390275106.56,44225938210.56,22.08,-0.76404494382,2508617532,2002986332,13.30244645,13.44265125,2.78436848,9.53712085,10.32317873,2.71379387,-0.64435969,2019-07-22 00:00:00
600660,600660.SH,福耀玻璃,10003970,069001001001,016035,汽车零部件,481,55816740087,44566445887,22.25,0.678733031674,2508617532,2002986332,13.40486565,13.54614992,2.8058061,9.61054977,10.40265972,2.73468811,-0.64932079,2019-07-19 00:00:00
600660,600660.SH,福耀玻璃,10003970,069001001001,016035,汽车零部件,481,55440447457.2,44265997937.2,22.1,-1.383311021865,2508617532,2002986332,13.31449577,13.45482756,2.78689056,9.54575954,10.33252943,2.71625201,-0.64494335,2019-07-18 00:00:00
600660,600660.SH,福耀玻璃,10003970,069001001001,016035,汽车零部件,481,56218118892.12,44886923700.12,22.41,0.089325591782,2508617532,2002986332,13.50126019,13.64356044,2.82598269,9.67965934,10.47746537,2.75435328,-0.65399007,2019-07-17 00:00:00
600660,600660.SH,福耀玻璃,10003970,069001001001,016035,汽车零部件,481,56167946541.48,44846863973.48,22.39,-1.452464788732,2508617532,2002986332,13.48921087,13.63138412,2.82346061,9.67102064,10.46811466,2.75189514,-0.65340641,2019-07-16 00:00:00
600660,600660.SH,福耀玻璃,10003970,069001001001,016035,汽车零部件,481,56995790327.04,45507849463.04,22.72,-0.568927789934,2508617532,2002986332,13.68802461,13.83229331,2.86507482,9.81355913,10.6224013,2.79245456,-0.66303678,2019-07-15 00:00:00
600660,600660.SH,福耀玻璃,10003970,069001001001,016035,汽车零部件,481,57321910606.2,45768237686.2,22.85,0,2508617532,2002986332,13.76634517,13.91143936,2.88146829,9.86971066,10.68318089,2.80843251,-0.66683057,2019-07-12 00:00:00
600660,600660.SH,福耀玻璃,10003970,069001001001,016035,汽车零部件,481,57321910606.2,45768237686.2,22.85,0.351339481774,2508617532,2002986332,13.76634517,13.91143936,2.88146829,9.86971066,10.68318089,2.80843251,-0.66683057,2019-07-11 00:00:00
600660,600660.SH,福耀玻璃,10003970,069001001001,016035,汽车零部件,481,57121221203.64,45607998779.64,22.77,-0.56768558952,2508617532,2002986332,13.7181479,13.8627341,2.87138,9.83515587,10.64577806,2.79859992,-0.66449593,2019-07-10 00:00:00
600660,600660.SH,福耀玻璃,10003970,069001001001,016035,汽车零部件,481,57447341482.8,45868387002.8,22.9,-0.434782608696,2508617532,2002986332,13.79646846,13.94188014,2.88777347,9.8913074,10.70655765,2.81457788,-0.66828971,2019-07-09 00:00:00
600660,600660.SH,福耀玻璃,10003970,069001001001,016035,汽车零部件,481,57698203236,46068685636,23,-2.002556455049,2508617532,2002986332,13.85671505,14.00276171,2.90038384,9.93450088,10.75331118,2.82686861,-0.67120801,2019-07-08 00:00:00
600660,600660.SH,福耀玻璃,10003970,069001001001,016035,汽车零部件,481,58877253476.04,47010089212.04,23.47,1.382289416847,2508617532,2002986332,14.13987401,14.28890511,2.95965255,10.13751025,10.97305275,2.88463506,-0.684924,2019-07-05 00:00:00
600660,600660.SH,福耀玻璃,10003970,069001001001,016035,汽车零部件,481,58074495865.8,46369133585.8,23.15,-0.98374679213,2508617532,2002986332,13.94708493,14.09408407,2.91929938,9.9992911,10.82344147,2.84530471,-0.67558545,2019-07-04 00:00:00
600660,600660.SH,福耀玻璃,10003970,069001001001,016035,汽车零部件,481,58651477898.16,46829820442.16,23.38,-1.057977147694,2508617532,2002986332,14.08565208,14.23411169,2.94830322,10.09863611,10.93097458,2.8735734,-0.68229753,2019-07-03 00:00:00
600660,600660.SH,福耀玻璃,10003970,069001001001,016035,汽车零部件,481,59278632281.16,47330567025.16,23.63,2.516268980477,2508617532,2002986332,14.23626855,14.38631562,2.97982913,10.20661982,11.0478584,2.90430023,-0.68959327,2019-07-02 00:00:00
600660,600660.SH,福耀玻璃,10003970,069001001001,016035,汽车零部件,481,57823634112.6,46168834952.6,23.05,1.407831060273,2508617532,2002986332,13.88683835,14.0332025,2.90668902,9.95609762,10.77668794,2.83301398,-0.67266716,2019-07-01 00:00:00
600660,600660.SH,福耀玻璃,10003970,069001001001,016035,汽车零部件,481,57020876502.36,45527879326.36,22.73,2.295229522952,2508617532,2002986332,13.69404927,13.83838147,2.75176687,9.81787848,10.62707665,2.79368363,-0.66332861,2019-06-28 00:00:00
600660,600660.SH,福耀玻璃,10003970,069001001001,016035,汽车零部件,481,55741481561.04,44506356297.04,22.22,1.091901728844,2508617532,2002986332,13.38679167,13.52788545,2.69002463,9.59759172,10.38863367,2.73100089,-0.6484453,2019-06-27 00:00:00
600660,600660.SH,福耀玻璃,10003970,069001001001,016035,汽车零部件,481,55139413353.36,44025639577.36,21.98,1.477377654663,2508617532,2002986332,13.24219986,13.38176967,2.66096946,9.49392736,10.2764252,2.70150313,-0.64144139,2019-06-26 00:00:00
600660,600660.SH,福耀玻璃,10003970,069001001001,016035,汽车零部件,481,54336655743.12,43384683951.12,21.66,-1.545454545455,2508617532,2002986332,13.04941078,13.18694864,2.62222923,9.35570822,10.12681392,2.66217279,-0.63210285,2019-06-25 00:00:00
600660,600660.SH,福耀玻璃,10003970,069001001001,016035,汽车零部件,481,55189585704,44065699304,22,-0.136177939174,2508617532,2002986332,13.25424918,13.39394599,2.66339072,9.50256606,10.28577591,2.70396128,-0.64202505,2019-06-24 00:00:00
600660,600660.SH,福耀玻璃,10003970,069001001001,016035,汽车零部件,481,55264844229.96,44125788893.96,22.03,0.593607305936,2508617532,2002986332,13.27232316,13.41221046,2.66702262,9.51552411,10.29980197,2.7076485,-0.64290054,2019-06-21 00:00:00
600660,600660.SH,福耀玻璃,10003970,069001001001,016035,汽车零部件,481,54938723950.8,43865400670.8,21.9,1.341971309579,2508617532,2002986332,13.19400259,13.33306441,2.6512844,9.45937258,10.23902238,2.69167055,-0.63910676,2019-06-20 00:00:00
600660,600660.SH,福耀玻璃,10003970,069001001001,016035,汽车零部件,481,54211224866.52,43284534634.52,21.61,0.652072659525,2508617532,2002986332,13.01928749,13.15650785,2.61617607,9.33411148,10.10343715,2.65602742,-0.6306437,2019-06-19 00:00:00
600660,600660.SH,福耀玻璃,10003970,069001001001,016035,汽车零部件,481,53860018412.04,43004116548.04,21.47,0,2508617532,2002986332,12.93494227,13.07127365,2.59922722,9.27364061,10.03798222,2.63882039,-0.62655809,2019-06-18 00:00:00
600660,600660.SH,福耀玻璃,10003970,069001001001,016035,汽车零部件,481,53860018412.04,43004116548.04,21.47,-0.601851851852,2508617532,2002986332,12.93494227,13.07127365,2.59922722,9.27364061,10.03798222,2.63882039,-0.62655809,2019-06-17 00:00:00
600660,600660.SH,福耀玻璃,10003970,069001001001,016035,汽车零部件,481,54186138691.2,43264504771.2,21.6,-0.138696255201,2508617532,2002986332,13.01326283,13.1504197,2.61496544,9.32979213,10.0987618,2.65479835,-0.63035187,2019-06-14 00:00:00
600660,600660.SH,福耀玻璃,10003970,069001001001,016035,汽车零部件,481,54261397217.16,43324594361.16,21.63,-1.367989056088,2508617532,2002986332,13.03133681,13.16868417,2.61859733,9.34275018,10.11278786,2.65848557,-0.63122736,2019-06-13 00:00:00
600660,600660.SH,福耀玻璃,10003970,069001001001,016035,汽车零部件,481,55013982476.76,43925490260.76,21.93,-1.923076923077,2508617532,2002986332,13.21207657,13.35132889,2.6549163,9.47233062,10.25304844,2.69535777,-0.63998225,2019-06-12 00:00:00
600660,600660.SH,福耀玻璃,10003970,069001001001,016035,汽车零部件,481,56092688015.52,44786774383.52,22.36,2.240512117055,2508617532,2002986332,13.47113689,13.61311965,2.70697348,9.6580626,10.4540886,2.74820792,-0.65253092,2019-06-11 00:00:00
600660,600660.SH,福耀玻璃,10003970,069001001001,016035,汽车零部件,481,54863465424.84,43805311080.84,21.87,1.958041958042,2508617532,2002986332,13.17592862,13.31479994,2.64765251,9.44641453,10.22499632,2.68798333,-0.63823127,2019-06-10 00:00:00
600660,600660.SH,福耀玻璃,10003970,069001001001,016035,汽车零部件,481,53809846061.4,42964056821.4,21.45,0.941176470588,2508617532,2002986332,12.92289295,13.05909734,2.59680596,9.26500191,10.02863151,2.63636225,-0.62597443,2019-06-06 00:00:00
600660,600660.SH,福耀玻璃,10003970,069001001001,016035,汽车零部件,481,53308122555,42563459555,21.25,-0.094029149036,2508617532,2002986332,12.80239978,12.93733419,2.57259331,9.17861495,9.93512446,2.61178078,-0.62013784,2019-06-05 00:00:00
600660,600660.SH,福耀玻璃,10003970,069001001001,016035,汽车零部件,481,53358294905.64,42603519281.64,21.27,-1.299303944316,2508617532,2002986332,12.81444909,12.94951051,2.57501458,9.18725364,9.94447516,2.61423893,-0.62072149,2019-06-04 00:00:00
600660,600660.SH,福耀玻璃,10003970,069001001001,016035,汽车零部件,481,54060707814.6,43164355454.6,21.55,-1.282638570774,2508617532,2002986332,12.98313954,13.11997891,2.60891228,9.30819539,10.07538504,2.64865298,-0.62889272,2019-06-03 00:00:00
600660,600660.SH,福耀玻璃,10003970,069001001001,016035,汽车零部件,481,54763120723.56,43725191627.56,21.83,0,2508617532,2002986332,13.15182998,13.29044731,2.64280998,9.42913714,10.20629491,2.68306703,-0.63706395,2019-05-31 00:00:00
600660,600660.SH,福耀玻璃,10003970,069001001001,016035,汽车零部件,481,54763120723.56,43725191627.56,21.83,0,2508617532,2002986332,13.15182998,13.29044731,2.64280998,9.42913714,10.20629491,2.68306703,-0.63706395,2019-05-30 00:00:00
600660,600660.SH,福耀玻璃,10003970,069001001001,016035,汽车零部件,481,54763120723.56,43725191627.56,21.83,-1.31103074141,2508617532,2002986332,13.15182998,13.29044731,2.64280998,9.42913714,10.20629491,2.68306703,-0.63706395,2019-05-29 00:00:00
600660,600660.SH,福耀玻璃,10003970,069001001001,016035,汽车零部件,481,57372082956.84,45808297412.84,22.87,1.194690265487,2508617532,2002986332,13.77839449,13.92361567,2.76871572,9.87834936,10.69253159,2.81089066,-0.66741423,2019-05-28 00:00:00
600660,600660.SH,福耀玻璃,10003970,069001001001,016035,汽车零部件,481,56694756223.2,45267491103.2,22.6,0.489106269453,2508617532,2002986332,13.6157287,13.75923542,2.73602865,9.76172695,10.56629707,2.77770568,-0.65953483,2019-05-27 00:00:00
600660,600660.SH,福耀玻璃,10003970,069001001001,016035,汽车零部件,481,56418808294.68,45047162606.68,22.49,0.671441360788,2508617532,2002986332,13.54945746,13.69226569,2.7227117,9.71421412,10.51486819,2.76418587,-0.6563247,2019-05-24 00:00:00
600660,600660.SH,福耀玻璃,10003970,069001001001,016035,汽车零部件,481,56042515664.88,44746714656.88,22.34,-2.274715660542,2508617532,2002986332,13.45908758,13.60094333,2.70455222,9.6494239,10.4447379,2.74574977,-0.65194726,2019-05-23 00:00:00
600660,600660.SH,福耀玻璃,10003970,069001001001,016035,汽车零部件,481,57346996781.52,45788267549.52,22.86,-0.651890482399,2508617532,2002986332,13.77236983,13.91752751,2.76750509,9.87403001,10.68785624,2.80966158,-0.6671224,2019-05-22 00:00:00
600660,600660.SH,福耀玻璃,10003970,069001001001,016035,汽车零部件,481,57723289411.32,46088715499.32,23.01,1.187335092348,2508617532,2002986332,13.86273971,14.00884987,2.78566457,9.93882023,10.75798653,2.82809768,-0.67149984,2019-05-21 00:00:00
600660,600660.SH,福耀玻璃,10003970,069001001001,016035,汽车零部件,481,57045962677.68,45547909189.68,22.74,-2.193548387097,2508617532,2002986332,13.70007393,13.84446963,2.7529775,9.82219783,10.63175201,2.7949127,-0.66362044,2019-05-20 00:00:00
600660,600660.SH,福耀玻璃,10003970,069001001001,016035,汽车零部件,481,58325357619,46569432219,23.25,-2.022756005057,2508617532,2002986332,14.00733152,14.15496565,2.81471974,10.04248459,10.87019499,2.85759544,-0.67850375,2019-05-17 00:00:00
600660,600660.SH,福耀玻璃,10003970,069001001001,016035,汽车零部件,481,59529494034.36,47530865658.36,23.73,1.410256410256,2508617532,2002986332,14.29651514,14.44719719,2.87283008,10.2498133,11.09461192,2.91659096,-0.69251157,2019-05-16 00:00:00
600660,600660.SH,福耀玻璃,10003970,069001001001,016035,汽车零部件,481,58701650248.8,46869880168.8,23.4,1.694915254237,2508617532,2002986332,14.0977014,14.246288,2.83287922,10.10727481,10.94032528,2.87603154,-0.68288119,2019-05-15 00:00:00
600660,600660.SH,福耀玻璃,10003970,069001001001,016035,汽车零部件,481,57723289411.32,46088715499.32,23.01,-0.690548122572,2508617532,2002986332,13.86273971,14.00884987,2.78566457,9.93882023,10.75798653,2.82809768,-0.67149984,2019-05-14 00:00:00
600660,600660.SH,福耀玻璃,10003970,069001001001,016035,汽车零部件,481,58124668216.44,46409193312.44,23.17,-1.571792693288,2508617532,2002986332,13.95913425,14.10626039,2.80503468,10.0079298,10.83279217,2.84776286,-0.67616911,2019-05-13 00:00:00
600660,600660.SH,福耀玻璃,10003970,069001001001,016035,汽车零部件,481,59052856703.28,47150298255.28,23.54,3.019693654267,2508617532,2002986332,14.18204662,14.33152221,2.84982807,10.16774569,11.00578022,2.89323857,-0.68696681,2019-05-10 00:00:00
600660,600660.SH,福耀玻璃,10003970,069001001001,016035,汽车零部件,481,57321910606.2,45768237686.2,22.85,-1.931330472103,2508617532,2002986332,13.76634517,13.91143936,2.76629446,9.86971066,10.68318089,2.80843251,-0.66683057,2019-05-09 00:00:00
600660,600660.SH,福耀玻璃,10003970,069001001001,016035,汽车零部件,481,58450788495.6,46669581535.6,23.3,-1.68776371308,2508617532,2002986332,14.03745481,14.18540643,2.8207729,10.06408133,10.89357176,2.86374081,-0.6799629,2019-05-08 00:00:00
600660,600660.SH,福耀玻璃,10003970,069001001001,016035,汽车零部件,481,59454235508.4,47470776068.4,23.7,-0.587248322148,2508617532,2002986332,14.27844116,14.42893272,2.86919819,10.23685526,11.08058586,2.91290374,-0.69163608,2019-05-07 00:00:00
600660,600660.SH,福耀玻璃,10003970,069001001001,016035,汽车零部件,481,59805441962.88,47751194154.88,23.84,-5.095541401274,2508617532,2002986332,14.36278638,14.51416692,2.88614704,10.29732613,11.1460408,2.93011077,-0.69572169,2019-05-06 00:00:00
600660,600660.SH,福耀玻璃,10003970,069001001001,016035,汽车零部件,481,63016472403.84,50315016659.84,25.12,0.0796812749,2508617532,2002986332,15.1339427,15.29345105,3.04110795,10.8502027,11.74448595,3.08743215,-0.73307588,2019-04-30 00:00:00
600660,600660.SH,福耀玻璃,10003970,069001001001,016035,汽车零部件,481,62966300053.2,50274956933.2,25.1,-0.947119179163,2508617532,2002986332,15.12189338,15.28127474,3.03868669,10.84156401,11.73513524,3.084974,-0.73249222,2019-04-29 00:00:00
600660,600660.SH,福耀玻璃,10003970,069001001001,016035,汽车零部件,481,63568368260.88,50755673652.88,25.34,-2.162162162162,2508617532,2002986332,15.42739051,15.42739051,3.06774186,10.94522836,10.94522836,3.14306122,-0.73949613,2019-04-26 00:00:00
600660,600660.SH,福耀玻璃,10003970,069001001001,016035,汽车零部件,481,64973194078.8,51877345998.8,25.9,-2.448210922787,2508617532,2002986332,15.76832732,15.76832732,3.13553726,11.18711186,11.18711186,3.21252113,-0.75583858,2019-04-25 00:00:00
600660,600660.SH,福耀玻璃,10003970,069001001001,016035,汽车零部件,481,66603795474.6,53179287114.6,26.55,0.873860182371,2508617532,2002986332,16.16405754,16.16405754,3.21422835,11.4678695,11.4678695,3.29314425,-0.77480751,2019-04-24 00:00:00
600660,600660.SH,福耀玻璃,10003970,069001001001,016035,汽车零部件,481,66026813442.24,52718600258.24,26.32,-0.491493383743,2508617532,2002986332,16.02402993,16.02402993,3.18638381,11.36852449,11.36852449,3.26461607,-0.76809543,2019-04-23 00:00:00
600660,600660.SH,福耀玻璃,10003970,069001001001,016035,汽车零部件,481,66352933721.4,52978988481.4,26.45,-2.757352941176,2508617532,2002986332,16.10317597,16.10317597,3.20212203,11.42467601,11.42467601,3.2807407,-0.77188921,2019-04-22 00:00:00
600660,600660.SH,福耀玻璃,10003970,069001001001,016035,汽车零部件,481,68234396870.4,54481228230.4,27.2,0.890207715134,2508617532,2002986332,16.55978777,16.55978777,3.29291944,11.74862713,11.74862713,3.37376737,-0.79377643,2019-04-19 00:00:00
600660,600660.SH,福耀玻璃,10003970,069001001001,016035,汽车零部件,481,67632328662.72,54000511510.72,26.96,-0.111152278622,2508617532,2002986332,16.41367199,16.41367199,3.26386427,11.64496277,11.64496277,3.34399883,-0.78677252,2019-04-18 00:00:00
600660,600660.SH,福耀玻璃,10003970,069001001001,016035,汽车零部件,481,67707587188.68,54060601100.68,26.99,2.041587901701,2508617532,2002986332,16.43193646,16.43193646,3.26749616,11.65792082,11.65792082,3.3477199,-0.78764801,2019-04-17 00:00:00
600660,600660.SH,福耀玻璃,10003970,069001001001,016035,汽车零部件,481,66352933721.4,52978988481.4,26.45,1.535508637236,2508617532,2002986332,16.10317597,16.10317597,3.20212203,11.42467601,11.42467601,3.2807407,-0.77188921,2019-04-16 00:00:00
600660,600660.SH,福耀玻璃,10003970,069001001001,016035,汽车零部件,481,65349486708.6,52177793948.6,26.05,-1.025835866261,2508617532,2002986332,15.85964968,15.85964968,3.15369674,11.25190209,11.25190209,3.23112647,-0.76021603,2019-04-15 00:00:00
600660,600660.SH,福耀玻璃,10003970,069001001001,016035,汽车零部件,481,66026813442.24,52718600258.24,26.32,0,2508617532,2002986332,16.02402993,16.02402993,3.18638381,11.36852449,11.36852449,3.26461607,-0.76809543,2019-04-12 00:00:00
600660,600660.SH,福耀玻璃,10003970,069001001001,016035,汽车零部件,481,66026813442.24,52718600258.24,26.32,-2.518518518519,2508617532,2002986332,16.02402993,16.02402993,3.18638381,11.36852449,11.36852449,3.26461607,-0.76809543,2019-04-11 00:00:00
600660,600660.SH,福耀玻璃,10003970,069001001001,016035,汽车零部件,481,67732673364,54080630964,27,6.048703849175,2508617532,2002986332,16.43802462,16.43802462,3.2687068,11.66224017,11.66224017,3.34896026,-0.78793984,2019-04-10 00:00:00
600660,600660.SH,福耀玻璃,10003970,069001001001,016035,汽车零部件,481,63869402364.72,50996032012.72,25.46,2.331189710611,2508617532,2002986332,15.5004484,15.5004484,3.08226945,10.99706054,10.99706054,3.15794549,-0.74299808,2019-04-09 00:00:00
600660,600660.SH,福耀玻璃,10003970,069001001001,016035,汽车零部件,481,62414404196.16,49834299940.16,24.88,-0.83698684735,2508617532,2002986332,15.14733528,15.14733528,3.01205278,10.74653835,10.74653835,3.08600486,-0.72607197,2019-04-08 00:00:00
600660,600660.SH,福耀玻璃,10003970,069001001001,016035,汽车零部件,481,62941213877.88,50254927069.88,25.09,0.079776625449,2508617532,2002986332,15.27518658,15.27518658,3.03747606,10.83724466,10.83724466,3.11205233,-0.73220039,2019-04-04 00:00:00
600660,600660.SH,福耀玻璃,10003970,069001001001,016035,汽车零部件,481,62891041527.24,50214867343.24,25.07,1.786439301665,2508617532,2002986332,15.26301027,15.26301027,3.03505479,10.82860596,10.82860596,3.10957162,-0.73161673,2019-04-03 00:00:00
600660,600660.SH,福耀玻璃,10003970,069001001001,016035,汽车零部件,481,61787249813.16,49333553357.16,24.63,-0.484848484848,2508617532,2002986332,14.99513135,14.99513135,2.98178698,10.63855464,10.63855464,3.05499597,-0.71877623,2019-04-02 00:00:00
600660,600660.SH,福耀玻璃,10003970,069001001001,016035,汽车零部件,481,62088283917,49573911717,24.75,1.726263871763,2508617532,2002986332,15.06818924,15.06818924,2.99631456,10.69038682,10.69038682,3.06988024,-0.72227818,2019-04-01 00:00:00
600660,600660.SH,福耀玻璃,10003970,069001001001,016035,汽车零部件,481,61034664553.56,48732657457.56,24.33,1.544240400668,2508617532,2002986332,14.81248663,14.81248663,3.02287891,10.50897419,10.50897419,3.0177853,-0.71002134,2019-03-29 00:00:00
600660,600660.SH,福耀玻璃,10003970,069001001001,016035,汽车零部件,481,60106476066.72,47991552514.72,23.96,-0.99173553719,2508617532,2002986332,14.58722481,14.58722481,2.97690829,10.34915831,10.34915831,2.97189214,-0.69922365,2019-03-28 00:00:00
600660,600660.SH,福耀玻璃,10003970,069001001001,016035,汽车零部件,481,60708544274.4,48472269234.4,24.2,0.7493755204,2508617532,2002986332,14.73334059,14.73334059,3.00672707,10.45282267,10.45282267,3.00166067,-0.70622756,2019-03-27 00:00:00
600660,600660.SH,福耀玻璃,10003970,069001001001,016035,汽车零部件,481,60256993118.64,48111731694.64,24.02,0.292275574113,2508617532,2002986332,14.62375376,14.62375376,2.98436299,10.3750744,10.3750744,2.97933427,-0.70097463,2019-03-26 00:00:00
600660,600660.SH,福耀玻璃,10003970,069001001001,016035,汽车零部件,481,60081389891.4,47971522651.4,23.95,-1.155592241024,2508617532,2002986332,14.58113665,14.58113665,2.97566584,10.34483896,10.34483896,2.97065178,-0.69893182,2019-03-25 00:00:00
600660,600660.SH,福耀玻璃,10003970,069001001001,016035,汽车零部件,481,60783802800.36,48532358824.36,24.23,-0.492813141684,2508617532,2002986332,14.75160506,14.75160506,3.01045442,10.46578071,10.46578071,3.00538174,-0.70710305,2019-03-22 00:00:00
600660,600660.SH,福耀玻璃,10003970,069001001001,016035,汽车零部件,481,61084836904.2,48772717184.2,24.35,-0.612244897959,2508617532,2002986332,14.82466295,14.82466295,3.02536381,10.51761289,10.51761289,3.02026601,-0.710605,2019-03-21 00:00:00
600660,600660.SH,福耀玻璃,10003970,069001001001,016035,汽车零部件,481,61461129534,49073165134,24.5,-1.129943502825,2508617532,2002986332,14.9159853,14.9159853,3.04400055,10.58240311,10.58240311,3.03887134,-0.71498245,2019-03-20 00:00:00
600660,600660.SH,福耀玻璃,10003970,069001001001,016035,汽车零部件,481,62163542442.96,49634001306.96,24.78,1.349693251534,2508617532,2002986332,15.08645371,15.08645371,3.07878913,10.70334486,10.70334486,3.0736013,-0.72315367,2019-03-19 00:00:00
600660,600660.SH,福耀玻璃,10003970,069001001001,016035,汽车零部件,481,61335698657.4,48973015817.4,24.45,0.824742268041,2508617532,2002986332,14.88554452,14.88554452,3.0377883,10.56080637,10.56080637,3.03266957,-0.7135233,2019-03-18 00:00:00
600660,600660.SH,福耀玻璃,10003970,069001001001,016035,汽车零部件,481,60833975151,48572418551,24.25,0.123864574732,2508617532,2002986332,14.25587692,14.76378137,3.01293932,10.47441941,9.91549878,2.97606478,-0.70768671,2019-03-15 00:00:00
600660,600660.SH,福耀玻璃,10003970,069001001001,016035,汽车零部件,481,60758716625.04,48512328961.04,24.22,0.874635568513,2508617532,2002986332,14.23824079,14.7455169,3.00921197,10.46146136,9.90323218,2.97238305,-0.70681122,2019-03-14 00:00:00
600660,600660.SH,福耀玻璃,10003970,069001001001,016035,汽车零部件,481,60231906943.32,48091701831.32,24.01,-0.867052023121,2508617532,2002986332,14.11478783,14.6176656,2.98312054,10.37075505,9.81736601,2.94661094,-0.7006828,2019-03-13 00:00:00
600660,600660.SH,福耀玻璃,10003970,069001001001,016035,汽车零部件,481,60758716625.04,48512328961.04,24.22,0.248344370861,2508617532,2002986332,14.23824079,14.7455169,3.00921197,10.46146136,9.90323218,2.97238305,-0.70681122,2019-03-12 00:00:00
600660,600660.SH,福耀玻璃,10003970,069001001001,016035,汽车零部件,481,60608199573.12,48392149781.12,24.16,1.257334450964,2508617532,2002986332,14.20296851,14.70898796,3.00175728,10.43554527,9.87869899,2.96501959,-0.70506024,2019-03-11 00:00:00
600660,600660.SH,福耀玻璃,10003970,069001001001,016035,汽车零部件,481,59855614313.52,47791253881.52,23.86,-3.439902873331,2508617532,2002986332,14.02660715,14.52634324,2.9644838,10.30596483,9.75603303,2.92820229,-0.69630535,2019-03-08 00:00:00
600660,600660.SH,福耀玻璃,10003970,069001001001,016035,汽车零部件,481,61987939215.72,49493792263.72,24.71,-1.749502982107,2508617532,2002986332,14.52629768,15.04383661,3.07009198,10.67310943,10.10358659,3.03251796,-0.72111087,2019-03-07 00:00:00
600660,600660.SH,福耀玻璃,10003970,069001001001,016035,汽车零部件,481,63091730929.8,50375106249.8,25.15,1.044596223383,2508617532,2002986332,14.78496102,15.31171553,3.12475975,10.86316075,10.28349667,3.08651666,-0.73395137,2019-03-06 00:00:00
600660,600660.SH,福耀玻璃,10003970,069001001001,016035,汽车零部件,481,62439490371.48,49854329803.48,24.89,-0.519584332534,2508617532,2002986332,14.6321145,15.15342344,3.09245607,10.75085769,10.17718617,3.05460834,-0.7263638,2019-03-05 00:00:00
600660,600660.SH,福耀玻璃,10003970,069001001001,016035,汽车零部件,481,62765610650.64,50114718026.64,25.02,1.009285425918,2508617532,2002986332,14.70853776,15.23256948,3.10860791,10.80700922,10.23034142,3.0705625,-0.73015758,2019-03-04 00:00:00
600660,600660.SH,福耀玻璃,10003970,069001001001,016035,汽车零部件,481,62138456267.64,49613971443.64,24.77,2.144329896907,2508617532,2002986332,14.56156995,15.08036555,3.07754668,10.69902551,10.12811979,3.03988142,-0.72286184,2019-03-01 00:00:00
600660,600660.SH,福耀玻璃,10003970,069001001001,016035,汽车零部件,481,60833975151,48572418551,24.25,-0.246812011518,2508617532,2002986332,14.25587692,14.76378137,3.01293932,10.47441941,9.91549878,2.97606478,-0.70768671,2019-02-28 00:00:00
600660,600660.SH,福耀玻璃,10003970,069001001001,016035,汽车零部件,481,60984492202.92,48692597730.92,24.31,-1.817447495961,2508617532,2002986332,14.2911492,14.80031032,3.02039401,10.5003355,9.94003197,2.98342824,-0.70943768,2019-02-27 00:00:00
600660,600660.SH,福耀玻璃,10003970,069001001001,016035,汽车零部件,481,62113370092.32,49593941580.32,24.76,-0.920368147259,2508617532,2002986332,14.55569124,15.07427739,3.07630423,10.69470617,10.12403092,3.03865418,-0.72257001,2019-02-26 00:00:00
600660,600660.SH,福耀玻璃,10003970,069001001001,016035,汽车零部件,481,62690352124.68,50054628436.68,24.99,2.586206896552,2508617532,2002986332,14.69090162,15.21430501,3.10488056,10.79405118,10.21807483,3.06688077,-0.72928209,2019-02-25 00:00:00
600660,600660.SH,福耀玻璃,10003970,069001001001,016035,汽车零部件,481,61109923079.52,48792747047.52,24.36,-0.611995104039,2508617532,2002986332,14.32054276,14.8307511,3.02660626,10.52193224,9.9604763,2.98956445,-0.71089683,2019-02-22 00:00:00
600660,600660.SH,福耀玻璃,10003970,069001001001,016035,汽车零部件,481,61486215709.32,49093194997.32,24.51,0.36855036855,2508617532,2002986332,14.40872344,14.92207346,3.045243,10.58672246,10.02180928,3.0079731,-0.71527427,2019-02-21 00:00:00
600660,600660.SH,福耀玻璃,10003970,069001001001,016035,汽车零部件,481,61260440131.44,48912926227.44,24.42,-0.852618757613,2508617532,2002986332,14.35581503,14.86728005,3.03406096,10.54784833,9.98500949,2.99692791,-0.71264781,2019-02-20 00:00:00
600660,600660.SH,福耀玻璃,10003970,069001001001,016035,汽车零部件,481,61787249813.16,49333553357.16,24.63,-0.645421540944,2508617532,2002986332,14.47926798,14.99513135,3.06015239,10.63855464,10.07087567,3.02270002,-0.71877623,2019-02-19 00:00:00
600660,600660.SH,福耀玻璃,10003970,069001001001,016035,汽车零部件,481,62188628618.28,49654031170.28,24.79,2.01646090535,2508617532,2002986332,14.57332738,15.09254186,3.08003158,10.70766421,10.13629752,3.04233591,-0.7234455,2019-02-18 00:00:00
600660,600660.SH,福耀玻璃,10003970,069001001001,016035,汽车零部件,481,60959406027.6,48672567867.6,24.3,-2.448815736652,2508617532,2002986332,14.28527048,14.79422216,3.01915156,10.49601615,9.93594311,2.98220099,-0.70914585,2019-02-15 00:00:00
600660,600660.SH,福耀玻璃,10003970,069001001001,016035,汽车零部件,481,62489662722.12,49894389530.12,24.91,0.04016064257,2508617532,2002986332,14.64387192,15.16559975,3.09494097,10.75949639,10.1853639,3.05706283,-0.72694746,2019-02-14 00:00:00
600660,600660.SH,福耀玻璃,10003970,069001001001,016035,汽车零部件,481,62464576546.8,49874359666.8,24.9,1.137286758733,2508617532,2002986332,14.63799321,15.15951159,3.09369852,10.75517704,10.18127504,3.05583558,-0.72665563,2019-02-13 00:00:00
600660,600660.SH,福耀玻璃,10003970,069001001001,016035,汽车零部件,481,61762163637.84,49313523493.84,24.62,2.370062370062,2508617532,2002986332,14.47338927,14.98904319,3.05890994,10.63423529,10.0667868,3.02147277,-0.7184844,2019-02-12 00:00:00
600660,600660.SH,福耀玻璃,10003970,069001001001,016035,汽车零部件,481,60332251644.6,48171821284.6,24.05,2.471239880699,2508617532,2002986332,14.13830268,14.64201823,2.98809033,10.38803244,9.83372147,2.95151991,-0.70185011,2019-02-11 00:00:00
600660,600660.SH,福耀玻璃,10003970,069001001001,016035,汽车零部件,481,58877253476.04,47010089212.04,23.47,0.902837489252,2508617532,2002986332,13.79733738,14.28890511,2.91602828,10.13751025,9.59656727,2.88033981,-0.684924,2019-02-01 00:00:00
600660,600660.SH,福耀玻璃,10003970,069001001001,016035,汽车零部件,481,58350443794.32,46589462082.32,23.26,0.867302688638,2508617532,2002986332,13.67388442,14.1610538,2.88993685,10.04680394,9.5107011,2.8545677,-0.67879558,2019-01-31 00:00:00
600660,600660.SH,福耀玻璃,10003970,069001001001,016035,汽车零部件,481,57848720287.92,46188864815.92,23.06,-1.241970021413,2508617532,2002986332,13.55631018,14.03929066,2.86508786,9.96041697,9.42892379,2.83002283,-0.67295899,2019-01-30 00:00:00
600660,600660.SH,福耀玻璃,10003970,069001001001,016035,汽车零部件,481,58576219372.2,46769730852.2,23.35,1.301518438178,2508617532,2002986332,13.72679283,14.21584722,2.90111889,10.08567807,9.54750089,2.86561289,-0.68142204,2019-01-29 00:00:00
600660,600660.SH,福耀玻璃,10003970,069001001001,016035,汽车零部件,481,57823634112.6,46168834952.6,23.05,0.217391304348,2508617532,2002986332,13.55043147,14.0332025,2.86384541,9.95609762,9.42483492,2.82879559,-0.67266716,2019-01-28 00:00:00
600660,600660.SH,福耀玻璃,10003970,069001001001,016035,汽车零部件,481,57698203236,46068685636,23,0.130605137135,2508617532,2002986332,13.52103791,14.00276171,2.85763317,9.93450088,9.4043906,2.82265938,-0.67120801,2019-01-25 00:00:00
600660,600660.SH,福耀玻璃,10003970,069001001001,016035,汽车零部件,481,57622944710.04,46008596046.04,22.97,0.087145969499,2508617532,2002986332,13.50340177,13.98449724,2.85390582,9.92154284,9.392124,2.81897765,-0.67033252,2019-01-24 00:00:00
600660,600660.SH,福耀玻璃,10003970,069001001001,016035,汽车零部件,481,57572772359.4,45968536319.4,22.95,1.818988464951,2508617532,2002986332,13.49164435,13.97232093,2.85142092,9.91290414,9.38394627,2.81652316,-0.66974886,2019-01-23 00:00:00
600660,600660.SH,福耀玻璃,10003970,069001001001,016035,汽车零部件,481,56544239171.28,45147311923.28,22.54,-0.966608084359,2508617532,2002986332,13.25061715,13.72270648,2.80048051,9.73581086,9.21630278,2.76620619,-0.65778385,2019-01-22 00:00:00
600660,600660.SH,福耀玻璃,10003970,069001001001,016035,汽车零部件,481,57096135028.32,45587968916.32,22.76,-0.871080139373,2508617532,2002986332,13.37994882,13.85664594,2.82781439,9.83083652,9.30625782,2.79320554,-0.6642041,2019-01-21 00:00:00
600660,600660.SH,福耀玻璃,10003970,069001001001,016035,汽车零部件,481,57597858534.72,45988566182.72,22.96,0.525394045534,2508617532,2002986332,13.49752306,13.97840908,2.85266337,9.91722349,9.38803513,2.8177504,-0.67004069,2019-01-18 00:00:00
600660,600660.SH,福耀玻璃,10003970,069001001001,016035,汽车零部件,481,57296824430.88,45748207822.88,22.84,1.017249004865,2508617532,2002986332,13.42697851,13.9053512,2.83775398,9.86539131,9.33896875,2.80302348,-0.66653874,2019-01-17 00:00:00
600660,600660.SH,福耀玻璃,10003970,069001001001,016035,汽车零部件,481,56719842398.52,45287520966.52,22.61,0.355082112739,2508617532,2002986332,13.29176813,13.76532358,2.80917765,9.7660463,9.24492484,2.77479689,-0.65982666,2019-01-16 00:00:00
600660,600660.SH,福耀玻璃,10003970,069001001001,016035,汽车零部件,481,56519152995.96,45127282059.96,22.53,0.89565606807,2508617532,2002986332,13.24473844,13.71661832,2.79923806,9.73149152,9.21221392,2.76497894,-0.65749202,2019-01-15 00:00:00
600660,600660.SH,福耀玻璃,10003970,069001001001,016035,汽车零部件,481,56017429489.56,44726684793.56,22.33,-0.975609756098,2508617532,2002986332,13.12716419,13.59485518,2.77438907,9.64510455,9.13043661,2.74043408,-0.65165543,2019-01-14 00:00:00
600660,600660.SH,福耀玻璃,10003970,069001001001,016035,汽车零部件,481,56569325346.6,45167341786.6,22.55,0.579839429081,2508617532,2002986332,13.25649586,13.72879464,2.80172295,9.74013021,9.22039165,2.76743343,-0.65807568,2019-01-11 00:00:00
600660,600660.SH,福耀玻璃,10003970,069001001001,016035,汽车零部件,481,56243205067.44,44906953563.44,22.42,-0.222518914108,2508617532,2002986332,13.1800726,13.64964859,2.78557111,9.68397869,9.1672364,2.75147927,-0.65428189,2019-01-10 00:00:00
600660,600660.SH,福耀玻璃,10003970,069001001001,016035,汽车零部件,481,56368635944.04,45007102880.04,22.47,3.357865685373,2508617532,2002986332,13.20946616,13.68008938,2.79178336,9.70557543,9.18768073,2.75761549,-0.65574104,2019-01-09 00:00:00
600660,600660.SH,福耀玻璃,10003970,069001001001,016035,汽车零部件,481,54537345145.68,43544922857.68,21.74,-1.091901728844,2508617532,2002986332,12.78032018,13.2356539,2.70108457,9.39026301,8.88919355,2.66802673,-0.63443748,2019-01-08 00:00:00
600660,600660.SH,福耀玻璃,10003970,069001001001,016035,汽车零部件,481,55139413353.36,44025639577.36,21.98,1.150483202945,2508617532,2002986332,12.92140927,13.38176967,2.73090335,9.49392736,8.98732632,2.69748057,-0.64144139,2019-01-07 00:00:00
600660,600660.SH,福耀玻璃,10003970,069001001001,016035,汽车零部件,481,54512258970.36,43524892994.36,21.73,0.415896487985,2508617532,2002986332,12.77444147,13.22956574,2.69984212,9.38594366,8.88510468,2.66679949,-0.63414565,2019-01-04 00:00:00
600660,600660.SH,福耀玻璃,10003970,069001001001,016035,汽车零部件,481,54286483392.48,43344624224.48,21.64,-3.565062388592,2508617532,2002986332,12.72153306,13.17477233,2.68866008,9.34706953,8.84830489,2.6557543,-0.63151919,2019-01-03 00:00:00
600660,600660.SH,福耀玻璃,10003970,069001001001,016035,汽车零部件,481,56293377418.08,44947013290.08,22.44,-1.492537313433,2508617532,2002986332,13.19183003,13.66182491,2.78805601,9.69261738,9.17541413,2.75393376,-0.65486555,2019-01-02 00:00:00
600660,600660.SH,福耀玻璃,10003970,069001001001,016035,汽车零部件,481,57146307378.96,45628028642.96,22.78,1.515151515152,2508617532,2002986332,13.39170624,18.1488981,2.77554133,11.91413818,9.31443556,2.79566002,0.44939444,2018-12-28 00:00:00
600660,600660.SH,福耀玻璃,10003970,069001001001,016035,汽车零部件,481,56293377418.08,44947013290.08,22.44,-3.317535545024,2508617532,2002986332,13.19183003,17.87801903,2.73411534,11.73631523,9.17541413,2.75393376,0.44268706,2018-12-27 00:00:00
600660,600660.SH,福耀玻璃,10003970,069001001001,016035,汽车零部件,481,58225012917.72,46489312765.72,23.21,2.38200264667,2508617532,2002986332,13.64449086,18.49148046,2.82793302,12.13903193,9.49025677,2.84843148,0.45787731,2018-12-26 00:00:00
600660,600660.SH,福耀玻璃,10003970,069001001001,016035,汽车零部件,481,56870359450.44,45407700146.44,22.67,0.221043324492,2508617532,2002986332,13.32704041,18.06126075,2.7621388,11.85660723,9.26945804,2.78216035,0.44722441,2018-12-25 00:00:00
600660,600660.SH,福耀玻璃,10003970,069001001001,016035,汽车零部件,481,56744928573.84,45307550829.84,22.62,1.162790697674,2508617532,2002986332,13.29764685,18.02142559,2.75604675,11.83045679,9.24901371,2.77602413,0.44623803,2018-12-24 00:00:00
600660,600660.SH,福耀玻璃,10003970,069001001001,016035,汽车零部件,481,56092688015.52,44786774383.52,22.36,0.359066427289,2508617532,2002986332,13.14480033,17.81428277,2.72436805,11.69447453,9.14270321,2.74411581,0.44110886,2018-12-21 00:00:00
600660,600660.SH,福耀玻璃,10003970,069001001001,016035,汽车零部件,481,55891998612.96,44626535476.96,22.28,-0.179211469534,2508617532,2002986332,13.09777063,17.75054652,2.71462076,11.65263383,9.10999228,2.73429786,0.43953065,2018-12-20 00:00:00
600660,600660.SH,福耀玻璃,10003970,069001001001,016035,汽车零部件,481,55992343314.24,44706654930.24,22.32,-0.223513634332,2508617532,2002986332,13.12128548,17.78241465,2.7194944,11.67355418,9.12634774,2.73920684,0.44031975,2018-12-19 00:00:00
600660,600660.SH,福耀玻璃,10003970,069001001001,016035,汽车零部件,481,56117774190.84,44806804246.84,22.37,0.811176205498,2508617532,2002986332,13.15067904,17.8222498,2.72558646,11.69970462,9.14679207,2.74534305,0.44130613,2018-12-18 00:00:00
600660,600660.SH,福耀玻璃,10003970,069001001001,016035,汽车零部件,481,55666223035.08,44446266707.08,22.19,0.452693526483,2508617532,2002986332,13.04486222,17.67884323,2.70365505,11.60556305,9.07319249,2.72325268,0.43775517,2018-12-17 00:00:00
600660,600660.SH,福耀玻璃,10003970,069001001001,016035,汽车零部件,481,55415361281.88,44245968073.88,22.09,0.045289855072,2508617532,2002986332,12.9860751,17.59917292,2.69147094,11.55326218,9.03230384,2.71098024,0.43578241,2018-12-14 00:00:00
600660,600660.SH,福耀玻璃,10003970,069001001001,016035,汽车零部件,481,55390275106.56,44225938210.56,22.08,2.45939675174,2508617532,2002986332,12.98019639,17.59120589,2.69025253,11.54803209,9.02821497,2.709753,0.43558513,2018-12-13 00:00:00
600660,600660.SH,福耀玻璃,10003970,069001001001,016035,汽车零部件,481,54060707814.6,43164355454.6,21.55,0.513059701493,2508617532,2002986332,12.66862465,17.16895321,2.62567672,11.27083748,8.8115051,2.64470911,0.42512951,2018-12-12 00:00:00
600660,600660.SH,福耀玻璃,10003970,069001001001,016035,汽车零部件,481,53784759886.08,42944026958.08,21.44,-0.186219739292,2508617532,2002986332,12.60395881,17.08131586,2.61227419,11.21330653,8.76652758,2.63120943,0.42295948,2018-12-11 00:00:00
600660,600660.SH,福耀玻璃,10003970,069001001001,016035,汽车零部件,481,53885104587.36,43024146411.36,21.48,-2.185792349727,2508617532,2002986332,12.62747366,17.11318399,2.61714784,11.23422687,8.78288304,2.63611841,0.42374858,2018-12-10 00:00:00
600660,600660.SH,福耀玻璃,10003970,069001001001,016035,汽车零部件,481,55089241002.72,43985579850.72,21.96,0,2508617532,2002986332,12.90965185,17.49560151,2.67563159,11.48527105,8.97914859,2.69502608,0.43321782,2018-12-07 00:00:00
600660,600660.SH,福耀玻璃,10003970,069001001001,016035,汽车零部件,481,55089241002.72,43985579850.72,21.96,-1.52466367713,2508617532,2002986332,12.90965185,17.49560151,2.67563159,11.48527105,8.97914859,2.69502608,0.43321782,2018-12-06 00:00:00
600660,600660.SH,福耀玻璃,10003970,069001001001,016035,汽车零部件,481,55942170963.6,44666595203.6,22.3,-0.089605734767,2508617532,2002986332,13.10952806,17.76648058,2.71705758,11.66309401,9.11817001,2.73675235,0.4399252,2018-12-05 00:00:00
600660,600660.SH,福耀玻璃,10003970,069001001001,016035,汽车零部件,481,55992343314.24,44706654930.24,22.32,-0.312639571237,2508617532,2002986332,13.12128548,17.78241465,2.7194944,11.67355418,9.12634774,2.73920684,0.44031975,2018-12-04 00:00:00
600660,600660.SH,福耀玻璃,10003970,069001001001,016035,汽车零部件,481,56167946541.48,44846863973.48,22.39,2.612282309808,2508617532,2002986332,13.16243647,17.83818387,2.72802328,11.71016479,9.1549698,2.74779754,0.44170069,2018-12-03 00:00:00
600660,600660.SH,福耀玻璃,10003970,069001001001,016035,汽车零部件,481,54738034548.24,43705161764.24,21.82,1.96261682243,2508617532,2002986332,12.82734988,17.38406306,2.65857383,11.41204983,8.92190447,2.67784468,0.43045596,2018-11-30 00:00:00
600660,600660.SH,福耀玻璃,10003970,069001001001,016035,汽车零部件,481,53684415184.8,42863907504.8,21.4,-0.557620817844,2508617532,2002986332,12.58044397,17.04944773,2.60740055,11.19238618,8.75017212,2.62630046,0.42217037,2018-11-29 00:00:00
600660,600660.SH,福耀玻璃,10003970,069001001001,016035,汽车零部件,481,53985449288.64,43104265864.64,21.52,-0.416473854697,2508617532,2002986332,12.65098851,17.14505211,2.62202149,11.25514722,8.79923851,2.64102738,0.42453768,2018-11-28 00:00:00
600660,600660.SH,福耀玻璃,10003970,069001001001,016035,汽车零部件,481,54211224866.52,43284534634.52,21.61,-0.597976080957,2508617532,2002986332,12.70389692,17.2167554,2.63298719,11.30221801,8.83603829,2.65207257,0.42631317,2018-11-27 00:00:00
600660,600660.SH,福耀玻璃,10003970,069001001001,016035,汽车零部件,481,54537345145.68,43544922857.68,21.74,-0.366636113657,2508617532,2002986332,12.78032018,17.32032681,2.64882654,11.37020914,8.88919355,2.66802673,0.42887775,2018-11-26 00:00:00
600660,600660.SH,福耀玻璃,10003970,069001001001,016035,汽车零部件,481,54738034548.24,43705161764.24,21.82,-2.108568864962,2508617532,2002986332,12.82734988,17.38406306,2.65857383,11.41204983,8.92190447,2.67784468,0.43045596,2018-11-23 00:00:00
600660,600660.SH,福耀玻璃,10003970,069001001001,016035,汽车零部件,481,55917084788.28,44646565340.28,22.29,0.632054176072,2508617532,2002986332,13.10364935,17.75851355,2.71583917,11.65786392,9.11408115,2.73552511,0.43972793,2018-11-22 00:00:00
600660,600660.SH,福耀玻璃,10003970,069001001001,016035,汽车零部件,481,55565878333.8,44366147253.8,22.15,-0.806090461263,2508617532,2002986332,13.02134738,17.64697511,2.69878141,11.5846427,9.05683703,2.7183437,0.43696606,2018-11-21 00:00:00
600660,600660.SH,福耀玻璃,10003970,069001001001,016035,汽车零部件,481,56017429489.56,44726684793.56,22.33,-1.88927943761,2508617532,2002986332,13.12716419,17.79038168,2.72071281,11.67878427,9.13043661,2.74043408,0.44051703,2018-11-20 00:00:00
600660,600660.SH,福耀玻璃,10003970,069001001001,016035,汽车零部件,481,57096135028.32,45587968916.32,22.76,0.176056338028,2508617532,2002986332,13.37994882,18.13296404,2.77310451,11.90367801,9.30625782,2.79320554,0.44899989,2018-11-19 00:00:00
600660,600660.SH,福耀玻璃,10003970,069001001001,016035,汽车零部件,481,56995790327.04,45507849463.04,22.72,0.264783759929,2508617532,2002986332,13.35643397,18.10109591,2.76823086,11.88275766,9.28990236,2.78829657,0.44821079,2018-11-16 00:00:00
600660,600660.SH,福耀玻璃,10003970,069001001001,016035,汽车零部件,481,56845273275.12,45387670283.12,22.66,-0.614035087719,2508617532,2002986332,13.32116169,18.05329372,2.76092039,11.85137714,9.26536917,2.78093311,0.44702713,2018-11-15 00:00:00
600660,600660.SH,福耀玻璃,10003970,069001001001,016035,汽车零部件,481,57196479729.6,45668088369.6,22.8,-0.480139676997,2508617532,2002986332,13.40346366,18.16483216,2.77797815,11.92459836,9.32261329,2.79811451,0.449789,2018-11-14 00:00:00
600660,600660.SH,福耀玻璃,10003970,069001001001,016035,汽车零部件,481,57472427658.12,45888416866.12,22.91,1.551418439716,2508617532,2002986332,13.4681295,18.25246951,2.79138068,11.98212932,9.36759081,2.81161419,0.45195903,2018-11-13 00:00:00
600660,600660.SH,福耀玻璃,10003970,069001001001,016035,汽车零部件,481,56594411521.92,45187371649.92,22.56,1.302200269421,2508617532,2002986332,13.26237457,17.9736234,2.74873628,11.79907627,9.22448052,2.76866067,0.44505438,2018-11-12 00:00:00
600660,600660.SH,福耀玻璃,10003970,069001001001,016035,汽车零部件,481,55866912437.64,44606505613.64,22.27,-1.372896368468,2508617532,2002986332,13.09189192,17.74257949,2.71340235,11.64740375,9.10590342,2.73307062,0.43933337,2018-11-09 00:00:00
600660,600660.SH,福耀玻璃,10003970,069001001001,016035,汽车零部件,481,56644583872.56,45227431376.56,22.58,-0.964912280702,2508617532,2002986332,13.274132,17.98955747,2.7511731,11.80953644,9.23265825,2.77111516,0.44544893,2018-11-08 00:00:00
600660,600660.SH,福耀玻璃,10003970,069001001001,016035,汽车零部件,481,57196479729.6,45668088369.6,22.8,-0.175131348511,2508617532,2002986332,13.40346366,18.16483216,2.77797815,11.92459836,9.32261329,2.79811451,0.449789,2018-11-07 00:00:00
600660,600660.SH,福耀玻璃,10003970,069001001001,016035,汽车零部件,481,57296824430.88,45748207822.88,22.84,0.175438596491,2508617532,2002986332,13.42697851,18.19670029,2.7828518,11.94551871,9.33896875,2.80302348,0.4505781,2018-11-06 00:00:00
600660,600660.SH,福耀玻璃,10003970,069001001001,016035,汽车零部件,481,57196479729.6,45668088369.6,22.8,-0.480139676997,2508617532,2002986332,13.40346366,18.16483216,2.77797815,11.92459836,9.32261329,2.79811451,0.449789,2018-11-05 00:00:00
600660,600660.SH,福耀玻璃,10003970,069001001001,016035,汽车零部件,481,57472427658.12,45888416866.12,22.91,3.291253381425,2508617532,2002986332,13.4681295,18.25246951,2.79138068,11.98212932,9.36759081,2.81161419,0.45195903,2018-11-02 00:00:00
600660,600660.SH,福耀玻璃,10003970,069001001001,016035,汽车零部件,481,55641136859.76,44426236843.76,22.18,2.353484079372,2508617532,2002986332,13.03898351,17.6708762,2.70243664,11.60033296,9.06910363,2.72202543,0.43755789,2018-11-01 00:00:00
600660,600660.SH,福耀玻璃,10003970,069001001001,016035,汽车零部件,481,54361741918.44,43404713814.44,21.67,2.168788307402,2508617532,2002986332,12.73916919,17.26455759,2.64029766,11.33359853,8.86057149,2.65943603,0.42749682,2018-10-31 00:00:00
600660,600660.SH,福耀玻璃,10003970,069001001001,016035,汽车零部件,481,53207777853.72,42483340101.72,21.21,2.513291445143,2508617532,2002986332,12.46874844,16.89807413,2.58425073,11.09301453,8.67248368,2.60298284,0.41842213,2018-10-30 00:00:00
600660,600660.SH,福耀玻璃,10003970,069001001001,016035,汽车零部件,481,51903296737.08,41441787209.08,20.69,-5.826126536186,2508617532,2002986332,12.1630554,16.48378849,2.52089333,10.82105,8.45986267,2.53916619,0.40816379,2018-10-29 00:00:00
600660,600660.SH,福耀玻璃,10003970,069001001001,016035,汽车零部件,481,55114327178.04,44005609714.04,21.97,-3.640350877193,2508617532,2002986332,12.91553056,17.50356854,2.67685,11.49050114,8.98323745,2.69625332,0.4334151,2018-10-26 00:00:00
600660,600660.SH,福耀玻璃,10003970,069001001001,016035,汽车零部件,481,57196479729.6,45668088369.6,22.8,-1.255954958857,2508617532,2002986332,15.7514777,18.16483216,2.77797815,11.92459836,10.08422419,2.84746305,0.449789,2018-10-25 00:00:00
600660,600660.SH,福耀玻璃,10003970,069001001001,016035,汽车零部件,481,57923978813.88,46248954405.88,23.09,-3.064651553317,2508617532,2002986332,15.95182545,18.39587608,2.81331209,12.07627088,10.21248844,2.88368078,0.45551,2018-10-24 00:00:00
600660,600660.SH,福耀玻璃,10003970,069001001001,016035,汽车零部件,481,60758716625.04,48512328961.04,24.22,-3.042433947158,2508617532,2002986332,16.73249079,19.29615066,2.95099258,12.66727071,10.71227675,3.02480505,0.47780217,2018-10-23 00:00:00
600660,600660.SH,福耀玻璃,10003970,069001001001,016035,汽车零部件,481,62665265949.36,50034598573.36,24.98,5.13468013468,2508617532,2002986332,17.25754005,19.90164506,3.04359185,13.06475732,11.04841755,3.11972048,0.49279514,2018-10-22 00:00:00
600660,600660.SH,福耀玻璃,10003970,069001001001,016035,汽车零部件,481,59604752560.32,47590955248.32,23.76,2.149613069647,2508617532,2002986332,16.41469782,18.9296672,2.89494565,12.42668671,10.5088231,2.96735623,0.46872748,2018-10-19 00:00:00
600660,600660.SH,福耀玻璃,10003970,069001001001,016035,汽车零部件,481,58350443794.32,46589462082.32,23.26,-2.677824267782,2508617532,2002986332,16.06927068,18.53131562,2.83402508,12.16518236,10.28767783,2.90491187,0.45886369,2018-10-18 00:00:00
600660,600660.SH,福耀玻璃,10003970,069001001001,016035,汽车零部件,481,59955959014.8,47871373334.8,23.9,0.84388185654,2508617532,2002986332,16.51141742,19.04120565,2.91200342,12.49990793,10.57074378,2.98484066,0.47148934,2018-10-17 00:00:00
600660,600660.SH,福耀玻璃,10003970,069001001001,016035,汽车零部件,481,59454235508.4,47470776068.4,23.7,-0.16849199663,2508617532,2002986332,16.37324656,18.88186501,2.88763519,12.39530619,10.48228567,2.95986291,0.46754382,2018-10-16 00:00:00
600660,600660.SH,福耀玻璃,10003970,069001001001,016035,汽车零部件,481,59554580209.68,47550895521.68,23.74,-2.903885480573,2508617532,2002986332,16.40088073,18.91373314,2.89250883,12.41622654,10.49997729,2.96485846,0.46833293,2018-10-15 00:00:00
600660,600660.SH,福耀玻璃,10003970,069001001001,016035,汽车零部件,481,61335698657.4,48973015817.4,24.45,2.002503128911,2508617532,2002986332,16.89138727,19.47939239,2.97901605,12.78756271,10.81400357,3.05352946,0.48233952,2018-10-12 00:00:00
600660,600660.SH,福耀玻璃,10003970,069001001001,016035,汽车零部件,481,60131562242.04,48011582378.04,23.97,-3.850782190132,2508617532,2002986332,16.55977722,19.09697487,2.9205323,12.53651854,10.60170411,2.99358287,0.47287027,2018-10-11 00:00:00
600660,600660.SH,福耀玻璃,10003970,069001001001,016035,汽车零部件,481,62539835072.76,49934449256.76,24.93,1.012965964344,2508617532,2002986332,17.22299733,19.86180991,3.0374998,13.03860689,11.02630303,3.11347605,0.49180876,2018-10-10 00:00:00
600660,600660.SH,福耀玻璃,10003970,069001001001,016035,汽车零部件,481,61912680689.76,49433702673.76,24.68,-0.684104627767,2508617532,2002986332,17.05028376,19.66263411,3.00703951,12.90785471,10.91573039,3.08225387,0.48687686,2018-10-09 00:00:00
600660,600660.SH,福耀玻璃,10003970,069001001001,016035,汽车零部件,481,62339145670.2,49774210350.2,24.85,-2.357563850688,2508617532,2002986332,17.16772899,19.79807365,3.02775251,12.99676619,10.99091978,3.10348495,0.49023055,2018-10-08 00:00:00
600660,600660.SH,福耀玻璃,10003970,069001001001,016035,汽车零部件,481,63844316189.4,50976002149.4,25.45,0.792079207921,2508617532,2002986332,17.58224156,20.27609555,3.36023688,13.31057141,11.2562941,3.17841819,0.5020671,2018-09-28 00:00:00
600660,600660.SH,福耀玻璃,10003970,069001001001,016035,汽车零部件,481,63342592683,50575404883,25.25,0.758180367119,2508617532,2002986332,17.4440707,20.11675492,3.3338303,13.20596967,11.167836,3.15344044,0.49812159,2018-09-27 00:00:00
600660,600660.SH,福耀玻璃,10003970,069001001001,016035,汽车零部件,481,62865955351.92,50194837479.92,25.06,0.440881763527,2508617532,2002986332,17.31280839,19.96538132,3.30874405,13.10659802,11.0838008,3.12971158,0.49437334,2018-09-26 00:00:00
600660,600660.SH,福耀玻璃,10003970,069001001001,016035,汽车零部件,481,62590007423.4,49974508983.4,24.95,-0.597609561753,2508617532,2002986332,17.23681442,19.87774397,3.29422043,13.04906706,11.03514884,3.11597382,0.49220331,2018-09-25 00:00:00
600660,600660.SH,福耀玻璃,10003970,069001001001,016035,汽车零部件,481,62966300053.2,50274956933.2,25.1,4.84544695071,2508617532,2002986332,17.34044256,19.99724944,3.31402537,13.12751837,11.10149242,3.13470713,0.49516245,2018-09-21 00:00:00
600660,600660.SH,福耀玻璃,10003970,069001001001,016035,汽车零部件,481,60056303716.08,47951492788.08,23.94,-0.415973377704,2508617532,2002986332,16.53905159,19.07307377,3.16086722,12.52082828,10.5884354,2.9898362,0.47227845,2018-09-20 00:00:00
600660,600660.SH,福耀玻璃,10003970,069001001001,016035,汽车零部件,481,60307165469.28,48151791421.28,24.04,2.385008517888,2508617532,2002986332,16.60813702,19.15274409,3.17407051,12.57312915,10.63266445,3.00232508,0.4742512,2018-09-19 00:00:00
600660,600660.SH,福耀玻璃,10003970,069001001001,016035,汽车零部件,481,58902339651.36,47030119075.36,23.48,0.127931769723,2508617532,2002986332,16.22125862,18.70659032,3.1001321,12.28024427,10.38498175,2.93238739,0.46320376,2018-09-18 00:00:00
600660,600660.SH,福耀玻璃,10003970,069001001001,016035,汽车零部件,481,58827081125.4,46970029485.4,23.45,-3.099173553719,2508617532,2002986332,16.20053299,18.68268922,3.09617111,12.26455401,10.37171304,2.92864073,0.46261193,2018-09-17 00:00:00
600660,600660.SH,福耀玻璃,10003970,069001001001,016035,汽车零部件,481,60708544274.4,48472269234.4,24.2,1.255230125523,2508617532,2002986332,16.7186737,19.2802166,3.19519577,12.65681054,10.70343094,3.02230727,0.47740762,2018-09-14 00:00:00
600660,600660.SH,福耀玻璃,10003970,069001001001,016035,汽车零部件,481,59955959014.8,47871373334.8,23.9,-0.499583680266,2508617532,2002986332,16.51141742,19.04120565,3.15558591,12.49990793,10.57074378,2.98484066,0.47148934,2018-09-13 00:00:00
600660,600660.SH,福耀玻璃,10003970,069001001001,016035,汽车零部件,481,60256993118.64,48111731694.64,24.02,-1.274147143444,2508617532,2002986332,16.59431993,19.13681003,3.17142985,12.56266897,10.62381864,2.9998273,0.47385665,2018-09-12 00:00:00
600660,600660.SH,福耀玻璃,10003970,069001001001,016035,汽车零部件,481,61034664553.56,48732657457.56,24.33,-1.258116883117,2508617532,2002986332,16.80848476,19.38378801,3.21236005,12.72480167,10.76092871,3.03854281,0.47997221,2018-09-11 00:00:00
600660,600660.SH,福耀玻璃,10003970,069001001001,016035,汽车零部件,481,61812335988.48,49353583220.48,24.64,-1.715197447148,2508617532,2002986332,17.02264959,19.63076599,3.25329024,12.88693437,10.89803877,3.07725832,0.48608776,2018-09-10 00:00:00
600660,600660.SH,福耀玻璃,10003970,069001001001,016035,汽车零部件,481,62891041527.24,50214867343.24,25.07,-0.436854646545,2508617532,2002986332,17.31971693,19.97334835,3.31006438,13.11182811,11.0882237,3.13096047,0.49457062,2018-09-07 00:00:00
600660,600660.SH,福耀玻璃,10003970,069001001001,016035,汽车零部件,481,63166989455.76,50435195839.76,25.18,-1.448140900196,2508617532,2002986332,17.3957109,20.0609857,3.324588,13.16935906,11.13687566,3.14469823,0.49674065,2018-09-06 00:00:00
600660,600660.SH,福耀玻璃,10003970,069001001001,016035,汽车零部件,481,64095177942.6,51176300782.6,25.55,-0.622325943213,2508617532,2002986332,17.65132699,20.35576587,3.37344016,13.36287228,11.30052316,3.19090706,0.50403986,2018-09-05 00:00:00
600660,600660.SH,福耀玻璃,10003970,069001001001,016035,汽车零部件,481,64496556747.72,51496778595.72,25.71,-0.271528316524,2508617532,2002986332,17.76186367,20.48323838,3.39456543,13.44655368,11.37128964,3.21088926,0.50719628,2018-09-04 00:00:00
600660,600660.SH,福耀玻璃,10003970,069001001001,016035,汽车零部件,481,64672159974.96,51636987638.96,25.78,1.416207710464,2508617532,2002986332,17.81022347,20.5390076,3.40380773,13.48316428,11.40224998,3.21963147,0.50857721,2018-09-03 00:00:00
600660,600660.SH,福耀玻璃,10003970,069001001001,016035,汽车零部件,481,63769057663.44,50915912559.44,25.42,-3.051106025934,2508617532,2002986332,17.56151593,20.25219446,3.35627589,13.29488115,11.24302539,3.17467153,0.50147528,2018-08-31 00:00:00
600660,600660.SH,福耀玻璃,10003970,069001001001,016035,汽车零部件,481,65775951689.04,52518301625.04,26.22,1.118395680679,2508617532,2002986332,18.11419936,20.88955699,3.4619022,13.71328811,11.59685782,3.27458251,0.51725735,2018-08-30 00:00:00
600660,600660.SH,福耀玻璃,10003970,069001001001,016035,汽车零部件,481,65048452604.76,51937435588.76,25.93,-0.077071290944,2508617532,2002986332,17.91385162,20.65851307,3.42361266,13.56161559,11.46859356,3.23836478,0.51153635,2018-08-29 00:00:00
600660,600660.SH,福耀玻璃,10003970,069001001001,016035,汽车零部件,481,65098624955.4,51977495315.4,25.95,2.125147579693,2508617532,2002986332,17.9276687,20.67444713,3.42625332,13.57207576,11.47743937,3.24086255,0.5119309,2018-08-28 00:00:00
600660,600660.SH,福耀玻璃,10003970,069001001001,016035,汽车零部件,481,63743971488.12,50895882696.12,25.41,3.714285714286,2508617532,2002986332,17.55460739,20.24422743,3.35495556,13.28965107,11.23860248,3.17342264,0.501278,2018-08-27 00:00:00
600660,600660.SH,福耀玻璃,10003970,069001001001,016035,汽车零部件,481,61461129534,49073165134,24.5,0.657354149548,2508617532,2002986332,16.92592999,19.51922755,3.23480564,12.81371315,10.8361181,3.05977389,0.48332589,2018-08-24 00:00:00
600660,600660.SH,福耀玻璃,10003970,069001001001,016035,汽车零部件,481,61059750728.88,48752687320.88,24.34,0.703351261895,2508617532,2002986332,16.8153933,19.39175504,3.21368038,12.73003176,10.76535161,3.0397917,0.48016948,2018-08-23 00:00:00
600660,600660.SH,福耀玻璃,10003970,069001001001,016035,汽车零部件,481,60633285748.44,48412179644.44,24.17,0.248859394442,2508617532,2002986332,16.69794808,19.2563155,3.19123479,12.64112028,10.69016222,3.01856061,0.47681579,2018-08-22 00:00:00
600660,600660.SH,福耀玻璃,10003970,069001001001,016035,汽车零部件,481,60482768696.52,48292000464.52,24.11,7.633928571429,2508617532,2002986332,16.65649682,19.20851331,3.18331281,12.60973976,10.66362479,3.01106729,0.47563214,2018-08-21 00:00:00
600660,600660.SH,福耀玻璃,10003970,069001001001,016035,汽车零部件,481,56193032716.8,44866893836.8,22.4,0.403406544151,2508617532,2002986332,18.61629176,17.8461509,2.95753658,11.71539488,11.54287537,2.91671664,0.44189796,2018-08-20 00:00:00
600660,600660.SH,福耀玻璃,10003970,069001001001,016035,汽车零部件,481,55967257138.92,44686625066.92,22.31,-3.294321629822,2508617532,2002986332,18.54149415,17.77444761,2.94565362,11.6683241,11.49649775,2.90499769,0.44012248,2018-08-17 00:00:00
600660,600660.SH,福耀玻璃,10003970,069001001001,016035,汽车零部件,481,57873806463.24,46208894679.24,23.07,-2.079796264856,2508617532,2002986332,19.17311834,18.37994202,3.04599861,12.06581071,11.88813102,3.00395772,0.45511544,2018-08-16 00:00:00
600660,600660.SH,福耀玻璃,10003970,069001001001,016035,汽车零部件,481,59103029053.92,47190357981.92,23.56,-2.321724709784,2508617532,2002986332,19.58034972,18.77032657,3.11069473,12.32208497,12.14063142,3.0677609,0.46478196,2018-08-15 00:00:00
600660,600660.SH,福耀玻璃,10003970,069001001001,016035,汽车零部件,481,60507854871.84,48312030327.84,24.12,1.600673967987,2508617532,2002986332,20.04575702,19.21648034,3.18463314,12.61496984,12.4292033,3.14067881,0.47582941,2018-08-14 00:00:00
600660,600660.SH,福耀玻璃,10003970,069001001001,016035,汽车零部件,481,59554580209.68,47550895521.68,23.74,0.465509944985,2508617532,2002986332,19.72994492,18.91373314,3.13446065,12.41622654,12.23338667,3.0911988,0.46833293,2018-08-13 00:00:00
600660,600660.SH,福耀玻璃,10003970,069001001001,016035,汽车零部件,481,59278632281.16,47330567025.16,23.63,-2.193708609272,2508617532,2002986332,19.63852563,18.82609579,3.11993703,12.35869558,12.1767029,3.07687563,0.46616289,2018-08-10 00:00:00
600660,600660.SH,福耀玻璃,10003970,069001001001,016035,汽车零部件,481,60608199573.12,48392149781.12,24.16,1.257334450964,2508617532,2002986332,20.07900039,19.24834847,3.18991446,12.63589019,12.44981558,3.14588723,0.47661852,2018-08-09 00:00:00
600660,600660.SH,福耀玻璃,10003970,069001001001,016035,汽车零部件,481,59855614313.52,47791253881.52,23.86,-1.689328388958,2508617532,2002986332,19.82967506,19.00933752,3.15030459,12.47898758,12.2952235,3.10682406,0.47070024,2018-08-08 00:00:00
600660,600660.SH,福耀玻璃,10003970,069001001001,016035,汽车零部件,481,60884147501.64,48612478277.64,24.27,5.751633986928,2508617532,2002986332,20.17041968,19.33598582,3.20443807,12.69342115,12.50649934,3.1602104,0.47878855,2018-08-07 00:00:00
600660,600660.SH,福耀玻璃,10003970,069001001001,016035,汽车零部件,481,57572772359.4,45968536319.4,22.95,-5.672009864365,2508617532,2002986332,19.07338821,18.28433764,3.03015467,12.00304966,11.82629419,2.98833245,0.45274813,2018-08-06 00:00:00
600660,600660.SH,福耀玻璃,10003970,069001001001,016035,汽车零部件,481,61034664553.56,48732657457.56,24.33,-1.057340382269,2508617532,2002986332,20.22028475,19.38378801,3.21236005,12.72480167,12.53741776,3.16802303,0.47997221,2018-08-03 00:00:00
600660,600660.SH,福耀玻璃,10003970,069001001001,016035,汽车零部件,481,61686905111.88,49253433903.88,24.59,-1.086082059533,2508617532,2002986332,20.43636671,19.59093083,3.2466886,12.86078393,12.67139756,3.20187778,0.48510138,2018-08-02 00:00:00
600660,600660.SH,福耀玻璃,10003970,069001001001,016035,汽车零部件,481,62364231845.52,49794240213.52,24.86,-1.388337961127,2508617532,2002986332,20.66075951,19.80604068,3.28233747,13.00199628,12.81053043,3.23703463,0.49042783,2018-08-01 00:00:00
600660,600660.SH,福耀玻璃,10003970,069001001001,016035,汽车零部件,481,63242247981.72,50495285429.72,25.21,0.079396585947,2508617532,2002986332,20.95163907,20.08488679,3.32854898,13.18504933,12.99088786,3.28260833,0.49733248,2018-07-31 00:00:00
600660,600660.SH,福耀玻璃,10003970,069001001001,016035,汽车零部件,481,63192075631.08,50455225703.08,25.19,-0.47412090083,2508617532,2002986332,20.93501738,20.06895273,3.32590833,13.17458915,12.98058172,3.28000411,0.49693793,2018-07-30 00:00:00
600660,600660.SH,福耀玻璃,10003970,069001001001,016035,汽车零部件,481,63493109734.92,50695584062.92,25.31,-1.171417415072,2508617532,2002986332,21.03474752,20.16455711,3.34175227,13.2373502,13.04241856,3.29562938,0.49930524,2018-07-27 00:00:00
600660,600660.SH,福耀玻璃,10003970,069001001001,016035,汽车零部件,481,64245694994.52,51296479962.52,25.61,-2.027543993879,2508617532,2002986332,21.28407285,20.40356806,3.38136214,13.39425281,13.19701064,3.33469255,0.50522352,2018-07-26 00:00:00
600660,600660.SH,福耀玻璃,10003970,069001001001,016035,汽车零部件,481,65575262286.48,52358062718.48,26.14,-0.532724505327,2508617532,2002986332,21.72454761,20.82582074,3.45133957,13.67144742,13.47012331,3.40370415,0.51567914,2018-07-25 00:00:00
600660,600660.SH,福耀玻璃,10003970,069001001001,016035,汽车零部件,481,65926468740.96,52638480804.96,26.28,1.939487975175,2508617532,2002986332,21.84089943,20.93735918,3.46982417,13.74466863,13.54226628,3.42193363,0.518441,2018-07-24 00:00:00
600660,600660.SH,福耀玻璃,10003970,069001001001,016035,汽车零部件,481,64672159974.96,51636987638.96,25.78,-0.154918667699,2508617532,2002986332,21.42535721,20.5390076,3.40380773,13.48316428,13.28461282,3.35682835,0.50857721,2018-07-23 00:00:00
600660,600660.SH,福耀玻璃,10003970,069001001001,016035,汽车零部件,481,64772504676.24,51717107092.24,25.82,-0.347356233115,2508617532,2002986332,21.45860059,20.57087572,3.40908904,13.50408463,13.30522509,3.36203677,0.50936631,2018-07-20 00:00:00
600660,600660.SH,福耀玻璃,10003970,069001001001,016035,汽车零部件,481,64998280254.12,51897375862.12,25.91,-0.077130736599,2508617532,2002986332,21.53339819,20.64257901,3.420972,13.55115542,13.35160272,3.37375572,0.51114179,2018-07-19 00:00:00
600660,600660.SH,福耀玻璃,10003970,069001001001,016035,汽车零部件,481,65048452604.76,51937435588.76,25.93,1.407899882675,2508617532,2002986332,21.55001988,20.65851307,3.42361266,13.56161559,13.36190886,3.37635993,0.51153635,2018-07-18 00:00:00
600660,600660.SH,福耀玻璃,10003970,069001001001,016035,汽车零部件,481,64145350293.24,51216360509.24,25.57,-0.776096235933,2508617532,2002986332,21.25082947,20.37169993,3.37608082,13.37333246,13.17639836,3.32948413,0.50443441,2018-07-17 00:00:00
600660,600660.SH,福耀玻璃,10003970,069001001001,016035,汽车零部件,481,64647073799.64,51616957775.64,25.77,2.669322709163,2508617532,2002986332,21.41704636,20.53104056,3.4024874,13.4779342,13.27945975,3.35552624,0.50837993,2018-07-16 00:00:00
600660,600660.SH,福耀玻璃,10003970,069001001001,016035,汽车零部件,481,62966300053.2,50274956933.2,25.1,-0.238473767886,2508617532,2002986332,20.86021978,19.99724944,3.31402537,13.12751837,12.9342041,3.26828516,0.49516245,2018-07-13 00:00:00
600660,600660.SH,福耀玻璃,10003970,069001001001,016035,汽车零部件,481,63116817105.12,50395136113.12,25.16,0.119379228014,2508617532,2002986332,20.91008485,20.04505163,3.32194734,13.15889889,12.96512252,3.2760978,0.4963461,2018-07-12 00:00:00
600660,600660.SH,福耀玻璃,10003970,069001001001,016035,汽车零部件,481,63041558579.16,50335046523.16,25.13,-0.554016620499,2508617532,2002986332,20.88515231,20.02115054,3.31798635,13.14320863,12.94966331,3.27219148,0.49575428,2018-07-11 00:00:00
600660,600660.SH,福耀玻璃,10003970,069001001001,016035,汽车零部件,481,63392765033.64,50615464609.64,25.27,-0.472627018511,2508617532,2002986332,21.00150414,20.13268898,3.33647096,13.21642985,13.02180628,3.29042096,0.49851614,2018-07-10 00:00:00
600660,600660.SH,福耀玻璃,10003970,069001001001,016035,汽车零部件,481,63693799137.48,50855822969.48,25.39,0.157790927022,2508617532,2002986332,21.10123427,20.22829336,3.3523149,13.27919089,13.08364311,3.30604623,0.50088345,2018-07-09 00:00:00
600660,600660.SH,福耀玻璃,10003970,069001001001,016035,汽车零部件,481,63593454436.2,50775703516.2,25.35,-0.899139953088,2508617532,2002986332,21.06799089,20.19642524,3.34703359,13.25827054,13.06303083,3.30083781,0.50009434,2018-07-06 00:00:00
600660,600660.SH,福耀玻璃,10003970,069001001001,016035,汽车零部件,481,64170436468.56,51236390372.56,25.58,1.588562351072,2508617532,2002986332,21.25914032,20.37966696,3.37740115,13.37856254,13.18155143,3.33078623,0.50463169,2018-07-05 00:00:00
600660,600660.SH,福耀玻璃,10003970,069001001001,016035,汽车零部件,481,63166989455.76,50435195839.76,25.18,-0.827097282395,2508617532,2002986332,20.92670654,20.0609857,3.324588,13.16935906,12.97542865,3.27870201,0.49674065,2018-07-04 00:00:00
600660,600660.SH,福耀玻璃,10003970,069001001001,016035,汽车零部件,481,63693799137.48,50855822969.48,25.39,1.519392243103,2508617532,2002986332,21.10123427,20.22829336,3.3523149,13.27919089,13.08364311,3.30604623,0.50088345,2018-07-03 00:00:00
600660,600660.SH,福耀玻璃,10003970,069001001001,016035,汽车零部件,481,62740524475.32,50094688163.32,25.01,-2.722676001556,2508617532,2002986332,20.78542218,19.92554616,3.30214241,13.08044759,12.88782648,3.25656621,0.49338696,2018-07-02 00:00:00
600660,600660.SH,福耀玻璃,10003970,069001001001,016035,汽车零部件,481,64496556747.72,51496778595.72,25.71,1.021611001965,2508617532,2002986332,21.3671813,20.48323838,3.33181054,13.44655368,13.24854133,3.34771361,0.50719628,2018-06-29 00:00:00
600660,600660.SH,福耀玻璃,10003970,069001001001,016035,汽车零部件,481,63844316189.4,50976002149.4,25.45,-0.430359937402,2508617532,2002986332,21.15109934,20.27609555,3.29811662,13.31057141,13.11456153,3.31385886,0.5020671,2018-06-28 00:00:00
600660,600660.SH,福耀玻璃,10003970,069001001001,016035,汽车零部件,481,64120264117.92,51196330645.92,25.56,0.07830853563,2508617532,2002986332,21.24251863,20.3637329,3.31237174,13.36810237,13.17124529,3.32818202,0.50423714,2018-06-27 00:00:00
600660,600660.SH,福耀玻璃,10003970,069001001001,016035,汽车零部件,481,64070091767.28,51156270919.28,25.54,-1.579961464355,2508617532,2002986332,21.22589694,20.34779884,3.3097799,13.3576422,13.16093915,3.32557781,0.50384259,2018-06-26 00:00:00
600660,600660.SH,福耀玻璃,10003970,069001001001,016035,汽车零部件,481,65098624955.4,51977495315.4,25.95,-0.840657241116,2508617532,2002986332,21.56664157,20.67444713,3.36291262,13.57207576,13.372215,3.37896414,0.5119309,2018-06-25 00:00:00
600660,600660.SH,福耀玻璃,10003970,069001001001,016035,汽车零部件,481,65650520812.44,52418152308.44,26.17,-0.266768292683,2508617532,2002986332,21.74948014,20.84972183,3.39142286,13.68713768,13.48558252,3.40761047,0.51627097,2018-06-22 00:00:00
600660,600660.SH,福耀玻璃,10003970,069001001001,016035,汽车零部件,481,65826124039.68,52558361351.68,26.24,-0.455235204856,2508617532,2002986332,21.80765606,20.90549105,3.4004943,13.72374829,13.52165401,3.41672521,0.5176519,2018-06-21 00:00:00
600660,600660.SH,福耀玻璃,10003970,069001001001,016035,汽车零部件,481,66127158143.52,52798719711.52,26.36,2.130956993413,2508617532,2002986332,21.90738619,21.00109543,3.41604534,13.78650933,13.58349084,3.43235048,0.52001921,2018-06-20 00:00:00
600660,600660.SH,福耀玻璃,10003970,069001001001,016035,汽车零部件,481,64747418500.92,51697077228.92,25.81,0.506230529595,2508617532,2002986332,21.45028974,20.56290869,3.34476974,13.49885455,13.30007202,3.36073466,0.50916903,2018-06-19 00:00:00
600660,600660.SH,福耀玻璃,10003970,069001001001,016035,汽车零部件,481,64421298221.76,51436689005.76,25.68,0.430191630817,2508617532,2002986332,21.34224876,20.45933728,3.32792278,13.43086341,13.23308212,3.34380729,0.50660445,2018-06-15 00:00:00
600660,600660.SH,福耀玻璃,10003970,069001001001,016035,汽车零部件,481,64145350293.24,51216360509.24,25.57,1.387787470262,2508617532,2002986332,21.25082947,20.37169993,3.31366766,13.37333246,13.17639836,3.32948413,0.50443441,2018-06-14 00:00:00
600660,600660.SH,福耀玻璃,10003970,069001001001,016035,汽车零部件,481,63267334157.04,50515315293.04,25.22,0.11909487892,2508617532,2002986332,20.95994991,20.09285382,3.26831045,13.19027941,12.99604093,3.28391043,0.49752976,2018-06-13 00:00:00
600660,600660.SH,福耀玻璃,10003970,069001001001,016035,汽车零部件,481,63192075631.08,50455225703.08,25.19,1.654560129136,2508617532,2002986332,20.93501738,20.06895273,3.26442269,13.17458915,12.98058172,3.28000411,0.49693793,2018-06-12 00:00:00
600660,600660.SH,福耀玻璃,10003970,069001001001,016035,汽车零部件,481,62163542442.96,49634001306.96,24.78,1.184156798693,2508617532,2002986332,20.59427275,19.74230443,3.21128997,12.96015558,12.76930588,3.22661778,0.48884962,2018-06-11 00:00:00
600660,600660.SH,福耀玻璃,10003970,069001001001,016035,汽车零部件,481,61436043358.68,49053135270.68,24.49,1.031353135314,2508617532,2002986332,20.35325826,19.51126051,3.17370829,12.80848306,12.61986687,3.18885672,0.48312862,2018-06-08 00:00:00
600660,600660.SH,福耀玻璃,10003970,069001001001,016035,汽车零部件,481,60808888975.68,48552388687.68,24.24,-0.980392156863,2508617532,2002986332,20.14548715,19.31208472,3.14131029,12.67773089,12.49104013,3.15630408,0.47819672,2018-06-07 00:00:00
600660,600660.SH,福耀玻璃,10003970,069001001001,016035,汽车零部件,481,61410957183.36,49033105407.36,24.48,-1.844426623897,2508617532,2002986332,20.34494742,19.50329348,3.17241237,12.80325297,12.6147138,3.18755461,0.48293134,2018-06-06 00:00:00
600660,600660.SH,福耀玻璃,10003970,069001001001,016035,汽车零部件,481,62564921248.08,49954479120.08,24.94,0.040112314481,2508617532,2002986332,20.72724627,19.86977694,3.23202469,13.04383698,12.85175499,3.24745147,0.49200603,2018-06-05 00:00:00
600660,600660.SH,福耀玻璃,10003970,069001001001,016035,汽车零部件,481,62539835072.76,49934449256.76,24.93,-0.637704264647,2508617532,2002986332,20.71893542,19.86180991,3.23072877,13.03860689,12.84660192,3.24614937,0.49180876,2018-06-04 00:00:00
600660,600660.SH,福耀玻璃,10003970,069001001001,016035,汽车零部件,481,62941213877.88,50254927069.88,25.09,0.682182985554,2508617532,2002986332,20.85190894,19.98928241,3.25146349,13.12228828,12.92905103,3.26698306,0.49496517,2018-06-01 00:00:00
600660,600660.SH,福耀玻璃,10003970,069001001001,016035,汽车零部件,481,62514748897.44,49914419393.44,24.92,1.838986514099,2508617532,2002986332,20.71062458,19.85384287,3.22943285,13.0333768,12.84144885,3.24484726,0.49161148,2018-05-31 00:00:00
600660,600660.SH,福耀玻璃,10003970,069001001001,016035,汽车零部件,481,61385871008.04,49013075544.04,24.47,-1.09135004042,2508617532,2002986332,20.33663657,19.49532645,3.17111645,12.79802289,12.60956073,3.18625251,0.48273407,2018-05-30 00:00:00
600660,600660.SH,福耀玻璃,10003970,069001001001,016035,汽车零部件,481,62063197741.68,49553881853.68,24.74,0.446609825416,2508617532,2002986332,20.56102938,19.7104363,3.20610629,12.93923524,12.7486936,3.22140936,0.48806052,2018-05-29 00:00:00
600660,600660.SH,福耀玻璃,10003970,069001001001,016035,汽车零部件,481,63668712962.16,50835793106.16,25.38,0.316205533597,2508617532,2002986332,21.09292343,20.22032633,3.28904518,13.2739608,13.07849004,3.30474412,0.50068617,2018-05-28 00:00:00
600660,600660.SH,福耀玻璃,10003970,069001001001,016035,汽车零部件,481,63468023559.6,50675554199.6,25.3,0.83698684735,2508617532,2002986332,21.02643667,20.15659008,3.27867782,13.23212011,13.03726549,3.29432728,0.49910797,2018-05-25 00:00:00
600660,600660.SH,福耀玻璃,10003970,069001001001,016035,汽车零部件,481,62941213877.88,50254927069.88,25.09,0.199680511182,2508617532,2002986332,20.85190894,19.98928241,3.25146349,13.12228828,12.92905103,3.26698306,0.49496517,2018-05-24 00:00:00
600660,600660.SH,福耀玻璃,10003970,069001001001,016035,汽车零部件,481,62815783001.28,50154777753.28,25.04,-2.378167641326,2508617532,2002986332,20.81035471,19.94944725,3.24498389,13.09613785,12.90328568,3.26047253,0.49397879,2018-05-23 00:00:00
600660,600660.SH,福耀玻璃,10003970,069001001001,016035,汽车零部件,481,64346039695.8,51376599415.8,25.65,0.667189952904,2508617532,2002986332,21.31731623,20.43543619,3.32403502,13.41517315,13.21762291,3.33990097,0.50601262,2018-05-22 00:00:00
600660,600660.SH,福耀玻璃,10003970,069001001001,016035,汽车零部件,481,63919574715.36,51036091739.36,25.48,0.95087163233,2508617532,2002986332,21.17603187,20.29999665,3.30200438,13.32626167,13.13002074,3.31776518,0.50265893,2018-05-21 00:00:00
600660,600660.SH,福耀玻璃,10003970,069001001001,016035,汽车零部件,481,63317506507.68,50555375019.68,25.24,0,2508617532,2002986332,20.9765716,20.10878789,3.27090229,13.20073959,13.00634707,3.28651464,0.49792431,2018-05-18 00:00:00
600660,600660.SH,福耀玻璃,10003970,069001001001,016035,汽车零部件,481,63317506507.68,50555375019.68,25.24,-0.512416239653,2508617532,2002986332,20.9765716,20.10878789,3.27090229,13.20073959,13.00634707,3.28651464,0.49792431,2018-05-17 00:00:00
600660,600660.SH,福耀玻璃,10003970,069001001001,016035,汽车零部件,481,63643626786.84,50815763242.84,25.37,-1.168679392287,2508617532,2002986332,21.08461258,20.2123593,3.28774926,13.26873072,13.07333697,3.30344202,0.5004889,2018-05-16 00:00:00
600660,600660.SH,福耀玻璃,10003970,069001001001,016035,汽车零部件,481,64396212046.44,51416659142.44,25.67,1.945988880064,2508617532,2002986332,21.33393792,20.45137025,3.32662686,13.42563333,13.22792905,3.34250519,0.50640717,2018-05-15 00:00:00
600660,600660.SH,福耀玻璃,10003970,069001001001,016035,汽车零部件,481,63166989455.76,50435195839.76,25.18,1.737373737374,2508617532,2002986332,20.92670654,20.0609857,3.26312677,13.16935906,12.97542865,3.27870201,0.49674065,2018-05-14 00:00:00
600660,600660.SH,福耀玻璃,10003970,069001001001,016035,汽车零部件,481,62088283917,49573911717,24.75,-0.241837968561,2508617532,2002986332,20.56934022,19.71840334,3.20740221,12.94446532,12.75384667,3.22271147,0.48825779,2018-05-11 00:00:00
600660,600660.SH,福耀玻璃,10003970,069001001001,016035,汽车零部件,481,62238800968.92,49694090896.92,24.81,1.555464592714,2508617532,2002986332,20.61920529,19.76620553,3.21517773,12.97584585,12.78476509,3.2305241,0.48944145,2018-05-10 00:00:00
600660,600660.SH,福耀玻璃,10003970,069001001001,016035,汽车零部件,481,61285526306.76,48932956090.76,24.43,0.287356321839,2508617532,2002986332,20.3033932,19.46345832,3.16593277,12.77710254,12.58894845,3.18104409,0.48194496,2018-05-09 00:00:00
600660,600660.SH,福耀玻璃,10003970,069001001001,016035,汽车零部件,481,61109923079.52,48792747047.52,24.36,1.415487094088,2508617532,2002986332,20.24521728,19.4076891,3.15686133,12.74049193,12.55287697,3.17192935,0.48056403,2018-05-08 00:00:00
600660,600660.SH,福耀玻璃,10003970,069001001001,016035,汽车零部件,481,60256993118.64,48111731694.64,24.02,1.995753715499,2508617532,2002986332,19.96264857,19.13681003,3.11280004,12.56266897,12.37767261,3.12765775,0.47385665,2018-05-07 00:00:00
600660,600660.SH,福耀玻璃,10003970,069001001001,016035,汽车零部件,481,59077942878.6,47170328118.6,23.55,-0.716694772344,2508617532,2002986332,19.57203888,18.76235954,3.0518918,12.31685488,12.13547835,3.06645879,0.46458469,2018-05-04 00:00:00
600660,600660.SH,福耀玻璃,10003970,069001001001,016035,汽车零部件,481,59504407859.04,47510835795.04,23.72,2.728453876137,2508617532,2002986332,19.71332323,18.89779908,3.07392244,12.40576636,12.22308053,3.08859459,0.46793838,2018-05-03 00:00:00
600660,600660.SH,福耀玻璃,10003970,069001001001,016035,汽车零部件,481,57923978813.88,46248954405.88,23.09,2.759234534935,2508617532,2002986332,19.18974003,18.39587608,2.99227948,12.07627088,11.89843716,3.00656193,0.45551,2018-05-02 00:00:00
600660,600660.SH,福耀玻璃,10003970,069001001001,016035,汽车零部件,481,56368635944.04,45007102880.04,22.47,-5.149852258337,2508617532,2002986332,18.67446767,17.90192012,2.91193243,11.75200549,11.57894686,2.92583138,0.44327889,2018-04-27 00:00:00
600660,600660.SH,福耀玻璃,10003970,069001001001,016035,汽车零部件,481,59429149333.08,47450746205.08,23.69,-0.042194092827,2508617532,2002986332,18.87389798,18.87389798,3.07003468,12.3900761,12.3900761,3.17537891,0.46734655,2018-04-26 00:00:00
600660,600660.SH,福耀玻璃,10003970,069001001001,016035,汽车零部件,481,59454235508.4,47470776068.4,23.7,0.296233601354,2508617532,2002986332,18.88186501,18.88186501,3.0713306,12.39530619,12.39530619,3.1767193,0.46754382,2018-04-25 00:00:00
600660,600660.SH,福耀玻璃,10003970,069001001001,016035,汽车零部件,481,59278632281.16,47330567025.16,23.63,3.187772925764,2508617532,2002986332,18.82609579,18.82609579,3.06225916,12.35869558,12.35869558,3.16733658,0.46616289,2018-04-24 00:00:00
600660,600660.SH,福耀玻璃,10003970,069001001001,016035,汽车零部件,481,57447341482.8,45868387002.8,22.9,0.526777875329,2508617532,2002986332,18.24450248,18.24450248,2.96765699,11.97689923,11.97689923,3.06948827,0.45176175,2018-04-23 00:00:00
600660,600660.SH,福耀玻璃,10003970,069001001001,016035,汽车零部件,481,57146307378.96,45628028642.96,22.78,-0.349956255468,2508617532,2002986332,18.1488981,18.1488981,2.95210595,11.91413818,11.91413818,3.05340361,0.44939444,2018-04-20 00:00:00
600660,600660.SH,福耀玻璃,10003970,069001001001,016035,汽车零部件,481,57346996781.52,45788267549.52,22.86,0.351185250219,2508617532,2002986332,18.21263435,18.21263435,2.96247331,11.95597888,11.95597888,3.06412672,0.45097265,2018-04-19 00:00:00
600660,600660.SH,福耀玻璃,10003970,069001001001,016035,汽车零部件,481,57146307378.96,45628028642.96,22.78,-0.567437800087,2508617532,2002986332,18.1488981,18.1488981,2.95210595,11.91413818,11.91413818,3.05340361,0.44939444,2018-04-18 00:00:00
600660,600660.SH,福耀玻璃,10003970,069001001001,016035,汽车零部件,481,57472427658.12,45888416866.12,22.91,-2.261092150171,2508617532,2002986332,18.25246951,18.25246951,2.96895292,11.98212932,11.98212932,3.07082865,0.45195903,2018-04-17 00:00:00
600660,600660.SH,福耀玻璃,10003970,069001001001,016035,汽车零部件,481,58801994950.08,46949999622.08,23.44,-1.138760016871,2508617532,2002986332,18.67472219,18.67472219,3.03763668,12.25932393,12.25932393,3.14186921,0.46241465,2018-04-16 00:00:00
600660,600660.SH,福耀玻璃,10003970,069001001001,016035,汽车零部件,481,59479321683.72,47490805931.72,23.71,-1.495637723307,2508617532,2002986332,18.88983204,18.88983204,3.07262652,12.40053628,12.40053628,3.17805969,0.4677411,2018-04-13 00:00:00
600660,600660.SH,福耀玻璃,10003970,069001001001,016035,汽车零部件,481,60382423995.24,48211881011.24,24.07,-0.987248046072,2508617532,2002986332,19.17664518,19.17664518,3.11927964,12.58881941,12.58881941,3.22631365,0.47484303,2018-04-12 00:00:00
600660,600660.SH,福耀玻璃,10003970,069001001001,016035,汽车零部件,481,60984492202.92,48692597730.92,24.31,-0.531914893617,2508617532,2002986332,19.36785394,19.36785394,3.15038173,12.7143415,12.7143415,3.25848296,0.47957765,2018-04-11 00:00:00
600660,600660.SH,福耀玻璃,10003970,069001001001,016035,汽车零部件,481,61310612482.08,48952985954.08,24.44,2.473794549266,2508617532,2002986332,19.47142536,19.47142536,3.16722869,12.78233263,12.78233263,3.275908,0.48214224,2018-04-10 00:00:00
600660,600660.SH,福耀玻璃,10003970,069001001001,016035,汽车零部件,481,59830528138.2,47771224018.2,23.85,-1.730531520396,2508617532,2002986332,19.00137049,19.00137049,3.0907694,12.47375749,12.47375749,3.19682512,0.47050296,2018-04-09 00:00:00
600660,600660.SH,福耀玻璃,10003970,069001001001,016035,汽车零部件,481,60884147501.64,48612478277.64,24.27,0.705394190871,2508617532,2002986332,19.33598582,19.33598582,3.14519805,12.69342115,12.69342115,3.25312141,0.47878855,2018-04-04 00:00:00
600660,600660.SH,福耀玻璃,10003970,069001001001,016035,汽车零部件,481,60457682521.2,48271970601.2,24.1,-0.986031224322,2508617532,2002986332,19.20054628,19.20054628,3.12316741,12.60450967,12.60450967,3.23033481,0.47543486,2018-04-03 00:00:00
600660,600660.SH,福耀玻璃,10003970,069001001001,016035,汽车零部件,481,61059750728.88,48752687320.88,24.34,-1.73597093258,2508617532,2002986332,19.39175504,19.39175504,3.15426949,12.73003176,12.73003176,3.26250412,0.48016948,2018-04-02 00:00:00
600660,600660.SH,福耀玻璃,10003970,069001001001,016035,汽车零部件,481,62138456267.64,49613971443.64,24.77,3.251354731138,2508617532,2002986332,19.7343374,19.7343374,3.27030125,12.9549255,12.9549255,3.3201408,0.48865234,2018-03-30 00:00:00
600660,600660.SH,福耀玻璃,10003970,069001001001,016035,汽车零部件,481,60181734592.68,48051642104.68,23.99,-1.760851760852,2508617532,2002986332,19.11290893,19.11290893,3.16732043,12.54697871,12.54697871,3.21559055,0.47326483,2018-03-29 00:00:00
600660,600660.SH,福耀玻璃,10003970,069001001001,016035,汽车零部件,481,61260440131.44,48912926227.44,24.42,-3.21046373365,2508617532,2002986332,19.45549129,19.45549129,3.22409191,12.77187245,12.77187245,3.27322723,0.48174769,2018-03-28 00:00:00
600660,600660.SH,福耀玻璃,10003970,069001001001,016035,汽车零部件,481,63292420332.36,50535345156.36,25.23,-0.864440078585,2508617532,2002986332,20.10082086,20.10082086,3.33103353,13.1955095,13.1955095,3.38179865,0.49772703,2018-03-27 00:00:00
600660,600660.SH,福耀玻璃,10003970,069001001001,016035,汽车零部件,481,63844316189.4,50976002149.4,25.45,-1.509287925697,2508617532,2002986332,20.27609555,20.27609555,3.36007941,13.31057141,13.31057141,3.41128718,0.5020671,2018-03-26 00:00:00
600660,600660.SH,福耀玻璃,10003970,069001001001,016035,汽车零部件,481,64822677026.88,51757166818.88,25.84,-0.23166023166,2508617532,2002986332,20.58680979,20.58680979,3.41156982,13.51454481,13.51454481,3.46356231,0.50976086,2018-03-23 00:00:00
600660,600660.SH,福耀玻璃,10003970,069001001001,016035,汽车零部件,481,64973194078.8,51877345998.8,25.9,-0.461183704842,2508617532,2002986332,20.63461198,20.63461198,3.41949142,13.54592533,13.54592533,3.47160463,0.51094452,2018-03-22 00:00:00
600660,600660.SH,福耀玻璃,10003970,069001001001,016035,汽车零部件,481,65274228182.64,52117704358.64,26.02,-0.687022900763,2508617532,2002986332,20.73021636,20.73021636,3.43533462,13.60868637,13.60868637,3.48768929,0.51331183,2018-03-21 00:00:00
600660,600660.SH,福耀玻璃,10003970,069001001001,016035,汽车零部件,481,65725779338.4,52478241898.4,26.2,0.691775557264,2508617532,2002986332,20.87362293,20.87362293,3.45909943,13.70282794,13.70282794,3.51181627,0.51686279,2018-03-20 00:00:00
600660,600660.SH,福耀玻璃,10003970,069001001001,016035,汽车零部件,481,65274228182.64,52117704358.64,26.02,-2.546816479401,2508617532,2002986332,20.73021636,20.73021636,3.43533462,13.60868637,13.60868637,3.48768929,0.51331183,2018-03-19 00:00:00
600660,600660.SH,福耀玻璃,10003970,069001001001,016035,汽车零部件,481,66980088104.4,53479735064.4,26.7,-0.890868596882,2508617532,2002986332,21.52057573,21.27197451,3.52511278,13.96433229,16.60486086,3.63423413,0.52672659,2018-03-16 00:00:00
600660,600660.SH,福耀玻璃,10003970,069001001001,016035,汽车零部件,481,67582156312.08,53960451784.08,26.94,0.974512743628,2508617532,2002986332,21.71401911,21.46318327,3.55679918,14.08985438,16.75411804,3.66690141,0.53146121,2018-03-15 00:00:00
600660,600660.SH,福耀玻璃,10003970,069001001001,016035,汽车零部件,481,66929915753.76,53439675337.76,26.68,0.414000752729,2508617532,2002986332,21.50445545,21.25604045,3.52247224,13.95387211,16.59242277,3.63151186,0.52633204,2018-03-14 00:00:00
600660,600660.SH,福耀玻璃,10003970,069001001001,016035,汽车零部件,481,66653967825.24,53219346841.24,26.57,-1.373422420193,2508617532,2002986332,21.4157939,21.1684031,3.50794931,13.89634116,16.52401323,3.61653936,0.524162,2018-03-13 00:00:00
600660,600660.SH,福耀玻璃,10003970,069001001001,016035,汽车零部件,481,67582156312.08,53960451784.08,26.94,1.202103681443,2508617532,2002986332,21.71401911,21.46318327,3.55679918,14.08985438,16.75411804,3.66690141,0.53146121,2018-03-12 00:00:00
600660,600660.SH,福耀玻璃,10003970,069001001001,016035,汽车零部件,481,66779398701.84,53319496157.84,26.62,1.139817629179,2508617532,2002986332,21.45609461,21.20823826,3.51455064,13.92249159,16.55510847,3.62334504,0.52514838,2018-03-09 00:00:00
600660,600660.SH,福耀玻璃,10003970,069001001001,016035,汽车零部件,481,66026813442.24,52718600258.24,26.32,0.190331176247,2508617532,2002986332,21.21429039,20.96922731,3.47494263,13.76558898,16.368537,3.58251095,0.5192301,2018-03-08 00:00:00
600660,600660.SH,福耀玻璃,10003970,069001001001,016035,汽车零部件,481,65901382565.64,52618450941.64,26.27,-0.830502076255,2508617532,2002986332,21.17398968,20.92939215,3.4683413,13.73943855,16.33744176,3.57570527,0.51824372,2018-03-07 00:00:00
600660,600660.SH,福耀玻璃,10003970,069001001001,016035,汽车零部件,481,66453278422.68,53059107934.68,26.49,2.436194895592,2508617532,2002986332,21.35131278,21.10466684,3.49738717,13.85450046,16.47426084,3.60565027,0.52258379,2018-03-06 00:00:00
600660,600660.SH,福耀玻璃,10003970,069001001001,016035,汽车零部件,481,64872849377.52,51797226545.52,25.86,-0.538461538462,2508617532,2002986332,20.84352391,20.60274385,3.41421035,13.52500498,16.08246075,3.51989868,0.51015541,2018-03-05 00:00:00
600660,600660.SH,福耀玻璃,10003970,069001001001,016035,汽车零部件,481,65224055832,52077644632,26,-1.065449010654,2508617532,2002986332,20.95636588,20.71428229,3.43269409,13.5982262,16.16952743,3.53895459,0.51291728,2018-03-02 00:00:00
600660,600660.SH,福耀玻璃,10003970,069001001001,016035,汽车零部件,481,65926468740.96,52638480804.96,26.28,0.381970970206,2508617532,2002986332,21.18204982,20.93735918,3.46966156,13.74466863,16.34366081,3.5770664,0.518441,2018-03-01 00:00:00
600660,600660.SH,福耀玻璃,10003970,069001001001,016035,汽车零部件,481,65675606987.76,52438182171.76,26.18,-2.057613168724,2508617532,2002986332,21.10144842,20.85768886,3.45645889,13.69236776,16.28147032,3.56345504,0.51646824,2018-02-28 00:00:00
600660,600660.SH,福耀玻璃,10003970,069001001001,016035,汽车零部件,481,67055346630.36,53539824654.36,26.73,-2.087912087912,2508617532,2002986332,21.54475616,21.2958756,3.52907358,13.98002255,16.62351801,3.63831754,0.52731842,2018-02-27 00:00:00
600660,600660.SH,福耀玻璃,10003970,069001001001,016035,汽车零部件,481,68485258623.6,54681526863.6,27.3,1.298701298701,2508617532,2002986332,22.00418418,21.74999641,3.60432879,14.27813751,16.97800381,3.71590231,0.53856314,2018-02-26 00:00:00
600660,600660.SH,福耀玻璃,10003970,069001001001,016035,汽车零部件,481,67607242487.4,53980481647.4,26.95,0.223131275567,2508617532,2002986332,21.72207925,21.4711503,3.55811945,14.09508446,16.76033709,3.66826254,0.53165848,2018-02-23 00:00:00
600660,600660.SH,福耀玻璃,10003970,069001001001,016035,汽车零部件,481,67456725435.48,53860302467.48,26.89,2.63358778626,2508617532,2002986332,21.67371841,21.42334811,3.55019785,14.06370394,16.7230228,3.66009572,0.53047483,2018-02-22 00:00:00
600660,600660.SH,福耀玻璃,10003970,069001001001,016035,汽车零部件,481,65725779338.4,52478241898.4,26.2,-0.266463646745,2508617532,2002986332,21.1175687,20.87362293,3.45909943,13.70282794,16.29390841,3.56617731,0.51686279,2018-02-14 00:00:00
600660,600660.SH,福耀玻璃,10003970,069001001001,016035,汽车零部件,481,65901382565.64,52618450941.64,26.27,2.417153996101,2508617532,2002986332,21.17398968,20.92939215,3.4683413,13.73943855,16.33744176,3.57570527,0.51824372,2018-02-13 00:00:00
600660,600660.SH,福耀玻璃,10003970,069001001001,016035,汽车零部件,481,64346039695.8,51376599415.8,25.65,1.183431952663,2508617532,2002986332,20.67426096,20.43543619,3.38648475,13.41517315,15.95186072,3.49131481,0.50601262,2018-02-12 00:00:00
600660,600660.SH,福耀玻璃,10003970,069001001001,016035,汽车零部件,481,63593454436.2,50775703516.2,25.35,-3.575503993914,2508617532,2002986332,20.43245674,20.19642524,3.34687674,13.25827054,15.76528925,3.45048072,0.50009434,2018-02-09 00:00:00
600660,600660.SH,福耀玻璃,10003970,069001001001,016035,汽车零部件,481,65951554916.28,52658510668.28,26.29,1.623502126015,2508617532,2002986332,21.19010996,20.94532621,3.47098183,13.74989872,16.34987986,3.57842754,0.51863828,2018-02-08 00:00:00
600660,600660.SH,福耀玻璃,10003970,069001001001,016035,汽车零部件,481,64897935552.84,51817256408.84,25.87,0.583203732504,2508617532,2002986332,20.85158405,20.61071088,3.41553062,13.53023507,16.0886798,3.52125981,0.51035269,2018-02-07 00:00:00
600660,600660.SH,福耀玻璃,10003970,069001001001,016035,汽车零部件,481,64521642923.04,51516808459.04,25.72,-3.922301083302,2508617532,2002986332,20.73068194,20.49120541,3.39572661,13.45178376,15.99539406,3.50084277,0.50739355,2018-02-06 00:00:00
600660,600660.SH,福耀玻璃,10003970,069001001001,016035,汽车零部件,481,67155691331.64,53619944107.64,26.77,-0.704747774481,2508617532,2002986332,21.57699672,21.32774373,3.53435465,14.0009429,16.64839421,3.64376209,0.52810752,2018-02-05 00:00:00
600660,600660.SH,福耀玻璃,10003970,069001001001,016035,汽车零部件,481,67632328662.72,54000511510.72,26.96,0.785046728972,2508617532,2002986332,21.73013939,21.47911733,3.55943972,14.10031455,16.76655614,3.66962368,0.53185576,2018-02-02 00:00:00
600660,600660.SH,福耀玻璃,10003970,069001001001,016035,汽车零部件,481,67105518981,53579884381,26.75,-1.25507567368,2508617532,2002986332,21.56087644,21.31180967,3.53171411,13.99048272,16.63595611,3.64103981,0.52771297,2018-02-01 00:00:00
600660,600660.SH,福耀玻璃,10003970,069001001001,016035,汽车零部件,481,67958448941.88,54260899733.88,27.09,0.893854748603,2508617532,2002986332,21.83492122,21.58268874,3.57660319,14.16830568,16.84740378,3.68731845,0.53442035,2018-01-31 00:00:00
600660,600660.SH,福耀玻璃,10003970,069001001001,016035,汽车零部件,481,67356380734.2,53780183014.2,26.85,1.168048229088,2508617532,2002986332,21.64147784,21.39147998,3.54491678,14.04278359,16.6981466,3.65465118,0.52968573,2018-01-30 00:00:00
600660,600660.SH,福耀玻璃,10003970,069001001001,016035,汽车零部件,481,66578709299.28,53159257251.28,26.54,-4.601006470165,2508617532,2002986332,21.39161348,21.144502,3.50398851,13.8806509,16.50535608,3.61245595,0.52357017,2018-01-29 00:00:00
600660,600660.SH,福耀玻璃,10003970,069001001001,016035,汽车零部件,481,69789739740.24,55723079756.24,27.82,0.469483568075,2508617532,2002986332,22.42331149,22.16428205,3.67298268,14.55010203,17.30139435,3.78668141,0.54882149,2018-01-26 00:00:00
600660,600660.SH,福耀玻璃,10003970,069001001001,016035,汽车零部件,481,69463619461.08,55462691533.08,27.69,-2.431289640592,2508617532,2002986332,22.31852967,22.06071064,3.65581921,14.4821109,17.22054672,3.76898663,0.5462569,2018-01-25 00:00:00
600660,600660.SH,福耀玻璃,10003970,069001001001,016035,汽车零部件,481,71194565558.16,56844752102.16,28.38,-1.526717557252,2508617532,2002986332,22.87467938,22.61043583,3.74691763,14.8429869,17.6496611,3.86290504,0.55986893,2018-01-24 00:00:00
600660,600660.SH,福耀玻璃,10003970,069001001001,016035,汽车零部件,481,72298357272.24,57726066088.24,28.82,-0.552104899931,2508617532,2002986332,23.22932557,22.96098522,3.80500937,15.07311073,17.92329926,3.92279504,0.56854907,2018-01-23 00:00:00
600660,600660.SH,福耀玻璃,10003970,069001001001,016035,汽车零部件,481,72699736077.36,58046543901.36,28.98,2.006335797254,2508617532,2002986332,23.35828782,23.08845772,3.82613364,15.15679212,18.02280404,3.94457323,0.57170549,2018-01-22 00:00:00
600660,600660.SH,福耀玻璃,10003970,069001001001,016035,汽车零部件,481,71269824084.12,56904841692.12,28.41,0.424178154825,2508617532,2002986332,22.8988598,22.63433692,3.75087843,14.85867717,17.66831825,3.86698845,0.56046076,2018-01-19 00:00:00
600660,600660.SH,福耀玻璃,10003970,069001001001,016035,汽车零部件,481,70968789980.28,56664483332.28,28.29,0.497335701599,2508617532,2002986332,22.80213811,22.53873254,3.73503522,14.79591612,17.59368966,3.85065482,0.55809345,2018-01-18 00:00:00
600660,600660.SH,福耀玻璃,10003970,069001001001,016035,汽车零部件,481,70617583525.8,56384065245.8,28.15,-2.527700831025,2508617532,2002986332,22.68929614,22.4271941,3.71655149,14.7226949,17.50662297,3.83159891,0.55533159,2018-01-17 00:00:00
600660,600660.SH,福耀玻璃,10003970,069001001001,016035,汽车零部件,481,72448874324.16,57846245268.16,28.88,1.368901368901,2508617532,2002986332,23.27768641,23.00878741,3.81293097,15.10449125,17.96061355,3.93096186,0.56973273,2018-01-16 00:00:00
600660,600660.SH,福耀玻璃,10003970,069001001001,016035,汽车零部件,481,71470513486.68,57065080598.68,28.49,-3.062266076897,2508617532,2002986332,22.96334092,22.69807317,3.76144056,14.90051786,17.71807064,3.87787754,0.56203897,2018-01-15 00:00:00
600660,600660.SH,福耀玻璃,10003970,069001001001,016035,汽车零部件,481,73728269265.48,58867768297.48,29.39,-1.342732460557,2508617532,2002986332,23.68875359,23.41510602,3.88026459,15.37122569,18.27778505,4.00037982,0.5797938,2018-01-12 00:00:00
600660,600660.SH,福耀玻璃,10003970,069001001001,016035,汽车零部件,481,74731716278.28,59668962830.28,29.79,-0.7,2508617532,2002986332,24.01115922,23.73378729,3.93307527,15.58042917,18.52654701,4.05482527,0.58768483,2018-01-11 00:00:00
600660,600660.SH,福耀玻璃,10003970,069001001001,016035,汽车零部件,481,75258525960,60089589960,30,1.214574898785,2508617532,2002986332,24.18042217,23.90109495,3.96080087,15.690261,18.65714704,4.08340914,0.59182763,2018-01-10 00:00:00
600660,600660.SH,福耀玻璃,10003970,069001001001,016035,汽车零部件,481,74355423648.48,59368514880.48,29.64,-0.503524672709,2508617532,2002986332,23.89025711,23.61428181,3.91327126,15.50197787,18.43326127,4.03440823,0.58472569,2018-01-09 00:00:00
600660,600660.SH,福耀玻璃,10003970,069001001001,016035,汽车零部件,481,74731716278.28,59668962830.28,29.79,1.464577656676,2508617532,2002986332,24.01115922,23.73378729,3.93307527,15.58042917,18.52654701,4.05482527,0.58768483,2018-01-08 00:00:00
600660,600660.SH,福耀玻璃,10003970,069001001001,016035,汽车零部件,481,73653010739.52,58807678707.52,29.36,-0.877785280216,2508617532,2002986332,23.66457317,23.39120493,3.87630379,15.35553543,18.2591279,3.99629641,0.57920197,2018-01-05 00:00:00
600660,600660.SH,福耀玻璃,10003970,069001001001,016035,汽车零部件,481,74305251297.84,59328455153.84,29.62,0.270819228165,2508617532,2002986332,23.87413683,23.59834775,3.91063073,15.49151769,18.42082318,4.03168595,0.58433114,2018-01-04 00:00:00
600660,600660.SH,福耀玻璃,10003970,069001001001,016035,汽车零部件,481,74104561895.28,59168216247.28,29.54,-1.170960187354,2508617532,2002986332,23.8096557,23.5346115,3.90006859,15.449677,18.37107078,4.02079686,0.58275294,2018-01-03 00:00:00
600660,600660.SH,福耀玻璃,10003970,069001001001,016035,汽车零部件,481,74982578031.48,59869261463.48,29.89,3.068965517241,2508617532,2002986332,24.09176062,23.81345761,3.94627794,15.63273004,18.5887375,4.06843664,0.58965759,2018-01-02 00:00:00
