date,unit_nav,cumulative_nav,reinvested_nav,dividend,split_ratio,event_note
2012-02-14,10.5243,10.5243,10.524286,0.000000,1.0000,Yahoo前复权
2012-02-15,10.6638,10.6638,10.663830,0.000000,1.0000,Yahoo前复权
2012-02-16,10.6528,10.6528,10.652826,0.000000,1.0000,Yahoo前复权
2012-02-17,10.7959,10.7959,10.795893,0.000000,1.0000,Yahoo前复权
2012-02-20,10.7739,10.7739,10.773882,0.000000,1.0000,Yahoo前复权
2012-02-21,10.7629,10.7629,10.762875,0.000000,1.0000,Yahoo前复权
2012-02-22,10.7299,10.7299,10.729861,0.000000,1.0000,Yahoo前复权
2012-02-23,10.7849,10.7849,10.784887,0.000000,1.0000,Yahoo前复权
2012-02-24,10.7959,10.7959,10.795893,0.000000,1.0000,Yahoo前复权
2012-02-27,10.7299,10.7299,10.729861,0.000000,1.0000,Yahoo前复权
2012-02-28,10.8069,10.8069,10.806896,0.000000,1.0000,Yahoo前复权
2012-02-29,10.8839,10.8839,10.883932,0.000000,1.0000,Yahoo前复权
2012-03-01,10.8949,10.8949,10.894935,0.000000,1.0000,Yahoo前复权
2012-03-02,10.9720,10.9720,10.971970,0.000000,1.0000,Yahoo前复权
2012-03-05,10.9280,10.9280,10.927952,0.000000,1.0000,Yahoo前复权
2012-03-06,10.8069,10.8069,10.806896,0.000000,1.0000,Yahoo前复权
2012-03-07,10.7299,10.7299,10.729861,0.000000,1.0000,Yahoo前复权
2012-03-08,10.8016,10.8016,10.801612,0.000000,1.0000,Yahoo前复权
2012-03-09,10.8949,10.8949,10.894935,0.000000,1.0000,Yahoo前复权
2012-03-12,10.8211,10.8211,10.821091,0.000000,1.0000,Yahoo前复权
2012-03-13,10.9169,10.9169,10.916947,0.000000,1.0000,Yahoo前复权
2012-03-14,10.9761,10.9761,10.976096,0.000000,1.0000,Yahoo前复权
2012-03-15,10.9273,10.9273,10.927294,0.000000,1.0000,Yahoo前复权
2012-03-16,10.9390,10.9390,10.938956,0.000000,1.0000,Yahoo前复权
2012-03-20,10.8179,10.8179,10.817903,0.000000,1.0000,Yahoo前复权
2012-03-21,10.7299,10.7299,10.729861,0.000000,1.0000,Yahoo前复权
2012-03-22,10.7959,10.7959,10.795893,0.000000,1.0000,Yahoo前复权
2012-03-23,10.6748,10.6748,10.674834,0.000000,1.0000,Yahoo前复权
2012-03-26,10.6586,10.6586,10.658550,0.000000,1.0000,Yahoo前复权
2012-03-27,10.8100,10.8100,10.809977,0.000000,1.0000,Yahoo前复权
2012-03-28,10.7849,10.7849,10.784887,0.000000,1.0000,Yahoo前复权
2012-03-29,10.7115,10.7115,10.711536,0.000000,1.0000,Yahoo前复权
2012-03-30,10.6858,10.6858,10.685841,0.000000,1.0000,Yahoo前复权
2012-04-02,10.7502,10.7502,10.750163,0.000000,1.0000,Yahoo前复权
2012-04-03,10.7629,10.7629,10.762875,0.000000,1.0000,Yahoo前复权
2012-04-05,10.7299,10.7299,10.729861,0.000000,1.0000,Yahoo前复权
2012-04-10,10.7409,10.7409,10.740868,0.000000,1.0000,Yahoo前复权
2012-04-11,10.6308,10.6308,10.630816,0.000000,1.0000,Yahoo前复权
2012-04-12,10.6748,10.6748,10.674834,0.000000,1.0000,Yahoo前复权
2012-04-13,10.7727,10.7727,10.772670,0.000000,1.0000,Yahoo前复权
2012-04-16,10.7536,10.7536,10.753579,0.000000,1.0000,Yahoo前复权
2012-04-17,10.6858,10.6858,10.685841,0.000000,1.0000,Yahoo前复权
2012-04-18,10.7959,10.7959,10.795893,0.000000,1.0000,Yahoo前复权
2012-04-19,10.8702,10.8702,10.870230,0.000000,1.0000,Yahoo前复权
2012-04-20,10.8509,10.8509,10.850915,0.000000,1.0000,Yahoo前复权
2012-04-23,10.7519,10.7519,10.751871,0.000000,1.0000,Yahoo前复权
2012-04-24,10.7629,10.7629,10.762875,0.000000,1.0000,Yahoo前复权
2012-04-25,10.7959,10.7959,10.795893,0.000000,1.0000,Yahoo前复权
2012-04-26,10.8831,10.8831,10.883105,0.000000,1.0000,Yahoo前复权
2012-04-27,10.8773,10.8773,10.877273,0.000000,1.0000,Yahoo前复权
2012-04-30,10.9720,10.9720,10.971970,0.000000,1.0000,Yahoo前复权
2012-05-02,10.9940,10.9940,10.993979,0.000000,1.0000,Yahoo前复权
2012-05-03,10.9720,10.9720,10.971970,0.000000,1.0000,Yahoo前复权
2012-05-04,10.9610,10.9610,10.960963,0.000000,1.0000,Yahoo前复权
2012-05-07,10.7739,10.7739,10.773882,0.000000,1.0000,Yahoo前复权
2012-05-08,10.7849,10.7849,10.784887,0.000000,1.0000,Yahoo前复权
2012-05-09,10.7933,10.7933,10.793304,0.000000,1.0000,Yahoo前复权
2012-05-10,10.7189,10.7189,10.718854,0.000000,1.0000,Yahoo前复权
2012-05-11,10.6418,10.6418,10.641822,0.000000,1.0000,Yahoo前复权
2012-05-14,10.5538,10.5538,10.553779,0.000000,1.0000,Yahoo前复权
2012-05-15,10.5208,10.5208,10.520764,0.000000,1.0000,Yahoo前复权
2012-05-16,10.2897,10.2897,10.289663,0.000000,1.0000,Yahoo前复权
2012-05-17,10.2677,10.2677,10.267652,0.000000,1.0000,Yahoo前复权
2012-05-18,10.1356,10.1356,10.135592,0.000000,1.0000,Yahoo前复权
2012-05-21,10.2254,10.2254,10.225392,0.000000,1.0000,Yahoo前复权
2012-05-22,10.3059,10.3059,10.305947,0.000000,1.0000,Yahoo前复权
2012-05-23,10.2641,10.2641,10.264131,0.000000,1.0000,Yahoo前复权
2012-05-24,10.1796,10.1796,10.179613,0.000000,1.0000,Yahoo前复权
2012-05-28,10.2566,10.2566,10.256648,0.000000,1.0000,Yahoo前复权
2012-05-29,10.3491,10.3491,10.349143,0.000000,1.0000,Yahoo前复权
2012-05-30,10.2346,10.2346,10.234637,0.000000,1.0000,Yahoo前复权
2012-05-31,10.1466,10.1466,10.146596,0.000000,1.0000,Yahoo前复权
2012-06-01,10.1892,10.1892,10.189240,0.000000,1.0000,Yahoo前复权
2012-06-04,9.9815,9.9815,9.981522,0.000000,1.0000,Yahoo前复权
2012-06-05,10.0696,10.0696,10.069559,0.000000,1.0000,Yahoo前复权
2012-06-06,10.1356,10.1356,10.135592,0.000000,1.0000,Yahoo前复权
2012-06-07,10.3117,10.3117,10.311668,0.000000,1.0000,Yahoo前复权
2012-06-08,10.2776,10.2776,10.277613,0.000000,1.0000,Yahoo前复权
2012-06-11,10.3667,10.3667,10.366696,0.000000,1.0000,Yahoo前复权
2012-06-12,10.3887,10.3887,10.388705,0.000000,1.0000,Yahoo前复权
2012-06-13,10.4386,10.4386,10.438614,0.000000,1.0000,Yahoo前复权
2012-06-14,10.3670,10.3670,10.366975,0.000000,1.0000,Yahoo前复权
2012-06-15,10.5110,10.5110,10.511023,0.000000,1.0000,Yahoo前复权
2012-06-18,10.5868,10.5868,10.586797,0.000000,1.0000,Yahoo前复权
2012-06-19,10.6414,10.6414,10.641436,0.000000,1.0000,Yahoo前复权
2012-06-20,10.6638,10.6638,10.663830,0.000000,1.0000,Yahoo前复权
2012-06-21,10.6528,10.6528,10.652826,0.000000,1.0000,Yahoo前复权
2012-06-22,10.5978,10.5978,10.597800,0.000000,1.0000,Yahoo前复权
2012-06-26,10.6400,10.6400,10.640004,0.000000,1.0000,Yahoo前复权
2012-06-27,10.6308,10.6308,10.630816,0.000000,1.0000,Yahoo前复权
2012-06-28,10.6528,10.6528,10.652826,0.000000,1.0000,Yahoo前复权
2012-06-29,10.6748,10.6748,10.674834,0.000000,1.0000,Yahoo前复权
2012-07-03,10.7181,10.7181,10.718087,0.000000,1.0000,Yahoo前复权
2012-07-04,10.7210,10.7210,10.721002,0.000000,1.0000,Yahoo前复权
2012-07-05,10.6858,10.6858,10.685841,0.000000,1.0000,Yahoo前复权
2012-07-06,10.7977,10.7977,10.797707,0.000000,1.0000,Yahoo前复权
2012-07-09,10.7180,10.7180,10.717975,0.000000,1.0000,Yahoo前复权
2012-07-10,10.6748,10.6748,10.674834,0.000000,1.0000,Yahoo前复权
2012-07-11,10.6972,10.6972,10.697172,0.000000,1.0000,Yahoo前复权
2012-07-12,10.5428,10.5428,10.542778,0.000000,1.0000,Yahoo前复权
2012-07-13,10.5341,10.5341,10.534136,0.000000,1.0000,Yahoo前复权
2012-07-16,10.5771,10.5771,10.577055,0.000000,1.0000,Yahoo前复权
2012-07-17,10.7007,10.7007,10.700697,0.000000,1.0000,Yahoo前复权
2012-07-18,10.6352,10.6352,10.635161,0.000000,1.0000,Yahoo前复权
2012-07-19,10.7235,10.7235,10.723532,0.000000,1.0000,Yahoo前复权
2012-07-20,10.7220,10.7220,10.721993,0.000000,1.0000,Yahoo前复权
2012-07-23,10.5784,10.5784,10.578381,0.000000,1.0000,Yahoo前复权
2012-07-24,10.5098,10.5098,10.509762,0.000000,1.0000,Yahoo前复权
2012-07-25,10.4547,10.4547,10.454737,0.000000,1.0000,Yahoo前复权
2012-07-26,10.4437,10.4437,10.443731,0.000000,1.0000,Yahoo前复权
2012-07-27,10.6255,10.6255,10.625532,0.000000,1.0000,Yahoo前复权
2012-07-30,10.7076,10.7076,10.707576,0.000000,1.0000,Yahoo前复权
2012-07-31,10.6968,10.6968,10.696847,0.000000,1.0000,Yahoo前复权
2012-08-01,10.7189,10.7189,10.718854,0.000000,1.0000,Yahoo前复权
2012-08-02,10.8038,10.8038,10.803762,0.000000,1.0000,Yahoo前复权
2012-08-03,10.7299,10.7299,10.729861,0.000000,1.0000,Yahoo前复权
2012-08-06,10.7930,10.7930,10.793030,0.000000,1.0000,Yahoo前复权
2012-08-07,10.8839,10.8839,10.883932,0.000000,1.0000,Yahoo前复权
2012-08-08,10.8508,10.8508,10.850751,0.000000,1.0000,Yahoo前复权
2012-08-09,10.9325,10.9325,10.932515,0.000000,1.0000,Yahoo前复权
2012-08-10,10.8760,10.8760,10.875952,0.000000,1.0000,Yahoo前复权
2012-08-13,10.8450,10.8450,10.844975,0.000000,1.0000,Yahoo前复权
2012-08-14,10.9021,10.9021,10.902144,0.000000,1.0000,Yahoo前复权
2012-08-15,10.7409,10.7409,10.740868,0.000000,1.0000,Yahoo前复权
2012-08-16,10.7844,10.7844,10.784389,0.000000,1.0000,Yahoo前复权
2012-08-17,10.8264,10.8264,10.826375,0.000000,1.0000,Yahoo前复权
2012-08-20,10.8596,10.8596,10.859558,0.000000,1.0000,Yahoo前复权
2012-08-21,10.8488,10.8488,10.848822,0.000000,1.0000,Yahoo前复权
2012-08-22,10.7843,10.7843,10.784335,0.000000,1.0000,Yahoo前复权
2012-08-23,10.8930,10.8930,10.893010,0.000000,1.0000,Yahoo前复权
2012-08-24,10.7901,10.7901,10.790060,0.000000,1.0000,Yahoo前复权
2012-08-27,10.7959,10.7959,10.795893,0.000000,1.0000,Yahoo前复权
2012-08-28,10.7691,10.7691,10.769148,0.000000,1.0000,Yahoo前复权
2012-08-29,10.7792,10.7792,10.779221,0.000000,1.0000,Yahoo前复权
2012-08-30,10.7747,10.7747,10.774651,0.000000,1.0000,Yahoo前复权
2012-08-31,10.7665,10.7665,10.766508,0.000000,1.0000,Yahoo前复权
2012-09-03,10.7849,10.7849,10.784887,0.000000,1.0000,Yahoo前复权
2012-09-04,10.7605,10.7605,10.760510,0.000000,1.0000,Yahoo前复权
2012-09-05,10.7629,10.7629,10.762875,0.000000,1.0000,Yahoo前复权
2012-09-06,10.7687,10.7687,10.768707,0.000000,1.0000,Yahoo前复权
2012-09-07,10.9221,10.9221,10.922062,0.000000,1.0000,Yahoo前复权
2012-09-10,10.9654,10.9654,10.965423,0.000000,1.0000,Yahoo前复权
2012-09-11,10.9390,10.9390,10.938956,0.000000,1.0000,Yahoo前复权
2012-09-12,11.0050,11.0050,11.004985,0.000000,1.0000,Yahoo前复权
2012-09-13,11.0358,11.0358,11.035799,0.000000,1.0000,Yahoo前复权
2012-09-14,11.1701,11.1701,11.170062,0.000000,1.0000,Yahoo前复权
2012-09-17,11.1701,11.1701,11.170062,0.000000,1.0000,Yahoo前复权
2012-09-18,11.1150,11.1150,11.115035,0.000000,1.0000,Yahoo前复权
2012-09-19,11.2452,11.2452,11.245170,0.000000,1.0000,Yahoo前复权
2012-09-20,11.2067,11.2067,11.206653,0.000000,1.0000,Yahoo前复权
2012-09-21,11.1884,11.1884,11.188437,0.000000,1.0000,Yahoo前复权
2012-09-24,11.1701,11.1701,11.170062,0.000000,1.0000,Yahoo前复权
2012-09-25,11.1701,11.1701,11.170062,0.000000,1.0000,Yahoo前复权
2012-09-26,11.1425,11.1425,11.142549,0.000000,1.0000,Yahoo前复权
2012-09-27,11.1425,11.1425,11.142549,0.000000,1.0000,Yahoo前复权
2012-09-28,11.2251,11.2251,11.225083,0.000000,1.0000,Yahoo前复权
2012-10-03,11.2801,11.2801,11.280110,0.000000,1.0000,Yahoo前复权
2012-10-04,11.3626,11.3626,11.362645,0.000000,1.0000,Yahoo前复权
2012-10-05,11.4177,11.4177,11.417674,0.000000,1.0000,Yahoo前复权
2012-10-08,11.3902,11.3902,11.390161,0.000000,1.0000,Yahoo前复权
2012-10-09,11.3626,11.3626,11.362645,0.000000,1.0000,Yahoo前复权
2012-10-10,11.3351,11.3351,11.335135,0.000000,1.0000,Yahoo前复权
2012-10-11,11.2526,11.2526,11.252596,0.000000,1.0000,Yahoo前复权
2012-10-12,11.2526,11.2526,11.252596,0.000000,1.0000,Yahoo前复权
2012-10-15,11.2526,11.2526,11.252596,0.000000,1.0000,Yahoo前复权
2012-10-16,11.2801,11.2801,11.280110,0.000000,1.0000,Yahoo前复权
2012-10-17,11.3351,11.3351,11.335135,0.000000,1.0000,Yahoo前复权
2012-10-18,11.3351,11.3351,11.335135,0.000000,1.0000,Yahoo前复权
2012-10-19,11.3351,11.3351,11.335135,0.000000,1.0000,Yahoo前复权
2012-10-22,11.3351,11.3351,11.335135,0.000000,1.0000,Yahoo前复权
2012-10-24,11.3902,11.3902,11.390161,0.000000,1.0000,Yahoo前复权
2012-10-25,11.4452,11.4452,11.445184,0.000000,1.0000,Yahoo前复权
2012-10-26,11.3902,11.3902,11.390161,0.000000,1.0000,Yahoo前复权
2012-10-29,11.3902,11.3902,11.390161,0.000000,1.0000,Yahoo前复权
2012-10-30,11.3902,11.3902,11.390161,0.000000,1.0000,Yahoo前复权
2012-10-31,11.3902,11.3902,11.390161,0.000000,1.0000,Yahoo前复权
2012-11-01,11.4452,11.4452,11.445184,0.000000,1.0000,Yahoo前复权
2012-11-02,11.5277,11.5277,11.527725,0.000000,1.0000,Yahoo前复权
2012-11-05,11.5552,11.5552,11.555235,0.000000,1.0000,Yahoo前复权
2012-11-06,11.5277,11.5277,11.527725,0.000000,1.0000,Yahoo前复权
2012-11-07,11.6103,11.6103,11.610262,0.000000,1.0000,Yahoo前复权
2012-11-08,11.5552,11.5552,11.555235,0.000000,1.0000,Yahoo前复权
2012-11-09,11.5277,11.5277,11.527725,0.000000,1.0000,Yahoo前复权
2012-11-12,11.5277,11.5277,11.527725,0.000000,1.0000,Yahoo前复权
2012-11-13,11.4727,11.4727,11.472696,0.000000,1.0000,Yahoo前复权
2012-11-14,11.5002,11.5002,11.500211,0.000000,1.0000,Yahoo前复权
2012-11-15,11.5277,11.5277,11.527725,0.000000,1.0000,Yahoo前复权
2012-11-16,11.5277,11.5277,11.527725,0.000000,1.0000,Yahoo前复权
2012-11-19,11.6103,11.6103,11.610262,0.000000,1.0000,Yahoo前复权
2012-11-20,11.6103,11.6103,11.610262,0.000000,1.0000,Yahoo前复权
2012-11-21,11.6653,11.6653,11.665283,0.000000,1.0000,Yahoo前复权
2012-11-22,11.8028,11.8028,11.802848,0.000000,1.0000,Yahoo前复权
2012-11-23,11.8304,11.8304,11.830359,0.000000,1.0000,Yahoo前复权
2012-11-26,11.8304,11.8304,11.830359,0.000000,1.0000,Yahoo前复权
2012-11-27,11.7753,11.7753,11.775336,0.000000,1.0000,Yahoo前复权
2012-11-28,11.7753,11.7753,11.775336,0.000000,1.0000,Yahoo前复权
2012-11-29,11.8028,11.8028,11.802848,0.000000,1.0000,Yahoo前复权
2012-11-30,11.8579,11.8579,11.857874,0.000000,1.0000,Yahoo前复权
2012-12-03,11.8579,11.8579,11.857874,0.000000,1.0000,Yahoo前复权
2012-12-04,11.9129,11.9129,11.912897,0.000000,1.0000,Yahoo前复权
2012-12-05,11.9404,11.9404,11.940411,0.000000,1.0000,Yahoo前复权
2012-12-06,12.0505,12.0505,12.050462,0.000000,1.0000,Yahoo前复权
2012-12-07,12.0505,12.0505,12.050462,0.000000,1.0000,Yahoo前复权
2012-12-10,12.0505,12.0505,12.050462,0.000000,1.0000,Yahoo前复权
2012-12-11,12.0505,12.0505,12.050462,0.000000,1.0000,Yahoo前复权
2012-12-12,12.0505,12.0505,12.050462,0.000000,1.0000,Yahoo前复权
2012-12-13,11.9404,11.9404,11.940411,0.000000,1.0000,Yahoo前复权
2012-12-14,11.8579,11.8579,11.857874,0.000000,1.0000,Yahoo前复权
2012-12-17,11.7753,11.7753,11.775336,0.000000,1.0000,Yahoo前复权
2012-12-18,11.7478,11.7478,11.747823,0.000000,1.0000,Yahoo前复权
2012-12-19,11.6928,11.6928,11.692796,0.000000,1.0000,Yahoo前复权
2012-12-20,11.6928,11.6928,11.692796,0.000000,1.0000,Yahoo前复权
2012-12-21,11.6653,11.6653,11.665283,0.000000,1.0000,Yahoo前复权
2012-12-24,11.6653,11.6653,11.665283,0.000000,1.0000,Yahoo前复权
2012-12-27,11.6653,11.6653,11.665283,0.000000,1.0000,Yahoo前复权
2012-12-28,11.7753,11.7753,11.775336,0.000000,1.0000,Yahoo前复权
2012-12-31,11.6653,11.6653,11.665283,0.000000,1.0000,Yahoo前复权
2013-01-02,11.8304,11.8304,11.830359,0.000000,1.0000,Yahoo前复权
2013-01-03,11.8304,11.8304,11.830359,0.000000,1.0000,Yahoo前复权
2013-01-04,11.8579,11.8579,11.857874,0.000000,1.0000,Yahoo前复权
2013-01-07,11.8854,11.8854,11.885386,0.000000,1.0000,Yahoo前复权
2013-01-08,11.8854,11.8854,11.885386,0.000000,1.0000,Yahoo前复权
2013-01-09,11.9954,11.9954,11.995436,0.000000,1.0000,Yahoo前复权
2013-01-10,12.0229,12.0229,12.022946,0.000000,1.0000,Yahoo前复权
2013-01-11,11.8854,11.8854,11.885386,0.000000,1.0000,Yahoo前复权
2013-01-14,12.0229,12.0229,12.022946,0.000000,1.0000,Yahoo前复权
2013-01-15,12.0505,12.0505,12.050462,0.000000,1.0000,Yahoo前复权
2013-01-16,12.0505,12.0505,12.050462,0.000000,1.0000,Yahoo前复权
2013-01-17,12.0505,12.0505,12.050462,0.000000,1.0000,Yahoo前复权
2013-01-18,12.1330,12.1330,12.132997,0.000000,1.0000,Yahoo前复权
2013-01-21,12.1605,12.1605,12.160505,0.000000,1.0000,Yahoo前复权
2013-01-22,12.1605,12.1605,12.160505,0.000000,1.0000,Yahoo前复权
2013-01-23,12.1605,12.1605,12.160505,0.000000,1.0000,Yahoo前复权
2013-01-24,12.2155,12.2155,12.215534,0.000000,1.0000,Yahoo前复权
2013-01-25,12.2155,12.2155,12.215534,0.000000,1.0000,Yahoo前复权
2013-01-28,12.2981,12.2981,12.298070,0.000000,1.0000,Yahoo前复权
2013-01-29,12.2981,12.2981,12.298070,0.000000,1.0000,Yahoo前复权
2013-01-30,12.3256,12.3256,12.325583,0.000000,1.0000,Yahoo前复权
2013-01-31,12.3531,12.3531,12.353096,0.000000,1.0000,Yahoo前复权
2013-02-01,12.4081,12.4081,12.408120,0.000000,1.0000,Yahoo前复权
2013-02-04,12.4356,12.4356,12.435633,0.000000,1.0000,Yahoo前复权
2013-02-05,12.3256,12.3256,12.325583,0.000000,1.0000,Yahoo前复权
2013-02-06,12.3531,12.3531,12.353096,0.000000,1.0000,Yahoo前复权
2013-02-07,12.4356,12.4356,12.435633,0.000000,1.0000,Yahoo前复权
2013-02-08,12.4081,12.4081,12.408120,0.000000,1.0000,Yahoo前复权
2013-02-14,12.6007,12.6007,12.600710,0.000000,1.0000,Yahoo前复权
2013-02-15,12.6007,12.6007,12.600710,0.000000,1.0000,Yahoo前复权
2013-02-18,12.5732,12.5732,12.573196,0.000000,1.0000,Yahoo前复权
2013-02-19,12.5182,12.5182,12.518167,0.000000,1.0000,Yahoo前复权
2013-02-20,12.5182,12.5182,12.518167,0.000000,1.0000,Yahoo前复权
2013-02-21,12.3531,12.3531,12.353096,0.000000,1.0000,Yahoo前复权
2013-02-22,12.3531,12.3531,12.353096,0.000000,1.0000,Yahoo前复权
2013-02-25,12.4081,12.4081,12.408120,0.000000,1.0000,Yahoo前复权
2013-02-26,12.2981,12.2981,12.298070,0.000000,1.0000,Yahoo前复权
2013-02-27,12.2430,12.2430,12.243046,0.000000,1.0000,Yahoo前复权
2013-02-28,12.3531,12.3531,12.353096,0.000000,1.0000,Yahoo前复权
2013-03-01,12.4081,12.4081,12.408120,0.000000,1.0000,Yahoo前复权
2013-03-04,12.2981,12.2981,12.298070,0.000000,1.0000,Yahoo前复权
2013-03-05,12.3256,12.3256,12.325583,0.000000,1.0000,Yahoo前复权
2013-03-06,12.3806,12.3806,12.380610,0.000000,1.0000,Yahoo前复权
2013-03-07,12.4081,12.4081,12.408120,0.000000,1.0000,Yahoo前复权
2013-03-08,12.4631,12.4631,12.463145,0.000000,1.0000,Yahoo前复权
2013-03-11,12.5457,12.5457,12.545686,0.000000,1.0000,Yahoo前复权
2013-03-12,12.4631,12.4631,12.463145,0.000000,1.0000,Yahoo前复权
2013-03-13,12.3256,12.3256,12.325583,0.000000,1.0000,Yahoo前复权
2013-03-14,12.2706,12.2706,12.270555,0.000000,1.0000,Yahoo前复权
2013-03-15,12.3256,12.3256,12.325583,0.000000,1.0000,Yahoo前复权
2013-03-18,12.1055,12.1055,12.105487,0.000000,1.0000,Yahoo前复权
2013-03-19,12.2155,12.2155,12.215534,0.000000,1.0000,Yahoo前复权
2013-03-20,12.2430,12.2430,12.243046,0.000000,1.0000,Yahoo前复权
2013-03-21,12.3256,12.3256,12.325583,0.000000,1.0000,Yahoo前复权
2013-03-22,12.2981,12.2981,12.298070,0.000000,1.0000,Yahoo前复权
2013-03-25,12.3256,12.3256,12.325583,0.000000,1.0000,Yahoo前复权
2013-03-26,12.3256,12.3256,12.325583,0.000000,1.0000,Yahoo前复权
2013-03-27,12.3531,12.3531,12.353096,0.000000,1.0000,Yahoo前复权
2013-03-28,12.3256,12.3256,12.325583,0.000000,1.0000,Yahoo前复权
2013-04-02,12.3531,12.3531,12.353096,0.000000,1.0000,Yahoo前复权
2013-04-03,12.3806,12.3806,12.380610,0.000000,1.0000,Yahoo前复权
2013-04-05,12.2430,12.2430,12.243046,0.000000,1.0000,Yahoo前复权
2013-04-08,12.2430,12.2430,12.243046,0.000000,1.0000,Yahoo前复权
2013-04-09,12.2706,12.2706,12.270555,0.000000,1.0000,Yahoo前复权
2013-04-10,12.3531,12.3531,12.353096,0.000000,1.0000,Yahoo前复权
2013-04-11,12.4081,12.4081,12.408120,0.000000,1.0000,Yahoo前复权
2013-04-12,12.4081,12.4081,12.408120,0.000000,1.0000,Yahoo前复权
2013-04-15,12.3531,12.3531,12.353096,0.000000,1.0000,Yahoo前复权
2013-04-16,12.3531,12.3531,12.353096,0.000000,1.0000,Yahoo前复权
2013-04-17,12.2981,12.2981,12.298070,0.000000,1.0000,Yahoo前复权
2013-04-18,12.2981,12.2981,12.298070,0.000000,1.0000,Yahoo前复权
2013-04-19,12.3806,12.3806,12.380610,0.000000,1.0000,Yahoo前复权
2013-04-22,12.4081,12.4081,12.408120,0.000000,1.0000,Yahoo前复权
2013-04-23,12.4631,12.4631,12.463145,0.000000,1.0000,Yahoo前复权
2013-04-24,12.4907,12.4907,12.490661,0.000000,1.0000,Yahoo前复权
2013-04-25,12.5457,12.5457,12.545686,0.000000,1.0000,Yahoo前复权
2013-04-26,12.5732,12.5732,12.573196,0.000000,1.0000,Yahoo前复权
2013-04-29,12.6007,12.6007,12.600710,0.000000,1.0000,Yahoo前复权
2013-04-30,12.6832,12.6832,12.683245,0.000000,1.0000,Yahoo前复权
2013-05-02,12.7383,12.7383,12.738270,0.000000,1.0000,Yahoo前复权
2013-05-03,12.8758,12.8758,12.875830,0.000000,1.0000,Yahoo前复权
2013-05-06,12.9309,12.9309,12.930860,0.000000,1.0000,Yahoo前复权
2013-05-07,12.8758,12.8758,12.875830,0.000000,1.0000,Yahoo前复权
2013-05-08,13.0134,13.0134,13.013395,0.000000,1.0000,Yahoo前复权
2013-05-09,13.0134,13.0134,13.013395,0.000000,1.0000,Yahoo前复权
2013-05-10,13.0684,13.0684,13.068419,0.000000,1.0000,Yahoo前复权
2013-05-13,13.0684,13.0684,13.068419,0.000000,1.0000,Yahoo前复权
2013-05-14,13.0409,13.0409,13.040910,0.000000,1.0000,Yahoo前复权
2013-05-15,13.1234,13.1234,13.123446,0.000000,1.0000,Yahoo前复权
2013-05-16,13.1234,13.1234,13.123446,0.000000,1.0000,Yahoo前复权
2013-05-20,13.1785,13.1785,13.178473,0.000000,1.0000,Yahoo前复权
2013-05-21,13.1510,13.1510,13.150954,0.000000,1.0000,Yahoo前复权
2013-05-22,12.9859,12.9859,12.985885,0.000000,1.0000,Yahoo前复权
2013-05-23,12.7933,12.7933,12.793291,0.000000,1.0000,Yahoo前复权
2013-05-24,12.8208,12.8208,12.820808,0.000000,1.0000,Yahoo前复权
2013-05-27,12.8483,12.8483,12.848325,0.000000,1.0000,Yahoo前复权
2013-05-28,12.9033,12.9033,12.903344,0.000000,1.0000,Yahoo前复权
2013-05-29,12.7658,12.7658,12.765784,0.000000,1.0000,Yahoo前复权
2013-05-30,12.5732,12.5732,12.573196,0.000000,1.0000,Yahoo前复权
2013-05-31,12.6007,12.6007,12.600710,0.000000,1.0000,Yahoo前复权
2013-06-03,12.5732,12.5732,12.573196,0.000000,1.0000,Yahoo前复权
2013-06-04,12.5182,12.5182,12.518167,0.000000,1.0000,Yahoo前复权
2013-06-05,12.2981,12.2981,12.298070,0.000000,1.0000,Yahoo前复权
2013-06-06,12.1880,12.1880,12.188017,0.000000,1.0000,Yahoo前复权
2013-06-07,12.1880,12.1880,12.188017,0.000000,1.0000,Yahoo前复权
2013-06-10,12.1880,12.1880,12.188017,0.000000,1.0000,Yahoo前复权
2013-06-11,12.0229,12.0229,12.022946,0.000000,1.0000,Yahoo前复权
2013-06-13,11.9129,11.9129,11.912897,0.000000,1.0000,Yahoo前复权
2013-06-14,11.9679,11.9679,11.967924,0.000000,1.0000,Yahoo前复权
2013-06-17,12.0780,12.0780,12.077972,0.000000,1.0000,Yahoo前复权
2013-06-18,12.1055,12.1055,12.105487,0.000000,1.0000,Yahoo前复权
2013-06-19,12.0505,12.0505,12.050462,0.000000,1.0000,Yahoo前复权
2013-06-20,11.8028,11.8028,11.802848,0.000000,1.0000,Yahoo前复权
2013-06-21,11.8028,11.8028,11.802848,0.000000,1.0000,Yahoo前复权
2013-06-24,11.6103,11.6103,11.610262,0.000000,1.0000,Yahoo前复权
2013-06-25,11.5552,11.5552,11.555235,0.000000,1.0000,Yahoo前复权
2013-06-26,11.6653,11.6653,11.665283,0.000000,1.0000,Yahoo前复权
2013-06-27,11.8579,11.8579,11.857874,0.000000,1.0000,Yahoo前复权
2013-06-28,11.9249,11.9249,11.924897,0.000000,1.0000,Yahoo前复权
2013-07-02,11.9249,11.9249,11.924897,0.000000,1.0000,Yahoo前复权
2013-07-03,11.7573,11.7573,11.757331,0.000000,1.0000,Yahoo前复权
2013-07-04,11.7853,11.7853,11.785261,0.000000,1.0000,Yahoo前复权
2013-07-05,11.9808,11.9808,11.980754,0.000000,1.0000,Yahoo前复权
2013-07-08,11.7573,11.7573,11.757331,0.000000,1.0000,Yahoo前复权
2013-07-09,11.8690,11.8690,11.869044,0.000000,1.0000,Yahoo前复权
2013-07-10,11.8970,11.8970,11.896968,0.000000,1.0000,Yahoo前复权
2013-07-11,12.1762,12.1762,12.176242,0.000000,1.0000,Yahoo前复权
2013-07-12,12.0925,12.0925,12.092460,0.000000,1.0000,Yahoo前复权
2013-07-15,12.0925,12.0925,12.092460,0.000000,1.0000,Yahoo前复权
2013-07-16,12.0925,12.0925,12.092460,0.000000,1.0000,Yahoo前复权
2013-07-17,12.0925,12.0925,12.092460,0.000000,1.0000,Yahoo前复权
2013-07-18,12.1483,12.1483,12.148316,0.000000,1.0000,Yahoo前复权
2013-07-19,12.1204,12.1204,12.120390,0.000000,1.0000,Yahoo前复权
2013-07-22,12.0645,12.0645,12.064534,0.000000,1.0000,Yahoo前复权
2013-07-23,12.2042,12.2042,12.204167,0.000000,1.0000,Yahoo前复权
2013-07-24,12.2042,12.2042,12.204167,0.000000,1.0000,Yahoo前复权
2013-07-25,12.2321,12.2321,12.232096,0.000000,1.0000,Yahoo前复权
2013-07-26,12.1762,12.1762,12.176242,0.000000,1.0000,Yahoo前复权
2013-07-29,12.1762,12.1762,12.176242,0.000000,1.0000,Yahoo前复权
2013-07-30,12.2042,12.2042,12.204167,0.000000,1.0000,Yahoo前复权
2013-07-31,12.2321,12.2321,12.232096,0.000000,1.0000,Yahoo前复权
2013-08-01,12.3159,12.3159,12.315877,0.000000,1.0000,Yahoo前复权
2013-08-02,12.4555,12.4555,12.455511,0.000000,1.0000,Yahoo前复权
2013-08-05,12.4555,12.4555,12.455511,0.000000,1.0000,Yahoo前复权
2013-08-06,12.3159,12.3159,12.315877,0.000000,1.0000,Yahoo前复权
2013-08-07,12.2600,12.2600,12.260024,0.000000,1.0000,Yahoo前复权
2013-08-08,12.3438,12.3438,12.343800,0.000000,1.0000,Yahoo前复权
2013-08-09,12.3159,12.3159,12.315877,0.000000,1.0000,Yahoo前复权
2013-08-12,12.4276,12.4276,12.427585,0.000000,1.0000,Yahoo前复权
2013-08-13,12.3997,12.3997,12.399660,0.000000,1.0000,Yahoo前复权
2013-08-14,12.3997,12.3997,12.399660,0.000000,1.0000,Yahoo前复权
2013-08-15,12.4276,12.4276,12.427585,0.000000,1.0000,Yahoo前复权
2013-08-16,12.3717,12.3717,12.371731,0.000000,1.0000,Yahoo前复权
2013-08-19,12.3438,12.3438,12.343800,0.000000,1.0000,Yahoo前复权
2013-08-20,12.2042,12.2042,12.204167,0.000000,1.0000,Yahoo前复权
2013-08-21,12.0645,12.0645,12.064534,0.000000,1.0000,Yahoo前复权
2013-08-22,12.1204,12.1204,12.120390,0.000000,1.0000,Yahoo前复权
2013-08-23,12.1204,12.1204,12.120390,0.000000,1.0000,Yahoo前复权
2013-08-26,12.1204,12.1204,12.120390,0.000000,1.0000,Yahoo前复权
2013-08-27,12.0645,12.0645,12.064534,0.000000,1.0000,Yahoo前复权
2013-08-28,11.8970,11.8970,11.896968,0.000000,1.0000,Yahoo前复权
2013-08-29,11.9249,11.9249,11.924897,0.000000,1.0000,Yahoo前复权
2013-08-30,11.9528,11.9528,11.952827,0.000000,1.0000,Yahoo前复权
2013-09-02,12.0925,12.0925,12.092460,0.000000,1.0000,Yahoo前复权
2013-09-03,12.1204,12.1204,12.120390,0.000000,1.0000,Yahoo前复权
2013-09-04,12.0645,12.0645,12.064534,0.000000,1.0000,Yahoo前复权
2013-09-05,12.0925,12.0925,12.092460,0.000000,1.0000,Yahoo前复权
2013-09-06,12.0645,12.0645,12.064534,0.000000,1.0000,Yahoo前复权
2013-09-09,12.0645,12.0645,12.064534,0.000000,1.0000,Yahoo前复权
2013-09-10,12.0645,12.0645,12.064534,0.000000,1.0000,Yahoo前复权
2013-09-11,12.0645,12.0645,12.064534,0.000000,1.0000,Yahoo前复权
2013-09-12,12.0645,12.0645,12.064534,0.000000,1.0000,Yahoo前复权
2013-09-13,12.0925,12.0925,12.092460,0.000000,1.0000,Yahoo前复权
2013-09-16,12.1762,12.1762,12.176242,0.000000,1.0000,Yahoo前复权
2013-09-17,12.1762,12.1762,12.176242,0.000000,1.0000,Yahoo前复权
2013-09-18,12.1762,12.1762,12.176242,0.000000,1.0000,Yahoo前复权
2013-09-19,12.3159,12.3159,12.315877,0.000000,1.0000,Yahoo前复权
2013-09-23,12.2600,12.2600,12.260024,0.000000,1.0000,Yahoo前复权
2013-09-24,12.2042,12.2042,12.204167,0.000000,1.0000,Yahoo前复权
2013-09-25,12.2042,12.2042,12.204167,0.000000,1.0000,Yahoo前复权
2013-09-26,12.2042,12.2042,12.204167,0.000000,1.0000,Yahoo前复权
2013-09-27,12.2321,12.2321,12.232096,0.000000,1.0000,Yahoo前复权
2013-09-30,12.2321,12.2321,12.232096,0.000000,1.0000,Yahoo前复权
2013-10-02,12.2321,12.2321,12.232096,0.000000,1.0000,Yahoo前复权
2013-10-03,12.2042,12.2042,12.204167,0.000000,1.0000,Yahoo前复权
2013-10-04,12.2042,12.2042,12.204167,0.000000,1.0000,Yahoo前复权
2013-10-07,12.1762,12.1762,12.176242,0.000000,1.0000,Yahoo前复权
2013-10-08,12.2042,12.2042,12.204167,0.000000,1.0000,Yahoo前复权
2013-10-09,12.1762,12.1762,12.176242,0.000000,1.0000,Yahoo前复权
2013-10-10,12.1204,12.1204,12.120390,0.000000,1.0000,Yahoo前复权
2013-10-11,12.2321,12.2321,12.232096,0.000000,1.0000,Yahoo前复权
2013-10-15,12.2321,12.2321,12.232096,0.000000,1.0000,Yahoo前复权
2013-10-16,12.2321,12.2321,12.232096,0.000000,1.0000,Yahoo前复权
2013-10-17,12.2321,12.2321,12.232096,0.000000,1.0000,Yahoo前复权
2013-10-18,12.1762,12.1762,12.176242,0.000000,1.0000,Yahoo前复权
2013-10-21,12.2321,12.2321,12.232096,0.000000,1.0000,Yahoo前复权
2013-10-22,12.2321,12.2321,12.232096,0.000000,1.0000,Yahoo前复权
2013-10-23,12.2042,12.2042,12.204167,0.000000,1.0000,Yahoo前复权
2013-10-24,12.1762,12.1762,12.176242,0.000000,1.0000,Yahoo前复权
2013-10-25,12.0925,12.0925,12.092460,0.000000,1.0000,Yahoo前复权
2013-10-28,12.0925,12.0925,12.092460,0.000000,1.0000,Yahoo前复权
2013-10-29,12.0925,12.0925,12.092460,0.000000,1.0000,Yahoo前复权
2013-10-30,12.1762,12.1762,12.176242,0.000000,1.0000,Yahoo前复权
2013-10-31,12.1483,12.1483,12.148316,0.000000,1.0000,Yahoo前复权
2013-11-01,12.1483,12.1483,12.148316,0.000000,1.0000,Yahoo前复权
2013-11-04,12.1762,12.1762,12.176242,0.000000,1.0000,Yahoo前复权
2013-11-05,12.1483,12.1483,12.148316,0.000000,1.0000,Yahoo前复权
2013-11-06,12.1483,12.1483,12.148316,0.000000,1.0000,Yahoo前复权
2013-11-07,12.1204,12.1204,12.120390,0.000000,1.0000,Yahoo前复权
2013-11-08,12.0645,12.0645,12.064534,0.000000,1.0000,Yahoo前复权
2013-11-11,12.0645,12.0645,12.064534,0.000000,1.0000,Yahoo前复权
2013-11-12,12.0645,12.0645,12.064534,0.000000,1.0000,Yahoo前复权
2013-11-13,12.0366,12.0366,12.036610,0.000000,1.0000,Yahoo前复权
2013-11-14,12.0366,12.0366,12.036610,0.000000,1.0000,Yahoo前复权
2013-11-15,12.1204,12.1204,12.120390,0.000000,1.0000,Yahoo前复权
2013-11-18,12.2880,12.2880,12.287953,0.000000,1.0000,Yahoo前复权
2013-11-19,12.2600,12.2600,12.260024,0.000000,1.0000,Yahoo前复权
2013-11-20,12.2600,12.2600,12.260024,0.000000,1.0000,Yahoo前复权
2013-11-21,12.2600,12.2600,12.260024,0.000000,1.0000,Yahoo前复权
2013-11-22,12.2321,12.2321,12.232096,0.000000,1.0000,Yahoo前复权
2013-11-25,12.2600,12.2600,12.260024,0.000000,1.0000,Yahoo前复权
2013-11-26,12.2600,12.2600,12.260024,0.000000,1.0000,Yahoo前复权
2013-11-27,12.2880,12.2880,12.287953,0.000000,1.0000,Yahoo前复权
2013-11-28,12.2880,12.2880,12.287953,0.000000,1.0000,Yahoo前复权
2013-11-29,12.3159,12.3159,12.315877,0.000000,1.0000,Yahoo前复权
2013-12-02,12.3997,12.3997,12.399660,0.000000,1.0000,Yahoo前复权
2013-12-03,12.2880,12.2880,12.287953,0.000000,1.0000,Yahoo前复权
2013-12-04,12.2880,12.2880,12.287953,0.000000,1.0000,Yahoo前复权
2013-12-05,12.2042,12.2042,12.204167,0.000000,1.0000,Yahoo前复权
2013-12-06,12.1483,12.1483,12.148316,0.000000,1.0000,Yahoo前复权
2013-12-09,12.1762,12.1762,12.176242,0.000000,1.0000,Yahoo前复权
2013-12-10,12.1483,12.1483,12.148316,0.000000,1.0000,Yahoo前复权
2013-12-11,12.0087,12.0087,12.008677,0.000000,1.0000,Yahoo前复权
2013-12-12,11.9528,11.9528,11.952827,0.000000,1.0000,Yahoo前复权
2013-12-13,11.8904,11.8904,11.890393,0.000000,1.0000,Yahoo前复权
2013-12-16,11.8053,11.8053,11.805259,0.000000,1.0000,Yahoo前复权
2013-12-17,11.8336,11.8336,11.833637,0.000000,1.0000,Yahoo前复权
2013-12-18,11.8336,11.8336,11.833637,0.000000,1.0000,Yahoo前复权
2013-12-19,11.8336,11.8336,11.833637,0.000000,1.0000,Yahoo前复权
2013-12-20,11.8336,11.8336,11.833637,0.000000,1.0000,Yahoo前复权
2013-12-23,11.8336,11.8336,11.833637,0.000000,1.0000,Yahoo前复权
2013-12-24,11.9755,11.9755,11.975529,0.000000,1.0000,Yahoo前复权
2013-12-27,11.9471,11.9471,11.947145,0.000000,1.0000,Yahoo前复权
2013-12-30,11.9755,11.9755,11.975529,0.000000,1.0000,Yahoo前复权
2013-12-31,12.0607,12.0607,12.060663,0.000000,1.0000,Yahoo前复权
2014-01-02,12.0890,12.0890,12.089036,0.000000,1.0000,Yahoo前复权
2014-01-03,11.9188,11.9188,11.918773,0.000000,1.0000,Yahoo前复权
2014-01-06,11.8053,11.8053,11.805259,0.000000,1.0000,Yahoo前复权
2014-01-07,11.7769,11.7769,11.776881,0.000000,1.0000,Yahoo前复权
2014-01-08,11.8053,11.8053,11.805259,0.000000,1.0000,Yahoo前复权
2014-01-09,11.8336,11.8336,11.833637,0.000000,1.0000,Yahoo前复权
2014-01-10,11.8620,11.8620,11.862015,0.000000,1.0000,Yahoo前复权
2014-01-13,11.8620,11.8620,11.862015,0.000000,1.0000,Yahoo前复权
2014-01-14,11.7769,11.7769,11.776881,0.000000,1.0000,Yahoo前复权
2014-01-15,11.8053,11.8053,11.805259,0.000000,1.0000,Yahoo前复权
2014-01-16,11.7769,11.7769,11.776881,0.000000,1.0000,Yahoo前复权
2014-01-17,11.7769,11.7769,11.776881,0.000000,1.0000,Yahoo前复权
2014-01-20,11.7201,11.7201,11.720123,0.000000,1.0000,Yahoo前复权
2014-01-21,11.7769,11.7769,11.776881,0.000000,1.0000,Yahoo前复权
2014-01-22,11.8336,11.8336,11.833637,0.000000,1.0000,Yahoo前复权
2014-01-23,11.8336,11.8336,11.833637,0.000000,1.0000,Yahoo前复权
2014-01-24,11.8053,11.8053,11.805259,0.000000,1.0000,Yahoo前复权
2014-01-27,11.5499,11.5499,11.549853,0.000000,1.0000,Yahoo前复权
2014-01-28,11.4080,11.4080,11.407969,0.000000,1.0000,Yahoo前复权
2014-01-29,11.2377,11.2377,11.237698,0.000000,1.0000,Yahoo前复权
2014-01-30,11.1469,11.1469,11.146889,0.000000,1.0000,Yahoo前复权
2014-02-04,11.2831,11.2831,11.283104,0.000000,1.0000,Yahoo前复权
2014-02-05,11.1923,11.1923,11.192293,0.000000,1.0000,Yahoo前复权
2014-02-06,11.2377,11.2377,11.237698,0.000000,1.0000,Yahoo前复权
2014-02-07,11.3512,11.3512,11.351210,0.000000,1.0000,Yahoo前复权
2014-02-10,11.4080,11.4080,11.407969,0.000000,1.0000,Yahoo前复权
2014-02-11,11.4647,11.4647,11.464722,0.000000,1.0000,Yahoo前复权
2014-02-12,11.6350,11.6350,11.634990,0.000000,1.0000,Yahoo前复权
2014-02-13,11.5782,11.5782,11.578233,0.000000,1.0000,Yahoo前复权
2014-02-14,11.5782,11.5782,11.578233,0.000000,1.0000,Yahoo前复权
2014-02-17,11.6350,11.6350,11.634990,0.000000,1.0000,Yahoo前复权
2014-02-18,11.6350,11.6350,11.634990,0.000000,1.0000,Yahoo前复权
2014-02-19,11.7201,11.7201,11.720123,0.000000,1.0000,Yahoo前复权
2014-02-20,11.6350,11.6350,11.634990,0.000000,1.0000,Yahoo前复权
2014-02-21,11.6634,11.6634,11.663366,0.000000,1.0000,Yahoo前复权
2014-02-24,11.6066,11.6066,11.606613,0.000000,1.0000,Yahoo前复权
2014-02-25,11.5782,11.5782,11.578233,0.000000,1.0000,Yahoo前复权
2014-02-26,11.5782,11.5782,11.578233,0.000000,1.0000,Yahoo前复权
2014-02-27,11.6350,11.6350,11.634990,0.000000,1.0000,Yahoo前复权
2014-02-28,11.6634,11.6634,11.663366,0.000000,1.0000,Yahoo前复权
2014-03-03,11.6634,11.6634,11.663366,0.000000,1.0000,Yahoo前复权
2014-03-04,11.6634,11.6634,11.663366,0.000000,1.0000,Yahoo前复权
2014-03-05,11.6634,11.6634,11.663366,0.000000,1.0000,Yahoo前复权
2014-03-06,11.6634,11.6634,11.663366,0.000000,1.0000,Yahoo前复权
2014-03-07,11.6634,11.6634,11.663366,0.000000,1.0000,Yahoo前复权
2014-03-10,11.6066,11.6066,11.606613,0.000000,1.0000,Yahoo前复权
2014-03-11,11.6066,11.6066,11.606613,0.000000,1.0000,Yahoo前复权
2014-03-12,11.5215,11.5215,11.521482,0.000000,1.0000,Yahoo前复权
2014-03-13,11.5215,11.5215,11.521482,0.000000,1.0000,Yahoo前复权
2014-03-14,11.4647,11.4647,11.464722,0.000000,1.0000,Yahoo前复权
2014-03-17,11.4647,11.4647,11.464722,0.000000,1.0000,Yahoo前复权
2014-03-18,11.5215,11.5215,11.521482,0.000000,1.0000,Yahoo前复权
2014-03-19,11.5499,11.5499,11.549853,0.000000,1.0000,Yahoo前复权
2014-03-20,11.5215,11.5215,11.521482,0.000000,1.0000,Yahoo前复权
2014-03-21,11.5215,11.5215,11.521482,0.000000,1.0000,Yahoo前复权
2014-03-24,11.6066,11.6066,11.606613,0.000000,1.0000,Yahoo前复权
2014-03-25,11.6066,11.6066,11.606613,0.000000,1.0000,Yahoo前复权
2014-03-26,11.7769,11.7769,11.776881,0.000000,1.0000,Yahoo前复权
2014-03-27,11.6634,11.6634,11.663366,0.000000,1.0000,Yahoo前复权
2014-03-28,11.8336,11.8336,11.833637,0.000000,1.0000,Yahoo前复权
2014-03-31,11.8336,11.8336,11.833637,0.000000,1.0000,Yahoo前复权
2014-04-01,11.9188,11.9188,11.918773,0.000000,1.0000,Yahoo前复权
2014-04-02,11.9755,11.9755,11.975529,0.000000,1.0000,Yahoo前复权
2014-04-03,12.0890,12.0890,12.089036,0.000000,1.0000,Yahoo前复权
2014-04-04,12.0607,12.0607,12.060663,0.000000,1.0000,Yahoo前复权
2014-04-07,12.0039,12.0039,12.003903,0.000000,1.0000,Yahoo前复权
2014-04-08,12.0323,12.0323,12.032284,0.000000,1.0000,Yahoo前复权
2014-04-09,12.0890,12.0890,12.089036,0.000000,1.0000,Yahoo前复权
2014-04-10,12.1174,12.1174,12.117417,0.000000,1.0000,Yahoo前复权
2014-04-11,12.1174,12.1174,12.117417,0.000000,1.0000,Yahoo前复权
2014-04-14,12.2026,12.2026,12.202552,0.000000,1.0000,Yahoo前复权
2014-04-15,12.1458,12.1458,12.145798,0.000000,1.0000,Yahoo前复权
2014-04-16,12.1458,12.1458,12.145798,0.000000,1.0000,Yahoo前复权
2014-04-17,12.1458,12.1458,12.145798,0.000000,1.0000,Yahoo前复权
2014-04-22,12.1174,12.1174,12.117417,0.000000,1.0000,Yahoo前复权
2014-04-23,12.1174,12.1174,12.117417,0.000000,1.0000,Yahoo前复权
2014-04-24,12.1174,12.1174,12.117417,0.000000,1.0000,Yahoo前复权
2014-04-25,12.0039,12.0039,12.003903,0.000000,1.0000,Yahoo前复权
2014-04-28,11.9188,11.9188,11.918773,0.000000,1.0000,Yahoo前复权
2014-04-29,12.0039,12.0039,12.003903,0.000000,1.0000,Yahoo前复权
2014-04-30,12.0039,12.0039,12.003903,0.000000,1.0000,Yahoo前复权
2014-05-02,12.0039,12.0039,12.003903,0.000000,1.0000,Yahoo前复权
2014-05-05,12.0039,12.0039,12.003903,0.000000,1.0000,Yahoo前复权
2014-05-07,11.9755,11.9755,11.975529,0.000000,1.0000,Yahoo前复权
2014-05-08,11.9471,11.9471,11.947145,0.000000,1.0000,Yahoo前复权
2014-05-09,11.9471,11.9471,11.947145,0.000000,1.0000,Yahoo前复权
2014-05-12,12.0039,12.0039,12.003903,0.000000,1.0000,Yahoo前复权
2014-05-13,12.0039,12.0039,12.003903,0.000000,1.0000,Yahoo前复权
2014-05-14,12.0607,12.0607,12.060663,0.000000,1.0000,Yahoo前复权
2014-05-15,12.1174,12.1174,12.117417,0.000000,1.0000,Yahoo前复权
2014-05-16,12.1174,12.1174,12.117417,0.000000,1.0000,Yahoo前复权
2014-05-19,12.1174,12.1174,12.117417,0.000000,1.0000,Yahoo前复权
2014-05-20,12.1174,12.1174,12.117417,0.000000,1.0000,Yahoo前复权
2014-05-21,12.1458,12.1458,12.145798,0.000000,1.0000,Yahoo前复权
2014-05-22,12.2593,12.2593,12.259309,0.000000,1.0000,Yahoo前复权
2014-05-23,12.2593,12.2593,12.259309,0.000000,1.0000,Yahoo前复权
2014-05-26,12.2593,12.2593,12.259309,0.000000,1.0000,Yahoo前复权
2014-05-27,12.2593,12.2593,12.259309,0.000000,1.0000,Yahoo前复权
2014-05-28,12.3444,12.3444,12.344441,0.000000,1.0000,Yahoo前复权
2014-05-29,12.2877,12.2877,12.287685,0.000000,1.0000,Yahoo前复权
2014-05-30,12.3444,12.3444,12.344441,0.000000,1.0000,Yahoo前复权
2014-06-03,12.4012,12.4012,12.401195,0.000000,1.0000,Yahoo前复权
2014-06-04,12.4296,12.4296,12.429576,0.000000,1.0000,Yahoo前复权
2014-06-05,12.4296,12.4296,12.429576,0.000000,1.0000,Yahoo前复权
2014-06-06,12.4012,12.4012,12.401195,0.000000,1.0000,Yahoo前复权
2014-06-09,12.4012,12.4012,12.401195,0.000000,1.0000,Yahoo前复权
2014-06-10,12.4012,12.4012,12.401195,0.000000,1.0000,Yahoo前复权
2014-06-11,12.4012,12.4012,12.401195,0.000000,1.0000,Yahoo前复权
2014-06-12,12.4012,12.4012,12.401195,0.000000,1.0000,Yahoo前复权
2014-06-13,12.4863,12.4863,12.486333,0.000000,1.0000,Yahoo前复权
2014-06-16,12.4580,12.4580,12.457953,0.000000,1.0000,Yahoo前复权
2014-06-17,12.4580,12.4580,12.457953,0.000000,1.0000,Yahoo前复权
2014-06-18,12.4580,12.4580,12.457953,0.000000,1.0000,Yahoo前复权
2014-06-19,12.4580,12.4580,12.457953,0.000000,1.0000,Yahoo前复权
2014-06-20,12.4296,12.4296,12.429576,0.000000,1.0000,Yahoo前复权
2014-06-23,12.3161,12.3161,12.316065,0.000000,1.0000,Yahoo前复权
2014-06-24,12.3444,12.3444,12.344441,0.000000,1.0000,Yahoo前复权
2014-06-25,12.3444,12.3444,12.344441,0.000000,1.0000,Yahoo前复权
2014-06-26,12.4296,12.4296,12.429576,0.000000,1.0000,Yahoo前复权
2014-06-27,12.5103,12.5103,12.510288,0.000000,1.0000,Yahoo前复权
2014-06-30,12.4815,12.4815,12.481461,0.000000,1.0000,Yahoo前复权
2014-07-02,12.5679,12.5679,12.567936,0.000000,1.0000,Yahoo前复权
2014-07-03,12.5968,12.5968,12.596761,0.000000,1.0000,Yahoo前复权
2014-07-04,12.5679,12.5679,12.567936,0.000000,1.0000,Yahoo前复权
2014-07-07,12.5679,12.5679,12.567936,0.000000,1.0000,Yahoo前复权
2014-07-08,12.6256,12.6256,12.625590,0.000000,1.0000,Yahoo前复权
2014-07-09,12.5968,12.5968,12.596761,0.000000,1.0000,Yahoo前复权
2014-07-10,12.5968,12.5968,12.596761,0.000000,1.0000,Yahoo前复权
2014-07-11,12.5391,12.5391,12.539115,0.000000,1.0000,Yahoo前复权
2014-07-14,12.5679,12.5679,12.567936,0.000000,1.0000,Yahoo前复权
2014-07-15,12.5679,12.5679,12.567936,0.000000,1.0000,Yahoo前复权
2014-07-16,12.5679,12.5679,12.567936,0.000000,1.0000,Yahoo前复权
2014-07-17,12.5968,12.5968,12.596761,0.000000,1.0000,Yahoo前复权
2014-07-18,12.5391,12.5391,12.539115,0.000000,1.0000,Yahoo前复权
2014-07-21,12.5391,12.5391,12.539115,0.000000,1.0000,Yahoo前复权
2014-07-22,12.6256,12.6256,12.625590,0.000000,1.0000,Yahoo前复权
2014-07-23,12.7121,12.7121,12.712065,0.000000,1.0000,Yahoo前复权
2014-07-24,12.7697,12.7697,12.769712,0.000000,1.0000,Yahoo前复权
2014-07-25,12.7697,12.7697,12.769712,0.000000,1.0000,Yahoo前复权
2014-07-28,12.7985,12.7985,12.798543,0.000000,1.0000,Yahoo前复权
2014-07-29,12.7985,12.7985,12.798543,0.000000,1.0000,Yahoo前复权
2014-07-30,12.7985,12.7985,12.798543,0.000000,1.0000,Yahoo前复权
2014-07-31,12.9138,12.9138,12.913842,0.000000,1.0000,Yahoo前复权
2014-08-01,12.8562,12.8562,12.856191,0.000000,1.0000,Yahoo前复权
2014-08-04,12.7697,12.7697,12.769712,0.000000,1.0000,Yahoo前复权
2014-08-05,12.8274,12.8274,12.827368,0.000000,1.0000,Yahoo前复权
2014-08-06,12.7409,12.7409,12.740887,0.000000,1.0000,Yahoo前复权
2014-08-07,12.7409,12.7409,12.740887,0.000000,1.0000,Yahoo前复权
2014-08-08,12.7409,12.7409,12.740887,0.000000,1.0000,Yahoo前复权
2014-08-11,12.8850,12.8850,12.885015,0.000000,1.0000,Yahoo前复权
2014-08-12,12.7697,12.7697,12.769712,0.000000,1.0000,Yahoo前复权
2014-08-13,12.8274,12.8274,12.827368,0.000000,1.0000,Yahoo前复权
2014-08-14,12.8850,12.8850,12.885015,0.000000,1.0000,Yahoo前复权
2014-08-15,12.9138,12.9138,12.913842,0.000000,1.0000,Yahoo前复权
2014-08-18,12.9138,12.9138,12.913842,0.000000,1.0000,Yahoo前复权
2014-08-19,13.1156,13.1156,13.115620,0.000000,1.0000,Yahoo前复权
2014-08-20,13.2886,13.2886,13.288575,0.000000,1.0000,Yahoo前复权
2014-08-21,13.2021,13.2021,13.202099,0.000000,1.0000,Yahoo前复权
2014-08-22,13.2021,13.2021,13.202099,0.000000,1.0000,Yahoo前复权
2014-08-25,13.2886,13.2886,13.288575,0.000000,1.0000,Yahoo前复权
2014-08-26,13.3751,13.3751,13.375053,0.000000,1.0000,Yahoo前复权
2014-08-27,13.3751,13.3751,13.375053,0.000000,1.0000,Yahoo前复权
2014-08-28,13.3462,13.3462,13.346227,0.000000,1.0000,Yahoo前复权
2014-08-29,13.3174,13.3174,13.317401,0.000000,1.0000,Yahoo前复权
2014-09-01,13.3462,13.3462,13.346227,0.000000,1.0000,Yahoo前复权
2014-09-02,13.3751,13.3751,13.375053,0.000000,1.0000,Yahoo前复权
2014-09-03,13.5192,13.5192,13.519182,0.000000,1.0000,Yahoo前复权
2014-09-04,13.5480,13.5480,13.548007,0.000000,1.0000,Yahoo前复权
2014-09-05,13.5480,13.5480,13.548007,0.000000,1.0000,Yahoo前复权
2014-09-08,13.4615,13.4615,13.461534,0.000000,1.0000,Yahoo前复权
2014-09-10,13.3751,13.3751,13.375053,0.000000,1.0000,Yahoo前复权
2014-09-11,13.3462,13.3462,13.346227,0.000000,1.0000,Yahoo前复权
2014-09-12,13.3462,13.3462,13.346227,0.000000,1.0000,Yahoo前复权
2014-09-15,13.2598,13.2598,13.259753,0.000000,1.0000,Yahoo前复权
2014-09-16,13.2021,13.2021,13.202099,0.000000,1.0000,Yahoo前复权
2014-09-17,13.2021,13.2021,13.202099,0.000000,1.0000,Yahoo前复权
2014-09-18,13.0580,13.0580,13.057971,0.000000,1.0000,Yahoo前复权
2014-09-19,13.0868,13.0868,13.086799,0.000000,1.0000,Yahoo前复权
2014-09-22,13.0868,13.0868,13.086799,0.000000,1.0000,Yahoo前复权
2014-09-23,13.0868,13.0868,13.086799,0.000000,1.0000,Yahoo前复权
2014-09-24,13.0003,13.0003,13.000322,0.000000,1.0000,Yahoo前复权
2014-09-25,13.0003,13.0003,13.000322,0.000000,1.0000,Yahoo前复权
2014-09-26,13.0003,13.0003,13.000322,0.000000,1.0000,Yahoo前复权
2014-09-29,12.8850,12.8850,12.885015,0.000000,1.0000,Yahoo前复权
2014-09-30,12.8562,12.8562,12.856191,0.000000,1.0000,Yahoo前复权
2014-10-03,12.8274,12.8274,12.827368,0.000000,1.0000,Yahoo前复权
2014-10-06,12.8274,12.8274,12.827368,0.000000,1.0000,Yahoo前复权
2014-10-07,12.8850,12.8850,12.885015,0.000000,1.0000,Yahoo前复权
2014-10-08,12.8274,12.8274,12.827368,0.000000,1.0000,Yahoo前复权
2014-10-09,12.9427,12.9427,12.942669,0.000000,1.0000,Yahoo前复权
2014-10-10,12.9138,12.9138,12.913842,0.000000,1.0000,Yahoo前复权
2014-10-13,12.8562,12.8562,12.856191,0.000000,1.0000,Yahoo前复权
2014-10-14,12.9138,12.9138,12.913842,0.000000,1.0000,Yahoo前复权
2014-10-15,12.9138,12.9138,12.913842,0.000000,1.0000,Yahoo前复权
2014-10-16,12.9138,12.9138,12.913842,0.000000,1.0000,Yahoo前复权
2014-10-17,12.9138,12.9138,12.913842,0.000000,1.0000,Yahoo前复权
2014-10-20,12.9138,12.9138,12.913842,0.000000,1.0000,Yahoo前复权
2014-10-21,12.9138,12.9138,12.913842,0.000000,1.0000,Yahoo前复权
2014-10-22,13.1733,13.1733,13.173270,0.000000,1.0000,Yahoo前复权
2014-10-23,13.0291,13.0291,13.029146,0.000000,1.0000,Yahoo前复权
2014-10-24,13.1444,13.1444,13.144448,0.000000,1.0000,Yahoo前复权
2014-10-27,13.0291,13.0291,13.029146,0.000000,1.0000,Yahoo前复权
2014-10-28,13.2021,13.2021,13.202099,0.000000,1.0000,Yahoo前复权
2014-10-29,13.2886,13.2886,13.288575,0.000000,1.0000,Yahoo前复权
2014-10-30,13.2886,13.2886,13.288575,0.000000,1.0000,Yahoo前复权
2014-10-31,13.3462,13.3462,13.346227,0.000000,1.0000,Yahoo前复权
2014-11-03,13.3462,13.3462,13.346227,0.000000,1.0000,Yahoo前复权
2014-11-04,13.2598,13.2598,13.259753,0.000000,1.0000,Yahoo前复权
2014-11-05,13.2021,13.2021,13.202099,0.000000,1.0000,Yahoo前复权
2014-11-06,13.2021,13.2021,13.202099,0.000000,1.0000,Yahoo前复权
2014-11-07,13.2886,13.2886,13.288575,0.000000,1.0000,Yahoo前复权
2014-11-10,13.2886,13.2886,13.288575,0.000000,1.0000,Yahoo前复权
2014-11-11,13.2886,13.2886,13.288575,0.000000,1.0000,Yahoo前复权
2014-11-12,13.3462,13.3462,13.346227,0.000000,1.0000,Yahoo前复权
2014-11-13,13.4327,13.4327,13.432703,0.000000,1.0000,Yahoo前复权
2014-11-14,13.4327,13.4327,13.432703,0.000000,1.0000,Yahoo前复权
2014-11-17,13.4327,13.4327,13.432703,0.000000,1.0000,Yahoo前复权
2014-11-18,13.4327,13.4327,13.432703,0.000000,1.0000,Yahoo前复权
2014-11-19,13.4039,13.4039,13.403876,0.000000,1.0000,Yahoo前复权
2014-11-20,13.3751,13.3751,13.375053,0.000000,1.0000,Yahoo前复权
2014-11-21,13.3462,13.3462,13.346227,0.000000,1.0000,Yahoo前复权
2014-11-24,13.4327,13.4327,13.432703,0.000000,1.0000,Yahoo前复权
2014-11-25,13.3462,13.3462,13.346227,0.000000,1.0000,Yahoo前复权
2014-11-26,13.4327,13.4327,13.432703,0.000000,1.0000,Yahoo前复权
2014-11-27,13.4327,13.4327,13.432703,0.000000,1.0000,Yahoo前复权
2014-11-28,13.4904,13.4904,13.490351,0.000000,1.0000,Yahoo前复权
2014-12-01,13.4615,13.4615,13.461534,0.000000,1.0000,Yahoo前复权
2014-12-02,13.4615,13.4615,13.461534,0.000000,1.0000,Yahoo前复权
2014-12-03,13.5480,13.5480,13.548007,0.000000,1.0000,Yahoo前复权
2014-12-04,13.6345,13.6345,13.634480,0.000000,1.0000,Yahoo前复权
2014-12-05,13.4904,13.4904,13.490351,0.000000,1.0000,Yahoo前复权
2014-12-08,13.4904,13.4904,13.490351,0.000000,1.0000,Yahoo前复权
2014-12-09,13.4904,13.4904,13.490351,0.000000,1.0000,Yahoo前复权
2014-12-10,13.3462,13.3462,13.346227,0.000000,1.0000,Yahoo前复权
2014-12-11,13.4039,13.4039,13.403876,0.000000,1.0000,Yahoo前复权
2014-12-12,13.5098,13.5098,13.509838,0.000000,1.0000,Yahoo前复权
2014-12-15,13.4510,13.4510,13.450971,0.000000,1.0000,Yahoo前复权
2014-12-16,13.2744,13.2744,13.274371,0.000000,1.0000,Yahoo前复权
2014-12-17,13.2744,13.2744,13.274371,0.000000,1.0000,Yahoo前复权
2014-12-18,13.1272,13.1272,13.127204,0.000000,1.0000,Yahoo前复权
2014-12-19,13.1861,13.1861,13.186070,0.000000,1.0000,Yahoo前复权
2014-12-22,13.3332,13.3332,13.333237,0.000000,1.0000,Yahoo前复权
2014-12-23,13.3038,13.3038,13.303803,0.000000,1.0000,Yahoo前复权
2014-12-24,13.3038,13.3038,13.303803,0.000000,1.0000,Yahoo前复权
2014-12-29,13.3332,13.3332,13.333237,0.000000,1.0000,Yahoo前复权
2014-12-30,13.3332,13.3332,13.333237,0.000000,1.0000,Yahoo前复权
2014-12-31,13.3332,13.3332,13.333237,0.000000,1.0000,Yahoo前复权
2015-01-02,13.3038,13.3038,13.303803,0.000000,1.0000,Yahoo前复权
2015-01-05,13.2449,13.2449,13.244938,0.000000,1.0000,Yahoo前复权
2015-01-06,13.2155,13.2155,13.215507,0.000000,1.0000,Yahoo前复权
2015-01-07,13.2155,13.2155,13.215507,0.000000,1.0000,Yahoo前复权
2015-01-08,13.2155,13.2155,13.215507,0.000000,1.0000,Yahoo前复权
2015-01-09,13.2449,13.2449,13.244938,0.000000,1.0000,Yahoo前复权
2015-01-12,13.3332,13.3332,13.333237,0.000000,1.0000,Yahoo前复权
2015-01-13,13.4215,13.4215,13.421536,0.000000,1.0000,Yahoo前复权
2015-01-14,13.4804,13.4804,13.480405,0.000000,1.0000,Yahoo前复权
2015-01-15,13.5393,13.5393,13.539270,0.000000,1.0000,Yahoo前复权
2015-01-16,13.5393,13.5393,13.539270,0.000000,1.0000,Yahoo前复权
2015-01-19,13.5393,13.5393,13.539270,0.000000,1.0000,Yahoo前复权
2015-01-20,13.4510,13.4510,13.450971,0.000000,1.0000,Yahoo前复权
2015-01-21,13.5098,13.5098,13.509838,0.000000,1.0000,Yahoo前复权
2015-01-22,13.5098,13.5098,13.509838,0.000000,1.0000,Yahoo前复权
2015-01-23,13.8336,13.8336,13.833599,0.000000,1.0000,Yahoo前复权
2015-01-26,14.0691,14.0691,14.069068,0.000000,1.0000,Yahoo前复权
2015-01-27,13.8925,13.8925,13.892469,0.000000,1.0000,Yahoo前复权
2015-01-28,14.0102,14.0102,14.010200,0.000000,1.0000,Yahoo前复权
2015-01-29,14.0102,14.0102,14.010200,0.000000,1.0000,Yahoo前复权
2015-01-30,14.0102,14.0102,14.010200,0.000000,1.0000,Yahoo前复权
2015-02-02,14.0102,14.0102,14.010200,0.000000,1.0000,Yahoo前复权
2015-02-03,14.0102,14.0102,14.010200,0.000000,1.0000,Yahoo前复权
2015-02-04,14.0102,14.0102,14.010200,0.000000,1.0000,Yahoo前复权
2015-02-05,13.8336,13.8336,13.833599,0.000000,1.0000,Yahoo前复权
2015-02-06,13.8336,13.8336,13.833599,0.000000,1.0000,Yahoo前复权
2015-02-09,13.8336,13.8336,13.833599,0.000000,1.0000,Yahoo前复权
2015-02-10,13.8336,13.8336,13.833599,0.000000,1.0000,Yahoo前复权
2015-02-11,13.8042,13.8042,13.804173,0.000000,1.0000,Yahoo前复权
2015-02-12,13.7159,13.7159,13.715871,0.000000,1.0000,Yahoo前复权
2015-02-13,13.7453,13.7453,13.745307,0.000000,1.0000,Yahoo前复权
2015-02-16,13.7453,13.7453,13.745307,0.000000,1.0000,Yahoo前复权
2015-02-17,13.8336,13.8336,13.833599,0.000000,1.0000,Yahoo前复权
2015-02-18,13.8336,13.8336,13.833599,0.000000,1.0000,Yahoo前复权
2015-02-23,13.8336,13.8336,13.833599,0.000000,1.0000,Yahoo前复权
2015-02-24,13.8042,13.8042,13.804173,0.000000,1.0000,Yahoo前复权
2015-02-25,13.8336,13.8336,13.833599,0.000000,1.0000,Yahoo前复权
2015-02-26,13.8336,13.8336,13.833599,0.000000,1.0000,Yahoo前复权
2015-02-27,13.8336,13.8336,13.833599,0.000000,1.0000,Yahoo前复权
2015-03-02,13.9219,13.9219,13.921899,0.000000,1.0000,Yahoo前复权
2015-03-03,13.8925,13.8925,13.892469,0.000000,1.0000,Yahoo前复权
2015-03-04,13.7453,13.7453,13.745307,0.000000,1.0000,Yahoo前复权
2015-03-05,13.6570,13.6570,13.657005,0.000000,1.0000,Yahoo前复权
2015-03-06,13.5981,13.5981,13.598137,0.000000,1.0000,Yahoo前复权
2015-03-09,13.5098,13.5098,13.509838,0.000000,1.0000,Yahoo前复权
2015-03-10,13.5098,13.5098,13.509838,0.000000,1.0000,Yahoo前复权
2015-03-11,13.4215,13.4215,13.421536,0.000000,1.0000,Yahoo前复权
2015-03-12,13.3627,13.3627,13.362671,0.000000,1.0000,Yahoo前复权
2015-03-13,13.3627,13.3627,13.362671,0.000000,1.0000,Yahoo前复权
2015-03-16,13.3627,13.3627,13.362671,0.000000,1.0000,Yahoo前复权
2015-03-17,13.3627,13.3627,13.362671,0.000000,1.0000,Yahoo前复权
2015-03-18,13.4804,13.4804,13.480405,0.000000,1.0000,Yahoo前复权
2015-03-19,13.5393,13.5393,13.539270,0.000000,1.0000,Yahoo前复权
2015-03-20,13.4804,13.4804,13.480405,0.000000,1.0000,Yahoo前复权
2015-03-23,13.4804,13.4804,13.480405,0.000000,1.0000,Yahoo前复权
2015-03-24,13.4804,13.4804,13.480405,0.000000,1.0000,Yahoo前复权
2015-03-25,13.5098,13.5098,13.509838,0.000000,1.0000,Yahoo前复权
2015-03-26,13.5098,13.5098,13.509838,0.000000,1.0000,Yahoo前复权
2015-03-27,13.5687,13.5687,13.568707,0.000000,1.0000,Yahoo前复权
2015-03-30,13.6864,13.6864,13.686435,0.000000,1.0000,Yahoo前复权
2015-03-31,13.7159,13.7159,13.715871,0.000000,1.0000,Yahoo前复权
2015-04-01,13.7453,13.7453,13.745307,0.000000,1.0000,Yahoo前复权
2015-04-02,13.7747,13.7747,13.774734,0.000000,1.0000,Yahoo前复权
2015-04-08,14.0396,14.0396,14.039637,0.000000,1.0000,Yahoo前复权
2015-04-09,14.3045,14.3045,14.304535,0.000000,1.0000,Yahoo前复权
2015-04-10,14.4223,14.4223,14.422266,0.000000,1.0000,Yahoo前复权
2015-04-13,14.5989,14.5989,14.598866,0.000000,1.0000,Yahoo前复权
2015-04-14,14.7166,14.7166,14.716595,0.000000,1.0000,Yahoo前复权
2015-04-15,14.7166,14.7166,14.716595,0.000000,1.0000,Yahoo前复权
2015-04-16,14.7166,14.7166,14.716595,0.000000,1.0000,Yahoo前复权
2015-04-17,14.6577,14.6577,14.657733,0.000000,1.0000,Yahoo前复权
2015-04-20,14.5106,14.5106,14.510568,0.000000,1.0000,Yahoo前复权
2015-04-21,14.5106,14.5106,14.510568,0.000000,1.0000,Yahoo前复权
2015-04-22,14.8049,14.8049,14.804898,0.000000,1.0000,Yahoo前复权
2015-04-23,14.8049,14.8049,14.804898,0.000000,1.0000,Yahoo前复权
2015-04-24,14.8638,14.8638,14.863762,0.000000,1.0000,Yahoo前复权
2015-04-27,15.0698,15.0698,15.069798,0.000000,1.0000,Yahoo前复权
2015-04-28,15.1875,15.1875,15.187531,0.000000,1.0000,Yahoo前复权
2015-04-29,15.1875,15.1875,15.187531,0.000000,1.0000,Yahoo前复权
2015-04-30,15.1581,15.1581,15.158097,0.000000,1.0000,Yahoo前复权
2015-05-04,15.2464,15.2464,15.246397,0.000000,1.0000,Yahoo前复权
2015-05-05,15.1581,15.1581,15.158097,0.000000,1.0000,Yahoo前复权
2015-05-06,15.0404,15.0404,15.040365,0.000000,1.0000,Yahoo前复权
2015-05-07,14.7755,14.7755,14.775466,0.000000,1.0000,Yahoo前复权
2015-05-08,15.0109,15.0109,15.010930,0.000000,1.0000,Yahoo前复权
2015-05-11,15.0109,15.0109,15.010930,0.000000,1.0000,Yahoo前复权
2015-05-12,14.9521,14.9521,14.952063,0.000000,1.0000,Yahoo前复权
2015-05-13,14.7460,14.7460,14.746032,0.000000,1.0000,Yahoo前复权
2015-05-14,14.7755,14.7755,14.775466,0.000000,1.0000,Yahoo前复权
2015-05-15,15.0109,15.0109,15.010930,0.000000,1.0000,Yahoo前复权
2015-05-18,15.0109,15.0109,15.010930,0.000000,1.0000,Yahoo前复权
2015-05-19,15.0109,15.0109,15.010930,0.000000,1.0000,Yahoo前复权
2015-05-20,15.0109,15.0109,15.010930,0.000000,1.0000,Yahoo前复权
2015-05-21,15.0109,15.0109,15.010930,0.000000,1.0000,Yahoo前复权
2015-05-22,15.0404,15.0404,15.040365,0.000000,1.0000,Yahoo前复权
2015-05-26,15.1875,15.1875,15.187531,0.000000,1.0000,Yahoo前复权
2015-05-27,15.1287,15.1287,15.128663,0.000000,1.0000,Yahoo前复权
2015-05-28,15.0109,15.0109,15.010930,0.000000,1.0000,Yahoo前复权
2015-05-29,14.8932,14.8932,14.893198,0.000000,1.0000,Yahoo前复权
2015-06-01,14.9815,14.9815,14.981496,0.000000,1.0000,Yahoo前复权
2015-06-02,14.9521,14.9521,14.952063,0.000000,1.0000,Yahoo前复权
2015-06-03,14.8343,14.8343,14.834330,0.000000,1.0000,Yahoo前复权
2015-06-04,14.7755,14.7755,14.775466,0.000000,1.0000,Yahoo前复权
2015-06-05,14.7755,14.7755,14.775466,0.000000,1.0000,Yahoo前复权
2015-06-08,14.6283,14.6283,14.628298,0.000000,1.0000,Yahoo前复权
2015-06-09,14.6283,14.6283,14.628298,0.000000,1.0000,Yahoo前复权
2015-06-10,14.5400,14.5400,14.539997,0.000000,1.0000,Yahoo前复权
2015-06-11,14.4517,14.4517,14.451699,0.000000,1.0000,Yahoo前复权
2015-06-12,14.5694,14.5694,14.569433,0.000000,1.0000,Yahoo前复权
2015-06-15,14.5989,14.5989,14.598866,0.000000,1.0000,Yahoo前复权
2015-06-16,14.3634,14.3634,14.363400,0.000000,1.0000,Yahoo前复权
2015-06-17,14.4223,14.4223,14.422266,0.000000,1.0000,Yahoo前复权
2015-06-18,14.5106,14.5106,14.510568,0.000000,1.0000,Yahoo前复权
2015-06-19,14.5694,14.5694,14.569433,0.000000,1.0000,Yahoo前复权
2015-06-22,14.6283,14.6283,14.628298,0.000000,1.0000,Yahoo前复权
2015-06-23,14.9815,14.9815,14.981496,0.000000,1.0000,Yahoo前复权
2015-06-24,14.9521,14.9521,14.952063,0.000000,1.0000,Yahoo前复权
2015-06-25,14.9461,14.9461,14.946133,0.000000,1.0000,Yahoo前复权
2015-06-26,14.6792,14.6792,14.679240,0.000000,1.0000,Yahoo前复权
2015-06-29,14.3234,14.3234,14.323381,0.000000,1.0000,Yahoo前复权
2015-06-30,14.6199,14.6199,14.619930,0.000000,1.0000,Yahoo前复权
2015-07-02,14.5606,14.5606,14.560617,0.000000,1.0000,Yahoo前复权
2015-07-03,14.2344,14.2344,14.234415,0.000000,1.0000,Yahoo前复权
2015-07-06,13.9082,13.9082,13.908210,0.000000,1.0000,Yahoo前复权
2015-07-07,13.9082,13.9082,13.908210,0.000000,1.0000,Yahoo前复权
2015-07-08,13.2261,13.2261,13.226139,0.000000,1.0000,Yahoo前复权
2015-07-09,13.5227,13.5227,13.522693,0.000000,1.0000,Yahoo前复权
2015-07-10,13.9675,13.9675,13.967516,0.000000,1.0000,Yahoo前复权
2015-07-13,13.9379,13.9379,13.937860,0.000000,1.0000,Yahoo前复权
2015-07-14,13.9379,13.9379,13.937860,0.000000,1.0000,Yahoo前复权
2015-07-15,13.9379,13.9379,13.937860,0.000000,1.0000,Yahoo前复权
2015-07-16,13.9379,13.9379,13.937860,0.000000,1.0000,Yahoo前复权
2015-07-17,14.1455,14.1455,14.145451,0.000000,1.0000,Yahoo前复权
2015-07-20,14.3234,14.3234,14.323381,0.000000,1.0000,Yahoo前复权
2015-07-21,14.3234,14.3234,14.323381,0.000000,1.0000,Yahoo前复权
2015-07-22,14.2048,14.2048,14.204762,0.000000,1.0000,Yahoo前复权
2015-07-23,14.2048,14.2048,14.204762,0.000000,1.0000,Yahoo前复权
2015-07-24,14.2641,14.2641,14.264069,0.000000,1.0000,Yahoo前复权
2015-07-27,13.9379,13.9379,13.937860,0.000000,1.0000,Yahoo前复权
2015-07-28,13.9972,13.9972,13.997171,0.000000,1.0000,Yahoo前复权
2015-07-29,13.9972,13.9972,13.997171,0.000000,1.0000,Yahoo前复权
2015-07-30,13.9972,13.9972,13.997171,0.000000,1.0000,Yahoo前复权
2015-07-31,13.9972,13.9972,13.997171,0.000000,1.0000,Yahoo前复权
2015-08-03,13.9972,13.9972,13.997171,0.000000,1.0000,Yahoo前复权
2015-08-04,13.9972,13.9972,13.997171,0.000000,1.0000,Yahoo前复权
2015-08-05,13.9379,13.9379,13.937860,0.000000,1.0000,Yahoo前复权
2015-08-06,13.9082,13.9082,13.908210,0.000000,1.0000,Yahoo前复权
2015-08-07,13.9675,13.9675,13.967516,0.000000,1.0000,Yahoo前复权
2015-08-10,13.8489,13.8489,13.848900,0.000000,1.0000,Yahoo前复权
2015-08-11,13.8785,13.8785,13.878550,0.000000,1.0000,Yahoo前复权
2015-08-12,13.6710,13.6710,13.670973,0.000000,1.0000,Yahoo前复权
2015-08-13,13.6117,13.6117,13.611660,0.000000,1.0000,Yahoo前复权
2015-08-14,13.6117,13.6117,13.611660,0.000000,1.0000,Yahoo前复权
2015-08-17,13.6117,13.6117,13.611660,0.000000,1.0000,Yahoo前复权
2015-08-18,13.5523,13.5523,13.552345,0.000000,1.0000,Yahoo前复权
2015-08-19,13.4337,13.4337,13.433727,0.000000,1.0000,Yahoo前复权
2015-08-20,13.1372,13.1372,13.137176,0.000000,1.0000,Yahoo前复权
2015-08-21,12.8703,12.8703,12.870282,0.000000,1.0000,Yahoo前复权
2015-08-24,12.4255,12.4255,12.425458,0.000000,1.0000,Yahoo前复权
2015-08-25,12.1882,12.1882,12.188214,0.000000,1.0000,Yahoo前复权
2015-08-26,12.2772,12.2772,12.277182,0.000000,1.0000,Yahoo前复权
2015-08-27,12.5144,12.5144,12.514422,0.000000,1.0000,Yahoo前复权
2015-08-28,12.6330,12.6330,12.633041,0.000000,1.0000,Yahoo前复权
2015-08-31,12.5441,12.5441,12.544075,0.000000,1.0000,Yahoo前复权
2015-09-01,12.3365,12.3365,12.336491,0.000000,1.0000,Yahoo前复权
2015-09-02,12.1289,12.1289,12.128906,0.000000,1.0000,Yahoo前复权
2015-09-04,12.1586,12.1586,12.158563,0.000000,1.0000,Yahoo前复权
2015-09-07,12.0399,12.0399,12.039941,0.000000,1.0000,Yahoo前复权
2015-09-08,12.2179,12.2179,12.217871,0.000000,1.0000,Yahoo前复权
2015-09-09,12.6924,12.6924,12.692353,0.000000,1.0000,Yahoo前复权
2015-09-10,12.5737,12.5737,12.573732,0.000000,1.0000,Yahoo前复权
2015-09-11,12.5441,12.5441,12.544075,0.000000,1.0000,Yahoo前复权
2015-09-14,12.5441,12.5441,12.544075,0.000000,1.0000,Yahoo前复权
2015-09-15,12.4848,12.4848,12.484766,0.000000,1.0000,Yahoo前复权
2015-09-16,12.6924,12.6924,12.692353,0.000000,1.0000,Yahoo前复权
2015-09-17,12.6627,12.6627,12.662697,0.000000,1.0000,Yahoo前复权
2015-09-18,12.6627,12.6627,12.662697,0.000000,1.0000,Yahoo前复权
2015-09-21,12.6627,12.6627,12.662697,0.000000,1.0000,Yahoo前复权
2015-09-22,12.6627,12.6627,12.662697,0.000000,1.0000,Yahoo前复权
2015-09-23,12.5441,12.5441,12.544075,0.000000,1.0000,Yahoo前复权
2015-09-24,12.4255,12.4255,12.425458,0.000000,1.0000,Yahoo前复权
2015-09-25,12.4255,12.4255,12.425458,0.000000,1.0000,Yahoo前复权
2015-09-29,12.1586,12.1586,12.158563,0.000000,1.0000,Yahoo前复权
2015-09-30,12.4255,12.4255,12.425458,0.000000,1.0000,Yahoo前复权
2015-10-02,12.5144,12.5144,12.514422,0.000000,1.0000,Yahoo前复权
2015-10-05,12.7220,12.7220,12.722007,0.000000,1.0000,Yahoo前复权
2015-10-06,12.8703,12.8703,12.870282,0.000000,1.0000,Yahoo前复权
2015-10-07,12.8703,12.8703,12.870282,0.000000,1.0000,Yahoo前复权
2015-10-08,12.8703,12.8703,12.870282,0.000000,1.0000,Yahoo前复权
2015-10-09,12.8703,12.8703,12.870282,0.000000,1.0000,Yahoo前复权
2015-10-12,13.0779,13.0779,13.077863,0.000000,1.0000,Yahoo前复权
2015-10-13,13.1372,13.1372,13.137176,0.000000,1.0000,Yahoo前复权
2015-10-14,13.1372,13.1372,13.137176,0.000000,1.0000,Yahoo前复权
2015-10-15,13.2558,13.2558,13.255797,0.000000,1.0000,Yahoo前复权
2015-10-16,13.3151,13.3151,13.315108,0.000000,1.0000,Yahoo前复权
2015-10-19,13.3151,13.3151,13.315108,0.000000,1.0000,Yahoo前复权
2015-10-20,13.3151,13.3151,13.315108,0.000000,1.0000,Yahoo前复权
2015-10-22,13.3744,13.3744,13.374418,0.000000,1.0000,Yahoo前复权
2015-10-23,13.4337,13.4337,13.433727,0.000000,1.0000,Yahoo前复权
2015-10-26,13.4337,13.4337,13.433727,0.000000,1.0000,Yahoo前复权
2015-10-27,13.4041,13.4041,13.404069,0.000000,1.0000,Yahoo前复权
2015-10-28,13.3744,13.3744,13.374418,0.000000,1.0000,Yahoo前复权
2015-10-29,13.3744,13.3744,13.374418,0.000000,1.0000,Yahoo前复权
2015-10-30,13.2855,13.2855,13.285451,0.000000,1.0000,Yahoo前复权
2015-11-02,13.1668,13.1668,13.166834,0.000000,1.0000,Yahoo前复权
2015-11-03,13.2558,13.2558,13.255797,0.000000,1.0000,Yahoo前复权
2015-11-04,13.3744,13.3744,13.374418,0.000000,1.0000,Yahoo前复权
2015-11-05,13.4041,13.4041,13.404069,0.000000,1.0000,Yahoo前复权
2015-11-06,13.2261,13.2261,13.226139,0.000000,1.0000,Yahoo前复权
2015-11-09,13.1965,13.1965,13.196486,0.000000,1.0000,Yahoo前复权
2015-11-10,13.0482,13.0482,13.048214,0.000000,1.0000,Yahoo前复权
2015-11-11,13.0779,13.0779,13.077863,0.000000,1.0000,Yahoo前复权
2015-11-12,13.2855,13.2855,13.285451,0.000000,1.0000,Yahoo前复权
2015-11-13,13.0482,13.0482,13.048214,0.000000,1.0000,Yahoo前复权
2015-11-16,12.8110,12.8110,12.810973,0.000000,1.0000,Yahoo前复权
2015-11-17,12.9889,12.9889,12.988901,0.000000,1.0000,Yahoo前复权
2015-11-18,12.8110,12.8110,12.810973,0.000000,1.0000,Yahoo前复权
2015-11-19,13.0186,13.0186,13.018556,0.000000,1.0000,Yahoo前复权
2015-11-20,13.1965,13.1965,13.196486,0.000000,1.0000,Yahoo前复权
2015-11-23,13.1965,13.1965,13.196486,0.000000,1.0000,Yahoo前复权
2015-11-24,13.0482,13.0482,13.048214,0.000000,1.0000,Yahoo前复权
2015-11-25,12.9889,12.9889,12.988901,0.000000,1.0000,Yahoo前复权
2015-11-26,13.0779,13.0779,13.077863,0.000000,1.0000,Yahoo前复权
2015-11-27,12.8406,12.8406,12.840626,0.000000,1.0000,Yahoo前复权
2015-11-30,12.8110,12.8110,12.810973,0.000000,1.0000,Yahoo前复权
2015-12-01,12.7517,12.7517,12.751663,0.000000,1.0000,Yahoo前复权
2015-12-02,12.8110,12.8110,12.810973,0.000000,1.0000,Yahoo前复权
2015-12-03,12.8110,12.8110,12.810973,0.000000,1.0000,Yahoo前复权
2015-12-04,12.6330,12.6330,12.633041,0.000000,1.0000,Yahoo前复权
2015-12-07,12.8110,12.8110,12.810973,0.000000,1.0000,Yahoo前复权
2015-12-08,12.6924,12.6924,12.692353,0.000000,1.0000,Yahoo前复权
2015-12-09,12.6924,12.6924,12.692353,0.000000,1.0000,Yahoo前复权
2015-12-10,12.7517,12.7517,12.751663,0.000000,1.0000,Yahoo前复权
2015-12-11,12.4295,12.4295,12.429527,0.000000,1.0000,Yahoo前复权
2015-12-14,11.9980,11.9980,11.997986,0.000000,1.0000,Yahoo前复权
2015-12-15,12.1864,12.1864,12.186405,0.000000,1.0000,Yahoo前复权
2015-12-16,12.5511,12.5511,12.551086,0.000000,1.0000,Yahoo前复权
2015-12-17,12.6726,12.6726,12.672645,0.000000,1.0000,Yahoo前复权
2015-12-18,12.7942,12.7942,12.794206,0.000000,1.0000,Yahoo前复权
2015-12-21,12.7030,12.7030,12.703034,0.000000,1.0000,Yahoo前复权
2015-12-22,12.7638,12.7638,12.763818,0.000000,1.0000,Yahoo前复权
2015-12-23,12.8246,12.8246,12.824597,0.000000,1.0000,Yahoo前复权
2015-12-24,12.9158,12.9158,12.915770,0.000000,1.0000,Yahoo前复权
2015-12-28,12.9158,12.9158,12.915770,0.000000,1.0000,Yahoo前复权
2015-12-29,12.8246,12.8246,12.824597,0.000000,1.0000,Yahoo前复权
2015-12-30,12.8854,12.8854,12.885378,0.000000,1.0000,Yahoo前复权
2015-12-31,12.9462,12.9462,12.946157,0.000000,1.0000,Yahoo前复权
2016-01-04,12.6726,12.6726,12.672645,0.000000,1.0000,Yahoo前复权
2016-01-05,12.5207,12.5207,12.520697,0.000000,1.0000,Yahoo前复权
2016-01-06,12.4599,12.4599,12.459918,0.000000,1.0000,Yahoo前复权
2016-01-07,12.1864,12.1864,12.186405,0.000000,1.0000,Yahoo前复权
2016-01-08,12.2168,12.2168,12.216798,0.000000,1.0000,Yahoo前复权
2016-01-11,11.9372,11.9372,11.937208,0.000000,1.0000,Yahoo前复权
2016-01-12,11.8886,11.8886,11.888584,0.000000,1.0000,Yahoo前复权
2016-01-13,11.9129,11.9129,11.912894,0.000000,1.0000,Yahoo前复权
2016-01-14,11.9007,11.9007,11.900739,0.000000,1.0000,Yahoo前复权
2016-01-15,11.8886,11.8886,11.888584,0.000000,1.0000,Yahoo前复权
2016-01-18,11.6819,11.6819,11.681929,0.000000,1.0000,Yahoo前复权
2016-01-19,11.8278,11.8278,11.827801,0.000000,1.0000,Yahoo前复权
2016-01-20,11.5847,11.5847,11.584683,0.000000,1.0000,Yahoo前复权
2016-01-21,11.3659,11.3659,11.365876,0.000000,1.0000,Yahoo前复权
2016-01-22,11.5725,11.5725,11.572527,0.000000,1.0000,Yahoo前复权
2016-01-25,11.7306,11.7306,11.730555,0.000000,1.0000,Yahoo前复权
2016-01-26,11.5239,11.5239,11.523902,0.000000,1.0000,Yahoo前复权
2016-01-27,11.5239,11.5239,11.523902,0.000000,1.0000,Yahoo前复权
2016-01-28,11.5725,11.5725,11.572527,0.000000,1.0000,Yahoo前复权
2016-01-29,11.8643,11.8643,11.864271,0.000000,1.0000,Yahoo前复权
2016-02-01,11.9251,11.9251,11.925055,0.000000,1.0000,Yahoo前复权
2016-02-02,11.9007,11.9007,11.900739,0.000000,1.0000,Yahoo前复权
2016-02-03,11.7549,11.7549,11.754869,0.000000,1.0000,Yahoo前复权
2016-02-04,11.8521,11.8521,11.852117,0.000000,1.0000,Yahoo前复权
2016-02-05,11.8764,11.8764,11.876429,0.000000,1.0000,Yahoo前复权
2016-02-11,11.5239,11.5239,11.523902,0.000000,1.0000,Yahoo前复权
2016-02-12,11.4753,11.4753,11.475281,0.000000,1.0000,Yahoo前复权
2016-02-15,11.8035,11.8035,11.803492,0.000000,1.0000,Yahoo前复权
2016-02-16,11.8521,11.8521,11.852117,0.000000,1.0000,Yahoo前复权
2016-02-17,11.8521,11.8521,11.852117,0.000000,1.0000,Yahoo前复权
2016-02-18,11.9858,11.9858,11.985833,0.000000,1.0000,Yahoo前复权
2016-02-19,11.9980,11.9980,11.997986,0.000000,1.0000,Yahoo前复权
2016-02-22,12.0466,12.0466,12.046613,0.000000,1.0000,Yahoo前复权
2016-02-23,12.0466,12.0466,12.046613,0.000000,1.0000,Yahoo前复权
2016-02-24,12.0345,12.0345,12.034456,0.000000,1.0000,Yahoo前复权
2016-02-25,11.8886,11.8886,11.888584,0.000000,1.0000,Yahoo前复权
2016-02-26,12.0952,12.0952,12.095234,0.000000,1.0000,Yahoo前复权
2016-02-29,11.9980,11.9980,11.997986,0.000000,1.0000,Yahoo前复权
2016-03-01,12.0709,12.0709,12.070925,0.000000,1.0000,Yahoo前复权
2016-03-02,12.3384,12.3384,12.338357,0.000000,1.0000,Yahoo前复权
2016-03-03,12.3687,12.3687,12.368746,0.000000,1.0000,Yahoo前复权
2016-03-04,12.4903,12.4903,12.490306,0.000000,1.0000,Yahoo前复权
2016-03-07,12.6423,12.6423,12.642255,0.000000,1.0000,Yahoo前复权
2016-03-08,12.4903,12.4903,12.490306,0.000000,1.0000,Yahoo前复权
2016-03-09,12.4903,12.4903,12.490306,0.000000,1.0000,Yahoo前复权
2016-03-10,12.4599,12.4599,12.459918,0.000000,1.0000,Yahoo前复权
2016-03-11,12.4599,12.4599,12.459918,0.000000,1.0000,Yahoo前复权
2016-03-14,12.7030,12.7030,12.703034,0.000000,1.0000,Yahoo前复权
2016-03-15,12.6423,12.6423,12.642255,0.000000,1.0000,Yahoo前复权
2016-03-16,12.6119,12.6119,12.611867,0.000000,1.0000,Yahoo前复权
2016-03-17,12.7334,12.7334,12.733429,0.000000,1.0000,Yahoo前复权
2016-03-18,12.7942,12.7942,12.794206,0.000000,1.0000,Yahoo前复权
2016-03-21,12.9462,12.9462,12.946157,0.000000,1.0000,Yahoo前复权
2016-03-22,12.8854,12.8854,12.885378,0.000000,1.0000,Yahoo前复权
2016-03-23,12.8550,12.8550,12.854984,0.000000,1.0000,Yahoo前复权
2016-03-24,12.8246,12.8246,12.824597,0.000000,1.0000,Yahoo前复权
2016-03-29,12.5207,12.5207,12.520697,0.000000,1.0000,Yahoo前复权
2016-03-30,12.8246,12.8246,12.824597,0.000000,1.0000,Yahoo前复权
2016-03-31,12.8246,12.8246,12.824597,0.000000,1.0000,Yahoo前复权
2016-04-01,12.7942,12.7942,12.794206,0.000000,1.0000,Yahoo前复权
2016-04-05,12.6726,12.6726,12.672645,0.000000,1.0000,Yahoo前复权
2016-04-06,12.6726,12.6726,12.672645,0.000000,1.0000,Yahoo前复权
2016-04-07,12.6726,12.6726,12.672645,0.000000,1.0000,Yahoo前复权
2016-04-08,12.6726,12.6726,12.672645,0.000000,1.0000,Yahoo前复权
2016-04-11,12.7334,12.7334,12.733429,0.000000,1.0000,Yahoo前复权
2016-04-12,12.7942,12.7942,12.794206,0.000000,1.0000,Yahoo前复权
2016-04-13,12.9462,12.9462,12.946157,0.000000,1.0000,Yahoo前复权
2016-04-14,12.8550,12.8550,12.854984,0.000000,1.0000,Yahoo前复权
2016-04-15,12.8550,12.8550,12.854984,0.000000,1.0000,Yahoo前复权
2016-04-18,12.7638,12.7638,12.763818,0.000000,1.0000,Yahoo前复权
2016-04-19,12.8550,12.8550,12.854984,0.000000,1.0000,Yahoo前复权
2016-04-20,12.7942,12.7942,12.794206,0.000000,1.0000,Yahoo前复权
2016-04-21,12.8246,12.8246,12.824597,0.000000,1.0000,Yahoo前复权
2016-04-22,12.7638,12.7638,12.763818,0.000000,1.0000,Yahoo前复权
2016-04-25,12.7334,12.7334,12.733429,0.000000,1.0000,Yahoo前复权
2016-04-26,12.7030,12.7030,12.703034,0.000000,1.0000,Yahoo前复权
2016-04-27,12.6726,12.6726,12.672645,0.000000,1.0000,Yahoo前复权
2016-04-28,12.6119,12.6119,12.611867,0.000000,1.0000,Yahoo前复权
2016-04-29,12.5207,12.5207,12.520697,0.000000,1.0000,Yahoo前复权
2016-05-03,12.4295,12.4295,12.429527,0.000000,1.0000,Yahoo前复权
2016-05-04,12.4599,12.4599,12.459918,0.000000,1.0000,Yahoo前复权
2016-05-05,12.3687,12.3687,12.368746,0.000000,1.0000,Yahoo前复权
2016-05-06,12.3384,12.3384,12.338357,0.000000,1.0000,Yahoo前复权
2016-05-09,12.3384,12.3384,12.338357,0.000000,1.0000,Yahoo前复权
2016-05-10,12.2776,12.2776,12.277575,0.000000,1.0000,Yahoo前复权
2016-05-11,12.2168,12.2168,12.216798,0.000000,1.0000,Yahoo前复权
2016-05-12,12.1560,12.1560,12.156016,0.000000,1.0000,Yahoo前复权
2016-05-13,11.9980,11.9980,11.997986,0.000000,1.0000,Yahoo前复权
2016-05-16,11.9980,11.9980,11.997986,0.000000,1.0000,Yahoo前复权
2016-05-17,12.1317,12.1317,12.131701,0.000000,1.0000,Yahoo前复权
2016-05-18,12.0831,12.0831,12.083081,0.000000,1.0000,Yahoo前复权
2016-05-19,12.0709,12.0709,12.070925,0.000000,1.0000,Yahoo前复权
2016-05-20,12.1317,12.1317,12.131701,0.000000,1.0000,Yahoo前复权
2016-05-23,12.1317,12.1317,12.131701,0.000000,1.0000,Yahoo前复权
2016-05-24,12.1317,12.1317,12.131701,0.000000,1.0000,Yahoo前复权
2016-05-25,12.2472,12.2472,12.247183,0.000000,1.0000,Yahoo前复权
2016-05-26,12.2472,12.2472,12.247183,0.000000,1.0000,Yahoo前复权
2016-05-27,12.2776,12.2776,12.277575,0.000000,1.0000,Yahoo前复权
2016-05-30,12.3080,12.3080,12.307965,0.000000,1.0000,Yahoo前复权
2016-05-31,12.4295,12.4295,12.429527,0.000000,1.0000,Yahoo前复权
2016-06-01,12.3687,12.3687,12.368746,0.000000,1.0000,Yahoo前复权
2016-06-02,12.3991,12.3991,12.399134,0.000000,1.0000,Yahoo前复权
2016-06-03,12.4903,12.4903,12.490306,0.000000,1.0000,Yahoo前复权
2016-06-06,12.5815,12.5815,12.581477,0.000000,1.0000,Yahoo前复权
2016-06-07,12.6726,12.6726,12.672645,0.000000,1.0000,Yahoo前复权
2016-06-08,12.6726,12.6726,12.672645,0.000000,1.0000,Yahoo前复权
2016-06-10,12.6726,12.6726,12.672645,0.000000,1.0000,Yahoo前复权
2016-06-13,12.3384,12.3384,12.338357,0.000000,1.0000,Yahoo前复权
2016-06-14,12.3384,12.3384,12.338357,0.000000,1.0000,Yahoo前复权
2016-06-15,12.3687,12.3687,12.368746,0.000000,1.0000,Yahoo前复权
2016-06-16,12.3080,12.3080,12.307965,0.000000,1.0000,Yahoo前复权
2016-06-17,12.3080,12.3080,12.307965,0.000000,1.0000,Yahoo前复权
2016-06-20,12.4599,12.4599,12.459918,0.000000,1.0000,Yahoo前复权
2016-06-21,12.4295,12.4295,12.429527,0.000000,1.0000,Yahoo前复权
2016-06-22,12.5207,12.5207,12.520697,0.000000,1.0000,Yahoo前复权
2016-06-23,12.5815,12.5815,12.581477,0.000000,1.0000,Yahoo前复权
2016-06-24,12.3727,12.3727,12.372705,0.000000,1.0000,Yahoo前复权
2016-06-27,12.3420,12.3420,12.342008,0.000000,1.0000,Yahoo前复权
2016-06-28,12.3113,12.3113,12.311304,0.000000,1.0000,Yahoo前复权
2016-06-29,12.4955,12.4955,12.495512,0.000000,1.0000,Yahoo前复权
2016-06-30,12.6183,12.6183,12.618319,0.000000,1.0000,Yahoo前复权
2016-07-04,12.8639,12.8639,12.863935,0.000000,1.0000,Yahoo前复权
2016-07-05,12.7718,12.7718,12.771826,0.000000,1.0000,Yahoo前复权
2016-07-06,12.6490,12.6490,12.649021,0.000000,1.0000,Yahoo前复权
2016-07-07,12.6797,12.6797,12.679722,0.000000,1.0000,Yahoo前复权
2016-07-08,12.6797,12.6797,12.679722,0.000000,1.0000,Yahoo前复权
2016-07-11,12.7411,12.7411,12.741126,0.000000,1.0000,Yahoo前复权
2016-07-12,12.8639,12.8639,12.863935,0.000000,1.0000,Yahoo前复权
2016-07-13,12.9560,12.9560,12.956037,0.000000,1.0000,Yahoo前复权
2016-07-14,13.1402,13.1402,13.140244,0.000000,1.0000,Yahoo前复权
2016-07-15,13.1709,13.1709,13.170947,0.000000,1.0000,Yahoo前复权
2016-07-18,13.2016,13.2016,13.201649,0.000000,1.0000,Yahoo前复权
2016-07-19,13.1095,13.1095,13.109544,0.000000,1.0000,Yahoo前复权
2016-07-20,13.2631,13.2631,13.263052,0.000000,1.0000,Yahoo前复权
2016-07-21,13.3552,13.3552,13.355156,0.000000,1.0000,Yahoo前复权
2016-07-22,13.3552,13.3552,13.355156,0.000000,1.0000,Yahoo前复权
2016-07-25,13.2938,13.2938,13.293753,0.000000,1.0000,Yahoo前复权
2016-07-26,13.4473,13.4473,13.447260,0.000000,1.0000,Yahoo前复权
2016-07-27,13.4166,13.4166,13.416556,0.000000,1.0000,Yahoo前复权
2016-07-28,13.2938,13.2938,13.293753,0.000000,1.0000,Yahoo前复权
2016-07-29,13.2938,13.2938,13.293753,0.000000,1.0000,Yahoo前复权
2016-08-01,13.2938,13.2938,13.293753,0.000000,1.0000,Yahoo前复权
2016-08-02,13.2938,13.2938,13.293753,0.000000,1.0000,Yahoo前复权
2016-08-03,13.2631,13.2631,13.263052,0.000000,1.0000,Yahoo前复权
2016-08-04,13.3245,13.3245,13.324454,0.000000,1.0000,Yahoo前复权
2016-08-05,13.3859,13.3859,13.385854,0.000000,1.0000,Yahoo前复权
2016-08-08,13.3859,13.3859,13.385854,0.000000,1.0000,Yahoo前复权
2016-08-09,13.6315,13.6315,13.631471,0.000000,1.0000,Yahoo前复权
2016-08-10,13.6315,13.6315,13.631471,0.000000,1.0000,Yahoo前复权
2016-08-11,13.6315,13.6315,13.631471,0.000000,1.0000,Yahoo前复权
2016-08-12,13.6622,13.6622,13.662171,0.000000,1.0000,Yahoo前复权
2016-08-15,13.6622,13.6622,13.662171,0.000000,1.0000,Yahoo前复权
2016-08-16,13.6315,13.6315,13.631471,0.000000,1.0000,Yahoo前复权
2016-08-17,13.7850,13.7850,13.784978,0.000000,1.0000,Yahoo前复权
2016-08-18,13.7850,13.7850,13.784978,0.000000,1.0000,Yahoo前复权
2016-08-19,13.7850,13.7850,13.784978,0.000000,1.0000,Yahoo前复权
2016-08-22,13.7850,13.7850,13.784978,0.000000,1.0000,Yahoo前复权
2016-08-23,13.7850,13.7850,13.784978,0.000000,1.0000,Yahoo前复权
2016-08-24,13.7850,13.7850,13.784978,0.000000,1.0000,Yahoo前复权
2016-08-25,13.7850,13.7850,13.784978,0.000000,1.0000,Yahoo前复权
2016-08-26,13.7850,13.7850,13.784978,0.000000,1.0000,Yahoo前复权
2016-08-29,13.7850,13.7850,13.784978,0.000000,1.0000,Yahoo前复权
2016-08-30,13.7850,13.7850,13.784978,0.000000,1.0000,Yahoo前复权
2016-08-31,13.7850,13.7850,13.784978,0.000000,1.0000,Yahoo前复权
2016-09-01,13.7850,13.7850,13.784978,0.000000,1.0000,Yahoo前复权
2016-09-02,13.7850,13.7850,13.784978,0.000000,1.0000,Yahoo前复权
2016-09-05,13.6929,13.6929,13.692871,0.000000,1.0000,Yahoo前复权
2016-09-06,13.9692,13.9692,13.969184,0.000000,1.0000,Yahoo前复权
2016-09-07,13.6622,13.6622,13.662171,0.000000,1.0000,Yahoo前复权
2016-09-08,13.6622,13.6622,13.662171,0.000000,1.0000,Yahoo前复权
2016-09-09,13.9692,13.9692,13.969184,0.000000,1.0000,Yahoo前复权
2016-09-12,14.0446,14.0446,14.044590,0.000000,1.0000,Yahoo前复权
2016-09-13,13.9818,13.9818,13.981754,0.000000,1.0000,Yahoo前复权
2016-09-14,13.6361,13.6361,13.636136,0.000000,1.0000,Yahoo前复权
2016-09-15,13.8247,13.8247,13.824655,0.000000,1.0000,Yahoo前复权
2016-09-19,13.8247,13.8247,13.824655,0.000000,1.0000,Yahoo前复权
2016-09-20,14.0132,14.0132,14.013172,0.000000,1.0000,Yahoo前复权
2016-09-21,14.0132,14.0132,14.013172,0.000000,1.0000,Yahoo前复权
2016-09-22,14.0760,14.0760,14.076013,0.000000,1.0000,Yahoo前复权
2016-09-23,14.0760,14.0760,14.076013,0.000000,1.0000,Yahoo前复权
2016-09-26,14.0760,14.0760,14.076013,0.000000,1.0000,Yahoo前复权
2016-09-27,14.0760,14.0760,14.076013,0.000000,1.0000,Yahoo前复权
2016-09-28,13.8561,13.8561,13.856072,0.000000,1.0000,Yahoo前复权
2016-09-29,13.9189,13.9189,13.918913,0.000000,1.0000,Yahoo前复权
2016-09-30,13.9189,13.9189,13.918913,0.000000,1.0000,Yahoo前复权
2016-10-03,13.9189,13.9189,13.918913,0.000000,1.0000,Yahoo前复权
2016-10-04,13.9189,13.9189,13.918913,0.000000,1.0000,Yahoo前复权
2016-10-05,14.0446,14.0446,14.044590,0.000000,1.0000,Yahoo前复权
2016-10-06,14.0446,14.0446,14.044590,0.000000,1.0000,Yahoo前复权
2016-10-07,13.9189,13.9189,13.918913,0.000000,1.0000,Yahoo前复权
2016-10-11,13.7304,13.7304,13.730393,0.000000,1.0000,Yahoo前复权
2016-10-12,13.6047,13.6047,13.604716,0.000000,1.0000,Yahoo前复权
2016-10-13,13.5105,13.5105,13.510460,0.000000,1.0000,Yahoo前复权
2016-10-14,13.5105,13.5105,13.510460,0.000000,1.0000,Yahoo前复权
2016-10-17,13.5105,13.5105,13.510460,0.000000,1.0000,Yahoo前复权
2016-10-18,13.5733,13.5733,13.573298,0.000000,1.0000,Yahoo前复权
2016-10-19,13.6676,13.6676,13.667557,0.000000,1.0000,Yahoo前复权
2016-10-20,13.6676,13.6676,13.667557,0.000000,1.0000,Yahoo前复权
2016-10-21,13.6676,13.6676,13.667557,0.000000,1.0000,Yahoo前复权
2016-10-24,13.7932,13.7932,13.793234,0.000000,1.0000,Yahoo前复权
2016-10-25,13.7932,13.7932,13.793234,0.000000,1.0000,Yahoo前复权
2016-10-26,13.7932,13.7932,13.793234,0.000000,1.0000,Yahoo前复权
2016-10-27,13.6047,13.6047,13.604716,0.000000,1.0000,Yahoo前复权
2016-10-28,13.5419,13.5419,13.541880,0.000000,1.0000,Yahoo前复权
2016-10-31,13.5419,13.5419,13.541880,0.000000,1.0000,Yahoo前复权
2016-11-01,13.7304,13.7304,13.730393,0.000000,1.0000,Yahoo前复权
2016-11-02,13.5419,13.5419,13.541880,0.000000,1.0000,Yahoo前复权
2016-11-03,13.5419,13.5419,13.541880,0.000000,1.0000,Yahoo前复权
2016-11-04,13.5419,13.5419,13.541880,0.000000,1.0000,Yahoo前复权
2016-11-07,13.5733,13.5733,13.573298,0.000000,1.0000,Yahoo前复权
2016-11-08,13.5733,13.5733,13.573298,0.000000,1.0000,Yahoo前复权
2016-11-09,13.5733,13.5733,13.573298,0.000000,1.0000,Yahoo前复权
2016-11-10,13.6676,13.6676,13.667557,0.000000,1.0000,Yahoo前复权
2016-11-11,13.4790,13.4790,13.479039,0.000000,1.0000,Yahoo前复权
2016-11-14,13.2277,13.2277,13.227679,0.000000,1.0000,Yahoo前复权
2016-11-15,13.3219,13.3219,13.321940,0.000000,1.0000,Yahoo前复权
2016-11-16,13.2591,13.2591,13.259101,0.000000,1.0000,Yahoo前复权
2016-11-17,13.2905,13.2905,13.290519,0.000000,1.0000,Yahoo前复权
2016-11-18,13.2905,13.2905,13.290519,0.000000,1.0000,Yahoo前复权
2016-11-21,13.2905,13.2905,13.290519,0.000000,1.0000,Yahoo前复权
2016-11-22,13.2905,13.2905,13.290519,0.000000,1.0000,Yahoo前复权
2016-11-23,13.2905,13.2905,13.290519,0.000000,1.0000,Yahoo前复权
2016-11-24,13.2905,13.2905,13.290519,0.000000,1.0000,Yahoo前复权
2016-11-25,13.2905,13.2905,13.290519,0.000000,1.0000,Yahoo前复权
2016-11-28,13.5419,13.5419,13.541880,0.000000,1.0000,Yahoo前复权
2016-11-29,13.5419,13.5419,13.541880,0.000000,1.0000,Yahoo前复权
2016-11-30,13.6676,13.6676,13.667557,0.000000,1.0000,Yahoo前复权
2016-12-01,13.6676,13.6676,13.667557,0.000000,1.0000,Yahoo前复权
2016-12-02,13.6047,13.6047,13.604716,0.000000,1.0000,Yahoo前复权
2016-12-05,13.6361,13.6361,13.636136,0.000000,1.0000,Yahoo前复权
2016-12-06,13.6361,13.6361,13.636136,0.000000,1.0000,Yahoo前复权
2016-12-07,13.6361,13.6361,13.636136,0.000000,1.0000,Yahoo前复权
2016-12-08,13.6361,13.6361,13.636136,0.000000,1.0000,Yahoo前复权
2016-12-09,13.6990,13.6990,13.698974,0.000000,1.0000,Yahoo前复权
2016-12-12,13.6047,13.6047,13.604716,0.000000,1.0000,Yahoo前复权
2016-12-13,13.5105,13.5105,13.510460,0.000000,1.0000,Yahoo前复权
2016-12-14,13.2277,13.2277,13.227679,0.000000,1.0000,Yahoo前复权
2016-12-15,12.9763,12.9763,12.976323,0.000000,1.0000,Yahoo前复权
2016-12-16,12.9763,12.9763,12.976323,0.000000,1.0000,Yahoo前复权
2016-12-19,12.8506,12.8506,12.850643,0.000000,1.0000,Yahoo前复权
2016-12-20,12.7564,12.7564,12.756385,0.000000,1.0000,Yahoo前复权
2016-12-21,12.7564,12.7564,12.756385,0.000000,1.0000,Yahoo前复权
2016-12-22,12.7564,12.7564,12.756385,0.000000,1.0000,Yahoo前复权
2016-12-23,12.5993,12.5993,12.599288,0.000000,1.0000,Yahoo前复权
2016-12-28,12.6621,12.6621,12.662125,0.000000,1.0000,Yahoo前复权
2016-12-29,12.6621,12.6621,12.662125,0.000000,1.0000,Yahoo前复权
2016-12-30,12.8192,12.8192,12.819221,0.000000,1.0000,Yahoo前复权
2017-01-03,12.8192,12.8192,12.819221,0.000000,1.0000,Yahoo前复权
2017-01-04,12.8821,12.8821,12.882065,0.000000,1.0000,Yahoo前复权
2017-01-05,13.1020,13.1020,13.102000,0.000000,1.0000,Yahoo前复权
2017-01-06,13.0392,13.0392,13.039165,0.000000,1.0000,Yahoo前复权
2017-01-09,13.0392,13.0392,13.039165,0.000000,1.0000,Yahoo前复权
2017-01-10,13.0392,13.0392,13.039165,0.000000,1.0000,Yahoo前复权
2017-01-11,13.1020,13.1020,13.102000,0.000000,1.0000,Yahoo前复权
2017-01-12,13.0706,13.0706,13.070582,0.000000,1.0000,Yahoo前复权
2017-01-13,13.0706,13.0706,13.070582,0.000000,1.0000,Yahoo前复权
2017-01-16,13.0706,13.0706,13.070582,0.000000,1.0000,Yahoo前复权
2017-01-17,13.0706,13.0706,13.070582,0.000000,1.0000,Yahoo前复权
2017-01-18,13.2591,13.2591,13.259101,0.000000,1.0000,Yahoo前复权
2017-01-19,13.1963,13.1963,13.196262,0.000000,1.0000,Yahoo前复权
2017-01-20,12.8821,12.8821,12.882065,0.000000,1.0000,Yahoo前复权
2017-01-23,13.2277,13.2277,13.227679,0.000000,1.0000,Yahoo前复权
2017-01-24,13.2277,13.2277,13.227679,0.000000,1.0000,Yahoo前复权
2017-01-25,13.2277,13.2277,13.227679,0.000000,1.0000,Yahoo前复权
2017-01-26,13.3219,13.3219,13.321940,0.000000,1.0000,Yahoo前复权
2017-01-27,13.5105,13.5105,13.510460,0.000000,1.0000,Yahoo前复权
2017-02-01,13.4476,13.4476,13.447618,0.000000,1.0000,Yahoo前复权
2017-02-02,13.4476,13.4476,13.447618,0.000000,1.0000,Yahoo前复权
2017-02-03,13.4476,13.4476,13.447618,0.000000,1.0000,Yahoo前复权
2017-02-06,13.4790,13.4790,13.479039,0.000000,1.0000,Yahoo前复权
2017-02-07,13.4790,13.4790,13.479039,0.000000,1.0000,Yahoo前复权
2017-02-08,13.5733,13.5733,13.573298,0.000000,1.0000,Yahoo前复权
2017-02-09,13.7304,13.7304,13.730393,0.000000,1.0000,Yahoo前复权
2017-02-10,13.6361,13.6361,13.636136,0.000000,1.0000,Yahoo前复权
2017-02-13,13.7304,13.7304,13.730393,0.000000,1.0000,Yahoo前复权
2017-02-14,14.2959,14.2959,14.295948,0.000000,1.0000,Yahoo前复权
2017-02-15,14.2959,14.2959,14.295948,0.000000,1.0000,Yahoo前复权
2017-02-16,14.2959,14.2959,14.295948,0.000000,1.0000,Yahoo前复权
2017-02-17,14.2959,14.2959,14.295948,0.000000,1.0000,Yahoo前复权
2017-02-20,14.2959,14.2959,14.295948,0.000000,1.0000,Yahoo前复权
2017-02-21,14.2959,14.2959,14.295948,0.000000,1.0000,Yahoo前复权
2017-02-22,14.2959,14.2959,14.295948,0.000000,1.0000,Yahoo前复权
2017-02-23,14.2959,14.2959,14.295948,0.000000,1.0000,Yahoo前复权
2017-02-24,14.2959,14.2959,14.295948,0.000000,1.0000,Yahoo前复权
2017-02-27,14.2959,14.2959,14.295948,0.000000,1.0000,Yahoo前复权
2017-02-28,13.9503,13.9503,13.950335,0.000000,1.0000,Yahoo前复权
2017-03-01,14.0132,14.0132,14.013172,0.000000,1.0000,Yahoo前复权
2017-03-02,14.0132,14.0132,14.013172,0.000000,1.0000,Yahoo前复权
2017-03-03,14.0132,14.0132,14.013172,0.000000,1.0000,Yahoo前复权
2017-03-06,14.0132,14.0132,14.013172,0.000000,1.0000,Yahoo前复权
2017-03-07,13.9818,13.9818,13.981754,0.000000,1.0000,Yahoo前复权
2017-03-08,13.9818,13.9818,13.981754,0.000000,1.0000,Yahoo前复权
2017-03-09,13.9818,13.9818,13.981754,0.000000,1.0000,Yahoo前复权
2017-03-10,14.0132,14.0132,14.013172,0.000000,1.0000,Yahoo前复权
2017-03-13,14.0132,14.0132,14.013172,0.000000,1.0000,Yahoo前复权
2017-03-14,14.4845,14.4845,14.484468,0.000000,1.0000,Yahoo前复权
2017-03-15,14.4845,14.4845,14.484468,0.000000,1.0000,Yahoo前复权
2017-03-16,14.6416,14.6416,14.641567,0.000000,1.0000,Yahoo前复权
2017-03-17,14.6101,14.6101,14.610144,0.000000,1.0000,Yahoo前复权
2017-03-20,14.6101,14.6101,14.610144,0.000000,1.0000,Yahoo前复权
2017-03-21,14.5473,14.5473,14.547304,0.000000,1.0000,Yahoo前复权
2017-03-22,14.5473,14.5473,14.547304,0.000000,1.0000,Yahoo前复权
2017-03-23,14.5473,14.5473,14.547304,0.000000,1.0000,Yahoo前复权
2017-03-24,14.5473,14.5473,14.547304,0.000000,1.0000,Yahoo前复权
2017-03-27,14.4530,14.4530,14.453048,0.000000,1.0000,Yahoo前复权
2017-03-28,14.4530,14.4530,14.453048,0.000000,1.0000,Yahoo前复权
2017-03-29,14.3274,14.3274,14.327372,0.000000,1.0000,Yahoo前复权
2017-03-30,14.2959,14.2959,14.295948,0.000000,1.0000,Yahoo前复权
2017-03-31,14.2959,14.2959,14.295948,0.000000,1.0000,Yahoo前复权
2017-04-03,14.2959,14.2959,14.295948,0.000000,1.0000,Yahoo前复权
2017-04-05,14.2959,14.2959,14.295948,0.000000,1.0000,Yahoo前复权
2017-04-06,14.2959,14.2959,14.295948,0.000000,1.0000,Yahoo前复权
2017-04-07,14.2959,14.2959,14.295948,0.000000,1.0000,Yahoo前复权
2017-04-10,14.2959,14.2959,14.295948,0.000000,1.0000,Yahoo前复权
2017-04-11,14.3902,14.3902,14.390208,0.000000,1.0000,Yahoo前复权
2017-04-12,14.3902,14.3902,14.390208,0.000000,1.0000,Yahoo前复权
2017-04-13,14.3902,14.3902,14.390208,0.000000,1.0000,Yahoo前复权
2017-04-18,14.3902,14.3902,14.390208,0.000000,1.0000,Yahoo前复权
2017-04-19,14.3902,14.3902,14.390208,0.000000,1.0000,Yahoo前复权
2017-04-20,14.3902,14.3902,14.390208,0.000000,1.0000,Yahoo前复权
2017-04-21,14.6730,14.6730,14.672986,0.000000,1.0000,Yahoo前复权
2017-04-24,14.6730,14.6730,14.672986,0.000000,1.0000,Yahoo前复权
2017-04-25,14.7044,14.7044,14.704404,0.000000,1.0000,Yahoo前复权
2017-04-26,14.7672,14.7672,14.767242,0.000000,1.0000,Yahoo前复权
2017-04-27,14.7672,14.7672,14.767242,0.000000,1.0000,Yahoo前复权
2017-04-28,14.7672,14.7672,14.767242,0.000000,1.0000,Yahoo前复权
2017-05-02,14.7672,14.7672,14.767242,0.000000,1.0000,Yahoo前复权
2017-05-04,14.6730,14.6730,14.672986,0.000000,1.0000,Yahoo前复权
2017-05-05,14.7044,14.7044,14.704404,0.000000,1.0000,Yahoo前复权
2017-05-08,14.7044,14.7044,14.704404,0.000000,1.0000,Yahoo前复权
2017-05-09,14.7358,14.7358,14.735828,0.000000,1.0000,Yahoo前复权
2017-05-10,14.6730,14.6730,14.672986,0.000000,1.0000,Yahoo前复权
2017-05-11,14.8929,14.8929,14.892925,0.000000,1.0000,Yahoo前复权
2017-05-12,14.8929,14.8929,14.892925,0.000000,1.0000,Yahoo前复权
2017-05-15,14.8929,14.8929,14.892925,0.000000,1.0000,Yahoo前复权
2017-05-16,14.7987,14.7987,14.798659,0.000000,1.0000,Yahoo前复权
2017-05-17,14.9243,14.9243,14.924342,0.000000,1.0000,Yahoo前复权
2017-05-18,15.0186,15.0186,15.018600,0.000000,1.0000,Yahoo前复权
2017-05-19,15.0186,15.0186,15.018600,0.000000,1.0000,Yahoo前复权
2017-05-22,15.0814,15.0814,15.081438,0.000000,1.0000,Yahoo前复权
2017-05-23,14.9243,14.9243,14.924342,0.000000,1.0000,Yahoo前复权
2017-05-24,15.2700,15.2700,15.269961,0.000000,1.0000,Yahoo前复权
2017-05-25,15.3956,15.3956,15.395638,0.000000,1.0000,Yahoo前复权
2017-05-26,15.2700,15.2700,15.269961,0.000000,1.0000,Yahoo前复权
2017-05-29,15.9298,15.9298,15.929771,0.000000,1.0000,Yahoo前复权
2017-05-31,15.8984,15.8984,15.898355,0.000000,1.0000,Yahoo前复权
2017-06-01,15.8984,15.8984,15.898355,0.000000,1.0000,Yahoo前复权
2017-06-02,15.8984,15.8984,15.898355,0.000000,1.0000,Yahoo前复权
2017-06-05,15.8984,15.8984,15.898355,0.000000,1.0000,Yahoo前复权
2017-06-06,15.9926,15.9926,15.992611,0.000000,1.0000,Yahoo前复权
2017-06-07,15.9926,15.9926,15.992611,0.000000,1.0000,Yahoo前复权
2017-06-08,15.9926,15.9926,15.992611,0.000000,1.0000,Yahoo前复权
2017-06-09,15.9926,15.9926,15.992611,0.000000,1.0000,Yahoo前复权
2017-06-12,15.9926,15.9926,15.992611,0.000000,1.0000,Yahoo前复权
2017-06-13,15.9926,15.9926,15.992611,0.000000,1.0000,Yahoo前复权
2017-06-14,15.8041,15.8041,15.804092,0.000000,1.0000,Yahoo前复权
2017-06-15,15.7098,15.7098,15.709832,0.000000,1.0000,Yahoo前复权
2017-06-16,15.7098,15.7098,15.709832,0.000000,1.0000,Yahoo前复权
2017-06-19,15.7098,15.7098,15.709832,0.000000,1.0000,Yahoo前复权
2017-06-20,15.7098,15.7098,15.709832,0.000000,1.0000,Yahoo前复权
2017-06-21,15.5842,15.5842,15.584157,0.000000,1.0000,Yahoo前复权
2017-06-22,15.5842,15.5842,15.584157,0.000000,1.0000,Yahoo前复权
2017-06-23,15.5842,15.5842,15.584157,0.000000,1.0000,Yahoo前复权
2017-06-26,15.8984,15.8984,15.898355,0.000000,1.0000,Yahoo前复权
2017-06-27,16.0240,16.0240,16.024033,0.000000,1.0000,Yahoo前复权
2017-06-28,16.0240,16.0240,16.024033,0.000000,1.0000,Yahoo前复权
2017-06-29,16.2126,16.2126,16.212551,0.000000,1.0000,Yahoo前复权
2017-06-30,16.2760,16.2760,16.276003,0.000000,1.0000,Yahoo前复权
2017-07-03,16.4346,16.4346,16.434639,0.000000,1.0000,Yahoo前复权
2017-07-04,16.4029,16.4029,16.402912,0.000000,1.0000,Yahoo前复权
2017-07-05,16.4346,16.4346,16.434639,0.000000,1.0000,Yahoo前复权
2017-07-06,16.5615,16.5615,16.561548,0.000000,1.0000,Yahoo前复权
2017-07-07,16.4029,16.4029,16.402912,0.000000,1.0000,Yahoo前复权
2017-07-10,16.4029,16.4029,16.402912,0.000000,1.0000,Yahoo前复权
2017-07-11,16.5933,16.5933,16.593273,0.000000,1.0000,Yahoo前复权
2017-07-12,16.5298,16.5298,16.529821,0.000000,1.0000,Yahoo前复权
2017-07-13,16.5933,16.5933,16.593273,0.000000,1.0000,Yahoo前复权
2017-07-14,16.7202,16.7202,16.720188,0.000000,1.0000,Yahoo前复权
2017-07-17,16.7836,16.7836,16.783634,0.000000,1.0000,Yahoo前复权
2017-07-18,16.7836,16.7836,16.783634,0.000000,1.0000,Yahoo前复权
2017-07-19,16.8154,16.8154,16.815365,0.000000,1.0000,Yahoo前复权
2017-07-20,17.0692,17.0692,17.069181,0.000000,1.0000,Yahoo前复权
2017-07-21,17.0692,17.0692,17.069181,0.000000,1.0000,Yahoo前复权
2017-07-24,17.0692,17.0692,17.069181,0.000000,1.0000,Yahoo前复权
2017-07-25,17.0692,17.0692,17.069181,0.000000,1.0000,Yahoo前复权
2017-07-26,17.4499,17.4499,17.449909,0.000000,1.0000,Yahoo前复权
2017-07-27,18.0210,18.0210,18.020996,0.000000,1.0000,Yahoo前复权
2017-07-28,17.7672,17.7672,17.767178,0.000000,1.0000,Yahoo前复权
2017-07-31,17.9575,17.9575,17.957542,0.000000,1.0000,Yahoo前复权
2017-08-01,17.7037,17.7037,17.703722,0.000000,1.0000,Yahoo前复权
2017-08-02,17.6720,17.6720,17.671993,0.000000,1.0000,Yahoo前复权
2017-08-03,17.6720,17.6720,17.671993,0.000000,1.0000,Yahoo前复权
2017-08-04,17.5451,17.5451,17.545088,0.000000,1.0000,Yahoo前复权
2017-08-07,17.4499,17.4499,17.449909,0.000000,1.0000,Yahoo前复权
2017-08-08,17.5451,17.5451,17.545088,0.000000,1.0000,Yahoo前复权
2017-08-09,17.5768,17.5768,17.576815,0.000000,1.0000,Yahoo前复权
2017-08-10,17.5451,17.5451,17.545088,0.000000,1.0000,Yahoo前复权
2017-08-11,17.0692,17.0692,17.069181,0.000000,1.0000,Yahoo前复权
2017-08-14,17.3230,17.3230,17.322998,0.000000,1.0000,Yahoo前复权
2017-08-15,17.3230,17.3230,17.322998,0.000000,1.0000,Yahoo前复权
2017-08-16,17.4499,17.4499,17.449909,0.000000,1.0000,Yahoo前复权
2017-08-17,17.4499,17.4499,17.449909,0.000000,1.0000,Yahoo前复权
2017-08-18,17.4499,17.4499,17.449909,0.000000,1.0000,Yahoo前复权
2017-08-21,17.6720,17.6720,17.671993,0.000000,1.0000,Yahoo前复权
2017-08-22,17.7354,17.7354,17.735449,0.000000,1.0000,Yahoo前复权
2017-08-23,17.7354,17.7354,17.735449,0.000000,1.0000,Yahoo前复权
2017-08-24,17.7989,17.7989,17.798903,0.000000,1.0000,Yahoo前复权
2017-08-25,18.0845,18.0845,18.084452,0.000000,1.0000,Yahoo前复权
2017-08-28,18.1796,18.1796,18.179634,0.000000,1.0000,Yahoo前复权
2017-08-29,18.4017,18.4017,18.401720,0.000000,1.0000,Yahoo前复权
2017-08-30,18.4334,18.4334,18.433445,0.000000,1.0000,Yahoo前复权
2017-08-31,18.5286,18.5286,18.528625,0.000000,1.0000,Yahoo前复权
2017-09-01,18.4334,18.4334,18.433445,0.000000,1.0000,Yahoo前复权
2017-09-04,18.2431,18.2431,18.243086,0.000000,1.0000,Yahoo前复权
2017-09-05,18.2748,18.2748,18.274809,0.000000,1.0000,Yahoo前复权
2017-09-06,18.2748,18.2748,18.274809,0.000000,1.0000,Yahoo前复权
2017-09-07,18.3700,18.3700,18.369997,0.000000,1.0000,Yahoo前复权
2017-09-08,18.3065,18.3065,18.306541,0.000000,1.0000,Yahoo前复权
2017-09-11,18.4969,18.4969,18.496899,0.000000,1.0000,Yahoo前复权
2017-09-12,18.6555,18.6555,18.655537,0.000000,1.0000,Yahoo前复权
2017-09-13,18.9728,18.9728,18.972809,0.000000,1.0000,Yahoo前复权
2017-09-14,18.7507,18.7507,18.750719,0.000000,1.0000,Yahoo前复权
2017-09-15,18.9411,18.9411,18.941080,0.000000,1.0000,Yahoo前复权
2017-09-18,19.3535,19.3535,19.353529,0.000000,1.0000,Yahoo前复权
2017-09-19,19.3535,19.3535,19.353529,0.000000,1.0000,Yahoo前复权
2017-09-20,19.3535,19.3535,19.353529,0.000000,1.0000,Yahoo前复权
2017-09-21,19.5439,19.5439,19.543894,0.000000,1.0000,Yahoo前复权
2017-09-22,19.3853,19.3853,19.385262,0.000000,1.0000,Yahoo前复权
2017-09-25,18.7824,18.7824,18.782446,0.000000,1.0000,Yahoo前复权
2017-09-26,18.6555,18.6555,18.655537,0.000000,1.0000,Yahoo前复权
2017-09-27,18.8459,18.8459,18.845900,0.000000,1.0000,Yahoo前复权
2017-09-28,18.7824,18.7824,18.782446,0.000000,1.0000,Yahoo前复权
2017-09-29,18.8776,18.8776,18.877628,0.000000,1.0000,Yahoo前复权
2017-10-03,19.2901,19.2901,19.290077,0.000000,1.0000,Yahoo前复权
2017-10-04,19.6391,19.6391,19.639080,0.000000,1.0000,Yahoo前复权
2017-10-06,19.7025,19.7025,19.702532,0.000000,1.0000,Yahoo前复权
2017-10-09,19.5122,19.5122,19.512167,0.000000,1.0000,Yahoo前复权
2017-10-10,19.6391,19.6391,19.639080,0.000000,1.0000,Yahoo前复权
2017-10-11,19.3218,19.3218,19.321806,0.000000,1.0000,Yahoo前复权
2017-10-12,19.3218,19.3218,19.321806,0.000000,1.0000,Yahoo前复权
2017-10-13,19.4487,19.4487,19.448709,0.000000,1.0000,Yahoo前复权
2017-10-16,19.5756,19.5756,19.575621,0.000000,1.0000,Yahoo前复权
2017-10-17,19.5439,19.5439,19.543894,0.000000,1.0000,Yahoo前复权
2017-10-18,19.5439,19.5439,19.543894,0.000000,1.0000,Yahoo前复权
2017-10-19,19.5122,19.5122,19.512167,0.000000,1.0000,Yahoo前复权
2017-10-20,19.7977,19.7977,19.797712,0.000000,1.0000,Yahoo前复权
2017-10-23,19.7977,19.7977,19.797712,0.000000,1.0000,Yahoo前复权
2017-10-24,19.6708,19.6708,19.670805,0.000000,1.0000,Yahoo前复权
2017-10-25,19.7343,19.7343,19.734259,0.000000,1.0000,Yahoo前复权
2017-10-26,19.7343,19.7343,19.734259,0.000000,1.0000,Yahoo前复权
2017-10-27,19.4804,19.4804,19.480442,0.000000,1.0000,Yahoo前复权
2017-10-30,19.4804,19.4804,19.480442,0.000000,1.0000,Yahoo前复权
2017-10-31,19.6073,19.6073,19.607349,0.000000,1.0000,Yahoo前复权
2017-11-01,19.5122,19.5122,19.512167,0.000000,1.0000,Yahoo前复权
2017-11-02,19.5122,19.5122,19.512167,0.000000,1.0000,Yahoo前复权
2017-11-03,19.4487,19.4487,19.448709,0.000000,1.0000,Yahoo前复权
2017-11-06,19.2266,19.2266,19.226622,0.000000,1.0000,Yahoo前复权
2017-11-07,19.7343,19.7343,19.734259,0.000000,1.0000,Yahoo前复权
2017-11-08,19.8612,19.8612,19.861162,0.000000,1.0000,Yahoo前复权
2017-11-09,19.8612,19.8612,19.861162,0.000000,1.0000,Yahoo前复权
2017-11-10,19.7977,19.7977,19.797712,0.000000,1.0000,Yahoo前复权
2017-11-13,19.7977,19.7977,19.797712,0.000000,1.0000,Yahoo前复权
2017-11-14,19.4804,19.4804,19.480442,0.000000,1.0000,Yahoo前复权
2017-11-15,19.1949,19.1949,19.194895,0.000000,1.0000,Yahoo前复权
2017-11-16,19.2266,19.2266,19.226622,0.000000,1.0000,Yahoo前复权
2017-11-17,19.2584,19.2584,19.258350,0.000000,1.0000,Yahoo前复权
2017-11-20,19.0997,19.0997,19.099716,0.000000,1.0000,Yahoo前复权
2017-11-21,19.2266,19.2266,19.226622,0.000000,1.0000,Yahoo前复权
2017-11-22,19.3535,19.3535,19.353529,0.000000,1.0000,Yahoo前复权
2017-11-23,19.3535,19.3535,19.353529,0.000000,1.0000,Yahoo前复权
2017-11-24,19.2901,19.2901,19.290077,0.000000,1.0000,Yahoo前复权
2017-11-27,19.0363,19.0363,19.036261,0.000000,1.0000,Yahoo前复权
2017-11-28,19.0363,19.0363,19.036261,0.000000,1.0000,Yahoo前复权
2017-11-29,19.0680,19.0680,19.067991,0.000000,1.0000,Yahoo前复权
2017-11-30,19.0680,19.0680,19.067991,0.000000,1.0000,Yahoo前复权
2017-12-01,19.0680,19.0680,19.067991,0.000000,1.0000,Yahoo前复权
2017-12-04,19.0045,19.0045,19.004534,0.000000,1.0000,Yahoo前复权
2017-12-05,19.0045,19.0045,19.004534,0.000000,1.0000,Yahoo前复权
2017-12-06,18.6238,18.6238,18.623806,0.000000,1.0000,Yahoo前复权
2017-12-07,18.4334,18.4334,18.433445,0.000000,1.0000,Yahoo前复权
2017-12-08,18.7563,18.7563,18.756273,0.000000,1.0000,Yahoo前复权
2017-12-11,18.8531,18.8531,18.853125,0.000000,1.0000,Yahoo前复权
2017-12-12,18.9177,18.9177,18.917688,0.000000,1.0000,Yahoo前复权
2017-12-13,19.3051,19.3051,19.305080,0.000000,1.0000,Yahoo前复权
2017-12-14,19.3374,19.3374,19.337362,0.000000,1.0000,Yahoo前复权
2017-12-15,19.2082,19.2082,19.208233,0.000000,1.0000,Yahoo前复权
2017-12-18,19.3051,19.3051,19.305080,0.000000,1.0000,Yahoo前复权
2017-12-19,19.3696,19.3696,19.369646,0.000000,1.0000,Yahoo前复权
2017-12-20,19.3051,19.3051,19.305080,0.000000,1.0000,Yahoo前复权
2017-12-21,19.4342,19.4342,19.434212,0.000000,1.0000,Yahoo前复权
2017-12-22,19.4988,19.4988,19.498777,0.000000,1.0000,Yahoo前复权
2017-12-27,19.7570,19.7570,19.757040,0.000000,1.0000,Yahoo前复权
2017-12-28,19.8539,19.8539,19.853888,0.000000,1.0000,Yahoo前复权
2017-12-29,19.7893,19.7893,19.789322,0.000000,1.0000,Yahoo前复权
2018-01-02,20.3058,20.3058,20.305841,0.000000,1.0000,Yahoo前复权
2018-01-03,20.4673,20.4673,20.467257,0.000000,1.0000,Yahoo前复权
2018-01-04,20.6610,20.6610,20.660955,0.000000,1.0000,Yahoo前复权
2018-01-05,20.7578,20.7578,20.757807,0.000000,1.0000,Yahoo前复权
2018-01-08,20.9192,20.9192,20.919220,0.000000,1.0000,Yahoo前复权
2018-01-09,20.9838,20.9838,20.983780,0.000000,1.0000,Yahoo前复权
2018-01-10,21.2420,21.2420,21.242043,0.000000,1.0000,Yahoo前复权
2018-01-11,21.2743,21.2743,21.274328,0.000000,1.0000,Yahoo前复权
2018-01-12,21.5003,21.5003,21.500305,0.000000,1.0000,Yahoo前复权
2018-01-15,21.4035,21.4035,21.403460,0.000000,1.0000,Yahoo前复权
2018-01-16,21.9200,21.9200,21.919983,0.000000,1.0000,Yahoo前复权
2018-01-17,21.8877,21.8877,21.887699,0.000000,1.0000,Yahoo前复权
2018-01-18,22.3719,22.3719,22.371943,0.000000,1.0000,Yahoo前复权
2018-01-19,22.3397,22.3397,22.339661,0.000000,1.0000,Yahoo前复权
2018-01-22,22.3397,22.3397,22.339661,0.000000,1.0000,Yahoo前复权
2018-01-23,22.8239,22.8239,22.823896,0.000000,1.0000,Yahoo前复权
2018-01-24,22.9207,22.9207,22.920750,0.000000,1.0000,Yahoo前复权
2018-01-25,22.8239,22.8239,22.823896,0.000000,1.0000,Yahoo前复权
2018-01-26,23.2113,23.2113,23.211292,0.000000,1.0000,Yahoo前复权
2018-01-29,23.1790,23.1790,23.179007,0.000000,1.0000,Yahoo前复权
2018-01-30,22.7916,22.7916,22.791613,0.000000,1.0000,Yahoo前复权
2018-01-31,22.8885,22.8885,22.888470,0.000000,1.0000,Yahoo前复权
2018-02-01,22.8885,22.8885,22.888470,0.000000,1.0000,Yahoo前复权
2018-02-02,22.8885,22.8885,22.888470,0.000000,1.0000,Yahoo前复权
2018-02-05,22.7271,22.7271,22.727051,0.000000,1.0000,Yahoo前复权
2018-02-06,21.2420,21.2420,21.242043,0.000000,1.0000,Yahoo前复权
2018-02-07,21.0161,21.0161,21.016064,0.000000,1.0000,Yahoo前复权
2018-02-08,20.7901,20.7901,20.790089,0.000000,1.0000,Yahoo前复权
2018-02-09,20.0476,20.0476,20.047586,0.000000,1.0000,Yahoo前复权
2018-02-12,20.1121,20.1121,20.112148,0.000000,1.0000,Yahoo前复权
2018-02-13,20.4027,20.4027,20.402695,0.000000,1.0000,Yahoo前复权
2018-02-14,20.9192,20.9192,20.919220,0.000000,1.0000,Yahoo前复权
2018-02-15,21.4680,21.4680,21.468025,0.000000,1.0000,Yahoo前复权
2018-02-20,20.8869,20.8869,20.886930,0.000000,1.0000,Yahoo前复权
2018-02-21,21.5649,21.5649,21.564875,0.000000,1.0000,Yahoo前复权
2018-02-22,21.2420,21.2420,21.242043,0.000000,1.0000,Yahoo前复权
2018-02-23,21.6617,21.6617,21.661720,0.000000,1.0000,Yahoo前复权
2018-02-26,21.6617,21.6617,21.661720,0.000000,1.0000,Yahoo前复权
2018-02-27,21.2743,21.2743,21.274328,0.000000,1.0000,Yahoo前复权
2018-02-28,20.9192,20.9192,20.919220,0.000000,1.0000,Yahoo前复权
2018-03-01,21.1129,21.1129,21.112913,0.000000,1.0000,Yahoo前复权
2018-03-02,20.6932,20.6932,20.693239,0.000000,1.0000,Yahoo前复权
2018-03-05,20.4027,20.4027,20.402695,0.000000,1.0000,Yahoo前复权
2018-03-06,20.9838,20.9838,20.983780,0.000000,1.0000,Yahoo前复权
2018-03-07,20.7901,20.7901,20.790089,0.000000,1.0000,Yahoo前复权
2018-03-08,21.0806,21.0806,21.080631,0.000000,1.0000,Yahoo前复权
2018-03-09,21.3066,21.3066,21.306610,0.000000,1.0000,Yahoo前复权
2018-03-12,21.7263,21.7263,21.726288,0.000000,1.0000,Yahoo前复权
2018-03-13,21.8554,21.8554,21.855413,0.000000,1.0000,Yahoo前复权
2018-03-14,21.5649,21.5649,21.564875,0.000000,1.0000,Yahoo前复权
2018-03-15,21.8231,21.8231,21.823133,0.000000,1.0000,Yahoo前复权
2018-03-16,21.7263,21.7263,21.726288,0.000000,1.0000,Yahoo前复权
2018-03-19,21.7908,21.7908,21.790848,0.000000,1.0000,Yahoo前复权
2018-03-20,21.5972,21.5972,21.597158,0.000000,1.0000,Yahoo前复权
2018-03-21,21.7586,21.7586,21.758572,0.000000,1.0000,Yahoo前复权
2018-03-22,21.6617,21.6617,21.661720,0.000000,1.0000,Yahoo前复权
2018-03-23,20.9838,20.9838,20.983780,0.000000,1.0000,Yahoo前复权
2018-03-26,21.0806,21.0806,21.080631,0.000000,1.0000,Yahoo前复权
2018-03-27,21.6940,21.6940,21.694002,0.000000,1.0000,Yahoo前复权
2018-03-28,21.3389,21.3389,21.338892,0.000000,1.0000,Yahoo前复权
2018-03-29,21.3712,21.3712,21.371170,0.000000,1.0000,Yahoo前复权
2018-04-03,21.3712,21.3712,21.371170,0.000000,1.0000,Yahoo前复权
2018-04-04,21.0161,21.0161,21.016064,0.000000,1.0000,Yahoo前复权
2018-04-06,21.0806,21.0806,21.080631,0.000000,1.0000,Yahoo前复权
2018-04-09,21.3712,21.3712,21.371170,0.000000,1.0000,Yahoo前复权
2018-04-10,21.7586,21.7586,21.758572,0.000000,1.0000,Yahoo前复权
2018-04-11,21.9845,21.9845,21.984547,0.000000,1.0000,Yahoo前复权
2018-04-12,21.8554,21.8554,21.855413,0.000000,1.0000,Yahoo前复权
2018-04-13,21.8554,21.8554,21.855413,0.000000,1.0000,Yahoo前复权
2018-04-16,21.4035,21.4035,21.403460,0.000000,1.0000,Yahoo前复权
2018-04-17,21.3066,21.3066,21.306610,0.000000,1.0000,Yahoo前复权
2018-04-18,21.4680,21.4680,21.468025,0.000000,1.0000,Yahoo前复权
2018-04-19,21.9523,21.9523,21.952263,0.000000,1.0000,Yahoo前复权
2018-04-20,21.5972,21.5972,21.597158,0.000000,1.0000,Yahoo前复权
2018-04-23,21.4035,21.4035,21.403460,0.000000,1.0000,Yahoo前复权
2018-04-24,21.9200,21.9200,21.919983,0.000000,1.0000,Yahoo前复权
2018-04-25,21.7586,21.7586,21.758572,0.000000,1.0000,Yahoo前复权
2018-04-26,21.5972,21.5972,21.597158,0.000000,1.0000,Yahoo前复权
2018-04-27,21.7263,21.7263,21.726288,0.000000,1.0000,Yahoo前复权
2018-04-30,22.4042,22.4042,22.404221,0.000000,1.0000,Yahoo前复权
2018-05-02,22.3397,22.3397,22.339661,0.000000,1.0000,Yahoo前复权
2018-05-03,21.9845,21.9845,21.984547,0.000000,1.0000,Yahoo前复权
2018-05-04,21.6940,21.6940,21.694002,0.000000,1.0000,Yahoo前复权
2018-05-07,21.7586,21.7586,21.758572,0.000000,1.0000,Yahoo前复权
2018-05-08,22.2105,22.2105,22.210529,0.000000,1.0000,Yahoo前复权
2018-05-09,22.2428,22.2428,22.242809,0.000000,1.0000,Yahoo前复权
2018-05-10,22.4688,22.4688,22.468790,0.000000,1.0000,Yahoo前复权
2018-05-11,22.7916,22.7916,22.791613,0.000000,1.0000,Yahoo前复权
2018-05-14,23.1467,23.1467,23.146725,0.000000,1.0000,Yahoo前复权
2018-05-15,22.9853,22.9853,22.985313,0.000000,1.0000,Yahoo前复权
2018-05-16,22.9530,22.9530,22.953028,0.000000,1.0000,Yahoo前复权
2018-05-17,22.8562,22.8562,22.856180,0.000000,1.0000,Yahoo前复权
2018-05-18,22.8239,22.8239,22.823896,0.000000,1.0000,Yahoo前复权
2018-05-21,23.1144,23.1144,23.114445,0.000000,1.0000,Yahoo前复权
2018-05-23,22.6625,22.6625,22.662483,0.000000,1.0000,Yahoo前复权
2018-05-24,22.4365,22.4365,22.436506,0.000000,1.0000,Yahoo前复权
2018-05-25,22.5334,22.5334,22.533354,0.000000,1.0000,Yahoo前复权
2018-05-28,22.3719,22.3719,22.371943,0.000000,1.0000,Yahoo前复权
2018-05-29,22.3074,22.3074,22.307375,0.000000,1.0000,Yahoo前复权
2018-05-30,21.8877,21.8877,21.887699,0.000000,1.0000,Yahoo前复权
2018-05-31,22.3074,22.3074,22.307375,0.000000,1.0000,Yahoo前复权
2018-06-01,22.1460,22.1460,22.145962,0.000000,1.0000,Yahoo前复权
2018-06-04,22.5011,22.5011,22.501070,0.000000,1.0000,Yahoo前复权
2018-06-05,22.6948,22.6948,22.694769,0.000000,1.0000,Yahoo前复权
2018-06-06,22.8239,22.8239,22.823896,0.000000,1.0000,Yahoo前复权
2018-06-07,23.0499,23.0499,23.049879,0.000000,1.0000,Yahoo前复权
2018-06-08,22.7916,22.7916,22.791613,0.000000,1.0000,Yahoo前复权
2018-06-11,22.7271,22.7271,22.727051,0.000000,1.0000,Yahoo前复权
2018-06-12,22.8885,22.8885,22.888470,0.000000,1.0000,Yahoo前复权
2018-06-13,22.8239,22.8239,22.823896,0.000000,1.0000,Yahoo前复权
2018-06-14,22.4365,22.4365,22.436506,0.000000,1.0000,Yahoo前复权
2018-06-15,22.3397,22.3397,22.339661,0.000000,1.0000,Yahoo前复权
2018-06-19,21.3712,21.3712,21.371170,0.000000,1.0000,Yahoo前复权
2018-06-20,21.5972,21.5972,21.597158,0.000000,1.0000,Yahoo前复权
2018-06-21,21.4680,21.4680,21.468025,0.000000,1.0000,Yahoo前复权
2018-06-22,21.2590,21.2590,21.259026,0.000000,1.0000,Yahoo前复权
2018-06-25,21.0957,21.0957,21.095747,0.000000,1.0000,Yahoo前复权
2018-06-26,20.7039,20.7039,20.703873,0.000000,1.0000,Yahoo前复权
2018-06-27,20.3773,20.3773,20.377317,0.000000,1.0000,Yahoo前复权
2018-06-28,20.2794,20.2794,20.279350,0.000000,1.0000,Yahoo前复权
2018-06-29,20.8345,20.8345,20.834501,0.000000,1.0000,Yahoo前复权
2018-07-03,20.4426,20.4426,20.442627,0.000000,1.0000,Yahoo前复权
2018-07-04,20.4426,20.4426,20.442627,0.000000,1.0000,Yahoo前复权
2018-07-05,20.4100,20.4100,20.409971,0.000000,1.0000,Yahoo前复权
2018-07-06,20.6386,20.6386,20.638565,0.000000,1.0000,Yahoo前复权
2018-07-09,20.6386,20.6386,20.638565,0.000000,1.0000,Yahoo前复权
2018-07-10,20.8998,20.8998,20.899809,0.000000,1.0000,Yahoo前复权
2018-07-11,20.5733,20.5733,20.573254,0.000000,1.0000,Yahoo前复权
2018-07-12,20.7365,20.7365,20.736530,0.000000,1.0000,Yahoo前复权
2018-07-13,20.8672,20.8672,20.867157,0.000000,1.0000,Yahoo前复权
2018-07-16,20.7039,20.7039,20.703873,0.000000,1.0000,Yahoo前复权
2018-07-17,20.4426,20.4426,20.442627,0.000000,1.0000,Yahoo前复权
2018-07-18,20.3773,20.3773,20.377317,0.000000,1.0000,Yahoo前复权
2018-07-19,20.2467,20.2467,20.246691,0.000000,1.0000,Yahoo前复权
2018-07-20,20.4426,20.4426,20.442627,0.000000,1.0000,Yahoo前复权
2018-07-23,20.4753,20.4753,20.475286,0.000000,1.0000,Yahoo前复权
2018-07-24,20.8998,20.8998,20.899809,0.000000,1.0000,Yahoo前复权
2018-07-25,21.1284,21.1284,21.128401,0.000000,1.0000,Yahoo前复权
2018-07-26,21.0631,21.0631,21.063091,0.000000,1.0000,Yahoo前复权
2018-07-27,20.9978,20.9978,20.997780,0.000000,1.0000,Yahoo前复权
2018-07-30,20.8998,20.8998,20.899809,0.000000,1.0000,Yahoo前复权
2018-07-31,20.9325,20.9325,20.932467,0.000000,1.0000,Yahoo前复权
2018-08-01,20.7039,20.7039,20.703873,0.000000,1.0000,Yahoo前复权
2018-08-02,20.2140,20.2140,20.214039,0.000000,1.0000,Yahoo前复权
2018-08-03,20.1161,20.1161,20.116066,0.000000,1.0000,Yahoo前复权
2018-08-06,20.2140,20.2140,20.214039,0.000000,1.0000,Yahoo前复权
2018-08-07,20.5079,20.5079,20.507942,0.000000,1.0000,Yahoo前复权
2018-08-08,20.5406,20.5406,20.540592,0.000000,1.0000,Yahoo前复权
2018-08-09,20.7039,20.7039,20.703873,0.000000,1.0000,Yahoo前复权
2018-08-10,20.5733,20.5733,20.573254,0.000000,1.0000,Yahoo前复权
2018-08-13,20.3120,20.3120,20.312002,0.000000,1.0000,Yahoo前复权
2018-08-14,20.1487,20.1487,20.148726,0.000000,1.0000,Yahoo前复权
2018-08-15,19.7895,19.7895,19.789505,0.000000,1.0000,Yahoo前复权
2018-08-16,19.7568,19.7568,19.756849,0.000000,1.0000,Yahoo前复权
2018-08-17,19.8222,19.8222,19.822165,0.000000,1.0000,Yahoo前复权
2018-08-20,20.1487,20.1487,20.148726,0.000000,1.0000,Yahoo前复权
2018-08-21,20.2140,20.2140,20.214039,0.000000,1.0000,Yahoo前复权
2018-08-22,20.3447,20.3447,20.344658,0.000000,1.0000,Yahoo前复权
2018-08-23,20.3447,20.3447,20.344658,0.000000,1.0000,Yahoo前复权
2018-08-24,20.3447,20.3447,20.344658,0.000000,1.0000,Yahoo前复权
2018-08-27,20.9651,20.9651,20.965120,0.000000,1.0000,Yahoo前复权
2018-08-28,20.9978,20.9978,20.997780,0.000000,1.0000,Yahoo前复权
2018-08-29,20.9978,20.9978,20.997780,0.000000,1.0000,Yahoo前复权
2018-08-30,20.8018,20.8018,20.801842,0.000000,1.0000,Yahoo前复权
2018-08-31,20.6712,20.6712,20.671223,0.000000,1.0000,Yahoo前复权
2018-09-03,20.6712,20.6712,20.671223,0.000000,1.0000,Yahoo前复权
2018-09-04,20.5406,20.5406,20.540592,0.000000,1.0000,Yahoo前复权
2018-09-05,20.0508,20.0508,20.050756,0.000000,1.0000,Yahoo前复权
2018-09-06,19.9201,19.9201,19.920130,0.000000,1.0000,Yahoo前复权
2018-09-07,19.9201,19.9201,19.920130,0.000000,1.0000,Yahoo前复权
2018-09-10,19.6262,19.6262,19.626228,0.000000,1.0000,Yahoo前复权
2018-09-11,19.5283,19.5283,19.528261,0.000000,1.0000,Yahoo前复权
2018-09-12,19.3323,19.3323,19.332329,0.000000,1.0000,Yahoo前复权
2018-09-13,19.8875,19.8875,19.887476,0.000000,1.0000,Yahoo前复权
2018-09-14,20.0181,20.0181,20.018101,0.000000,1.0000,Yahoo前复权
2018-09-17,19.8875,19.8875,19.887476,0.000000,1.0000,Yahoo前复权
2018-09-18,20.0508,20.0508,20.050756,0.000000,1.0000,Yahoo前复权
2018-09-19,20.3447,20.3447,20.344658,0.000000,1.0000,Yahoo前复权
2018-09-20,20.3447,20.3447,20.344658,0.000000,1.0000,Yahoo前复权
2018-09-21,20.7039,20.7039,20.703873,0.000000,1.0000,Yahoo前复权
2018-09-24,20.4100,20.4100,20.409971,0.000000,1.0000,Yahoo前复权
2018-09-26,20.4100,20.4100,20.409971,0.000000,1.0000,Yahoo前复权
2018-09-27,20.4100,20.4100,20.409971,0.000000,1.0000,Yahoo前复权
2018-09-28,20.8018,20.8018,20.801842,0.000000,1.0000,Yahoo前复权
2018-10-02,20.0508,20.0508,20.050756,0.000000,1.0000,Yahoo前复权
2018-10-03,20.2467,20.2467,20.246691,0.000000,1.0000,Yahoo前复权
2018-10-04,19.7895,19.7895,19.789505,0.000000,1.0000,Yahoo前复权
2018-10-05,19.7895,19.7895,19.789505,0.000000,1.0000,Yahoo前复权
2018-10-08,19.3650,19.3650,19.364981,0.000000,1.0000,Yahoo前复权
2018-10-09,19.3650,19.3650,19.364981,0.000000,1.0000,Yahoo前复权
2018-10-10,19.2017,19.2017,19.201698,0.000000,1.0000,Yahoo前复权
2018-10-11,18.5159,18.5159,18.515924,0.000000,1.0000,Yahoo前复权
2018-10-12,19.1690,19.1690,19.169044,0.000000,1.0000,Yahoo前复权
2018-10-15,18.5486,18.5486,18.548582,0.000000,1.0000,Yahoo前复权
2018-10-16,18.6792,18.6792,18.679209,0.000000,1.0000,Yahoo前复权
2018-10-18,18.6139,18.6139,18.613895,0.000000,1.0000,Yahoo前复权
2018-10-19,18.7119,18.7119,18.711861,0.000000,1.0000,Yahoo前复权
2018-10-22,19.2344,19.2344,19.234358,0.000000,1.0000,Yahoo前复权
2018-10-23,18.5812,18.5812,18.581236,0.000000,1.0000,Yahoo前复权
2018-10-24,18.6139,18.6139,18.613895,0.000000,1.0000,Yahoo前复权
2018-10-25,18.5486,18.5486,18.548582,0.000000,1.0000,Yahoo前复权
2018-10-26,18.2547,18.2547,18.254681,0.000000,1.0000,Yahoo前复权
2018-10-29,18.2547,18.2547,18.254681,0.000000,1.0000,Yahoo前复权
2018-10-30,18.5812,18.5812,18.581236,0.000000,1.0000,Yahoo前复权
2018-10-31,18.5812,18.5812,18.581236,0.000000,1.0000,Yahoo前复权
2018-11-01,18.8098,18.8098,18.809828,0.000000,1.0000,Yahoo前复权
2018-11-02,19.6915,19.6915,19.691544,0.000000,1.0000,Yahoo前复权
2018-11-05,19.1037,19.1037,19.103733,0.000000,1.0000,Yahoo前复权
2018-11-06,19.3650,19.3650,19.364981,0.000000,1.0000,Yahoo前复权
2018-11-07,19.3650,19.3650,19.364981,0.000000,1.0000,Yahoo前复权
2018-11-08,19.6262,19.6262,19.626228,0.000000,1.0000,Yahoo前复权
2018-11-09,18.9078,18.9078,18.907801,0.000000,1.0000,Yahoo前复权
2018-11-12,19.0058,19.0058,19.005762,0.000000,1.0000,Yahoo前复权
2018-11-13,19.0384,19.0384,19.038424,0.000000,1.0000,Yahoo前复权
2018-11-14,18.7445,18.7445,18.744516,0.000000,1.0000,Yahoo前复权
2018-11-15,18.8751,18.8751,18.875139,0.000000,1.0000,Yahoo前复权
2018-11-16,19.2017,19.2017,19.201698,0.000000,1.0000,Yahoo前复权
2018-11-19,19.1037,19.1037,19.103733,0.000000,1.0000,Yahoo前复权
2018-11-20,18.8751,18.8751,18.875139,0.000000,1.0000,Yahoo前复权
2018-11-21,19.1690,19.1690,19.169044,0.000000,1.0000,Yahoo前复权
2018-11-22,19.1037,19.1037,19.103733,0.000000,1.0000,Yahoo前复权
2018-11-23,19.0058,19.0058,19.005762,0.000000,1.0000,Yahoo前复权
2018-11-26,19.1037,19.1037,19.103733,0.000000,1.0000,Yahoo前复权
2018-11-27,19.1037,19.1037,19.103733,0.000000,1.0000,Yahoo前复权
2018-11-28,19.4956,19.4956,19.495604,0.000000,1.0000,Yahoo前复权
2018-11-29,19.5283,19.5283,19.528261,0.000000,1.0000,Yahoo前复权
2018-11-30,19.2670,19.2670,19.267014,0.000000,1.0000,Yahoo前复权
2018-12-03,19.8875,19.8875,19.887476,0.000000,1.0000,Yahoo前复权
2018-12-04,19.8875,19.8875,19.887476,0.000000,1.0000,Yahoo前复权
2018-12-05,19.7242,19.7242,19.724197,0.000000,1.0000,Yahoo前复权
2018-12-06,19.2670,19.2670,19.267014,0.000000,1.0000,Yahoo前复权
2018-12-07,19.3650,19.3650,19.364981,0.000000,1.0000,Yahoo前复权
2018-12-10,18.8751,18.8751,18.875139,0.000000,1.0000,Yahoo前复权
2018-12-11,18.9405,18.9405,18.940454,0.000000,1.0000,Yahoo前复权
2018-12-12,19.1037,19.1037,19.103733,0.000000,1.0000,Yahoo前复权
2018-12-13,19.1037,19.1037,19.103733,0.000000,1.0000,Yahoo前复权
2018-12-14,19.2118,19.2118,19.211781,0.000000,1.0000,Yahoo前复权
2018-12-17,18.8066,18.8066,18.806608,0.000000,1.0000,Yahoo前复权
2018-12-18,18.8066,18.8066,18.806608,0.000000,1.0000,Yahoo前复权
2018-12-19,19.0767,19.0767,19.076721,0.000000,1.0000,Yahoo前复权
2018-12-20,18.8066,18.8066,18.806608,0.000000,1.0000,Yahoo前复权
2018-12-21,18.8066,18.8066,18.806608,0.000000,1.0000,Yahoo前复权
2018-12-24,18.8066,18.8066,18.806608,0.000000,1.0000,Yahoo前复权
2018-12-27,18.6040,18.6040,18.604025,0.000000,1.0000,Yahoo前复权
2018-12-28,18.6040,18.6040,18.604025,0.000000,1.0000,Yahoo前复权
2018-12-31,18.6040,18.6040,18.604025,0.000000,1.0000,Yahoo前复权
2019-01-02,18.3001,18.3001,18.300150,0.000000,1.0000,Yahoo前复权
2019-01-03,18.3677,18.3677,18.367676,0.000000,1.0000,Yahoo前复权
2019-01-04,18.5365,18.5365,18.536497,0.000000,1.0000,Yahoo前复权
2019-01-07,18.7728,18.7728,18.772848,0.000000,1.0000,Yahoo前复权
2019-01-08,18.8066,18.8066,18.806608,0.000000,1.0000,Yahoo前复权
2019-01-09,19.1105,19.1105,19.110489,0.000000,1.0000,Yahoo前复权
2019-01-10,19.1105,19.1105,19.110489,0.000000,1.0000,Yahoo前复权
2019-01-11,19.1105,19.1105,19.110489,0.000000,1.0000,Yahoo前复权
2019-01-14,19.1105,19.1105,19.110489,0.000000,1.0000,Yahoo前复权
2019-01-15,19.1105,19.1105,19.110489,0.000000,1.0000,Yahoo前复权
2019-01-16,19.5494,19.5494,19.549419,0.000000,1.0000,Yahoo前复权
2019-01-17,19.4819,19.4819,19.481894,0.000000,1.0000,Yahoo前复权
2019-01-18,19.6169,19.6169,19.616943,0.000000,1.0000,Yahoo前复权
2019-01-21,19.6169,19.6169,19.616943,0.000000,1.0000,Yahoo前复权
2019-01-22,19.4819,19.4819,19.481894,0.000000,1.0000,Yahoo前复权
2019-01-23,19.6169,19.6169,19.616943,0.000000,1.0000,Yahoo前复权
2019-01-24,19.7520,19.7520,19.752003,0.000000,1.0000,Yahoo前复权
2019-01-25,19.9884,19.9884,19.988356,0.000000,1.0000,Yahoo前复权
2019-01-28,20.0896,20.0896,20.089643,0.000000,1.0000,Yahoo前复权
2019-01-29,20.0896,20.0896,20.089643,0.000000,1.0000,Yahoo前复权
2019-01-30,20.1572,20.1572,20.157179,0.000000,1.0000,Yahoo前复权
2019-01-31,20.6974,20.6974,20.697401,0.000000,1.0000,Yahoo前复权
2019-02-01,21.2039,21.2039,21.203861,0.000000,1.0000,Yahoo前复权
2019-02-04,21.2039,21.2039,21.203861,0.000000,1.0000,Yahoo前复权
2019-02-08,21.3389,21.3389,21.338921,0.000000,1.0000,Yahoo前复权
2019-02-11,20.9337,20.9337,20.933746,0.000000,1.0000,Yahoo前复权
2019-02-12,20.6636,20.6636,20.663635,0.000000,1.0000,Yahoo前复权
2019-02-13,20.7312,20.7312,20.731167,0.000000,1.0000,Yahoo前复权
2019-02-14,20.7312,20.7312,20.731167,0.000000,1.0000,Yahoo前复权
2019-02-15,20.7312,20.7312,20.731167,0.000000,1.0000,Yahoo前复权
2019-02-18,20.9000,20.9000,20.899981,0.000000,1.0000,Yahoo前复权
2019-02-19,20.9000,20.9000,20.899981,0.000000,1.0000,Yahoo前复权
2019-02-20,20.7987,20.7987,20.798691,0.000000,1.0000,Yahoo前复权
2019-02-21,20.7987,20.7987,20.798691,0.000000,1.0000,Yahoo前复权
2019-02-22,20.6636,20.6636,20.663635,0.000000,1.0000,Yahoo前复权
2019-02-25,20.9337,20.9337,20.933746,0.000000,1.0000,Yahoo前复权
2019-02-26,20.9337,20.9337,20.933746,0.000000,1.0000,Yahoo前复权
2019-02-27,20.9675,20.9675,20.967514,0.000000,1.0000,Yahoo前复权
2019-02-28,20.8662,20.8662,20.866222,0.000000,1.0000,Yahoo前复权
2019-03-01,20.8662,20.8662,20.866222,0.000000,1.0000,Yahoo前复权
2019-03-04,20.8662,20.8662,20.866222,0.000000,1.0000,Yahoo前复权
2019-03-05,21.1363,21.1363,21.136330,0.000000,1.0000,Yahoo前复权
2019-03-06,21.1026,21.1026,21.102570,0.000000,1.0000,Yahoo前复权
2019-03-07,21.0013,21.0013,21.001276,0.000000,1.0000,Yahoo前复权
2019-03-08,20.5286,20.5286,20.528578,0.000000,1.0000,Yahoo前复权
2019-03-11,20.5286,20.5286,20.528578,0.000000,1.0000,Yahoo前复权
2019-03-12,20.5286,20.5286,20.528578,0.000000,1.0000,Yahoo前复权
2019-03-13,20.5286,20.5286,20.528578,0.000000,1.0000,Yahoo前复权
2019-03-14,20.7649,20.7649,20.764925,0.000000,1.0000,Yahoo前复权
2019-03-15,20.7649,20.7649,20.764925,0.000000,1.0000,Yahoo前复权
2019-03-18,21.1026,21.1026,21.102570,0.000000,1.0000,Yahoo前复权
2019-03-19,21.1026,21.1026,21.102570,0.000000,1.0000,Yahoo前复权
2019-03-20,21.0013,21.0013,21.001276,0.000000,1.0000,Yahoo前复权
2019-03-21,20.9337,20.9337,20.933746,0.000000,1.0000,Yahoo前复权
2019-03-22,20.6636,20.6636,20.663635,0.000000,1.0000,Yahoo前复权
2019-03-25,20.4611,20.4611,20.461050,0.000000,1.0000,Yahoo前复权
2019-03-26,20.4611,20.4611,20.461050,0.000000,1.0000,Yahoo前复权
2019-03-27,20.4611,20.4611,20.461050,0.000000,1.0000,Yahoo前复权
2019-03-28,20.4611,20.4611,20.461050,0.000000,1.0000,Yahoo前复权
2019-03-29,20.3260,20.3260,20.325993,0.000000,1.0000,Yahoo前复权
2019-04-01,20.7987,20.7987,20.798691,0.000000,1.0000,Yahoo前复权
2019-04-02,20.8662,20.8662,20.866222,0.000000,1.0000,Yahoo前复权
2019-04-03,20.9337,20.9337,20.933746,0.000000,1.0000,Yahoo前复权
2019-04-04,20.9675,20.9675,20.967514,0.000000,1.0000,Yahoo前复权
2019-04-08,21.2376,21.2376,21.237623,0.000000,1.0000,Yahoo前复权
2019-04-09,21.1026,21.1026,21.102570,0.000000,1.0000,Yahoo前复权
2019-04-10,21.0350,21.0350,21.035044,0.000000,1.0000,Yahoo前复权
2019-04-11,21.0350,21.0350,21.035044,0.000000,1.0000,Yahoo前复权
2019-04-12,21.0350,21.0350,21.035044,0.000000,1.0000,Yahoo前复权
2019-04-15,21.0350,21.0350,21.035044,0.000000,1.0000,Yahoo前复权
2019-04-16,21.3052,21.3052,21.305153,0.000000,1.0000,Yahoo前复权
2019-04-17,21.1026,21.1026,21.102570,0.000000,1.0000,Yahoo前复权
2019-04-18,21.0688,21.0688,21.068804,0.000000,1.0000,Yahoo前复权
2019-04-23,20.9337,20.9337,20.933746,0.000000,1.0000,Yahoo前复权
2019-04-24,20.9000,20.9000,20.899981,0.000000,1.0000,Yahoo前复权
2019-04-25,20.8325,20.8325,20.832458,0.000000,1.0000,Yahoo前复权
2019-04-26,20.8325,20.8325,20.832458,0.000000,1.0000,Yahoo前复权
2019-04-29,20.8325,20.8325,20.832458,0.000000,1.0000,Yahoo前复权
2019-04-30,20.8662,20.8662,20.866222,0.000000,1.0000,Yahoo前复权
2019-05-02,20.9000,20.9000,20.899981,0.000000,1.0000,Yahoo前复权
2019-05-03,21.1026,21.1026,21.102570,0.000000,1.0000,Yahoo前复权
2019-05-06,20.4948,20.4948,20.494816,0.000000,1.0000,Yahoo前复权
2019-05-07,20.4948,20.4948,20.494816,0.000000,1.0000,Yahoo前复权
2019-05-08,20.2922,20.2922,20.292231,0.000000,1.0000,Yahoo前复权
2019-05-09,19.7858,19.7858,19.785770,0.000000,1.0000,Yahoo前复权
2019-05-10,19.9208,19.9208,19.920828,0.000000,1.0000,Yahoo前复权
2019-05-14,19.5157,19.5157,19.515656,0.000000,1.0000,Yahoo前复权
2019-05-15,19.5157,19.5157,19.515656,0.000000,1.0000,Yahoo前复权
2019-05-16,19.5494,19.5494,19.549419,0.000000,1.0000,Yahoo前复权
2019-05-17,19.5494,19.5494,19.549419,0.000000,1.0000,Yahoo前复权
2019-05-20,19.5494,19.5494,19.549419,0.000000,1.0000,Yahoo前复权
2019-05-21,19.4481,19.4481,19.448130,0.000000,1.0000,Yahoo前复权
2019-05-22,19.6169,19.6169,19.616943,0.000000,1.0000,Yahoo前复权
2019-05-23,19.4144,19.4144,19.414364,0.000000,1.0000,Yahoo前复权
2019-05-24,19.4144,19.4144,19.414364,0.000000,1.0000,Yahoo前复权
2019-05-27,19.3806,19.3806,19.380598,0.000000,1.0000,Yahoo前复权
2019-05-28,19.4144,19.4144,19.414364,0.000000,1.0000,Yahoo前复权
2019-05-29,19.2455,19.2455,19.245543,0.000000,1.0000,Yahoo前复权
2019-05-30,19.2455,19.2455,19.245543,0.000000,1.0000,Yahoo前复权
2019-05-31,19.2455,19.2455,19.245543,0.000000,1.0000,Yahoo前复权
2019-06-03,19.1780,19.1780,19.178013,0.000000,1.0000,Yahoo前复权
2019-06-04,19.0092,19.0092,19.009195,0.000000,1.0000,Yahoo前复权
2019-06-05,19.0767,19.0767,19.076721,0.000000,1.0000,Yahoo前复权
2019-06-06,19.0767,19.0767,19.076721,0.000000,1.0000,Yahoo前复权
2019-06-10,19.6507,19.6507,19.650715,0.000000,1.0000,Yahoo前复权
2019-06-11,19.7520,19.7520,19.752003,0.000000,1.0000,Yahoo前复权
2019-06-12,19.7520,19.7520,19.752003,0.000000,1.0000,Yahoo前复权
2019-06-13,19.4819,19.4819,19.481894,0.000000,1.0000,Yahoo前复权
2019-06-14,19.4819,19.4819,19.481894,0.000000,1.0000,Yahoo前复权
2019-06-17,19.5494,19.5494,19.549419,0.000000,1.0000,Yahoo前复权
2019-06-18,19.4819,19.4819,19.481894,0.000000,1.0000,Yahoo前复权
2019-06-19,19.9884,19.9884,19.988356,0.000000,1.0000,Yahoo前复权
2019-06-20,19.9884,19.9884,19.988356,0.000000,1.0000,Yahoo前复权
2019-06-21,19.9208,19.9208,19.920828,0.000000,1.0000,Yahoo前复权
2019-06-24,19.8533,19.8533,19.853294,0.000000,1.0000,Yahoo前复权
2019-06-25,19.7520,19.7520,19.752003,0.000000,1.0000,Yahoo前复权
2019-06-26,19.7182,19.7182,19.718241,0.000000,1.0000,Yahoo前复权
2019-06-27,20.0815,20.0815,20.081491,0.000000,1.0000,Yahoo前复权
2019-06-28,20.2186,20.2186,20.218567,0.000000,1.0000,Yahoo前复权
2019-07-02,20.4242,20.4242,20.424175,0.000000,1.0000,Yahoo前复权
2019-07-03,20.3214,20.3214,20.321371,0.000000,1.0000,Yahoo前复权
2019-07-04,20.2871,20.2871,20.287104,0.000000,1.0000,Yahoo前复权
2019-07-05,20.2528,20.2528,20.252832,0.000000,1.0000,Yahoo前复权
2019-07-08,20.0472,20.0472,20.047220,0.000000,1.0000,Yahoo前复权
2019-07-09,19.9444,19.9444,19.944412,0.000000,1.0000,Yahoo前复权
2019-07-10,19.9444,19.9444,19.944412,0.000000,1.0000,Yahoo前复权
2019-07-11,19.9787,19.9787,19.978680,0.000000,1.0000,Yahoo前复权
2019-07-12,19.9787,19.9787,19.978680,0.000000,1.0000,Yahoo前复权
2019-07-15,20.1158,20.1158,20.115757,0.000000,1.0000,Yahoo前复权
2019-07-16,20.1158,20.1158,20.115757,0.000000,1.0000,Yahoo前复权
2019-07-17,20.1158,20.1158,20.115757,0.000000,1.0000,Yahoo前复权
2019-07-18,20.1500,20.1500,20.150026,0.000000,1.0000,Yahoo前复权
2019-07-19,20.1500,20.1500,20.150026,0.000000,1.0000,Yahoo前复权
2019-07-22,19.9444,19.9444,19.944412,0.000000,1.0000,Yahoo前复权
2019-07-23,20.0472,20.0472,20.047220,0.000000,1.0000,Yahoo前复权
2019-07-24,20.0472,20.0472,20.047220,0.000000,1.0000,Yahoo前复权
2019-07-25,20.0472,20.0472,20.047220,0.000000,1.0000,Yahoo前复权
2019-07-26,20.0815,20.0815,20.081491,0.000000,1.0000,Yahoo前复权
2019-07-29,19.7388,19.7388,19.738806,0.000000,1.0000,Yahoo前复权
2019-07-30,19.7731,19.7731,19.773069,0.000000,1.0000,Yahoo前复权
2019-07-31,19.7731,19.7731,19.773069,0.000000,1.0000,Yahoo前复权
2019-08-01,19.5332,19.5332,19.533188,0.000000,1.0000,Yahoo前复权
2019-08-02,19.3961,19.3961,19.396114,0.000000,1.0000,Yahoo前复权
2019-08-05,18.6422,18.6422,18.642202,0.000000,1.0000,Yahoo前复权
2019-08-06,18.4366,18.4366,18.436588,0.000000,1.0000,Yahoo前复权
2019-08-07,18.5051,18.5051,18.505127,0.000000,1.0000,Yahoo前复权
2019-08-08,18.5051,18.5051,18.505127,0.000000,1.0000,Yahoo前复权
2019-08-09,18.4709,18.4709,18.470858,0.000000,1.0000,Yahoo前复权
2019-08-12,18.1624,18.1624,18.162436,0.000000,1.0000,Yahoo前复权
2019-08-13,17.8197,17.8197,17.819750,0.000000,1.0000,Yahoo前复权
2019-08-14,17.8540,17.8540,17.854015,0.000000,1.0000,Yahoo前复权
2019-08-15,17.9911,17.9911,17.991095,0.000000,1.0000,Yahoo前复权
2019-08-16,18.0939,18.0939,18.093899,0.000000,1.0000,Yahoo前复权
2019-08-19,18.4366,18.4366,18.436588,0.000000,1.0000,Yahoo前复权
2019-08-20,18.3680,18.3680,18.368048,0.000000,1.0000,Yahoo前复权
2019-08-21,18.3680,18.3680,18.368048,0.000000,1.0000,Yahoo前复权
2019-08-22,18.3680,18.3680,18.368048,0.000000,1.0000,Yahoo前复权
2019-08-23,18.3680,18.3680,18.368048,0.000000,1.0000,Yahoo前复权
2019-08-26,17.9568,17.9568,17.956823,0.000000,1.0000,Yahoo前复权
2019-08-27,17.9568,17.9568,17.956823,0.000000,1.0000,Yahoo前复权
2019-08-28,17.9568,17.9568,17.956823,0.000000,1.0000,Yahoo前复权
2019-08-29,17.9568,17.9568,17.956823,0.000000,1.0000,Yahoo前复权
2019-08-30,17.9568,17.9568,17.956823,0.000000,1.0000,Yahoo前复权
2019-09-02,17.9568,17.9568,17.956823,0.000000,1.0000,Yahoo前复权
2019-09-03,17.9568,17.9568,17.956823,0.000000,1.0000,Yahoo前复权
2019-09-04,18.3680,18.3680,18.368048,0.000000,1.0000,Yahoo前复权
2019-09-05,18.3680,18.3680,18.368048,0.000000,1.0000,Yahoo前复权
2019-09-06,18.3680,18.3680,18.368048,0.000000,1.0000,Yahoo前复权
2019-09-09,18.5737,18.5737,18.573668,0.000000,1.0000,Yahoo前复权
2019-09-10,18.6422,18.6422,18.642202,0.000000,1.0000,Yahoo前复权
2019-09-11,19.0192,19.0192,19.019157,0.000000,1.0000,Yahoo前复权
2019-09-12,19.0192,19.0192,19.019157,0.000000,1.0000,Yahoo前复权
2019-09-13,19.2248,19.2248,19.224773,0.000000,1.0000,Yahoo前复权
2019-09-16,19.0877,19.0877,19.087698,0.000000,1.0000,Yahoo前复权
2019-09-17,18.6422,18.6422,18.642202,0.000000,1.0000,Yahoo前复权
2019-09-18,18.8135,18.8135,18.813545,0.000000,1.0000,Yahoo前复权
2019-09-19,18.6079,18.6079,18.607935,0.000000,1.0000,Yahoo前复权
2019-09-20,18.6765,18.6765,18.676466,0.000000,1.0000,Yahoo前复权
2019-09-23,18.8478,18.8478,18.847815,0.000000,1.0000,Yahoo前复权
2019-09-24,18.5737,18.5737,18.573668,0.000000,1.0000,Yahoo前复权
2019-09-25,18.5394,18.5394,18.539392,0.000000,1.0000,Yahoo前复权
2019-09-26,18.6079,18.6079,18.607935,0.000000,1.0000,Yahoo前复权
2019-09-27,18.5394,18.5394,18.539392,0.000000,1.0000,Yahoo前复权
2019-09-30,18.6079,18.6079,18.607935,0.000000,1.0000,Yahoo前复权
2019-10-02,18.6079,18.6079,18.607935,0.000000,1.0000,Yahoo前复权
2019-10-03,18.6079,18.6079,18.607935,0.000000,1.0000,Yahoo前复权
2019-10-04,18.4023,18.4023,18.402323,0.000000,1.0000,Yahoo前复权
2019-10-08,18.4023,18.4023,18.402323,0.000000,1.0000,Yahoo前复权
2019-10-09,18.1624,18.1624,18.162436,0.000000,1.0000,Yahoo前复权
2019-10-10,18.1967,18.1967,18.196709,0.000000,1.0000,Yahoo前复权
2019-10-11,18.5737,18.5737,18.573668,0.000000,1.0000,Yahoo前复权
2019-10-14,18.8478,18.8478,18.847815,0.000000,1.0000,Yahoo前复权
2019-10-15,18.9164,18.9164,18.916355,0.000000,1.0000,Yahoo前复权
2019-10-16,18.9849,18.9849,18.984890,0.000000,1.0000,Yahoo前复权
2019-10-17,19.2248,19.2248,19.224773,0.000000,1.0000,Yahoo前复权
2019-10-18,19.0534,19.0534,19.053429,0.000000,1.0000,Yahoo前复权
2019-10-21,19.0877,19.0877,19.087698,0.000000,1.0000,Yahoo前复权
2019-10-22,19.1220,19.1220,19.121964,0.000000,1.0000,Yahoo前复权
2019-10-23,19.1220,19.1220,19.121964,0.000000,1.0000,Yahoo前复权
2019-10-24,19.1220,19.1220,19.121964,0.000000,1.0000,Yahoo前复权
2019-10-25,19.1220,19.1220,19.121964,0.000000,1.0000,Yahoo前复权
2019-10-28,19.2248,19.2248,19.224773,0.000000,1.0000,Yahoo前复权
2019-10-29,19.4646,19.4646,19.464647,0.000000,1.0000,Yahoo前复权
2019-10-30,19.3276,19.3276,19.327576,0.000000,1.0000,Yahoo前复权
2019-10-31,19.2590,19.2590,19.259039,0.000000,1.0000,Yahoo前复权
2019-11-01,19.2590,19.2590,19.259039,0.000000,1.0000,Yahoo前复权
2019-11-04,19.5675,19.5675,19.567459,0.000000,1.0000,Yahoo前复权
2019-11-05,19.7731,19.7731,19.773069,0.000000,1.0000,Yahoo前复权
2019-11-06,19.7731,19.7731,19.773069,0.000000,1.0000,Yahoo前复权
2019-11-07,19.7388,19.7388,19.738806,0.000000,1.0000,Yahoo前复权
2019-11-08,20.0130,20.0130,20.012951,0.000000,1.0000,Yahoo前复权
2019-11-11,19.2248,19.2248,19.224773,0.000000,1.0000,Yahoo前复权
2019-11-12,19.2590,19.2590,19.259039,0.000000,1.0000,Yahoo前复权
2019-11-13,18.9506,18.9506,18.950619,0.000000,1.0000,Yahoo前复权
2019-11-14,19.1562,19.1562,19.156235,0.000000,1.0000,Yahoo前复权
2019-11-15,18.9506,18.9506,18.950619,0.000000,1.0000,Yahoo前复权
2019-11-18,19.3618,19.3618,19.361843,0.000000,1.0000,Yahoo前复权
2019-11-19,19.3618,19.3618,19.361843,0.000000,1.0000,Yahoo前复权
2019-11-20,19.3276,19.3276,19.327576,0.000000,1.0000,Yahoo前复权
2019-11-21,19.2933,19.2933,19.293308,0.000000,1.0000,Yahoo前复权
2019-11-22,19.1562,19.1562,19.156235,0.000000,1.0000,Yahoo前复权
2019-11-25,19.3276,19.3276,19.327576,0.000000,1.0000,Yahoo前复权
2019-11-26,19.3276,19.3276,19.327576,0.000000,1.0000,Yahoo前复权
2019-11-27,19.3618,19.3618,19.361843,0.000000,1.0000,Yahoo前复权
2019-11-28,19.3618,19.3618,19.361843,0.000000,1.0000,Yahoo前复权
2019-11-29,19.0877,19.0877,19.087698,0.000000,1.0000,Yahoo前复权
2019-12-02,19.0192,19.0192,19.019157,0.000000,1.0000,Yahoo前复权
2019-12-03,18.8821,18.8821,18.882086,0.000000,1.0000,Yahoo前复权
2019-12-04,18.9849,18.9849,18.984890,0.000000,1.0000,Yahoo前复权
2019-12-05,18.7793,18.7793,18.779276,0.000000,1.0000,Yahoo前复权
2019-12-06,18.8821,18.8821,18.882086,0.000000,1.0000,Yahoo前复权
2019-12-09,19.1562,19.1562,19.156235,0.000000,1.0000,Yahoo前复权
2019-12-10,19.1220,19.1220,19.121964,0.000000,1.0000,Yahoo前复权
2019-12-11,19.2248,19.2248,19.224773,0.000000,1.0000,Yahoo前复权
2019-12-12,19.3961,19.3961,19.396114,0.000000,1.0000,Yahoo前复权
2019-12-13,19.6220,19.6220,19.621981,0.000000,1.0000,Yahoo前复权
2019-12-16,19.6220,19.6220,19.621981,0.000000,1.0000,Yahoo前复权
2019-12-17,19.9396,19.9396,19.939598,0.000000,1.0000,Yahoo前复权
2019-12-18,19.8690,19.8690,19.869017,0.000000,1.0000,Yahoo前复权
2019-12-19,19.8337,19.8337,19.833727,0.000000,1.0000,Yahoo前复权
2019-12-20,19.8690,19.8690,19.869017,0.000000,1.0000,Yahoo前复权
2019-12-23,20.1514,20.1514,20.151350,0.000000,1.0000,Yahoo前复权
2019-12-24,20.1514,20.1514,20.151350,0.000000,1.0000,Yahoo前复权
2019-12-27,20.1161,20.1161,20.116056,0.000000,1.0000,Yahoo前复权
2019-12-30,20.3631,20.3631,20.363096,0.000000,1.0000,Yahoo前复权
2019-12-31,20.3631,20.3631,20.363096,0.000000,1.0000,Yahoo前复权
2020-01-02,20.5396,20.5396,20.539555,0.000000,1.0000,Yahoo前复权
2020-01-03,20.4690,20.4690,20.468971,0.000000,1.0000,Yahoo前复权
2020-01-06,20.2925,20.2925,20.292515,0.000000,1.0000,Yahoo前复权
2020-01-07,20.2925,20.2925,20.292515,0.000000,1.0000,Yahoo前复权
2020-01-08,19.9396,19.9396,19.939598,0.000000,1.0000,Yahoo前复权
2020-01-09,20.3278,20.3278,20.327810,0.000000,1.0000,Yahoo前复权
2020-01-10,20.3984,20.3984,20.398388,0.000000,1.0000,Yahoo前复权
2020-01-13,20.4337,20.4337,20.433676,0.000000,1.0000,Yahoo前复权
2020-01-14,20.3984,20.3984,20.398388,0.000000,1.0000,Yahoo前复权
2020-01-15,20.5396,20.5396,20.539555,0.000000,1.0000,Yahoo前复权
2020-01-16,20.5396,20.5396,20.539555,0.000000,1.0000,Yahoo前复权
2020-01-17,20.5396,20.5396,20.539555,0.000000,1.0000,Yahoo前复权
2020-01-20,20.3278,20.3278,20.327810,0.000000,1.0000,Yahoo前复权
2020-01-21,19.8690,19.8690,19.869017,0.000000,1.0000,Yahoo前复权
2020-01-22,20.1866,20.1866,20.186642,0.000000,1.0000,Yahoo前复权
2020-01-23,19.6220,19.6220,19.621981,0.000000,1.0000,Yahoo前复权
2020-01-24,19.5514,19.5514,19.551397,0.000000,1.0000,Yahoo前复权
2020-01-29,18.9162,18.9162,18.916151,0.000000,1.0000,Yahoo前复权
2020-01-30,18.6338,18.6338,18.633818,0.000000,1.0000,Yahoo前复权
2020-01-31,18.4574,18.4574,18.457365,0.000000,1.0000,Yahoo前复权
2020-02-03,18.5632,18.5632,18.563236,0.000000,1.0000,Yahoo前复权
2020-02-04,18.5632,18.5632,18.563236,0.000000,1.0000,Yahoo前复权
2020-02-05,18.5632,18.5632,18.563236,0.000000,1.0000,Yahoo前复权
2020-02-06,19.0220,19.0220,19.022024,0.000000,1.0000,Yahoo前复权
2020-02-07,19.0220,19.0220,19.022024,0.000000,1.0000,Yahoo前复权
2020-02-10,18.9867,18.9867,18.986734,0.000000,1.0000,Yahoo前复权
2020-02-11,19.4102,19.4102,19.410231,0.000000,1.0000,Yahoo前复权
2020-02-12,19.6220,19.6220,19.621981,0.000000,1.0000,Yahoo前复权
2020-02-13,19.5161,19.5161,19.516102,0.000000,1.0000,Yahoo前复权
2020-02-14,19.5161,19.5161,19.516102,0.000000,1.0000,Yahoo前复权
2020-02-17,19.5161,19.5161,19.516102,0.000000,1.0000,Yahoo前复权
2020-02-18,19.2691,19.2691,19.269068,0.000000,1.0000,Yahoo前复权
2020-02-19,19.5514,19.5514,19.551397,0.000000,1.0000,Yahoo前复权
2020-02-20,19.5514,19.5514,19.551397,0.000000,1.0000,Yahoo前复权
2020-02-21,19.2691,19.2691,19.269068,0.000000,1.0000,Yahoo前复权
2020-02-24,18.9867,18.9867,18.986734,0.000000,1.0000,Yahoo前复权
2020-02-25,18.9162,18.9162,18.916151,0.000000,1.0000,Yahoo前复权
2020-02-26,18.7750,18.7750,18.774990,0.000000,1.0000,Yahoo前复权
2020-02-27,18.8456,18.8456,18.845572,0.000000,1.0000,Yahoo前复权
2020-02-28,18.5632,18.5632,18.563236,0.000000,1.0000,Yahoo前复权
2020-03-02,18.7397,18.7397,18.739697,0.000000,1.0000,Yahoo前复权
2020-03-03,18.9514,18.9514,18.951443,0.000000,1.0000,Yahoo前复权
2020-03-04,18.9867,18.9867,18.986734,0.000000,1.0000,Yahoo前复权
2020-03-05,18.9162,18.9162,18.916151,0.000000,1.0000,Yahoo前复权
2020-03-06,18.3868,18.3868,18.386780,0.000000,1.0000,Yahoo前复权
2020-03-09,18.3868,18.3868,18.386780,0.000000,1.0000,Yahoo前复权
2020-03-10,17.8574,17.8574,17.857410,0.000000,1.0000,Yahoo前复权
2020-03-11,18.1397,18.1397,18.139746,0.000000,1.0000,Yahoo前复权
2020-03-12,18.1397,18.1397,18.139746,0.000000,1.0000,Yahoo前复权
2020-03-13,17.7515,17.7515,17.751541,0.000000,1.0000,Yahoo前复权
2020-03-16,17.5398,17.5398,17.539791,0.000000,1.0000,Yahoo前复权
2020-03-17,16.5869,16.5869,16.586922,0.000000,1.0000,Yahoo前复权
2020-03-18,16.7281,16.7281,16.728090,0.000000,1.0000,Yahoo前复权
2020-03-19,15.7046,15.7046,15.704642,0.000000,1.0000,Yahoo前复权
2020-03-20,16.4458,16.4458,16.445755,0.000000,1.0000,Yahoo前复权
2020-03-23,15.5635,15.5635,15.563476,0.000000,1.0000,Yahoo前复权
2020-03-24,16.2340,16.2340,16.234011,0.000000,1.0000,Yahoo前复权
2020-03-25,16.6575,16.6575,16.657509,0.000000,1.0000,Yahoo前复权
2020-03-26,16.6575,16.6575,16.657509,0.000000,1.0000,Yahoo前复权
2020-03-27,16.5869,16.5869,16.586922,0.000000,1.0000,Yahoo前复权
2020-03-30,16.6222,16.6222,16.622215,0.000000,1.0000,Yahoo前复权
2020-03-31,16.7281,16.7281,16.728090,0.000000,1.0000,Yahoo前复权
2020-04-01,16.6222,16.6222,16.622215,0.000000,1.0000,Yahoo前复权
2020-04-02,16.5869,16.5869,16.586922,0.000000,1.0000,Yahoo前复权
2020-04-03,16.6575,16.6575,16.657509,0.000000,1.0000,Yahoo前复权
2020-04-06,16.8340,16.8340,16.833965,0.000000,1.0000,Yahoo前复权
2020-04-07,17.2575,17.2575,17.257458,0.000000,1.0000,Yahoo前复权
2020-04-08,16.9398,16.9398,16.939837,0.000000,1.0000,Yahoo前复权
2020-04-09,17.0104,17.0104,17.010420,0.000000,1.0000,Yahoo前复权
2020-04-14,17.1869,17.1869,17.186880,0.000000,1.0000,Yahoo前复权
2020-04-15,17.0810,17.0810,17.081005,0.000000,1.0000,Yahoo前复权
2020-04-16,17.0104,17.0104,17.010420,0.000000,1.0000,Yahoo前复权
2020-04-17,17.1869,17.1869,17.186880,0.000000,1.0000,Yahoo前复权
2020-04-20,17.0457,17.0457,17.045713,0.000000,1.0000,Yahoo前复权
2020-04-21,16.7281,16.7281,16.728090,0.000000,1.0000,Yahoo前复权
2020-04-22,16.7281,16.7281,16.728090,0.000000,1.0000,Yahoo前复权
2020-04-23,16.7281,16.7281,16.728090,0.000000,1.0000,Yahoo前复权
2020-04-24,16.7281,16.7281,16.728090,0.000000,1.0000,Yahoo前复权
2020-04-27,17.0457,17.0457,17.045713,0.000000,1.0000,Yahoo前复权
2020-04-28,17.2575,17.2575,17.257458,0.000000,1.0000,Yahoo前复权
2020-04-29,17.2927,17.2927,17.292747,0.000000,1.0000,Yahoo前复权
2020-05-04,16.5869,16.5869,16.586922,0.000000,1.0000,Yahoo前复权
2020-05-05,16.6928,16.6928,16.692799,0.000000,1.0000,Yahoo前复权
2020-05-06,16.8693,16.8693,16.869257,0.000000,1.0000,Yahoo前复权
2020-05-07,16.7987,16.7987,16.798672,0.000000,1.0000,Yahoo前复权
2020-05-08,16.9751,16.9751,16.975128,0.000000,1.0000,Yahoo前复权
2020-05-11,17.2927,17.2927,17.292747,0.000000,1.0000,Yahoo前复权
2020-05-12,16.9751,16.9751,16.975128,0.000000,1.0000,Yahoo前复权
2020-05-13,16.9045,16.9045,16.904549,0.000000,1.0000,Yahoo前复权
2020-05-14,16.6928,16.6928,16.692799,0.000000,1.0000,Yahoo前复权
2020-05-15,16.6928,16.6928,16.692799,0.000000,1.0000,Yahoo前复权
2020-05-18,16.7987,16.7987,16.798672,0.000000,1.0000,Yahoo前复权
2020-05-19,17.0810,17.0810,17.081005,0.000000,1.0000,Yahoo前复权
2020-05-20,17.0104,17.0104,17.010420,0.000000,1.0000,Yahoo前复权
2020-05-21,16.9398,16.9398,16.939837,0.000000,1.0000,Yahoo前复权
2020-05-22,16.1281,16.1281,16.128136,0.000000,1.0000,Yahoo前复权
2020-05-25,16.2340,16.2340,16.234011,0.000000,1.0000,Yahoo前复权
2020-05-26,16.4811,16.4811,16.481050,0.000000,1.0000,Yahoo前复权
2020-05-27,16.3752,16.3752,16.375177,0.000000,1.0000,Yahoo前复权
2020-05-28,16.4105,16.4105,16.410465,0.000000,1.0000,Yahoo前复权
2020-05-29,16.3046,16.3046,16.304594,0.000000,1.0000,Yahoo前复权
2020-06-01,16.8410,16.8410,16.841019,0.000000,1.0000,Yahoo前复权
2020-06-02,16.9257,16.9257,16.925720,0.000000,1.0000,Yahoo前复权
2020-06-03,17.1375,17.1375,17.137470,0.000000,1.0000,Yahoo前复权
2020-06-04,17.1516,17.1516,17.151583,0.000000,1.0000,Yahoo前复权
2020-06-05,17.5045,17.5045,17.504498,0.000000,1.0000,Yahoo前复权
2020-06-08,17.3916,17.3916,17.391562,0.000000,1.0000,Yahoo前复权
2020-06-09,17.5892,17.5892,17.589199,0.000000,1.0000,Yahoo前复权
2020-06-10,17.5892,17.5892,17.589199,0.000000,1.0000,Yahoo前复权
2020-06-11,17.1234,17.1234,17.123352,0.000000,1.0000,Yahoo前复权
2020-06-12,16.9822,16.9822,16.982182,0.000000,1.0000,Yahoo前复权
2020-06-15,16.6857,16.6857,16.685736,0.000000,1.0000,Yahoo前复权
2020-06-16,17.0528,17.0528,17.052767,0.000000,1.0000,Yahoo前复权
2020-06-17,17.0528,17.0528,17.052767,0.000000,1.0000,Yahoo前复权
2020-06-18,17.0528,17.0528,17.052767,0.000000,1.0000,Yahoo前复权
2020-06-19,17.1939,17.1939,17.193933,0.000000,1.0000,Yahoo前复权
2020-06-22,17.0810,17.0810,17.081005,0.000000,1.0000,Yahoo前复权
2020-06-23,17.0669,17.0669,17.066889,0.000000,1.0000,Yahoo前复权
2020-06-24,17.0245,17.0245,17.024538,0.000000,1.0000,Yahoo前复权
2020-06-26,17.0104,17.0104,17.010420,0.000000,1.0000,Yahoo前复权
2020-06-29,16.8396,16.8396,16.839602,0.000000,1.0000,Yahoo前复权
2020-06-30,16.8254,16.8254,16.825369,0.000000,1.0000,Yahoo前复权
2020-07-02,17.3948,17.3948,17.394756,0.000000,1.0000,Yahoo前复权
2020-07-03,17.6225,17.6225,17.622513,0.000000,1.0000,Yahoo前复权
2020-07-06,18.5051,18.5051,18.505058,0.000000,1.0000,Yahoo前复权
2020-07-07,18.0638,18.0638,18.063786,0.000000,1.0000,Yahoo前复权
2020-07-08,17.9641,17.9641,17.964144,0.000000,1.0000,Yahoo前复权
2020-07-09,17.8645,17.8645,17.864500,0.000000,1.0000,Yahoo前复权
2020-07-10,17.4802,17.4802,17.480165,0.000000,1.0000,Yahoo前复权
2020-07-13,17.6083,17.6083,17.608276,0.000000,1.0000,Yahoo前复权
2020-07-14,17.3805,17.3805,17.380522,0.000000,1.0000,Yahoo前复权
2020-07-15,17.2809,17.2809,17.280878,0.000000,1.0000,Yahoo前复权
2020-07-16,17.1528,17.1528,17.152767,0.000000,1.0000,Yahoo前复权
2020-07-17,17.2239,17.2239,17.223942,0.000000,1.0000,Yahoo前复权
2020-07-20,17.3378,17.3378,17.337818,0.000000,1.0000,Yahoo前复权
2020-07-21,17.2951,17.2951,17.295111,0.000000,1.0000,Yahoo前复权
2020-07-22,17.1528,17.1528,17.152767,0.000000,1.0000,Yahoo前复权
2020-07-23,17.0816,17.0816,17.081593,0.000000,1.0000,Yahoo前复权
2020-07-24,16.7400,16.7400,16.739960,0.000000,1.0000,Yahoo前复权
2020-07-27,16.8111,16.8111,16.811136,0.000000,1.0000,Yahoo前复权
2020-07-28,16.7827,16.7827,16.782665,0.000000,1.0000,Yahoo前复权
2020-07-29,16.8538,16.8538,16.853838,0.000000,1.0000,Yahoo前复权
2020-07-30,16.7684,16.7684,16.768433,0.000000,1.0000,Yahoo前复权
2020-07-31,16.7400,16.7400,16.739960,0.000000,1.0000,Yahoo前复权
2020-08-03,16.5691,16.5691,16.569147,0.000000,1.0000,Yahoo前复权
2020-08-04,16.8396,16.8396,16.839602,0.000000,1.0000,Yahoo前复权
2020-08-05,16.8396,16.8396,16.839602,0.000000,1.0000,Yahoo前复权
2020-08-06,16.7969,16.7969,16.796900,0.000000,1.0000,Yahoo前复权
2020-08-07,16.5834,16.5834,16.583378,0.000000,1.0000,Yahoo前复权
2020-08-10,16.6119,16.6119,16.611853,0.000000,1.0000,Yahoo前复权
2020-08-11,16.9108,16.9108,16.910778,0.000000,1.0000,Yahoo前复权
2020-08-12,17.0816,17.0816,17.081593,0.000000,1.0000,Yahoo前复权
2020-08-13,17.0674,17.0674,17.067358,0.000000,1.0000,Yahoo前复权
2020-08-14,17.0816,17.0816,17.081593,0.000000,1.0000,Yahoo前复权
2020-08-17,17.3378,17.3378,17.337818,0.000000,1.0000,Yahoo前复权
2020-08-18,17.1955,17.1955,17.195471,0.000000,1.0000,Yahoo前复权
2020-08-19,17.2239,17.2239,17.223942,0.000000,1.0000,Yahoo前复权
2020-08-20,16.9392,16.9392,16.939249,0.000000,1.0000,Yahoo前复权
2020-08-21,17.1243,17.1243,17.124294,0.000000,1.0000,Yahoo前复权
2020-08-24,17.1670,17.1670,17.167002,0.000000,1.0000,Yahoo前复权
2020-08-25,17.1812,17.1812,17.181234,0.000000,1.0000,Yahoo前复权
2020-08-26,17.1812,17.1812,17.181234,0.000000,1.0000,Yahoo前复权
2020-08-27,16.9392,16.9392,16.939249,0.000000,1.0000,Yahoo前复权
2020-08-28,17.0531,17.0531,17.053123,0.000000,1.0000,Yahoo前复权
2020-08-31,16.8396,16.8396,16.839602,0.000000,1.0000,Yahoo前复权
2020-09-01,16.7115,16.7115,16.711491,0.000000,1.0000,Yahoo前复权
2020-09-02,16.5407,16.5407,16.540676,0.000000,1.0000,Yahoo前复权
2020-09-03,16.6261,16.6261,16.626087,0.000000,1.0000,Yahoo前复权
2020-09-04,16.6119,16.6119,16.611853,0.000000,1.0000,Yahoo前复权
2020-09-07,16.4837,16.4837,16.483738,0.000000,1.0000,Yahoo前复权
2020-09-08,16.6403,16.6403,16.640320,0.000000,1.0000,Yahoo前复权
2020-09-09,16.4837,16.4837,16.483738,0.000000,1.0000,Yahoo前复权
2020-09-10,16.4553,16.4553,16.455269,0.000000,1.0000,Yahoo前复权
2020-09-11,16.4126,16.4126,16.412567,0.000000,1.0000,Yahoo前复权
2020-09-14,16.4553,16.4553,16.455269,0.000000,1.0000,Yahoo前复权
2020-09-15,16.5407,16.5407,16.540676,0.000000,1.0000,Yahoo前复权
2020-09-16,16.5264,16.5264,16.526442,0.000000,1.0000,Yahoo前复权
2020-09-17,16.3414,16.3414,16.341394,0.000000,1.0000,Yahoo前复权
2020-09-18,16.3556,16.3556,16.355625,0.000000,1.0000,Yahoo前复权
2020-09-21,16.1136,16.1136,16.113634,0.000000,1.0000,Yahoo前复权
2020-09-22,15.9571,15.9571,15.957056,0.000000,1.0000,Yahoo前复权
2020-09-23,15.8147,15.8147,15.814712,0.000000,1.0000,Yahoo前复权
2020-09-24,15.5585,15.5585,15.558486,0.000000,1.0000,Yahoo前复权
2020-09-25,15.4161,15.4161,15.416138,0.000000,1.0000,Yahoo前复权
2020-09-28,15.6866,15.6866,15.686597,0.000000,1.0000,Yahoo前复权
2020-09-29,15.4588,15.4588,15.458841,0.000000,1.0000,Yahoo前复权
2020-09-30,15.6581,15.6581,15.658127,0.000000,1.0000,Yahoo前复权
2020-10-05,15.6012,15.6012,15.601190,0.000000,1.0000,Yahoo前复权
2020-10-06,15.7293,15.7293,15.729302,0.000000,1.0000,Yahoo前复权
2020-10-07,15.7720,15.7720,15.772006,0.000000,1.0000,Yahoo前复权
2020-10-08,15.7435,15.7435,15.743534,0.000000,1.0000,Yahoo前复权
2020-10-09,15.7293,15.7293,15.729302,0.000000,1.0000,Yahoo前复权
2020-10-12,16.0567,16.0567,16.056698,0.000000,1.0000,Yahoo前复权
2020-10-14,15.9713,15.9713,15.971290,0.000000,1.0000,Yahoo前复权
2020-10-15,15.8574,15.8574,15.857413,0.000000,1.0000,Yahoo前复权
2020-10-16,16.0994,16.0994,16.099405,0.000000,1.0000,Yahoo前复权
2020-10-19,16.2845,16.2845,16.284451,0.000000,1.0000,Yahoo前复权
2020-10-20,16.1848,16.1848,16.184811,0.000000,1.0000,Yahoo前复权
2020-10-21,16.2133,16.2133,16.213280,0.000000,1.0000,Yahoo前复权
2020-10-22,16.4837,16.4837,16.483738,0.000000,1.0000,Yahoo前复权
2020-10-23,16.6546,16.6546,16.654552,0.000000,1.0000,Yahoo前复权
2020-10-27,16.3841,16.3841,16.384098,0.000000,1.0000,Yahoo前复权
2020-10-28,16.1279,16.1279,16.127872,0.000000,1.0000,Yahoo前复权
2020-10-29,16.0282,16.0282,16.028229,0.000000,1.0000,Yahoo前复权
2020-10-30,15.7720,15.7720,15.772006,0.000000,1.0000,Yahoo前复权
2020-11-02,16.1136,16.1136,16.113634,0.000000,1.0000,Yahoo前复权
2020-11-03,16.4126,16.4126,16.412567,0.000000,1.0000,Yahoo前复权
2020-11-04,16.4126,16.4126,16.412567,0.000000,1.0000,Yahoo前复权
2020-11-05,16.7257,16.7257,16.725727,0.000000,1.0000,Yahoo前复权
2020-11-06,16.9108,16.9108,16.910778,0.000000,1.0000,Yahoo前复权
2020-11-09,17.0816,17.0816,17.081593,0.000000,1.0000,Yahoo前复权
2020-11-10,17.4517,17.4517,17.451693,0.000000,1.0000,Yahoo前复权
2020-11-11,17.9641,17.9641,17.964144,0.000000,1.0000,Yahoo前复权
2020-11-12,17.8076,17.8076,17.807560,0.000000,1.0000,Yahoo前复权
2020-11-13,17.4375,17.4375,17.437460,0.000000,1.0000,Yahoo前复权
2020-11-16,17.5086,17.5086,17.508635,0.000000,1.0000,Yahoo前复权
2020-11-17,17.7222,17.7222,17.722153,0.000000,1.0000,Yahoo前复权
2020-11-18,17.7933,17.7933,17.793325,0.000000,1.0000,Yahoo前复权
2020-11-19,17.6083,17.6083,17.608276,0.000000,1.0000,Yahoo前复权
2020-11-20,17.4517,17.4517,17.451693,0.000000,1.0000,Yahoo前复权
2020-11-23,17.5086,17.5086,17.508635,0.000000,1.0000,Yahoo前复权
2020-11-24,17.4659,17.4659,17.465931,0.000000,1.0000,Yahoo前复权
2020-11-25,17.7222,17.7222,17.722153,0.000000,1.0000,Yahoo前复权
2020-11-26,17.7791,17.7791,17.779093,0.000000,1.0000,Yahoo前复权
2020-11-27,18.0638,18.0638,18.063786,0.000000,1.0000,Yahoo前复权
2020-11-30,17.8218,17.8218,17.821796,0.000000,1.0000,Yahoo前复权
2020-12-01,17.9641,17.9641,17.964144,0.000000,1.0000,Yahoo前复权
2020-12-02,18.0923,18.0923,18.092251,0.000000,1.0000,Yahoo前复权
2020-12-03,17.9357,17.9357,17.935673,0.000000,1.0000,Yahoo前复权
2020-12-04,17.9072,17.9072,17.907204,0.000000,1.0000,Yahoo前复权
2020-12-07,17.6510,17.6510,17.650982,0.000000,1.0000,Yahoo前复权
2020-12-08,17.3948,17.3948,17.394756,0.000000,1.0000,Yahoo前复权
2020-12-09,17.4802,17.4802,17.480165,0.000000,1.0000,Yahoo前复权
2020-12-10,17.4659,17.4659,17.465931,0.000000,1.0000,Yahoo前复权
2020-12-11,17.5396,17.5396,17.539566,0.000000,1.0000,Yahoo前复权
2020-12-14,17.5248,17.5248,17.524836,0.000000,1.0000,Yahoo前复权
2020-12-15,17.3923,17.3923,17.392294,0.000000,1.0000,Yahoo前复权
2020-12-16,17.5543,17.5543,17.554289,0.000000,1.0000,Yahoo前复权
2020-12-17,17.4954,17.4954,17.495384,0.000000,1.0000,Yahoo前复权
2020-12-18,17.5543,17.5543,17.554289,0.000000,1.0000,Yahoo前复权
2020-12-21,17.4659,17.4659,17.465929,0.000000,1.0000,Yahoo前复权
2020-12-22,17.3187,17.3187,17.318661,0.000000,1.0000,Yahoo前复权
2020-12-23,17.2303,17.2303,17.230301,0.000000,1.0000,Yahoo前复权
2020-12-24,17.4217,17.4217,17.421749,0.000000,1.0000,Yahoo前复权
2020-12-28,17.7752,17.7752,17.775188,0.000000,1.0000,Yahoo前复权
2020-12-29,17.8194,17.8194,17.819372,0.000000,1.0000,Yahoo前复权
2020-12-30,17.8341,17.8341,17.834099,0.000000,1.0000,Yahoo前复权
2020-12-31,17.8930,17.8930,17.893002,0.000000,1.0000,Yahoo前复权
2021-01-04,17.7310,17.7310,17.731010,0.000000,1.0000,Yahoo前复权
2021-01-05,17.7310,17.7310,17.731010,0.000000,1.0000,Yahoo前复权
2021-01-06,17.9814,17.9814,17.981361,0.000000,1.0000,Yahoo前复权
2021-01-07,18.0403,18.0403,18.040276,0.000000,1.0000,Yahoo前复权
2021-01-08,18.2023,18.2023,18.202269,0.000000,1.0000,Yahoo前复权
2021-01-11,18.1434,18.1434,18.143362,0.000000,1.0000,Yahoo前复权
2021-01-12,18.3790,18.3790,18.378986,0.000000,1.0000,Yahoo前复权
2021-01-13,18.7030,18.7030,18.702978,0.000000,1.0000,Yahoo前复权
2021-01-14,18.7472,18.7472,18.747156,0.000000,1.0000,Yahoo前复权
2021-01-15,18.7619,18.7619,18.761885,0.000000,1.0000,Yahoo前复权
2021-01-18,18.9975,18.9975,18.997513,0.000000,1.0000,Yahoo前复权
2021-01-19,19.3215,19.3215,19.321499,0.000000,1.0000,Yahoo前复权
2021-01-20,19.2920,19.2920,19.292049,0.000000,1.0000,Yahoo前复权
2021-01-21,19.2773,19.2773,19.277321,0.000000,1.0000,Yahoo前复权
2021-01-22,18.8208,18.8208,18.820795,0.000000,1.0000,Yahoo前复权
2021-01-25,18.8355,18.8355,18.835518,0.000000,1.0000,Yahoo前复权
2021-01-26,18.6293,18.6293,18.629343,0.000000,1.0000,Yahoo前复权
2021-01-27,18.6735,18.6735,18.673525,0.000000,1.0000,Yahoo前复权
2021-01-28,18.2612,18.2612,18.261171,0.000000,1.0000,Yahoo前复权
2021-01-29,17.9519,17.9519,17.951908,0.000000,1.0000,Yahoo前复权
2021-02-01,18.1728,18.1728,18.172813,0.000000,1.0000,Yahoo前复权
2021-02-02,18.3348,18.3348,18.334806,0.000000,1.0000,Yahoo前复权
2021-02-03,18.3643,18.3643,18.364260,0.000000,1.0000,Yahoo前复权
2021-02-04,18.2612,18.2612,18.261171,0.000000,1.0000,Yahoo前复权
2021-02-05,18.4084,18.4084,18.408443,0.000000,1.0000,Yahoo前复权
2021-02-08,18.4673,18.4673,18.467348,0.000000,1.0000,Yahoo前复权
2021-02-09,18.5704,18.5704,18.570440,0.000000,1.0000,Yahoo前复权
2021-02-10,18.8061,18.8061,18.806065,0.000000,1.0000,Yahoo前复权
2021-02-11,18.8208,18.8208,18.820795,0.000000,1.0000,Yahoo前复权
2021-02-16,19.4099,19.4099,19.409859,0.000000,1.0000,Yahoo前复权
2021-02-17,19.7633,19.7633,19.763302,0.000000,1.0000,Yahoo前复权
2021-02-18,19.6308,19.6308,19.630762,0.000000,1.0000,Yahoo前复权
2021-02-19,19.4393,19.4393,19.439316,0.000000,1.0000,Yahoo前复权
2021-02-22,19.6602,19.6602,19.660213,0.000000,1.0000,Yahoo前复权
2021-02-23,20.0431,20.0431,20.043112,0.000000,1.0000,Yahoo前复权
2021-02-24,19.4688,19.4688,19.468767,0.000000,1.0000,Yahoo前复权
2021-02-25,19.9695,19.9695,19.969477,0.000000,1.0000,Yahoo前复权
2021-02-26,19.3657,19.3657,19.365683,0.000000,1.0000,Yahoo前复权
2021-03-01,19.3657,19.3657,19.365683,0.000000,1.0000,Yahoo前复权
2021-03-02,19.1742,19.1742,19.174234,0.000000,1.0000,Yahoo前复权
2021-03-03,19.8075,19.8075,19.807482,0.000000,1.0000,Yahoo前复权
2021-03-04,19.6160,19.6160,19.616035,0.000000,1.0000,Yahoo前复权
2021-03-05,19.8664,19.8664,19.866388,0.000000,1.0000,Yahoo前复权
2021-03-08,20.0137,20.0137,20.013657,0.000000,1.0000,Yahoo前复权
2021-03-09,19.8369,19.8369,19.836937,0.000000,1.0000,Yahoo前复权
2021-03-10,19.7780,19.7780,19.778032,0.000000,1.0000,Yahoo前复权
2021-03-11,20.2198,20.2198,20.219830,0.000000,1.0000,Yahoo前复权
2021-03-12,20.0284,20.0284,20.028387,0.000000,1.0000,Yahoo前复权
2021-03-15,20.2787,20.2787,20.278740,0.000000,1.0000,Yahoo前复权
2021-03-16,20.2493,20.2493,20.249285,0.000000,1.0000,Yahoo前复权
2021-03-17,20.2051,20.2051,20.205107,0.000000,1.0000,Yahoo前复权
2021-03-18,20.2346,20.2346,20.234558,0.000000,1.0000,Yahoo前复权
2021-03-19,19.7633,19.7633,19.763302,0.000000,1.0000,Yahoo前复权
2021-03-22,20.1462,20.1462,20.146200,0.000000,1.0000,Yahoo前复权
2021-03-23,19.9548,19.9548,19.954752,0.000000,1.0000,Yahoo前复权
2021-03-24,19.5571,19.5571,19.557129,0.000000,1.0000,Yahoo前复权
2021-03-25,19.5719,19.5719,19.571856,0.000000,1.0000,Yahoo前复权
2021-03-26,19.7633,19.7633,19.763302,0.000000,1.0000,Yahoo前复权
2021-03-29,20.3229,20.3229,20.322922,0.000000,1.0000,Yahoo前复权
2021-03-30,20.3966,20.3966,20.396555,0.000000,1.0000,Yahoo前复权
2021-03-31,20.2346,20.2346,20.234558,0.000000,1.0000,Yahoo前复权
2021-04-01,20.1462,20.1462,20.146200,0.000000,1.0000,Yahoo前复权
2021-04-07,20.1756,20.1756,20.175650,0.000000,1.0000,Yahoo前复权
2021-04-08,20.1315,20.1315,20.131472,0.000000,1.0000,Yahoo前复权
2021-04-09,20.0726,20.0726,20.072565,0.000000,1.0000,Yahoo前复权
2021-04-12,20.0137,20.0137,20.013657,0.000000,1.0000,Yahoo前复权
2021-04-13,20.0873,20.0873,20.087294,0.000000,1.0000,Yahoo前复权
2021-04-14,20.2493,20.2493,20.249285,0.000000,1.0000,Yahoo前复权
2021-04-15,20.2493,20.2493,20.249285,0.000000,1.0000,Yahoo前复权
2021-04-16,20.4702,20.4702,20.470184,0.000000,1.0000,Yahoo前复权
2021-04-19,20.5291,20.5291,20.529093,0.000000,1.0000,Yahoo前复权
2021-04-20,20.4996,20.4996,20.499641,0.000000,1.0000,Yahoo前复权
2021-04-21,20.3376,20.3376,20.337648,0.000000,1.0000,Yahoo前复权
2021-04-22,20.2198,20.2198,20.219830,0.000000,1.0000,Yahoo前复权
2021-04-23,20.2935,20.2935,20.293465,0.000000,1.0000,Yahoo前复权
2021-04-26,20.1167,20.1167,20.116745,0.000000,1.0000,Yahoo前复权
2021-04-27,20.0137,20.0137,20.013657,0.000000,1.0000,Yahoo前复权
2021-04-28,19.9842,19.9842,19.984205,0.000000,1.0000,Yahoo前复权
2021-04-29,20.1756,20.1756,20.175650,0.000000,1.0000,Yahoo前复权
2021-04-30,19.8517,19.8517,19.851664,0.000000,1.0000,Yahoo前复权
2021-05-03,19.6455,19.6455,19.645491,0.000000,1.0000,Yahoo前复权
2021-05-04,19.7780,19.7780,19.778032,0.000000,1.0000,Yahoo前复权
2021-05-05,20.0431,20.0431,20.043112,0.000000,1.0000,Yahoo前复权
2021-05-06,20.1609,20.1609,20.160925,0.000000,1.0000,Yahoo前复权
2021-05-07,20.3082,20.3082,20.308193,0.000000,1.0000,Yahoo前复权
2021-05-10,20.5291,20.5291,20.529093,0.000000,1.0000,Yahoo前复权
2021-05-11,20.2640,20.2640,20.264011,0.000000,1.0000,Yahoo前复权
2021-05-12,20.1462,20.1462,20.146200,0.000000,1.0000,Yahoo前复权
2021-05-13,19.8517,19.8517,19.851664,0.000000,1.0000,Yahoo前复权
2021-05-14,19.9400,19.9400,19.940025,0.000000,1.0000,Yahoo前复权
2021-05-17,19.9253,19.9253,19.925297,0.000000,1.0000,Yahoo前复权
2021-05-18,20.3229,20.3229,20.322922,0.000000,1.0000,Yahoo前复权
2021-05-20,20.0137,20.0137,20.013657,0.000000,1.0000,Yahoo前复权
2021-05-21,20.0431,20.0431,20.043112,0.000000,1.0000,Yahoo前复权
2021-05-24,20.0137,20.0137,20.013657,0.000000,1.0000,Yahoo前复权
2021-05-25,20.2051,20.2051,20.205107,0.000000,1.0000,Yahoo前复权
2021-05-26,20.3376,20.3376,20.337648,0.000000,1.0000,Yahoo前复权
2021-05-27,20.4407,20.4407,20.440735,0.000000,1.0000,Yahoo前复权
2021-05-28,20.4407,20.4407,20.440735,0.000000,1.0000,Yahoo前复权
2021-05-31,20.3524,20.3524,20.352373,0.000000,1.0000,Yahoo前复权
2021-06-01,20.4407,20.4407,20.440735,0.000000,1.0000,Yahoo前复权
2021-06-02,20.4555,20.4555,20.455462,0.000000,1.0000,Yahoo前复权
2021-06-03,20.3082,20.3082,20.308193,0.000000,1.0000,Yahoo前复权
2021-06-04,20.2935,20.2935,20.293465,0.000000,1.0000,Yahoo前复权
2021-06-07,20.3229,20.3229,20.322922,0.000000,1.0000,Yahoo前复权
2021-06-08,20.3229,20.3229,20.322922,0.000000,1.0000,Yahoo前复权
2021-06-09,20.4260,20.4260,20.426004,0.000000,1.0000,Yahoo前复权
2021-06-10,20.3524,20.3524,20.352373,0.000000,1.0000,Yahoo前复权
2021-06-11,20.4407,20.4407,20.440735,0.000000,1.0000,Yahoo前复权
2021-06-15,20.1462,20.1462,20.146200,0.000000,1.0000,Yahoo前复权
2021-06-16,20.1315,20.1315,20.131472,0.000000,1.0000,Yahoo前复权
2021-06-17,20.0137,20.0137,20.013657,0.000000,1.0000,Yahoo前复权
2021-06-18,19.8517,19.8517,19.851664,0.000000,1.0000,Yahoo前复权
2021-06-21,19.8075,19.8075,19.807482,0.000000,1.0000,Yahoo前复权
2021-06-22,19.9548,19.9548,19.954752,0.000000,1.0000,Yahoo前复权
2021-06-23,20.0578,20.0578,20.057838,0.000000,1.0000,Yahoo前复权
2021-06-24,20.1167,20.1167,20.116745,0.000000,1.0000,Yahoo前复权
2021-06-25,20.2346,20.2346,20.234558,0.000000,1.0000,Yahoo前复权
2021-06-28,20.1315,20.1315,20.131472,0.000000,1.0000,Yahoo前复权
2021-06-29,19.8904,19.8904,19.890375,0.000000,1.0000,Yahoo前复权
2021-06-30,19.8150,19.8150,19.815037,0.000000,1.0000,Yahoo前复权
2021-07-02,19.6945,19.6945,19.694489,0.000000,1.0000,Yahoo前复权
2021-07-05,19.8150,19.8150,19.815037,0.000000,1.0000,Yahoo前复权
2021-07-06,19.8000,19.8000,19.799965,0.000000,1.0000,Yahoo前复权
2021-07-07,19.7096,19.7096,19.709553,0.000000,1.0000,Yahoo前复权
2021-07-08,19.2424,19.2424,19.242435,0.000000,1.0000,Yahoo前复权
2021-07-09,19.1822,19.1822,19.182161,0.000000,1.0000,Yahoo前复权
2021-07-12,19.2726,19.2726,19.272568,0.000000,1.0000,Yahoo前复权
2021-07-13,19.3780,19.3780,19.378050,0.000000,1.0000,Yahoo前复权
2021-07-14,19.2274,19.2274,19.227362,0.000000,1.0000,Yahoo前复权
2021-07-15,19.4383,19.4383,19.438324,0.000000,1.0000,Yahoo前复权
2021-07-16,19.4082,19.4082,19.408188,0.000000,1.0000,Yahoo前复权
2021-07-19,19.1068,19.1068,19.106817,0.000000,1.0000,Yahoo前复权
2021-07-20,18.8205,18.8205,18.820517,0.000000,1.0000,Yahoo前复权
2021-07-21,18.7753,18.7753,18.775311,0.000000,1.0000,Yahoo前复权
2021-07-22,19.0917,19.0917,19.091747,0.000000,1.0000,Yahoo前复权
2021-07-23,18.9863,18.9863,18.986269,0.000000,1.0000,Yahoo前复权
2021-07-26,18.7000,18.7000,18.699968,0.000000,1.0000,Yahoo前复权
2021-07-27,18.2328,18.2328,18.232847,0.000000,1.0000,Yahoo前复权
2021-07-28,18.4287,18.4287,18.428736,0.000000,1.0000,Yahoo前复权
2021-07-29,18.4589,18.4589,18.458874,0.000000,1.0000,Yahoo前复权
2021-07-30,18.3233,18.3233,18.323256,0.000000,1.0000,Yahoo前复权
2021-08-02,18.6698,18.6698,18.669832,0.000000,1.0000,Yahoo前复权
2021-08-03,18.6849,18.6849,18.684898,0.000000,1.0000,Yahoo前复权
2021-08-04,18.7904,18.7904,18.790377,0.000000,1.0000,Yahoo前复权
2021-08-05,18.5945,18.5945,18.594488,0.000000,1.0000,Yahoo前复权
2021-08-06,18.6548,18.6548,18.654764,0.000000,1.0000,Yahoo前复权
2021-08-09,18.8054,18.8054,18.805445,0.000000,1.0000,Yahoo前复权
2021-08-10,18.7602,18.7602,18.760244,0.000000,1.0000,Yahoo前复权
2021-08-11,19.1068,19.1068,19.106817,0.000000,1.0000,Yahoo前复权
2021-08-12,19.1520,19.1520,19.152021,0.000000,1.0000,Yahoo前复权
2021-08-13,19.0767,19.0767,19.076681,0.000000,1.0000,Yahoo前复权
2021-08-16,19.1520,19.1520,19.152021,0.000000,1.0000,Yahoo前复权
2021-08-17,18.8959,18.8959,18.895857,0.000000,1.0000,Yahoo前复权
2021-08-18,19.0767,19.0767,19.076681,0.000000,1.0000,Yahoo前复权
2021-08-19,18.7150,18.7150,18.715036,0.000000,1.0000,Yahoo前复权
2021-08-20,18.5493,18.5493,18.549286,0.000000,1.0000,Yahoo前复权
2021-08-23,18.7753,18.7753,18.775311,0.000000,1.0000,Yahoo前复权
2021-08-24,18.7301,18.7301,18.730104,0.000000,1.0000,Yahoo前复权
2021-08-25,18.9411,18.9411,18.941063,0.000000,1.0000,Yahoo前复权
2021-08-26,18.8054,18.8054,18.805445,0.000000,1.0000,Yahoo前复权
2021-08-27,18.9109,18.9109,18.910925,0.000000,1.0000,Yahoo前复权
2021-08-30,19.0616,19.0616,19.061611,0.000000,1.0000,Yahoo前复权
2021-08-31,19.2876,19.2876,19.287636,0.000000,1.0000,Yahoo前复权
2021-09-01,19.4082,19.4082,19.408188,0.000000,1.0000,Yahoo前复权
2021-09-02,19.4233,19.4233,19.423252,0.000000,1.0000,Yahoo前复权
2021-09-03,19.5890,19.5890,19.589006,0.000000,1.0000,Yahoo前复权
2021-09-06,19.6644,19.6644,19.664351,0.000000,1.0000,Yahoo前复权
2021-09-07,19.7166,19.7166,19.716637,0.000000,1.0000,Yahoo前复权
2021-09-08,19.6219,19.6219,19.621855,0.000000,1.0000,Yahoo前复权
2021-09-09,19.6316,19.6316,19.631649,0.000000,1.0000,Yahoo前复权
2021-09-10,19.8393,19.8393,19.839293,0.000000,1.0000,Yahoo前复权
2021-09-13,19.9956,19.9956,19.995552,0.000000,1.0000,Yahoo前复权
2021-09-14,19.7148,19.7148,19.714752,0.000000,1.0000,Yahoo前复权
2021-09-15,19.5079,19.5079,19.507938,0.000000,1.0000,Yahoo前复权
2021-09-16,19.2907,19.2907,19.290653,0.000000,1.0000,Yahoo前复权
2021-09-17,19.1510,19.1510,19.151043,0.000000,1.0000,Yahoo前复权
2021-09-20,18.5508,18.5508,18.550791,0.000000,1.0000,Yahoo前复权
2021-09-21,18.6655,18.6655,18.665537,0.000000,1.0000,Yahoo前复权
2021-09-23,19.1112,19.1112,19.111185,0.000000,1.0000,Yahoo前复权
2021-09-24,18.7627,18.7627,18.762728,0.000000,1.0000,Yahoo前复权
2021-09-27,18.8519,18.8519,18.851934,0.000000,1.0000,Yahoo前复权
2021-09-28,19.2496,19.2496,19.249586,0.000000,1.0000,Yahoo前复权
2021-09-29,19.2456,19.2456,19.245596,0.000000,1.0000,Yahoo前复权
2021-09-30,19.3338,19.3338,19.333822,0.000000,1.0000,Yahoo前复权
2021-10-04,19.1702,19.1702,19.170177,0.000000,1.0000,Yahoo前复权
2021-10-05,19.3017,19.3017,19.301727,0.000000,1.0000,Yahoo前复权
2021-10-06,19.3428,19.3428,19.342791,0.000000,1.0000,Yahoo前复权
2021-10-07,19.4568,19.4568,19.456779,0.000000,1.0000,Yahoo前复权
2021-10-08,19.1834,19.1834,19.183437,0.000000,1.0000,Yahoo前复权
2021-10-11,18.9940,18.9940,18.994030,0.000000,1.0000,Yahoo前复权
2021-10-12,18.9500,18.9500,18.949955,0.000000,1.0000,Yahoo前复权
2021-10-15,18.9804,18.9804,18.980392,0.000000,1.0000,Yahoo前复权
2021-10-18,19.0949,19.0949,19.094913,0.000000,1.0000,Yahoo前复权
2021-10-19,19.2311,19.2311,19.231131,0.000000,1.0000,Yahoo前复权
2021-10-20,19.0364,19.0364,19.036373,0.000000,1.0000,Yahoo前复权
2021-10-21,19.1550,19.1550,19.154963,0.000000,1.0000,Yahoo前复权
2021-10-22,19.1398,19.1398,19.139814,0.000000,1.0000,Yahoo前复权
2021-10-25,19.0605,19.0605,19.060480,0.000000,1.0000,Yahoo前复权
2021-10-26,18.8886,18.8886,18.888626,0.000000,1.0000,Yahoo前复权
2021-10-27,18.7408,18.7408,18.740807,0.000000,1.0000,Yahoo前复权
2021-10-28,18.6517,18.6517,18.651674,0.000000,1.0000,Yahoo前复权
2021-10-29,18.6239,18.6239,18.623873,0.000000,1.0000,Yahoo前复权
2021-11-01,18.7053,18.7053,18.705317,0.000000,1.0000,Yahoo前复权
2021-11-02,18.4946,18.4946,18.494587,0.000000,1.0000,Yahoo前复权
2021-11-03,18.5313,18.5313,18.531279,0.000000,1.0000,Yahoo前复权
2021-11-04,18.4376,18.4376,18.437551,0.000000,1.0000,Yahoo前复权
2021-11-05,18.0439,18.0439,18.043886,0.000000,1.0000,Yahoo前复权
2021-11-08,18.2227,18.2227,18.222677,0.000000,1.0000,Yahoo前复权
2021-11-09,18.1488,18.1488,18.148838,0.000000,1.0000,Yahoo前复权
2021-11-10,18.2931,18.2931,18.293121,0.000000,1.0000,Yahoo前复权
2021-11-11,18.5342,18.5342,18.534212,0.000000,1.0000,Yahoo前复权
2021-11-12,18.5342,18.5342,18.534212,0.000000,1.0000,Yahoo前复权
2021-11-15,18.3383,18.3383,18.338326,0.000000,1.0000,Yahoo前复权
2021-11-16,18.3986,18.3986,18.398600,0.000000,1.0000,Yahoo前复权
2021-11-17,18.3082,18.3082,18.308186,0.000000,1.0000,Yahoo前复权
2021-11-18,18.1726,18.1726,18.172573,0.000000,1.0000,Yahoo前复权
2021-11-19,18.2781,18.2781,18.278051,0.000000,1.0000,Yahoo前复权
2021-11-22,18.1876,18.1876,18.187639,0.000000,1.0000,Yahoo前复权
2021-11-23,18.2027,18.2027,18.202705,0.000000,1.0000,Yahoo前复权
2021-11-24,18.3233,18.3233,18.323256,0.000000,1.0000,Yahoo前复权
2021-11-25,18.3383,18.3383,18.338326,0.000000,1.0000,Yahoo前复权
2021-11-26,18.0822,18.0822,18.082165,0.000000,1.0000,Yahoo前复权
2021-11-29,17.9164,17.9164,17.916410,0.000000,1.0000,Yahoo前复权
2021-11-30,17.7657,17.7657,17.765724,0.000000,1.0000,Yahoo前复权
2021-12-01,18.1424,18.1424,18.142437,0.000000,1.0000,Yahoo前复权
2021-12-02,18.3383,18.3383,18.338326,0.000000,1.0000,Yahoo前复权
2021-12-03,18.5794,18.5794,18.579420,0.000000,1.0000,Yahoo前复权
2021-12-06,18.6096,18.6096,18.609560,0.000000,1.0000,Yahoo前复权
2021-12-07,18.7150,18.7150,18.715036,0.000000,1.0000,Yahoo前复权
2021-12-08,18.6096,18.6096,18.609560,0.000000,1.0000,Yahoo前复权
2021-12-09,18.7150,18.7150,18.715036,0.000000,1.0000,Yahoo前复权
2021-12-10,18.5945,18.5945,18.594488,0.000000,1.0000,Yahoo前复权
2021-12-13,18.6096,18.6096,18.609560,0.000000,1.0000,Yahoo前复权
2021-12-14,18.3082,18.3082,18.308186,0.000000,1.0000,Yahoo前复权
2021-12-15,18.4137,18.4137,18.413666,0.000000,1.0000,Yahoo前复权
2021-12-16,18.5794,18.5794,18.579420,0.000000,1.0000,Yahoo前复权
2021-12-17,18.5342,18.5342,18.534212,0.000000,1.0000,Yahoo前复权
2021-12-20,18.2027,18.2027,18.202705,0.000000,1.0000,Yahoo前复权
2021-12-21,18.3986,18.3986,18.398600,0.000000,1.0000,Yahoo前复权
2021-12-22,18.4438,18.4438,18.443804,0.000000,1.0000,Yahoo前复权
2021-12-23,18.0822,18.0822,18.082165,0.000000,1.0000,Yahoo前复权
2021-12-24,18.7299,18.7299,18.729906,0.000000,1.0000,Yahoo前复权
2021-12-28,18.8392,18.8392,18.839161,0.000000,1.0000,Yahoo前复权
2021-12-29,18.7455,18.7455,18.745510,0.000000,1.0000,Yahoo前复权
2021-12-30,18.6675,18.6675,18.667473,0.000000,1.0000,Yahoo前复权
2021-12-31,18.7143,18.7143,18.714293,0.000000,1.0000,Yahoo前复权
2022-01-03,18.8704,18.8704,18.870375,0.000000,1.0000,Yahoo前复权
2022-01-04,19.0109,19.0109,19.010853,0.000000,1.0000,Yahoo前复权
2022-01-05,19.1982,19.1982,19.198151,0.000000,1.0000,Yahoo前复权
2022-01-06,19.0733,19.0733,19.073284,0.000000,1.0000,Yahoo前复权
2022-01-07,19.2918,19.2918,19.291800,0.000000,1.0000,Yahoo前复权
2022-01-10,19.5103,19.5103,19.510313,0.000000,1.0000,Yahoo前复权
2022-01-11,19.6040,19.6040,19.603964,0.000000,1.0000,Yahoo前复权
2022-01-12,19.8069,19.8069,19.806871,0.000000,1.0000,Yahoo前复权
2022-01-13,19.9942,19.9942,19.994171,0.000000,1.0000,Yahoo前复权
2022-01-14,19.9630,19.9630,19.962952,0.000000,1.0000,Yahoo前复权
2022-01-17,19.9005,19.9005,19.900524,0.000000,1.0000,Yahoo前复权
2022-01-18,19.9942,19.9942,19.994171,0.000000,1.0000,Yahoo前复权
2022-01-19,20.1815,20.1815,20.181471,0.000000,1.0000,Yahoo前复权
2022-01-20,20.3376,20.3376,20.337555,0.000000,1.0000,Yahoo前复权
2022-01-21,20.3844,20.3844,20.384378,0.000000,1.0000,Yahoo前复权
2022-01-24,20.4624,20.4624,20.462420,0.000000,1.0000,Yahoo前复权
2022-01-25,20.1503,20.1503,20.150251,0.000000,1.0000,Yahoo前复权
2022-01-26,20.2595,20.2595,20.259512,0.000000,1.0000,Yahoo前复权
2022-01-27,20.1190,20.1190,20.119036,0.000000,1.0000,Yahoo前复权
2022-01-28,20.0098,20.0098,20.009781,0.000000,1.0000,Yahoo前复权
2022-01-31,20.1346,20.1346,20.134645,0.000000,1.0000,Yahoo前复权
2022-02-04,20.4468,20.4468,20.446812,0.000000,1.0000,Yahoo前复权
2022-02-07,20.7590,20.7590,20.758974,0.000000,1.0000,Yahoo前复权
2022-02-08,20.9151,20.9151,20.915058,0.000000,1.0000,Yahoo前复权
2022-02-09,21.0399,21.0399,21.039925,0.000000,1.0000,Yahoo前复权
2022-02-10,21.2272,21.2272,21.227224,0.000000,1.0000,Yahoo前复权
2022-02-11,21.4613,21.4613,21.461349,0.000000,1.0000,Yahoo前复权
2022-02-14,21.2116,21.2116,21.211617,0.000000,1.0000,Yahoo前复权
2022-02-15,20.6809,20.6809,20.680935,0.000000,1.0000,Yahoo前复权
2022-02-16,20.9619,20.9619,20.961884,0.000000,1.0000,Yahoo前复权
2022-02-17,20.9619,20.9619,20.961884,0.000000,1.0000,Yahoo前复权
2022-02-18,21.1180,21.1180,21.117962,0.000000,1.0000,Yahoo前复权
2022-02-21,21.2272,21.2272,21.227224,0.000000,1.0000,Yahoo前复权
2022-02-22,20.9931,20.9931,20.993101,0.000000,1.0000,Yahoo前复权
2022-02-23,20.8370,20.8370,20.837017,0.000000,1.0000,Yahoo前复权
2022-02-24,20.4312,20.4312,20.431202,0.000000,1.0000,Yahoo前复权
2022-02-25,20.1815,20.1815,20.181471,0.000000,1.0000,Yahoo前复权
2022-02-28,20.3844,20.3844,20.384378,0.000000,1.0000,Yahoo前复权
2022-03-01,20.5249,20.5249,20.524855,0.000000,1.0000,Yahoo前复权
2022-03-02,20.2439,20.2439,20.243904,0.000000,1.0000,Yahoo前复权
2022-03-03,20.8058,20.8058,20.805801,0.000000,1.0000,Yahoo前复权
2022-03-04,20.7278,20.7278,20.727758,0.000000,1.0000,Yahoo前复权
2022-03-07,20.3688,20.3688,20.368771,0.000000,1.0000,Yahoo前复权
2022-03-08,20.0254,20.0254,20.025387,0.000000,1.0000,Yahoo前复权
2022-03-09,19.8381,19.8381,19.838089,0.000000,1.0000,Yahoo前复权
2022-03-10,20.0566,20.0566,20.056602,0.000000,1.0000,Yahoo前复权
2022-03-11,20.0098,20.0098,20.009781,0.000000,1.0000,Yahoo前复权
2022-03-14,19.4791,19.4791,19.479097,0.000000,1.0000,Yahoo前复权
2022-03-15,18.3865,18.3865,18.386520,0.000000,1.0000,Yahoo前复权
2022-03-16,18.8392,18.8392,18.839161,0.000000,1.0000,Yahoo前复权
2022-03-17,19.9005,19.9005,19.900524,0.000000,1.0000,Yahoo前复权
2022-03-18,20.1659,20.1659,20.165863,0.000000,1.0000,Yahoo前复权
2022-03-21,19.9005,19.9005,19.900524,0.000000,1.0000,Yahoo前复权
2022-03-22,20.2907,20.2907,20.290730,0.000000,1.0000,Yahoo前复权
2022-03-23,20.2595,20.2595,20.259512,0.000000,1.0000,Yahoo前复权
2022-03-24,20.3688,20.3688,20.368771,0.000000,1.0000,Yahoo前复权
2022-03-25,20.3532,20.3532,20.353163,0.000000,1.0000,Yahoo前复权
2022-03-28,20.6653,20.6653,20.665323,0.000000,1.0000,Yahoo前复权
2022-03-29,20.8058,20.8058,20.805801,0.000000,1.0000,Yahoo前复权
2022-03-30,21.0399,21.0399,21.039925,0.000000,1.0000,Yahoo前复权
2022-03-31,21.0868,21.0868,21.086750,0.000000,1.0000,Yahoo前复权
2022-04-01,21.2428,21.2428,21.242832,0.000000,1.0000,Yahoo前复权
2022-04-04,21.3677,21.3677,21.367697,0.000000,1.0000,Yahoo前复权
2022-04-06,21.3989,21.3989,21.398914,0.000000,1.0000,Yahoo前复权
2022-04-07,21.1648,21.1648,21.164791,0.000000,1.0000,Yahoo前复权
2022-04-08,21.2428,21.2428,21.242832,0.000000,1.0000,Yahoo前复权
2022-04-11,20.9619,20.9619,20.961884,0.000000,1.0000,Yahoo前复权
2022-04-12,20.8370,20.8370,20.837017,0.000000,1.0000,Yahoo前复权
2022-04-13,21.0243,21.0243,21.024317,0.000000,1.0000,Yahoo前复权
2022-04-14,21.1960,21.1960,21.196007,0.000000,1.0000,Yahoo前复权
2022-04-19,21.0243,21.0243,21.024317,0.000000,1.0000,Yahoo前复权
2022-04-20,20.6809,20.6809,20.680935,0.000000,1.0000,Yahoo前复权
2022-04-21,20.5717,20.5717,20.571674,0.000000,1.0000,Yahoo前复权
2022-04-22,20.6185,20.6185,20.618500,0.000000,1.0000,Yahoo前复权
2022-04-25,20.0098,20.0098,20.009781,0.000000,1.0000,Yahoo前复权
2022-04-26,19.7913,19.7913,19.791264,0.000000,1.0000,Yahoo前复权
2022-04-27,20.0410,20.0410,20.040997,0.000000,1.0000,Yahoo前复权
2022-04-28,21.0555,21.0555,21.055532,0.000000,1.0000,Yahoo前复权
2022-04-29,20.5873,20.5873,20.587286,0.000000,1.0000,Yahoo前复权
2022-05-03,20.6809,20.6809,20.680935,0.000000,1.0000,Yahoo前复权
2022-05-04,20.6185,20.6185,20.618500,0.000000,1.0000,Yahoo前复权
2022-05-05,20.4936,20.4936,20.493635,0.000000,1.0000,Yahoo前复权
2022-05-06,20.1346,20.1346,20.134645,0.000000,1.0000,Yahoo前复权
2022-05-10,19.9161,19.9161,19.916128,0.000000,1.0000,Yahoo前复权
2022-05-11,19.8849,19.8849,19.884914,0.000000,1.0000,Yahoo前复权
2022-05-12,19.6196,19.6196,19.619572,0.000000,1.0000,Yahoo前复权
2022-05-13,19.9942,19.9942,19.994171,0.000000,1.0000,Yahoo前复权
2022-05-16,20.0254,20.0254,20.025387,0.000000,1.0000,Yahoo前复权
2022-05-17,20.2751,20.2751,20.275122,0.000000,1.0000,Yahoo前复权
2022-05-18,20.4000,20.4000,20.399988,0.000000,1.0000,Yahoo前复权
2022-05-19,20.3376,20.3376,20.337555,0.000000,1.0000,Yahoo前复权
2022-05-20,20.6653,20.6653,20.665323,0.000000,1.0000,Yahoo前复权
2022-05-23,20.7122,20.7122,20.712152,0.000000,1.0000,Yahoo前复权
2022-05-24,20.6653,20.6653,20.665323,0.000000,1.0000,Yahoo前复权
2022-05-25,20.9151,20.9151,20.915058,0.000000,1.0000,Yahoo前复权
2022-05-26,20.6341,20.6341,20.634111,0.000000,1.0000,Yahoo前复权
2022-05-27,20.8526,20.8526,20.852627,0.000000,1.0000,Yahoo前复权
2022-05-30,20.9151,20.9151,20.915058,0.000000,1.0000,Yahoo前复权
2022-05-31,20.9931,20.9931,20.993101,0.000000,1.0000,Yahoo前复权
2022-06-01,21.0243,21.0243,21.024317,0.000000,1.0000,Yahoo前复权
2022-06-02,20.8058,20.8058,20.805801,0.000000,1.0000,Yahoo前复权
2022-06-06,20.7590,20.7590,20.758974,0.000000,1.0000,Yahoo前复权
2022-06-07,20.6185,20.6185,20.618500,0.000000,1.0000,Yahoo前复权
2022-06-08,20.7278,20.7278,20.727758,0.000000,1.0000,Yahoo前复权
2022-06-09,20.7278,20.7278,20.727758,0.000000,1.0000,Yahoo前复权
2022-06-10,20.5873,20.5873,20.587286,0.000000,1.0000,Yahoo前复权
2022-06-13,20.3532,20.3532,20.353163,0.000000,1.0000,Yahoo前复权
2022-06-14,20.3532,20.3532,20.353163,0.000000,1.0000,Yahoo前复权
2022-06-15,20.2439,20.2439,20.243904,0.000000,1.0000,Yahoo前复权
2022-06-16,19.8069,19.8069,19.806871,0.000000,1.0000,Yahoo前复权
2022-06-17,19.8225,19.8225,19.822483,0.000000,1.0000,Yahoo前复权
2022-06-20,19.7132,19.7132,19.713224,0.000000,1.0000,Yahoo前复权
2022-06-21,20.0878,20.0878,20.087822,0.000000,1.0000,Yahoo前复权
2022-06-22,19.7444,19.7444,19.744440,0.000000,1.0000,Yahoo前复权
2022-06-23,19.8381,19.8381,19.838089,0.000000,1.0000,Yahoo前复权
2022-06-24,19.8069,19.8069,19.806871,0.000000,1.0000,Yahoo前复权
2022-06-27,20.1346,20.1346,20.134645,0.000000,1.0000,Yahoo前复权
2022-06-28,20.4468,20.4468,20.446812,0.000000,1.0000,Yahoo前复权
2022-06-29,20.3424,20.3424,20.342367,0.000000,1.0000,Yahoo前复权
2022-06-30,20.4066,20.4066,20.406641,0.000000,1.0000,Yahoo前复权
2022-07-04,20.1817,20.1817,20.181684,0.000000,1.0000,Yahoo前复权
2022-07-05,20.1978,20.1978,20.197752,0.000000,1.0000,Yahoo前复权
2022-07-06,19.7478,19.7478,19.747845,0.000000,1.0000,Yahoo前复权
2022-07-07,19.9085,19.9085,19.908527,0.000000,1.0000,Yahoo前复权
2022-07-08,20.0049,20.0049,20.004934,0.000000,1.0000,Yahoo前复权
2022-07-11,19.6836,19.6836,19.683571,0.000000,1.0000,Yahoo前复权
2022-07-12,19.8925,19.8925,19.892460,0.000000,1.0000,Yahoo前复权
2022-07-13,19.6836,19.6836,19.683571,0.000000,1.0000,Yahoo前复权
2022-07-14,19.3943,19.3943,19.394341,0.000000,1.0000,Yahoo前复权
2022-07-15,19.2015,19.2015,19.201521,0.000000,1.0000,Yahoo前复权
2022-07-18,19.7800,19.7800,19.779978,0.000000,1.0000,Yahoo前复权
2022-07-19,19.7157,19.7157,19.715706,0.000000,1.0000,Yahoo前复权
2022-07-20,19.8443,19.8443,19.844254,0.000000,1.0000,Yahoo前复权
2022-07-21,19.5068,19.5068,19.506821,0.000000,1.0000,Yahoo前复权
2022-07-22,19.5229,19.5229,19.522886,0.000000,1.0000,Yahoo前复权
2022-07-25,19.5711,19.5711,19.571093,0.000000,1.0000,Yahoo前复权
2022-07-26,19.9085,19.9085,19.908527,0.000000,1.0000,Yahoo前复权
2022-07-27,19.7478,19.7478,19.747845,0.000000,1.0000,Yahoo前复权
2022-07-28,19.8764,19.8764,19.876389,0.000000,1.0000,Yahoo前复权
2022-07-29,19.7639,19.7639,19.763908,0.000000,1.0000,Yahoo前复权
2022-08-01,19.7318,19.7318,19.731773,0.000000,1.0000,Yahoo前复权
2022-08-02,19.2819,19.2819,19.281868,0.000000,1.0000,Yahoo前复权
2022-08-03,19.2497,19.2497,19.249727,0.000000,1.0000,Yahoo前复权
2022-08-04,19.2819,19.2819,19.281868,0.000000,1.0000,Yahoo前复权
2022-08-05,19.4104,19.4104,19.410412,0.000000,1.0000,Yahoo前复权
2022-08-08,19.5711,19.5711,19.571093,0.000000,1.0000,Yahoo前复权
2022-08-09,19.5711,19.5711,19.571093,0.000000,1.0000,Yahoo前复权
2022-08-10,19.3140,19.3140,19.314005,0.000000,1.0000,Yahoo前复权
2022-08-11,19.5872,19.5872,19.587162,0.000000,1.0000,Yahoo前复权
2022-08-12,20.0049,20.0049,20.004934,0.000000,1.0000,Yahoo前复权
2022-08-15,20.0853,20.0853,20.085276,0.000000,1.0000,Yahoo前复权
2022-08-16,19.5550,19.5550,19.555025,0.000000,1.0000,Yahoo前复权
2022-08-17,19.7478,19.7478,19.747845,0.000000,1.0000,Yahoo前复权
2022-08-18,19.5390,19.5390,19.538958,0.000000,1.0000,Yahoo前复权
2022-08-19,19.7800,19.7800,19.779978,0.000000,1.0000,Yahoo前复权
2022-08-22,19.7960,19.7960,19.796049,0.000000,1.0000,Yahoo前复权
2022-08-23,19.7800,19.7800,19.779978,0.000000,1.0000,Yahoo前复权
2022-08-24,19.6193,19.6193,19.619295,0.000000,1.0000,Yahoo前复权
2022-08-25,20.0371,20.0371,20.037071,0.000000,1.0000,Yahoo前复权
2022-08-26,20.0531,20.0531,20.053137,0.000000,1.0000,Yahoo前复权
2022-08-29,20.0371,20.0371,20.037071,0.000000,1.0000,Yahoo前复权
2022-08-30,19.8925,19.8925,19.892460,0.000000,1.0000,Yahoo前复权
2022-08-31,19.6996,19.6996,19.699642,0.000000,1.0000,Yahoo前复权
2022-09-01,19.5550,19.5550,19.555025,0.000000,1.0000,Yahoo前复权
2022-09-02,19.4425,19.4425,19.442549,0.000000,1.0000,Yahoo前复权
2022-09-05,19.6836,19.6836,19.683571,0.000000,1.0000,Yahoo前复权
2022-09-06,19.7157,19.7157,19.715706,0.000000,1.0000,Yahoo前复权
2022-09-07,19.5229,19.5229,19.522886,0.000000,1.0000,Yahoo前复权
2022-09-08,19.3622,19.3622,19.362206,0.000000,1.0000,Yahoo前复权
2022-09-09,19.6996,19.6996,19.699642,0.000000,1.0000,Yahoo前复权
2022-09-13,19.5711,19.5711,19.571093,0.000000,1.0000,Yahoo前复权
2022-09-14,19.3783,19.3783,19.378275,0.000000,1.0000,Yahoo前复权
2022-09-15,19.3783,19.3783,19.378275,0.000000,1.0000,Yahoo前复权
2022-09-16,19.0890,19.0890,19.089046,0.000000,1.0000,Yahoo前复权
2022-09-19,19.0248,19.0248,19.024775,0.000000,1.0000,Yahoo前复权
2022-09-20,19.0730,19.0730,19.072979,0.000000,1.0000,Yahoo前复权
2022-09-21,18.9766,18.9766,18.976572,0.000000,1.0000,Yahoo前复权
2022-09-22,18.8480,18.8480,18.848021,0.000000,1.0000,Yahoo前复权
2022-09-23,18.7355,18.7355,18.735542,0.000000,1.0000,Yahoo前复权
2022-09-26,18.2696,18.2696,18.269567,0.000000,1.0000,Yahoo前复权
2022-09-27,18.1571,18.1571,18.157089,0.000000,1.0000,Yahoo前复权
2022-09-28,17.5947,17.5947,17.594702,0.000000,1.0000,Yahoo前复权
2022-09-29,17.3858,17.3858,17.385813,0.000000,1.0000,Yahoo前复权
2022-09-30,17.8036,17.8036,17.803587,0.000000,1.0000,Yahoo前复权
2022-10-03,17.6108,17.6108,17.610771,0.000000,1.0000,Yahoo前复权
2022-10-05,18.2856,18.2856,18.285639,0.000000,1.0000,Yahoo前复权
2022-10-06,18.1571,18.1571,18.157089,0.000000,1.0000,Yahoo前复权
2022-10-07,17.9964,17.9964,17.996408,0.000000,1.0000,Yahoo前复权
2022-10-10,17.7715,17.7715,17.771452,0.000000,1.0000,Yahoo前复权
2022-10-11,17.5947,17.5947,17.594702,0.000000,1.0000,Yahoo前复权
2022-10-12,17.5144,17.5144,17.514360,0.000000,1.0000,Yahoo前复权
2022-10-13,17.4340,17.4340,17.434019,0.000000,1.0000,Yahoo前复权
2022-10-14,17.5786,17.5786,17.578634,0.000000,1.0000,Yahoo前复权
2022-10-17,17.7072,17.7072,17.707182,0.000000,1.0000,Yahoo前复权
2022-10-18,17.7554,17.7554,17.755386,0.000000,1.0000,Yahoo前复权
2022-10-19,17.6429,17.6429,17.642906,0.000000,1.0000,Yahoo前复权
2022-10-20,17.6268,17.6268,17.626841,0.000000,1.0000,Yahoo前复权
2022-10-21,17.7715,17.7715,17.771452,0.000000,1.0000,Yahoo前复权
2022-10-24,17.2894,17.2894,17.289406,0.000000,1.0000,Yahoo前复权
2022-10-25,17.4822,17.4822,17.482222,0.000000,1.0000,Yahoo前复权
2022-10-26,17.4180,17.4180,17.417952,0.000000,1.0000,Yahoo前复权
2022-10-27,17.4180,17.4180,17.417952,0.000000,1.0000,Yahoo前复权
2022-10-28,17.0805,17.0805,17.080517,0.000000,1.0000,Yahoo前复权
2022-10-31,16.4699,16.4699,16.469925,0.000000,1.0000,Yahoo前复权
2022-11-01,16.6949,16.6949,16.694883,0.000000,1.0000,Yahoo前复权
2022-11-02,16.6949,16.6949,16.694883,0.000000,1.0000,Yahoo前复权
2022-11-03,16.7110,16.7110,16.710953,0.000000,1.0000,Yahoo前复权
2022-11-04,17.1930,17.1930,17.192995,0.000000,1.0000,Yahoo前复权
2022-11-07,17.5947,17.5947,17.594702,0.000000,1.0000,Yahoo前复权
2022-11-08,17.5947,17.5947,17.594702,0.000000,1.0000,Yahoo前复权
2022-11-09,17.6750,17.6750,17.675043,0.000000,1.0000,Yahoo前复权
2022-11-10,17.5144,17.5144,17.514360,0.000000,1.0000,Yahoo前复权
2022-11-11,18.1892,18.1892,18.189224,0.000000,1.0000,Yahoo前复权
2022-11-14,18.3338,18.3338,18.333841,0.000000,1.0000,Yahoo前复权
2022-11-15,18.5267,18.5267,18.526659,0.000000,1.0000,Yahoo前复权
2022-11-16,18.4624,18.4624,18.462385,0.000000,1.0000,Yahoo前复权
2022-11-17,18.2856,18.2856,18.285639,0.000000,1.0000,Yahoo前复权
2022-11-18,18.1089,18.1089,18.108885,0.000000,1.0000,Yahoo前复权
2022-11-21,18.0607,18.0607,18.060680,0.000000,1.0000,Yahoo前复权
2022-11-22,18.2856,18.2856,18.285639,0.000000,1.0000,Yahoo前复权
2022-11-23,18.4463,18.4463,18.446314,0.000000,1.0000,Yahoo前复权
2022-11-24,18.6070,18.6070,18.607000,0.000000,1.0000,Yahoo前复权
2022-11-25,18.8641,18.8641,18.864092,0.000000,1.0000,Yahoo前复权
2022-11-28,18.4785,18.4785,18.478455,0.000000,1.0000,Yahoo前复权
2022-11-29,18.8802,18.8802,18.880157,0.000000,1.0000,Yahoo前复权
2022-11-30,19.1051,19.1051,19.105114,0.000000,1.0000,Yahoo前复权
2022-12-01,18.9926,18.9926,18.992636,0.000000,1.0000,Yahoo前复权
2022-12-02,18.6873,18.6873,18.687342,0.000000,1.0000,Yahoo前复权
2022-12-05,18.9766,18.9766,18.976572,0.000000,1.0000,Yahoo前复权
2022-12-06,19.0408,19.0408,19.040842,0.000000,1.0000,Yahoo前复权
2022-12-07,18.8962,18.8962,18.896229,0.000000,1.0000,Yahoo前复权
2022-12-08,18.8962,18.8962,18.896229,0.000000,1.0000,Yahoo前复权
2022-12-09,19.1855,19.1855,19.185455,0.000000,1.0000,Yahoo前复权
2022-12-12,19.0087,19.0087,19.008707,0.000000,1.0000,Yahoo前复权
2022-12-13,19.0730,19.0730,19.072979,0.000000,1.0000,Yahoo前复权
2022-12-14,19.1694,19.1694,19.169388,0.000000,1.0000,Yahoo前复权
2022-12-15,19.0730,19.0730,19.072979,0.000000,1.0000,Yahoo前复权
2022-12-16,19.2015,19.2015,19.201521,0.000000,1.0000,Yahoo前复权
2022-12-19,18.8802,18.8802,18.880157,0.000000,1.0000,Yahoo前复权
2022-12-20,18.8320,18.8320,18.831953,0.000000,1.0000,Yahoo前复权
2022-12-21,18.9444,18.9444,18.944435,0.000000,1.0000,Yahoo前复权
2022-12-22,19.1373,19.1373,19.137251,0.000000,1.0000,Yahoo前复权
2022-12-23,19.0193,19.0193,19.019329,0.000000,1.0000,Yahoo前复权
2022-12-28,19.4573,19.4573,19.457331,0.000000,1.0000,Yahoo前复权
2022-12-29,19.2383,19.2383,19.238331,0.000000,1.0000,Yahoo前复权
2022-12-30,19.3899,19.3899,19.389946,0.000000,1.0000,Yahoo前复权
2023-01-03,19.6258,19.6258,19.625792,0.000000,1.0000,Yahoo前复权
2023-01-04,19.8111,19.8111,19.811098,0.000000,1.0000,Yahoo前复权
2023-01-05,19.8111,19.8111,19.811098,0.000000,1.0000,Yahoo前复权
2023-01-06,19.8111,19.8111,19.811098,0.000000,1.0000,Yahoo前复权
2023-01-09,19.9290,19.9290,19.929022,0.000000,1.0000,Yahoo前复权
2023-01-10,19.8953,19.8953,19.895329,0.000000,1.0000,Yahoo前复权
2023-01-11,20.0806,20.0806,20.080635,0.000000,1.0000,Yahoo前复权
2023-01-12,20.3165,20.3165,20.316483,0.000000,1.0000,Yahoo前复权
2023-01-13,20.4849,20.4849,20.484945,0.000000,1.0000,Yahoo前复权
2023-01-16,20.6029,20.6029,20.602869,0.000000,1.0000,Yahoo前复权
2023-01-17,20.4513,20.4513,20.451254,0.000000,1.0000,Yahoo前复权
2023-01-18,20.5860,20.5860,20.586021,0.000000,1.0000,Yahoo前复权
2023-01-19,20.5186,20.5186,20.518635,0.000000,1.0000,Yahoo前复权
2023-01-20,20.9061,20.9061,20.906101,0.000000,1.0000,Yahoo前复权
2023-01-26,21.1251,21.1251,21.125099,0.000000,1.0000,Yahoo前复权
2023-01-27,21.2599,21.2599,21.259869,0.000000,1.0000,Yahoo前复权
2023-01-30,20.9398,20.9398,20.939791,0.000000,1.0000,Yahoo前复权
2023-01-31,20.8556,20.8556,20.855562,0.000000,1.0000,Yahoo前复权
2023-02-01,21.0240,21.0240,21.024021,0.000000,1.0000,Yahoo前复权
2023-02-02,20.9398,20.9398,20.939791,0.000000,1.0000,Yahoo前复权
2023-02-03,20.6366,20.6366,20.636560,0.000000,1.0000,Yahoo前复权
2023-02-06,20.4176,20.4176,20.417561,0.000000,1.0000,Yahoo前复权
2023-02-07,20.5355,20.5355,20.535482,0.000000,1.0000,Yahoo前复权
2023-02-08,20.6871,20.6871,20.687099,0.000000,1.0000,Yahoo前复权
2023-02-09,20.6366,20.6366,20.636560,0.000000,1.0000,Yahoo前复权
2023-02-10,20.5355,20.5355,20.535482,0.000000,1.0000,Yahoo前复权
2023-02-13,20.5523,20.5523,20.552330,0.000000,1.0000,Yahoo前复权
2023-02-14,20.6197,20.6197,20.619711,0.000000,1.0000,Yahoo前复权
2023-02-15,20.3333,20.3333,20.333326,0.000000,1.0000,Yahoo前复权
2023-02-16,20.4176,20.4176,20.417561,0.000000,1.0000,Yahoo前复权
2023-02-17,20.4007,20.4007,20.400715,0.000000,1.0000,Yahoo前复权
2023-02-20,20.6871,20.6871,20.687099,0.000000,1.0000,Yahoo前复权
2023-02-21,20.7713,20.7713,20.771328,0.000000,1.0000,Yahoo前复权
2023-02-22,20.6029,20.6029,20.602869,0.000000,1.0000,Yahoo前复权
2023-02-23,20.4344,20.4344,20.434408,0.000000,1.0000,Yahoo前复权
2023-02-24,20.2996,20.2996,20.299637,0.000000,1.0000,Yahoo前复权
2023-02-27,20.0301,20.0301,20.030098,0.000000,1.0000,Yahoo前复权
2023-02-28,19.9627,19.9627,19.962715,0.000000,1.0000,Yahoo前复权
2023-03-01,20.4849,20.4849,20.484945,0.000000,1.0000,Yahoo前复权
2023-03-02,20.7376,20.7376,20.737637,0.000000,1.0000,Yahoo前复权
2023-03-03,20.9566,20.9566,20.956635,0.000000,1.0000,Yahoo前复权
2023-03-06,21.2262,21.2262,21.226175,0.000000,1.0000,Yahoo前复权
2023-03-07,21.4452,21.4452,21.445175,0.000000,1.0000,Yahoo前复权
2023-03-08,21.4789,21.4789,21.478868,0.000000,1.0000,Yahoo前复权
2023-03-09,21.1419,21.1419,21.141947,0.000000,1.0000,Yahoo前复权
2023-03-10,20.6029,20.6029,20.602869,0.000000,1.0000,Yahoo前复权
2023-03-13,21.2093,21.2093,21.209330,0.000000,1.0000,Yahoo前复权
2023-03-14,20.8219,20.8219,20.821867,0.000000,1.0000,Yahoo前复权
2023-03-15,21.2430,21.2430,21.243023,0.000000,1.0000,Yahoo前复权
2023-03-16,20.8724,20.8724,20.872408,0.000000,1.0000,Yahoo前复权
2023-03-17,21.2936,21.2936,21.293562,0.000000,1.0000,Yahoo前复权
2023-03-20,20.8893,20.8893,20.889252,0.000000,1.0000,Yahoo前复权
2023-03-21,20.9061,20.9061,20.906101,0.000000,1.0000,Yahoo前复权
2023-03-22,21.1756,21.1756,21.175638,0.000000,1.0000,Yahoo前复权
2023-03-23,21.3273,21.3273,21.327253,0.000000,1.0000,Yahoo前复权
2023-03-24,21.1251,21.1251,21.125099,0.000000,1.0000,Yahoo前复权
2023-03-27,20.7882,20.7882,20.788174,0.000000,1.0000,Yahoo前复权
2023-03-28,21.0240,21.0240,21.024021,0.000000,1.0000,Yahoo前复权
2023-03-29,21.2093,21.2093,21.209330,0.000000,1.0000,Yahoo前复权
2023-03-30,21.2430,21.2430,21.243023,0.000000,1.0000,Yahoo前复权
2023-03-31,21.4115,21.4115,21.411484,0.000000,1.0000,Yahoo前复权
2023-04-03,21.3441,21.3441,21.344099,0.000000,1.0000,Yahoo前复权
2023-04-04,21.5968,21.5968,21.596792,0.000000,1.0000,Yahoo前复权
2023-04-06,21.5968,21.5968,21.596792,0.000000,1.0000,Yahoo前复权
2023-04-11,21.7989,21.7989,21.798946,0.000000,1.0000,Yahoo前复权
2023-04-12,22.0011,22.0011,22.001099,0.000000,1.0000,Yahoo前复权
2023-04-13,22.0685,22.0685,22.068487,0.000000,1.0000,Yahoo前复权
2023-04-14,22.3549,22.3549,22.354872,0.000000,1.0000,Yahoo前复权
2023-04-17,22.8266,22.8266,22.826563,0.000000,1.0000,Yahoo前复权
2023-04-18,22.7592,22.7592,22.759178,0.000000,1.0000,Yahoo前复权
2023-04-19,22.5739,22.5739,22.573870,0.000000,1.0000,Yahoo前复权
2023-04-20,22.5402,22.5402,22.540176,0.000000,1.0000,Yahoo前复权
2023-04-21,22.3043,22.3043,22.304331,0.000000,1.0000,Yahoo前复权
2023-04-24,22.2875,22.2875,22.287483,0.000000,1.0000,Yahoo前复权
2023-04-25,22.3212,22.3212,22.321177,0.000000,1.0000,Yahoo前复权
2023-04-26,22.2538,22.2538,22.253790,0.000000,1.0000,Yahoo前复权
2023-04-27,22.3717,22.3717,22.371716,0.000000,1.0000,Yahoo前复权
2023-04-28,22.5907,22.5907,22.590714,0.000000,1.0000,Yahoo前复权
2023-05-02,22.4896,22.4896,22.489639,0.000000,1.0000,Yahoo前复权
2023-05-03,22.1359,22.1359,22.135870,0.000000,1.0000,Yahoo前复权
2023-05-04,22.7760,22.7760,22.776026,0.000000,1.0000,Yahoo前复权
2023-05-05,22.9108,22.9108,22.910793,0.000000,1.0000,Yahoo前复权
2023-05-08,23.7363,23.7363,23.736258,0.000000,1.0000,Yahoo前复权
2023-05-09,23.4836,23.4836,23.483561,0.000000,1.0000,Yahoo前复权
2023-05-10,23.2140,23.2140,23.214024,0.000000,1.0000,Yahoo前复权
2023-05-11,23.0793,23.0793,23.079254,0.000000,1.0000,Yahoo前复权
2023-05-12,22.6413,22.6413,22.641254,0.000000,1.0000,Yahoo前复权
2023-05-15,22.8266,22.8266,22.826563,0.000000,1.0000,Yahoo前复权
2023-05-16,22.7760,22.7760,22.776026,0.000000,1.0000,Yahoo前复权
2023-05-17,22.4054,22.4054,22.405409,0.000000,1.0000,Yahoo前复权
2023-05-18,22.7929,22.7929,22.792866,0.000000,1.0000,Yahoo前复权
2023-05-19,22.6918,22.6918,22.691793,0.000000,1.0000,Yahoo前复权
2023-05-22,22.8434,22.8434,22.843409,0.000000,1.0000,Yahoo前复权
2023-05-23,22.4223,22.4223,22.422255,0.000000,1.0000,Yahoo前复权
2023-05-24,22.1359,22.1359,22.135870,0.000000,1.0000,Yahoo前复权
2023-05-25,21.8663,21.8663,21.866329,0.000000,1.0000,Yahoo前复权
2023-05-29,21.9000,21.9000,21.900023,0.000000,1.0000,Yahoo前复权
2023-05-30,21.7316,21.7316,21.731564,0.000000,1.0000,Yahoo前复权
2023-05-31,21.1588,21.1588,21.158791,0.000000,1.0000,Yahoo前复权
2023-06-01,21.2599,21.2599,21.259869,0.000000,1.0000,Yahoo前复权
2023-06-02,21.6979,21.6979,21.697870,0.000000,1.0000,Yahoo前复权
2023-06-05,21.7989,21.7989,21.798946,0.000000,1.0000,Yahoo前复权
2023-06-06,21.6979,21.6979,21.697870,0.000000,1.0000,Yahoo前复权
2023-06-07,21.7147,21.7147,21.714714,0.000000,1.0000,Yahoo前复权
2023-06-08,21.9674,21.9674,21.967407,0.000000,1.0000,Yahoo前复权
2023-06-09,22.1864,22.1864,22.186405,0.000000,1.0000,Yahoo前复权
2023-06-12,21.9674,21.9674,21.967407,0.000000,1.0000,Yahoo前复权
2023-06-13,21.7147,21.7147,21.714714,0.000000,1.0000,Yahoo前复权
2023-06-14,21.5126,21.5126,21.512562,0.000000,1.0000,Yahoo前复权
2023-06-15,21.4620,21.4620,21.462021,0.000000,1.0000,Yahoo前复权
2023-06-16,21.5631,21.5631,21.563099,0.000000,1.0000,Yahoo前复权
2023-06-19,21.5463,21.5463,21.546253,0.000000,1.0000,Yahoo前复权
2023-06-20,21.3778,21.3778,21.377790,0.000000,1.0000,Yahoo前复权
2023-06-21,21.2599,21.2599,21.259869,0.000000,1.0000,Yahoo前复权
2023-06-23,20.9061,20.9061,20.906101,0.000000,1.0000,Yahoo前复权
2023-06-26,20.9735,20.9735,20.973486,0.000000,1.0000,Yahoo前复权
2023-06-27,21.2767,21.2767,21.276714,0.000000,1.0000,Yahoo前复权
2023-06-28,21.2599,21.2599,21.259869,0.000000,1.0000,Yahoo前复权
2023-06-29,21.2257,21.2257,21.225689,0.000000,1.0000,Yahoo前复权
2023-06-30,21.4649,21.4649,21.464949,0.000000,1.0000,Yahoo前复权
2023-07-03,21.8238,21.8238,21.823837,0.000000,1.0000,Yahoo前复权
2023-07-04,21.7213,21.7213,21.721298,0.000000,1.0000,Yahoo前复权
2023-07-05,21.4991,21.4991,21.499128,0.000000,1.0000,Yahoo前复权
2023-07-06,21.0548,21.0548,21.054790,0.000000,1.0000,Yahoo前复权
2023-07-07,20.8326,20.8326,20.832619,0.000000,1.0000,Yahoo前复权
2023-07-10,20.7813,20.7813,20.781349,0.000000,1.0000,Yahoo前复权
2023-07-11,20.8497,20.8497,20.849712,0.000000,1.0000,Yahoo前复权
2023-07-12,21.0035,21.0035,21.003521,0.000000,1.0000,Yahoo前复权
2023-07-13,21.2941,21.2941,21.294050,0.000000,1.0000,Yahoo前复权
2023-07-14,21.5162,21.5162,21.516216,0.000000,1.0000,Yahoo前复权
2023-07-18,21.0890,21.0890,21.088968,0.000000,1.0000,Yahoo前复权
2023-07-19,21.1402,21.1402,21.140238,0.000000,1.0000,Yahoo前复权
2023-07-20,21.2257,21.2257,21.225689,0.000000,1.0000,Yahoo前复权
2023-07-21,21.3282,21.3282,21.328228,0.000000,1.0000,Yahoo前复权
2023-07-24,21.0548,21.0548,21.054790,0.000000,1.0000,Yahoo前复权
2023-07-25,21.6188,21.6188,21.618757,0.000000,1.0000,Yahoo前复权
2023-07-26,21.4820,21.4820,21.482038,0.000000,1.0000,Yahoo前复权
2023-07-27,21.4991,21.4991,21.499128,0.000000,1.0000,Yahoo前复权
2023-07-28,21.6871,21.6871,21.687115,0.000000,1.0000,Yahoo前复权
2023-07-31,21.7726,21.7726,21.772566,0.000000,1.0000,Yahoo前复权
2023-08-01,21.6700,21.6700,21.670029,0.000000,1.0000,Yahoo前复权
2023-08-02,21.2257,21.2257,21.225689,0.000000,1.0000,Yahoo前复权
2023-08-03,21.1061,21.1061,21.106062,0.000000,1.0000,Yahoo前复权
2023-08-04,21.2086,21.2086,21.208597,0.000000,1.0000,Yahoo前复权
2023-08-07,21.3624,21.3624,21.362408,0.000000,1.0000,Yahoo前复权
2023-08-08,21.2599,21.2599,21.259867,0.000000,1.0000,Yahoo前复权
2023-08-09,21.3624,21.3624,21.362408,0.000000,1.0000,Yahoo前复权
2023-08-10,21.4308,21.4308,21.430767,0.000000,1.0000,Yahoo前复权
2023-08-11,21.3453,21.3453,21.345320,0.000000,1.0000,Yahoo前复权
2023-08-14,21.1231,21.1231,21.123148,0.000000,1.0000,Yahoo前复权
2023-08-15,21.0719,21.0719,21.071878,0.000000,1.0000,Yahoo前复权
2023-08-16,20.7130,20.7130,20.712992,0.000000,1.0000,Yahoo前复权
2023-08-17,20.6446,20.6446,20.644629,0.000000,1.0000,Yahoo前复权
2023-08-18,20.5934,20.5934,20.593363,0.000000,1.0000,Yahoo前复权
2023-08-21,20.2174,20.2174,20.217381,0.000000,1.0000,Yahoo前复权
2023-08-22,20.4054,20.4054,20.405373,0.000000,1.0000,Yahoo前复权
2023-08-23,20.5079,20.5079,20.507912,0.000000,1.0000,Yahoo前复权
2023-08-24,20.6446,20.6446,20.644629,0.000000,1.0000,Yahoo前复权
2023-08-25,20.6959,20.6959,20.695900,0.000000,1.0000,Yahoo前复权
2023-08-28,20.8839,20.8839,20.883890,0.000000,1.0000,Yahoo前复权
2023-08-29,21.1402,21.1402,21.140238,0.000000,1.0000,Yahoo前复权
2023-08-30,21.0719,21.0719,21.071878,0.000000,1.0000,Yahoo前复权
2023-08-31,21.1573,21.1573,21.157331,0.000000,1.0000,Yahoo前复权
2023-09-04,21.8238,21.8238,21.823837,0.000000,1.0000,Yahoo前复权
2023-09-05,21.4479,21.4479,21.447859,0.000000,1.0000,Yahoo前复权
2023-09-06,21.6017,21.6017,21.601671,0.000000,1.0000,Yahoo前复权
2023-09-07,21.6529,21.6529,21.652935,0.000000,1.0000,Yahoo前复权
2023-09-11,22.0460,22.0460,22.046007,0.000000,1.0000,Yahoo前复权
2023-09-12,21.8238,21.8238,21.823837,0.000000,1.0000,Yahoo前复权
2023-09-13,21.8238,21.8238,21.823837,0.000000,1.0000,Yahoo前复权
2023-09-14,22.2682,22.2682,22.268175,0.000000,1.0000,Yahoo前复权
2023-09-15,22.2511,22.2511,22.251085,0.000000,1.0000,Yahoo前复权
2023-09-18,21.9776,21.9776,21.977646,0.000000,1.0000,Yahoo前复权
2023-09-19,22.3536,22.3536,22.353621,0.000000,1.0000,Yahoo前复权
2023-09-20,22.3365,22.3365,22.336535,0.000000,1.0000,Yahoo前复权
2023-09-21,22.1485,22.1485,22.148544,0.000000,1.0000,Yahoo前复权
2023-09-22,22.3707,22.3707,22.370714,0.000000,1.0000,Yahoo前复权
2023-09-25,22.1485,22.1485,22.148544,0.000000,1.0000,Yahoo前复权
2023-09-26,21.8580,21.8580,21.858017,0.000000,1.0000,Yahoo前复权
2023-09-27,21.9606,21.9606,21.960552,0.000000,1.0000,Yahoo前复权
2023-09-28,21.8409,21.8409,21.840925,0.000000,1.0000,Yahoo前复权
2023-09-29,22.0631,22.0631,22.063095,0.000000,1.0000,Yahoo前复权
2023-10-03,21.2428,21.2428,21.242779,0.000000,1.0000,Yahoo前复权
2023-10-04,21.1744,21.1744,21.174419,0.000000,1.0000,Yahoo前复权
2023-10-05,21.2599,21.2599,21.259867,0.000000,1.0000,Yahoo前复权
2023-10-06,21.4991,21.4991,21.499128,0.000000,1.0000,Yahoo前复权
2023-10-09,21.6358,21.6358,21.635845,0.000000,1.0000,Yahoo前复权
2023-10-10,21.6358,21.6358,21.635845,0.000000,1.0000,Yahoo前复权
2023-10-11,21.7897,21.7897,21.789658,0.000000,1.0000,Yahoo前复权
2023-10-12,22.1315,22.1315,22.131454,0.000000,1.0000,Yahoo前复权
2023-10-13,21.9264,21.9264,21.926376,0.000000,1.0000,Yahoo前复权
2023-10-16,21.8409,21.8409,21.840925,0.000000,1.0000,Yahoo前复权
2023-10-17,21.9947,21.9947,21.994736,0.000000,1.0000,Yahoo前复权
2023-10-18,21.9947,21.9947,21.994736,0.000000,1.0000,Yahoo前复权
2023-10-19,21.5162,21.5162,21.516216,0.000000,1.0000,Yahoo前复权
2023-10-20,21.3624,21.3624,21.362408,0.000000,1.0000,Yahoo前复权
2023-10-24,21.2428,21.2428,21.242779,0.000000,1.0000,Yahoo前复权
2023-10-25,21.0548,21.0548,21.054790,0.000000,1.0000,Yahoo前复权
2023-10-26,21.2257,21.2257,21.225689,0.000000,1.0000,Yahoo前复权
2023-10-27,21.3795,21.3795,21.379498,0.000000,1.0000,Yahoo前复权
2023-10-30,20.9864,20.9864,20.986429,0.000000,1.0000,Yahoo前复权
2023-10-31,20.8155,20.8155,20.815531,0.000000,1.0000,Yahoo前复权
2023-11-01,21.0548,21.0548,21.054790,0.000000,1.0000,Yahoo前复权
2023-11-02,21.1573,21.1573,21.157331,0.000000,1.0000,Yahoo前复权
2023-11-03,21.3453,21.3453,21.345320,0.000000,1.0000,Yahoo前复权
2023-11-06,21.1573,21.1573,21.157331,0.000000,1.0000,Yahoo前复权
2023-11-07,20.9352,20.9352,20.935160,0.000000,1.0000,Yahoo前复权
2023-11-08,20.7301,20.7301,20.730082,0.000000,1.0000,Yahoo前复权
2023-11-09,20.8326,20.8326,20.832619,0.000000,1.0000,Yahoo前复权
2023-11-10,20.6788,20.6788,20.678812,0.000000,1.0000,Yahoo前复权
2023-11-13,20.9352,20.9352,20.935160,0.000000,1.0000,Yahoo前复权
2023-11-14,20.9523,20.9523,20.952251,0.000000,1.0000,Yahoo前复权
2023-11-15,21.5333,21.5333,21.533306,0.000000,1.0000,Yahoo前复权
2023-11-16,21.3966,21.3966,21.396587,0.000000,1.0000,Yahoo前复权
2023-11-17,21.0719,21.0719,21.071878,0.000000,1.0000,Yahoo前复权
2023-11-20,21.3453,21.3453,21.345320,0.000000,1.0000,Yahoo前复权
2023-11-21,21.3111,21.3111,21.311138,0.000000,1.0000,Yahoo前复权
2023-11-22,21.3282,21.3282,21.328228,0.000000,1.0000,Yahoo前复权
2023-11-23,21.5333,21.5333,21.533306,0.000000,1.0000,Yahoo前复权
2023-11-24,21.3624,21.3624,21.362408,0.000000,1.0000,Yahoo前复权
2023-11-27,21.3111,21.3111,21.311138,0.000000,1.0000,Yahoo前复权
2023-11-28,21.1915,21.1915,21.191509,0.000000,1.0000,Yahoo前复权
2023-11-29,20.9352,20.9352,20.935160,0.000000,1.0000,Yahoo前复权
2023-11-30,21.1402,21.1402,21.140238,0.000000,1.0000,Yahoo前复权
2023-12-01,21.0548,21.0548,21.054790,0.000000,1.0000,Yahoo前复权
2023-12-04,21.0377,21.0377,21.037701,0.000000,1.0000,Yahoo前复权
2023-12-05,20.7130,20.7130,20.712992,0.000000,1.0000,Yahoo前复权
2023-12-06,20.8155,20.8155,20.815531,0.000000,1.0000,Yahoo前复权
2023-12-07,20.6446,20.6446,20.644629,0.000000,1.0000,Yahoo前复权
2023-12-08,20.6446,20.6446,20.644629,0.000000,1.0000,Yahoo前复权
2023-12-11,20.5421,20.5421,20.542093,0.000000,1.0000,Yahoo前复权
2023-12-12,20.8155,20.8155,20.815531,0.000000,1.0000,Yahoo前复权
2023-12-13,20.5592,20.5592,20.559183,0.000000,1.0000,Yahoo前复权
2023-12-14,20.6617,20.6617,20.661720,0.000000,1.0000,Yahoo前复权
2023-12-15,20.9693,20.9693,20.969341,0.000000,1.0000,Yahoo前复权
2023-12-18,20.8497,20.8497,20.849712,0.000000,1.0000,Yahoo前复权
2023-12-19,20.8155,20.8155,20.815531,0.000000,1.0000,Yahoo前复权
2023-12-20,20.7643,20.7643,20.764261,0.000000,1.0000,Yahoo前复权
2023-12-21,20.9181,20.9181,20.918070,0.000000,1.0000,Yahoo前复权
2023-12-22,20.9813,20.9813,20.981268,0.000000,1.0000,Yahoo前复权
2023-12-27,21.4688,21.4688,21.468782,0.000000,1.0000,Yahoo前复权
2023-12-28,21.7035,21.7035,21.703512,0.000000,1.0000,Yahoo前复权
2023-12-29,21.7577,21.7577,21.757681,0.000000,1.0000,Yahoo前复权
2024-01-02,21.6313,21.6313,21.631287,0.000000,1.0000,Yahoo前复权
2024-01-03,21.6493,21.6493,21.649343,0.000000,1.0000,Yahoo前复权
2024-01-04,21.8841,21.8841,21.884075,0.000000,1.0000,Yahoo前复权
2024-01-05,21.9744,21.9744,21.974356,0.000000,1.0000,Yahoo前复权
2024-01-08,21.7396,21.7396,21.739626,0.000000,1.0000,Yahoo前复权
2024-01-09,21.7757,21.7757,21.775742,0.000000,1.0000,Yahoo前复权
2024-01-10,21.6313,21.6313,21.631287,0.000000,1.0000,Yahoo前复权
2024-01-11,21.6313,21.6313,21.631287,0.000000,1.0000,Yahoo前复权
2024-01-12,21.7577,21.7577,21.757681,0.000000,1.0000,Yahoo前复权
2024-01-15,21.7577,21.7577,21.757681,0.000000,1.0000,Yahoo前复权
2024-01-16,21.7216,21.7216,21.721571,0.000000,1.0000,Yahoo前复权
2024-01-17,21.0896,21.0896,21.089603,0.000000,1.0000,Yahoo前复权
2024-01-18,21.2702,21.2702,21.270164,0.000000,1.0000,Yahoo前复权
2024-01-19,21.1438,21.1438,21.143772,0.000000,1.0000,Yahoo前复权
2024-01-22,20.7646,20.7646,20.764591,0.000000,1.0000,Yahoo前复权
2024-01-23,21.1077,21.1077,21.107658,0.000000,1.0000,Yahoo前复权
2024-01-24,21.9202,21.9202,21.920187,0.000000,1.0000,Yahoo前复权
2024-01-25,22.5702,22.5702,22.570210,0.000000,1.0000,Yahoo前复权
2024-01-26,22.4799,22.4799,22.479925,0.000000,1.0000,Yahoo前复权
2024-01-29,22.6966,22.6966,22.696602,0.000000,1.0000,Yahoo前复权
2024-01-30,22.3355,22.3355,22.335480,0.000000,1.0000,Yahoo前复权
2024-01-31,22.2994,22.2994,22.299370,0.000000,1.0000,Yahoo前复权
2024-02-01,22.2091,22.2091,22.209084,0.000000,1.0000,Yahoo前复权
2024-02-02,22.2994,22.2994,22.299370,0.000000,1.0000,Yahoo前复权
2024-02-05,22.2994,22.2994,22.299370,0.000000,1.0000,Yahoo前复权
2024-02-06,22.8591,22.8591,22.859108,0.000000,1.0000,Yahoo前复权
2024-02-07,22.8049,22.8049,22.804939,0.000000,1.0000,Yahoo前复权
2024-02-08,22.6244,22.6244,22.624376,0.000000,1.0000,Yahoo前复权
2024-02-09,22.3716,22.3716,22.371592,0.000000,1.0000,Yahoo前复权
2024-02-14,22.5341,22.5341,22.534096,0.000000,1.0000,Yahoo前复权
2024-02-15,22.5702,22.5702,22.570210,0.000000,1.0000,Yahoo前复权
2024-02-16,22.7508,22.7508,22.750771,0.000000,1.0000,Yahoo前复权
2024-02-19,23.1661,23.1661,23.166063,0.000000,1.0000,Yahoo前复权
2024-02-20,23.4730,23.4730,23.473017,0.000000,1.0000,Yahoo前复权
2024-02-21,23.7077,23.7077,23.707748,0.000000,1.0000,Yahoo前复权
2024-02-22,24.3397,24.3397,24.339712,0.000000,1.0000,Yahoo前复权
2024-02-23,24.4481,24.4481,24.448053,0.000000,1.0000,Yahoo前复权
2024-02-26,24.1050,24.1050,24.104982,0.000000,1.0000,Yahoo前复权
2024-02-27,24.2855,24.2855,24.285545,0.000000,1.0000,Yahoo前复权
2024-02-28,24.0689,24.0689,24.068871,0.000000,1.0000,Yahoo前复权
2024-02-29,23.8522,23.8522,23.852196,0.000000,1.0000,Yahoo前复权
2024-03-01,23.8883,23.8883,23.888309,0.000000,1.0000,Yahoo前复权
2024-03-04,24.0328,24.0328,24.032759,0.000000,1.0000,Yahoo前复权
2024-03-05,23.8341,23.8341,23.834141,0.000000,1.0000,Yahoo前复权
2024-03-06,24.1230,24.1230,24.123039,0.000000,1.0000,Yahoo前复权
2024-03-07,24.2675,24.2675,24.267487,0.000000,1.0000,Yahoo前复权
2024-03-08,24.6106,24.6106,24.610558,0.000000,1.0000,Yahoo前复权
2024-03-11,24.4119,24.4119,24.411938,0.000000,1.0000,Yahoo前复权
2024-03-12,24.5383,24.5383,24.538332,0.000000,1.0000,Yahoo前复权
2024-03-13,24.4300,24.4300,24.429993,0.000000,1.0000,Yahoo前复权
2024-03-14,24.4481,24.4481,24.448053,0.000000,1.0000,Yahoo前复权
2024-03-15,24.1050,24.1050,24.104982,0.000000,1.0000,Yahoo前复权
2024-03-18,24.0689,24.0689,24.068871,0.000000,1.0000,Yahoo前复权
2024-03-19,23.9244,23.9244,23.924421,0.000000,1.0000,Yahoo前复权
2024-03-20,23.9966,23.9966,23.996645,0.000000,1.0000,Yahoo前复权
2024-03-21,24.4481,24.4481,24.448053,0.000000,1.0000,Yahoo前复权
2024-03-22,24.0869,24.0869,24.086927,0.000000,1.0000,Yahoo前复权
2024-03-25,24.1411,24.1411,24.141094,0.000000,1.0000,Yahoo前复权
2024-03-26,24.2314,24.2314,24.231377,0.000000,1.0000,Yahoo前复权
2024-03-27,23.9244,23.9244,23.924421,0.000000,1.0000,Yahoo前复权
2024-03-28,24.1230,24.1230,24.123039,0.000000,1.0000,Yahoo前复权
2024-04-02,24.7008,24.7008,24.700836,0.000000,1.0000,Yahoo前复权
2024-04-03,24.7189,24.7189,24.718895,0.000000,1.0000,Yahoo前复权
2024-04-05,24.5203,24.5203,24.520275,0.000000,1.0000,Yahoo前复权
2024-04-08,24.8092,24.8092,24.809174,0.000000,1.0000,Yahoo前复权
2024-04-09,24.7731,24.7731,24.773064,0.000000,1.0000,Yahoo前复权
2024-04-10,25.0981,25.0981,25.098070,0.000000,1.0000,Yahoo前复权
2024-04-11,25.1522,25.1522,25.152243,0.000000,1.0000,Yahoo前复权
2024-04-12,24.7731,24.7731,24.773064,0.000000,1.0000,Yahoo前复权
2024-04-15,24.9536,24.9536,24.953621,0.000000,1.0000,Yahoo前复权
2024-04-16,24.7008,24.7008,24.700836,0.000000,1.0000,Yahoo前复权
2024-04-17,24.8272,24.8272,24.827229,0.000000,1.0000,Yahoo前复权
2024-04-18,24.9536,24.9536,24.953621,0.000000,1.0000,Yahoo前复权
2024-04-19,25.0800,25.0800,25.080017,0.000000,1.0000,Yahoo前复权
2024-04-22,25.0078,25.0078,25.007793,0.000000,1.0000,Yahoo前复权
2024-04-23,24.9897,24.9897,24.989738,0.000000,1.0000,Yahoo前复权
2024-04-24,25.2606,25.2606,25.260576,0.000000,1.0000,Yahoo前复权
2024-04-25,25.4953,25.4953,25.495308,0.000000,1.0000,Yahoo前复权
2024-04-26,25.7662,25.7662,25.766151,0.000000,1.0000,Yahoo前复权
2024-04-29,25.8023,25.8023,25.802263,0.000000,1.0000,Yahoo前复权
2024-04-30,25.9648,25.9648,25.964769,0.000000,1.0000,Yahoo前复权
2024-05-02,25.7120,25.7120,25.711983,0.000000,1.0000,Yahoo前复权
2024-05-03,25.5675,25.5675,25.567532,0.000000,1.0000,Yahoo前复权
2024-05-06,25.6759,25.6759,25.675871,0.000000,1.0000,Yahoo前复权
2024-05-07,25.8384,25.8384,25.838377,0.000000,1.0000,Yahoo前复权
2024-05-08,25.9106,25.9106,25.910601,0.000000,1.0000,Yahoo前复权
2024-05-09,26.1634,26.1634,26.163387,0.000000,1.0000,Yahoo前复权
2024-05-10,27.3009,27.3009,27.300924,0.000000,1.0000,Yahoo前复权
2024-05-13,27.3912,27.3912,27.391207,0.000000,1.0000,Yahoo前复权
2024-05-14,26.9759,26.9759,26.975916,0.000000,1.0000,Yahoo前复权
2024-05-16,27.4454,27.4454,27.445375,0.000000,1.0000,Yahoo前复权
2024-05-17,27.6982,27.6982,27.698160,0.000000,1.0000,Yahoo前复权
2024-05-20,27.8968,27.8968,27.896776,0.000000,1.0000,Yahoo前复权
2024-05-21,27.7162,27.7162,27.716217,0.000000,1.0000,Yahoo前复权
2024-05-22,27.7162,27.7162,27.716217,0.000000,1.0000,Yahoo前复权
2024-05-23,27.5357,27.5357,27.535654,0.000000,1.0000,Yahoo前复权
2024-05-24,27.4454,27.4454,27.445375,0.000000,1.0000,Yahoo前复权
2024-05-27,27.8787,27.8787,27.878719,0.000000,1.0000,Yahoo前复权
2024-05-28,28.0051,28.0051,28.005116,0.000000,1.0000,Yahoo前复权
2024-05-29,27.8968,27.8968,27.896776,0.000000,1.0000,Yahoo前复权
2024-05-30,27.2106,27.2106,27.210642,0.000000,1.0000,Yahoo前复权
2024-05-31,27.2468,27.2468,27.246756,0.000000,1.0000,Yahoo前复权
2024-06-03,27.5718,27.5718,27.571770,0.000000,1.0000,Yahoo前复权
2024-06-04,27.3912,27.3912,27.391207,0.000000,1.0000,Yahoo前复权
2024-06-05,27.1204,27.1204,27.120363,0.000000,1.0000,Yahoo前复权
2024-06-06,27.4995,27.4995,27.499544,0.000000,1.0000,Yahoo前复权
2024-06-07,27.5718,27.5718,27.571770,0.000000,1.0000,Yahoo前复权
2024-06-11,27.1565,27.1565,27.156475,0.000000,1.0000,Yahoo前复权
2024-06-12,27.0481,27.0481,27.048138,0.000000,1.0000,Yahoo前复权
2024-06-13,27.3009,27.3009,27.300924,0.000000,1.0000,Yahoo前复权
2024-06-14,27.1926,27.1926,27.192589,0.000000,1.0000,Yahoo前复权
2024-06-17,27.0301,27.0301,27.030087,0.000000,1.0000,Yahoo前复权
2024-06-18,27.4093,27.4093,27.409258,0.000000,1.0000,Yahoo前复权
2024-06-19,28.2760,28.2760,28.275959,0.000000,1.0000,Yahoo前复权
2024-06-20,28.5468,28.5468,28.546803,0.000000,1.0000,Yahoo前复权
2024-06-21,27.9509,27.9509,27.950945,0.000000,1.0000,Yahoo前复权
2024-06-24,27.9871,27.9871,27.987059,0.000000,1.0000,Yahoo前复权
2024-06-25,28.1496,28.1496,28.149565,0.000000,1.0000,Yahoo前复权
2024-06-26,28.1135,28.1135,28.113451,0.000000,1.0000,Yahoo前复权
2024-06-27,27.6286,27.6286,27.628582,0.000000,1.0000,Yahoo前复权
2024-06-28,28.1775,28.1775,28.177492,0.000000,1.0000,Yahoo前复权
2024-07-02,28.7996,28.7996,28.799591,0.000000,1.0000,Yahoo前复权
2024-07-03,28.9094,28.9094,28.909376,0.000000,1.0000,Yahoo前复权
2024-07-04,29.2570,29.2570,29.257019,0.000000,1.0000,Yahoo前复权
2024-07-05,28.7630,28.7630,28.763000,0.000000,1.0000,Yahoo前复权
2024-07-08,28.4520,28.4520,28.451950,0.000000,1.0000,Yahoo前复权
2024-07-09,28.2873,28.2873,28.287277,0.000000,1.0000,Yahoo前复权
2024-07-10,27.9030,27.9030,27.903034,0.000000,1.0000,Yahoo前复权
2024-07-11,28.2690,28.2690,28.268978,0.000000,1.0000,Yahoo前复权
2024-07-12,28.5434,28.5434,28.543436,0.000000,1.0000,Yahoo前复权
2024-07-15,28.5068,28.5068,28.506840,0.000000,1.0000,Yahoo前复权
2024-07-16,28.1775,28.1775,28.177492,0.000000,1.0000,Yahoo前复权
2024-07-17,27.5737,27.5737,27.573689,0.000000,1.0000,Yahoo前复权
2024-07-18,27.8847,27.8847,27.884741,0.000000,1.0000,Yahoo前复权
2024-07-19,27.1163,27.1163,27.116264,0.000000,1.0000,Yahoo前复权
2024-07-22,27.4273,27.4273,27.427311,0.000000,1.0000,Yahoo前复权
2024-07-23,27.5188,27.5188,27.518797,0.000000,1.0000,Yahoo前复权
2024-07-24,27.7750,27.7750,27.774958,0.000000,1.0000,Yahoo前复权
2024-07-25,27.1895,27.1895,27.189451,0.000000,1.0000,Yahoo前复权
2024-07-26,27.0797,27.0797,27.079670,0.000000,1.0000,Yahoo前复权
2024-07-29,27.4456,27.4456,27.445610,0.000000,1.0000,Yahoo前复权
2024-07-30,27.0248,27.0248,27.024778,0.000000,1.0000,Yahoo前复权
2024-07-31,27.4456,27.4456,27.445610,0.000000,1.0000,Yahoo前复权
2024-08-01,27.5005,27.5005,27.500500,0.000000,1.0000,Yahoo前复权
2024-08-02,27.2077,27.2077,27.207748,0.000000,1.0000,Yahoo前复权
2024-08-05,26.3478,26.3478,26.347786,0.000000,1.0000,Yahoo前复权
2024-08-06,26.2746,26.2746,26.274599,0.000000,1.0000,Yahoo前复权
2024-08-07,26.6222,26.6222,26.622242,0.000000,1.0000,Yahoo前复权
2024-08-08,26.8235,26.8235,26.823507,0.000000,1.0000,Yahoo前复权
2024-08-09,27.0248,27.0248,27.024778,0.000000,1.0000,Yahoo前复权
2024-08-12,27.1346,27.1346,27.134562,0.000000,1.0000,Yahoo前复权
2024-08-13,27.2626,27.2626,27.262636,0.000000,1.0000,Yahoo前复权
2024-08-14,27.2809,27.2809,27.280937,0.000000,1.0000,Yahoo前复权
2024-08-15,27.5920,27.5920,27.591986,0.000000,1.0000,Yahoo前复权
2024-08-16,27.9945,27.9945,27.994522,0.000000,1.0000,Yahoo前复权
2024-08-19,28.0860,28.0860,28.086008,0.000000,1.0000,Yahoo前复权
2024-08-20,27.9213,27.9213,27.921333,0.000000,1.0000,Yahoo前复权
2024-08-21,27.7567,27.7567,27.756660,0.000000,1.0000,Yahoo前复权
2024-08-22,27.9396,27.9396,27.939632,0.000000,1.0000,Yahoo前复权
2024-08-23,28.1226,28.1226,28.122602,0.000000,1.0000,Yahoo前复权
2024-08-26,28.3605,28.3605,28.360462,0.000000,1.0000,Yahoo前复权
2024-08-27,28.9094,28.9094,28.909376,0.000000,1.0000,Yahoo前复权
2024-08-28,28.5983,28.5983,28.598326,0.000000,1.0000,Yahoo前复权
2024-08-29,28.1043,28.1043,28.104305,0.000000,1.0000,Yahoo前复权
2024-08-30,28.1043,28.1043,28.104305,0.000000,1.0000,Yahoo前复权
2024-09-02,27.7384,27.7384,27.738361,0.000000,1.0000,Yahoo前复权
2024-09-03,27.4822,27.4822,27.482203,0.000000,1.0000,Yahoo前复权
2024-09-04,27.0248,27.0248,27.024778,0.000000,1.0000,Yahoo前复权
2024-09-05,26.6954,26.6954,26.695433,0.000000,1.0000,Yahoo前复权
2024-09-09,26.1465,26.1465,26.146517,0.000000,1.0000,Yahoo前复权
2024-09-10,26.3661,26.3661,26.366083,0.000000,1.0000,Yahoo前复权
2024-09-11,25.7257,25.7257,25.725685,0.000000,1.0000,Yahoo前复权
2024-09-12,25.9635,25.9635,25.963547,0.000000,1.0000,Yahoo前复权
2024-09-13,26.3478,26.3478,26.347786,0.000000,1.0000,Yahoo前复权
2024-09-16,26.3112,26.3112,26.311192,0.000000,1.0000,Yahoo前复权
2024-09-17,26.8418,26.8418,26.841805,0.000000,1.0000,Yahoo前复权
2024-09-19,26.8418,26.8418,26.841805,0.000000,1.0000,Yahoo前复权
2024-09-20,27.0614,27.0614,27.061371,0.000000,1.0000,Yahoo前复权
2024-09-23,27.3724,27.3724,27.372421,0.000000,1.0000,Yahoo前复权
2024-09-24,28.4885,28.4885,28.488543,0.000000,1.0000,Yahoo前复权
2024-09-25,28.6532,28.6532,28.653217,0.000000,1.0000,Yahoo前复权
2024-09-26,28.5800,28.5800,28.580027,0.000000,1.0000,Yahoo前复权
2024-09-27,28.1226,28.1226,28.122602,0.000000,1.0000,Yahoo前复权
2024-09-30,28.4520,28.4520,28.451950,0.000000,1.0000,Yahoo前复权
2024-10-02,29.7510,29.7510,29.751040,0.000000,1.0000,Yahoo前复权
2024-10-03,29.5681,29.5681,29.568068,0.000000,1.0000,Yahoo前复权
2024-10-04,30.1353,30.1353,30.135277,0.000000,1.0000,Yahoo前复权
2024-10-07,30.8306,30.8306,30.830568,0.000000,1.0000,Yahoo前复权
2024-10-08,28.6166,28.6166,28.616623,0.000000,1.0000,Yahoo前复权
2024-10-09,28.0128,28.0128,28.012819,0.000000,1.0000,Yahoo前复权
2024-10-10,29.2021,29.2021,29.202129,0.000000,1.0000,Yahoo前复权
2024-10-14,29.5864,29.5864,29.586365,0.000000,1.0000,Yahoo前复权
2024-10-15,28.9643,28.9643,28.964268,0.000000,1.0000,Yahoo前复权
2024-10-16,29.0923,29.0923,29.092346,0.000000,1.0000,Yahoo前复权
2024-10-17,28.6349,28.6349,28.634918,0.000000,1.0000,Yahoo前复权
2024-10-18,29.2021,29.2021,29.202129,0.000000,1.0000,Yahoo前复权
2024-10-21,28.8362,28.8362,28.836185,0.000000,1.0000,Yahoo前复权
2024-10-22,28.8728,28.8728,28.872782,0.000000,1.0000,Yahoo前复权
2024-10-23,28.9643,28.9643,28.964268,0.000000,1.0000,Yahoo前复权
2024-10-24,29.0740,29.0740,29.074049,0.000000,1.0000,Yahoo前复权
2024-10-25,28.9094,28.9094,28.909376,0.000000,1.0000,Yahoo前复权
2024-10-28,28.7447,28.7447,28.744701,0.000000,1.0000,Yahoo前复权
2024-10-29,28.3605,28.3605,28.360462,0.000000,1.0000,Yahoo前复权
2024-10-30,27.9762,27.9762,27.976225,0.000000,1.0000,Yahoo前复权
2024-10-31,28.1958,28.1958,28.195789,0.000000,1.0000,Yahoo前复权
2024-11-01,28.5617,28.5617,28.561731,0.000000,1.0000,Yahoo前复权
2024-11-04,28.4337,28.4337,28.433653,0.000000,1.0000,Yahoo前复权
2024-11-05,28.8911,28.8911,28.891077,0.000000,1.0000,Yahoo前复权
2024-11-06,28.3056,28.3056,28.305573,0.000000,1.0000,Yahoo前复权
2024-11-07,28.8728,28.8728,28.872782,0.000000,1.0000,Yahoo前复权
2024-11-08,28.6532,28.6532,28.653217,0.000000,1.0000,Yahoo前复权
2024-11-11,28.0860,28.0860,28.086008,0.000000,1.0000,Yahoo前复权
2024-11-12,27.5371,27.5371,27.537096,0.000000,1.0000,Yahoo前复权
2024-11-13,27.5920,27.5920,27.591986,0.000000,1.0000,Yahoo前复权
2024-11-14,27.2077,27.2077,27.207748,0.000000,1.0000,Yahoo前复权
2024-11-15,27.5188,27.5188,27.518797,0.000000,1.0000,Yahoo前复权
2024-11-18,27.9945,27.9945,27.994522,0.000000,1.0000,Yahoo前复权
2024-11-19,27.8847,27.8847,27.884741,0.000000,1.0000,Yahoo前复权
2024-11-20,27.7201,27.7201,27.720064,0.000000,1.0000,Yahoo前复权
2024-11-21,27.7201,27.7201,27.720064,0.000000,1.0000,Yahoo前复权
2024-11-22,27.2626,27.2626,27.262636,0.000000,1.0000,Yahoo前复权
2024-11-25,27.4090,27.4090,27.409016,0.000000,1.0000,Yahoo前复权
2024-11-26,27.3175,27.3175,27.317530,0.000000,1.0000,Yahoo前复权
2024-11-27,27.5188,27.5188,27.518797,0.000000,1.0000,Yahoo前复权
2024-11-28,27.2809,27.2809,27.280937,0.000000,1.0000,Yahoo前复权
2024-11-29,27.2443,27.2443,27.244341,0.000000,1.0000,Yahoo前复权
2024-12-02,27.3724,27.3724,27.372421,0.000000,1.0000,Yahoo前复权
2024-12-03,27.7567,27.7567,27.756660,0.000000,1.0000,Yahoo前复权
2024-12-04,28.1226,28.1226,28.122602,0.000000,1.0000,Yahoo前复权
2024-12-05,27.9213,27.9213,27.921333,0.000000,1.0000,Yahoo前复权
2024-12-06,28.3056,28.3056,28.305573,0.000000,1.0000,Yahoo前复权
2024-12-09,28.7813,28.7813,28.781294,0.000000,1.0000,Yahoo前复权
2024-12-10,28.6532,28.6532,28.653217,0.000000,1.0000,Yahoo前复权
2024-12-11,28.5251,28.5251,28.525139,0.000000,1.0000,Yahoo前复权
2024-12-12,28.6898,28.6898,28.689812,0.000000,1.0000,Yahoo前复权
2024-12-13,28.2507,28.2507,28.250679,0.000000,1.0000,Yahoo前复权
2024-12-16,28.4702,28.4702,28.470247,0.000000,1.0000,Yahoo前复权
2024-12-17,28.5251,28.5251,28.525139,0.000000,1.0000,Yahoo前复权
2024-12-18,28.6532,28.6532,28.653217,0.000000,1.0000,Yahoo前复权
2024-12-19,28.5068,28.5068,28.506840,0.000000,1.0000,Yahoo前复权
2024-12-20,27.5737,27.5737,27.573689,0.000000,1.0000,Yahoo前复权
2024-12-23,28.8625,28.8625,28.862532,0.000000,1.0000,Yahoo前复权
2024-12-24,29.3141,29.3141,29.314096,0.000000,1.0000,Yahoo前复权
2024-12-27,29.3517,29.3517,29.351728,0.000000,1.0000,Yahoo前复权
2024-12-30,29.4834,29.4834,29.483433,0.000000,1.0000,Yahoo前复权
2024-12-31,29.6528,29.6528,29.652769,0.000000,1.0000,Yahoo前复权
2025-01-02,28.8813,28.8813,28.881348,0.000000,1.0000,Yahoo前复权
2025-01-03,29.1636,29.1636,29.163574,0.000000,1.0000,Yahoo前复权
2025-01-06,29.3141,29.3141,29.314096,0.000000,1.0000,Yahoo前复权
2025-01-07,28.9190,28.9190,28.918978,0.000000,1.0000,Yahoo前复权
2025-01-08,28.9942,28.9942,28.994238,0.000000,1.0000,Yahoo前复权
2025-01-09,28.6367,28.6367,28.636749,0.000000,1.0000,Yahoo前复权
2025-01-10,28.4298,28.4298,28.429783,0.000000,1.0000,Yahoo前复权
2025-01-13,28.4298,28.4298,28.429783,0.000000,1.0000,Yahoo前复权
2025-01-14,28.6932,28.6932,28.693193,0.000000,1.0000,Yahoo前复权
2025-01-15,28.8813,28.8813,28.881348,0.000000,1.0000,Yahoo前复权
2025-01-16,29.0695,29.0695,29.069500,0.000000,1.0000,Yahoo前复权
2025-01-17,28.9378,28.9378,28.937792,0.000000,1.0000,Yahoo前复权
2025-01-20,28.9566,28.9566,28.956608,0.000000,1.0000,Yahoo前复权
2025-01-21,28.9942,28.9942,28.994238,0.000000,1.0000,Yahoo前复权
2025-01-22,28.7120,28.7120,28.712009,0.000000,1.0000,Yahoo前复权
2025-01-23,28.9754,28.9754,28.975422,0.000000,1.0000,Yahoo前复权
2025-01-24,29.2765,29.2765,29.276468,0.000000,1.0000,Yahoo前复权
2025-01-27,29.6528,29.6528,29.652769,0.000000,1.0000,Yahoo前复权
2025-01-28,29.4458,29.4458,29.445803,0.000000,1.0000,Yahoo前复权
2025-02-03,29.2200,29.2200,29.220020,0.000000,1.0000,Yahoo前复权
2025-02-04,29.6904,29.6904,29.690401,0.000000,1.0000,Yahoo前复权
2025-02-05,29.4646,29.4646,29.464619,0.000000,1.0000,Yahoo前复权
2025-02-06,29.6340,29.6340,29.633953,0.000000,1.0000,Yahoo前复权
2025-02-07,29.5587,29.5587,29.558695,0.000000,1.0000,Yahoo前复权
2025-02-10,29.7657,29.7657,29.765663,0.000000,1.0000,Yahoo前复权
2025-02-11,29.9162,29.9162,29.916183,0.000000,1.0000,Yahoo前复权
2025-02-12,30.3677,30.3677,30.367748,0.000000,1.0000,Yahoo前复权
2025-02-13,30.1420,30.1420,30.141966,0.000000,1.0000,Yahoo前复权
2025-02-14,30.4430,30.4430,30.443008,0.000000,1.0000,Yahoo前复权
2025-02-17,30.6688,30.6688,30.668791,0.000000,1.0000,Yahoo前复权
2025-02-18,30.6876,30.6876,30.687607,0.000000,1.0000,Yahoo前复权
2025-02-19,30.5935,30.5935,30.593529,0.000000,1.0000,Yahoo前复权
2025-02-20,30.5371,30.5371,30.537085,0.000000,1.0000,Yahoo前复权
2025-02-21,30.8381,30.8381,30.838123,0.000000,1.0000,Yahoo前复权
2025-02-24,30.7629,30.7629,30.762867,0.000000,1.0000,Yahoo前复权
2025-02-25,30.3489,30.3489,30.348932,0.000000,1.0000,Yahoo前复权
2025-02-26,30.5371,30.5371,30.537085,0.000000,1.0000,Yahoo前复权
2025-02-27,30.4995,30.4995,30.499451,0.000000,1.0000,Yahoo前复权
2025-02-28,30.1796,30.1796,30.179600,0.000000,1.0000,Yahoo前复权
2025-03-03,30.3489,30.3489,30.348932,0.000000,1.0000,Yahoo前复权
2025-03-04,30.2360,30.2360,30.236042,0.000000,1.0000,Yahoo前复权
2025-03-05,30.9134,30.9134,30.913389,0.000000,1.0000,Yahoo前复权
2025-03-06,31.0639,31.0639,31.063915,0.000000,1.0000,Yahoo前复权
2025-03-07,31.1015,31.1015,31.101543,0.000000,1.0000,Yahoo前复权
2025-03-10,30.9886,30.9886,30.988647,0.000000,1.0000,Yahoo前复权
2025-03-11,31.0639,31.0639,31.063915,0.000000,1.0000,Yahoo前复权
2025-03-12,31.0075,31.0075,31.007465,0.000000,1.0000,Yahoo前复权
2025-03-13,31.3085,31.3085,31.308510,0.000000,1.0000,Yahoo前复权
2025-03-14,31.8541,31.8541,31.854149,0.000000,1.0000,Yahoo前复权
2025-03-17,31.9294,31.9294,31.929407,0.000000,1.0000,Yahoo前复权
2025-03-18,32.2304,32.2304,32.230450,0.000000,1.0000,Yahoo前复权
2025-03-19,32.1552,32.1552,32.155193,0.000000,1.0000,Yahoo前复权
2025-03-20,31.8353,31.8353,31.835331,0.000000,1.0000,Yahoo前复权
2025-03-21,31.8918,31.8918,31.891783,0.000000,1.0000,Yahoo前复权
2025-03-24,31.8918,31.8918,31.891783,0.000000,1.0000,Yahoo前复权
2025-03-25,31.4214,31.4214,31.421404,0.000000,1.0000,Yahoo前复权
2025-03-26,31.3273,31.3273,31.327324,0.000000,1.0000,Yahoo前复权
2025-03-27,31.4214,31.4214,31.421404,0.000000,1.0000,Yahoo前复权
2025-03-28,31.1956,31.1956,31.195620,0.000000,1.0000,Yahoo前复权
2025-03-31,31.4402,31.4402,31.440218,0.000000,1.0000,Yahoo前复权
2025-04-01,31.6284,31.6284,31.628366,0.000000,1.0000,Yahoo前复权
2025-04-02,31.7601,31.7601,31.760069,0.000000,1.0000,Yahoo前复权
2025-04-03,31.3461,31.3461,31.346138,0.000000,1.0000,Yahoo前复权
2025-04-07,27.9594,27.9594,27.959402,0.000000,1.0000,Yahoo前复权
2025-04-08,28.3169,28.3169,28.316891,0.000000,1.0000,Yahoo前复权
2025-04-09,28.5239,28.5239,28.523857,0.000000,1.0000,Yahoo前复权
2025-04-10,28.8437,28.8437,28.843718,0.000000,1.0000,Yahoo前复权
2025-04-11,29.4270,29.4270,29.426989,0.000000,1.0000,Yahoo前复权
2025-04-14,29.8786,29.8786,29.878553,0.000000,1.0000,Yahoo前复权
2025-04-15,30.0479,30.0479,30.047892,0.000000,1.0000,Yahoo前复权
2025-04-16,29.8221,29.8221,29.822109,0.000000,1.0000,Yahoo前复权
2025-04-17,30.1232,30.1232,30.123152,0.000000,1.0000,Yahoo前复权
2025-04-22,30.2360,30.2360,30.236042,0.000000,1.0000,Yahoo前复权
2025-04-23,30.3866,30.3866,30.386562,0.000000,1.0000,Yahoo前复权
2025-04-24,30.3113,30.3113,30.311306,0.000000,1.0000,Yahoo前复权
2025-04-25,30.2737,30.2737,30.273674,0.000000,1.0000,Yahoo前复权
2025-04-28,30.5183,30.5183,30.518269,0.000000,1.0000,Yahoo前复权
2025-04-29,30.3113,30.3113,30.311306,0.000000,1.0000,Yahoo前复权
2025-04-30,30.1420,30.1420,30.141966,0.000000,1.0000,Yahoo前复权
2025-05-02,30.1984,30.1984,30.198410,0.000000,1.0000,Yahoo前复权
2025-05-06,30.4242,30.4242,30.424192,0.000000,1.0000,Yahoo前复权
2025-05-07,30.8946,30.8946,30.894575,0.000000,1.0000,Yahoo前复权
2025-05-08,30.8005,30.8005,30.800499,0.000000,1.0000,Yahoo前复权
2025-05-09,31.0075,31.0075,31.007465,0.000000,1.0000,Yahoo前复权
2025-05-12,31.6096,31.6096,31.609550,0.000000,1.0000,Yahoo前复权
2025-05-13,31.6472,31.6472,31.647181,0.000000,1.0000,Yahoo前复权
2025-05-14,32.4562,32.4562,32.456238,0.000000,1.0000,Yahoo前复权
2025-05-15,32.2116,32.2116,32.211639,0.000000,1.0000,Yahoo前复权
2025-05-16,32.1176,32.1176,32.117561,0.000000,1.0000,Yahoo前复权
2025-05-19,32.1928,32.1928,32.192822,0.000000,1.0000,Yahoo前复权
2025-05-20,32.6068,32.6068,32.606758,0.000000,1.0000,Yahoo前复权
2025-05-21,32.8137,32.8137,32.813728,0.000000,1.0000,Yahoo前复权
2025-05-22,32.6632,32.6632,32.663204,0.000000,1.0000,Yahoo前复权
2025-05-23,32.9078,32.9078,32.907803,0.000000,1.0000,Yahoo前复权
2025-05-26,32.8137,32.8137,32.813728,0.000000,1.0000,Yahoo前复权
2025-05-27,32.8890,32.8890,32.888988,0.000000,1.0000,Yahoo前复权
2025-05-28,33.0207,33.0207,33.020695,0.000000,1.0000,Yahoo前复权
2025-05-29,33.0207,33.0207,33.020695,0.000000,1.0000,Yahoo前复权
2025-05-30,32.8325,32.8325,32.832542,0.000000,1.0000,Yahoo前复权
2025-06-02,32.4562,32.4562,32.456238,0.000000,1.0000,Yahoo前复权
2025-06-03,33.1524,33.1524,33.152401,0.000000,1.0000,Yahoo前复权
2025-06-04,33.3029,33.3029,33.302921,0.000000,1.0000,Yahoo前复权
2025-06-05,33.4158,33.4158,33.415810,0.000000,1.0000,Yahoo前复权
2025-06-06,33.6040,33.6040,33.603962,0.000000,1.0000,Yahoo前复权
2025-06-09,33.7921,33.7921,33.792118,0.000000,1.0000,Yahoo前复权
2025-06-10,34.1120,34.1120,34.111973,0.000000,1.0000,Yahoo前复权
2025-06-11,34.6576,34.6576,34.657619,0.000000,1.0000,Yahoo前复权
2025-06-12,34.5447,34.5447,34.544727,0.000000,1.0000,Yahoo前复权
2025-06-13,34.6576,34.6576,34.657619,0.000000,1.0000,Yahoo前复权
2025-06-16,34.9398,34.9398,34.939842,0.000000,1.0000,Yahoo前复权
2025-06-17,34.6388,34.6388,34.638798,0.000000,1.0000,Yahoo前复权
2025-06-18,34.5071,34.5071,34.507095,0.000000,1.0000,Yahoo前复权
2025-06-19,33.8674,33.8674,33.867382,0.000000,1.0000,Yahoo前复权
2025-06-20,34.3378,34.3378,34.337761,0.000000,1.0000,Yahoo前复权
2025-06-23,34.6576,34.6576,34.657619,0.000000,1.0000,Yahoo前复权
2025-06-24,35.0339,35.0339,35.033920,0.000000,1.0000,Yahoo前复权
2025-06-25,35.2221,35.2221,35.222069,0.000000,1.0000,Yahoo前复权
2025-06-26,35.2221,35.2221,35.222073,0.000000,1.0000,Yahoo前复权
2025-06-27,34.8766,34.8766,34.876568,0.000000,1.0000,Yahoo前复权
2025-06-30,34.5119,34.5119,34.511875,0.000000,1.0000,Yahoo前复权
2025-07-02,35.0685,35.0685,35.068516,0.000000,1.0000,Yahoo前复权
2025-07-03,34.9725,34.9725,34.972542,0.000000,1.0000,Yahoo前复权
2025-07-04,35.0109,35.0109,35.010933,0.000000,1.0000,Yahoo前复权
2025-07-07,34.9533,34.9533,34.953342,0.000000,1.0000,Yahoo前复权
2025-07-08,35.1645,35.1645,35.164490,0.000000,1.0000,Yahoo前复权
2025-07-09,35.0301,35.0301,35.030125,0.000000,1.0000,Yahoo前复权
2025-07-10,35.6060,35.6060,35.605965,0.000000,1.0000,Yahoo前复权
2025-07-11,35.5868,35.5868,35.586773,0.000000,1.0000,Yahoo前复权
2025-07-14,35.8747,35.8747,35.874691,0.000000,1.0000,Yahoo前复权
2025-07-15,35.7787,35.7787,35.778713,0.000000,1.0000,Yahoo前复权
2025-07-16,35.8171,35.8171,35.817104,0.000000,1.0000,Yahoo前复权
2025-07-17,35.3756,35.3756,35.375633,0.000000,1.0000,Yahoo前复权
2025-07-18,35.7211,35.7211,35.721134,0.000000,1.0000,Yahoo前复权
2025-07-21,35.9707,35.9707,35.970661,0.000000,1.0000,Yahoo前复权
2025-07-22,35.9899,35.9899,35.989857,0.000000,1.0000,Yahoo前复权
2025-07-23,36.3546,36.3546,36.354553,0.000000,1.0000,Yahoo前复权
2025-07-24,36.5465,36.5465,36.546501,0.000000,1.0000,Yahoo前复权
2025-07-25,36.3162,36.3162,36.316166,0.000000,1.0000,Yahoo前复权
2025-07-28,36.2778,36.2778,36.277771,0.000000,1.0000,Yahoo前复权
2025-07-29,36.0474,36.0474,36.047436,0.000000,1.0000,Yahoo前复权
2025-07-30,36.2586,36.2586,36.258579,0.000000,1.0000,Yahoo前复权
2025-07-31,35.7595,35.7595,35.759521,0.000000,1.0000,Yahoo前复权
2025-08-01,35.2605,35.2605,35.260460,0.000000,1.0000,Yahoo前复权
2025-08-04,35.5100,35.5100,35.509995,0.000000,1.0000,Yahoo前复权
2025-08-05,35.7595,35.7595,35.759521,0.000000,1.0000,Yahoo前复权
2025-08-06,35.7595,35.7595,35.759521,0.000000,1.0000,Yahoo前复权
2025-08-07,36.0858,36.0858,36.085827,0.000000,1.0000,Yahoo前复权
2025-08-08,36.0666,36.0666,36.066635,0.000000,1.0000,Yahoo前复权
2025-08-11,35.9515,35.9515,35.951466,0.000000,1.0000,Yahoo前复权
2025-08-12,36.3929,36.3929,36.392944,0.000000,1.0000,Yahoo前复权
2025-08-13,36.5849,36.5849,36.584888,0.000000,1.0000,Yahoo前复权
2025-08-14,36.4121,36.4121,36.412136,0.000000,1.0000,Yahoo前复权
2025-08-15,36.0282,36.0282,36.028248,0.000000,1.0000,Yahoo前复权
2025-08-18,35.7595,35.7595,35.759521,0.000000,1.0000,Yahoo前复权
2025-08-19,35.7403,35.7403,35.740330,0.000000,1.0000,Yahoo前复权
2025-08-20,35.8939,35.8939,35.893887,0.000000,1.0000,Yahoo前复权
2025-08-21,36.0666,36.0666,36.066635,0.000000,1.0000,Yahoo前复权
2025-08-22,35.8555,35.8555,35.855495,0.000000,1.0000,Yahoo前复权
2025-08-25,36.1434,36.1434,36.143417,0.000000,1.0000,Yahoo前复权
2025-08-26,35.7403,35.7403,35.740330,0.000000,1.0000,Yahoo前复权
2025-08-27,35.1453,35.1453,35.145294,0.000000,1.0000,Yahoo前复权
2025-08-28,35.4524,35.4524,35.452408,0.000000,1.0000,Yahoo前复权
2025-08-29,35.0301,35.0301,35.030125,0.000000,1.0000,Yahoo前复权
2025-09-01,35.4716,35.4716,35.471600,0.000000,1.0000,Yahoo前复权
2025-09-02,35.6444,35.6444,35.644356,0.000000,1.0000,Yahoo前复权
2025-09-03,35.4524,35.4524,35.452408,0.000000,1.0000,Yahoo前复权
2025-09-04,35.2605,35.2605,35.260460,0.000000,1.0000,Yahoo前复权
2025-09-05,35.6060,35.6060,35.605965,0.000000,1.0000,Yahoo前复权
2025-09-08,35.7211,35.7211,35.721134,0.000000,1.0000,Yahoo前复权
2025-09-09,35.9899,35.9899,35.989857,0.000000,1.0000,Yahoo前复权
2025-09-10,36.4889,36.4889,36.488914,0.000000,1.0000,Yahoo前复权
2025-09-11,36.6425,36.6425,36.642471,0.000000,1.0000,Yahoo前复权
2025-09-12,36.5657,36.5657,36.565689,0.000000,1.0000,Yahoo前复权
2025-09-15,36.3162,36.3162,36.316166,0.000000,1.0000,Yahoo前复权
2025-09-16,36.1626,36.1626,36.162609,0.000000,1.0000,Yahoo前复权
2025-09-17,36.3354,36.3354,36.335358,0.000000,1.0000,Yahoo前复权
2025-09-18,35.7019,35.7019,35.701935,0.000000,1.0000,Yahoo前复权
2025-09-19,35.7595,35.7595,35.759521,0.000000,1.0000,Yahoo前复权
2025-09-22,35.1453,35.1453,35.145294,0.000000,1.0000,Yahoo前复权
2025-09-23,35.0685,35.0685,35.068516,0.000000,1.0000,Yahoo前复权
2025-09-24,35.1453,35.1453,35.145294,0.000000,1.0000,Yahoo前复权
2025-09-25,34.6654,34.6654,34.665432,0.000000,1.0000,Yahoo前复权
2025-09-26,34.8801,34.8801,34.880138,0.000000,1.0000,Yahoo前复权
2025-09-29,35.1534,35.1534,35.153397,0.000000,1.0000,Yahoo前复权
2025-09-30,35.0948,35.0948,35.094845,0.000000,1.0000,Yahoo前复权
2025-10-02,35.1729,35.1729,35.172920,0.000000,1.0000,Yahoo前复权
2025-10-03,34.9777,34.9777,34.977730,0.000000,1.0000,Yahoo前复权
2025-10-06,34.7435,34.7435,34.743504,0.000000,1.0000,Yahoo前复权
2025-10-08,34.6459,34.6459,34.645908,0.000000,1.0000,Yahoo前复权
2025-10-09,35.0363,35.0363,35.036285,0.000000,1.0000,Yahoo前复权
2025-10-10,35.1924,35.1924,35.192436,0.000000,1.0000,Yahoo前复权
2025-10-13,35.0558,35.0558,35.055805,0.000000,1.0000,Yahoo前复权
2025-10-14,35.2900,35.2900,35.290031,0.000000,1.0000,Yahoo前复权
2025-10-15,35.7780,35.7780,35.778000,0.000000,1.0000,Yahoo前复权
2025-10-16,36.4026,36.4026,36.402607,0.000000,1.0000,Yahoo前复权
2025-10-17,35.9342,35.9342,35.934151,0.000000,1.0000,Yahoo前复权
2025-10-20,36.4612,36.4612,36.461159,0.000000,1.0000,Yahoo前复权
2025-10-21,36.6954,36.6954,36.695381,0.000000,1.0000,Yahoo前复权
2025-10-22,36.7149,36.7149,36.714905,0.000000,1.0000,Yahoo前复权
2025-10-23,37.1053,37.1053,37.105282,0.000000,1.0000,Yahoo前复权
2025-10-27,37.3785,37.3785,37.378544,0.000000,1.0000,Yahoo前复权
2025-10-28,37.2419,37.2419,37.241917,0.000000,1.0000,Yahoo前复权
2025-10-30,37.3785,37.3785,37.378544,0.000000,1.0000,Yahoo前复权
2025-10-31,36.9491,36.9491,36.949131,0.000000,1.0000,Yahoo前复权
2025-11-03,37.7689,37.7689,37.768921,0.000000,1.0000,Yahoo前复权
2025-11-04,37.9836,37.9836,37.983627,0.000000,1.0000,Yahoo前复权
2025-11-05,37.9641,37.9641,37.964111,0.000000,1.0000,Yahoo前复权
2025-11-06,38.5302,38.5302,38.530155,0.000000,1.0000,Yahoo前复权
2025-11-07,38.6863,38.6863,38.686302,0.000000,1.0000,Yahoo前复权
2025-11-10,39.3695,39.3695,39.369465,0.000000,1.0000,Yahoo前复权
2025-11-11,39.4475,39.4475,39.447536,0.000000,1.0000,Yahoo前复权
2025-11-12,40.0331,40.0331,40.033108,0.000000,1.0000,Yahoo前复权
2025-11-13,39.8770,39.8770,39.876957,0.000000,1.0000,Yahoo前复权
2025-11-14,39.4280,39.4280,39.428024,0.000000,1.0000,Yahoo前复权
2025-11-17,39.1157,39.1157,39.115723,0.000000,1.0000,Yahoo前复权
2025-11-18,38.3545,38.3545,38.354488,0.000000,1.0000,Yahoo前复权
2025-11-19,38.8229,38.8229,38.822937,0.000000,1.0000,Yahoo前复权
2025-11-20,38.8034,38.8034,38.803417,0.000000,1.0000,Yahoo前复权
2025-11-21,37.9056,37.9056,37.905556,0.000000,1.0000,Yahoo前复权
2025-11-24,38.0422,38.0422,38.042187,0.000000,1.0000,Yahoo前复权
2025-11-25,38.3740,38.3740,38.374004,0.000000,1.0000,Yahoo前复权
2025-11-26,38.2374,38.2374,38.237377,0.000000,1.0000,Yahoo前复权
2025-11-27,38.3935,38.3935,38.393528,0.000000,1.0000,Yahoo前复权
2025-11-28,38.2764,38.2764,38.276417,0.000000,1.0000,Yahoo前复权
2025-12-01,38.3154,38.3154,38.315449,0.000000,1.0000,Yahoo前复权
2025-12-02,38.5497,38.5497,38.549675,0.000000,1.0000,Yahoo前复权
2025-12-03,38.1398,38.1398,38.139782,0.000000,1.0000,Yahoo前复权
2025-12-04,38.3935,38.3935,38.393528,0.000000,1.0000,Yahoo前复权
2025-12-05,38.6082,38.6082,38.608231,0.000000,1.0000,Yahoo前复权
2025-12-08,37.9056,37.9056,37.905556,0.000000,1.0000,Yahoo前复权
2025-12-09,37.3785,37.3785,37.378544,0.000000,1.0000,Yahoo前复权
2025-12-10,37.1638,37.1638,37.163841,0.000000,1.0000,Yahoo前复权
2025-12-11,37.1834,37.1834,37.183353,0.000000,1.0000,Yahoo前复权
2025-12-12,37.3590,37.3590,37.359028,0.000000,1.0000,Yahoo前复权
2025-12-15,36.9687,36.9687,36.968655,0.000000,1.0000,Yahoo前复权
2025-12-16,36.3245,36.3245,36.324532,0.000000,1.0000,Yahoo前复权
2025-12-17,36.5978,36.5978,36.597794,0.000000,1.0000,Yahoo前复权
2025-12-18,36.9296,36.9296,36.929615,0.000000,1.0000,Yahoo前复权
2025-12-19,36.9101,36.9101,36.910091,0.000000,1.0000,Yahoo前复权
2025-12-22,37.1571,37.1571,37.157146,0.000000,1.0000,Yahoo前复权
2025-12-23,37.1769,37.1769,37.176914,0.000000,1.0000,Yahoo前复权
2025-12-24,37.0781,37.0781,37.078091,0.000000,1.0000,Yahoo前复权
2025-12-29,37.5129,37.5129,37.512909,0.000000,1.0000,Yahoo前复权
2025-12-30,37.4734,37.4734,37.473377,0.000000,1.0000,Yahoo前复权
2025-12-31,37.3350,37.3350,37.335026,0.000000,1.0000,Yahoo前复权
2026-01-02,37.9675,37.9675,37.967491,0.000000,1.0000,Yahoo前复权
2026-01-05,37.3943,37.3943,37.394321,0.000000,1.0000,Yahoo前复权
2026-01-06,37.6315,37.6315,37.631500,0.000000,1.0000,Yahoo前复权
2026-01-07,37.3548,37.3548,37.354790,0.000000,1.0000,Yahoo前复权
2026-01-08,37.1769,37.1769,37.176914,0.000000,1.0000,Yahoo前复权
2026-01-09,37.3350,37.3350,37.335026,0.000000,1.0000,Yahoo前复权
2026-01-12,37.4536,37.4536,37.453617,0.000000,1.0000,Yahoo前复权
2026-01-13,37.8884,37.8884,37.888432,0.000000,1.0000,Yahoo前复权
2026-01-14,37.7501,37.7501,37.750080,0.000000,1.0000,Yahoo前复权
2026-01-15,38.1454,38.1454,38.145367,0.000000,1.0000,Yahoo前复权
2026-01-16,37.7501,37.7501,37.750080,0.000000,1.0000,Yahoo前复权
2026-01-19,37.7303,37.7303,37.730316,0.000000,1.0000,Yahoo前复权
2026-01-20,37.7501,37.7501,37.750080,0.000000,1.0000,Yahoo前复权
2026-01-21,37.6908,37.6908,37.690784,0.000000,1.0000,Yahoo前复权
2026-01-22,37.9280,37.9280,37.927963,0.000000,1.0000,Yahoo前复权
2026-01-23,37.6513,37.6513,37.651260,0.000000,1.0000,Yahoo前复权
2026-01-26,38.1454,38.1454,38.145367,0.000000,1.0000,Yahoo前复权
2026-01-27,38.5802,38.5802,38.580189,0.000000,1.0000,Yahoo前复权
2026-01-28,39.7661,39.7661,39.766056,0.000000,1.0000,Yahoo前复权
2026-01-29,40.2602,40.2602,40.260170,0.000000,1.0000,Yahoo前复权
2026-01-30,39.3905,39.3905,39.390533,0.000000,1.0000,Yahoo前复权
2026-02-02,38.3628,38.3628,38.362782,0.000000,1.0000,Yahoo前复权
2026-02-03,38.4814,38.4814,38.481365,0.000000,1.0000,Yahoo前复权
2026-02-04,39.1336,39.1336,39.133595,0.000000,1.0000,Yahoo前复权
2026-02-05,39.0743,39.0743,39.074303,0.000000,1.0000,Yahoo前复权
2026-02-06,39.3312,39.3312,39.331238,0.000000,1.0000,Yahoo前复权
2026-02-09,39.3905,39.3905,39.390533,0.000000,1.0000,Yahoo前复权
2026-02-10,39.7661,39.7661,39.766056,0.000000,1.0000,Yahoo前复权
2026-02-11,40.0823,40.0823,40.082287,0.000000,1.0000,Yahoo前复权
2026-02-12,40.1218,40.1218,40.121815,0.000000,1.0000,Yahoo前复权
2026-02-13,39.2522,39.2522,39.252178,0.000000,1.0000,Yahoo前复权
2026-02-16,39.7463,39.7463,39.746292,0.000000,1.0000,Yahoo前复权
2026-02-20,39.9242,39.9242,39.924171,0.000000,1.0000,Yahoo前复权
2026-02-23,40.4776,40.4776,40.477573,0.000000,1.0000,Yahoo前复权
2026-02-24,40.1613,40.1613,40.161343,0.000000,1.0000,Yahoo前复权
2026-02-25,40.1613,40.1613,40.161343,0.000000,1.0000,Yahoo前复权
2026-02-26,39.5486,39.5486,39.548645,0.000000,1.0000,Yahoo前复权
2026-02-27,39.8649,39.8649,39.864880,0.000000,1.0000,Yahoo前复权
2026-03-02,40.0625,40.0625,40.062523,0.000000,1.0000,Yahoo前复权
2026-03-03,40.3195,40.3195,40.319458,0.000000,1.0000,Yahoo前复权
2026-03-04,39.8253,39.8253,39.825348,0.000000,1.0000,Yahoo前复权
2026-03-05,40.0428,40.0428,40.042755,0.000000,1.0000,Yahoo前复权
2026-03-06,39.9242,39.9242,39.924171,0.000000,1.0000,Yahoo前复权
2026-03-09,40.0823,40.0823,40.082287,0.000000,1.0000,Yahoo前复权
2026-03-10,39.9044,39.9044,39.904404,0.000000,1.0000,Yahoo前复权
2026-03-11,40.2799,40.2799,40.279926,0.000000,1.0000,Yahoo前复权
2026-03-12,40.8333,40.8333,40.833336,0.000000,1.0000,Yahoo前复权
2026-03-13,40.8729,40.8729,40.872864,0.000000,1.0000,Yahoo前复权
2026-03-16,40.9915,40.9915,40.991451,0.000000,1.0000,Yahoo前复权
2026-03-17,40.9915,40.9915,40.991451,0.000000,1.0000,Yahoo前复权
2026-03-18,41.0310,41.0310,41.030979,0.000000,1.0000,Yahoo前复权
2026-03-19,41.1100,41.1100,41.110035,0.000000,1.0000,Yahoo前复权
2026-03-20,41.3077,41.3077,41.307682,0.000000,1.0000,Yahoo前复权
2026-03-23,40.3392,40.3392,40.339222,0.000000,1.0000,Yahoo前复权
2026-03-24,40.5474,40.5474,40.547417,0.000000,1.0000,Yahoo前复权
2026-03-25,40.6069,40.6069,40.606895,0.000000,1.0000,Yahoo前复权
2026-03-26,40.5871,40.5871,40.587067,0.000000,1.0000,Yahoo前复权
2026-03-27,40.8845,40.8845,40.884483,0.000000,1.0000,Yahoo前复权
2026-03-30,40.9836,40.9836,40.983620,0.000000,1.0000,Yahoo前复权
2026-03-31,40.9440,40.9440,40.943966,0.000000,1.0000,Yahoo前复权
2026-04-01,40.9440,40.9440,40.943966,0.000000,1.0000,Yahoo前复权
2026-04-02,41.3009,41.3009,41.300861,0.000000,1.0000,Yahoo前复权
2026-04-08,41.1621,41.1621,41.162071,0.000000,1.0000,Yahoo前复权
2026-04-09,41.3405,41.3405,41.340519,0.000000,1.0000,Yahoo前复权
2026-04-10,41.3802,41.3802,41.380173,0.000000,1.0000,Yahoo前复权
2026-04-13,41.5190,41.5190,41.518967,0.000000,1.0000,Yahoo前复权
2026-04-14,41.7966,41.7966,41.796551,0.000000,1.0000,Yahoo前复权
2026-04-15,41.5388,41.5388,41.538795,0.000000,1.0000,Yahoo前复权
2026-04-16,41.7172,41.7172,41.717243,0.000000,1.0000,Yahoo前复权
2026-04-17,41.7172,41.7172,41.717243,0.000000,1.0000,Yahoo前复权
2026-04-20,41.8560,41.8560,41.856037,0.000000,1.0000,Yahoo前复权
2026-04-21,42.3716,42.3716,42.371555,0.000000,1.0000,Yahoo前复权
2026-04-22,41.9948,41.9948,41.994827,0.000000,1.0000,Yahoo前复权
2026-04-23,42.4112,42.4112,42.411205,0.000000,1.0000,Yahoo前复权
2026-04-24,42.7483,42.7483,42.748276,0.000000,1.0000,Yahoo前复权
2026-04-27,42.8078,42.8078,42.807758,0.000000,1.0000,Yahoo前复权
2026-04-28,42.8078,42.8078,42.807758,0.000000,1.0000,Yahoo前复权
2026-04-29,43.4224,43.4224,43.422413,0.000000,1.0000,Yahoo前复权
2026-04-30,42.8276,42.8276,42.827587,0.000000,1.0000,Yahoo前复权
2026-05-04,42.7284,42.7284,42.728447,0.000000,1.0000,Yahoo前复权
2026-05-05,42.4707,42.4707,42.470692,0.000000,1.0000,Yahoo前复权
2026-05-06,42.7879,42.7879,42.787930,0.000000,1.0000,Yahoo前复权
2026-05-07,42.1733,42.1733,42.173279,0.000000,1.0000,Yahoo前复权
2026-05-08,42.0147,42.0147,42.014656,0.000000,1.0000,Yahoo前复权
2026-05-11,42.2922,42.2922,42.292240,0.000000,1.0000,Yahoo前复权
2026-05-12,42.6491,42.6491,42.649139,0.000000,1.0000,Yahoo前复权
2026-05-13,42.5302,42.5302,42.530174,0.000000,1.0000,Yahoo前复权
2026-05-14,42.4707,42.4707,42.470692,0.000000,1.0000,Yahoo前复权
2026-05-15,42.0543,42.0543,42.054310,0.000000,1.0000,Yahoo前复权
2026-05-18,42.0345,42.0345,42.034485,0.000000,1.0000,Yahoo前复权
2026-05-19,42.3319,42.3319,42.331898,0.000000,1.0000,Yahoo前复权
2026-05-20,42.2129,42.2129,42.212933,0.000000,1.0000,Yahoo前复权
2026-05-21,41.5784,41.5784,41.578449,0.000000,1.0000,Yahoo前复权
2026-05-22,41.6379,41.6379,41.637932,0.000000,1.0000,Yahoo前复权
2026-05-26,41.4793,41.4793,41.479309,0.000000,1.0000,Yahoo前复权
2026-05-27,40.9836,40.9836,40.983620,0.000000,1.0000,Yahoo前复权
2026-05-28,40.5672,40.5672,40.567242,0.000000,1.0000,Yahoo前复权
2026-05-29,40.9043,40.9043,40.904308,0.000000,1.0000,Yahoo前复权
2026-06-01,41.3405,41.3405,41.340519,0.000000,1.0000,Yahoo前复权
2026-06-02,41.7767,41.7767,41.776726,0.000000,1.0000,Yahoo前复权
2026-06-03,41.4595,41.4595,41.459484,0.000000,1.0000,Yahoo前复权
2026-06-04,41.1224,41.1224,41.122414,0.000000,1.0000,Yahoo前复权
2026-06-05,41.3009,41.3009,41.300861,0.000000,1.0000,Yahoo前复权
2026-06-08,41.5983,41.5983,41.598274,0.000000,1.0000,Yahoo前复权
2026-06-09,41.1422,41.1422,41.142242,0.000000,1.0000,Yahoo前复权
2026-06-10,40.9440,40.9440,40.943966,0.000000,1.0000,Yahoo前复权
2026-06-11,40.8250,40.8250,40.825001,0.000000,1.0000,Yahoo前复权
2026-06-12,41.3405,41.3405,41.340519,0.000000,1.0000,Yahoo前复权
2026-06-15,41.1026,41.1026,41.102585,0.000000,1.0000,Yahoo前复权
2026-06-16,40.5474,40.5474,40.547417,0.000000,1.0000,Yahoo前复权
2026-06-17,39.9922,39.9922,39.992241,0.000000,1.0000,Yahoo前复权
2026-06-18,39.0405,39.0405,39.040520,0.000000,1.0000,Yahoo前复权
2026-06-22,39.1000,39.1000,39.099998,0.000000,1.0000,Yahoo前复权
2026-06-23,38.8000,38.8000,38.799999,0.000000,1.0000,Yahoo前复权
2026-06-24,38.3400,38.3400,38.340000,0.000000,1.0000,Yahoo前复权
2026-06-25,37.5800,37.5800,37.580002,0.000000,1.0000,Yahoo前复权
2026-06-26,37.3200,37.3200,37.320000,0.000000,1.0000,Yahoo前复权
2026-06-29,37.5000,37.5000,37.500000,0.000000,1.0000,Yahoo前复权
2026-06-30,36.7800,36.7800,36.779999,0.000000,1.0000,Yahoo前复权
2026-07-02,36.8400,36.8400,36.840000,0.000000,1.0000,Yahoo前复权
2026-07-03,37.2600,37.2600,37.259998,0.000000,1.0000,Yahoo前复权
2026-07-06,37.4000,37.4000,37.400002,0.000000,1.0000,Yahoo前复权
2026-07-07,37.2800,37.2800,37.279999,0.000000,1.0000,Yahoo前复权
2026-07-08,38.6000,38.6000,38.599998,0.000000,1.0000,Yahoo前复权
2026-07-09,38.0400,38.0400,38.040001,0.000000,1.0000,Yahoo前复权
2026-07-10,38.1600,38.1600,38.160000,0.000000,1.0000,Yahoo前复权
2026-07-13,38.7000,38.7000,38.700001,0.000000,1.0000,Yahoo前复权
2026-07-14,39.2000,39.2000,39.200001,0.000000,1.0000,Yahoo前复权
2026-07-15,39.1400,39.1400,39.139999,0.000000,1.0000,Yahoo前复权
2026-07-16,39.2600,39.2600,39.259998,0.000000,1.0000,Yahoo前复权
2026-07-17,39.4800,39.4800,39.480000,0.000000,1.0000,Yahoo前复权
2026-07-20,40.5600,40.5600,40.560001,0.000000,1.0000,Yahoo前复权
2026-07-21,40.1800,40.1800,40.180000,0.000000,1.0000,Yahoo前复权
2026-07-22,40.4000,40.4000,40.400002,0.000000,1.0000,Yahoo前复权
2026-07-23,41.0400,41.0400,41.040001,0.000000,1.0000,Yahoo前复权
2026-07-24,40.8600,40.8600,40.860001,0.000000,1.0000,Yahoo前复权
2026-07-27,41.0600,41.0600,41.060001,0.000000,1.0000,Yahoo前复权
2026-07-28,41.3600,41.3600,41.360001,0.000000,1.0000,Yahoo前复权
2026-07-29,41.8000,41.8000,41.799999,0.000000,1.0000,Yahoo前复权
2026-07-30,42.5200,42.5200,42.520000,0.000000,1.0000,Yahoo前复权
2026-07-31,41.8600,41.8600,41.860001,0.000000,1.0000,Yahoo前复权
2026-08-03,41.4800,41.4800,41.480000,0.000000,1.0000,Yahoo前复权
2026-08-04,40.6600,40.6600,40.660000,0.000000,1.0000,Yahoo前复权
2026-08-05,40.4600,40.4600,40.459999,0.000000,1.0000,Yahoo前复权
2026-08-06,40.2600,40.2600,40.259998,0.000000,1.0000,Yahoo前复权
2026-08-07,40.3600,40.3600,40.360001,0.000000,1.0000,Yahoo前复权
2026-08-10,40.6800,40.6800,40.680000,0.000000,1.0000,Yahoo前复权
2026-08-11,40.7200,40.7200,40.720001,0.000000,1.0000,Yahoo前复权
