date,unit_nav,cumulative_nav,reinvested_nav,dividend,split_ratio,event_note
2006-11-17,1.0000,1.0000,1.000000,0.000000,1.0000,
2006-11-22,1.0040,1.0040,1.004000,0.000000,1.0000,
2006-11-29,1.0160,1.0160,1.016000,0.000000,1.0000,
2006-12-06,1.0570,1.0570,1.057000,0.000000,1.0000,
2006-12-13,1.0990,1.0990,1.099000,0.000000,1.0000,
2006-12-20,1.1350,1.1350,1.135000,0.000000,1.0000,
2006-12-27,1.1610,1.1610,1.161000,0.000000,1.0000,
2006-12-29,1.1930,1.1930,1.193000,0.000000,1.0000,
2006-12-31,1.1930,1.1930,1.193000,0.000000,1.0000,
2007-01-04,1.1930,1.1930,1.193000,0.000000,1.0000,
2007-01-05,1.2450,1.2450,1.245000,0.000000,1.0000,
2007-01-10,2.0750,1.3600,2.075000,0.000000,1.0000,每份基金份额折算0.65527799份
2007-01-11,2.0180,1.3220,2.018000,0.000000,1.0000,
2007-01-12,1.9230,1.2600,1.923000,0.000000,1.0000,
2007-01-15,2.0190,1.3230,2.019000,0.000000,1.0000,
2007-01-16,2.0480,1.3420,2.048000,0.000000,1.0000,
2007-01-17,2.0270,1.3280,2.027000,0.000000,1.0000,
2007-01-18,2.0000,1.3110,2.000000,0.000000,1.0000,
2007-01-19,2.0450,1.3400,2.045000,0.000000,1.0000,
2007-01-22,2.1130,1.3850,2.113000,0.000000,1.0000,
2007-01-23,2.1680,1.4210,2.168000,0.000000,1.0000,
2007-01-24,2.2350,1.4650,2.235000,0.000000,1.0000,
2007-01-25,2.1380,1.4010,2.138000,0.000000,1.0000,
2007-01-26,2.1850,1.4320,2.185000,0.000000,1.0000,
2007-01-29,2.2580,1.4800,2.258000,0.000000,1.0000,
2007-01-30,2.2730,1.4890,2.273000,0.000000,1.0000,
2007-01-31,2.1170,1.3870,2.117000,0.000000,1.0000,
2007-02-01,2.0950,1.3730,2.095000,0.000000,1.0000,
2007-02-02,2.0010,1.3110,2.001000,0.000000,1.0000,
2007-02-05,1.9630,1.2860,1.963000,0.000000,1.0000,
2007-02-06,1.9930,1.3060,1.993000,0.000000,1.0000,
2007-02-07,2.0430,1.3390,2.043000,0.000000,1.0000,
2007-02-08,2.0770,1.3610,2.077000,0.000000,1.0000,
2007-02-09,2.0370,1.3350,2.037000,0.000000,1.0000,
2007-02-12,2.1210,1.3900,2.121000,0.000000,1.0000,
2007-02-13,2.1500,1.4090,2.150000,0.000000,1.0000,
2007-02-14,2.2100,1.4480,2.210000,0.000000,1.0000,
2007-02-15,2.2990,1.5060,2.299000,0.000000,1.0000,
2007-02-16,2.3260,1.5240,2.326000,0.000000,1.0000,
2007-02-26,2.4370,1.5970,2.437000,0.000000,1.0000,
2007-02-27,2.2080,1.4470,2.208000,0.000000,1.0000,
2007-02-28,2.3150,1.5170,2.315000,0.000000,1.0000,
2007-03-01,2.2570,1.4790,2.257000,0.000000,1.0000,
2007-03-02,2.2770,1.4920,2.277000,0.000000,1.0000,
2007-03-05,2.2400,1.4680,2.240000,0.000000,1.0000,
2007-03-06,2.2610,1.4820,2.261000,0.000000,1.0000,
2007-03-07,2.3150,1.5170,2.315000,0.000000,1.0000,
2007-03-08,2.3270,1.5250,2.327000,0.000000,1.0000,
2007-03-09,2.3230,1.5220,2.323000,0.000000,1.0000,
2007-03-12,2.3390,1.5330,2.339000,0.000000,1.0000,
2007-03-13,2.3500,1.5400,2.350000,0.000000,1.0000,
2007-03-14,2.2860,1.4980,2.286000,0.000000,1.0000,
2007-03-15,2.3390,1.5330,2.339000,0.000000,1.0000,
2007-03-16,2.2780,1.4930,2.278000,0.000000,1.0000,
2007-03-19,2.3210,1.5210,2.321000,0.000000,1.0000,
2007-03-20,2.3410,1.5340,2.341000,0.000000,1.0000,
2007-03-21,2.3700,1.5530,2.370000,0.000000,1.0000,
2007-03-22,2.3910,1.5670,2.391000,0.000000,1.0000,
2007-03-23,2.4000,1.5730,2.400000,0.000000,1.0000,
2007-03-26,2.4570,1.6100,2.457000,0.000000,1.0000,
2007-03-27,2.4700,1.6190,2.470000,0.000000,1.0000,
2007-03-28,2.4940,1.6340,2.494000,0.000000,1.0000,
2007-03-29,2.4670,1.6170,2.467000,0.000000,1.0000,
2007-03-30,2.4810,1.6260,2.481000,0.000000,1.0000,
2007-03-31,2.4810,1.6260,2.481000,0.000000,1.0000,
2007-04-02,2.5620,1.6790,2.562000,0.000000,1.0000,
2007-04-03,2.5910,1.6980,2.591000,0.000000,1.0000,
2007-04-04,2.5980,1.7020,2.598000,0.000000,1.0000,
2007-04-05,2.6220,1.7180,2.622000,0.000000,1.0000,
2007-04-06,2.6470,1.7350,2.647000,0.000000,1.0000,
2007-04-09,2.7240,1.7850,2.724000,0.000000,1.0000,
2007-04-10,2.7800,1.8220,2.780000,0.000000,1.0000,
2007-04-11,2.8210,1.8490,2.821000,0.000000,1.0000,
2007-04-12,2.8500,1.8680,2.850000,0.000000,1.0000,
2007-04-13,2.8330,1.8560,2.833000,0.000000,1.0000,
2007-04-16,2.8940,1.8960,2.894000,0.000000,1.0000,
2007-04-17,2.9440,1.9290,2.944000,0.000000,1.0000,
2007-04-18,2.9690,1.9460,2.969000,0.000000,1.0000,
2007-04-19,2.8060,1.8390,2.806000,0.000000,1.0000,
2007-04-20,2.9330,1.9220,2.933000,0.000000,1.0000,
2007-04-23,3.1050,2.0350,3.105000,0.000000,1.0000,
2007-04-24,3.1620,2.0720,3.162000,0.000000,1.0000,
2007-04-25,3.1560,2.0680,3.156000,0.000000,1.0000,
2007-04-26,3.1960,2.0940,3.196000,0.000000,1.0000,
2007-04-27,3.1830,2.0860,3.183000,0.000000,1.0000,
2007-04-30,3.2290,2.1160,3.229000,0.000000,1.0000,
2007-05-08,3.3900,2.2210,3.390000,0.000000,1.0000,
2007-05-09,3.4050,2.2310,3.405000,0.000000,1.0000,
2007-05-10,3.4560,2.2650,3.456000,0.000000,1.0000,
2007-05-11,3.4230,2.2430,3.423000,0.000000,1.0000,
2007-05-14,3.4610,2.2680,3.461000,0.000000,1.0000,
2007-05-15,3.3210,2.1760,3.321000,0.000000,1.0000,
2007-05-16,3.3970,2.2260,3.397000,0.000000,1.0000,
2007-05-17,3.4600,2.2670,3.460000,0.000000,1.0000,
2007-05-18,3.4540,2.2630,3.454000,0.000000,1.0000,
2007-05-21,3.4950,2.2900,3.495000,0.000000,1.0000,
2007-05-22,3.5390,2.3190,3.539000,0.000000,1.0000,
2007-05-23,3.6280,2.3770,3.628000,0.000000,1.0000,
2007-05-24,3.5810,2.3470,3.581000,0.000000,1.0000,
2007-05-25,3.6030,2.3610,3.603000,0.000000,1.0000,
2007-05-28,3.6870,2.4160,3.687000,0.000000,1.0000,
2007-05-29,3.7770,2.4750,3.777000,0.000000,1.0000,
2007-05-30,3.5140,2.3030,3.514000,0.000000,1.0000,
2007-05-31,3.5450,2.3230,3.545000,0.000000,1.0000,
2007-06-01,3.3790,2.2140,3.379000,0.000000,1.0000,
2007-06-04,3.0920,2.0260,3.092000,0.000000,1.0000,
2007-06-05,3.2190,2.1090,3.219000,0.000000,1.0000,
2007-06-06,3.2260,2.1140,3.226000,0.000000,1.0000,
2007-06-07,3.3440,2.1910,3.344000,0.000000,1.0000,
2007-06-08,3.3480,2.1940,3.348000,0.000000,1.0000,
2007-06-11,3.4060,2.2320,3.406000,0.000000,1.0000,
2007-06-12,3.5500,2.3260,3.550000,0.000000,1.0000,
2007-06-13,3.6200,2.3720,3.620000,0.000000,1.0000,
2007-06-14,3.5410,2.3200,3.541000,0.000000,1.0000,
2007-06-15,3.5390,2.3190,3.539000,0.000000,1.0000,
2007-06-18,3.6340,2.3810,3.634000,0.000000,1.0000,
2007-06-19,3.6710,2.4060,3.671000,0.000000,1.0000,
2007-06-20,3.5930,2.3540,3.593000,0.000000,1.0000,
2007-06-21,3.6280,2.3770,3.628000,0.000000,1.0000,
2007-06-22,3.4910,2.2880,3.491000,0.000000,1.0000,
2007-06-25,3.3030,2.1640,3.303000,0.000000,1.0000,
2007-06-26,3.3660,2.2060,3.366000,0.000000,1.0000,
2007-06-27,3.4490,2.2600,3.449000,0.000000,1.0000,
2007-06-28,3.2770,2.1470,3.277000,0.000000,1.0000,
2007-06-29,3.1750,2.0810,3.175000,0.000000,1.0000,
2007-06-30,3.1750,2.0810,3.175000,0.000000,1.0000,
2007-07-02,3.2200,2.1100,3.220000,0.000000,1.0000,
2007-07-03,3.2640,2.1390,3.264000,0.000000,1.0000,
2007-07-04,3.2050,2.1000,3.205000,0.000000,1.0000,
2007-07-05,2.9980,1.9650,2.998000,0.000000,1.0000,
2007-07-06,3.1480,2.0630,3.148000,0.000000,1.0000,
2007-07-09,3.2370,2.1210,3.237000,0.000000,1.0000,
2007-07-10,3.1660,2.0750,3.166000,0.000000,1.0000,
2007-07-11,3.1990,2.0960,3.199000,0.000000,1.0000,
2007-07-12,3.2200,2.1100,3.220000,0.000000,1.0000,
2007-07-13,3.2160,2.1070,3.216000,0.000000,1.0000,
2007-07-16,3.1080,2.0370,3.108000,0.000000,1.0000,
2007-07-17,3.1690,2.0770,3.169000,0.000000,1.0000,
2007-07-18,3.1990,2.0960,3.199000,0.000000,1.0000,
2007-07-19,3.1620,2.0720,3.162000,0.000000,1.0000,
2007-07-20,3.2840,2.1520,3.284000,0.000000,1.0000,
2007-07-23,3.4840,2.2830,3.484000,0.000000,1.0000,
2007-07-24,3.4930,2.2890,3.493000,0.000000,1.0000,
2007-07-25,3.6010,2.3600,3.601000,0.000000,1.0000,
2007-07-26,3.6270,2.3770,3.627000,0.000000,1.0000,
2007-07-27,3.6680,2.4040,3.668000,0.000000,1.0000,
2007-07-30,3.7750,2.4740,3.775000,0.000000,1.0000,
2007-07-31,3.8070,2.4950,3.807000,0.000000,1.0000,
2007-08-01,3.6630,2.4000,3.663000,0.000000,1.0000,
2007-08-02,3.7840,2.4800,3.784000,0.000000,1.0000,
2007-08-03,3.8540,2.5250,3.854000,0.000000,1.0000,
2007-08-06,3.9760,2.6050,3.976000,0.000000,1.0000,
2007-08-07,4.0090,2.6270,4.009000,0.000000,1.0000,
2007-08-08,3.9280,2.5740,3.928000,0.000000,1.0000,
2007-08-09,4.0100,2.6280,4.010000,0.000000,1.0000,
2007-08-10,3.9780,2.6070,3.978000,0.000000,1.0000,
2007-08-13,3.9980,2.6200,3.998000,0.000000,1.0000,
2007-08-14,4.0390,2.6470,4.039000,0.000000,1.0000,
2007-08-15,4.0600,2.6600,4.060000,0.000000,1.0000,
2007-08-16,3.9880,2.6130,3.988000,0.000000,1.0000,
2007-08-17,3.9210,2.5690,3.921000,0.000000,1.0000,
2007-08-20,4.1750,2.7360,4.175000,0.000000,1.0000,
2007-08-21,4.2180,2.7640,4.218000,0.000000,1.0000,
2007-08-22,4.2340,2.7740,4.234000,0.000000,1.0000,
2007-08-23,4.2850,2.8080,4.285000,0.000000,1.0000,
2007-08-24,4.4090,2.8890,4.409000,0.000000,1.0000,
2007-08-27,4.4690,2.9280,4.469000,0.000000,1.0000,
2007-08-28,4.4730,2.9310,4.473000,0.000000,1.0000,
2007-08-29,4.3830,2.8720,4.383000,0.000000,1.0000,
2007-08-30,4.4540,2.9190,4.454000,0.000000,1.0000,
2007-08-31,4.5370,2.9730,4.537000,0.000000,1.0000,
2007-09-03,4.7170,3.0910,4.717000,0.000000,1.0000,
2007-09-04,4.6840,3.0690,4.684000,0.000000,1.0000,
2007-09-05,4.7030,3.0820,4.703000,0.000000,1.0000,
2007-09-06,4.7980,3.1440,4.798000,0.000000,1.0000,
2007-09-07,4.7400,3.1060,4.740000,0.000000,1.0000,
2007-09-10,4.8260,3.1620,4.826000,0.000000,1.0000,
2007-09-11,4.5700,2.9950,4.570000,0.000000,1.0000,
2007-09-12,4.6420,3.0420,4.642000,0.000000,1.0000,
2007-09-13,4.8240,3.1610,4.824000,0.000000,1.0000,
2007-09-14,4.9500,3.2440,4.950000,0.000000,1.0000,
2007-09-17,5.0930,3.3370,5.093000,0.000000,1.0000,
2007-09-18,5.0360,3.3000,5.036000,0.000000,1.0000,
2007-09-19,4.9720,3.2580,4.972000,0.000000,1.0000,
2007-09-20,4.9880,3.2690,4.988000,0.000000,1.0000,
2007-09-21,4.8780,3.1960,4.878000,0.000000,1.0000,
2007-09-24,4.9360,3.2340,4.936000,0.000000,1.0000,
2007-09-25,4.8450,3.1750,4.845000,0.000000,1.0000,
2007-09-26,4.7210,3.0940,4.721000,0.000000,1.0000,
2007-09-27,4.7640,3.1220,4.764000,0.000000,1.0000,
2007-09-28,4.8730,3.1930,4.873000,0.000000,1.0000,
2007-09-30,4.8730,3.1930,4.873000,0.000000,1.0000,
2007-10-08,4.8480,3.1770,4.848000,0.000000,1.0000,
2007-10-09,4.8860,3.2020,4.886000,0.000000,1.0000,
2007-10-10,4.9320,3.2320,4.932000,0.000000,1.0000,
2007-10-11,4.9460,3.2410,4.946000,0.000000,1.0000,
2007-10-12,4.9600,3.2500,4.960000,0.000000,1.0000,
2007-10-15,5.2040,3.4100,5.204000,0.000000,1.0000,
2007-10-16,5.1500,3.3750,5.150000,0.000000,1.0000,
2007-10-17,5.1730,3.3900,5.173000,0.000000,1.0000,
2007-10-18,4.9470,3.2420,4.947000,0.000000,1.0000,
2007-10-19,4.9130,3.2190,4.913000,0.000000,1.0000,
2007-10-22,4.6970,3.0780,4.697000,0.000000,1.0000,
2007-10-23,4.7720,3.1270,4.772000,0.000000,1.0000,
2007-10-24,4.8990,3.2100,4.899000,0.000000,1.0000,
2007-10-25,4.5790,3.0010,4.579000,0.000000,1.0000,
2007-10-26,4.6680,3.0590,4.668000,0.000000,1.0000,
2007-10-29,4.7740,3.1280,4.774000,0.000000,1.0000,
2007-10-30,4.8770,3.1960,4.877000,0.000000,1.0000,
2007-10-31,4.9150,3.2210,4.915000,0.000000,1.0000,
2007-11-01,4.9340,3.2330,4.934000,0.000000,1.0000,
2007-11-02,4.8510,3.1790,4.851000,0.000000,1.0000,
2007-11-05,4.7010,3.0800,4.701000,0.000000,1.0000,
2007-11-06,4.5410,2.9760,4.541000,0.000000,1.0000,
2007-11-07,4.5510,2.9820,4.551000,0.000000,1.0000,
2007-11-08,4.3060,2.8220,4.306000,0.000000,1.0000,
2007-11-09,4.3100,2.8240,4.310000,0.000000,1.0000,
2007-11-12,4.2030,2.7540,4.203000,0.000000,1.0000,
2007-11-13,4.2590,2.7910,4.259000,0.000000,1.0000,
2007-11-14,4.4310,2.9040,4.431000,0.000000,1.0000,
2007-11-15,4.3620,2.8580,4.362000,0.000000,1.0000,
2007-11-16,4.3110,2.8250,4.311000,0.000000,1.0000,
2007-11-19,4.3310,2.8380,4.331000,0.000000,1.0000,
2007-11-20,4.4000,2.8830,4.400000,0.000000,1.0000,
2007-11-21,4.3240,2.8330,4.324000,0.000000,1.0000,
2007-11-22,4.1840,2.7420,4.184000,0.000000,1.0000,
2007-11-23,4.2560,2.7890,4.256000,0.000000,1.0000,
2007-11-26,4.1900,2.7460,4.190000,0.000000,1.0000,
2007-11-27,4.0850,2.6770,4.085000,0.000000,1.0000,
2007-11-28,3.9970,2.6190,3.997000,0.000000,1.0000,
2007-11-29,4.1770,2.7370,4.177000,0.000000,1.0000,
2007-11-30,4.0580,2.6590,4.058000,0.000000,1.0000,
2007-12-03,4.0830,2.6760,4.083000,0.000000,1.0000,
2007-12-04,4.1680,2.7310,4.168000,0.000000,1.0000,
2007-12-05,4.3180,2.8290,4.318000,0.000000,1.0000,
2007-12-06,4.3290,2.8370,4.329000,0.000000,1.0000,
2007-12-07,4.4180,2.8950,4.418000,0.000000,1.0000,
2007-12-10,4.5000,2.9490,4.500000,0.000000,1.0000,
2007-12-11,4.4990,2.9480,4.499000,0.000000,1.0000,
2007-12-12,4.4640,2.9250,4.464000,0.000000,1.0000,
2007-12-13,4.2690,2.7970,4.269000,0.000000,1.0000,
2007-12-14,4.3360,2.8410,4.336000,0.000000,1.0000,
2007-12-17,4.2500,2.7850,4.250000,0.000000,1.0000,
2007-12-18,4.2170,2.7630,4.217000,0.000000,1.0000,
2007-12-19,4.3390,2.8430,4.339000,0.000000,1.0000,
2007-12-20,4.4690,2.9280,4.469000,0.000000,1.0000,
2007-12-21,4.5110,2.9560,4.511000,0.000000,1.0000,
2007-12-24,4.5810,3.0020,4.581000,0.000000,1.0000,
2007-12-25,4.5960,3.0120,4.596000,0.000000,1.0000,
2007-12-26,4.6220,3.0290,4.622000,0.000000,1.0000,
2007-12-27,4.6860,3.0710,4.686000,0.000000,1.0000,
2007-12-28,4.6390,3.0400,4.639000,0.000000,1.0000,
2007-12-29,4.6390,3.0400,4.639000,0.000000,1.0000,
2007-12-31,4.6390,3.0400,4.639000,0.000000,1.0000,
2008-01-02,4.6650,3.0570,4.665000,0.000000,1.0000,
2008-01-03,4.8060,3.1490,4.806000,0.000000,1.0000,
2008-01-04,4.8100,3.1520,4.810000,0.000000,1.0000,
2008-01-07,4.8560,3.1820,4.856000,0.000000,1.0000,
2008-01-08,4.8610,3.1850,4.861000,0.000000,1.0000,
2008-01-09,4.9540,3.2460,4.954000,0.000000,1.0000,
2008-01-10,4.9690,3.2560,4.969000,0.000000,1.0000,
2008-01-11,4.9520,3.2450,4.952000,0.000000,1.0000,
2008-01-14,5.0010,3.2770,5.001000,0.000000,1.0000,
2008-01-15,4.9730,3.2590,4.973000,0.000000,1.0000,
2008-01-16,4.8390,3.1710,4.839000,0.000000,1.0000,
2008-01-17,4.6530,3.0490,4.653000,0.000000,1.0000,
2008-01-18,4.6610,3.0540,4.661000,0.000000,1.0000,
2008-01-21,4.4020,2.8850,4.402000,0.000000,1.0000,
2008-01-22,4.0590,2.6600,4.059000,0.000000,1.0000,
2008-01-23,4.2740,2.8010,4.274000,0.000000,1.0000,
2008-01-24,4.2930,2.8130,4.293000,0.000000,1.0000,
2008-01-25,4.3200,2.8310,4.320000,0.000000,1.0000,
2008-01-28,3.9720,2.6030,3.972000,0.000000,1.0000,
2008-01-29,4.0150,2.6310,4.015000,0.000000,1.0000,
2008-01-30,4.0010,2.6220,4.001000,0.000000,1.0000,
2008-01-31,3.9700,2.6010,3.970000,0.000000,1.0000,
2008-02-01,3.8980,2.5540,3.898000,0.000000,1.0000,
2008-02-04,4.2430,2.7800,4.243000,0.000000,1.0000,
2008-02-05,4.2270,2.7700,4.227000,0.000000,1.0000,
2008-02-13,4.1370,2.7110,4.137000,0.000000,1.0000,
2008-02-14,4.2100,2.7590,4.210000,0.000000,1.0000,
2008-02-15,4.1760,2.7360,4.176000,0.000000,1.0000,
2008-02-18,4.2420,2.7800,4.242000,0.000000,1.0000,
2008-02-19,4.3440,2.8470,4.344000,0.000000,1.0000,
2008-02-20,4.2780,2.8030,4.278000,0.000000,1.0000,
2008-02-21,4.3020,2.8190,4.302000,0.000000,1.0000,
2008-02-22,4.1470,2.7170,4.147000,0.000000,1.0000,
2008-02-25,4.0070,2.6260,4.007000,0.000000,1.0000,
2008-02-26,3.9970,2.6190,3.997000,0.000000,1.0000,
2008-02-27,4.0880,2.6790,4.088000,0.000000,1.0000,
2008-02-28,4.0810,2.6740,4.081000,0.000000,1.0000,
2008-02-29,4.0930,2.6820,4.093000,0.000000,1.0000,
2008-03-03,4.1880,2.7440,4.188000,0.000000,1.0000,
2008-03-04,4.0590,2.6600,4.059000,0.000000,1.0000,
2008-03-05,3.9700,2.6010,3.970000,0.000000,1.0000,
2008-03-06,4.0020,2.6220,4.002000,0.000000,1.0000,
2008-03-07,3.9350,2.5790,3.935000,0.000000,1.0000,
2008-03-10,3.7770,2.4750,3.777000,0.000000,1.0000,
2008-03-11,3.7810,2.4780,3.781000,0.000000,1.0000,
2008-03-12,3.6640,2.4010,3.664000,0.000000,1.0000,
2008-03-13,3.5520,2.3280,3.552000,0.000000,1.0000,
2008-03-14,3.5140,2.3030,3.514000,0.000000,1.0000,
2008-03-17,3.3230,2.1770,3.323000,0.000000,1.0000,
2008-03-18,3.1570,2.0690,3.157000,0.000000,1.0000,
2008-03-19,3.2690,2.1420,3.269000,0.000000,1.0000,
2008-03-20,3.4040,2.2310,3.404000,0.000000,1.0000,
2008-03-21,3.4850,2.2840,3.485000,0.000000,1.0000,
2008-03-24,3.3080,2.1680,3.308000,0.000000,1.0000,
2008-03-25,3.3680,2.2070,3.368000,0.000000,1.0000,
2008-03-26,3.3630,2.2040,3.363000,0.000000,1.0000,
2008-03-27,3.1760,2.0810,3.176000,0.000000,1.0000,
2008-03-28,3.2800,2.1490,3.280000,0.000000,1.0000,
2008-03-31,3.1320,2.0520,3.132000,0.000000,1.0000,
2008-04-01,2.9020,1.9020,2.902000,0.000000,1.0000,
2008-04-02,2.8530,1.8700,2.853000,0.000000,1.0000,
2008-04-03,2.9740,1.9490,2.974000,0.000000,1.0000,
2008-04-07,3.1330,2.0530,3.133000,0.000000,1.0000,
2008-04-08,3.1690,2.0770,3.169000,0.000000,1.0000,
2008-04-09,3.0150,1.9760,3.015000,0.000000,1.0000,
2008-04-10,3.0790,2.0180,3.079000,0.000000,1.0000,
2008-04-11,3.1010,2.0320,3.101000,0.000000,1.0000,
2008-04-14,2.8960,1.8980,2.896000,0.000000,1.0000,
2008-04-15,2.9440,1.9290,2.944000,0.000000,1.0000,
2008-04-16,2.8540,1.8700,2.854000,0.000000,1.0000,
2008-04-17,2.7440,1.7980,2.744000,0.000000,1.0000,
2008-04-18,2.6180,1.7160,2.618000,0.000000,1.0000,
2008-04-21,2.6310,1.7240,2.631000,0.000000,1.0000,
2008-04-22,2.6800,1.7560,2.680000,0.000000,1.0000,
2008-04-23,2.8140,1.8440,2.814000,0.000000,1.0000,
2008-04-24,3.0810,2.0190,3.081000,0.000000,1.0000,
2008-04-25,3.1310,2.0520,3.131000,0.000000,1.0000,
2008-04-28,3.0890,2.0240,3.089000,0.000000,1.0000,
2008-04-29,3.1430,2.0600,3.143000,0.000000,1.0000,
2008-04-30,3.3060,2.1660,3.306000,0.000000,1.0000,
2008-05-05,3.3800,2.2150,3.380000,0.000000,1.0000,
2008-05-06,3.3390,2.1880,3.339000,0.000000,1.0000,
2008-05-07,3.1780,2.0820,3.178000,0.000000,1.0000,
2008-05-08,3.2670,2.1410,3.267000,0.000000,1.0000,
2008-05-09,3.2810,2.1500,3.281000,0.000000,1.0000,
2008-05-12,3.3230,2.1770,3.323000,0.000000,1.0000,
2008-05-13,3.3190,2.1750,3.319000,0.000000,1.0000,
2008-05-14,3.3850,2.2180,3.385000,0.000000,1.0000,
2008-05-15,3.3880,2.2200,3.388000,0.000000,1.0000,
2008-05-16,3.3530,2.1970,3.353000,0.000000,1.0000,
2008-05-19,3.3310,2.1830,3.331000,0.000000,1.0000,
2008-05-20,3.1550,2.0670,3.155000,0.000000,1.0000,
2008-05-21,3.2480,2.1280,3.248000,0.000000,1.0000,
2008-05-22,3.1960,2.0940,3.196000,0.000000,1.0000,
2008-05-23,3.1530,2.0660,3.153000,0.000000,1.0000,
2008-05-26,3.0420,1.9930,3.042000,0.000000,1.0000,
2008-05-27,3.0440,1.9950,3.044000,0.000000,1.0000,
2008-05-28,3.1340,2.0540,3.134000,0.000000,1.0000,
2008-05-29,3.0480,1.9970,3.048000,0.000000,1.0000,
2008-05-30,3.0980,2.0300,3.098000,0.000000,1.0000,
2008-06-02,3.1080,2.0370,3.108000,0.000000,1.0000,
2008-06-03,3.0990,2.0310,3.099000,0.000000,1.0000,
2008-06-04,3.0410,1.9930,3.041000,0.000000,1.0000,
2008-06-05,3.0050,1.9690,3.005000,0.000000,1.0000,
2008-06-06,3.0030,1.9680,3.003000,0.000000,1.0000,
2008-06-10,2.7500,1.8020,2.750000,0.000000,1.0000,
2008-06-11,2.6990,1.7690,2.699000,0.000000,1.0000,
2008-06-12,2.6480,1.7350,2.648000,0.000000,1.0000,
2008-06-13,2.5720,1.6850,2.572000,0.000000,1.0000,
2008-06-16,2.5750,1.6870,2.575000,0.000000,1.0000,
2008-06-17,2.4780,1.6240,2.478000,0.000000,1.0000,
2008-06-18,2.6230,1.7190,2.623000,0.000000,1.0000,
2008-06-19,2.4140,1.5820,2.414000,0.000000,1.0000,
2008-06-20,2.4540,1.6080,2.454000,0.000000,1.0000,
2008-06-23,2.3810,1.5600,2.381000,0.000000,1.0000,
2008-06-24,2.3790,1.5590,2.379000,0.000000,1.0000,
2008-06-25,2.5010,1.6390,2.501000,0.000000,1.0000,
2008-06-26,2.5010,1.6390,2.501000,0.000000,1.0000,
2008-06-27,2.3240,1.5230,2.324000,0.000000,1.0000,
2008-06-30,2.2970,1.5050,2.297000,0.000000,1.0000,
2008-07-01,2.2210,1.4550,2.221000,0.000000,1.0000,
2008-07-02,2.2380,1.4670,2.238000,0.000000,1.0000,
2008-07-03,2.2980,1.5060,2.298000,0.000000,1.0000,
2008-07-04,2.2740,1.4900,2.274000,0.000000,1.0000,
2008-07-07,2.4060,1.5770,2.406000,0.000000,1.0000,
2008-07-08,2.4330,1.5940,2.433000,0.000000,1.0000,
2008-07-09,2.5250,1.6550,2.525000,0.000000,1.0000,
2008-07-10,2.4710,1.6190,2.471000,0.000000,1.0000,
2008-07-11,2.4500,1.6050,2.450000,0.000000,1.0000,
2008-07-14,2.4820,1.6260,2.482000,0.000000,1.0000,
2008-07-15,2.3960,1.5700,2.396000,0.000000,1.0000,
2008-07-16,2.3100,1.5140,2.310000,0.000000,1.0000,
2008-07-17,2.2780,1.4930,2.278000,0.000000,1.0000,
2008-07-18,2.3620,1.5480,2.362000,0.000000,1.0000,
2008-07-21,2.4440,1.6010,2.444000,0.000000,1.0000,
2008-07-22,2.4360,1.5960,2.436000,0.000000,1.0000,
2008-07-23,2.4210,1.5860,2.421000,0.000000,1.0000,
2008-07-24,2.4910,1.6320,2.491000,0.000000,1.0000,
2008-07-25,2.4520,1.6070,2.452000,0.000000,1.0000,
2008-07-28,2.4860,1.6290,2.486000,0.000000,1.0000,
2008-07-29,2.4370,1.5970,2.437000,0.000000,1.0000,
2008-07-30,2.4250,1.5890,2.425000,0.000000,1.0000,
2008-07-31,2.3430,1.5350,2.343000,0.000000,1.0000,
2008-08-01,2.3520,1.5410,2.352000,0.000000,1.0000,
2008-08-04,2.2850,1.4970,2.285000,0.000000,1.0000,
2008-08-05,2.2180,1.4530,2.218000,0.000000,1.0000,
2008-08-06,2.2310,1.4620,2.231000,0.000000,1.0000,
2008-08-07,2.2300,1.4610,2.230000,0.000000,1.0000,
2008-08-08,2.1090,1.3820,2.109000,0.000000,1.0000,
2008-08-11,2.0100,1.3170,2.010000,0.000000,1.0000,
2008-08-12,2.0310,1.3310,2.031000,0.000000,1.0000,
2008-08-13,2.0430,1.3390,2.043000,0.000000,1.0000,
2008-08-14,2.0420,1.3380,2.042000,0.000000,1.0000,
2008-08-15,2.0420,1.3380,2.042000,0.000000,1.0000,
2008-08-18,1.9220,1.2590,1.922000,0.000000,1.0000,
2008-08-19,1.9470,1.2760,1.947000,0.000000,1.0000,
2008-08-20,2.0910,1.3700,2.091000,0.000000,1.0000,
2008-08-21,1.9890,1.3030,1.989000,0.000000,1.0000,
2008-08-22,1.9420,1.2730,1.942000,0.000000,1.0000,
2008-08-25,1.9320,1.2660,1.932000,0.000000,1.0000,
2008-08-26,1.8560,1.2160,1.856000,0.000000,1.0000,
2008-08-27,1.8570,1.2170,1.857000,0.000000,1.0000,
2008-08-28,1.8730,1.2270,1.873000,0.000000,1.0000,
2008-08-29,1.9210,1.2590,1.921000,0.000000,1.0000,
2008-09-01,1.8640,1.2210,1.864000,0.000000,1.0000,
2008-09-02,1.8620,1.2200,1.862000,0.000000,1.0000,
2008-09-03,1.8540,1.2150,1.854000,0.000000,1.0000,
2008-09-04,1.8680,1.2240,1.868000,0.000000,1.0000,
2008-09-05,1.8200,1.1930,1.820000,0.000000,1.0000,
2008-09-08,1.7450,1.1430,1.745000,0.000000,1.0000,
2008-09-09,1.7680,1.1590,1.768000,0.000000,1.0000,
2008-09-10,1.7830,1.1680,1.783000,0.000000,1.0000,
2008-09-11,1.7400,1.1400,1.740000,0.000000,1.0000,
2008-09-12,1.7600,1.1530,1.760000,0.000000,1.0000,
2008-09-16,1.7380,1.1390,1.738000,0.000000,1.0000,
2008-09-17,1.6990,1.1130,1.699000,0.000000,1.0000,
2008-09-18,1.6530,1.0830,1.653000,0.000000,1.0000,
2008-09-19,1.8050,1.1830,1.805000,0.000000,1.0000,
2008-09-22,1.8990,1.2440,1.899000,0.000000,1.0000,
2008-09-23,1.8130,1.1880,1.813000,0.000000,1.0000,
2008-09-24,1.8380,1.2040,1.838000,0.000000,1.0000,
2008-09-25,1.9180,1.2570,1.918000,0.000000,1.0000,
2008-09-26,1.9370,1.2690,1.937000,0.000000,1.0000,
2008-09-30,1.9370,1.2690,1.937000,0.000000,1.0000,
2008-10-06,1.8240,1.1950,1.824000,0.000000,1.0000,
2008-10-07,1.8110,1.1870,1.811000,0.000000,1.0000,
2008-10-08,1.7670,1.1580,1.767000,0.000000,1.0000,
2008-10-09,1.7390,1.1400,1.739000,0.000000,1.0000,
2008-10-10,1.6620,1.0890,1.662000,0.000000,1.0000,
2008-10-13,1.7050,1.1170,1.705000,0.000000,1.0000,
2008-10-14,1.6660,1.0920,1.666000,0.000000,1.0000,
2008-10-15,1.6340,1.0710,1.634000,0.000000,1.0000,
2008-10-16,1.5560,1.0200,1.556000,0.000000,1.0000,
2008-10-17,1.5760,1.0330,1.576000,0.000000,1.0000,
2008-10-20,1.6240,1.0640,1.624000,0.000000,1.0000,
2008-10-21,1.6070,1.0530,1.607000,0.000000,1.0000,
2008-10-22,1.5650,1.0260,1.565000,0.000000,1.0000,
2008-10-23,1.5610,1.0230,1.561000,0.000000,1.0000,
2008-10-24,1.5180,0.9950,1.518000,0.000000,1.0000,
2008-10-27,1.4010,0.9180,1.401000,0.000000,1.0000,
2008-10-28,1.4370,0.9420,1.437000,0.000000,1.0000,
2008-10-29,1.3820,0.9060,1.382000,0.000000,1.0000,
2008-10-30,1.4160,0.9280,1.416000,0.000000,1.0000,
2008-10-31,1.3840,0.9070,1.384000,0.000000,1.0000,
2008-11-03,1.3690,0.8970,1.369000,0.000000,1.0000,
2008-11-04,1.3520,0.8860,1.352000,0.000000,1.0000,
2008-11-05,1.4010,0.9180,1.401000,0.000000,1.0000,
2008-11-06,1.3840,0.9070,1.384000,0.000000,1.0000,
2008-11-07,1.4020,0.9190,1.402000,0.000000,1.0000,
2008-11-10,1.5020,0.9840,1.502000,0.000000,1.0000,
2008-11-11,1.4920,0.9780,1.492000,0.000000,1.0000,
2008-11-12,1.5030,0.9850,1.503000,0.000000,1.0000,
2008-11-13,1.5720,1.0300,1.572000,0.000000,1.0000,
2008-11-14,1.6170,1.0600,1.617000,0.000000,1.0000,
2008-11-17,1.6620,1.0890,1.662000,0.000000,1.0000,
2008-11-18,1.5260,1.0000,1.526000,0.000000,1.0000,
2008-11-19,1.6220,1.0630,1.622000,0.000000,1.0000,
2008-11-20,1.6020,1.0500,1.602000,0.000000,1.0000,
2008-11-21,1.5960,1.0460,1.596000,0.000000,1.0000,
2008-11-24,1.5330,1.0050,1.533000,0.000000,1.0000,
2008-11-25,1.5210,0.9970,1.521000,0.000000,1.0000,
2008-11-26,1.5450,1.0120,1.545000,0.000000,1.0000,
2008-11-27,1.5690,1.0280,1.569000,0.000000,1.0000,
2008-11-28,1.5500,1.0160,1.550000,0.000000,1.0000,
2008-12-01,1.5720,1.0300,1.572000,0.000000,1.0000,
2008-12-02,1.5710,1.0290,1.571000,0.000000,1.0000,
2008-12-03,1.6410,1.0750,1.641000,0.000000,1.0000,
2008-12-04,1.6750,1.0980,1.675000,0.000000,1.0000,
2008-12-05,1.6950,1.1110,1.695000,0.000000,1.0000,
2008-12-08,1.7560,1.1510,1.756000,0.000000,1.0000,
2008-12-09,1.7110,1.1210,1.711000,0.000000,1.0000,
2008-12-10,1.7340,1.1360,1.734000,0.000000,1.0000,
2008-12-11,1.6850,1.1040,1.685000,0.000000,1.0000,
2008-12-12,1.6160,1.0590,1.616000,0.000000,1.0000,
2008-12-15,1.6390,1.0740,1.639000,0.000000,1.0000,
2008-12-16,1.6530,1.0830,1.653000,0.000000,1.0000,
2008-12-17,1.6550,1.0840,1.655000,0.000000,1.0000,
2008-12-18,1.6760,1.0980,1.676000,0.000000,1.0000,
2008-12-19,1.6830,1.1030,1.683000,0.000000,1.0000,
2008-12-22,1.6520,1.0830,1.652000,0.000000,1.0000,
2008-12-23,1.5760,1.0330,1.576000,0.000000,1.0000,
2008-12-24,1.5380,1.0080,1.538000,0.000000,1.0000,
2008-12-25,1.5260,1.0000,1.526000,0.000000,1.0000,
2008-12-26,1.5220,0.9970,1.522000,0.000000,1.0000,
2008-12-29,1.5190,0.9950,1.519000,0.000000,1.0000,
2008-12-30,1.4930,0.9780,1.493000,0.000000,1.0000,
2008-12-31,1.4710,0.9640,1.471000,0.000000,1.0000,
2009-01-05,1.5310,1.0030,1.531000,0.000000,1.0000,
2009-01-06,1.5830,1.0370,1.583000,0.000000,1.0000,
2009-01-07,1.5770,1.0330,1.577000,0.000000,1.0000,
2009-01-08,1.5470,1.0140,1.547000,0.000000,1.0000,
2009-01-09,1.5740,1.0310,1.574000,0.000000,1.0000,
2009-01-12,1.5810,1.0360,1.581000,0.000000,1.0000,
2009-01-13,1.5550,1.0190,1.555000,0.000000,1.0000,
2009-01-14,1.6080,1.0540,1.608000,0.000000,1.0000,
2009-01-15,1.6000,1.0480,1.600000,0.000000,1.0000,
2009-01-16,1.6320,1.0690,1.632000,0.000000,1.0000,
2009-01-19,1.6460,1.0790,1.646000,0.000000,1.0000,
2009-01-20,1.6570,1.0860,1.657000,0.000000,1.0000,
2009-01-21,1.6420,1.0760,1.642000,0.000000,1.0000,
2009-01-22,1.6600,1.0880,1.660000,0.000000,1.0000,
2009-01-23,1.6600,1.0880,1.660000,0.000000,1.0000,
2009-02-02,1.6830,1.1030,1.683000,0.000000,1.0000,
2009-02-03,1.7260,1.1310,1.726000,0.000000,1.0000,
2009-02-04,1.7720,1.1610,1.772000,0.000000,1.0000,
2009-02-05,1.7660,1.1570,1.766000,0.000000,1.0000,
2009-02-06,1.8380,1.2040,1.838000,0.000000,1.0000,
2009-02-09,1.8880,1.2370,1.888000,0.000000,1.0000,
2009-02-10,1.9130,1.2540,1.913000,0.000000,1.0000,
2009-02-11,1.9170,1.2560,1.917000,0.000000,1.0000,
2009-02-12,1.9060,1.2490,1.906000,0.000000,1.0000,
2009-02-13,1.9680,1.2900,1.968000,0.000000,1.0000,
2009-02-16,2.0420,1.3380,2.042000,0.000000,1.0000,
2009-02-17,1.9730,1.2930,1.973000,0.000000,1.0000,
2009-02-18,1.8700,1.2250,1.870000,0.000000,1.0000,
2009-02-19,1.9070,1.2500,1.907000,0.000000,1.0000,
2009-02-20,1.9550,1.2810,1.955000,0.000000,1.0000,
2009-02-23,1.9990,1.3100,1.999000,0.000000,1.0000,
2009-02-24,1.9060,1.2490,1.906000,0.000000,1.0000,
2009-02-25,1.9050,1.2480,1.905000,0.000000,1.0000,
2009-02-26,1.8070,1.1840,1.807000,0.000000,1.0000,
2009-02-27,1.7460,1.1440,1.746000,0.000000,1.0000,
2009-03-02,1.7650,1.1570,1.765000,0.000000,1.0000,
2009-03-03,1.7690,1.1590,1.769000,0.000000,1.0000,
2009-03-04,1.8760,1.2290,1.876000,0.000000,1.0000,
2009-03-05,1.8960,1.2420,1.896000,0.000000,1.0000,
2009-03-06,1.8740,1.2280,1.874000,0.000000,1.0000,
2009-03-09,1.8040,1.1820,1.804000,0.000000,1.0000,
2009-03-10,1.8340,1.2020,1.834000,0.000000,1.0000,
2009-03-11,1.8190,1.1920,1.819000,0.000000,1.0000,
2009-03-12,1.8100,1.1860,1.810000,0.000000,1.0000,
2009-03-13,1.7920,1.1740,1.792000,0.000000,1.0000,
2009-03-16,1.8130,1.1880,1.813000,0.000000,1.0000,
2009-03-17,1.8770,1.2300,1.877000,0.000000,1.0000,
2009-03-18,1.8960,1.2420,1.896000,0.000000,1.0000,
2009-03-19,1.9360,1.2690,1.936000,0.000000,1.0000,
2009-03-20,1.9420,1.2730,1.942000,0.000000,1.0000,
2009-03-23,1.9850,1.3010,1.985000,0.000000,1.0000,
2009-03-24,1.9800,1.3210,2.004000,0.024000,1.0000,每10份派现金0.2400元
2009-03-25,1.9200,1.2740,1.943273,0.000000,1.0000,
2009-03-26,1.9790,1.3130,2.002988,0.000000,1.0000,
2009-03-27,2.0090,1.3320,2.033352,0.000000,1.0000,
2009-03-30,1.9900,1.3200,2.014121,0.000000,1.0000,
2009-03-31,1.9860,1.3170,2.010073,0.000000,1.0000,
2009-04-01,2.0290,1.3450,2.053594,0.000000,1.0000,
2009-04-02,2.0490,1.3580,2.073836,0.000000,1.0000,
2009-04-03,2.0380,1.3510,2.062703,0.000000,1.0000,
2009-04-07,2.0420,1.3540,2.066752,0.000000,1.0000,
2009-04-08,1.9640,1.3030,1.987806,0.000000,1.0000,
2009-04-09,1.9900,1.3200,2.014121,0.000000,1.0000,
2009-04-10,2.0340,1.3490,2.058655,0.000000,1.0000,
2009-04-13,2.1040,1.3940,2.129503,0.000000,1.0000,
2009-04-14,2.1240,1.4080,2.149745,0.000000,1.0000,
2009-04-15,2.1410,1.4190,2.166952,0.000000,1.0000,
2009-04-16,2.1500,1.4250,2.176061,0.000000,1.0000,
2009-04-17,2.1200,1.4050,2.145697,0.000000,1.0000,
2009-04-20,2.1620,1.4320,2.188206,0.000000,1.0000,
2009-04-21,2.1470,1.4230,2.173024,0.000000,1.0000,
2009-04-22,2.0640,1.3680,2.089018,0.000000,1.0000,
2009-04-23,2.0810,1.3790,2.106224,0.000000,1.0000,
2009-04-24,2.0550,1.3620,2.079909,0.000000,1.0000,
2009-04-27,1.9870,1.3180,2.011085,0.000000,1.0000,
2009-04-28,1.9990,1.3260,2.023230,0.000000,1.0000,
2009-04-29,2.0540,1.3620,2.078897,0.000000,1.0000,
2009-04-30,2.0620,1.3670,2.086994,0.000000,1.0000,
2009-05-04,2.1450,1.4210,2.171000,0.000000,1.0000,
2009-05-05,2.1620,1.4320,2.188206,0.000000,1.0000,
2009-05-06,2.1950,1.4540,2.221606,0.000000,1.0000,
2009-05-07,2.1880,1.4490,2.214521,0.000000,1.0000,
2009-05-08,2.1970,1.4550,2.223630,0.000000,1.0000,
2009-05-11,2.1480,1.4230,2.174036,0.000000,1.0000,
2009-05-12,2.2070,1.4620,2.233752,0.000000,1.0000,
2009-05-13,2.2190,1.4700,2.245897,0.000000,1.0000,
2009-05-14,2.2090,1.4630,2.235776,0.000000,1.0000,
2009-05-15,2.2050,1.4610,2.231727,0.000000,1.0000,
2009-05-18,2.2200,1.4700,2.246909,0.000000,1.0000,
2009-05-19,2.2380,1.4820,2.265127,0.000000,1.0000,
2009-05-20,2.2170,1.4680,2.243873,0.000000,1.0000,
2009-05-21,2.1750,1.4410,2.201364,0.000000,1.0000,
2009-05-22,2.1690,1.4370,2.195291,0.000000,1.0000,
2009-05-25,2.1660,1.4350,2.192255,0.000000,1.0000,
2009-05-26,2.1460,1.4220,2.172012,0.000000,1.0000,
2009-05-27,2.1620,1.4320,2.188206,0.000000,1.0000,
2009-06-01,2.2180,1.4690,2.244885,0.000000,1.0000,
2009-06-02,2.2280,1.4760,2.255006,0.000000,1.0000,
2009-06-03,2.2650,1.5000,2.292455,0.000000,1.0000,
2009-06-04,2.2870,1.5140,2.314721,0.000000,1.0000,
2009-06-05,2.2610,1.4970,2.288406,0.000000,1.0000,
2009-06-08,2.2530,1.4920,2.280309,0.000000,1.0000,
2009-06-09,2.2530,1.4920,2.280309,0.000000,1.0000,
2009-06-10,2.2890,1.5160,2.316745,0.000000,1.0000,
2009-06-11,2.2630,1.4990,2.290430,0.000000,1.0000,
2009-06-12,2.2110,1.4650,2.237800,0.000000,1.0000,
2009-06-15,2.2360,1.4810,2.263103,0.000000,1.0000,
2009-06-16,2.2370,1.4820,2.264115,0.000000,1.0000,
2009-06-17,2.2690,1.5030,2.296503,0.000000,1.0000,
2009-06-18,2.2890,1.5160,2.316745,0.000000,1.0000,
2009-06-19,2.3030,1.5250,2.330915,0.000000,1.0000,
2009-06-22,2.3100,1.5290,2.338000,0.000000,1.0000,
2009-06-23,2.3270,1.5410,2.355206,0.000000,1.0000,
2009-06-24,2.3760,1.5730,2.404800,0.000000,1.0000,
2009-06-25,2.3720,1.5700,2.400752,0.000000,1.0000,
2009-06-26,2.3650,1.5650,2.393667,0.000000,1.0000,
2009-06-29,2.3940,1.5840,2.423018,0.000000,1.0000,
2009-06-30,2.3650,1.5650,2.393667,0.000000,1.0000,
2009-07-01,2.4080,1.5940,2.437188,0.000000,1.0000,
2009-07-02,2.4310,1.6090,2.460467,0.000000,1.0000,
2009-07-03,2.4620,1.6290,2.491842,0.000000,1.0000,
2009-07-06,2.5380,1.6790,2.568764,0.000000,1.0000,
2009-07-07,2.5340,1.6760,2.564715,0.000000,1.0000,
2009-07-08,2.5490,1.6860,2.579897,0.000000,1.0000,
2009-07-09,2.6040,1.7220,2.635564,0.000000,1.0000,
2009-07-10,2.5920,1.7140,2.623418,0.000000,1.0000,
2009-07-13,2.5650,1.6970,2.596091,0.000000,1.0000,
2009-07-14,2.6480,1.7510,2.680097,0.000000,1.0000,
2009-07-15,2.7160,1.7950,2.748921,0.000000,1.0000,
2009-07-16,2.6990,1.7840,2.731715,0.000000,1.0000,
2009-07-17,2.7160,1.7950,2.748921,0.000000,1.0000,
2009-07-20,2.7800,1.8370,2.813697,0.000000,1.0000,
2009-07-21,2.7320,1.8060,2.765115,0.000000,1.0000,
2009-07-22,2.8050,1.8540,2.839000,0.000000,1.0000,
2009-07-23,2.8280,1.8690,2.862279,0.000000,1.0000,
2009-07-24,2.8410,1.8770,2.875436,0.000000,1.0000,
2009-07-27,2.9100,1.9230,2.945273,0.000000,1.0000,
2009-07-28,2.9600,1.9550,2.995879,0.000000,1.0000,
2009-07-29,2.8260,1.8680,2.860255,0.000000,1.0000,
2009-07-30,2.8750,1.9000,2.909848,0.000000,1.0000,
2009-07-31,2.9710,1.9630,3.007012,0.000000,1.0000,
2009-08-03,3.0780,2.0330,3.115309,0.000000,1.0000,
2009-08-04,3.1190,2.0600,3.156806,0.000000,1.0000,
2009-08-05,3.0760,2.0310,3.113285,0.000000,1.0000,
2009-08-06,2.9760,1.9660,3.012073,0.000000,1.0000,
2009-08-07,2.8580,1.8890,2.892642,0.000000,1.0000,
2009-08-10,2.8790,1.9020,2.913897,0.000000,1.0000,
2009-08-11,2.8920,1.9110,2.927055,0.000000,1.0000,
2009-08-12,2.7400,1.8110,2.773212,0.000000,1.0000,
2009-08-13,2.7590,1.8240,2.792442,0.000000,1.0000,
2009-08-14,2.6740,1.7680,2.706412,0.000000,1.0000,
2009-08-17,2.4900,1.6470,2.520182,0.000000,1.0000,
2009-08-18,2.5540,1.6890,2.584958,0.000000,1.0000,
2009-08-19,2.4070,1.5930,2.436176,0.000000,1.0000,
2009-08-20,2.4980,1.6530,2.528279,0.000000,1.0000,
2009-08-21,2.5650,1.6970,2.596091,0.000000,1.0000,
2009-08-24,2.5920,1.7140,2.623418,0.000000,1.0000,
2009-08-25,2.5190,1.6660,2.549533,0.000000,1.0000,
2009-08-26,2.5690,1.6990,2.600139,0.000000,1.0000,
2009-08-27,2.5600,1.6930,2.591030,0.000000,1.0000,
2009-08-28,2.4660,1.6320,2.495891,0.000000,1.0000,
2009-08-31,2.2670,1.5010,2.294479,0.000000,1.0000,
2009-09-01,2.2670,1.5010,2.294479,0.000000,1.0000,
2009-09-02,2.2950,1.5200,2.322818,0.000000,1.0000,
2009-09-03,2.4280,1.6070,2.457430,0.000000,1.0000,
2009-09-04,2.4480,1.6200,2.477673,0.000000,1.0000,
2009-09-07,2.4510,1.6220,2.480709,0.000000,1.0000,
2009-09-08,2.5020,1.6550,2.532327,0.000000,1.0000,
2009-09-09,2.5400,1.6800,2.570788,0.000000,1.0000,
2009-09-10,2.5040,1.6570,2.534352,0.000000,1.0000,
2009-09-11,2.5450,1.6830,2.575848,0.000000,1.0000,
2009-09-14,2.5900,1.7130,2.621394,0.000000,1.0000,
2009-09-15,2.6000,1.7190,2.631515,0.000000,1.0000,
2009-09-16,2.5580,1.6920,2.589006,0.000000,1.0000,
2009-09-17,2.6060,1.7230,2.637588,0.000000,1.0000,
2009-09-18,2.5200,1.6670,2.550545,0.000000,1.0000,
2009-09-21,2.5230,1.6690,2.553582,0.000000,1.0000,
2009-09-22,2.4530,1.6230,2.482733,0.000000,1.0000,
2009-09-23,2.3970,1.5860,2.426055,0.000000,1.0000,
2009-09-24,2.3960,1.5860,2.425042,0.000000,1.0000,
2009-09-25,2.3710,1.5690,2.399739,0.000000,1.0000,
2009-09-28,2.3010,1.5240,2.328891,0.000000,1.0000,
2009-09-29,2.2950,1.5200,2.322818,0.000000,1.0000,
2009-09-30,2.3140,1.5320,2.342048,0.000000,1.0000,
2009-10-09,2.4300,1.6080,2.459455,0.000000,1.0000,
2009-10-12,2.4240,1.6040,2.453382,0.000000,1.0000,
2009-10-13,2.4720,1.6360,2.501964,0.000000,1.0000,
2009-10-14,2.4980,1.6530,2.528279,0.000000,1.0000,
2009-10-15,2.5120,1.6620,2.542448,0.000000,1.0000,
2009-10-16,2.5160,1.6640,2.546497,0.000000,1.0000,
2009-10-19,2.5810,1.7070,2.612285,0.000000,1.0000,
2009-10-20,2.6030,1.7210,2.634552,0.000000,1.0000,
2009-10-21,2.5910,1.7140,2.622406,0.000000,1.0000,
2009-10-22,2.5440,1.6980,2.598115,0.023000,1.0000,每10份派现金0.2300元
2009-10-23,2.5900,1.7280,2.645094,0.000000,1.0000,
2009-10-26,2.6020,1.7360,2.657349,0.000000,1.0000,
2009-10-27,2.5230,1.6840,2.576668,0.000000,1.0000,
2009-10-28,2.5410,1.6960,2.595051,0.000000,1.0000,
2009-10-29,2.4880,1.6610,2.540924,0.000000,1.0000,
2009-10-30,2.5090,1.6750,2.562371,0.000000,1.0000,
2009-11-02,2.5770,1.7190,2.631817,0.000000,1.0000,
2009-11-03,2.6160,1.7450,2.671647,0.000000,1.0000,
2009-11-04,2.6340,1.7570,2.690030,0.000000,1.0000,
2009-11-05,2.6640,1.7760,2.720668,0.000000,1.0000,
2009-11-06,2.6850,1.7900,2.742114,0.000000,1.0000,
2009-11-09,2.7050,1.8030,2.762540,0.000000,1.0000,
2009-11-10,2.7010,1.8010,2.758455,0.000000,1.0000,
2009-11-11,2.6890,1.7930,2.746200,0.000000,1.0000,
2009-11-12,2.7020,1.8010,2.759476,0.000000,1.0000,
2009-11-13,2.7020,1.8010,2.759476,0.000000,1.0000,
2009-11-16,2.7820,1.8540,2.841178,0.000000,1.0000,
2009-11-17,2.7810,1.8530,2.840157,0.000000,1.0000,
2009-11-18,2.7940,1.8620,2.853433,0.000000,1.0000,
2009-11-19,2.8160,1.8760,2.875901,0.000000,1.0000,
2009-11-20,2.8030,1.8680,2.862625,0.000000,1.0000,
2009-11-23,2.8380,1.8900,2.898369,0.000000,1.0000,
2009-11-24,2.7600,1.8390,2.818710,0.000000,1.0000,
2009-11-25,2.8460,1.8960,2.906539,0.000000,1.0000,
2009-11-26,2.7250,1.8160,2.782965,0.000000,1.0000,
2009-11-27,2.6470,1.7650,2.703306,0.000000,1.0000,
2009-11-30,2.7430,1.8280,2.801348,0.000000,1.0000,
2009-12-01,2.7970,1.8640,2.856497,0.000000,1.0000,
2009-12-02,2.8170,1.8770,2.876922,0.000000,1.0000,
2009-12-03,2.8360,1.8890,2.896326,0.000000,1.0000,
2009-12-04,2.8550,1.9020,2.915731,0.000000,1.0000,
2009-12-07,2.8770,1.9160,2.938199,0.000000,1.0000,
2009-12-08,2.8480,1.8970,2.908582,0.000000,1.0000,
2009-12-09,2.8090,1.8710,2.868752,0.000000,1.0000,
2009-12-10,2.8140,1.8750,2.873859,0.000000,1.0000,
2009-12-11,2.8070,1.8700,2.866710,0.000000,1.0000,
2009-12-14,2.8380,1.8900,2.898369,0.000000,1.0000,
2009-12-15,2.8330,1.8870,2.893263,0.000000,1.0000,
2009-12-16,2.8080,1.8710,2.867731,0.000000,1.0000,
2009-12-17,2.7330,1.8220,2.791135,0.000000,1.0000,
2009-12-18,2.6870,1.7920,2.744157,0.000000,1.0000,
2009-12-21,2.6880,1.7920,2.745178,0.000000,1.0000,
2009-12-22,2.6220,1.7490,2.677774,0.000000,1.0000,
2009-12-23,2.6440,1.7630,2.700242,0.000000,1.0000,
2009-12-24,2.7270,1.8180,2.785008,0.000000,1.0000,
2009-12-25,2.7160,1.8110,2.773774,0.000000,1.0000,
2009-12-28,2.7640,1.8420,2.822795,0.000000,1.0000,
2009-12-29,2.7680,1.8450,2.826880,0.000000,1.0000,
2009-12-30,2.8100,1.8720,2.869773,0.000000,1.0000,
2009-12-31,2.8170,1.8770,2.876922,0.000000,1.0000,
2010-01-04,2.7810,1.8530,2.840157,0.000000,1.0000,
2010-01-05,2.8170,1.8770,2.876922,0.000000,1.0000,
2010-01-06,2.8000,1.8660,2.859561,0.000000,1.0000,
2010-01-07,2.7300,1.8200,2.788072,0.000000,1.0000,
2010-01-08,2.7330,1.8220,2.791135,0.000000,1.0000,
2010-01-11,2.7400,1.8260,2.798284,0.000000,1.0000,
2010-01-12,2.7830,1.8540,2.842199,0.000000,1.0000,
2010-01-13,2.6790,1.7860,2.735987,0.000000,1.0000,
2010-01-14,2.7130,1.8090,2.770710,0.000000,1.0000,
2010-01-15,2.7180,1.8120,2.775816,0.000000,1.0000,
2010-01-18,2.7320,1.8210,2.790114,0.000000,1.0000,
2010-01-19,2.7380,1.8250,2.796242,0.000000,1.0000,
2010-01-20,2.6480,1.7660,2.704327,0.000000,1.0000,
2010-01-21,2.6600,1.7740,2.716583,0.000000,1.0000,
2010-01-22,2.6520,1.7690,2.708412,0.000000,1.0000,
2010-01-25,2.6040,1.7370,2.659391,0.000000,1.0000,
2010-01-26,2.5520,1.7030,2.606285,0.000000,1.0000,
2010-01-27,2.5120,1.6770,2.565434,0.000000,1.0000,
2010-01-28,2.5030,1.6710,2.556243,0.000000,1.0000,
2010-01-29,2.4960,1.6660,2.549094,0.000000,1.0000,
2010-02-01,2.4540,1.6390,2.506201,0.000000,1.0000,
2010-02-02,2.4510,1.6370,2.503137,0.000000,1.0000,
2010-02-03,2.5180,1.6810,2.571562,0.000000,1.0000,
2010-02-04,2.5030,1.6710,2.556243,0.000000,1.0000,
2010-02-05,2.4540,1.6390,2.506201,0.000000,1.0000,
2010-02-08,2.4500,1.6360,2.502116,0.000000,1.0000,
2010-02-09,2.4670,1.6470,2.519477,0.000000,1.0000,
2010-02-10,2.4910,1.6630,2.543988,0.000000,1.0000,
2010-02-11,2.4960,1.6660,2.549094,0.000000,1.0000,
2010-02-12,2.5260,1.6860,2.579732,0.000000,1.0000,
2010-02-22,2.5100,1.6760,2.563392,0.000000,1.0000,
2010-02-23,2.4950,1.6660,2.548073,0.000000,1.0000,
2010-02-24,2.5280,1.6870,2.581775,0.000000,1.0000,
2010-02-25,2.5560,1.7060,2.610370,0.000000,1.0000,
2010-02-26,2.5410,1.6960,2.595051,0.000000,1.0000,
2010-03-01,2.5730,1.7170,2.627732,0.000000,1.0000,
2010-03-02,2.5590,1.7080,2.613434,0.000000,1.0000,
2010-03-03,2.5750,1.7180,2.629775,0.000000,1.0000,
2010-03-04,2.5180,1.6810,2.571562,0.000000,1.0000,
2010-03-05,2.5230,1.6840,2.576668,0.000000,1.0000,
2010-03-08,2.5470,1.7000,2.601179,0.000000,1.0000,
2010-03-09,2.5610,1.7090,2.615477,0.000000,1.0000,
2010-03-10,2.5460,1.6990,2.600158,0.000000,1.0000,
2010-03-11,2.5510,1.7020,2.605264,0.000000,1.0000,
2010-03-12,2.5160,1.6790,2.569520,0.000000,1.0000,
2010-03-15,2.4830,1.6580,2.535818,0.000000,1.0000,
2010-03-16,2.4890,1.6620,2.541945,0.000000,1.0000,
2010-03-17,2.5310,1.6890,2.584839,0.000000,1.0000,
2010-03-18,2.5240,1.6850,2.577690,0.000000,1.0000,
2010-03-19,2.5390,1.6950,2.593009,0.000000,1.0000,
2010-03-22,2.5460,1.6990,2.600158,0.000000,1.0000,
2010-03-23,2.5310,1.6890,2.584839,0.000000,1.0000,
2010-03-24,2.5300,1.6890,2.583817,0.000000,1.0000,
2010-03-25,2.5060,1.6730,2.559307,0.000000,1.0000,
2010-03-26,2.5410,1.6960,2.595051,0.000000,1.0000,
2010-03-29,2.6020,1.7360,2.657349,0.000000,1.0000,
2010-03-30,2.6030,1.7360,2.658370,0.000000,1.0000,
2010-03-31,2.5840,1.7240,2.638966,0.000000,1.0000,
2010-04-01,2.6150,1.7440,2.670625,0.000000,1.0000,
2010-04-02,2.6260,1.7520,2.681859,0.000000,1.0000,
2010-04-06,2.6350,1.7570,2.691051,0.000000,1.0000,
2010-04-07,2.6200,1.7480,2.675732,0.000000,1.0000,
2010-04-08,2.5870,1.7260,2.642030,0.000000,1.0000,
2010-04-09,2.6020,1.7360,2.657349,0.000000,1.0000,
2010-04-12,2.5760,1.7190,2.630796,0.000000,1.0000,
2010-04-13,2.6130,1.7430,2.668583,0.000000,1.0000,
2010-04-14,2.6170,1.7460,2.672668,0.000000,1.0000,
2010-04-15,2.6160,1.7450,2.671647,0.000000,1.0000,
2010-04-16,2.5860,1.7250,2.641009,0.000000,1.0000,
2010-04-19,2.4560,1.6400,2.508243,0.000000,1.0000,
2010-04-20,2.4520,1.6380,2.504158,0.000000,1.0000,
2010-04-21,2.4930,1.6640,2.546030,0.000000,1.0000,
2010-04-22,2.4510,1.6370,2.503137,0.000000,1.0000,
2010-04-23,2.4350,1.6260,2.486797,0.000000,1.0000,
2010-04-26,2.4170,1.6150,2.468414,0.000000,1.0000,
2010-04-27,2.3730,1.5860,2.423478,0.000000,1.0000,
2010-04-28,2.3720,1.5850,2.422456,0.000000,1.0000,
2010-04-29,2.3510,1.5710,2.401010,0.000000,1.0000,
2010-04-30,2.3650,1.5810,2.415308,0.000000,1.0000,
2010-05-04,2.3370,1.5620,2.386712,0.000000,1.0000,
2010-05-05,2.3520,1.5720,2.402031,0.000000,1.0000,
2010-05-06,2.2480,1.5040,2.295819,0.000000,1.0000,
2010-05-07,2.1990,1.4720,2.245776,0.000000,1.0000,
2010-05-10,2.2160,1.4830,2.263138,0.000000,1.0000,
2010-05-11,2.1840,1.4620,2.230457,0.000000,1.0000,
2010-05-12,2.2130,1.4810,2.260074,0.000000,1.0000,
2010-05-13,2.2570,1.5100,2.305010,0.000000,1.0000,
2010-05-14,2.2440,1.5010,2.291734,0.000000,1.0000,
2010-05-17,2.1440,1.4360,2.189606,0.000000,1.0000,
2010-05-18,2.1800,1.4590,2.226372,0.000000,1.0000,
2010-05-19,2.1680,1.4510,2.214117,0.000000,1.0000,
2010-05-20,2.1480,1.4380,2.193692,0.000000,1.0000,
2010-05-21,2.1710,1.4530,2.217181,0.000000,1.0000,
2010-05-24,2.2440,1.5010,2.291734,0.000000,1.0000,
2010-05-25,2.1900,1.4660,2.236585,0.000000,1.0000,
2010-05-26,2.1880,1.4650,2.234542,0.000000,1.0000,
2010-05-27,2.2260,1.4890,2.273351,0.000000,1.0000,
2010-05-28,2.2200,1.4860,2.267223,0.000000,1.0000,
2010-05-31,2.1630,1.4480,2.209011,0.000000,1.0000,
2010-06-01,2.1380,1.4320,2.183479,0.000000,1.0000,
2010-06-02,2.1440,1.4360,2.189606,0.000000,1.0000,
2010-06-03,2.1340,1.4290,2.179394,0.000000,1.0000,
2010-06-04,2.1310,1.4270,2.176330,0.000000,1.0000,
2010-06-07,2.0920,1.4020,2.136500,0.000000,1.0000,
2010-06-08,2.0890,1.4000,2.133437,0.000000,1.0000,
2010-06-09,2.1460,1.4370,2.191649,0.000000,1.0000,
2010-06-10,2.1260,1.4240,2.171224,0.000000,1.0000,
2010-06-11,2.1370,1.4310,2.182458,0.000000,1.0000,
2010-06-17,2.1240,1.4230,2.169181,0.000000,1.0000,
2010-06-18,2.0970,1.4050,2.141607,0.000000,1.0000,
2010-06-21,2.1440,1.4360,2.189606,0.000000,1.0000,
2010-06-22,2.1470,1.4380,2.192670,0.000000,1.0000,
2010-06-23,2.1320,1.4280,2.177351,0.000000,1.0000,
2010-06-24,2.1320,1.4280,2.177351,0.000000,1.0000,
2010-06-25,2.1190,1.4190,2.164075,0.000000,1.0000,
2010-06-28,2.1100,1.4130,2.154883,0.000000,1.0000,
2010-06-29,2.0230,1.3560,2.066033,0.000000,1.0000,
2010-06-30,1.9990,1.3410,2.041522,0.000000,1.0000,
2010-07-01,1.9720,1.3230,2.013948,0.000000,1.0000,
2010-07-02,1.9800,1.3280,2.022118,0.000000,1.0000,
2010-07-05,1.9650,1.3180,2.006799,0.000000,1.0000,
2010-07-06,2.0040,1.3440,2.046628,0.000000,1.0000,
2010-07-07,2.0080,1.3470,2.050714,0.000000,1.0000,
2010-07-08,2.0060,1.3450,2.048671,0.000000,1.0000,
2010-07-09,2.0580,1.3790,2.101777,0.000000,1.0000,
2010-07-12,2.0890,1.4000,2.133437,0.000000,1.0000,
2010-07-13,2.0570,1.3790,2.100756,0.000000,1.0000,
2010-07-14,2.0740,1.3900,2.118117,0.000000,1.0000,
2010-07-15,2.0110,1.3620,2.074203,0.020000,1.0000,每10份派现金0.2000元
2010-07-16,2.0180,1.3660,2.081423,0.000000,1.0000,
2010-07-19,2.0660,1.3980,2.130931,0.000000,1.0000,
2010-07-20,2.1080,1.4250,2.174251,0.000000,1.0000,
2010-07-21,2.1130,1.4290,2.179408,0.000000,1.0000,
2010-07-22,2.1330,1.4420,2.200037,0.000000,1.0000,
2010-07-23,2.1380,1.4450,2.205194,0.000000,1.0000,
2010-07-26,2.1480,1.4510,2.215508,0.000000,1.0000,
2010-07-27,2.1340,1.4420,2.201068,0.000000,1.0000,
2010-07-28,2.1850,1.4760,2.253671,0.000000,1.0000,
2010-07-29,2.1990,1.4850,2.268111,0.000000,1.0000,
2010-07-30,2.1890,1.4780,2.257797,0.000000,1.0000,
2010-08-02,2.2250,1.5020,2.294928,0.000000,1.0000,
2010-08-03,2.1860,1.4760,2.254703,0.000000,1.0000,
2010-08-04,2.1910,1.4800,2.259860,0.000000,1.0000,
2010-08-05,2.1630,1.4610,2.230980,0.000000,1.0000,
2010-08-06,2.1990,1.4850,2.268111,0.000000,1.0000,
2010-08-09,2.2040,1.4880,2.273268,0.000000,1.0000,
2010-08-10,2.1470,1.4510,2.214477,0.000000,1.0000,
2010-08-11,2.1520,1.4540,2.219634,0.000000,1.0000,
2010-08-12,2.1280,1.4380,2.194880,0.000000,1.0000,
2010-08-13,2.1510,1.4530,2.218603,0.000000,1.0000,
2010-08-16,2.1980,1.4840,2.267080,0.000000,1.0000,
2010-08-17,2.2010,1.4860,2.270174,0.000000,1.0000,
2010-08-18,2.1920,1.4800,2.260891,0.000000,1.0000,
2010-08-19,2.2050,1.4890,2.274300,0.000000,1.0000,
2010-08-20,2.1720,1.4670,2.240263,0.000000,1.0000,
2010-08-23,2.1620,1.4610,2.229948,0.000000,1.0000,
2010-08-24,2.1690,1.4650,2.237168,0.000000,1.0000,
2010-08-25,2.1140,1.4290,2.180440,0.000000,1.0000,
2010-08-26,2.1240,1.4360,2.190754,0.000000,1.0000,
2010-08-27,2.1300,1.4400,2.196943,0.000000,1.0000,
2010-08-30,2.1590,1.4590,2.226854,0.000000,1.0000,
2010-08-31,2.1450,1.4490,2.212414,0.000000,1.0000,
2010-09-01,2.1370,1.4440,2.204163,0.000000,1.0000,
2010-09-02,2.1570,1.4570,2.224791,0.000000,1.0000,
2010-09-03,2.1490,1.4520,2.216540,0.000000,1.0000,
2010-09-06,2.1900,1.4790,2.258828,0.000000,1.0000,
2010-09-07,2.1930,1.4810,2.261923,0.000000,1.0000,
2010-09-08,2.1860,1.4760,2.254703,0.000000,1.0000,
2010-09-09,2.1500,1.4530,2.217571,0.000000,1.0000,
2010-09-10,2.1510,1.4530,2.218603,0.000000,1.0000,
2010-09-13,2.1630,1.4610,2.230980,0.000000,1.0000,
2010-09-14,2.1620,1.4610,2.229948,0.000000,1.0000,
2010-09-15,2.1330,1.4420,2.200037,0.000000,1.0000,
2010-09-16,2.0850,1.4100,2.150528,0.000000,1.0000,
2010-09-17,2.0840,1.4100,2.149497,0.000000,1.0000,
2010-09-20,2.0800,1.4070,2.145371,0.000000,1.0000,
2010-09-21,2.0850,1.4100,2.150528,0.000000,1.0000,
2010-09-27,2.1020,1.4210,2.168063,0.000000,1.0000,
2010-09-28,2.0820,1.4080,2.147434,0.000000,1.0000,
2010-09-29,2.0880,1.4120,2.153623,0.000000,1.0000,
2010-09-30,2.1220,1.4340,2.188691,0.000000,1.0000,
2010-10-08,2.1890,1.4780,2.257797,0.000000,1.0000,
2010-10-11,2.2520,1.5200,2.322777,0.000000,1.0000,
2010-10-12,2.2720,1.5330,2.343406,0.000000,1.0000,
2010-10-13,2.2970,1.5490,2.369191,0.000000,1.0000,
2010-10-14,2.3210,1.5650,2.393946,0.000000,1.0000,
2010-10-15,2.4160,1.6270,2.491931,0.000000,1.0000,
2010-10-18,2.4120,1.6240,2.487806,0.000000,1.0000,
2010-10-19,2.4520,1.6510,2.529063,0.000000,1.0000,
2010-10-20,2.4500,1.6490,2.527000,0.000000,1.0000,
2010-10-21,2.4260,1.6340,2.502246,0.000000,1.0000,
2010-10-22,2.4030,1.6320,2.500183,0.021000,1.0000,每10份派现金0.2100元
2010-10-25,2.4520,1.6640,2.551164,0.000000,1.0000,
2010-10-26,2.4360,1.6540,2.534517,0.000000,1.0000,
2010-10-27,2.4200,1.6430,2.517870,0.000000,1.0000,
2010-10-28,2.4190,1.6430,2.516830,0.000000,1.0000,
2010-10-29,2.3840,1.6200,2.480414,0.000000,1.0000,
2010-11-01,2.4470,1.6610,2.545962,0.000000,1.0000,
2010-11-02,2.4410,1.6570,2.539720,0.000000,1.0000,
2010-11-03,2.4220,1.6450,2.519951,0.000000,1.0000,
2010-11-04,2.4550,1.6660,2.554286,0.000000,1.0000,
2010-11-05,2.4830,1.6850,2.583418,0.000000,1.0000,
2010-11-08,2.5080,1.7010,2.609429,0.000000,1.0000,
2010-11-09,2.4880,1.6880,2.588620,0.000000,1.0000,
2010-11-10,2.4640,1.6720,2.563650,0.000000,1.0000,
2010-11-11,2.4820,1.6840,2.582378,0.000000,1.0000,
2010-11-12,2.3550,1.6010,2.450242,0.000000,1.0000,
2010-11-15,2.3690,1.6100,2.464808,0.000000,1.0000,
2010-11-16,2.2720,1.5460,2.363885,0.000000,1.0000,
2010-11-17,2.2370,1.5240,2.327469,0.000000,1.0000,
2010-11-18,2.2560,1.5360,2.347238,0.000000,1.0000,
2010-11-19,2.2720,1.5460,2.363885,0.000000,1.0000,
2010-11-22,2.2510,1.5330,2.342036,0.000000,1.0000,
2010-11-23,2.2190,1.5120,2.308741,0.000000,1.0000,
2010-11-24,2.2300,1.5190,2.320186,0.000000,1.0000,
2010-11-25,2.2560,1.5360,2.347238,0.000000,1.0000,
2010-11-26,2.2390,1.5250,2.329550,0.000000,1.0000,
2010-11-29,2.2260,1.5160,2.316024,0.000000,1.0000,
2010-11-30,2.1920,1.4940,2.280649,0.000000,1.0000,
2010-12-01,2.2020,1.5010,2.291054,0.000000,1.0000,
2010-12-02,2.2200,1.5120,2.309782,0.000000,1.0000,
2010-12-03,2.2130,1.5080,2.302499,0.000000,1.0000,
2010-12-06,2.2220,1.5140,2.311863,0.000000,1.0000,
2010-12-07,2.2300,1.5190,2.320186,0.000000,1.0000,
2010-12-08,2.2030,1.5010,2.292094,0.000000,1.0000,
2010-12-09,2.1740,1.4820,2.261921,0.000000,1.0000,
2010-12-10,2.1980,1.4980,2.286892,0.000000,1.0000,
2010-12-13,2.2600,1.5390,2.351400,0.000000,1.0000,
2010-12-14,2.2630,1.5410,2.354521,0.000000,1.0000,
2010-12-15,2.2540,1.5350,2.345157,0.000000,1.0000,
2010-12-16,2.2480,1.5310,2.338914,0.000000,1.0000,
2010-12-17,2.2440,1.5280,2.334752,0.000000,1.0000,
2010-12-20,2.2130,1.5080,2.302499,0.000000,1.0000,
2010-12-21,2.2590,1.5380,2.350359,0.000000,1.0000,
2010-12-22,2.2380,1.5240,2.328510,0.000000,1.0000,
2010-12-23,2.2310,1.5200,2.321227,0.000000,1.0000,
2010-12-24,2.2200,1.5120,2.309782,0.000000,1.0000,
2010-12-27,2.1860,1.4900,2.274407,0.000000,1.0000,
2010-12-28,2.1480,1.4650,2.234870,0.000000,1.0000,
2010-12-29,2.1500,1.4670,2.236951,0.000000,1.0000,
2010-12-30,2.1530,1.4680,2.240072,0.000000,1.0000,
2010-12-31,2.1830,1.4880,2.271285,0.000000,1.0000,
2011-01-04,2.2220,1.5140,2.311863,0.000000,1.0000,
2011-01-05,2.2170,1.5100,2.306661,0.000000,1.0000,
2011-01-06,2.2070,1.5040,2.296256,0.000000,1.0000,
2011-01-07,2.2210,1.5130,2.310822,0.000000,1.0000,
2011-01-10,2.1910,1.4930,2.279609,0.000000,1.0000,
2011-01-11,2.2150,1.5090,2.304580,0.000000,1.0000,
2011-01-12,2.2250,1.5160,2.314984,0.000000,1.0000,
2011-01-13,2.2280,1.5180,2.318105,0.000000,1.0000,
2011-01-14,2.1960,1.4970,2.284811,0.000000,1.0000,
2011-01-17,2.1360,1.4570,2.222385,0.000000,1.0000,
2011-01-18,2.1360,1.4570,2.222385,0.000000,1.0000,
2011-01-19,2.1710,1.4800,2.258800,0.000000,1.0000,
2011-01-20,2.1090,1.4400,2.194293,0.000000,1.0000,
2011-01-21,2.1380,1.4590,2.224466,0.000000,1.0000,
2011-01-24,2.1220,1.4480,2.207818,0.000000,1.0000,
2011-01-25,2.1180,1.4460,2.203657,0.000000,1.0000,
2011-01-26,2.1340,1.4560,2.220304,0.000000,1.0000,
2011-01-27,2.1670,1.4780,2.254638,0.000000,1.0000,
2011-01-28,2.1660,1.4770,2.253598,0.000000,1.0000,
2011-01-31,2.1880,1.4910,2.276488,0.000000,1.0000,
2011-02-01,2.1940,1.4950,2.282730,0.000000,1.0000,
2011-02-09,2.1650,1.4760,2.252558,0.000000,1.0000,
2011-02-10,2.2010,1.5000,2.290013,0.000000,1.0000,
2011-02-11,2.2030,1.5010,2.292094,0.000000,1.0000,
2011-02-14,2.2820,1.5530,2.374289,0.000000,1.0000,
2011-02-15,2.2770,1.5500,2.369087,0.000000,1.0000,
2011-02-16,2.2980,1.5630,2.390936,0.000000,1.0000,
2011-02-17,2.2940,1.5610,2.386775,0.000000,1.0000,
2011-02-18,2.2690,1.5440,2.360764,0.000000,1.0000,
2011-02-21,2.3020,1.5660,2.395098,0.000000,1.0000,
2011-02-22,2.2420,1.5270,2.332672,0.000000,1.0000,
2011-02-23,2.2470,1.5300,2.337874,0.000000,1.0000,
2011-02-24,2.2600,1.5390,2.351400,0.000000,1.0000,
2011-02-25,2.2680,1.5440,2.359723,0.000000,1.0000,
2011-02-28,2.2880,1.5570,2.380532,0.000000,1.0000,
2011-03-01,2.3000,1.5650,2.393017,0.000000,1.0000,
2011-03-02,2.2890,1.5580,2.381572,0.000000,1.0000,
2011-03-03,2.2880,1.5570,2.380532,0.000000,1.0000,
2011-03-04,2.3270,1.5820,2.421109,0.000000,1.0000,
2011-03-07,2.3790,1.6170,2.475212,0.000000,1.0000,
2011-03-08,2.3810,1.6180,2.477293,0.000000,1.0000,
2011-03-09,2.3730,1.6130,2.468969,0.000000,1.0000,
2011-03-10,2.3280,1.5830,2.422150,0.000000,1.0000,
2011-03-11,2.3060,1.5690,2.399260,0.000000,1.0000,
2011-03-14,2.3130,1.5730,2.406543,0.000000,1.0000,
2011-03-15,2.2760,1.5490,2.368047,0.000000,1.0000,
2011-03-16,2.3060,1.5690,2.399260,0.000000,1.0000,
2011-03-17,2.2800,1.5520,2.372208,0.000000,1.0000,
2011-03-18,2.2840,1.5540,2.376370,0.000000,1.0000,
2011-03-21,2.2790,1.5510,2.371168,0.000000,1.0000,
2011-03-22,2.2920,1.5600,2.384694,0.000000,1.0000,
2011-03-23,2.3160,1.5750,2.409664,0.000000,1.0000,
2011-03-24,2.3110,1.5720,2.404462,0.000000,1.0000,
2011-03-25,2.3400,1.5910,2.434635,0.000000,1.0000,
2011-03-28,2.3440,1.5940,2.438797,0.000000,1.0000,
2011-03-29,2.3330,1.5860,2.427352,0.000000,1.0000,
2011-03-30,2.3310,1.5850,2.425271,0.000000,1.0000,
2011-03-31,2.3170,1.5760,2.410705,0.000000,1.0000,
2011-04-01,2.3520,1.5990,2.447120,0.000000,1.0000,
2011-04-06,2.3920,1.6250,2.488738,0.000000,1.0000,
2011-04-07,2.3910,1.6240,2.487697,0.000000,1.0000,
2011-04-08,2.4050,1.6340,2.502264,0.000000,1.0000,
2011-04-11,2.3950,1.6270,2.491859,0.000000,1.0000,
2011-04-12,2.4020,1.6320,2.499142,0.000000,1.0000,
2011-04-13,2.4200,1.6430,2.517870,0.000000,1.0000,
2011-04-14,2.4170,1.6410,2.514749,0.000000,1.0000,
2011-04-15,2.4250,1.6470,2.523072,0.000000,1.0000,
2011-04-18,2.4320,1.6510,2.530356,0.000000,1.0000,
2011-04-19,2.3770,1.6150,2.473131,0.000000,1.0000,
2011-04-20,2.3750,1.6140,2.471050,0.000000,1.0000,
2011-04-21,2.3980,1.6290,2.494981,0.000000,1.0000,
2011-04-22,2.3820,1.6190,2.478333,0.000000,1.0000,
2011-04-25,2.3390,1.5900,2.433594,0.000000,1.0000,
2011-04-26,2.3250,1.5810,2.419028,0.000000,1.0000,
2011-04-27,2.3230,1.5800,2.416947,0.000000,1.0000,
2011-04-28,2.2990,1.5640,2.391977,0.000000,1.0000,
2011-04-29,2.3170,1.5760,2.410705,0.000000,1.0000,
2011-05-03,2.3310,1.5850,2.425271,0.000000,1.0000,
2011-05-04,2.2780,1.5500,2.370127,0.000000,1.0000,
2011-05-05,2.2800,1.5520,2.372208,0.000000,1.0000,
2011-05-06,2.2690,1.5440,2.360764,0.000000,1.0000,
2011-05-09,2.2740,1.5480,2.365966,0.000000,1.0000,
2011-05-10,2.2910,1.5590,2.383653,0.000000,1.0000,
2011-05-11,2.2760,1.5490,2.368047,0.000000,1.0000,
2011-05-12,2.2500,1.5320,2.340995,0.000000,1.0000,
2011-05-13,2.2710,1.5460,2.362844,0.000000,1.0000,
2011-05-16,2.2450,1.5290,2.335793,0.000000,1.0000,
2011-05-17,2.2570,1.5370,2.348278,0.000000,1.0000,
2011-05-18,2.2750,1.5480,2.367006,0.000000,1.0000,
2011-05-19,2.2600,1.5390,2.351400,0.000000,1.0000,
2011-05-20,2.2570,1.5370,2.348278,0.000000,1.0000,
2011-05-23,2.1840,1.4890,2.272326,0.000000,1.0000,
2011-05-24,2.1790,1.4860,2.267124,0.000000,1.0000,
2011-05-25,2.1560,1.4700,2.243194,0.000000,1.0000,
2011-05-26,2.1600,1.4730,2.247355,0.000000,1.0000,
2011-05-27,2.1570,1.4710,2.244234,0.000000,1.0000,
2011-05-30,2.1570,1.4710,2.244234,0.000000,1.0000,
2011-05-31,2.1870,1.4910,2.275447,0.000000,1.0000,
2011-06-01,2.1810,1.4870,2.269205,0.000000,1.0000,
2011-06-02,2.1480,1.4650,2.234870,0.000000,1.0000,
2011-06-03,2.1630,1.4750,2.250477,0.000000,1.0000,
2011-06-07,2.1710,1.4800,2.258800,0.000000,1.0000,
2011-06-08,2.1680,1.4780,2.255679,0.000000,1.0000,
2011-06-09,2.1380,1.4590,2.224466,0.000000,1.0000,
2011-06-10,2.1500,1.4670,2.236951,0.000000,1.0000,
2011-06-13,2.1440,1.4630,2.230708,0.000000,1.0000,
2011-06-14,2.1630,1.4750,2.250477,0.000000,1.0000,
2011-06-15,2.1490,1.4660,2.235910,0.000000,1.0000,
2011-06-16,2.1150,1.4440,2.200535,0.000000,1.0000,
2011-06-17,2.1060,1.4380,2.191171,0.000000,1.0000,
2011-06-20,2.0960,1.4310,2.180767,0.000000,1.0000,
2011-06-21,2.1210,1.4480,2.206778,0.000000,1.0000,
2011-06-22,2.1160,1.4440,2.201576,0.000000,1.0000,
2011-06-23,2.1450,1.4630,2.231749,0.000000,1.0000,
2011-06-24,2.2010,1.5000,2.290013,0.000000,1.0000,
2011-06-27,2.2020,1.5010,2.291054,0.000000,1.0000,
2011-06-28,2.2030,1.5010,2.292094,0.000000,1.0000,
2011-06-29,2.1730,1.4820,2.260881,0.000000,1.0000,
2011-06-30,2.1970,1.4970,2.285852,0.000000,1.0000,
2011-07-01,2.1980,1.4980,2.286892,0.000000,1.0000,
2011-07-04,2.2430,1.5270,2.333712,0.000000,1.0000,
2011-07-05,2.2400,1.5250,2.330591,0.000000,1.0000,
2011-07-06,2.2320,1.5200,2.322267,0.000000,1.0000,
2011-07-07,2.2220,1.5140,2.311863,0.000000,1.0000,
2011-07-08,2.2240,1.5150,2.313944,0.000000,1.0000,
2011-07-11,2.2240,1.5150,2.313944,0.000000,1.0000,
2011-07-12,2.1830,1.4880,2.271285,0.000000,1.0000,
2011-07-13,2.2110,1.5060,2.300418,0.000000,1.0000,
2011-07-14,2.2200,1.5120,2.309782,0.000000,1.0000,
2011-07-15,2.2270,1.5170,2.317065,0.000000,1.0000,
2011-07-18,2.2200,1.5120,2.309782,0.000000,1.0000,
2011-07-19,2.2010,1.5000,2.290013,0.000000,1.0000,
2011-07-20,2.2010,1.5000,2.290013,0.000000,1.0000,
2011-07-21,2.1780,1.4850,2.266083,0.000000,1.0000,
2011-07-22,2.1800,1.4860,2.268164,0.000000,1.0000,
2011-07-25,2.1150,1.4440,2.200535,0.000000,1.0000,
2011-07-26,2.1180,1.4460,2.203657,0.000000,1.0000,
2011-07-27,2.1280,1.4520,2.214061,0.000000,1.0000,
2011-07-28,2.1160,1.4440,2.201576,0.000000,1.0000,
2011-07-29,2.1210,1.4480,2.206778,0.000000,1.0000,
2011-08-01,2.1260,1.4510,2.211980,0.000000,1.0000,
2011-08-02,2.1070,1.4380,2.192212,0.000000,1.0000,
2011-08-03,2.1040,1.4360,2.189091,0.000000,1.0000,
2011-08-04,2.1060,1.4380,2.191171,0.000000,1.0000,
2011-08-05,2.0600,1.4080,2.143311,0.000000,1.0000,
2011-08-08,1.9850,1.3580,2.065278,0.000000,1.0000,
2011-08-09,1.9880,1.3600,2.068399,0.000000,1.0000,
2011-08-10,2.0040,1.3710,2.085046,0.000000,1.0000,
2011-08-11,2.0340,1.3900,2.116260,0.000000,1.0000,
2011-08-12,2.0380,1.3930,2.120421,0.000000,1.0000,
2011-08-15,2.0660,1.4110,2.149554,0.000000,1.0000,
2011-08-16,2.0580,1.4060,2.141230,0.000000,1.0000,
2011-08-17,2.0580,1.4060,2.141230,0.000000,1.0000,
2011-08-18,2.0310,1.3890,2.113138,0.000000,1.0000,
2011-08-19,2.0090,1.3740,2.090249,0.000000,1.0000,
2011-08-22,1.9940,1.3640,2.074642,0.000000,1.0000,
2011-08-23,2.0280,1.3870,2.110017,0.000000,1.0000,
2011-08-24,2.0170,1.3790,2.098572,0.000000,1.0000,
2011-08-25,2.0870,1.4250,2.171403,0.000000,1.0000,
2011-08-26,2.0810,1.4210,2.165160,0.000000,1.0000,
2011-08-29,2.0470,1.3990,2.129785,0.000000,1.0000,
2011-08-30,2.0440,1.3970,2.126664,0.000000,1.0000,
2011-08-31,2.0500,1.4010,2.132907,0.000000,1.0000,
2011-09-01,2.0420,1.3960,2.124583,0.000000,1.0000,
2011-09-02,2.0180,1.3800,2.099612,0.000000,1.0000,
2011-09-05,1.9790,1.3540,2.059035,0.000000,1.0000,
2011-09-06,1.9710,1.3490,2.050712,0.000000,1.0000,
2011-09-07,2.0100,1.3750,2.091289,0.000000,1.0000,
2011-09-08,2.0000,1.3680,2.080885,0.000000,1.0000,
2011-09-09,2.0050,1.3710,2.086087,0.000000,1.0000,
2011-09-13,1.9930,1.3640,2.073601,0.000000,1.0000,
2011-09-14,2.0020,1.3700,2.082965,0.000000,1.0000,
2011-09-15,1.9950,1.3650,2.075682,0.000000,1.0000,
2011-09-16,1.9980,1.3670,2.078804,0.000000,1.0000,
2011-09-19,1.9620,1.3430,2.041348,0.000000,1.0000,
2011-09-20,1.9760,1.3520,2.055914,0.000000,1.0000,
2011-09-21,2.0270,1.3860,2.108976,0.000000,1.0000,
2011-09-22,1.9710,1.3490,2.050712,0.000000,1.0000,
2011-09-23,1.9660,1.3460,2.045509,0.000000,1.0000,
2011-09-26,1.9340,1.3250,2.012215,0.000000,1.0000,
2011-09-27,1.9560,1.3390,2.035105,0.000000,1.0000,
2011-09-28,1.9380,1.3280,2.016377,0.000000,1.0000,
2011-09-29,1.9310,1.3230,2.009094,0.000000,1.0000,
2011-09-30,1.9330,1.3240,2.011175,0.000000,1.0000,
2011-10-10,1.9210,1.3160,1.998690,0.000000,1.0000,
2011-10-11,1.9160,1.3130,1.993487,0.000000,1.0000,
2011-10-12,1.9710,1.3490,2.050712,0.000000,1.0000,
2011-10-13,1.9780,1.3540,2.057995,0.000000,1.0000,
2011-10-14,1.9750,1.3520,2.054873,0.000000,1.0000,
2011-10-17,1.9790,1.3540,2.059035,0.000000,1.0000,
2011-10-18,1.9320,1.3240,2.010134,0.000000,1.0000,
2011-10-19,1.9320,1.3240,2.010134,0.000000,1.0000,
2011-10-20,1.8960,1.3000,1.972679,0.000000,1.0000,
2011-10-21,1.8920,1.2970,1.968517,0.000000,1.0000,
2011-10-24,1.9030,1.3280,2.016377,0.035000,1.0000,每10份派现金0.3500元
2011-10-25,1.9310,1.3460,2.046045,0.000000,1.0000,
2011-10-26,1.9440,1.3540,2.059820,0.000000,1.0000,
2011-10-27,1.9500,1.3580,2.066177,0.000000,1.0000,
2011-10-28,1.9760,1.3750,2.093726,0.000000,1.0000,
2011-10-31,1.9650,1.3680,2.082071,0.000000,1.0000,
2011-11-01,1.9690,1.3710,2.086309,0.000000,1.0000,
2011-11-02,1.9960,1.3890,2.114918,0.000000,1.0000,
2011-11-03,1.9920,1.3860,2.110680,0.000000,1.0000,
2011-11-04,2.0060,1.3950,2.125514,0.000000,1.0000,
2011-11-07,1.9950,1.3880,2.113858,0.000000,1.0000,
2011-11-08,1.9980,1.3900,2.117037,0.000000,1.0000,
2011-11-09,2.0090,1.3970,2.128692,0.000000,1.0000,
2011-11-10,1.9730,1.3730,2.090548,0.000000,1.0000,
2011-11-11,1.9750,1.3750,2.092667,0.000000,1.0000,
2011-11-14,2.0110,1.3980,2.130812,0.000000,1.0000,
2011-11-15,2.0060,1.3950,2.125514,0.000000,1.0000,
2011-11-16,1.9560,1.3620,2.072535,0.000000,1.0000,
2011-11-17,1.9510,1.3590,2.067237,0.000000,1.0000,
2011-11-18,1.9180,1.3370,2.032271,0.000000,1.0000,
2011-11-21,1.9190,1.3380,2.033330,0.000000,1.0000,
2011-11-22,1.9160,1.3360,2.030152,0.000000,1.0000,
2011-11-23,1.8970,1.3240,2.010020,0.000000,1.0000,
2011-11-24,1.8970,1.3240,2.010020,0.000000,1.0000,
2011-11-25,1.8850,1.3160,1.997305,0.000000,1.0000,
2011-11-28,1.8910,1.3200,2.003662,0.000000,1.0000,
2011-11-29,1.9120,1.3330,2.025913,0.000000,1.0000,
2011-11-30,1.8550,1.2960,1.965517,0.000000,1.0000,
2011-12-01,1.8920,1.3200,2.004722,0.000000,1.0000,
2011-12-02,1.8700,1.3060,1.981411,0.000000,1.0000,
2011-12-05,1.8600,1.2990,1.970815,0.000000,1.0000,
2011-12-06,1.8600,1.2990,1.970815,0.000000,1.0000,
2011-12-07,1.8650,1.3030,1.976113,0.000000,1.0000,
2011-12-08,1.8610,1.3000,1.971875,0.000000,1.0000,
2011-12-09,1.8570,1.2970,1.967637,0.000000,1.0000,
2011-12-12,1.8420,1.2880,1.951743,0.000000,1.0000,
2011-12-13,1.8170,1.2710,1.925253,0.000000,1.0000,
2011-12-14,1.8040,1.2630,1.911479,0.000000,1.0000,
2011-12-15,1.7730,1.2420,1.878632,0.000000,1.0000,
2011-12-16,1.8010,1.2610,1.908300,0.000000,1.0000,
2011-12-19,1.7930,1.2560,1.899824,0.000000,1.0000,
2011-12-20,1.7830,1.2490,1.889228,0.000000,1.0000,
2011-12-21,1.7670,1.2380,1.872274,0.000000,1.0000,
2011-12-22,1.7680,1.2390,1.873334,0.000000,1.0000,
2011-12-23,1.7810,1.2480,1.887109,0.000000,1.0000,
2011-12-26,1.7720,1.2420,1.877572,0.000000,1.0000,
2011-12-27,1.7570,1.2320,1.861679,0.000000,1.0000,
2011-12-28,1.7640,1.2370,1.869096,0.000000,1.0000,
2011-12-29,1.7630,1.2360,1.868036,0.000000,1.0000,
2011-12-30,1.7820,1.2480,1.888168,0.000000,1.0000,
2011-12-31,1.7820,1.2480,1.888168,0.000000,1.0000,
2012-01-04,1.7590,1.2330,1.863798,0.000000,1.0000,
2012-01-05,1.7510,1.2280,1.855321,0.000000,1.0000,
2012-01-06,1.7640,1.2370,1.869096,0.000000,1.0000,
2012-01-09,1.8160,1.2710,1.924194,0.000000,1.0000,
2012-01-10,1.8590,1.2990,1.969756,0.000000,1.0000,
2012-01-11,1.8490,1.2920,1.959160,0.000000,1.0000,
2012-01-12,1.8510,1.2940,1.961279,0.000000,1.0000,
2012-01-13,1.8320,1.2810,1.941147,0.000000,1.0000,
2012-01-16,1.8140,1.2690,1.922075,0.000000,1.0000,
2012-01-17,1.8860,1.3160,1.998364,0.000000,1.0000,
2012-01-18,1.8640,1.3020,1.975054,0.000000,1.0000,
2012-01-19,1.8960,1.3230,2.008960,0.000000,1.0000,
2012-01-20,1.9150,1.3350,2.029092,0.000000,1.0000,
2012-01-30,1.8780,1.3110,1.989888,0.000000,1.0000,
2012-01-31,1.8820,1.3140,1.994126,0.000000,1.0000,
2012-02-01,1.8580,1.2980,1.968696,0.000000,1.0000,
2012-02-02,1.9000,1.3260,2.013198,0.000000,1.0000,
2012-02-03,1.9110,1.3330,2.024854,0.000000,1.0000,
2012-02-06,1.9050,1.3290,2.018496,0.000000,1.0000,
2012-02-07,1.8710,1.3070,1.982471,0.000000,1.0000,
2012-02-08,1.9200,1.3390,2.034390,0.000000,1.0000,
2012-02-09,1.9170,1.3370,2.031211,0.000000,1.0000,
2012-02-10,1.9140,1.3350,2.028032,0.000000,1.0000,
2012-02-13,1.9080,1.3310,2.021675,0.000000,1.0000,
2012-02-14,1.9010,1.3260,2.014258,0.000000,1.0000,
2012-02-15,1.9160,1.3360,2.030152,0.000000,1.0000,
2012-02-16,1.9100,1.3320,2.023794,0.000000,1.0000,
2012-02-17,1.9100,1.3320,2.023794,0.000000,1.0000,
2012-02-20,1.9090,1.3320,2.022735,0.000000,1.0000,
2012-02-21,1.9220,1.3400,2.036509,0.000000,1.0000,
2012-02-22,1.9440,1.3540,2.059820,0.000000,1.0000,
2012-02-23,1.9460,1.3560,2.061939,0.000000,1.0000,
2012-02-24,1.9740,1.3740,2.091607,0.000000,1.0000,
2012-02-27,1.9780,1.3770,2.095845,0.000000,1.0000,
2012-02-28,1.9830,1.3800,2.101143,0.000000,1.0000,
2012-02-29,1.9630,1.3670,2.079952,0.000000,1.0000,
2012-03-01,1.9630,1.3670,2.079952,0.000000,1.0000,
2012-03-02,1.9910,1.3850,2.109620,0.000000,1.0000,
2012-03-05,1.9810,1.3790,2.099024,0.000000,1.0000,
2012-03-06,1.9490,1.3580,2.065118,0.000000,1.0000,
2012-03-07,1.9360,1.3490,2.051343,0.000000,1.0000,
2012-03-08,1.9560,1.3620,2.072535,0.000000,1.0000,
2012-03-09,1.9690,1.3710,2.086309,0.000000,1.0000,
2012-03-12,1.9570,1.3630,2.073594,0.000000,1.0000,
2012-03-13,1.9740,1.3740,2.091607,0.000000,1.0000,
2012-03-14,1.9230,1.3410,2.037569,0.000000,1.0000,
2012-03-15,1.9130,1.3340,2.026973,0.000000,1.0000,
2012-03-16,1.9370,1.3500,2.052403,0.000000,1.0000,
2012-03-19,1.9400,1.3520,2.055582,0.000000,1.0000,
2012-03-20,1.9120,1.3330,2.025913,0.000000,1.0000,
2012-03-21,1.9150,1.3350,2.029092,0.000000,1.0000,
2012-03-22,1.9150,1.3350,2.029092,0.000000,1.0000,
2012-03-23,1.8970,1.3240,2.010020,0.000000,1.0000,
2012-03-26,1.9010,1.3260,2.014258,0.000000,1.0000,
2012-03-27,1.9010,1.3260,2.014258,0.000000,1.0000,
2012-03-28,1.8560,1.2970,1.966577,0.000000,1.0000,
2012-03-29,1.8340,1.2820,1.943266,0.000000,1.0000,
2012-03-30,1.8520,1.2940,1.962339,0.000000,1.0000,
2012-03-31,1.8520,1.2940,1.962339,0.000000,1.0000,
2012-04-05,1.8820,1.3140,1.994126,0.000000,1.0000,
2012-04-06,1.8840,1.3150,1.996245,0.000000,1.0000,
2012-04-09,1.8670,1.3040,1.978232,0.000000,1.0000,
2012-04-10,1.8850,1.3160,1.997305,0.000000,1.0000,
2012-04-11,1.8840,1.3150,1.996245,0.000000,1.0000,
2012-04-12,1.9200,1.3390,2.034390,0.000000,1.0000,
2012-04-13,1.9280,1.3440,2.042867,0.000000,1.0000,
2012-04-16,1.9240,1.3410,2.038628,0.000000,1.0000,
2012-04-17,1.8990,1.3250,2.012139,0.000000,1.0000,
2012-04-18,1.9420,1.3530,2.057701,0.000000,1.0000,
2012-04-19,1.9420,1.3530,2.057701,0.000000,1.0000,
2012-04-20,1.9660,1.3690,2.083131,0.000000,1.0000,
2012-04-23,1.9490,1.3580,2.065118,0.000000,1.0000,
2012-04-24,1.9560,1.3620,2.072535,0.000000,1.0000,
2012-04-25,1.9640,1.3680,2.081011,0.000000,1.0000,
2012-04-26,1.9600,1.3650,2.076773,0.000000,1.0000,
2012-04-27,1.9540,1.3610,2.070416,0.000000,1.0000,
2012-05-02,1.9880,1.3830,2.106441,0.000000,1.0000,
2012-05-03,1.9890,1.3840,2.107501,0.000000,1.0000,
2012-05-04,2.0000,1.3910,2.119156,0.000000,1.0000,
2012-05-07,1.9990,1.3900,2.118097,0.000000,1.0000,
2012-05-08,1.9900,1.3850,2.108560,0.000000,1.0000,
2012-05-09,1.9580,1.3640,2.074654,0.000000,1.0000,
2012-05-10,1.9580,1.3640,2.074654,0.000000,1.0000,
2012-05-11,1.9420,1.3530,2.057701,0.000000,1.0000,
2012-05-14,1.9290,1.3450,2.043926,0.000000,1.0000,
2012-05-15,1.9250,1.3420,2.039688,0.000000,1.0000,
2012-05-16,1.8980,1.3240,2.011079,0.000000,1.0000,
2012-05-17,1.9290,1.3450,2.043926,0.000000,1.0000,
2012-05-18,1.9050,1.3290,2.018496,0.000000,1.0000,
2012-05-21,1.9090,1.3320,2.022735,0.000000,1.0000,
2012-05-22,1.9330,1.3470,2.048164,0.000000,1.0000,
2012-05-23,1.9250,1.3420,2.039688,0.000000,1.0000,
2012-05-24,1.9130,1.3340,2.026973,0.000000,1.0000,
2012-05-25,1.9020,1.3270,2.015318,0.000000,1.0000,
2012-05-28,1.9230,1.3410,2.037569,0.000000,1.0000,
2012-05-29,1.9470,1.3560,2.062999,0.000000,1.0000,
2012-05-30,1.9400,1.3520,2.055582,0.000000,1.0000,
2012-05-31,1.9300,1.3450,2.044986,0.000000,1.0000,
2012-06-01,1.9300,1.3450,2.044986,0.000000,1.0000,
2012-06-04,1.8800,1.3130,1.992007,0.000000,1.0000,
2012-06-05,1.8820,1.3140,1.994126,0.000000,1.0000,
2012-06-06,1.8780,1.3110,1.989888,0.000000,1.0000,
2012-06-07,1.8680,1.3050,1.979292,0.000000,1.0000,
2012-06-08,1.8570,1.2970,1.967637,0.000000,1.0000,
2012-06-11,1.8780,1.3110,1.989888,0.000000,1.0000,
2012-06-12,1.8590,1.2990,1.969756,0.000000,1.0000,
2012-06-13,1.8840,1.3150,1.996245,0.000000,1.0000,
2012-06-14,1.8670,1.3040,1.978232,0.000000,1.0000,
2012-06-15,1.8850,1.3160,1.997305,0.000000,1.0000,
2012-06-18,1.8910,1.3200,2.003662,0.000000,1.0000,
2012-06-19,1.8790,1.3120,1.990947,0.000000,1.0000,
2012-06-20,1.8780,1.3110,1.989888,0.000000,1.0000,
2012-06-21,1.8430,1.2880,1.952802,0.000000,1.0000,
2012-06-25,1.8150,1.2700,1.923134,0.000000,1.0000,
2012-06-26,1.8160,1.2710,1.924194,0.000000,1.0000,
2012-06-27,1.8100,1.2670,1.917836,0.000000,1.0000,
2012-06-28,1.7920,1.2550,1.898764,0.000000,1.0000,
2012-06-29,1.8200,1.2730,1.928432,0.000000,1.0000,
2012-06-30,1.8200,1.2730,1.928432,0.000000,1.0000,
2012-07-02,1.8160,1.2710,1.924194,0.000000,1.0000,
2012-07-03,1.8160,1.2710,1.924194,0.000000,1.0000,
2012-07-04,1.8220,1.2750,1.930551,0.000000,1.0000,
2012-07-05,1.8000,1.2600,1.907241,0.000000,1.0000,
2012-07-06,1.8170,1.2710,1.925253,0.000000,1.0000,
2012-07-09,1.7720,1.2420,1.877572,0.000000,1.0000,
2012-07-10,1.7690,1.2400,1.874394,0.000000,1.0000,
2012-07-11,1.7820,1.2480,1.888168,0.000000,1.0000,
2012-07-12,1.7960,1.2570,1.903002,0.000000,1.0000,
2012-07-13,1.7950,1.2570,1.901943,0.000000,1.0000,
2012-07-16,1.7730,1.2420,1.878632,0.000000,1.0000,
2012-07-17,1.7880,1.2520,1.894526,0.000000,1.0000,
2012-07-18,1.7970,1.2580,1.904062,0.000000,1.0000,
2012-07-19,1.8040,1.2630,1.911479,0.000000,1.0000,
2012-07-20,1.7860,1.2510,1.892406,0.000000,1.0000,
2012-07-23,1.7570,1.2320,1.861679,0.000000,1.0000,
2012-07-24,1.7600,1.2340,1.864857,0.000000,1.0000,
2012-07-25,1.7500,1.2270,1.854262,0.000000,1.0000,
2012-07-26,1.7450,1.2240,1.848964,0.000000,1.0000,
2012-07-27,1.7550,1.2310,1.859560,0.000000,1.0000,
2012-07-30,1.7510,1.2280,1.855321,0.000000,1.0000,
2012-07-31,1.7540,1.2300,1.858500,0.000000,1.0000,
2012-08-01,1.7670,1.2380,1.872274,0.000000,1.0000,
2012-08-02,1.7590,1.2330,1.863798,0.000000,1.0000,
2012-08-03,1.7720,1.2420,1.877572,0.000000,1.0000,
2012-08-06,1.7860,1.2510,1.892406,0.000000,1.0000,
2012-08-07,1.7820,1.2480,1.888168,0.000000,1.0000,
2012-08-08,1.7880,1.2520,1.894526,0.000000,1.0000,
2012-08-09,1.7940,1.2560,1.900883,0.000000,1.0000,
2012-08-10,1.7870,1.2520,1.893466,0.000000,1.0000,
2012-08-13,1.7550,1.2310,1.859560,0.000000,1.0000,
2012-08-14,1.7550,1.2310,1.859560,0.000000,1.0000,
2012-08-15,1.7320,1.2160,1.835189,0.000000,1.0000,
2012-08-16,1.7290,1.2140,1.832011,0.000000,1.0000,
2012-08-17,1.7320,1.2160,1.835189,0.000000,1.0000,
2012-08-20,1.7250,1.2110,1.827772,0.000000,1.0000,
2012-08-21,1.7300,1.2140,1.833070,0.000000,1.0000,
2012-08-22,1.7250,1.2110,1.827772,0.000000,1.0000,
2012-08-23,1.7270,1.2120,1.829891,0.000000,1.0000,
2012-08-24,1.7110,1.2020,1.812938,0.000000,1.0000,
2012-08-27,1.6770,1.1800,1.776912,0.000000,1.0000,
2012-08-28,1.6970,1.1930,1.798104,0.000000,1.0000,
2012-08-29,1.6830,1.1830,1.783270,0.000000,1.0000,
2012-08-30,1.6940,1.1910,1.794925,0.000000,1.0000,
2012-08-31,1.6870,1.1860,1.787508,0.000000,1.0000,
2012-09-03,1.6950,1.1910,1.795985,0.000000,1.0000,
2012-09-04,1.6790,1.1810,1.779032,0.000000,1.0000,
2012-09-05,1.6700,1.1750,1.769495,0.000000,1.0000,
2012-09-06,1.6800,1.1810,1.780091,0.000000,1.0000,
2012-09-07,1.7460,1.2250,1.850023,0.000000,1.0000,
2012-09-10,1.7480,1.2260,1.852143,0.000000,1.0000,
2012-09-11,1.7330,1.2160,1.836249,0.000000,1.0000,
2012-09-12,1.7350,1.2180,1.838368,0.000000,1.0000,
2012-09-13,1.7230,1.2100,1.825653,0.000000,1.0000,
2012-09-14,1.7380,1.2190,1.841547,0.000000,1.0000,
2012-09-17,1.7020,1.1960,1.803402,0.000000,1.0000,
2012-09-18,1.6860,1.1850,1.786449,0.000000,1.0000,
2012-09-19,1.6920,1.1890,1.792806,0.000000,1.0000,
2012-09-20,1.6600,1.1680,1.758900,0.000000,1.0000,
2012-09-21,1.6650,1.1720,1.764198,0.000000,1.0000,
2012-09-24,1.6670,1.1730,1.766317,0.000000,1.0000,
2012-09-25,1.6670,1.1730,1.766317,0.000000,1.0000,
2012-09-26,1.6550,1.1650,1.753602,0.000000,1.0000,
2012-09-27,1.7030,1.1970,1.804461,0.000000,1.0000,
2012-09-28,1.7280,1.2130,1.830951,0.000000,1.0000,
2012-09-30,1.7280,1.2130,1.830951,0.000000,1.0000,
2012-10-08,1.7140,1.2040,1.816117,0.000000,1.0000,
2012-10-09,1.7450,1.2240,1.848964,0.000000,1.0000,
2012-10-10,1.7450,1.2240,1.848964,0.000000,1.0000,
2012-10-11,1.7310,1.2150,1.834130,0.000000,1.0000,
2012-10-12,1.7360,1.2180,1.839428,0.000000,1.0000,
2012-10-15,1.7330,1.2160,1.836249,0.000000,1.0000,
2012-10-16,1.7310,1.2150,1.834130,0.000000,1.0000,
2012-10-17,1.7350,1.2180,1.838368,0.000000,1.0000,
2012-10-18,1.7570,1.2320,1.861679,0.000000,1.0000,
2012-10-19,1.7510,1.2280,1.855321,0.000000,1.0000,
2012-10-22,1.7590,1.2330,1.863798,0.000000,1.0000,
2012-10-23,1.7380,1.2190,1.841547,0.000000,1.0000,
2012-10-24,1.7380,1.2190,1.841547,0.000000,1.0000,
2012-10-25,1.7250,1.2110,1.827772,0.000000,1.0000,
2012-10-26,1.7020,1.1960,1.803402,0.000000,1.0000,
2012-10-29,1.6930,1.1900,1.793866,0.000000,1.0000,
2012-10-30,1.6960,1.1920,1.797044,0.000000,1.0000,
2012-10-31,1.7040,1.1970,1.805521,0.000000,1.0000,
2012-11-01,1.7340,1.2170,1.837308,0.000000,1.0000,
2012-11-02,1.7460,1.2250,1.850023,0.000000,1.0000,
2012-11-05,1.7450,1.2240,1.848964,0.000000,1.0000,
2012-11-06,1.7400,1.2210,1.843666,0.000000,1.0000,
2012-11-07,1.7380,1.2190,1.841547,0.000000,1.0000,
2012-11-08,1.7100,1.2010,1.811879,0.000000,1.0000,
2012-11-09,1.7050,1.1980,1.806581,0.000000,1.0000,
2012-11-12,1.7170,1.2060,1.819296,0.000000,1.0000,
2012-11-13,1.6940,1.1910,1.794925,0.000000,1.0000,
2012-11-14,1.7020,1.1960,1.803402,0.000000,1.0000,
2012-11-15,1.6780,1.1800,1.777972,0.000000,1.0000,
2012-11-16,1.6670,1.1730,1.766317,0.000000,1.0000,
2012-11-19,1.6730,1.1770,1.772674,0.000000,1.0000,
2012-11-20,1.6640,1.1710,1.763138,0.000000,1.0000,
2012-11-21,1.6850,1.1850,1.785389,0.000000,1.0000,
2012-11-22,1.6760,1.1790,1.775853,0.000000,1.0000,
2012-11-23,1.6880,1.1870,1.788568,0.000000,1.0000,
2012-11-26,1.6780,1.1800,1.777972,0.000000,1.0000,
2012-11-27,1.6650,1.1720,1.764198,0.000000,1.0000,
2012-11-28,1.6570,1.1660,1.755721,0.000000,1.0000,
2012-11-29,1.6420,1.1570,1.739827,0.000000,1.0000,
2012-11-30,1.6570,1.1660,1.755721,0.000000,1.0000,
2012-12-03,1.6410,1.1560,1.738768,0.000000,1.0000,
2012-12-04,1.6560,1.1660,1.754661,0.000000,1.0000,
2012-12-05,1.7070,1.1990,1.808700,0.000000,1.0000,
2012-12-06,1.7110,1.2020,1.812938,0.000000,1.0000,
2012-12-07,1.7440,1.2230,1.847904,0.000000,1.0000,
2012-12-10,1.7570,1.2320,1.861679,0.000000,1.0000,
2012-12-11,1.7490,1.2270,1.853202,0.000000,1.0000,
2012-12-12,1.7530,1.2290,1.857440,0.000000,1.0000,
2012-12-13,1.7370,1.2190,1.840487,0.000000,1.0000,
2012-12-14,1.8240,1.2760,1.932670,0.000000,1.0000,
2012-12-17,1.8360,1.2840,1.945385,0.000000,1.0000,
2012-12-18,1.7960,1.2840,1.946445,0.041000,1.0000,每10份派现金0.4100元
2012-12-19,1.7980,1.2860,1.948612,0.000000,1.0000,
2012-12-20,1.8050,1.2900,1.956199,0.000000,1.0000,
2012-12-21,1.7890,1.2800,1.938859,0.000000,1.0000,
2012-12-24,1.7960,1.2840,1.946445,0.000000,1.0000,
2012-12-25,1.8530,1.3220,2.008220,0.000000,1.0000,
2012-12-26,1.8500,1.3200,2.004968,0.000000,1.0000,
2012-12-27,1.8390,1.3130,1.993047,0.000000,1.0000,
2012-12-28,1.8710,1.3330,2.027727,0.000000,1.0000,
2012-12-31,1.9100,1.3590,2.069994,0.000000,1.0000,
2013-01-04,1.9120,1.3600,2.072162,0.000000,1.0000,
2013-01-07,1.9300,1.3720,2.091670,0.000000,1.0000,
2013-01-08,1.9110,1.3600,2.071078,0.000000,1.0000,
2013-01-09,1.9060,1.3560,2.065659,0.000000,1.0000,
2013-01-10,1.9080,1.3580,2.067827,0.000000,1.0000,
2013-01-11,1.8730,1.3350,2.029895,0.000000,1.0000,
2013-01-14,1.9480,1.3840,2.111177,0.000000,1.0000,
2013-01-15,1.9500,1.3850,2.113345,0.000000,1.0000,
2013-01-16,1.9270,1.3700,2.088418,0.000000,1.0000,
2013-01-17,1.9120,1.3600,2.072162,0.000000,1.0000,
2013-01-18,1.9460,1.3830,2.109010,0.000000,1.0000,
2013-01-21,1.9670,1.3960,2.131769,0.000000,1.0000,
2013-01-22,1.9680,1.3970,2.132853,0.000000,1.0000,
2013-01-23,1.9800,1.4050,2.145858,0.000000,1.0000,
2013-01-24,1.9710,1.3990,2.136104,0.000000,1.0000,
2013-01-25,1.9630,1.3940,2.127434,0.000000,1.0000,
2013-01-28,2.0430,1.4460,2.214135,0.000000,1.0000,
2013-01-29,2.0720,1.4650,2.245565,0.000000,1.0000,
2013-01-30,2.0830,1.4720,2.257486,0.000000,1.0000,
2013-01-31,2.0900,1.4770,2.265072,0.000000,1.0000,
2013-02-01,2.1550,1.5200,2.335517,0.000000,1.0000,
2013-02-04,2.1670,1.5270,2.348522,0.000000,1.0000,
2013-02-05,2.1630,1.5250,2.344187,0.000000,1.0000,
2013-02-06,2.1660,1.5270,2.347439,0.000000,1.0000,
2013-02-07,2.1220,1.4980,2.299753,0.000000,1.0000,
2013-02-08,2.1110,1.4910,2.287831,0.000000,1.0000,
2013-02-18,2.0950,1.4800,2.270491,0.000000,1.0000,
2013-02-19,2.0740,1.4670,2.247732,0.000000,1.0000,
2013-02-20,2.0700,1.4640,2.243397,0.000000,1.0000,
2013-02-21,1.9850,1.4080,2.151277,0.000000,1.0000,
2013-02-22,1.9600,1.3920,2.124183,0.000000,1.0000,
2013-02-25,1.9740,1.4010,2.139355,0.000000,1.0000,
2013-02-26,1.9520,1.3870,2.115513,0.000000,1.0000,
2013-02-27,1.9840,1.4080,2.150193,0.000000,1.0000,
2013-02-28,2.0490,1.4500,2.220638,0.000000,1.0000,
2013-03-01,2.0380,1.4430,2.208716,0.000000,1.0000,
2013-03-04,1.9370,1.3770,2.099256,0.000000,1.0000,
2013-03-05,2.0270,1.4360,2.196795,0.000000,1.0000,
2013-03-06,2.0500,1.4510,2.221722,0.000000,1.0000,
2013-03-07,2.0180,1.4300,2.187041,0.000000,1.0000,
2013-03-08,2.0190,1.4300,2.188125,0.000000,1.0000,
2013-03-11,1.9930,1.4130,2.159947,0.000000,1.0000,
2013-03-12,1.9570,1.3900,2.120931,0.000000,1.0000,
2013-03-13,1.9410,1.3790,2.103591,0.000000,1.0000,
2013-03-14,1.9460,1.3830,2.109010,0.000000,1.0000,
2013-03-15,1.9570,1.3900,2.120931,0.000000,1.0000,
2013-03-18,1.9310,1.3730,2.092753,0.000000,1.0000,
2013-03-19,1.9570,1.3900,2.120931,0.000000,1.0000,
2013-03-20,2.0300,1.4380,2.200046,0.000000,1.0000,
2013-03-21,2.0290,1.4370,2.198963,0.000000,1.0000,
2013-03-22,2.0320,1.4390,2.202214,0.000000,1.0000,
2013-03-25,2.0240,1.4340,2.193544,0.000000,1.0000,
2013-03-26,1.9820,1.4060,2.148026,0.000000,1.0000,
2013-03-27,1.9910,1.4120,2.157779,0.000000,1.0000,
2013-03-28,1.9030,1.3540,2.062408,0.000000,1.0000,
2013-03-29,1.9110,1.3600,2.071078,0.000000,1.0000,
2013-04-01,1.9030,1.3540,2.062408,0.000000,1.0000,
2013-04-02,1.9010,1.3530,2.060240,0.000000,1.0000,
2013-04-03,1.9110,1.3600,2.071078,0.000000,1.0000,
2013-04-08,1.8940,1.3490,2.052654,0.000000,1.0000,
2013-04-09,1.9050,1.3560,2.064576,0.000000,1.0000,
2013-04-10,1.8950,1.3490,2.053738,0.000000,1.0000,
2013-04-11,1.8930,1.3480,2.051570,0.000000,1.0000,
2013-04-12,1.8810,1.3400,2.038565,0.000000,1.0000,
2013-04-15,1.8690,1.3320,2.025560,0.000000,1.0000,
2013-04-16,1.8710,1.3330,2.027727,0.000000,1.0000,
2013-04-17,1.8520,1.3210,2.007136,0.000000,1.0000,
2013-04-18,1.8600,1.3260,2.015806,0.000000,1.0000,
2013-04-19,1.9310,1.3730,2.092753,0.000000,1.0000,
2013-04-22,1.9350,1.3750,2.097089,0.000000,1.0000,
2013-04-23,1.8770,1.3370,2.034230,0.000000,1.0000,
2013-04-24,1.9110,1.3600,2.071078,0.000000,1.0000,
2013-04-25,1.8930,1.3480,2.051570,0.000000,1.0000,
2013-04-26,1.8800,1.3390,2.037481,0.000000,1.0000,
2013-05-02,1.8870,1.3440,2.045068,0.000000,1.0000,
2013-05-03,1.9220,1.3670,2.083000,0.000000,1.0000,
2013-05-06,1.9380,1.3770,2.100340,0.000000,1.0000,
2013-05-07,1.9390,1.3780,2.101424,0.000000,1.0000,
2013-05-08,1.9410,1.3790,2.103591,0.000000,1.0000,
2013-05-09,1.9290,1.3710,2.090586,0.000000,1.0000,
2013-05-10,1.9420,1.3800,2.104675,0.000000,1.0000,
2013-05-13,1.9370,1.3770,2.099256,0.000000,1.0000,
2013-05-14,1.9190,1.3650,2.079748,0.000000,1.0000,
2013-05-15,1.9280,1.3710,2.089502,0.000000,1.0000,
2013-05-16,1.9580,1.3900,2.122015,0.000000,1.0000,
2013-05-17,1.9800,1.4050,2.145858,0.000000,1.0000,
2013-05-20,2.0000,1.4180,2.167533,0.000000,1.0000,
2013-05-21,1.9900,1.4110,2.156696,0.000000,1.0000,
2013-05-22,1.9930,1.4130,2.159947,0.000000,1.0000,
2013-05-23,1.9570,1.3900,2.120931,0.000000,1.0000,
2013-05-24,1.9610,1.3920,2.125266,0.000000,1.0000,
2013-05-27,1.9590,1.3910,2.123099,0.000000,1.0000,
2013-05-28,1.9980,1.4170,2.165366,0.000000,1.0000,
2013-05-29,1.9900,1.4110,2.156696,0.000000,1.0000,
2013-05-30,1.9840,1.4080,2.150193,0.000000,1.0000,
2013-05-31,1.9710,1.3990,2.136104,0.000000,1.0000,
2013-06-03,1.9730,1.4000,2.138272,0.000000,1.0000,
2013-06-04,1.9570,1.3900,2.120931,0.000000,1.0000,
2013-06-05,1.9420,1.3800,2.104675,0.000000,1.0000,
2013-06-06,1.9170,1.3640,2.077581,0.000000,1.0000,
2013-06-07,1.8950,1.3490,2.053738,0.000000,1.0000,
2013-06-13,1.8410,1.3140,1.995214,0.000000,1.0000,
2013-06-14,1.8430,1.3150,1.997382,0.000000,1.0000,
2013-06-17,1.8290,1.3060,1.982209,0.000000,1.0000,
2013-06-18,1.8380,1.3120,1.991963,0.000000,1.0000,
2013-06-19,1.8150,1.2970,1.967037,0.000000,1.0000,
2013-06-20,1.7580,1.2590,1.905262,0.000000,1.0000,
2013-06-21,1.7610,1.2610,1.908513,0.000000,1.0000,
2013-06-24,1.6510,1.1890,1.789299,0.000000,1.0000,
2013-06-25,1.6480,1.1870,1.786047,0.000000,1.0000,
2013-06-26,1.6310,1.1760,1.767623,0.000000,1.0000,
2013-06-27,1.6440,1.1850,1.781712,0.000000,1.0000,
2013-06-28,1.6960,1.2190,1.838068,0.000000,1.0000,
2013-06-30,1.6960,1.2190,1.838068,0.000000,1.0000,
2013-07-01,1.6970,1.2190,1.839152,0.000000,1.0000,
2013-07-02,1.6910,1.2160,1.832649,0.000000,1.0000,
2013-07-03,1.6790,1.2080,1.819644,0.000000,1.0000,
2013-07-04,1.6870,1.2130,1.828314,0.000000,1.0000,
2013-07-05,1.6940,1.2180,1.835901,0.000000,1.0000,
2013-07-08,1.6620,1.1970,1.801220,0.000000,1.0000,
2013-07-09,1.6710,1.2020,1.810974,0.000000,1.0000,
2013-07-10,1.7050,1.2250,1.847822,0.000000,1.0000,
2013-07-11,1.8030,1.2890,1.954031,0.000000,1.0000,
2013-07-12,1.7530,1.2560,1.899843,0.000000,1.0000,
2013-07-15,1.7680,1.2660,1.916099,0.000000,1.0000,
2013-07-16,1.7710,1.2680,1.919351,0.000000,1.0000,
2013-07-17,1.7480,1.2530,1.894424,0.000000,1.0000,
2013-07-18,1.7140,1.2310,1.857576,0.000000,1.0000,
2013-07-19,1.6800,1.2080,1.820728,0.000000,1.0000,
2013-07-22,1.6820,1.2100,1.822896,0.000000,1.0000,
2013-07-23,1.7170,1.2330,1.860827,0.000000,1.0000,
2013-07-24,1.6950,1.2180,1.836985,0.000000,1.0000,
2013-07-25,1.6890,1.2140,1.830482,0.000000,1.0000,
2013-07-26,1.6820,1.2100,1.822896,0.000000,1.0000,
2013-07-29,1.6460,1.1860,1.783880,0.000000,1.0000,
2013-07-30,1.6670,1.2000,1.806639,0.000000,1.0000,
2013-07-31,1.6670,1.2000,1.806639,0.000000,1.0000,
2013-08-01,1.6990,1.2210,1.841320,0.000000,1.0000,
2013-08-02,1.6960,1.2190,1.838068,0.000000,1.0000,
2013-08-05,1.7110,1.2290,1.854325,0.000000,1.0000,
2013-08-06,1.7130,1.2300,1.856492,0.000000,1.0000,
2013-08-07,1.7050,1.2250,1.847822,0.000000,1.0000,
2013-08-08,1.6990,1.2210,1.841320,0.000000,1.0000,
2013-08-09,1.7010,1.2220,1.843487,0.000000,1.0000,
2013-08-12,1.7640,1.2630,1.911764,0.000000,1.0000,
2013-08-13,1.7780,1.2730,1.926937,0.000000,1.0000,
2013-08-14,1.7730,1.2690,1.921518,0.000000,1.0000,
2013-08-15,1.7610,1.2610,1.908513,0.000000,1.0000,
2013-08-16,1.7630,1.2630,1.910681,0.000000,1.0000,
2013-08-19,1.7820,1.2750,1.931272,0.000000,1.0000,
2013-08-20,1.7730,1.2690,1.921518,0.000000,1.0000,
2013-08-21,1.7650,1.2640,1.912848,0.000000,1.0000,
2013-08-22,1.7610,1.2610,1.908513,0.000000,1.0000,
2013-08-23,1.7410,1.2480,1.886838,0.000000,1.0000,
2013-08-26,1.7770,1.2720,1.925853,0.000000,1.0000,
2013-08-27,1.7760,1.2710,1.924770,0.000000,1.0000,
2013-08-28,1.7680,1.2660,1.916099,0.000000,1.0000,
2013-08-29,1.7630,1.2630,1.910681,0.000000,1.0000,
2013-08-30,1.7650,1.2640,1.912848,0.000000,1.0000,
2013-09-02,1.7690,1.2670,1.917183,0.000000,1.0000,
2013-09-03,1.7950,1.2840,1.945361,0.000000,1.0000,
2013-09-04,1.7970,1.2850,1.947529,0.000000,1.0000,
2013-09-05,1.7950,1.2840,1.945361,0.000000,1.0000,
2013-09-06,1.8130,1.2950,1.964869,0.000000,1.0000,
2013-09-09,1.9130,1.3610,2.073246,0.000000,1.0000,
2013-09-10,1.9320,1.3730,2.093837,0.000000,1.0000,
2013-09-11,1.9310,1.3730,2.092753,0.000000,1.0000,
2013-09-12,1.9630,1.3940,2.127434,0.000000,1.0000,
2013-09-13,1.9270,1.3700,2.088418,0.000000,1.0000,
2013-09-16,1.9230,1.3680,2.084083,0.000000,1.0000,
2013-09-17,1.8850,1.3430,2.042900,0.000000,1.0000,
2013-09-18,1.8850,1.3430,2.042900,0.000000,1.0000,
2013-09-23,1.8960,1.3500,2.054822,0.000000,1.0000,
2013-09-24,1.8550,1.3230,2.010387,0.000000,1.0000,
2013-09-25,1.8440,1.3160,1.998466,0.000000,1.0000,
2013-09-26,1.8150,1.2970,1.967037,0.000000,1.0000,
2013-09-27,1.8220,1.3010,1.974623,0.000000,1.0000,
2013-09-30,1.8320,1.3080,1.985461,0.000000,1.0000,
2013-10-08,1.8430,1.3150,1.997382,0.000000,1.0000,
2013-10-09,1.8550,1.3230,2.010387,0.000000,1.0000,
2013-10-10,1.8220,1.3010,1.974623,0.000000,1.0000,
2013-10-11,1.8560,1.3240,2.011471,0.000000,1.0000,
2013-10-14,1.8450,1.3160,1.999550,0.000000,1.0000,
2013-10-15,1.8330,1.3090,1.986544,0.000000,1.0000,
2013-10-16,1.8100,1.2940,1.961618,0.000000,1.0000,
2013-10-17,1.8040,1.2900,1.955115,0.000000,1.0000,
2013-10-18,1.8100,1.2940,1.961618,0.000000,1.0000,
2013-10-21,1.8310,1.3070,1.984377,0.000000,1.0000,
2013-10-22,1.8110,1.2940,1.962701,0.000000,1.0000,
2013-10-23,1.8080,1.2920,1.959450,0.000000,1.0000,
2013-10-24,1.7910,1.2810,1.941026,0.000000,1.0000,
2013-10-25,1.7840,1.2760,1.933440,0.000000,1.0000,
2013-10-28,1.7830,1.2760,1.932356,0.000000,1.0000,
2013-10-29,1.8130,1.2950,1.964869,0.000000,1.0000,
2013-10-30,1.8330,1.3090,1.986544,0.000000,1.0000,
2013-10-31,1.8080,1.2920,1.959450,0.000000,1.0000,
2013-11-01,1.8270,1.3050,1.980042,0.000000,1.0000,
2013-11-04,1.8190,1.2990,1.971372,0.000000,1.0000,
2013-11-05,1.8130,1.2950,1.964869,0.000000,1.0000,
2013-11-06,1.7910,1.2810,1.941026,0.000000,1.0000,
2013-11-07,1.7930,1.2820,1.943194,0.000000,1.0000,
2013-11-08,1.7730,1.2690,1.921518,0.000000,1.0000,
2013-11-11,1.7730,1.2690,1.921518,0.000000,1.0000,
2013-11-12,1.7890,1.2800,1.938859,0.000000,1.0000,
2013-11-13,1.7420,1.2490,1.887922,0.000000,1.0000,
2013-11-14,1.7400,1.2480,1.885754,0.000000,1.0000,
2013-11-15,1.7680,1.2660,1.916099,0.000000,1.0000,
2013-11-18,1.8440,1.3160,1.998466,0.000000,1.0000,
2013-11-19,1.8270,1.3050,1.980042,0.000000,1.0000,
2013-11-20,1.8310,1.3070,1.984377,0.000000,1.0000,
2013-11-21,1.8240,1.3030,1.976790,0.000000,1.0000,
2013-11-22,1.8190,1.2990,1.971372,0.000000,1.0000,
2013-11-25,1.8040,1.2900,1.955115,0.000000,1.0000,
2013-11-26,1.8020,1.2880,1.952948,0.000000,1.0000,
2013-11-27,1.8180,1.2990,1.970288,0.000000,1.0000,
2013-11-28,1.8300,1.3070,1.983293,0.000000,1.0000,
2013-11-29,1.8260,1.3040,1.978958,0.000000,1.0000,
2013-12-02,1.8530,1.3220,2.008220,0.000000,1.0000,
2013-12-03,1.8520,1.3210,2.007136,0.000000,1.0000,
2013-12-04,1.8660,1.3300,2.022309,0.000000,1.0000,
2013-12-05,1.8580,1.3250,2.013638,0.000000,1.0000,
2013-12-06,1.8480,1.3180,2.002801,0.000000,1.0000,
2013-12-09,1.8410,1.3140,1.995214,0.000000,1.0000,
2013-12-10,1.8490,1.3190,2.003885,0.000000,1.0000,
2013-12-11,1.8160,1.2970,1.968120,0.000000,1.0000,
2013-12-12,1.8070,1.2920,1.958366,0.000000,1.0000,
2013-12-13,1.7970,1.2850,1.947529,0.000000,1.0000,
2013-12-16,1.7780,1.2730,1.926937,0.000000,1.0000,
2013-12-17,1.7730,1.2690,1.921518,0.000000,1.0000,
2013-12-18,1.7700,1.2670,1.918267,0.000000,1.0000,
2013-12-19,1.7530,1.2560,1.899843,0.000000,1.0000,
2013-12-20,1.7160,1.2320,1.859744,0.000000,1.0000,
2013-12-23,1.7190,1.2340,1.862995,0.000000,1.0000,
2013-12-24,1.7220,1.2360,1.866246,0.000000,1.0000,
2013-12-25,1.7270,1.2390,1.871665,0.000000,1.0000,
2013-12-26,1.6990,1.2210,1.841320,0.000000,1.0000,
2013-12-27,1.7310,1.2420,1.876000,0.000000,1.0000,
2013-12-30,1.7230,1.2370,1.867330,0.000000,1.0000,
2013-12-31,1.7410,1.2480,1.886838,0.000000,1.0000,
2014-01-02,1.7340,1.2440,1.879251,0.000000,1.0000,
2014-01-03,1.7080,1.2270,1.851073,0.000000,1.0000,
2014-01-06,1.6710,1.2020,1.810974,0.000000,1.0000,
2014-01-07,1.6760,1.2060,1.816393,0.000000,1.0000,
2014-01-08,1.6730,1.2040,1.813142,0.000000,1.0000,
2014-01-09,1.6600,1.1950,1.799053,0.000000,1.0000,
2014-01-10,1.6550,1.1920,1.793634,0.000000,1.0000,
2014-01-13,1.6560,1.1930,1.794718,0.000000,1.0000,
2014-01-14,1.6670,1.2000,1.806639,0.000000,1.0000,
2014-01-15,1.6600,1.1950,1.799053,0.000000,1.0000,
2014-01-16,1.6640,1.1980,1.803388,0.000000,1.0000,
2014-01-17,1.6470,1.1870,1.784964,0.000000,1.0000,
2014-01-20,1.6350,1.1790,1.771959,0.000000,1.0000,
2014-01-21,1.5840,1.1840,1.780629,0.059000,1.0000,每10份派现金0.5900元
2014-01-22,1.6180,1.2060,1.818849,0.000000,1.0000,
2014-01-23,1.6070,1.1990,1.806484,0.000000,1.0000,
2014-01-24,1.6180,1.2060,1.818849,0.000000,1.0000,
2014-01-27,1.6060,1.1990,1.805360,0.000000,1.0000,
2014-01-28,1.6100,1.2010,1.809856,0.000000,1.0000,
2014-01-29,1.6250,1.2110,1.826718,0.000000,1.0000,
2014-01-30,1.6100,1.2010,1.809856,0.000000,1.0000,
2014-02-07,1.6150,1.2040,1.815477,0.000000,1.0000,
2014-02-10,1.6510,1.2280,1.855946,0.000000,1.0000,
2014-02-11,1.6660,1.2380,1.872808,0.000000,1.0000,
2014-02-12,1.6720,1.2420,1.879552,0.000000,1.0000,
2014-02-13,1.6710,1.2410,1.878428,0.000000,1.0000,
2014-02-14,1.6830,1.2490,1.891918,0.000000,1.0000,
2014-02-17,1.6890,1.2530,1.898663,0.000000,1.0000,
2014-02-18,1.6710,1.2410,1.878428,0.000000,1.0000,
2014-02-19,1.6910,1.2540,1.900911,0.000000,1.0000,
2014-02-20,1.6920,1.2550,1.902035,0.000000,1.0000,
2014-02-21,1.6730,1.2420,1.880677,0.000000,1.0000,
2014-02-24,1.6460,1.2250,1.850325,0.000000,1.0000,
2014-02-25,1.6120,1.2020,1.812104,0.000000,1.0000,
2014-02-26,1.6160,1.2050,1.816601,0.000000,1.0000,
2014-02-27,1.6330,1.2160,1.835711,0.000000,1.0000,
2014-02-28,1.6320,1.2160,1.834587,0.000000,1.0000,
2014-03-03,1.6440,1.2230,1.848077,0.000000,1.0000,
2014-03-04,1.6350,1.2180,1.837960,0.000000,1.0000,
2014-03-05,1.6210,1.2080,1.822222,0.000000,1.0000,
2014-03-06,1.6250,1.2110,1.826718,0.000000,1.0000,
2014-03-07,1.6200,1.2080,1.821097,0.000000,1.0000,
2014-03-10,1.5710,1.1760,1.766015,0.000000,1.0000,
2014-03-11,1.5720,1.1760,1.767139,0.000000,1.0000,
2014-03-12,1.5720,1.1760,1.767139,0.000000,1.0000,
2014-03-13,1.5970,1.1930,1.795242,0.000000,1.0000,
2014-03-14,1.5920,1.1890,1.789622,0.000000,1.0000,
2014-03-17,1.6070,1.1990,1.806484,0.000000,1.0000,
2014-03-18,1.6090,1.2000,1.808732,0.000000,1.0000,
2014-03-19,1.6020,1.1960,1.800863,0.000000,1.0000,
2014-03-20,1.5760,1.1790,1.771636,0.000000,1.0000,
2014-03-21,1.6180,1.2060,1.818849,0.000000,1.0000,
2014-03-24,1.6330,1.2160,1.835711,0.000000,1.0000,
2014-03-25,1.6320,1.2160,1.834587,0.000000,1.0000,
2014-03-26,1.6300,1.2140,1.832339,0.000000,1.0000,
2014-03-27,1.6180,1.2060,1.818849,0.000000,1.0000,
2014-03-28,1.6150,1.2040,1.815477,0.000000,1.0000,
2014-03-31,1.6110,1.2020,1.810980,0.000000,1.0000,
2014-04-01,1.6220,1.2090,1.823346,0.000000,1.0000,
2014-04-02,1.6330,1.2160,1.835711,0.000000,1.0000,
2014-04-03,1.6150,1.2040,1.815477,0.000000,1.0000,
2014-04-04,1.6250,1.2110,1.826718,0.000000,1.0000,
2014-04-08,1.6560,1.2310,1.861566,0.000000,1.0000,
2014-04-09,1.6630,1.2360,1.869435,0.000000,1.0000,
2014-04-10,1.6860,1.2510,1.895290,0.000000,1.0000,
2014-04-11,1.6860,1.2510,1.895290,0.000000,1.0000,
2014-04-14,1.6820,1.2480,1.890794,0.000000,1.0000,
2014-04-15,1.6550,1.2310,1.860442,0.000000,1.0000,
2014-04-16,1.6570,1.2320,1.862690,0.000000,1.0000,
2014-04-17,1.6530,1.2290,1.858194,0.000000,1.0000,
2014-04-18,1.6530,1.2290,1.858194,0.000000,1.0000,
2014-04-21,1.6280,1.2130,1.830091,0.000000,1.0000,
2014-04-22,1.6350,1.2180,1.837960,0.000000,1.0000,
2014-04-23,1.6340,1.2170,1.836835,0.000000,1.0000,
2014-04-24,1.6310,1.2150,1.833463,0.000000,1.0000,
2014-04-25,1.6190,1.2070,1.819973,0.000000,1.0000,
2014-04-28,1.6020,1.1960,1.800863,0.000000,1.0000,
2014-04-29,1.6180,1.2060,1.818849,0.000000,1.0000,
2014-04-30,1.6220,1.2090,1.823346,0.000000,1.0000,
2014-05-05,1.6220,1.2090,1.823346,0.000000,1.0000,
2014-05-06,1.6250,1.2110,1.826718,0.000000,1.0000,
2014-05-07,1.6110,1.2020,1.810980,0.000000,1.0000,
2014-05-08,1.6110,1.2020,1.810980,0.000000,1.0000,
2014-05-09,1.6060,1.1990,1.805360,0.000000,1.0000,
2014-05-12,1.6400,1.2210,1.843580,0.000000,1.0000,
2014-05-13,1.6340,1.2170,1.836835,0.000000,1.0000,
2014-05-14,1.6330,1.2160,1.835711,0.000000,1.0000,
2014-05-15,1.6190,1.2070,1.819973,0.000000,1.0000,
2014-05-16,1.6200,1.2080,1.821097,0.000000,1.0000,
2014-05-19,1.6060,1.1990,1.805360,0.000000,1.0000,
2014-05-20,1.6060,1.1990,1.805360,0.000000,1.0000,
2014-05-21,1.6220,1.2090,1.823346,0.000000,1.0000,
2014-05-22,1.6160,1.2050,1.816601,0.000000,1.0000,
2014-05-23,1.6260,1.2120,1.827842,0.000000,1.0000,
2014-05-26,1.6350,1.2180,1.837960,0.000000,1.0000,
2014-05-27,1.6320,1.2160,1.834587,0.000000,1.0000,
2014-05-28,1.6430,1.2230,1.846953,0.000000,1.0000,
2014-05-29,1.6290,1.2140,1.831215,0.000000,1.0000,
2014-05-30,1.6270,1.2120,1.828966,0.000000,1.0000,
2014-06-03,1.6260,1.2120,1.827842,0.000000,1.0000,
2014-06-04,1.6130,1.2030,1.813229,0.000000,1.0000,
2014-06-05,1.6270,1.2120,1.828966,0.000000,1.0000,
2014-06-06,1.6170,1.2060,1.817725,0.000000,1.0000,
2014-06-09,1.6170,1.2060,1.817725,0.000000,1.0000,
2014-06-10,1.6350,1.2180,1.837960,0.000000,1.0000,
2014-06-11,1.6360,1.2180,1.839084,0.000000,1.0000,
2014-06-12,1.6300,1.2140,1.832339,0.000000,1.0000,
2014-06-13,1.6470,1.2250,1.851449,0.000000,1.0000,
2014-06-16,1.6630,1.2360,1.869435,0.000000,1.0000,
2014-06-17,1.6520,1.2290,1.857070,0.000000,1.0000,
2014-06-18,1.6410,1.2210,1.844704,0.000000,1.0000,
2014-06-19,1.6160,1.2050,1.816601,0.000000,1.0000,
2014-06-20,1.6280,1.2130,1.830091,0.000000,1.0000,
2014-06-23,1.6260,1.2120,1.827842,0.000000,1.0000,
2014-06-24,1.6300,1.2140,1.832339,0.000000,1.0000,
2014-06-25,1.6270,1.2120,1.828966,0.000000,1.0000,
2014-06-26,1.6350,1.2180,1.837960,0.000000,1.0000,
2014-06-27,1.6360,1.2180,1.839084,0.000000,1.0000,
2014-06-30,1.6500,1.2270,1.854822,0.000000,1.0000,
2014-07-01,1.6480,1.2260,1.852573,0.000000,1.0000,
2014-07-02,1.6560,1.2310,1.861566,0.000000,1.0000,
2014-07-03,1.6610,1.2350,1.867187,0.000000,1.0000,
2014-07-04,1.6590,1.2330,1.864939,0.000000,1.0000,
2014-07-07,1.6580,1.2330,1.863815,0.000000,1.0000,
2014-07-08,1.6650,1.2370,1.871684,0.000000,1.0000,
2014-07-09,1.6430,1.2230,1.846953,0.000000,1.0000,
2014-07-10,1.6430,1.2230,1.846953,0.000000,1.0000,
2014-07-11,1.6510,1.2280,1.855946,0.000000,1.0000,
2014-07-14,1.6720,1.2420,1.879552,0.000000,1.0000,
2014-07-15,1.6750,1.2440,1.882925,0.000000,1.0000,
2014-07-16,1.6750,1.2440,1.882925,0.000000,1.0000,
2014-07-17,1.6670,1.2380,1.873932,0.000000,1.0000,
2014-07-18,1.6720,1.2420,1.879552,0.000000,1.0000,
2014-07-21,1.6690,1.2400,1.876180,0.000000,1.0000,
2014-07-22,1.6880,1.2520,1.897539,0.000000,1.0000,
2014-07-23,1.6900,1.2540,1.899787,0.000000,1.0000,
2014-07-24,1.7190,1.2730,1.932387,0.000000,1.0000,
2014-07-25,1.7350,1.2830,1.950373,0.000000,1.0000,
2014-07-28,1.7770,1.3110,1.997587,0.000000,1.0000,
2014-07-29,1.7820,1.3140,2.003207,0.000000,1.0000,
2014-07-30,1.7740,1.3090,1.994214,0.000000,1.0000,
2014-07-31,1.7950,1.3220,2.017821,0.000000,1.0000,
2014-08-01,1.7850,1.3160,2.006580,0.000000,1.0000,
2014-08-04,1.8150,1.3350,2.040304,0.000000,1.0000,
2014-08-05,1.8140,1.3350,2.039180,0.000000,1.0000,
2014-08-06,1.8110,1.3330,2.035807,0.000000,1.0000,
2014-08-07,1.7860,1.3160,2.007704,0.000000,1.0000,
2014-08-08,1.7930,1.3210,2.015573,0.000000,1.0000,
2014-08-11,1.8250,1.3420,2.051545,0.000000,1.0000,
2014-08-12,1.8220,1.3400,2.048173,0.000000,1.0000,
2014-08-13,1.8220,1.3400,2.048173,0.000000,1.0000,
2014-08-14,1.8080,1.3310,2.032435,0.000000,1.0000,
2014-08-15,1.8190,1.3380,2.044800,0.000000,1.0000,
2014-08-18,1.8260,1.3430,2.052669,0.000000,1.0000,
2014-08-19,1.8310,1.3460,2.058290,0.000000,1.0000,
2014-08-20,1.8240,1.3410,2.050421,0.000000,1.0000,
2014-08-21,1.8110,1.3330,2.035807,0.000000,1.0000,
2014-08-22,1.8180,1.3370,2.043676,0.000000,1.0000,
2014-08-25,1.8040,1.3280,2.027938,0.000000,1.0000,
2014-08-26,1.7910,1.3200,2.013324,0.000000,1.0000,
2014-08-27,1.7880,1.3180,2.009952,0.000000,1.0000,
2014-08-28,1.7780,1.3110,1.998711,0.000000,1.0000,
2014-08-29,1.7970,1.3240,2.020069,0.000000,1.0000,
2014-09-01,1.8090,1.3320,2.033559,0.000000,1.0000,
2014-09-02,1.8300,1.3450,2.057166,0.000000,1.0000,
2014-09-03,1.8450,1.3550,2.074028,0.000000,1.0000,
2014-09-04,1.8560,1.3620,2.086393,0.000000,1.0000,
2014-09-05,1.8790,1.3770,2.112248,0.000000,1.0000,
2014-09-09,1.8780,1.3770,2.111124,0.000000,1.0000,
2014-09-10,1.8670,1.3700,2.098759,0.000000,1.0000,
2014-09-11,1.8660,1.3690,2.097635,0.000000,1.0000,
2014-09-12,1.8760,1.3750,2.108876,0.000000,1.0000,
2014-09-15,1.8810,1.3790,2.114497,0.000000,1.0000,
2014-09-16,1.8510,1.3590,2.080772,0.000000,1.0000,
2014-09-17,1.8560,1.3620,2.086393,0.000000,1.0000,
2014-09-18,1.8630,1.3670,2.094262,0.000000,1.0000,
2014-09-19,1.8730,1.3730,2.105503,0.000000,1.0000,
2014-09-22,1.8460,1.3560,2.075152,0.000000,1.0000,
2014-09-23,1.8550,1.3620,2.085269,0.000000,1.0000,
2014-09-24,1.8830,1.3800,2.116745,0.000000,1.0000,
2014-09-25,1.8840,1.3810,2.117869,0.000000,1.0000,
2014-09-26,1.8840,1.3810,2.117869,0.000000,1.0000,
2014-09-29,1.8950,1.3880,2.130234,0.000000,1.0000,
2014-09-30,1.9020,1.3920,2.138103,0.000000,1.0000,
2014-10-08,1.9130,1.4000,2.150469,0.000000,1.0000,
2014-10-09,1.9130,1.4000,2.150469,0.000000,1.0000,
2014-10-10,1.8990,1.3900,2.134731,0.000000,1.0000,
2014-10-13,1.8870,1.3830,2.121241,0.000000,1.0000,
2014-10-14,1.8840,1.3810,2.117869,0.000000,1.0000,
2014-10-15,1.8930,1.3870,2.127986,0.000000,1.0000,
2014-10-16,1.8860,1.3820,2.120117,0.000000,1.0000,
2014-10-17,1.8800,1.3780,2.113372,0.000000,1.0000,
2014-10-20,1.8910,1.3850,2.125738,0.000000,1.0000,
2014-10-21,1.8750,1.3750,2.107752,0.000000,1.0000,
2014-10-22,1.8640,1.3680,2.095386,0.000000,1.0000,
2014-10-23,1.8430,1.3540,2.071779,0.000000,1.0000,
2014-10-24,1.8420,1.3530,2.070655,0.000000,1.0000,
2014-10-27,1.8270,1.3430,2.053793,0.000000,1.0000,
2014-10-28,1.8630,1.3670,2.094262,0.000000,1.0000,
2014-10-29,1.8940,1.3870,2.129110,0.000000,1.0000,
2014-10-30,1.9220,1.4060,2.160586,0.000000,1.0000,
2014-10-31,1.9530,1.4260,2.195434,0.000000,1.0000,
2014-11-03,1.9670,1.4350,2.211172,0.000000,1.0000,
2014-11-04,1.9640,1.4330,2.207800,0.000000,1.0000,
2014-11-05,1.9610,1.4310,2.204427,0.000000,1.0000,
2014-11-06,1.9660,1.4340,2.210048,0.000000,1.0000,
2014-11-07,1.9620,1.4320,2.205551,0.000000,1.0000,
2014-11-10,2.0170,1.4680,2.267379,0.000000,1.0000,
2014-11-11,2.0130,1.4650,2.262882,0.000000,1.0000,
2014-11-12,2.0400,1.4830,2.293234,0.000000,1.0000,
2014-11-13,2.0330,1.4780,2.285365,0.000000,1.0000,
2014-11-14,2.0270,1.4740,2.278620,0.000000,1.0000,
2014-11-17,2.0240,1.4720,2.275248,0.000000,1.0000,
2014-11-18,2.0040,1.4590,2.252765,0.000000,1.0000,
2014-11-19,1.9940,1.4530,2.241524,0.000000,1.0000,
2014-11-20,1.9930,1.4520,2.240400,0.000000,1.0000,
2014-11-21,2.0230,1.4720,2.274124,0.000000,1.0000,
2014-11-24,2.0570,1.4940,2.312344,0.000000,1.0000,
2014-11-25,2.0960,1.5200,2.356185,0.000000,1.0000,
2014-11-26,2.1150,1.5320,2.377544,0.000000,1.0000,
2014-11-27,2.1250,1.5390,2.388785,0.000000,1.0000,
2014-11-28,2.1790,1.5740,2.449489,0.000000,1.0000,
2014-12-01,2.1830,1.5770,2.453985,0.000000,1.0000,
2014-12-02,2.2500,1.6210,2.529302,0.000000,1.0000,
2014-12-03,2.2550,1.6240,2.534923,0.000000,1.0000,
2014-12-04,2.3500,1.6860,2.641715,0.000000,1.0000,
2014-12-05,2.3630,1.6950,2.656329,0.000000,1.0000,
2014-12-08,2.4290,1.7380,2.730522,0.000000,1.0000,
2014-12-09,2.3200,1.6660,2.607991,0.000000,1.0000,
2014-12-10,2.4140,1.7280,2.713660,0.000000,1.0000,
2014-12-11,2.4170,1.7300,2.717032,0.000000,1.0000,
2014-12-12,2.4130,1.7270,2.712536,0.000000,1.0000,
2014-12-15,2.4090,1.7250,2.708039,0.000000,1.0000,
2014-12-16,2.4630,1.7600,2.768743,0.000000,1.0000,
2014-12-17,2.5030,1.7860,2.813708,0.000000,1.0000,
2014-12-18,2.5000,1.7840,2.810336,0.000000,1.0000,
2014-12-19,2.5800,1.8370,2.900266,0.000000,1.0000,
2014-12-22,2.6280,1.8680,2.954225,0.000000,1.0000,
2014-12-23,2.5180,1.7960,2.830570,0.000000,1.0000,
2014-12-24,2.4620,1.7590,2.767619,0.000000,1.0000,
2014-12-25,2.5500,1.8170,2.866542,0.000000,1.0000,
2014-12-26,2.6000,1.8500,2.922749,0.000000,1.0000,
2014-12-29,2.5940,1.8460,2.916004,0.000000,1.0000,
2014-12-30,2.5710,1.8310,2.890149,0.000000,1.0000,
2014-12-31,2.6280,1.8680,2.954225,0.000000,1.0000,
2015-01-05,2.7380,1.9400,3.077880,0.000000,1.0000,
2015-01-06,2.7480,1.9470,3.089121,0.000000,1.0000,
2015-01-07,2.7370,1.9400,3.076755,0.000000,1.0000,
2015-01-08,2.6640,1.8920,2.994694,0.000000,1.0000,
2015-01-09,2.6500,1.8830,2.978956,0.000000,1.0000,
2015-01-12,2.5900,1.8430,2.911508,0.000000,1.0000,
2015-01-13,2.6030,1.8520,2.926121,0.000000,1.0000,
2015-01-14,2.5960,1.8470,2.918253,0.000000,1.0000,
2015-01-15,2.6750,1.8990,3.007059,0.000000,1.0000,
2015-01-16,2.6930,1.9110,3.027294,0.000000,1.0000,
2015-01-19,2.4620,1.7590,2.767619,0.000000,1.0000,
2015-01-20,2.4300,1.7910,2.821577,0.080000,1.0000,每10份派现金0.8000元
2015-01-21,2.5290,1.8560,2.936530,0.000000,1.0000,
2015-01-22,2.5320,1.8580,2.940014,0.000000,1.0000,
2015-01-23,2.5280,1.8550,2.935369,0.000000,1.0000,
2015-01-26,2.5530,1.8710,2.964398,0.000000,1.0000,
2015-01-27,2.5410,1.8640,2.950464,0.000000,1.0000,
2015-01-28,2.5180,1.8490,2.923758,0.000000,1.0000,
2015-01-29,2.5000,1.8370,2.902857,0.000000,1.0000,
2015-01-30,2.4680,1.8160,2.865700,0.000000,1.0000,
2015-02-02,2.4030,1.7730,2.790226,0.000000,1.0000,
2015-02-03,2.4450,1.8010,2.838994,0.000000,1.0000,
2015-02-04,2.4260,1.7880,2.816932,0.000000,1.0000,
2015-02-05,2.3830,1.7600,2.767003,0.000000,1.0000,
2015-02-06,2.3240,1.7210,2.698496,0.000000,1.0000,
2015-02-09,2.3250,1.7220,2.699657,0.000000,1.0000,
2015-02-10,2.3710,1.7520,2.753070,0.000000,1.0000,
2015-02-11,2.3790,1.7570,2.762359,0.000000,1.0000,
2015-02-12,2.3810,1.7590,2.764681,0.000000,1.0000,
2015-02-13,2.4080,1.7760,2.796032,0.000000,1.0000,
2015-02-16,2.4200,1.7840,2.809966,0.000000,1.0000,
2015-02-17,2.4420,1.7990,2.835511,0.000000,1.0000,
2015-02-25,2.4380,1.7960,2.830866,0.000000,1.0000,
2015-02-26,2.4980,1.8350,2.900535,0.000000,1.0000,
2015-02-27,2.5010,1.8370,2.904018,0.000000,1.0000,
2015-03-02,2.5300,1.8560,2.937691,0.000000,1.0000,
2015-03-03,2.4930,1.8320,2.894729,0.000000,1.0000,
2015-03-04,2.5010,1.8370,2.904018,0.000000,1.0000,
2015-03-05,2.4690,1.8160,2.866862,0.000000,1.0000,
2015-03-06,2.4700,1.8170,2.868023,0.000000,1.0000,
2015-03-09,2.5370,1.8610,2.945819,0.000000,1.0000,
2015-03-10,2.5270,1.8540,2.934208,0.000000,1.0000,
2015-03-11,2.5320,1.8580,2.940014,0.000000,1.0000,
2015-03-12,2.5840,1.8920,3.000393,0.000000,1.0000,
2015-03-13,2.6040,1.9050,3.023616,0.000000,1.0000,
2015-03-16,2.6540,1.9380,3.081673,0.000000,1.0000,
2015-03-17,2.7010,1.9680,3.136247,0.000000,1.0000,
2015-03-18,2.7800,2.0200,3.227977,0.000000,1.0000,
2015-03-19,2.7910,2.0270,3.240750,0.000000,1.0000,
2015-03-20,2.8170,2.0440,3.270939,0.000000,1.0000,
2015-03-23,2.8800,2.0860,3.344091,0.000000,1.0000,
2015-03-24,2.9070,2.1030,3.375442,0.000000,1.0000,
2015-03-25,2.8790,2.0850,3.342930,0.000000,1.0000,
2015-03-26,2.8730,2.0810,3.335963,0.000000,1.0000,
2015-03-27,2.8900,2.0920,3.355703,0.000000,1.0000,
2015-03-30,2.9650,2.1410,3.442788,0.000000,1.0000,
2015-03-31,2.9300,2.1190,3.402148,0.000000,1.0000,
2015-04-01,2.9850,2.1550,3.466011,0.000000,1.0000,
2015-04-02,3.0260,2.1810,3.513618,0.000000,1.0000,
2015-04-03,3.0790,2.2160,3.575159,0.000000,1.0000,
2015-04-07,3.1860,2.2860,3.699401,0.000000,1.0000,
2015-04-08,3.2330,2.3170,3.753975,0.000000,1.0000,
2015-04-09,3.2070,2.3000,3.723785,0.000000,1.0000,
2015-04-10,3.2890,2.3540,3.818999,0.000000,1.0000,
2015-04-13,3.3300,2.3810,3.866605,0.000000,1.0000,
2015-04-14,3.3490,2.3930,3.888667,0.000000,1.0000,
2015-04-15,3.3010,2.3620,3.832932,0.000000,1.0000,
2015-04-16,3.3950,2.4230,3.942080,0.000000,1.0000,
2015-04-17,3.4400,2.4530,3.994331,0.000000,1.0000,
2015-04-20,3.3590,2.4000,3.900279,0.000000,1.0000,
2015-04-21,3.4170,2.4380,3.967625,0.000000,1.0000,
2015-04-22,3.5140,2.5010,4.080256,0.000000,1.0000,
2015-04-23,3.5340,2.5140,4.103479,0.000000,1.0000,
2015-04-24,3.4710,2.4730,4.030327,0.000000,1.0000,
2015-04-27,3.5380,2.5170,4.108123,0.000000,1.0000,
2015-04-28,3.4750,2.4760,4.034971,0.000000,1.0000,
2015-04-29,3.4860,2.4830,4.047744,0.000000,1.0000,
2015-04-30,3.4710,2.4730,4.030327,0.000000,1.0000,
2015-05-04,3.5350,2.5150,4.104640,0.000000,1.0000,
2015-05-05,3.3700,2.4070,3.913051,0.000000,1.0000,
2015-05-06,3.2960,2.3580,3.827127,0.000000,1.0000,
2015-05-07,3.1830,2.2840,3.695917,0.000000,1.0000,
2015-05-08,3.2600,2.3350,3.785325,0.000000,1.0000,
2015-05-11,3.3690,2.4060,3.911890,0.000000,1.0000,
2015-05-12,3.4110,2.4340,3.960658,0.000000,1.0000,
2015-05-13,3.3940,2.4230,3.940919,0.000000,1.0000,
2015-05-14,3.3970,2.4250,3.944402,0.000000,1.0000,
2015-05-15,3.3440,2.3900,3.882861,0.000000,1.0000,
2015-05-18,3.3130,2.3690,3.846866,0.000000,1.0000,
2015-05-19,3.4150,2.4360,3.965303,0.000000,1.0000,
2015-05-20,3.4470,2.4570,4.002459,0.000000,1.0000,
2015-05-21,3.5290,2.5110,4.097673,0.000000,1.0000,
2015-05-22,3.6170,2.5690,4.199853,0.000000,1.0000,
2015-05-25,3.7390,2.6490,4.341513,0.000000,1.0000,
2015-05-26,3.7990,2.6880,4.411181,0.000000,1.0000,
2015-05-27,3.8000,2.6890,4.412343,0.000000,1.0000,
2015-05-28,3.5360,2.5160,4.105801,0.000000,1.0000,
2015-05-29,3.5310,2.5120,4.099995,0.000000,1.0000,
2015-06-01,3.7510,2.6560,4.355447,0.000000,1.0000,
2015-06-02,3.8360,2.7120,4.454144,0.000000,1.0000,
2015-06-03,3.8280,2.7070,4.444855,0.000000,1.0000,
2015-06-04,3.8850,2.7440,4.511040,0.000000,1.0000,
2015-06-05,3.9660,2.7970,4.605092,0.000000,1.0000,
2015-06-08,4.0560,2.8560,4.709595,0.000000,1.0000,
2015-06-09,4.0630,2.8610,4.717723,0.000000,1.0000,
2015-06-10,4.0510,2.8530,4.703789,0.000000,1.0000,
2015-06-11,4.0520,2.8540,4.704951,0.000000,1.0000,
2015-06-12,4.1480,2.9170,4.816420,0.000000,1.0000,
2015-06-15,4.1340,2.9070,4.800164,0.000000,1.0000,
2015-06-16,3.9720,2.8010,4.612059,0.000000,1.0000,
2015-06-17,4.0690,2.8650,4.724690,0.000000,1.0000,
2015-06-18,3.9790,2.8060,4.620187,0.000000,1.0000,
2015-06-19,3.7100,2.6300,4.307840,0.000000,1.0000,
2015-06-23,3.7480,2.6550,4.351963,0.000000,1.0000,
2015-06-24,3.8610,2.7290,4.483172,0.000000,1.0000,
2015-06-25,3.7220,2.6370,4.321773,0.000000,1.0000,
2015-06-26,3.4380,2.4510,3.992009,0.000000,1.0000,
2015-06-29,3.3490,2.3930,3.888667,0.000000,1.0000,
2015-06-30,3.5390,2.5180,4.109284,0.000000,1.0000,
2015-07-01,3.3210,2.3750,3.856155,0.000000,1.0000,
2015-07-02,3.1760,2.2800,3.687789,0.000000,1.0000,
2015-07-03,2.9590,2.1380,3.435822,0.000000,1.0000,
2015-07-06,3.0500,2.1970,3.541485,0.000000,1.0000,
2015-07-07,3.0040,2.1670,3.488073,0.000000,1.0000,
2015-07-08,2.8210,2.0470,3.275584,0.000000,1.0000,
2015-07-09,3.0140,2.1740,3.499684,0.000000,1.0000,
2015-07-10,3.1880,2.2880,3.701723,0.000000,1.0000,
2015-07-13,3.2890,2.3540,3.818999,0.000000,1.0000,
2015-07-14,3.2260,2.3120,3.745847,0.000000,1.0000,
2015-07-15,3.0990,2.2290,3.598381,0.000000,1.0000,
2015-07-16,3.1170,2.2410,3.619282,0.000000,1.0000,
2015-07-17,3.2220,2.3100,3.741202,0.000000,1.0000,
2015-07-20,3.2300,2.3150,3.750491,0.000000,1.0000,
2015-07-21,3.2590,2.3340,3.784164,0.000000,1.0000,
2015-07-22,3.2520,2.3300,3.776036,0.000000,1.0000,
2015-07-23,3.3140,2.3700,3.848027,0.000000,1.0000,
2015-07-24,3.2580,2.3330,3.783003,0.000000,1.0000,
2015-07-27,2.9850,2.1550,3.466011,0.000000,1.0000,
2015-07-28,2.9750,2.1480,3.454400,0.000000,1.0000,
2015-07-29,3.0890,2.2230,3.586770,0.000000,1.0000,
2015-07-30,3.0300,2.1840,3.518263,0.000000,1.0000,
2015-07-31,3.0300,2.1840,3.518263,0.000000,1.0000,
2015-08-03,3.0780,2.2150,3.573997,0.000000,1.0000,
2015-08-04,3.1660,2.2730,3.676178,0.000000,1.0000,
2015-08-05,3.0970,2.2280,3.596059,0.000000,1.0000,
2015-08-06,3.0710,2.2110,3.565869,0.000000,1.0000,
2015-08-07,3.1240,2.2460,3.627410,0.000000,1.0000,
2015-08-10,3.2590,2.3340,3.784164,0.000000,1.0000,
2015-08-11,3.2500,2.3280,3.773714,0.000000,1.0000,
2015-08-12,3.1840,2.2850,3.697079,0.000000,1.0000,
2015-08-13,3.2390,2.3210,3.760941,0.000000,1.0000,
2015-08-14,3.2290,2.3140,3.749330,0.000000,1.0000,
2015-08-17,3.2750,2.3450,3.802743,0.000000,1.0000,
2015-08-18,3.0530,2.1990,3.544969,0.000000,1.0000,
2015-08-19,3.1170,2.2410,3.619282,0.000000,1.0000,
2015-08-20,3.0090,2.1700,3.493879,0.000000,1.0000,
2015-08-21,2.8570,2.0710,3.317385,0.000000,1.0000,
2015-08-24,2.5930,1.8980,3.010843,0.000000,1.0000,
2015-08-25,2.3810,1.7590,2.764681,0.000000,1.0000,
2015-08-26,2.3780,1.7570,2.761198,0.000000,1.0000,
2015-08-27,2.5280,1.8550,2.935369,0.000000,1.0000,
2015-08-28,2.6510,1.9360,3.078190,0.000000,1.0000,
2015-08-31,2.6420,1.9300,3.067739,0.000000,1.0000,
2015-09-01,2.6290,1.9210,3.052644,0.000000,1.0000,
2015-09-02,2.6580,1.9400,3.086318,0.000000,1.0000,
2015-09-07,2.5710,1.8830,2.985298,0.000000,1.0000,
2015-09-08,2.6460,1.9320,3.072384,0.000000,1.0000,
2015-09-09,2.6940,1.9640,3.128119,0.000000,1.0000,
2015-09-10,2.6450,1.9320,3.071223,0.000000,1.0000,
2015-09-11,2.6360,1.9260,3.060772,0.000000,1.0000,
2015-09-14,2.5620,1.8770,2.974848,0.000000,1.0000,
2015-09-15,2.4620,1.8120,2.858734,0.000000,1.0000,
2015-09-16,2.5870,1.8940,3.003876,0.000000,1.0000,
2015-09-17,2.5230,1.8520,2.929563,0.000000,1.0000,
2015-09-18,2.5320,1.8580,2.940014,0.000000,1.0000,
2015-09-21,2.5680,1.8810,2.981815,0.000000,1.0000,
2015-09-22,2.5860,1.8930,3.002715,0.000000,1.0000,
2015-09-23,2.5190,1.8490,2.924919,0.000000,1.0000,
2015-09-24,2.5420,1.8640,2.951625,0.000000,1.0000,
2015-09-25,2.5060,1.8410,2.909824,0.000000,1.0000,
2015-09-28,2.5170,1.8480,2.922596,0.000000,1.0000,
2015-09-29,2.4640,1.8130,2.861056,0.000000,1.0000,
2015-09-30,2.4860,1.8280,2.886601,0.000000,1.0000,
2015-10-08,2.5520,1.8710,2.963236,0.000000,1.0000,
2015-10-09,2.5820,1.8900,2.998071,0.000000,1.0000,
2015-10-12,2.6690,1.9470,3.099090,0.000000,1.0000,
2015-10-13,2.6700,1.9480,3.100251,0.000000,1.0000,
2015-10-14,2.6340,1.9250,3.058450,0.000000,1.0000,
2015-10-15,2.6990,1.9670,3.133924,0.000000,1.0000,
2015-10-16,2.7400,1.9940,3.181531,0.000000,1.0000,
2015-10-19,2.7510,2.0010,3.194304,0.000000,1.0000,
2015-10-20,2.7670,2.0120,3.212882,0.000000,1.0000,
2015-10-21,2.6890,1.9610,3.122313,0.000000,1.0000,
2015-10-22,2.7230,1.9830,3.161792,0.000000,1.0000,
2015-10-23,2.7630,2.0090,3.208238,0.000000,1.0000,
2015-10-26,2.7750,2.0170,3.222171,0.000000,1.0000,
2015-10-27,2.7760,2.0180,3.223332,0.000000,1.0000,
2015-10-28,2.7490,2.0000,3.191982,0.000000,1.0000,
2015-10-29,2.7570,2.0050,3.201271,0.000000,1.0000,
2015-10-30,2.7440,1.9970,3.186176,0.000000,1.0000,
2015-11-02,2.7000,1.9680,3.135086,0.000000,1.0000,
2015-11-03,2.6840,1.9570,3.116507,0.000000,1.0000,
2015-11-04,2.7880,2.0250,3.237266,0.000000,1.0000,
2015-11-05,2.8480,2.0650,3.306935,0.000000,1.0000,
2015-11-06,2.8910,2.0930,3.356864,0.000000,1.0000,
2015-11-09,2.9420,2.1260,3.416082,0.000000,1.0000,
2015-11-10,2.9490,2.1310,3.424210,0.000000,1.0000,
2015-11-11,2.9440,2.1280,3.418404,0.000000,1.0000,
2015-11-12,2.9030,2.1010,3.370798,0.000000,1.0000,
2015-11-13,2.8640,2.0750,3.325513,0.000000,1.0000,
2015-11-16,2.8930,2.0940,3.359186,0.000000,1.0000,
2015-11-17,2.8930,2.0940,3.359186,0.000000,1.0000,
2015-11-18,2.8760,2.0830,3.339447,0.000000,1.0000,
2015-11-19,2.9060,2.1030,3.374281,0.000000,1.0000,
2015-11-20,2.9070,2.1030,3.375442,0.000000,1.0000,
2015-11-23,2.9030,2.1010,3.370798,0.000000,1.0000,
2015-11-24,2.9010,2.1000,3.368475,0.000000,1.0000,
2015-11-25,2.9270,2.1170,3.398665,0.000000,1.0000,
2015-11-26,2.9130,2.1070,3.382409,0.000000,1.0000,
2015-11-27,2.7680,2.0120,3.214043,0.000000,1.0000,
2015-11-30,2.7770,2.0180,3.224494,0.000000,1.0000,
2015-12-01,2.7810,2.0210,3.229138,0.000000,1.0000,
2015-12-02,2.8680,2.0780,3.330158,0.000000,1.0000,
2015-12-03,2.8930,2.0940,3.359186,0.000000,1.0000,
2015-12-04,2.8310,2.0540,3.287195,0.000000,1.0000,
2015-12-07,2.8390,2.0590,3.296484,0.000000,1.0000,
2015-12-08,2.7800,2.0200,3.227977,0.000000,1.0000,
2015-12-09,2.7900,2.0270,3.239588,0.000000,1.0000,
2015-12-10,2.7730,2.0160,3.219849,0.000000,1.0000,
2015-12-11,2.7490,2.0000,3.191982,0.000000,1.0000,
2015-12-14,2.8100,2.0400,3.262811,0.000000,1.0000,
2015-12-15,2.7980,2.0320,3.248878,0.000000,1.0000,
2015-12-16,2.7940,2.0290,3.244233,0.000000,1.0000,
2015-12-17,2.8470,2.0640,3.305774,0.000000,1.0000,
2015-12-18,2.8450,2.0630,3.303451,0.000000,1.0000,
2015-12-21,2.9160,2.1090,3.385892,0.000000,1.0000,
2015-12-22,2.9230,2.1140,3.394020,0.000000,1.0000,
2015-12-23,2.9170,2.1100,3.387054,0.000000,1.0000,
2015-12-24,2.8880,2.0910,3.353380,0.000000,1.0000,
2015-12-25,2.9000,2.0990,3.367314,0.000000,1.0000,
2015-12-28,2.8270,2.0510,3.282551,0.000000,1.0000,
2015-12-29,2.8490,2.0650,3.308096,0.000000,1.0000,
2015-12-30,2.8550,2.0690,3.315063,0.000000,1.0000,
2015-12-31,2.8360,2.0570,3.293001,0.000000,1.0000,
2016-01-04,2.6530,1.9370,3.080512,0.000000,1.0000,
2016-01-05,2.6680,1.9470,3.097929,0.000000,1.0000,
2016-01-06,2.7370,1.9920,3.178048,0.000000,1.0000,
2016-01-07,2.5540,1.8720,2.965559,0.000000,1.0000,
2016-01-08,2.6200,1.9150,3.042194,0.000000,1.0000,
2016-01-11,2.4870,1.8280,2.887762,0.000000,1.0000,
2016-01-12,2.4860,1.8280,2.886601,0.000000,1.0000,
2016-01-13,2.4460,1.8010,2.840155,0.000000,1.0000,
2016-01-14,2.4930,1.8320,2.894729,0.000000,1.0000,
2016-01-15,2.4050,1.7740,2.792548,0.000000,1.0000,
2016-01-18,2.4020,1.7730,2.789065,0.000000,1.0000,
2016-01-19,2.4720,1.8180,2.870345,0.000000,1.0000,
2016-01-20,2.3860,1.7950,2.828544,0.050000,1.0000,每10份派现金0.5000元
2016-01-21,2.3180,1.7500,2.747932,0.000000,1.0000,
2016-01-22,2.3450,1.7680,2.779939,0.000000,1.0000,
2016-01-25,2.3610,1.7780,2.798907,0.000000,1.0000,
2016-01-26,2.2150,1.6830,2.625828,0.000000,1.0000,
2016-01-27,2.2110,1.6800,2.621086,0.000000,1.0000,
2016-01-28,2.1590,1.6460,2.559441,0.000000,1.0000,
2016-01-29,2.2170,1.6840,2.628199,0.000000,1.0000,
2016-02-01,2.1860,1.6640,2.591449,0.000000,1.0000,
2016-02-02,2.2270,1.6910,2.640053,0.000000,1.0000,
2016-02-03,2.2130,1.6810,2.623457,0.000000,1.0000,
2016-02-04,2.2380,1.6980,2.653093,0.000000,1.0000,
2016-02-05,2.2340,1.6950,2.648352,0.000000,1.0000,
2016-02-15,2.2190,1.6850,2.630569,0.000000,1.0000,
2016-02-16,2.2810,1.7260,2.704069,0.000000,1.0000,
2016-02-17,2.3050,1.7420,2.732520,0.000000,1.0000,
2016-02-18,2.3040,1.7410,2.731335,0.000000,1.0000,
2016-02-19,2.2950,1.7350,2.720666,0.000000,1.0000,
2016-02-22,2.3470,1.7690,2.782310,0.000000,1.0000,
2016-02-23,2.3290,1.7570,2.760972,0.000000,1.0000,
2016-02-24,2.3420,1.7660,2.776383,0.000000,1.0000,
2016-02-25,2.1990,1.6720,2.606860,0.000000,1.0000,
2016-02-26,2.2250,1.6890,2.637682,0.000000,1.0000,
2016-02-29,2.1880,1.6650,2.593820,0.000000,1.0000,
2016-03-01,2.2240,1.6890,2.636497,0.000000,1.0000,
2016-03-02,2.3220,1.7530,2.752673,0.000000,1.0000,
2016-03-03,2.3290,1.7570,2.760972,0.000000,1.0000,
2016-03-04,2.3530,1.7730,2.789423,0.000000,1.0000,
2016-03-07,2.3700,1.7840,2.809576,0.000000,1.0000,
2016-03-08,2.3690,1.7840,2.808391,0.000000,1.0000,
2016-03-09,2.3420,1.7660,2.776383,0.000000,1.0000,
2016-03-10,2.2960,1.7360,2.721851,0.000000,1.0000,
2016-03-11,2.2970,1.7360,2.723037,0.000000,1.0000,
2016-03-14,2.3280,1.7570,2.759786,0.000000,1.0000,
2016-03-15,2.3410,1.7650,2.775197,0.000000,1.0000,
2016-03-16,2.3600,1.7780,2.797721,0.000000,1.0000,
2016-03-17,2.3740,1.7870,2.814318,0.000000,1.0000,
2016-03-18,2.3980,1.8030,2.842770,0.000000,1.0000,
2016-03-21,2.4270,1.8220,2.877148,0.000000,1.0000,
2016-03-22,2.4180,1.8160,2.866479,0.000000,1.0000,
2016-03-23,2.4120,1.8120,2.859366,0.000000,1.0000,
2016-03-24,2.3720,1.7860,2.811947,0.000000,1.0000,
2016-03-25,2.3870,1.7950,2.829729,0.000000,1.0000,
2016-03-28,2.3730,1.7860,2.813133,0.000000,1.0000,
2016-03-29,2.3470,1.7690,2.782310,0.000000,1.0000,
2016-03-30,2.4040,1.8070,2.849882,0.000000,1.0000,
2016-03-31,2.4050,1.8070,2.851068,0.000000,1.0000,
2016-04-01,2.4150,1.8140,2.862923,0.000000,1.0000,
2016-04-05,2.4500,1.8370,2.904414,0.000000,1.0000,
2016-04-06,2.4490,1.8360,2.903229,0.000000,1.0000,
2016-04-07,2.4150,1.8140,2.862923,0.000000,1.0000,
2016-04-08,2.4020,1.8050,2.847511,0.000000,1.0000,
2016-04-11,2.4400,1.8300,2.892559,0.000000,1.0000,
2016-04-12,2.4310,1.8240,2.881890,0.000000,1.0000,
2016-04-13,2.4670,1.8480,2.924567,0.000000,1.0000,
2016-04-14,2.4740,1.8520,2.932866,0.000000,1.0000,
2016-04-15,2.4680,1.8490,2.925753,0.000000,1.0000,
2016-04-18,2.4450,1.8330,2.898487,0.000000,1.0000,
2016-04-19,2.4510,1.8370,2.905600,0.000000,1.0000,
2016-04-20,2.4160,1.8140,2.864108,0.000000,1.0000,
2016-04-21,2.4080,1.8090,2.854624,0.000000,1.0000,
2016-04-22,2.4090,1.8100,2.855810,0.000000,1.0000,
2016-04-25,2.4130,1.8120,2.860552,0.000000,1.0000,
2016-04-26,2.4220,1.8180,2.871221,0.000000,1.0000,
2016-04-27,2.4060,1.8080,2.852253,0.000000,1.0000,
2016-04-28,2.4070,1.8090,2.853439,0.000000,1.0000,
2016-04-29,2.3990,1.8030,2.843955,0.000000,1.0000,
2016-05-03,2.4300,1.8240,2.880705,0.000000,1.0000,
2016-05-04,2.4210,1.8180,2.870035,0.000000,1.0000,
2016-05-05,2.4190,1.8160,2.867665,0.000000,1.0000,
2016-05-06,2.3560,1.7750,2.792980,0.000000,1.0000,
2016-05-09,2.2930,1.7340,2.718295,0.000000,1.0000,
2016-05-10,2.2910,1.7330,2.715924,0.000000,1.0000,
2016-05-11,2.3050,1.7420,2.732520,0.000000,1.0000,
2016-05-12,2.3110,1.7460,2.739633,0.000000,1.0000,
2016-05-13,2.3120,1.7460,2.740819,0.000000,1.0000,
2016-05-16,2.3240,1.7540,2.755044,0.000000,1.0000,
2016-05-17,2.3170,1.7500,2.746746,0.000000,1.0000,
2016-05-18,2.2960,1.7360,2.721851,0.000000,1.0000,
2016-05-19,2.2950,1.7350,2.720666,0.000000,1.0000,
2016-05-20,2.3020,1.7400,2.728964,0.000000,1.0000,
2016-05-23,2.3090,1.7440,2.737262,0.000000,1.0000,
2016-05-24,2.2970,1.7360,2.723037,0.000000,1.0000,
2016-05-25,2.2980,1.7370,2.724222,0.000000,1.0000,
2016-05-26,2.3020,1.7400,2.728964,0.000000,1.0000,
2016-05-27,2.3100,1.7450,2.738448,0.000000,1.0000,
2016-05-30,2.3150,1.7480,2.744375,0.000000,1.0000,
2016-05-31,2.3770,1.7890,2.817875,0.000000,1.0000,
2016-06-01,2.3700,1.7840,2.809576,0.000000,1.0000,
2016-06-02,2.3750,1.7880,2.815504,0.000000,1.0000,
2016-06-03,2.3830,1.7930,2.824987,0.000000,1.0000,
2016-06-06,2.3800,1.7910,2.821431,0.000000,1.0000,
2016-06-07,2.3760,1.7880,2.816689,0.000000,1.0000,
2016-06-08,2.3680,1.7830,2.807205,0.000000,1.0000,
2016-06-13,2.3090,1.7440,2.737262,0.000000,1.0000,
2016-06-14,2.3160,1.7490,2.745561,0.000000,1.0000,
2016-06-15,2.3420,1.7660,2.776383,0.000000,1.0000,
2016-06-16,2.3270,1.7560,2.758601,0.000000,1.0000,
2016-06-17,2.3420,1.7660,2.776383,0.000000,1.0000,
2016-06-20,2.3440,1.7670,2.778754,0.000000,1.0000,
2016-06-21,2.3430,1.7670,2.777568,0.000000,1.0000,
2016-06-22,2.3610,1.7780,2.798907,0.000000,1.0000,
2016-06-23,2.3510,1.7720,2.787052,0.000000,1.0000,
2016-06-24,2.3210,1.7520,2.751488,0.000000,1.0000,
2016-06-27,2.3450,1.7680,2.779939,0.000000,1.0000,
2016-06-28,2.3500,1.7710,2.785867,0.000000,1.0000,
2016-06-29,2.3620,1.7790,2.800092,0.000000,1.0000,
2016-06-30,2.3650,1.7810,2.803649,0.000000,1.0000,
2016-07-01,2.3720,1.7860,2.811947,0.000000,1.0000,
2016-07-04,2.4150,1.8140,2.862923,0.000000,1.0000,
2016-07-05,2.4240,1.8200,2.873592,0.000000,1.0000,
2016-07-06,2.4230,1.8190,2.872406,0.000000,1.0000,
2016-07-07,2.4230,1.8190,2.872406,0.000000,1.0000,
2016-07-08,2.4110,1.8110,2.858181,0.000000,1.0000,
2016-07-11,2.4200,1.8170,2.868850,0.000000,1.0000,
2016-07-12,2.4810,1.8570,2.941164,0.000000,1.0000,
2016-07-13,2.4940,1.8660,2.956575,0.000000,1.0000,
2016-07-14,2.4830,1.8580,2.943535,0.000000,1.0000,
2016-07-15,2.4900,1.8630,2.951833,0.000000,1.0000,
2016-07-18,2.4990,1.8690,2.962503,0.000000,1.0000,
2016-07-19,2.4910,1.8640,2.953019,0.000000,1.0000,
2016-07-20,2.4830,1.8580,2.943535,0.000000,1.0000,
2016-07-21,2.5010,1.8700,2.964873,0.000000,1.0000,
2016-07-22,2.4810,1.8570,2.941164,0.000000,1.0000,
2016-07-25,2.4910,1.8640,2.953019,0.000000,1.0000,
2016-07-26,2.5200,1.8830,2.987398,0.000000,1.0000,
2016-07-27,2.4980,1.8680,2.961317,0.000000,1.0000,
2016-07-28,2.5220,1.8840,2.989768,0.000000,1.0000,
2016-07-29,2.5170,1.8810,2.983841,0.000000,1.0000,
2016-08-01,2.5030,1.8710,2.967244,0.000000,1.0000,
2016-08-02,2.5110,1.8770,2.976728,0.000000,1.0000,
2016-08-03,2.5120,1.8770,2.977914,0.000000,1.0000,
2016-08-04,2.5110,1.8770,2.976728,0.000000,1.0000,
2016-08-05,2.5120,1.8770,2.977914,0.000000,1.0000,
2016-08-08,2.5380,1.8940,3.008736,0.000000,1.0000,
2016-08-09,2.5570,1.9070,3.031260,0.000000,1.0000,
2016-08-10,2.5490,1.9020,3.021776,0.000000,1.0000,
2016-08-11,2.5430,1.8980,3.014663,0.000000,1.0000,
2016-08-12,2.6010,1.9360,3.083421,0.000000,1.0000,
2016-08-15,2.6590,1.9740,3.152179,0.000000,1.0000,
2016-08-16,2.6330,1.9570,3.121356,0.000000,1.0000,
2016-08-17,2.6390,1.9610,3.128469,0.000000,1.0000,
2016-08-18,2.6310,1.9550,3.118985,0.000000,1.0000,
2016-08-19,2.6380,1.9600,3.127284,0.000000,1.0000,
2016-08-22,2.6240,1.9510,3.110687,0.000000,1.0000,
2016-08-23,2.6220,1.9490,3.108316,0.000000,1.0000,
2016-08-24,2.6180,1.9470,3.103574,0.000000,1.0000,
2016-08-25,2.6040,1.9380,3.086977,0.000000,1.0000,
2016-08-26,2.6010,1.9360,3.083421,0.000000,1.0000,
2016-08-29,2.6000,1.9350,3.082236,0.000000,1.0000,
2016-08-30,2.6050,1.9380,3.088163,0.000000,1.0000,
2016-08-31,2.6160,1.9460,3.101203,0.000000,1.0000,
2016-09-01,2.5980,1.9340,3.079865,0.000000,1.0000,
2016-09-02,2.6050,1.9380,3.088163,0.000000,1.0000,
2016-09-05,2.6130,1.9440,3.097647,0.000000,1.0000,
2016-09-06,2.6220,1.9490,3.108316,0.000000,1.0000,
2016-09-07,2.6270,1.9530,3.114243,0.000000,1.0000,
2016-09-08,2.6340,1.9570,3.122542,0.000000,1.0000,
2016-09-09,2.6130,1.9440,3.097647,0.000000,1.0000,
2016-09-12,2.5750,1.9190,3.052599,0.000000,1.0000,
2016-09-13,2.5710,1.9160,3.047857,0.000000,1.0000,
2016-09-14,2.5470,1.9000,3.019405,0.000000,1.0000,
2016-09-19,2.5710,1.9160,3.047857,0.000000,1.0000,
2016-09-20,2.5770,1.9200,3.054970,0.000000,1.0000,
2016-09-21,2.5770,1.9200,3.054970,0.000000,1.0000,
2016-09-22,2.5950,1.9320,3.076308,0.000000,1.0000,
2016-09-23,2.5840,1.9250,3.063268,0.000000,1.0000,
2016-09-26,2.5480,1.9010,3.020591,0.000000,1.0000,
2016-09-27,2.5590,1.9080,3.033631,0.000000,1.0000,
2016-09-28,2.5550,1.9060,3.028889,0.000000,1.0000,
2016-09-29,2.5620,1.9100,3.037187,0.000000,1.0000,
2016-09-30,2.5610,1.9090,3.036002,0.000000,1.0000,
2016-10-10,2.6010,1.9360,3.083421,0.000000,1.0000,
2016-10-11,2.6090,1.9410,3.092905,0.000000,1.0000,
2016-10-12,2.6000,1.9350,3.082236,0.000000,1.0000,
2016-10-13,2.6100,1.9420,3.094090,0.000000,1.0000,
2016-10-14,2.6100,1.9420,3.094090,0.000000,1.0000,
2016-10-17,2.5930,1.9300,3.073937,0.000000,1.0000,
2016-10-18,2.6300,1.9550,3.117800,0.000000,1.0000,
2016-10-19,2.6290,1.9540,3.116614,0.000000,1.0000,
2016-10-20,2.6300,1.9550,3.117800,0.000000,1.0000,
2016-10-21,2.6460,1.9650,3.136767,0.000000,1.0000,
2016-10-24,2.6780,1.9860,3.174703,0.000000,1.0000,
2016-10-25,2.6810,1.9880,3.178259,0.000000,1.0000,
2016-10-26,2.6590,1.9740,3.152179,0.000000,1.0000,
2016-10-27,2.6580,1.9730,3.150993,0.000000,1.0000,
2016-10-28,2.6480,1.9660,3.139138,0.000000,1.0000,
2016-10-31,2.6460,1.9650,3.136767,0.000000,1.0000,
2016-11-01,2.6600,1.9740,3.153364,0.000000,1.0000,
2016-11-02,2.6360,1.9590,3.124913,0.000000,1.0000,
2016-11-03,2.6570,1.9720,3.149808,0.000000,1.0000,
2016-11-04,2.6530,1.9700,3.145066,0.000000,1.0000,
2016-11-07,2.6660,1.9780,3.160477,0.000000,1.0000,
2016-11-08,2.6760,1.9850,3.172332,0.000000,1.0000,
2016-11-09,2.6600,1.9740,3.153364,0.000000,1.0000,
2016-11-10,2.6950,1.9970,3.194856,0.000000,1.0000,
2016-11-11,2.7100,2.0070,3.212638,0.000000,1.0000,
2016-11-14,2.7170,2.0120,3.220936,0.000000,1.0000,
2016-11-15,2.7100,2.0070,3.212638,0.000000,1.0000,
2016-11-16,2.7110,2.0080,3.213823,0.000000,1.0000,
2016-11-17,2.7200,2.0140,3.224493,0.000000,1.0000,
2016-11-18,2.7110,2.0080,3.213823,0.000000,1.0000,
2016-11-21,2.7340,2.0230,3.241089,0.000000,1.0000,
2016-11-22,2.7610,2.0410,3.273097,0.000000,1.0000,
2016-11-23,2.7630,2.0420,3.275468,0.000000,1.0000,
2016-11-24,2.7740,2.0490,3.288508,0.000000,1.0000,
2016-11-25,2.8030,2.0680,3.322887,0.000000,1.0000,
2016-11-28,2.8190,2.0790,3.341855,0.000000,1.0000,
2016-11-29,2.8370,2.0900,3.363193,0.000000,1.0000,
2016-11-30,2.7980,2.0650,3.316960,0.000000,1.0000,
2016-12-01,2.8250,2.0820,3.348967,0.000000,1.0000,
2016-12-02,2.8030,2.0680,3.322887,0.000000,1.0000,
2016-12-05,2.7720,2.0480,3.286137,0.000000,1.0000,
2016-12-06,2.7620,2.0410,3.274283,0.000000,1.0000,
2016-12-07,2.7760,2.0500,3.290879,0.000000,1.0000,
2016-12-08,2.7770,2.0510,3.292065,0.000000,1.0000,
2016-12-09,2.8000,2.0660,3.319331,0.000000,1.0000,
2016-12-12,2.7610,2.0410,3.273097,0.000000,1.0000,
2016-12-13,2.7420,2.0280,3.250573,0.000000,1.0000,
2016-12-14,2.7270,2.0180,3.232791,0.000000,1.0000,
2016-12-15,2.6780,1.9860,3.174703,0.000000,1.0000,
2016-12-16,2.6790,1.9870,3.175888,0.000000,1.0000,
2016-12-19,2.6730,1.9830,3.168775,0.000000,1.0000,
2016-12-20,2.6570,1.9720,3.149808,0.000000,1.0000,
2016-12-21,2.6840,1.9900,3.181815,0.000000,1.0000,
2016-12-22,2.6880,1.9930,3.186557,0.000000,1.0000,
2016-12-23,2.6650,1.9780,3.159291,0.000000,1.0000,
2016-12-26,2.6710,1.9820,3.166404,0.000000,1.0000,
2016-12-27,2.6640,1.9770,3.158106,0.000000,1.0000,
2016-12-28,2.6570,1.9720,3.149808,0.000000,1.0000,
2016-12-29,2.6540,1.9700,3.146251,0.000000,1.0000,
2016-12-30,2.6660,1.9780,3.160477,0.000000,1.0000,
2016-12-31,2.6660,1.9780,3.160477,0.000000,1.0000,
2017-01-03,2.6890,1.9930,3.187743,0.000000,1.0000,
2017-01-04,2.7090,2.0060,3.211452,0.000000,1.0000,
2017-01-05,2.7130,2.0090,3.216194,0.000000,1.0000,
2017-01-06,2.7070,2.0050,3.209081,0.000000,1.0000,
2017-01-09,2.7200,2.0140,3.224493,0.000000,1.0000,
2017-01-10,2.7100,2.0070,3.212638,0.000000,1.0000,
2017-01-11,2.6910,1.9950,3.190114,0.000000,1.0000,
2017-01-12,2.6810,1.9880,3.178259,0.000000,1.0000,
2017-01-13,2.6960,1.9980,3.196041,0.000000,1.0000,
2017-01-16,2.7240,2.0160,3.229234,0.000000,1.0000,
2017-01-17,2.7200,2.0140,3.224493,0.000000,1.0000,
2017-01-18,2.7330,2.0220,3.239904,0.000000,1.0000,
2017-01-19,2.7270,2.0180,3.232791,0.000000,1.0000,
2017-01-20,2.7440,2.0290,3.252944,0.000000,1.0000,
2017-01-23,2.6520,2.0290,3.251758,0.091000,1.0000,每10份派现金0.9100元
2017-01-24,2.6660,2.0380,3.268925,0.000000,1.0000,
2017-01-25,2.6730,2.0430,3.277508,0.000000,1.0000,
2017-01-26,2.6750,2.0440,3.279960,0.000000,1.0000,
2017-02-03,2.6530,2.0290,3.252985,0.000000,1.0000,
2017-02-06,2.6610,2.0350,3.262794,0.000000,1.0000,
2017-02-07,2.6620,2.0350,3.264020,0.000000,1.0000,
2017-02-08,2.6690,2.0400,3.272603,0.000000,1.0000,
2017-02-09,2.6790,2.0460,3.284865,0.000000,1.0000,
2017-02-10,2.6960,2.0580,3.305709,0.000000,1.0000,
2017-02-13,2.7040,2.0630,3.315518,0.000000,1.0000,
2017-02-14,2.6980,2.0590,3.308162,0.000000,1.0000,
2017-02-15,2.7080,2.0650,3.320423,0.000000,1.0000,
2017-02-16,2.7180,2.0720,3.332685,0.000000,1.0000,
2017-02-17,2.6970,2.0580,3.306935,0.000000,1.0000,
2017-02-20,2.7370,2.0840,3.355982,0.000000,1.0000,
2017-02-21,2.7400,2.0860,3.359660,0.000000,1.0000,
2017-02-22,2.7530,2.0950,3.375600,0.000000,1.0000,
2017-02-23,2.7440,2.0890,3.364565,0.000000,1.0000,
2017-02-24,2.7390,2.0860,3.358434,0.000000,1.0000,
2017-02-27,2.7190,2.0730,3.333911,0.000000,1.0000,
2017-02-28,2.7290,2.0790,3.346172,0.000000,1.0000,
2017-03-01,2.7290,2.0790,3.346172,0.000000,1.0000,
2017-03-02,2.7160,2.0710,3.330232,0.000000,1.0000,
2017-03-03,2.7150,2.0700,3.329006,0.000000,1.0000,
2017-03-06,2.7180,2.0720,3.332685,0.000000,1.0000,
2017-03-07,2.7190,2.0730,3.333911,0.000000,1.0000,
2017-03-08,2.7150,2.0700,3.329006,0.000000,1.0000,
2017-03-09,2.6946,2.0567,3.303993,0.000000,1.0000,
2017-03-10,2.6931,2.0557,3.302153,0.000000,1.0000,
2017-03-13,2.7210,2.0740,3.336363,0.000000,1.0000,
2017-03-14,2.7229,2.0752,3.338693,0.000000,1.0000,
2017-03-15,2.7308,2.0804,3.348379,0.000000,1.0000,
2017-03-16,2.7384,2.0854,3.357698,0.000000,1.0000,
2017-03-17,2.7070,2.0648,3.319197,0.000000,1.0000,
2017-03-20,2.7219,2.0745,3.337467,0.000000,1.0000,
2017-03-21,2.7384,2.0854,3.357698,0.000000,1.0000,
2017-03-22,2.7177,2.0718,3.332317,0.000000,1.0000,
2017-03-23,2.7214,2.0742,3.336854,0.000000,1.0000,
2017-03-24,2.7478,2.0915,3.369224,0.000000,1.0000,
2017-03-27,2.7482,2.0918,3.369714,0.000000,1.0000,
2017-03-28,2.7384,2.0854,3.357698,0.000000,1.0000,
2017-03-29,2.7364,2.0840,3.355246,0.000000,1.0000,
2017-03-30,2.7303,2.0800,3.347766,0.000000,1.0000,
2017-03-31,2.7548,2.0961,3.377807,0.000000,1.0000,
2017-04-05,2.7853,2.1161,3.415205,0.000000,1.0000,
2017-04-06,2.7878,2.1177,3.418270,0.000000,1.0000,
2017-04-07,2.7906,2.1196,3.421703,0.000000,1.0000,
2017-04-10,2.7913,2.1200,3.422562,0.000000,1.0000,
2017-04-11,2.7933,2.1213,3.425014,0.000000,1.0000,
2017-04-12,2.7852,2.1160,3.415082,0.000000,1.0000,
2017-04-13,2.7873,2.1174,3.417657,0.000000,1.0000,
2017-04-14,2.7664,2.1037,3.392030,0.000000,1.0000,
2017-04-17,2.7567,2.0973,3.380137,0.000000,1.0000,
2017-04-18,2.7385,2.0854,3.357821,0.000000,1.0000,
2017-04-19,2.7230,2.0753,3.338815,0.000000,1.0000,
2017-04-20,2.7321,2.0812,3.349973,0.000000,1.0000,
2017-04-21,2.7481,2.0917,3.369592,0.000000,1.0000,
2017-04-24,2.7282,2.0787,3.345191,0.000000,1.0000,
2017-04-25,2.7307,2.0803,3.348257,0.000000,1.0000,
2017-04-26,2.7350,2.0831,3.353529,0.000000,1.0000,
2017-04-27,2.7350,2.0831,3.353529,0.000000,1.0000,
2017-04-28,2.7226,2.0750,3.338325,0.000000,1.0000,
2017-05-02,2.7041,2.0629,3.315641,0.000000,1.0000,
2017-05-03,2.6921,2.0550,3.300927,0.000000,1.0000,
2017-05-04,2.6870,2.0517,3.294674,0.000000,1.0000,
2017-05-05,2.6817,2.0482,3.288175,0.000000,1.0000,
2017-05-08,2.6831,2.0491,3.289892,0.000000,1.0000,
2017-05-09,2.6804,2.0474,3.286581,0.000000,1.0000,
2017-05-10,2.6630,2.0359,3.265246,0.000000,1.0000,
2017-05-11,2.6815,2.0481,3.287930,0.000000,1.0000,
2017-05-12,2.7074,2.0650,3.319687,0.000000,1.0000,
2017-05-15,2.7244,2.0762,3.340532,0.000000,1.0000,
2017-05-16,2.7383,2.0853,3.357576,0.000000,1.0000,
2017-05-17,2.7252,2.0767,3.341513,0.000000,1.0000,
2017-05-18,2.7136,2.0691,3.327290,0.000000,1.0000,
2017-05-19,2.7147,2.0698,3.328638,0.000000,1.0000,
2017-05-22,2.7194,2.0729,3.334401,0.000000,1.0000,
2017-05-23,2.7384,2.0854,3.357698,0.000000,1.0000,
2017-05-24,2.7386,2.0855,3.357943,0.000000,1.0000,
2017-05-25,2.7788,2.1118,3.407235,0.000000,1.0000,
2017-05-26,2.7882,2.1180,3.418761,0.000000,1.0000,
2017-05-31,2.7980,2.1244,3.430777,0.000000,1.0000,
2017-06-01,2.8099,2.1322,3.445368,0.000000,1.0000,
2017-06-02,2.8079,2.1309,3.442916,0.000000,1.0000,
2017-06-05,2.7844,2.1155,3.414101,0.000000,1.0000,
2017-06-06,2.7937,2.1216,3.425504,0.000000,1.0000,
2017-06-07,2.8177,2.1373,3.454932,0.000000,1.0000,
2017-06-08,2.8448,2.1551,3.488161,0.000000,1.0000,
2017-06-09,2.8536,2.1608,3.498951,0.000000,1.0000,
2017-06-12,2.8574,2.1633,3.503610,0.000000,1.0000,
2017-06-13,2.8653,2.1685,3.513297,0.000000,1.0000,
2017-06-14,2.8325,2.1470,3.473079,0.000000,1.0000,
2017-06-15,2.8166,2.1366,3.453583,0.000000,1.0000,
2017-06-16,2.8021,2.1271,3.435804,0.000000,1.0000,
2017-06-19,2.8181,2.1376,3.455423,0.000000,1.0000,
2017-06-20,2.8106,2.1327,3.446226,0.000000,1.0000,
2017-06-21,2.8409,2.1525,3.483379,0.000000,1.0000,
2017-06-22,2.8520,2.1598,3.496989,0.000000,1.0000,
2017-06-23,2.8724,2.1732,3.522003,0.000000,1.0000,
2017-06-26,2.8923,2.1862,3.546403,0.000000,1.0000,
2017-06-27,2.8988,2.1905,3.554373,0.000000,1.0000,
2017-06-28,2.8859,2.1820,3.538556,0.000000,1.0000,
2017-06-29,2.9044,2.1941,3.561240,0.000000,1.0000,
2017-06-30,2.9109,2.1984,3.569210,0.000000,1.0000,
2017-07-03,2.9074,2.1961,3.564918,0.000000,1.0000,
2017-07-04,2.8931,2.1867,3.547384,0.000000,1.0000,
2017-07-05,2.9121,2.1992,3.570681,0.000000,1.0000,
2017-07-06,2.9224,2.2059,3.583310,0.000000,1.0000,
2017-07-07,2.9307,2.2114,3.593487,0.000000,1.0000,
2017-07-10,2.9291,2.2103,3.591526,0.000000,1.0000,
2017-07-11,2.9441,2.2201,3.609918,0.000000,1.0000,
2017-07-12,2.9353,2.2144,3.599128,0.000000,1.0000,
2017-07-13,2.9540,2.2266,3.622057,0.000000,1.0000,
2017-07-14,2.9809,2.2443,3.655040,0.000000,1.0000,
2017-07-17,2.9738,2.2396,3.646335,0.000000,1.0000,
2017-07-18,2.9676,2.2355,3.638732,0.000000,1.0000,
2017-07-19,2.9990,2.2561,3.677234,0.000000,1.0000,
2017-07-20,3.0203,2.2701,3.703351,0.000000,1.0000,
2017-07-21,3.0203,2.2701,3.703351,0.000000,1.0000,
2017-07-24,3.0276,2.2749,3.712302,0.000000,1.0000,
2017-07-25,3.0203,2.2701,3.703351,0.000000,1.0000,
2017-07-26,3.0060,2.2607,3.685817,0.000000,1.0000,
2017-07-27,3.0062,2.2608,3.686062,0.000000,1.0000,
2017-07-28,3.0067,2.2612,3.686675,0.000000,1.0000,
2017-07-31,3.0072,2.2615,3.687288,0.000000,1.0000,
2017-08-01,3.0275,2.2748,3.712179,0.000000,1.0000,
2017-08-02,3.0203,2.2701,3.703351,0.000000,1.0000,
2017-08-03,2.9947,2.2533,3.671961,0.000000,1.0000,
2017-08-04,2.9861,2.2477,3.661416,0.000000,1.0000,
2017-08-07,2.9937,2.2526,3.670735,0.000000,1.0000,
2017-08-08,2.9837,2.2461,3.658474,0.000000,1.0000,
2017-08-09,2.9758,2.2409,3.648787,0.000000,1.0000,
2017-08-10,2.9700,2.2371,3.641675,0.000000,1.0000,
2017-08-11,2.9259,2.2082,3.587602,0.000000,1.0000,
2017-08-14,2.9319,2.2122,3.594959,0.000000,1.0000,
2017-08-15,2.9536,2.2264,3.621566,0.000000,1.0000,
2017-08-16,2.9422,2.2189,3.607588,0.000000,1.0000,
2017-08-17,2.9575,2.2289,3.626348,0.000000,1.0000,
2017-08-18,2.9627,2.2323,3.632724,0.000000,1.0000,
2017-08-21,2.9719,2.2384,3.644005,0.000000,1.0000,
2017-08-22,2.9785,2.2427,3.652098,0.000000,1.0000,
2017-08-23,2.9822,2.2451,3.656634,0.000000,1.0000,
2017-08-24,2.9806,2.2441,3.654672,0.000000,1.0000,
2017-08-25,3.0300,2.2764,3.715244,0.000000,1.0000,
2017-08-28,3.0407,2.2834,3.728364,0.000000,1.0000,
2017-08-29,3.0415,2.2840,3.729345,0.000000,1.0000,
2017-08-30,3.0316,2.2775,3.717206,0.000000,1.0000,
2017-08-31,3.0138,2.2658,3.695381,0.000000,1.0000,
2017-09-01,3.0145,2.2663,3.696239,0.000000,1.0000,
2017-09-04,3.0218,2.2711,3.705190,0.000000,1.0000,
2017-09-05,3.0279,2.2751,3.712669,0.000000,1.0000,
2017-09-06,3.0224,2.2715,3.705926,0.000000,1.0000,
2017-09-07,3.0141,2.2660,3.695749,0.000000,1.0000,
2017-09-08,3.0142,2.2661,3.695871,0.000000,1.0000,
2017-09-11,3.0164,2.2675,3.698569,0.000000,1.0000,
2017-09-12,3.0296,2.2762,3.714754,0.000000,1.0000,
2017-09-13,3.0243,2.2727,3.708255,0.000000,1.0000,
2017-09-14,3.0115,2.2643,3.692561,0.000000,1.0000,
2017-09-15,2.9998,2.2566,3.678215,0.000000,1.0000,
2017-09-18,3.0074,2.2616,3.687533,0.000000,1.0000,
2017-09-19,3.0098,2.2632,3.690476,0.000000,1.0000,
2017-09-20,3.0160,2.2673,3.698078,0.000000,1.0000,
2017-09-21,3.0259,2.2737,3.710217,0.000000,1.0000,
2017-09-22,3.0351,2.2798,3.721498,0.000000,1.0000,
2017-09-25,3.0348,2.2796,3.721130,0.000000,1.0000,
2017-09-26,3.0301,2.2765,3.715367,0.000000,1.0000,
2017-09-27,3.0321,2.2778,3.717819,0.000000,1.0000,
2017-09-28,3.0274,2.2747,3.712056,0.000000,1.0000,
2017-09-29,3.0303,2.2766,3.715612,0.000000,1.0000,
2017-10-09,3.0583,2.2950,3.749945,0.000000,1.0000,
2017-10-10,3.0538,2.2920,3.744427,0.000000,1.0000,
2017-10-11,3.0633,2.2983,3.756075,0.000000,1.0000,
2017-10-12,3.0682,2.3015,3.762083,0.000000,1.0000,
2017-10-13,3.0635,2.2984,3.756321,0.000000,1.0000,
2017-10-16,3.0616,2.2971,3.753991,0.000000,1.0000,
2017-10-17,3.0553,2.2930,3.746266,0.000000,1.0000,
2017-10-18,3.0886,2.3148,3.787097,0.000000,1.0000,
2017-10-19,3.0940,2.3184,3.793718,0.000000,1.0000,
2017-10-20,3.0915,2.3167,3.790653,0.000000,1.0000,
2017-10-23,3.0853,2.3127,3.783051,0.000000,1.0000,
2017-10-24,3.1093,2.3284,3.812478,0.000000,1.0000,
2017-10-25,3.1125,2.3305,3.816402,0.000000,1.0000,
2017-10-26,3.1047,2.3254,3.806838,0.000000,1.0000,
2017-10-27,3.1198,2.3353,3.825353,0.000000,1.0000,
2017-10-30,3.1160,2.3328,3.820694,0.000000,1.0000,
2017-10-31,3.1005,2.3226,3.801688,0.000000,1.0000,
2017-11-01,3.0786,2.3083,3.774835,0.000000,1.0000,
2017-11-02,3.0747,2.3057,3.770053,0.000000,1.0000,
2017-11-03,3.0677,2.3011,3.761470,0.000000,1.0000,
2017-11-06,3.0754,2.3062,3.770912,0.000000,1.0000,
2017-11-07,3.0967,2.3201,3.797029,0.000000,1.0000,
2017-11-08,3.1048,2.3255,3.806961,0.000000,1.0000,
2017-11-09,3.1213,2.3363,3.827192,0.000000,1.0000,
2017-11-10,3.1330,2.3439,3.841538,0.000000,1.0000,
2017-11-13,3.1617,2.3627,3.876729,0.000000,1.0000,
2017-11-14,3.1499,2.3550,3.862260,0.000000,1.0000,
2017-11-15,3.1249,2.3386,3.831606,0.000000,1.0000,
2017-11-16,3.1238,2.3379,3.830258,0.000000,1.0000,
2017-11-17,3.1676,2.3666,3.883963,0.000000,1.0000,
2017-11-20,3.1849,2.3779,3.905176,0.000000,1.0000,
2017-11-21,3.2095,2.3941,3.935339,0.000000,1.0000,
2017-11-22,3.2307,2.4080,3.961333,0.000000,1.0000,
2017-11-23,3.1583,2.3605,3.872560,0.000000,1.0000,
2017-11-24,3.1467,2.3529,3.858336,0.000000,1.0000,
2017-11-27,3.1272,2.3401,3.834427,0.000000,1.0000,
2017-11-28,3.1175,2.3338,3.822533,0.000000,1.0000,
2017-11-29,3.1156,2.3325,3.820203,0.000000,1.0000,
2017-11-30,3.0983,2.3212,3.798991,0.000000,1.0000,
2017-12-01,3.0916,2.3168,3.790775,0.000000,1.0000,
2017-12-04,3.0944,2.3186,3.794209,0.000000,1.0000,
2017-12-05,3.1254,2.3389,3.832219,0.000000,1.0000,
2017-12-06,3.0983,2.3212,3.798991,0.000000,1.0000,
2017-12-07,3.0701,2.3027,3.764413,0.000000,1.0000,
2017-12-08,3.0635,2.2984,3.756321,0.000000,1.0000,
2017-12-11,3.0877,2.3142,3.785993,0.000000,1.0000,
2017-12-12,3.0505,2.2899,3.740381,0.000000,1.0000,
2017-12-13,3.0715,2.3036,3.766130,0.000000,1.0000,
2017-12-14,3.0592,2.2956,3.751048,0.000000,1.0000,
2017-12-15,3.0330,2.2784,3.718923,0.000000,1.0000,
2017-12-18,3.0407,2.2834,3.728364,0.000000,1.0000,
2017-12-19,3.0655,2.2997,3.758773,0.000000,1.0000,
2017-12-20,3.0609,2.2967,3.753133,0.000000,1.0000,
2017-12-21,3.0732,2.3047,3.768214,0.000000,1.0000,
2017-12-22,3.0730,2.3046,3.767969,0.000000,1.0000,
2017-12-25,3.0734,2.3049,3.768459,0.000000,1.0000,
2017-12-26,3.0926,2.3175,3.792002,0.000000,1.0000,
2017-12-27,3.0746,2.3057,3.769931,0.000000,1.0000,
2017-12-28,3.0875,2.3141,3.785748,0.000000,1.0000,
2017-12-29,3.1040,2.3249,3.805980,0.000000,1.0000,
2017-12-31,3.1039,2.3249,3.805857,0.000000,1.0000,
2018-01-02,3.1505,2.3554,3.862996,0.000000,1.0000,
2018-01-03,3.1601,2.3617,3.874767,0.000000,1.0000,
2018-01-04,3.1652,2.3650,3.881020,0.000000,1.0000,
2018-01-05,3.1900,2.3813,3.911429,0.000000,1.0000,
2018-01-08,3.2206,2.4013,3.948949,0.000000,1.0000,
2018-01-09,3.2134,2.3966,3.940121,0.000000,1.0000,
2018-01-10,3.2290,2.4068,3.959249,0.000000,1.0000,
2018-01-11,3.2214,2.4019,3.949930,0.000000,1.0000,
2018-01-12,3.2306,2.4079,3.961211,0.000000,1.0000,
2018-01-15,3.2229,2.4028,3.951769,0.000000,1.0000,
2018-01-16,3.2510,2.4213,3.986224,0.000000,1.0000,
2018-01-17,3.2549,2.4238,3.991006,0.000000,1.0000,
2018-01-18,3.2841,2.4429,4.026810,0.000000,1.0000,
2018-01-19,3.2968,2.4513,4.042382,0.000000,1.0000,
2018-01-22,3.3181,2.4652,4.068499,0.000000,1.0000,
2018-01-23,3.2646,2.5016,4.136551,0.109000,1.0000,每10份派现金1.0900元
2018-01-24,3.2724,2.5067,4.146434,0.000000,1.0000,
2018-01-25,3.2586,2.4977,4.128948,0.000000,1.0000,
2018-01-26,3.2866,2.5160,4.164427,0.000000,1.0000,
2018-01-29,3.2651,2.5019,4.137184,0.000000,1.0000,
2018-01-30,3.2300,2.4789,4.092709,0.000000,1.0000,
2018-01-31,3.2248,2.4755,4.086120,0.000000,1.0000,
2018-02-01,3.2190,2.4717,4.078771,0.000000,1.0000,
2018-02-02,3.2490,2.4914,4.116784,0.000000,1.0000,
2018-02-05,3.3003,2.5250,4.181786,0.000000,1.0000,
2018-02-06,3.2239,2.4749,4.084980,0.000000,1.0000,
2018-02-07,3.1559,2.4304,3.998818,0.000000,1.0000,
2018-02-08,3.0977,2.3922,3.925073,0.000000,1.0000,
2018-02-09,2.9800,2.3151,3.775936,0.000000,1.0000,
2018-02-12,2.9824,2.3167,3.778977,0.000000,1.0000,
2018-02-13,3.0220,2.3426,3.829154,0.000000,1.0000,
2018-02-14,3.0250,2.3446,3.832955,0.000000,1.0000,
2018-02-22,3.0901,2.3872,3.915443,0.000000,1.0000,
2018-02-23,3.1019,2.3950,3.930395,0.000000,1.0000,
2018-02-26,3.1291,2.4128,3.964860,0.000000,1.0000,
2018-02-27,3.0847,2.3837,3.908601,0.000000,1.0000,
2018-02-28,3.0549,2.3642,3.870841,0.000000,1.0000,
2018-03-01,3.0557,2.3647,3.871855,0.000000,1.0000,
2018-03-02,3.0503,2.3612,3.865013,0.000000,1.0000,
2018-03-05,3.0526,2.3627,3.867927,0.000000,1.0000,
2018-03-06,3.0782,2.3794,3.900365,0.000000,1.0000,
2018-03-07,3.0710,2.3747,3.891242,0.000000,1.0000,
2018-03-08,3.0837,2.3830,3.907334,0.000000,1.0000,
2018-03-09,3.0904,2.3874,3.915823,0.000000,1.0000,
2018-03-12,3.0932,2.3893,3.919371,0.000000,1.0000,
2018-03-13,3.0813,2.3815,3.904293,0.000000,1.0000,
2018-03-14,3.0718,2.3753,3.892255,0.000000,1.0000,
2018-03-15,3.0703,2.3743,3.890355,0.000000,1.0000,
2018-03-16,3.0463,2.3585,3.859944,0.000000,1.0000,
2018-03-19,3.0324,2.3494,3.842332,0.000000,1.0000,
2018-03-20,3.0378,2.3530,3.849174,0.000000,1.0000,
2018-03-21,3.0330,2.3498,3.843092,0.000000,1.0000,
2018-03-22,3.0132,2.3369,3.818004,0.000000,1.0000,
2018-03-23,2.9414,2.2898,3.727026,0.000000,1.0000,
2018-03-26,2.9075,2.2676,3.684072,0.000000,1.0000,
2018-03-27,2.9171,2.2739,3.696236,0.000000,1.0000,
2018-03-28,2.8806,2.2500,3.649987,0.000000,1.0000,
2018-03-29,2.9235,2.2781,3.704345,0.000000,1.0000,
2018-03-30,2.9231,2.2778,3.703839,0.000000,1.0000,
2018-04-02,2.8999,2.2626,3.674442,0.000000,1.0000,
2018-04-03,2.8684,2.2420,3.634529,0.000000,1.0000,
2018-04-04,2.8648,2.2396,3.629967,0.000000,1.0000,
2018-04-09,2.8649,2.2397,3.630094,0.000000,1.0000,
2018-04-10,2.9169,2.2737,3.695983,0.000000,1.0000,
2018-04-11,2.9366,2.2867,3.720944,0.000000,1.0000,
2018-04-12,2.9070,2.2673,3.683438,0.000000,1.0000,
2018-04-13,2.8921,2.2575,3.664559,0.000000,1.0000,
2018-04-16,2.8368,2.2213,3.594488,0.000000,1.0000,
2018-04-17,2.8101,2.2038,3.560657,0.000000,1.0000,
2018-04-18,2.8192,2.2097,3.572188,0.000000,1.0000,
2018-04-19,2.8397,2.2232,3.598163,0.000000,1.0000,
2018-04-20,2.8027,2.1989,3.551281,0.000000,1.0000,
2018-04-23,2.8040,2.1998,3.552928,0.000000,1.0000,
2018-04-24,2.8589,2.2357,3.622491,0.000000,1.0000,
2018-04-25,2.8413,2.2242,3.600190,0.000000,1.0000,
2018-04-26,2.8063,2.2013,3.555842,0.000000,1.0000,
2018-04-27,2.8077,2.2022,3.557616,0.000000,1.0000,
2018-05-02,2.8225,2.2119,3.576369,0.000000,1.0000,
2018-05-03,2.8385,2.2224,3.596642,0.000000,1.0000,
2018-05-04,2.8318,2.2180,3.588153,0.000000,1.0000,
2018-05-07,2.8655,2.2401,3.630854,0.000000,1.0000,
2018-05-08,2.8890,2.2555,3.660631,0.000000,1.0000,
2018-05-09,2.8866,2.2539,3.657590,0.000000,1.0000,
2018-05-10,2.9061,2.2667,3.682298,0.000000,1.0000,
2018-05-11,2.8978,2.2612,3.671781,0.000000,1.0000,
2018-05-14,2.9083,2.2681,3.685086,0.000000,1.0000,
2018-05-15,2.9201,2.2758,3.700037,0.000000,1.0000,
2018-05-16,2.9031,2.2647,3.678497,0.000000,1.0000,
2018-05-17,2.8990,2.2620,3.673302,0.000000,1.0000,
2018-05-18,2.9276,2.2808,3.709540,0.000000,1.0000,
2018-05-21,2.9388,2.2881,3.723732,0.000000,1.0000,
2018-05-22,2.9277,2.2808,3.709667,0.000000,1.0000,
2018-05-23,2.8976,2.2611,3.671528,0.000000,1.0000,
2018-05-24,2.8775,2.2479,3.646059,0.000000,1.0000,
2018-05-25,2.8814,2.2505,3.651001,0.000000,1.0000,
2018-05-28,2.8783,2.2485,3.647073,0.000000,1.0000,
2018-05-29,2.8793,2.2491,3.648340,0.000000,1.0000,
2018-05-30,2.8270,2.2148,3.582071,0.000000,1.0000,
2018-05-31,2.8788,2.2488,3.647706,0.000000,1.0000,
2018-06-01,2.8647,2.2395,3.629840,0.000000,1.0000,
2018-06-04,2.8852,2.2530,3.655816,0.000000,1.0000,
2018-06-05,2.8948,2.2593,3.667980,0.000000,1.0000,
2018-06-06,2.8913,2.2570,3.663545,0.000000,1.0000,
2018-06-07,2.8795,2.2492,3.648593,0.000000,1.0000,
2018-06-08,2.8427,2.2251,3.601964,0.000000,1.0000,
2018-06-11,2.8432,2.2255,3.602598,0.000000,1.0000,
2018-06-12,2.8692,2.2425,3.635542,0.000000,1.0000,
2018-06-13,2.8580,2.2352,3.621351,0.000000,1.0000,
2018-06-14,2.8570,2.2345,3.620084,0.000000,1.0000,
2018-06-15,2.8594,2.2361,3.623125,0.000000,1.0000,
2018-06-19,2.7859,2.1879,3.529993,0.000000,1.0000,
2018-06-20,2.7797,2.1838,3.522137,0.000000,1.0000,
2018-06-21,2.7587,2.1701,3.495529,0.000000,1.0000,
2018-06-22,2.7592,2.1704,3.496162,0.000000,1.0000,
2018-06-25,2.7323,2.1528,3.462077,0.000000,1.0000,
2018-06-26,2.6986,2.1307,3.419376,0.000000,1.0000,
2018-06-27,2.6752,2.1154,3.389726,0.000000,1.0000,
2018-06-28,2.6410,2.0930,3.346392,0.000000,1.0000,
2018-06-29,2.6921,2.1264,3.411140,0.000000,1.0000,
2018-06-30,2.6921,2.1264,3.411140,0.000000,1.0000,
2018-07-02,2.6097,2.0724,3.306732,0.000000,1.0000,
2018-07-03,2.6220,2.0805,3.322317,0.000000,1.0000,
2018-07-04,2.6140,2.0753,3.312180,0.000000,1.0000,
2018-07-05,2.6021,2.0675,3.297102,0.000000,1.0000,
2018-07-06,2.6150,2.0759,3.313447,0.000000,1.0000,
2018-07-09,2.6754,2.1155,3.389980,0.000000,1.0000,
2018-07-10,2.6840,2.1211,3.400877,0.000000,1.0000,
2018-07-11,2.6436,2.0947,3.349686,0.000000,1.0000,
2018-07-12,2.6895,2.1247,3.407846,0.000000,1.0000,
2018-07-13,2.6882,2.1239,3.406198,0.000000,1.0000,
2018-07-16,2.6736,2.1143,3.387699,0.000000,1.0000,
2018-07-17,2.6621,2.1068,3.373127,0.000000,1.0000,
2018-07-18,2.6732,2.1141,3.387192,0.000000,1.0000,
2018-07-19,2.6688,2.1112,3.381617,0.000000,1.0000,
2018-07-20,2.7323,2.1528,3.462077,0.000000,1.0000,
2018-07-23,2.7711,2.1782,3.511240,0.000000,1.0000,
2018-07-24,2.7936,2.1930,3.539750,0.000000,1.0000,
2018-07-25,2.7899,2.1905,3.535062,0.000000,1.0000,
2018-07-26,2.7770,2.1821,3.518716,0.000000,1.0000,
2018-07-27,2.7647,2.1740,3.503131,0.000000,1.0000,
2018-07-30,2.7751,2.1808,3.516309,0.000000,1.0000,
2018-07-31,2.7853,2.1875,3.529233,0.000000,1.0000,
2018-08-01,2.7332,2.1534,3.463218,0.000000,1.0000,
2018-08-02,2.6841,2.1212,3.401003,0.000000,1.0000,
2018-08-03,2.6646,2.1084,3.376295,0.000000,1.0000,
2018-08-06,2.6449,2.0955,3.351333,0.000000,1.0000,
2018-08-07,2.7059,2.1355,3.428626,0.000000,1.0000,
2018-08-08,2.6738,2.1145,3.387952,0.000000,1.0000,
2018-08-09,2.7190,2.1441,3.445225,0.000000,1.0000,
2018-08-10,2.7011,2.1323,3.422544,0.000000,1.0000,
2018-08-13,2.6849,2.1217,3.402017,0.000000,1.0000,
2018-08-14,2.6834,2.1207,3.400116,0.000000,1.0000,
2018-08-15,2.6290,2.0851,3.331187,0.000000,1.0000,
2018-08-16,2.6198,2.0791,3.319529,0.000000,1.0000,
2018-08-17,2.5964,2.0637,3.289879,0.000000,1.0000,
2018-08-20,2.6265,2.0835,3.328019,0.000000,1.0000,
2018-08-21,2.6553,2.1023,3.364511,0.000000,1.0000,
2018-08-22,2.6359,2.0896,3.339930,0.000000,1.0000,
2018-08-23,2.6455,2.0959,3.352094,0.000000,1.0000,
2018-08-24,2.6609,2.1060,3.371607,0.000000,1.0000,
2018-08-27,2.7145,2.1411,3.439523,0.000000,1.0000,
2018-08-28,2.7119,2.1394,3.436229,0.000000,1.0000,
2018-08-29,2.6964,2.1293,3.416589,0.000000,1.0000,
2018-08-30,2.6840,2.1211,3.400877,0.000000,1.0000,
2018-08-31,2.6760,2.1159,3.390740,0.000000,1.0000,
2018-09-03,2.6712,2.1127,3.384658,0.000000,1.0000,
2018-09-04,2.6973,2.1299,3.417729,0.000000,1.0000,
2018-09-05,2.6509,2.0994,3.358936,0.000000,1.0000,
2018-09-06,2.6352,2.0892,3.339043,0.000000,1.0000,
2018-09-07,2.6431,2.0943,3.349053,0.000000,1.0000,
2018-09-10,2.6280,2.0844,3.329919,0.000000,1.0000,
2018-09-11,2.6195,2.0789,3.319149,0.000000,1.0000,
2018-09-12,2.6196,2.0789,3.319276,0.000000,1.0000,
2018-09-13,2.6486,2.0979,3.356022,0.000000,1.0000,
2018-09-14,2.6561,2.1029,3.365525,0.000000,1.0000,
2018-09-17,2.6348,2.0889,3.338536,0.000000,1.0000,
2018-09-18,2.6787,2.1177,3.394161,0.000000,1.0000,
2018-09-19,2.7082,2.1370,3.431540,0.000000,1.0000,
2018-09-20,2.7024,2.1332,3.424191,0.000000,1.0000,
2018-09-21,2.7773,2.1823,3.519096,0.000000,1.0000,
2018-09-25,2.7548,2.1675,3.490587,0.000000,1.0000,
2018-09-26,2.7728,2.1793,3.513395,0.000000,1.0000,
2018-09-27,2.7754,2.1810,3.516689,0.000000,1.0000,
2018-09-28,2.8073,2.2019,3.557109,0.000000,1.0000,
2018-10-08,2.7086,2.1373,3.432047,0.000000,1.0000,
2018-10-09,2.6958,2.1289,3.415828,0.000000,1.0000,
2018-10-10,2.7070,2.1362,3.430020,0.000000,1.0000,
2018-10-11,2.5839,2.0555,3.274041,0.000000,1.0000,
2018-10-12,2.6151,2.0760,3.313574,0.000000,1.0000,
2018-10-15,2.5683,2.0453,3.254274,0.000000,1.0000,
2018-10-16,2.5544,2.0362,3.236661,0.000000,1.0000,
2018-10-17,2.5770,2.0510,3.265298,0.000000,1.0000,
2018-10-18,2.5204,2.0139,3.193580,0.000000,1.0000,
2018-10-19,2.5898,2.0594,3.281517,0.000000,1.0000,
2018-10-22,2.6784,2.1175,3.393781,0.000000,1.0000,
2018-10-23,2.6121,2.0740,3.309773,0.000000,1.0000,
2018-10-24,2.6173,2.0774,3.316362,0.000000,1.0000,
2018-10-25,2.6230,2.0812,3.323584,0.000000,1.0000,
2018-10-26,2.6281,2.0845,3.330046,0.000000,1.0000,
2018-10-29,2.5710,2.0471,3.257695,0.000000,1.0000,
2018-10-30,2.5916,2.0606,3.283797,0.000000,1.0000,
2018-10-31,2.6159,2.0765,3.314588,0.000000,1.0000,
2018-11-01,2.6176,2.0776,3.316742,0.000000,1.0000,
2018-11-02,2.6735,2.1143,3.387572,0.000000,1.0000,
2018-11-05,2.6623,2.1069,3.373381,0.000000,1.0000,
2018-11-06,2.6562,2.1029,3.365652,0.000000,1.0000,
2018-11-07,2.6437,2.0947,3.349813,0.000000,1.0000,
2018-11-08,2.6451,2.0956,3.351587,0.000000,1.0000,
2018-11-09,2.6055,2.0697,3.301410,0.000000,1.0000,
2018-11-12,2.6368,2.0902,3.341070,0.000000,1.0000,
2018-11-13,2.6523,2.1004,3.360710,0.000000,1.0000,
2018-11-14,2.6250,2.0825,3.326118,0.000000,1.0000,
2018-11-15,2.6461,2.0963,3.352854,0.000000,1.0000,
2018-11-16,2.6520,2.1002,3.360330,0.000000,1.0000,
2018-11-19,2.6782,2.1173,3.393528,0.000000,1.0000,
2018-11-20,2.6247,2.0823,3.325738,0.000000,1.0000,
2018-11-21,2.6303,2.0859,3.332834,0.000000,1.0000,
2018-11-22,2.6178,2.0778,3.316995,0.000000,1.0000,
2018-11-23,2.5723,2.0479,3.259342,0.000000,1.0000,
2018-11-26,2.5721,2.0478,3.259089,0.000000,1.0000,
2018-11-27,2.5664,2.0441,3.251867,0.000000,1.0000,
2018-11-28,2.5846,2.0560,3.274928,0.000000,1.0000,
2018-11-29,2.5649,2.0431,3.249966,0.000000,1.0000,
2018-11-30,2.5886,2.0586,3.279996,0.000000,1.0000,
2018-12-03,2.6472,2.0970,3.354248,0.000000,1.0000,
2018-12-04,2.6546,2.1019,3.363624,0.000000,1.0000,
2018-12-05,2.6445,2.0953,3.350827,0.000000,1.0000,
2018-12-06,2.6046,2.0691,3.300270,0.000000,1.0000,
2018-12-07,2.6218,2.0804,3.322064,0.000000,1.0000,
2018-12-10,2.6018,2.0673,3.296722,0.000000,1.0000,
2018-12-11,2.6100,2.0726,3.307112,0.000000,1.0000,
2018-12-12,2.6239,2.0818,3.324724,0.000000,1.0000,
2018-12-13,2.6580,2.1041,3.367932,0.000000,1.0000,
2018-12-14,2.6295,2.0854,3.331820,0.000000,1.0000,
2018-12-17,2.6478,2.0974,3.355008,0.000000,1.0000,
2018-12-18,2.6296,2.0855,3.331947,0.000000,1.0000,
2018-12-19,2.6149,2.0759,3.313321,0.000000,1.0000,
2018-12-20,2.6012,2.0669,3.295961,0.000000,1.0000,
2018-12-21,2.5893,2.0591,3.280883,0.000000,1.0000,
2018-12-24,2.6040,2.0687,3.299509,0.000000,1.0000,
2018-12-25,2.5833,2.0551,3.273280,0.000000,1.0000,
2018-12-26,2.5841,2.0557,3.274294,0.000000,1.0000,
2018-12-27,2.5744,2.0493,3.262003,0.000000,1.0000,
2018-12-28,2.5848,2.0561,3.275181,0.000000,1.0000,
2018-12-31,2.5847,2.0561,3.275054,0.000000,1.0000,
2019-01-02,2.5352,2.0236,3.212333,0.000000,1.0000,
2019-01-03,2.5332,2.0223,3.209799,0.000000,1.0000,
2019-01-04,2.5679,2.0451,3.253767,0.000000,1.0000,
2019-01-07,2.5912,2.0603,3.283290,0.000000,1.0000,
2019-01-08,2.5951,2.0629,3.288232,0.000000,1.0000,
2019-01-09,2.6096,2.0724,3.306605,0.000000,1.0000,
2019-01-10,2.6008,2.0666,3.295455,0.000000,1.0000,
2019-01-11,2.6163,2.0768,3.315095,0.000000,1.0000,
2019-01-14,2.6097,2.0724,3.306732,0.000000,1.0000,
2019-01-15,2.6315,2.0867,3.334354,0.000000,1.0000,
2019-01-16,2.5310,2.0851,3.331187,0.098000,1.0000,每10份派现金0.9800元
2019-01-17,2.5280,2.0831,3.327238,0.000000,1.0000,
2019-01-18,2.5624,2.1057,3.372514,0.000000,1.0000,
2019-01-21,2.5721,2.1120,3.385281,0.000000,1.0000,
2019-01-22,2.5423,2.0925,3.346059,0.000000,1.0000,
2019-01-23,2.5483,2.0964,3.353956,0.000000,1.0000,
2019-01-24,2.5545,2.1005,3.362116,0.000000,1.0000,
2019-01-25,2.5643,2.1069,3.375015,0.000000,1.0000,
2019-01-28,2.5680,2.1093,3.379884,0.000000,1.0000,
2019-01-29,2.5786,2.1163,3.393836,0.000000,1.0000,
2019-01-30,2.5650,2.1074,3.375936,0.000000,1.0000,
2019-01-31,2.5808,2.1177,3.396731,0.000000,1.0000,
2019-02-01,2.6069,2.1348,3.431083,0.000000,1.0000,
2019-02-11,2.6306,2.1504,3.462276,0.000000,1.0000,
2019-02-12,2.6463,2.1606,3.482939,0.000000,1.0000,
2019-02-13,2.6810,2.1834,3.528610,0.000000,1.0000,
2019-02-14,2.6791,2.1821,3.526109,0.000000,1.0000,
2019-02-15,2.6373,2.1548,3.471094,0.000000,1.0000,
2019-02-18,2.6987,2.1950,3.551906,0.000000,1.0000,
2019-02-19,2.6978,2.1944,3.550721,0.000000,1.0000,
2019-02-20,2.6987,2.1950,3.551906,0.000000,1.0000,
2019-02-21,2.6803,2.1829,3.527688,0.000000,1.0000,
2019-02-22,2.7093,2.2019,3.565857,0.000000,1.0000,
2019-02-25,2.8250,2.2777,3.718136,0.000000,1.0000,
2019-02-26,2.8125,2.2696,3.701684,0.000000,1.0000,
2019-02-27,2.8086,2.2670,3.696551,0.000000,1.0000,
2019-02-28,2.8068,2.2658,3.694182,0.000000,1.0000,
2019-03-01,2.8399,2.2875,3.737747,0.000000,1.0000,
2019-03-04,2.8675,2.3056,3.774073,0.000000,1.0000,
2019-03-05,2.8883,2.3192,3.801449,0.000000,1.0000,
2019-03-06,2.9258,2.3438,3.850804,0.000000,1.0000,
2019-03-07,2.9161,2.3374,3.838038,0.000000,1.0000,
2019-03-08,2.7884,2.2538,3.669965,0.000000,1.0000,
2019-03-11,2.8361,2.2850,3.732745,0.000000,1.0000,
2019-03-12,2.8644,2.3036,3.769992,0.000000,1.0000,
2019-03-13,2.8377,2.2861,3.734851,0.000000,1.0000,
2019-03-14,2.8039,2.2639,3.690365,0.000000,1.0000,
2019-03-15,2.8332,2.2831,3.728928,0.000000,1.0000,
2019-03-18,2.9105,2.3338,3.830667,0.000000,1.0000,
2019-03-19,2.9012,2.3277,3.818427,0.000000,1.0000,
2019-03-20,2.9090,2.3328,3.828693,0.000000,1.0000,
2019-03-21,2.9193,2.3395,3.842249,0.000000,1.0000,
2019-03-22,2.9247,2.3431,3.849357,0.000000,1.0000,
2019-03-25,2.8756,2.3109,3.784733,0.000000,1.0000,
2019-03-26,2.8374,2.2859,3.734456,0.000000,1.0000,
2019-03-27,2.8803,2.3140,3.790919,0.000000,1.0000,
2019-03-28,2.8557,2.2979,3.758542,0.000000,1.0000,
2019-03-29,2.9241,2.3427,3.848567,0.000000,1.0000,
2019-04-01,2.9992,2.3919,3.947410,0.000000,1.0000,
2019-04-02,2.9952,2.3893,3.942145,0.000000,1.0000,
2019-04-03,3.0278,2.4106,3.985052,0.000000,1.0000,
2019-04-04,3.0595,2.4314,4.026774,0.000000,1.0000,
2019-04-08,3.0789,2.4441,4.052308,0.000000,1.0000,
2019-04-09,3.0666,2.4361,4.036119,0.000000,1.0000,
2019-04-10,3.0624,2.4333,4.030591,0.000000,1.0000,
2019-04-11,3.0283,2.4110,3.985710,0.000000,1.0000,
2019-04-12,3.0079,2.3976,3.958861,0.000000,1.0000,
2019-04-15,3.0003,2.3926,3.948858,0.000000,1.0000,
2019-04-16,3.0477,2.4237,4.011244,0.000000,1.0000,
2019-04-17,3.0557,2.4289,4.021773,0.000000,1.0000,
2019-04-18,3.0247,2.4086,3.980972,0.000000,1.0000,
2019-04-19,3.0370,2.4167,3.997161,0.000000,1.0000,
2019-04-22,2.9709,2.3734,3.910163,0.000000,1.0000,
2019-04-23,2.9438,2.3556,3.874495,0.000000,1.0000,
2019-04-24,2.9704,2.3730,3.909505,0.000000,1.0000,
2019-04-25,2.8985,2.3259,3.814873,0.000000,1.0000,
2019-04-26,2.8598,2.3005,3.763938,0.000000,1.0000,
2019-04-29,2.8449,2.2908,3.744327,0.000000,1.0000,
2019-04-30,2.8715,2.3082,3.779337,0.000000,1.0000,
2019-05-06,2.7408,2.2226,3.607316,0.000000,1.0000,
2019-05-07,2.7719,2.2430,3.648248,0.000000,1.0000,
2019-05-08,2.7396,2.2218,3.605736,0.000000,1.0000,
2019-05-09,2.6967,2.1937,3.549273,0.000000,1.0000,
2019-05-10,2.7582,2.2340,3.630217,0.000000,1.0000,
2019-05-13,2.7185,2.2080,3.577966,0.000000,1.0000,
2019-05-14,2.7046,2.1989,3.559671,0.000000,1.0000,
2019-05-15,2.7485,2.2276,3.617450,0.000000,1.0000,
2019-05-16,2.7652,2.2386,3.639430,0.000000,1.0000,
2019-05-17,2.7022,2.1973,3.556512,0.000000,1.0000,
2019-05-20,2.6887,2.1884,3.538744,0.000000,1.0000,
2019-05-21,2.7199,2.2089,3.579808,0.000000,1.0000,
2019-05-22,2.7112,2.2032,3.568358,0.000000,1.0000,
2019-05-23,2.6864,2.1869,3.535717,0.000000,1.0000,
2019-05-24,2.6852,2.1861,3.534138,0.000000,1.0000,
2019-05-27,2.7105,2.2027,3.567436,0.000000,1.0000,
2019-05-28,2.7287,2.2146,3.591390,0.000000,1.0000,
2019-05-29,2.7180,2.2076,3.577307,0.000000,1.0000,
2019-05-30,2.7160,2.2063,3.574675,0.000000,1.0000,
2019-05-31,2.7137,2.2048,3.571648,0.000000,1.0000,
2019-06-03,2.7025,2.1975,3.556907,0.000000,1.0000,
2019-06-04,2.6929,2.1912,3.544272,0.000000,1.0000,
2019-06-05,2.6986,2.1949,3.551774,0.000000,1.0000,
2019-06-06,2.6733,2.1783,3.518475,0.000000,1.0000,
2019-06-10,2.6986,2.1949,3.551774,0.000000,1.0000,
2019-06-11,2.7584,2.2341,3.630480,0.000000,1.0000,
2019-06-12,2.7416,2.2231,3.608369,0.000000,1.0000,
2019-06-13,2.7308,2.2160,3.594154,0.000000,1.0000,
2019-06-14,2.7092,2.2019,3.565725,0.000000,1.0000,
2019-06-17,2.7185,2.2080,3.577966,0.000000,1.0000,
2019-06-18,2.7168,2.2068,3.575728,0.000000,1.0000,
2019-06-19,2.7418,2.2232,3.608632,0.000000,1.0000,
2019-06-20,2.7859,2.2521,3.666674,0.000000,1.0000,
2019-06-21,2.7907,2.2553,3.672992,0.000000,1.0000,
2019-06-24,2.8004,2.2616,3.685759,0.000000,1.0000,
2019-06-25,2.7722,2.2431,3.648643,0.000000,1.0000,
2019-06-26,2.7810,2.2489,3.660225,0.000000,1.0000,
2019-06-27,2.8003,2.2616,3.685627,0.000000,1.0000,
2019-06-28,2.7900,2.2548,3.672071,0.000000,1.0000,
2019-06-30,2.7899,2.2547,3.671939,0.000000,1.0000,
2019-07-01,2.8297,2.2808,3.724322,0.000000,1.0000,
2019-07-02,2.8444,2.2905,3.743669,0.000000,1.0000,
2019-07-03,2.8440,2.2902,3.743143,0.000000,1.0000,
2019-07-04,2.8400,2.2876,3.737878,0.000000,1.0000,
2019-07-05,2.8454,2.2911,3.744986,0.000000,1.0000,
2019-07-08,2.7816,2.2493,3.661015,0.000000,1.0000,
2019-07-09,2.7805,2.2486,3.659567,0.000000,1.0000,
2019-07-10,2.7619,2.2364,3.635087,0.000000,1.0000,
2019-07-11,2.7631,2.2372,3.636666,0.000000,1.0000,
2019-07-12,2.7759,2.2456,3.653513,0.000000,1.0000,
2019-07-15,2.7790,2.2476,3.657593,0.000000,1.0000,
2019-07-16,2.7827,2.2500,3.662463,0.000000,1.0000,
2019-07-17,2.7766,2.2460,3.654434,0.000000,1.0000,
2019-07-18,2.7490,2.2279,3.618108,0.000000,1.0000,
2019-07-19,2.7690,2.2411,3.644431,0.000000,1.0000,
2019-07-22,2.7506,2.2290,3.620214,0.000000,1.0000,
2019-07-23,2.7595,2.2348,3.631928,0.000000,1.0000,
2019-07-24,2.7818,2.2494,3.661278,0.000000,1.0000,
2019-07-25,2.7949,2.2580,3.678520,0.000000,1.0000,
2019-07-26,2.8063,2.2655,3.693524,0.000000,1.0000,
2019-07-29,2.8112,2.2687,3.699973,0.000000,1.0000,
2019-07-30,2.8279,2.2796,3.721953,0.000000,1.0000,
2019-07-31,2.8070,2.2660,3.694445,0.000000,1.0000,
2019-08-01,2.7882,2.2536,3.669701,0.000000,1.0000,
2019-08-02,2.7508,2.2291,3.620477,0.000000,1.0000,
2019-08-05,2.7008,2.1964,3.554670,0.000000,1.0000,
2019-08-06,2.6570,2.1677,3.497022,0.000000,1.0000,
2019-08-07,2.6502,2.1632,3.488072,0.000000,1.0000,
2019-08-08,2.6777,2.1812,3.524266,0.000000,1.0000,
2019-08-09,2.6657,2.1734,3.508473,0.000000,1.0000,
2019-08-12,2.7086,2.2015,3.564936,0.000000,1.0000,
2019-08-13,2.6905,2.1896,3.541113,0.000000,1.0000,
2019-08-14,2.6980,2.1945,3.550984,0.000000,1.0000,
2019-08-15,2.7110,2.2030,3.568094,0.000000,1.0000,
2019-08-16,2.7051,2.1992,3.560329,0.000000,1.0000,
2019-08-19,2.7572,2.2333,3.628901,0.000000,1.0000,
2019-08-20,2.7604,2.2354,3.633112,0.000000,1.0000,
2019-08-21,2.7596,2.2349,3.632059,0.000000,1.0000,
2019-08-22,2.7521,2.2300,3.622188,0.000000,1.0000,
2019-08-23,2.7625,2.2368,3.635876,0.000000,1.0000,
2019-08-26,2.7414,2.2230,3.608105,0.000000,1.0000,
2019-08-27,2.7749,2.2449,3.652197,0.000000,1.0000,
2019-08-28,2.7691,2.2411,3.644563,0.000000,1.0000,
2019-08-29,2.7538,2.2311,3.624426,0.000000,1.0000,
2019-08-30,2.7435,2.2243,3.610869,0.000000,1.0000,
2019-09-02,2.7745,2.2447,3.651670,0.000000,1.0000,
2019-09-03,2.7821,2.2496,3.661673,0.000000,1.0000,
2019-09-04,2.8236,2.2768,3.716293,0.000000,1.0000,
2019-09-05,2.8396,2.2873,3.737352,0.000000,1.0000,
2019-09-06,2.8556,2.2978,3.758410,0.000000,1.0000,
2019-09-09,2.8703,2.3074,3.777758,0.000000,1.0000,
2019-09-10,2.8558,2.2979,3.758674,0.000000,1.0000,
2019-09-11,2.8509,2.2947,3.752224,0.000000,1.0000,
2019-09-12,2.8732,2.3093,3.781575,0.000000,1.0000,
2019-09-16,2.8784,2.3127,3.788419,0.000000,1.0000,
2019-09-17,2.8363,2.2852,3.733008,0.000000,1.0000,
2019-09-18,2.8414,2.2885,3.739721,0.000000,1.0000,
2019-09-19,2.8473,2.2924,3.747486,0.000000,1.0000,
2019-09-20,2.8479,2.2928,3.748276,0.000000,1.0000,
2019-09-23,2.8203,2.2747,3.711950,0.000000,1.0000,
2019-09-24,2.8224,2.2760,3.714714,0.000000,1.0000,
2019-09-25,2.7904,2.2551,3.672597,0.000000,1.0000,
2019-09-26,2.7907,2.2553,3.672992,0.000000,1.0000,
2019-09-27,2.7777,2.2468,3.655882,0.000000,1.0000,
2019-09-30,2.7522,2.2300,3.622320,0.000000,1.0000,
2019-10-08,2.7688,2.2409,3.644168,0.000000,1.0000,
2019-10-09,2.7978,2.2599,3.682337,0.000000,1.0000,
2019-10-10,2.8116,2.2690,3.700499,0.000000,1.0000,
2019-10-11,2.8367,2.2854,3.733535,0.000000,1.0000,
2019-10-14,2.8670,2.3053,3.773414,0.000000,1.0000,
2019-10-15,2.8481,2.2929,3.748539,0.000000,1.0000,
2019-10-16,2.8412,2.2884,3.739458,0.000000,1.0000,
2019-10-17,2.8270,2.2791,3.720768,0.000000,1.0000,
2019-10-18,2.7942,2.2576,3.677598,0.000000,1.0000,
2019-10-21,2.8056,2.2650,3.692603,0.000000,1.0000,
2019-10-22,2.8108,2.2684,3.699447,0.000000,1.0000,
2019-10-23,2.8032,2.2635,3.689444,0.000000,1.0000,
2019-10-24,2.8071,2.2660,3.694577,0.000000,1.0000,
2019-10-25,2.8116,2.2690,3.700499,0.000000,1.0000,
2019-10-28,2.8226,2.2762,3.714977,0.000000,1.0000,
2019-10-29,2.8059,2.2652,3.692997,0.000000,1.0000,
2019-10-30,2.7748,2.2449,3.652065,0.000000,1.0000,
2019-10-31,2.7627,2.2369,3.636140,0.000000,1.0000,
2019-11-01,2.7921,2.2562,3.674834,0.000000,1.0000,
2019-11-04,2.8031,2.2634,3.689312,0.000000,1.0000,
2019-11-05,2.8151,2.2713,3.705106,0.000000,1.0000,
2019-11-06,2.7972,2.2595,3.681547,0.000000,1.0000,
2019-11-07,2.8005,2.2617,3.685890,0.000000,1.0000,
2019-11-08,2.7872,2.2530,3.668385,0.000000,1.0000,
2019-11-11,2.7372,2.2202,3.602578,0.000000,1.0000,
2019-11-12,2.7466,2.2264,3.614949,0.000000,1.0000,
2019-11-13,2.7317,2.2166,3.595339,0.000000,1.0000,
2019-11-14,2.7301,2.2156,3.593233,0.000000,1.0000,
2019-11-15,2.7113,2.2032,3.568489,0.000000,1.0000,
2019-11-18,2.7312,2.2163,3.594681,0.000000,1.0000,
2019-11-19,2.7564,2.2328,3.627848,0.000000,1.0000,
2019-11-20,2.7376,2.2205,3.603104,0.000000,1.0000,
2019-11-21,2.7398,2.2219,3.606000,0.000000,1.0000,
2019-11-22,2.7366,2.2198,3.601788,0.000000,1.0000,
2019-11-25,2.7740,2.2443,3.651012,0.000000,1.0000,
2019-11-26,2.7671,2.2398,3.641931,0.000000,1.0000,
2019-11-27,2.7599,2.2351,3.632454,0.000000,1.0000,
2019-11-28,2.7492,2.2281,3.618371,0.000000,1.0000,
2019-11-29,2.7452,2.2255,3.613107,0.000000,1.0000,
2019-12-02,2.7526,2.2303,3.622846,0.000000,1.0000,
2019-12-03,2.7603,2.2353,3.632981,0.000000,1.0000,
2019-12-04,2.7423,2.2236,3.609290,0.000000,1.0000,
2019-12-05,2.7522,2.2300,3.622320,0.000000,1.0000,
2019-12-06,2.7510,2.2293,3.620741,0.000000,1.0000,
2019-12-09,2.7725,2.2433,3.649038,0.000000,1.0000,
2019-12-10,2.7689,2.2410,3.644300,0.000000,1.0000,
2019-12-11,2.7905,2.2551,3.672729,0.000000,1.0000,
2019-12-12,2.7930,2.2568,3.676019,0.000000,1.0000,
2019-12-13,2.8319,2.2823,3.727217,0.000000,1.0000,
2019-12-16,2.8446,2.2906,3.743933,0.000000,1.0000,
2019-12-17,2.8645,2.3036,3.770124,0.000000,1.0000,
2019-12-18,2.8570,2.2987,3.760253,0.000000,1.0000,
2019-12-19,2.8618,2.3019,3.766570,0.000000,1.0000,
2019-12-20,2.8479,2.2928,3.748276,0.000000,1.0000,
2019-12-23,2.8128,2.2698,3.702079,0.000000,1.0000,
2019-12-24,2.8254,2.2780,3.718662,0.000000,1.0000,
2019-12-25,2.8233,2.2766,3.715898,0.000000,1.0000,
2019-12-26,2.8582,2.2995,3.761832,0.000000,1.0000,
2019-12-27,2.8549,2.2973,3.757489,0.000000,1.0000,
2019-12-30,2.8855,2.3174,3.797763,0.000000,1.0000,
2019-12-31,2.8992,2.3264,3.815795,0.000000,1.0000,
2020-01-02,2.9307,2.3470,3.857253,0.000000,1.0000,
2020-01-03,2.9281,2.3453,3.853831,0.000000,1.0000,
2020-01-06,2.9238,2.3425,3.848172,0.000000,1.0000,
2020-01-07,2.9434,2.3553,3.873969,0.000000,1.0000,
2020-01-08,2.9195,2.3397,3.842513,0.000000,1.0000,
2020-01-09,2.9471,2.3578,3.878838,0.000000,1.0000,
2020-01-10,2.9338,2.3490,3.861334,0.000000,1.0000,
2020-01-13,2.9494,2.3593,3.881866,0.000000,1.0000,
2020-01-14,2.9501,2.3597,3.882787,0.000000,1.0000,
2020-01-15,2.9350,2.3498,3.862913,0.000000,1.0000,
2020-01-16,2.9258,2.3438,3.850804,0.000000,1.0000,
2020-01-17,2.7829,2.3445,3.852252,0.144000,1.0000,每10份派现金1.4400元
2020-01-20,2.7840,2.3452,3.853775,0.000000,1.0000,
2020-01-21,2.7303,2.3101,3.779440,0.000000,1.0000,
2020-01-22,2.7342,2.3126,3.784839,0.000000,1.0000,
2020-01-23,2.6600,2.2640,3.682127,0.000000,1.0000,
2020-02-03,2.4317,2.1144,3.366101,0.000000,1.0000,
2020-02-04,2.4749,2.1427,3.425901,0.000000,1.0000,
2020-02-05,2.5024,2.1607,3.463968,0.000000,1.0000,
2020-02-06,2.5216,2.1733,3.490545,0.000000,1.0000,
2020-02-07,2.5188,2.1715,3.486669,0.000000,1.0000,
2020-02-10,2.5574,2.1968,3.540102,0.000000,1.0000,
2020-02-11,2.5682,2.2038,3.555052,0.000000,1.0000,
2020-02-12,2.5770,2.2096,3.567233,0.000000,1.0000,
2020-02-13,2.5610,2.1991,3.545085,0.000000,1.0000,
2020-02-14,2.5779,2.2102,3.568479,0.000000,1.0000,
2020-02-17,2.6272,2.2425,3.636723,0.000000,1.0000,
2020-02-18,2.6226,2.2395,3.630355,0.000000,1.0000,
2020-02-19,2.6225,2.2394,3.630217,0.000000,1.0000,
2020-02-20,2.6612,2.2648,3.683788,0.000000,1.0000,
2020-02-21,2.6770,2.2751,3.705659,0.000000,1.0000,
2020-02-24,2.6578,2.2625,3.679081,0.000000,1.0000,
2020-02-25,2.6255,2.2414,3.634370,0.000000,1.0000,
2020-02-26,2.6336,2.2467,3.645582,0.000000,1.0000,
2020-02-27,2.6313,2.2452,3.642399,0.000000,1.0000,
2020-02-28,2.5529,2.1938,3.533873,0.000000,1.0000,
2020-03-02,2.6401,2.2509,3.654580,0.000000,1.0000,
2020-03-03,2.6434,2.2531,3.659148,0.000000,1.0000,
2020-03-04,2.6690,2.2699,3.694585,0.000000,1.0000,
2020-03-05,2.6932,2.2857,3.728084,0.000000,1.0000,
2020-03-06,2.6619,2.2652,3.684757,0.000000,1.0000,
2020-03-09,2.5942,2.2209,3.591043,0.000000,1.0000,
2020-03-10,2.6342,2.2471,3.646413,0.000000,1.0000,
2020-03-11,2.6130,2.2332,3.617067,0.000000,1.0000,
2020-03-12,2.5775,2.2099,3.567925,0.000000,1.0000,
2020-03-13,2.5311,2.1795,3.503696,0.000000,1.0000,
2020-03-16,2.4674,2.1378,3.415519,0.000000,1.0000,
2020-03-17,2.4539,2.1289,3.396831,0.000000,1.0000,
2020-03-18,2.4146,2.1032,3.342430,0.000000,1.0000,
2020-03-19,2.3783,2.0794,3.292181,0.000000,1.0000,
2020-03-20,2.4029,2.0955,3.326234,0.000000,1.0000,
2020-03-23,2.3244,2.0441,3.217570,0.000000,1.0000,
2020-03-24,2.3777,2.0790,3.291351,0.000000,1.0000,
2020-03-25,2.4357,2.1170,3.371638,0.000000,1.0000,
2020-03-26,2.4113,2.1010,3.337862,0.000000,1.0000,
2020-03-27,2.4259,2.1106,3.358072,0.000000,1.0000,
2020-03-30,2.4024,2.0952,3.325542,0.000000,1.0000,
2020-03-31,2.3990,2.0930,3.320835,0.000000,1.0000,
2020-04-01,2.3820,2.0818,3.297303,0.000000,1.0000,
2020-04-02,2.4156,2.1038,3.343814,0.000000,1.0000,
2020-04-03,2.4023,2.0951,3.325403,0.000000,1.0000,
2020-04-07,2.4387,2.1190,3.375790,0.000000,1.0000,
2020-04-08,2.4351,2.1166,3.370807,0.000000,1.0000,
2020-04-09,2.4415,2.1208,3.379666,0.000000,1.0000,
2020-04-10,2.4170,2.1048,3.345752,0.000000,1.0000,
2020-04-13,2.4110,2.1008,3.337446,0.000000,1.0000,
2020-04-14,2.4351,2.1166,3.370807,0.000000,1.0000,
2020-04-15,2.4213,2.1076,3.351704,0.000000,1.0000,
2020-04-16,2.4167,2.1046,3.345337,0.000000,1.0000,
2020-04-17,2.4259,2.1106,3.358072,0.000000,1.0000,
2020-04-20,2.4284,2.1122,3.361533,0.000000,1.0000,
2020-04-21,2.4078,2.0987,3.333017,0.000000,1.0000,
2020-04-22,2.4123,2.1017,3.339246,0.000000,1.0000,
2020-04-23,2.4026,2.0953,3.325819,0.000000,1.0000,
2020-04-24,2.3844,2.0834,3.300625,0.000000,1.0000,
2020-04-27,2.3945,2.0900,3.314606,0.000000,1.0000,
2020-04-28,2.3802,2.0806,3.294811,0.000000,1.0000,
2020-04-29,2.4161,2.1042,3.344506,0.000000,1.0000,
2020-04-30,2.4529,2.1283,3.395447,0.000000,1.0000,
2020-05-06,2.4490,2.1257,3.390048,0.000000,1.0000,
2020-05-07,2.4549,2.1296,3.398215,0.000000,1.0000,
2020-05-08,2.4684,2.1384,3.416903,0.000000,1.0000,
2020-05-11,2.4670,2.1375,3.414965,0.000000,1.0000,
2020-05-12,2.4527,2.1281,3.395170,0.000000,1.0000,
2020-05-13,2.4583,2.1318,3.402922,0.000000,1.0000,
2020-05-14,2.4325,2.1149,3.367208,0.000000,1.0000,
2020-05-15,2.4255,2.1103,3.357518,0.000000,1.0000,
2020-05-18,2.4244,2.1096,3.355996,0.000000,1.0000,
2020-05-19,2.4367,2.1177,3.373022,0.000000,1.0000,
2020-05-20,2.4213,2.1076,3.351704,0.000000,1.0000,
2020-05-21,2.4096,2.0999,3.335509,0.000000,1.0000,
2020-05-22,2.3687,2.0731,3.278892,0.000000,1.0000,
2020-05-25,2.3782,2.0793,3.292043,0.000000,1.0000,
2020-05-26,2.3875,2.0854,3.304916,0.000000,1.0000,
2020-05-27,2.4032,2.0957,3.326649,0.000000,1.0000,
2020-05-28,2.4056,2.0973,3.329971,0.000000,1.0000,
2020-05-29,2.3882,2.0859,3.305885,0.000000,1.0000,
2020-06-01,2.4336,2.1156,3.368731,0.000000,1.0000,
2020-06-02,2.4468,2.1243,3.387003,0.000000,1.0000,
2020-06-03,2.4530,2.1283,3.395585,0.000000,1.0000,
2020-06-04,2.4604,2.1332,3.405829,0.000000,1.0000,
2020-06-05,2.4434,2.1221,3.382296,0.000000,1.0000,
2020-06-08,2.4588,2.1321,3.403614,0.000000,1.0000,
2020-06-09,2.4642,2.1357,3.411089,0.000000,1.0000,
2020-06-10,2.4509,2.1270,3.392678,0.000000,1.0000,
2020-06-11,2.4314,2.1142,3.365685,0.000000,1.0000,
2020-06-12,2.4317,2.1144,3.366101,0.000000,1.0000,
2020-06-15,2.4093,2.0997,3.335093,0.000000,1.0000,
2020-06-16,2.4466,2.1241,3.386726,0.000000,1.0000,
2020-06-17,2.4538,2.1289,3.396693,0.000000,1.0000,
2020-06-18,2.4764,2.1437,3.427977,0.000000,1.0000,
2020-06-19,2.4703,2.1397,3.419533,0.000000,1.0000,
2020-06-22,2.4562,2.1304,3.400015,0.000000,1.0000,
2020-06-23,2.4439,2.1224,3.382989,0.000000,1.0000,
2020-06-24,2.4485,2.1254,3.389356,0.000000,1.0000,
2020-06-29,2.4340,2.1159,3.369284,0.000000,1.0000,
2020-06-30,2.4536,2.1287,3.396416,0.000000,1.0000,
2020-07-01,2.4942,2.1553,3.452617,0.000000,1.0000,
2020-07-02,2.5498,2.1918,3.529581,0.000000,1.0000,
2020-07-03,2.5843,2.2144,3.577338,0.000000,1.0000,
2020-07-06,2.7377,2.3149,3.789684,0.000000,1.0000,
2020-07-07,2.7221,2.3047,3.768089,0.000000,1.0000,
2020-07-08,2.7547,2.3260,3.813216,0.000000,1.0000,
2020-07-09,2.7800,2.3426,3.848238,0.000000,1.0000,
2020-07-10,2.7058,2.2940,3.745526,0.000000,1.0000,
2020-07-13,2.7703,2.3363,3.834810,0.000000,1.0000,
2020-07-14,2.7542,2.3257,3.812524,0.000000,1.0000,
2020-07-15,2.7057,2.2939,3.745387,0.000000,1.0000,
2020-07-16,2.6436,2.2532,3.659425,0.000000,1.0000,
2020-07-17,2.6405,2.2512,3.655134,0.000000,1.0000,
2020-07-20,2.7473,2.3212,3.802972,0.000000,1.0000,
2020-07-21,2.7376,2.3148,3.789545,0.000000,1.0000,
2020-07-22,2.7399,2.3163,3.792729,0.000000,1.0000,
2020-07-23,2.7061,2.2942,3.745941,0.000000,1.0000,
2020-07-24,2.6182,2.2366,3.624265,0.000000,1.0000,
2020-07-27,2.6130,2.2332,3.617067,0.000000,1.0000,
2020-07-28,2.6324,2.2459,3.643921,0.000000,1.0000,
2020-07-29,2.6702,2.2707,3.696246,0.000000,1.0000,
2020-07-30,2.6665,2.2682,3.691124,0.000000,1.0000,
2020-07-31,2.6906,2.2840,3.724485,0.000000,1.0000,
2020-08-03,2.7502,2.3231,3.806987,0.000000,1.0000,
2020-08-04,2.7464,2.3206,3.801727,0.000000,1.0000,
2020-08-05,2.7340,2.3125,3.784562,0.000000,1.0000,
2020-08-06,2.7487,2.3221,3.804910,0.000000,1.0000,
2020-08-07,2.7398,2.3163,3.792591,0.000000,1.0000,
2020-08-10,2.7723,2.3376,3.837579,0.000000,1.0000,
2020-08-11,2.7497,2.3228,3.806295,0.000000,1.0000,
2020-08-12,2.7422,2.3178,3.795913,0.000000,1.0000,
2020-08-13,2.7633,2.3317,3.825121,0.000000,1.0000,
2020-08-14,2.7791,2.3420,3.846992,0.000000,1.0000,
2020-08-17,2.8414,2.3829,3.933231,0.000000,1.0000,
2020-08-18,2.8447,2.3850,3.937799,0.000000,1.0000,
2020-08-19,2.8283,2.3743,3.915097,0.000000,1.0000,
2020-08-20,2.8114,2.3632,3.891703,0.000000,1.0000,
2020-08-21,2.8114,2.3632,3.891703,0.000000,1.0000,
2020-08-24,2.8146,2.3653,3.896133,0.000000,1.0000,
2020-08-25,2.8043,2.3585,3.881875,0.000000,1.0000,
2020-08-26,2.7581,2.3283,3.817922,0.000000,1.0000,
2020-08-27,2.7668,2.3340,3.829966,0.000000,1.0000,
2020-08-28,2.8050,2.3590,3.882844,0.000000,1.0000,
2020-08-31,2.7870,2.3472,3.857928,0.000000,1.0000,
2020-09-01,2.7888,2.3484,3.860419,0.000000,1.0000,
2020-09-02,2.7881,2.3479,3.859450,0.000000,1.0000,
2020-09-03,2.7761,2.3401,3.842839,0.000000,1.0000,
2020-09-04,2.7578,2.3281,3.817507,0.000000,1.0000,
2020-09-07,2.7447,2.3195,3.799373,0.000000,1.0000,
2020-09-08,2.7618,2.3307,3.823044,0.000000,1.0000,
2020-09-09,2.7382,2.3152,3.790376,0.000000,1.0000,
2020-09-10,2.7187,2.3025,3.763383,0.000000,1.0000,
2020-09-11,2.7163,2.3009,3.760060,0.000000,1.0000,
2020-09-14,2.7240,2.3059,3.770719,0.000000,1.0000,
2020-09-15,2.7303,2.3101,3.779440,0.000000,1.0000,
2020-09-16,2.7356,2.3135,3.786777,0.000000,1.0000,
2020-09-17,2.7383,2.3153,3.790514,0.000000,1.0000,
2020-09-18,2.7768,2.3405,3.843808,0.000000,1.0000,
2020-09-21,2.7629,2.3314,3.824567,0.000000,1.0000,
2020-09-22,2.7233,2.3055,3.769750,0.000000,1.0000,
2020-09-23,2.7271,2.3080,3.775010,0.000000,1.0000,
2020-09-24,2.6856,2.2808,3.717564,0.000000,1.0000,
2020-09-25,2.6756,2.2742,3.703721,0.000000,1.0000,
2020-09-28,2.6832,2.2792,3.714242,0.000000,1.0000,
2020-09-29,2.6824,2.2787,3.713134,0.000000,1.0000,
2020-09-30,2.6728,2.2724,3.699845,0.000000,1.0000,
2020-10-09,2.7123,2.2983,3.754523,0.000000,1.0000,
2020-10-12,2.7611,2.3302,3.822075,0.000000,1.0000,
2020-10-13,2.7529,2.3249,3.810724,0.000000,1.0000,
2020-10-14,2.7452,2.3198,3.800066,0.000000,1.0000,
2020-10-15,2.7315,2.3108,3.781101,0.000000,1.0000,
2020-10-16,2.7378,2.3150,3.789822,0.000000,1.0000,
2020-10-19,2.7252,2.3067,3.772380,0.000000,1.0000,
2020-10-20,2.7216,2.3044,3.767397,0.000000,1.0000,
2020-10-21,2.7209,2.3039,3.766428,0.000000,1.0000,
2020-10-22,2.7068,2.2947,3.746910,0.000000,1.0000,
2020-10-23,2.6973,2.2884,3.733760,0.000000,1.0000,
2020-10-26,2.6834,2.2793,3.714518,0.000000,1.0000,
2020-10-27,2.6763,2.2747,3.704690,0.000000,1.0000,
2020-10-28,2.6809,2.2777,3.711058,0.000000,1.0000,
2020-10-29,2.7012,2.2910,3.739158,0.000000,1.0000,
2020-10-30,2.6818,2.2783,3.712304,0.000000,1.0000,
2020-11-02,2.6976,2.2886,3.734175,0.000000,1.0000,
2020-11-03,2.7207,2.3038,3.766151,0.000000,1.0000,
2020-11-04,2.7447,2.3195,3.799373,0.000000,1.0000,
2020-11-05,2.7909,2.3498,3.863326,0.000000,1.0000,
2020-11-06,2.8138,2.3648,3.895026,0.000000,1.0000,
2020-11-09,2.8656,2.3987,3.966730,0.000000,1.0000,
2020-11-10,2.8497,2.3883,3.944721,0.000000,1.0000,
2020-11-11,2.8621,2.3964,3.961885,0.000000,1.0000,
2020-11-12,2.8827,2.4099,3.990401,0.000000,1.0000,
2020-11-13,2.8598,2.3949,3.958702,0.000000,1.0000,
2020-11-16,2.9154,2.4313,4.035666,0.000000,1.0000,
2020-11-17,2.9274,2.4392,4.052277,0.000000,1.0000,
2020-11-18,2.9417,2.4486,4.072072,0.000000,1.0000,
2020-11-19,2.9182,2.4332,4.039542,0.000000,1.0000,
2020-11-20,2.9368,2.4454,4.065289,0.000000,1.0000,
2020-11-23,2.9793,2.4732,4.124120,0.000000,1.0000,
2020-11-24,2.9711,2.4678,4.112769,0.000000,1.0000,
2020-11-25,2.9356,2.4446,4.063628,0.000000,1.0000,
2020-11-26,2.9335,2.4432,4.060721,0.000000,1.0000,
2020-11-27,2.9566,2.4583,4.092698,0.000000,1.0000,
2020-11-30,2.9156,2.4315,4.035943,0.000000,1.0000,
2020-12-01,2.9387,2.4466,4.067920,0.000000,1.0000,
2020-12-02,2.9356,2.4446,4.063628,0.000000,1.0000,
2020-12-03,2.9096,2.4275,4.027638,0.000000,1.0000,
2020-12-04,2.8956,2.4184,4.008258,0.000000,1.0000,
2020-12-07,2.8540,2.3911,3.950673,0.000000,1.0000,
2020-12-08,2.8471,2.3866,3.941121,0.000000,1.0000,
2020-12-09,2.8147,2.3654,3.896271,0.000000,1.0000,
2020-12-10,2.8221,2.3702,3.906515,0.000000,1.0000,
2020-12-11,2.8124,2.3638,3.893088,0.000000,1.0000,
2020-12-14,2.7761,2.3401,3.842839,0.000000,1.0000,
2020-12-15,2.7690,2.3354,3.833011,0.000000,1.0000,
2020-12-16,2.7671,2.3342,3.830381,0.000000,1.0000,
2020-12-17,2.7901,2.3492,3.862219,0.000000,1.0000,
2020-12-18,2.8106,2.3627,3.890596,0.000000,1.0000,
2020-12-21,2.8173,2.3671,3.899871,0.000000,1.0000,
2020-12-22,2.7517,2.3241,3.809063,0.000000,1.0000,
2020-12-23,2.7583,2.3284,3.818199,0.000000,1.0000,
2020-12-24,2.7465,2.3207,3.801865,0.000000,1.0000,
2020-12-25,2.7577,2.3280,3.817369,0.000000,1.0000,
2020-12-28,2.7442,2.3192,3.798681,0.000000,1.0000,
2020-12-29,2.7201,2.3034,3.765321,0.000000,1.0000,
2020-12-30,2.7268,2.3078,3.774595,0.000000,1.0000,
2020-12-31,2.7369,2.3144,3.788576,0.000000,1.0000,
2021-01-04,2.7348,2.3130,3.785669,0.000000,1.0000,
2021-01-05,2.7197,2.3031,3.764767,0.000000,1.0000,
2021-01-06,2.7228,2.3051,3.769058,0.000000,1.0000,
2021-01-07,2.7121,2.2981,3.754247,0.000000,1.0000,
2021-01-08,2.7230,2.3053,3.769335,0.000000,1.0000,
2021-01-11,2.6888,2.2829,3.721993,0.000000,1.0000,
2021-01-12,2.7123,2.2983,3.754523,0.000000,1.0000,
2021-01-13,2.7191,2.3027,3.763936,0.000000,1.0000,
2021-01-14,2.7146,2.2998,3.757707,0.000000,1.0000,
2021-01-15,2.7302,2.3100,3.779302,0.000000,1.0000,
2021-01-18,2.6054,2.3206,3.801727,0.141000,1.0000,每10份派现金1.4100元
2021-01-19,2.6144,2.3265,3.814859,0.000000,1.0000,
2021-01-20,2.6070,2.3216,3.804061,0.000000,1.0000,
2021-01-21,2.6153,2.3271,3.816172,0.000000,1.0000,
2021-01-22,2.5863,2.3081,3.773856,0.000000,1.0000,
2021-01-25,2.5516,2.2853,3.723223,0.000000,1.0000,
2021-01-26,2.5431,2.2798,3.710820,0.000000,1.0000,
2021-01-27,2.5406,2.2781,3.707172,0.000000,1.0000,
2021-01-28,2.5122,2.2595,3.665732,0.000000,1.0000,
2021-01-29,2.4899,2.2449,3.633192,0.000000,1.0000,
2021-02-01,2.5099,2.2580,3.662376,0.000000,1.0000,
2021-02-02,2.5156,2.2618,3.670693,0.000000,1.0000,
2021-02-03,2.4954,2.2485,3.641218,0.000000,1.0000,
2021-02-04,2.4786,2.2375,3.616704,0.000000,1.0000,
2021-02-05,2.4969,2.2495,3.643406,0.000000,1.0000,
2021-02-08,2.5119,2.2593,3.665294,0.000000,1.0000,
2021-02-09,2.5283,2.2701,3.689224,0.000000,1.0000,
2021-02-10,2.5420,2.2791,3.709215,0.000000,1.0000,
2021-02-18,2.6137,2.3260,3.813838,0.000000,1.0000,
2021-02-19,2.6632,2.3585,3.886067,0.000000,1.0000,
2021-02-22,2.7026,2.3843,3.943558,0.000000,1.0000,
2021-02-23,2.6785,2.3685,3.908392,0.000000,1.0000,
2021-02-24,2.6456,2.3469,3.860385,0.000000,1.0000,
2021-02-25,2.6911,2.3768,3.926778,0.000000,1.0000,
2021-02-26,2.6334,2.3389,3.842583,0.000000,1.0000,
2021-03-01,2.6756,2.3666,3.904161,0.000000,1.0000,
2021-03-02,2.6553,2.3533,3.874539,0.000000,1.0000,
2021-03-03,2.7267,2.4001,3.978724,0.000000,1.0000,
2021-03-04,2.7201,2.3958,3.969094,0.000000,1.0000,
2021-03-05,2.6892,2.3755,3.924005,0.000000,1.0000,
2021-03-08,2.6733,2.3651,3.900804,0.000000,1.0000,
2021-03-09,2.6686,2.3620,3.893946,0.000000,1.0000,
2021-03-10,2.6501,2.3499,3.866952,0.000000,1.0000,
2021-03-11,2.7030,2.3846,3.944142,0.000000,1.0000,
2021-03-12,2.7309,2.4028,3.984853,0.000000,1.0000,
2021-03-15,2.7533,2.4175,4.017538,0.000000,1.0000,
2021-03-16,2.7598,2.4218,4.027023,0.000000,1.0000,
2021-03-17,2.7446,2.4118,4.004843,0.000000,1.0000,
2021-03-18,2.7430,2.4108,4.002509,0.000000,1.0000,
2021-03-19,2.7256,2.3994,3.977119,0.000000,1.0000,
2021-03-22,2.7541,2.4180,4.018706,0.000000,1.0000,
2021-03-23,2.7247,2.3988,3.975806,0.000000,1.0000,
2021-03-24,2.6787,2.3686,3.908684,0.000000,1.0000,
2021-03-25,2.6822,2.3709,3.913791,0.000000,1.0000,
2021-03-26,2.7174,2.3940,3.965154,0.000000,1.0000,
2021-03-29,2.7557,2.4191,4.021040,0.000000,1.0000,
2021-03-30,2.7538,2.4178,4.018268,0.000000,1.0000,
2021-03-31,2.7455,2.4124,4.006157,0.000000,1.0000,
2021-04-01,2.7654,2.4254,4.035194,0.000000,1.0000,
2021-04-02,2.7337,2.4047,3.988938,0.000000,1.0000,
2021-04-06,2.7432,2.4109,4.002801,0.000000,1.0000,
2021-04-07,2.7687,2.4276,4.040009,0.000000,1.0000,
2021-04-08,2.7649,2.4251,4.034465,0.000000,1.0000,
2021-04-09,2.7704,2.4287,4.042490,0.000000,1.0000,
2021-04-12,2.7747,2.4315,4.048764,0.000000,1.0000,
2021-04-13,2.7433,2.4110,4.002946,0.000000,1.0000,
2021-04-14,2.7542,2.4181,4.018851,0.000000,1.0000,
2021-04-15,2.7570,2.4199,4.022937,0.000000,1.0000,
2021-04-16,2.7948,2.4447,4.078094,0.000000,1.0000,
2021-04-19,2.8001,2.4482,4.085827,0.000000,1.0000,
2021-04-20,2.7926,2.4433,4.074884,0.000000,1.0000,
2021-04-21,2.7812,2.4358,4.058249,0.000000,1.0000,
2021-04-22,2.7892,2.4410,4.069922,0.000000,1.0000,
2021-04-23,2.7885,2.4406,4.068901,0.000000,1.0000,
2021-04-26,2.7721,2.4298,4.044971,0.000000,1.0000,
2021-04-27,2.7664,2.4261,4.036653,0.000000,1.0000,
2021-04-28,2.7729,2.4304,4.046138,0.000000,1.0000,
2021-04-29,2.7899,2.4415,4.070944,0.000000,1.0000,
2021-04-30,2.7537,2.4178,4.018122,0.000000,1.0000,
2021-05-06,2.8008,2.4486,4.086849,0.000000,1.0000,
2021-05-07,2.8306,2.4682,4.130332,0.000000,1.0000,
2021-05-10,2.8729,2.4959,4.192055,0.000000,1.0000,
2021-05-11,2.8432,2.4764,4.148718,0.000000,1.0000,
2021-05-12,2.8572,2.4856,4.169146,0.000000,1.0000,
2021-05-13,2.8117,2.4558,4.102754,0.000000,1.0000,
2021-05-14,2.8159,2.4585,4.108882,0.000000,1.0000,
2021-05-17,2.8105,2.4550,4.101003,0.000000,1.0000,
2021-05-18,2.8286,2.4669,4.127414,0.000000,1.0000,
2021-05-19,2.7982,2.4469,4.083055,0.000000,1.0000,
2021-05-20,2.7529,2.4173,4.016955,0.000000,1.0000,
2021-05-21,2.7609,2.4225,4.028628,0.000000,1.0000,
2021-05-24,2.7572,2.4201,4.023229,0.000000,1.0000,
2021-05-25,2.7888,2.4408,4.069339,0.000000,1.0000,
2021-05-26,2.8071,2.4528,4.096042,0.000000,1.0000,
2021-05-27,2.8188,2.4604,4.113114,0.000000,1.0000,
2021-05-28,2.8151,2.4580,4.107715,0.000000,1.0000,
2021-05-31,2.8206,2.4616,4.115740,0.000000,1.0000,
2021-06-01,2.8405,2.4747,4.144778,0.000000,1.0000,
2021-06-02,2.8345,2.4707,4.136023,0.000000,1.0000,
2021-06-03,2.8500,2.4809,4.158640,0.000000,1.0000,
2021-06-04,2.8389,2.4736,4.142443,0.000000,1.0000,
2021-06-07,2.8383,2.4732,4.141568,0.000000,1.0000,
2021-06-08,2.8271,2.4659,4.125225,0.000000,1.0000,
2021-06-09,2.8470,2.4789,4.154263,0.000000,1.0000,
2021-06-10,2.8544,2.4838,4.165060,0.000000,1.0000,
2021-06-11,2.8603,2.4876,4.173670,0.000000,1.0000,
2021-06-15,2.8421,2.4757,4.147113,0.000000,1.0000,
2021-06-16,2.8312,2.4686,4.131208,0.000000,1.0000,
2021-06-17,2.8215,2.4622,4.117054,0.000000,1.0000,
2021-06-18,2.8168,2.4591,4.110196,0.000000,1.0000,
2021-06-21,2.8119,2.4559,4.103046,0.000000,1.0000,
2021-06-22,2.8387,2.4735,4.142151,0.000000,1.0000,
2021-06-23,2.8779,2.4992,4.199351,0.000000,1.0000,
2021-06-24,2.8871,2.5052,4.212775,0.000000,1.0000,
2021-06-25,2.9133,2.5224,4.251006,0.000000,1.0000,
2021-06-28,2.8624,2.4890,4.176734,0.000000,1.0000,
2021-06-29,2.8363,2.4719,4.138649,0.000000,1.0000,
2021-06-30,2.8563,2.4850,4.167833,0.000000,1.0000,
2021-07-01,2.8542,2.4836,4.164769,0.000000,1.0000,
2021-07-02,2.8286,2.4669,4.127414,0.000000,1.0000,
2021-07-05,2.8383,2.4732,4.141568,0.000000,1.0000,
2021-07-06,2.8458,2.4781,4.152512,0.000000,1.0000,
2021-07-07,2.8457,2.4781,4.152366,0.000000,1.0000,
2021-07-08,2.7984,2.4471,4.083347,0.000000,1.0000,
2021-07-09,2.8235,2.4635,4.119972,0.000000,1.0000,
2021-07-12,2.8236,2.4636,4.120118,0.000000,1.0000,
2021-07-13,2.8525,2.4825,4.162288,0.000000,1.0000,
2021-07-14,2.8557,2.4846,4.166957,0.000000,1.0000,
2021-07-15,2.8879,2.5057,4.213943,0.000000,1.0000,
2021-07-16,2.8997,2.5134,4.231161,0.000000,1.0000,
2021-07-19,2.8899,2.5070,4.216861,0.000000,1.0000,
2021-07-20,2.8688,2.4932,4.186073,0.000000,1.0000,
2021-07-21,2.8630,2.4894,4.177609,0.000000,1.0000,
2021-07-22,2.8927,2.5089,4.220947,0.000000,1.0000,
2021-07-23,2.8732,2.4961,4.192493,0.000000,1.0000,
2021-07-26,2.8205,2.4616,4.115595,0.000000,1.0000,
2021-07-27,2.7630,2.4239,4.031692,0.000000,1.0000,
2021-07-28,2.7443,2.4116,4.004406,0.000000,1.0000,
2021-07-29,2.7586,2.4210,4.025272,0.000000,1.0000,
2021-07-30,2.7975,2.4465,4.082034,0.000000,1.0000,
2021-08-02,2.7702,2.4286,4.042198,0.000000,1.0000,
2021-08-03,2.7349,2.4055,3.990689,0.000000,1.0000,
2021-08-04,2.7657,2.4256,4.035632,0.000000,1.0000,
2021-08-05,2.7494,2.4150,4.011847,0.000000,1.0000,
2021-08-06,2.7649,2.4251,4.034465,0.000000,1.0000,
2021-08-09,2.8029,2.4500,4.089913,0.000000,1.0000,
2021-08-10,2.8056,2.4518,4.093853,0.000000,1.0000,
2021-08-11,2.8613,2.4883,4.175129,0.000000,1.0000,
2021-08-12,2.8935,2.5094,4.222114,0.000000,1.0000,
2021-08-13,2.8872,2.5053,4.212921,0.000000,1.0000,
2021-08-16,2.8934,2.5093,4.221968,0.000000,1.0000,
2021-08-17,2.8580,2.4861,4.170313,0.000000,1.0000,
2021-08-18,2.8792,2.5000,4.201248,0.000000,1.0000,
2021-08-19,2.8679,2.4926,4.184759,0.000000,1.0000,
2021-08-20,2.8845,2.5035,4.208982,0.000000,1.0000,
2021-08-23,2.8972,2.5118,4.227513,0.000000,1.0000,
2021-08-24,2.9215,2.5277,4.262971,0.000000,1.0000,
2021-08-25,2.9537,2.5488,4.309956,0.000000,1.0000,
2021-08-26,2.9966,2.5769,4.372555,0.000000,1.0000,
2021-08-27,3.0253,2.5958,4.414433,0.000000,1.0000,
2021-08-30,3.0504,2.6122,4.451058,0.000000,1.0000,
2021-08-31,3.1243,2.6606,4.558891,0.000000,1.0000,
2021-09-01,3.1179,2.6564,4.549552,0.000000,1.0000,
2021-09-02,3.1855,2.7007,4.648192,0.000000,1.0000,
2021-09-03,3.1752,2.6940,4.633163,0.000000,1.0000,
2021-09-06,3.2020,2.7115,4.672269,0.000000,1.0000,
2021-09-07,3.2813,2.7635,4.787981,0.000000,1.0000,
2021-09-08,3.3150,2.7856,4.837155,0.000000,1.0000,
2021-09-09,3.4093,2.8474,4.974755,0.000000,1.0000,
2021-09-10,3.3535,2.8108,4.893333,0.000000,1.0000,
2021-09-13,3.4287,2.8601,5.003063,0.000000,1.0000,
2021-09-14,3.3541,2.8112,4.894209,0.000000,1.0000,
2021-09-15,3.3355,2.7990,4.867068,0.000000,1.0000,
2021-09-16,3.3117,2.7834,4.832340,0.000000,1.0000,
2021-09-17,3.2324,2.7315,4.716627,0.000000,1.0000,
2021-09-22,3.2924,2.7708,4.804178,0.000000,1.0000,
2021-09-23,3.2759,2.7600,4.780101,0.000000,1.0000,
2021-09-24,3.1630,2.6860,4.615361,0.000000,1.0000,
2021-09-27,3.0824,2.6332,4.497752,0.000000,1.0000,
2021-09-28,3.1649,2.6872,4.618133,0.000000,1.0000,
2021-09-29,3.0658,2.6223,4.473529,0.000000,1.0000,
2021-09-30,3.0919,2.6394,4.511614,0.000000,1.0000,
2021-10-08,3.0773,2.6298,4.490310,0.000000,1.0000,
2021-10-11,3.1225,2.6594,4.556264,0.000000,1.0000,
2021-10-12,3.0820,2.6329,4.497168,0.000000,1.0000,
2021-10-13,3.0391,2.6048,4.434570,0.000000,1.0000,
2021-10-14,3.0215,2.5933,4.408888,0.000000,1.0000,
2021-10-15,3.0487,2.6111,4.448578,0.000000,1.0000,
2021-10-18,3.1000,2.6447,4.523433,0.000000,1.0000,
2021-10-19,3.1098,2.6511,4.537733,0.000000,1.0000,
2021-10-20,3.0407,2.6058,4.436904,0.000000,1.0000,
2021-10-21,3.0738,2.6275,4.485203,0.000000,1.0000,
2021-10-22,3.0075,2.5841,4.388460,0.000000,1.0000,
2021-10-25,3.0064,2.5834,4.386855,0.000000,1.0000,
2021-10-26,2.9802,2.5662,4.348624,0.000000,1.0000,
2021-10-27,2.9142,2.5230,4.252319,0.000000,1.0000,
2021-10-28,2.8379,2.4730,4.140984,0.000000,1.0000,
2021-10-29,2.8381,2.4731,4.141276,0.000000,1.0000,
2021-11-01,2.8468,2.4788,4.153971,0.000000,1.0000,
2021-11-02,2.7951,2.4449,4.078532,0.000000,1.0000,
2021-11-03,2.8408,2.4749,4.145216,0.000000,1.0000,
2021-11-04,2.8293,2.4673,4.128435,0.000000,1.0000,
2021-11-05,2.7836,2.4374,4.061751,0.000000,1.0000,
2021-11-08,2.7882,2.4404,4.068463,0.000000,1.0000,
2021-11-09,2.7729,2.4304,4.046138,0.000000,1.0000,
2021-11-10,2.7695,2.4281,4.041177,0.000000,1.0000,
2021-11-11,2.8174,2.4595,4.111071,0.000000,1.0000,
2021-11-12,2.7981,2.4469,4.082909,0.000000,1.0000,
2021-11-15,2.8043,2.4509,4.091956,0.000000,1.0000,
2021-11-16,2.7849,2.4382,4.063648,0.000000,1.0000,
2021-11-17,2.7893,2.4411,4.070068,0.000000,1.0000,
2021-11-18,2.7870,2.4396,4.066712,0.000000,1.0000,
2021-11-19,2.8278,2.4663,4.126247,0.000000,1.0000,
2021-11-22,2.8196,2.4610,4.114281,0.000000,1.0000,
2021-11-23,2.8368,2.4722,4.139379,0.000000,1.0000,
2021-11-24,2.8730,2.4960,4.192201,0.000000,1.0000,
2021-11-25,2.8604,2.4877,4.173816,0.000000,1.0000,
2021-11-26,2.8227,2.4630,4.118805,0.000000,1.0000,
2021-11-29,2.7954,2.4451,4.078969,0.000000,1.0000,
2021-11-30,2.7846,2.4380,4.063210,0.000000,1.0000,
2021-12-01,2.8227,2.4630,4.118805,0.000000,1.0000,
2021-12-02,2.8373,2.4726,4.140109,0.000000,1.0000,
2021-12-03,2.8723,2.4955,4.191180,0.000000,1.0000,
2021-12-06,2.8608,2.4880,4.174399,0.000000,1.0000,
2021-12-07,2.8891,2.5065,4.215694,0.000000,1.0000,
2021-12-08,2.8884,2.5060,4.214672,0.000000,1.0000,
2021-12-09,2.8987,2.5128,4.229702,0.000000,1.0000,
2021-12-10,2.8624,2.4890,4.176734,0.000000,1.0000,
2021-12-13,2.8612,2.4882,4.174983,0.000000,1.0000,
2021-12-14,2.8297,2.4676,4.129019,0.000000,1.0000,
2021-12-15,2.8396,2.4741,4.143465,0.000000,1.0000,
2021-12-16,2.8856,2.5042,4.210587,0.000000,1.0000,
2021-12-17,2.8698,2.4939,4.187532,0.000000,1.0000,
2021-12-20,2.8410,2.4750,4.145508,0.000000,1.0000,
2021-12-21,2.8844,2.5034,4.208836,0.000000,1.0000,
2021-12-22,2.8780,2.4992,4.199497,0.000000,1.0000,
2021-12-23,2.8888,2.5063,4.215256,0.000000,1.0000,
2021-12-24,2.8732,2.4961,4.192493,0.000000,1.0000,
2021-12-27,2.8840,2.5032,4.208252,0.000000,1.0000,
2021-12-28,2.8637,2.4899,4.178631,0.000000,1.0000,
2021-12-29,2.8503,2.4811,4.159078,0.000000,1.0000,
2021-12-30,2.8518,2.4821,4.161267,0.000000,1.0000,
2021-12-31,2.8794,2.5001,4.201540,0.000000,1.0000,
2022-01-04,2.9186,2.5258,4.258739,0.000000,1.0000,
2022-01-05,2.9057,2.5174,4.239916,0.000000,1.0000,
2022-01-06,2.9176,2.5252,4.257280,0.000000,1.0000,
2022-01-07,2.9236,2.5291,4.266035,0.000000,1.0000,
2022-01-10,2.9498,2.5463,4.304265,0.000000,1.0000,
2022-01-11,2.9672,2.5577,4.329655,0.000000,1.0000,
2022-01-12,2.9576,2.5514,4.315647,0.000000,1.0000,
2022-01-13,2.9558,2.5502,4.313021,0.000000,1.0000,
2022-01-14,2.9065,2.5179,4.241083,0.000000,1.0000,
2022-01-17,2.8262,2.5216,4.249401,0.086000,1.0000,每10份派现金0.8600元
2022-01-18,2.8606,2.5442,4.301124,0.000000,1.0000,
2022-01-19,2.8739,2.5529,4.321121,0.000000,1.0000,
2022-01-20,2.8641,2.5465,4.306386,0.000000,1.0000,
2022-01-21,2.8553,2.5407,4.293155,0.000000,1.0000,
2022-01-24,2.8467,2.5351,4.280224,0.000000,1.0000,
2022-01-25,2.7632,2.4804,4.154675,0.000000,1.0000,
2022-01-26,2.7713,2.4857,4.166854,0.000000,1.0000,
2022-01-27,2.7524,2.4733,4.138437,0.000000,1.0000,
2022-01-28,2.7366,2.4629,4.114680,0.000000,1.0000,
2022-02-07,2.8085,2.5100,4.222787,0.000000,1.0000,
2022-02-08,2.8773,2.5551,4.326233,0.000000,1.0000,
2022-02-09,2.8809,2.5575,4.331646,0.000000,1.0000,
2022-02-10,2.9231,2.5851,4.395097,0.000000,1.0000,
2022-02-11,2.9270,2.5877,4.400961,0.000000,1.0000,
2022-02-14,2.8818,2.5581,4.332999,0.000000,1.0000,
2022-02-15,2.8622,2.5452,4.303529,0.000000,1.0000,
2022-02-16,2.8846,2.5599,4.337209,0.000000,1.0000,
2022-02-17,2.8730,2.5523,4.319768,0.000000,1.0000,
2022-02-18,2.9295,2.5893,4.404720,0.000000,1.0000,
2022-02-21,2.9432,2.5983,4.425319,0.000000,1.0000,
2022-02-22,2.9330,2.5916,4.409982,0.000000,1.0000,
2022-02-23,2.9119,2.5778,4.378257,0.000000,1.0000,
2022-02-24,2.8757,2.5541,4.323828,0.000000,1.0000,
2022-02-25,2.8647,2.5469,4.307288,0.000000,1.0000,
2022-02-28,2.8767,2.5547,4.325331,0.000000,1.0000,
2022-03-01,2.9072,2.5747,4.371190,0.000000,1.0000,
2022-03-02,2.9392,2.5957,4.419304,0.000000,1.0000,
2022-03-03,2.9741,2.6186,4.471779,0.000000,1.0000,
2022-03-04,2.9672,2.6140,4.461405,0.000000,1.0000,
2022-03-07,2.9436,2.5986,4.425920,0.000000,1.0000,
2022-03-08,2.8494,2.5368,4.284284,0.000000,1.0000,
2022-03-09,2.8236,2.5199,4.245491,0.000000,1.0000,
2022-03-10,2.8477,2.5357,4.281727,0.000000,1.0000,
2022-03-11,2.8711,2.5511,4.316911,0.000000,1.0000,
2022-03-14,2.8244,2.5205,4.246694,0.000000,1.0000,
2022-03-15,2.6617,2.4138,4.002063,0.000000,1.0000,
2022-03-16,2.7236,2.4544,4.095134,0.000000,1.0000,
2022-03-17,2.7584,2.4772,4.147458,0.000000,1.0000,
2022-03-18,2.8349,2.5273,4.262482,0.000000,1.0000,
2022-03-21,2.8507,2.5377,4.286238,0.000000,1.0000,
2022-03-22,2.9023,2.5715,4.363823,0.000000,1.0000,
2022-03-23,2.8972,2.5682,4.356154,0.000000,1.0000,
2022-03-24,2.9029,2.5719,4.364725,0.000000,1.0000,
2022-03-25,2.9028,2.5718,4.364574,0.000000,1.0000,
2022-03-28,2.9499,2.6027,4.435393,0.000000,1.0000,
2022-03-29,2.9600,2.6093,4.450579,0.000000,1.0000,
2022-03-30,2.9789,2.6217,4.478996,0.000000,1.0000,
2022-03-31,3.0178,2.6472,4.537485,0.000000,1.0000,
2022-04-01,3.0468,2.6662,4.581089,0.000000,1.0000,
2022-04-06,3.0945,2.6975,4.652810,0.000000,1.0000,
2022-04-07,3.0424,2.6633,4.574473,0.000000,1.0000,
2022-04-08,3.0711,2.6821,4.617626,0.000000,1.0000,
2022-04-11,3.0218,2.6498,4.543500,0.000000,1.0000,
2022-04-12,3.0164,2.6463,4.535380,0.000000,1.0000,
2022-04-13,3.0331,2.6572,4.560490,0.000000,1.0000,
2022-04-14,3.0922,2.6959,4.649351,0.000000,1.0000,
2022-04-15,3.0563,2.6724,4.595373,0.000000,1.0000,
2022-04-18,2.9882,2.6278,4.492980,0.000000,1.0000,
2022-04-19,3.0364,2.6594,4.565452,0.000000,1.0000,
2022-04-20,2.9428,2.5980,4.424717,0.000000,1.0000,
2022-04-21,2.8847,2.5600,4.337360,0.000000,1.0000,
2022-04-22,2.9221,2.5845,4.393593,0.000000,1.0000,
2022-04-25,2.7927,2.4997,4.199031,0.000000,1.0000,
2022-04-26,2.7586,2.4773,4.147759,0.000000,1.0000,
2022-04-27,2.7979,2.5031,4.206849,0.000000,1.0000,
2022-04-28,2.8420,2.5320,4.273157,0.000000,1.0000,
2022-04-29,2.8804,2.5572,4.330894,0.000000,1.0000,
2022-05-05,2.8704,2.5506,4.315859,0.000000,1.0000,
2022-05-06,2.7867,2.4958,4.190009,0.000000,1.0000,
2022-05-09,2.7852,2.4948,4.187754,0.000000,1.0000,
2022-05-10,2.7844,2.4943,4.186551,0.000000,1.0000,
2022-05-11,2.7832,2.4935,4.184747,0.000000,1.0000,
2022-05-12,2.7698,2.4847,4.164599,0.000000,1.0000,
2022-05-13,2.8310,2.5248,4.256618,0.000000,1.0000,
2022-05-16,2.8682,2.5492,4.312551,0.000000,1.0000,
2022-05-17,2.8660,2.5477,4.309243,0.000000,1.0000,
2022-05-18,2.8326,2.5258,4.259023,0.000000,1.0000,
2022-05-19,2.8394,2.5303,4.269248,0.000000,1.0000,
2022-05-20,2.8804,2.5572,4.330894,0.000000,1.0000,
2022-05-23,2.8838,2.5594,4.336006,0.000000,1.0000,
2022-05-24,2.8320,2.5254,4.258121,0.000000,1.0000,
2022-05-25,2.8671,2.5484,4.310897,0.000000,1.0000,
2022-05-26,2.9088,2.5758,4.373596,0.000000,1.0000,
2022-05-27,2.9072,2.5747,4.371190,0.000000,1.0000,
2022-05-30,2.8930,2.5654,4.349839,0.000000,1.0000,
2022-05-31,2.8951,2.5668,4.352997,0.000000,1.0000,
2022-06-01,2.9049,2.5732,4.367732,0.000000,1.0000,
2022-06-02,2.8813,2.5577,4.332248,0.000000,1.0000,
2022-06-06,2.8863,2.5610,4.339765,0.000000,1.0000,
2022-06-07,2.9010,2.5707,4.361868,0.000000,1.0000,
2022-06-08,2.9404,2.5965,4.421109,0.000000,1.0000,
2022-06-09,2.9465,2.6005,4.430281,0.000000,1.0000,
2022-06-10,2.9702,2.6160,4.465915,0.000000,1.0000,
2022-06-13,2.9222,2.5845,4.393744,0.000000,1.0000,
2022-06-14,2.9634,2.6115,4.455691,0.000000,1.0000,
2022-06-15,2.9612,2.6101,4.452383,0.000000,1.0000,
2022-06-16,2.9085,2.5756,4.373145,0.000000,1.0000,
2022-06-17,2.9069,2.5745,4.370739,0.000000,1.0000,
2022-06-20,2.8828,2.5587,4.334503,0.000000,1.0000,
2022-06-21,2.8926,2.5652,4.349238,0.000000,1.0000,
2022-06-22,2.8510,2.5379,4.286689,0.000000,1.0000,
2022-06-23,2.8848,2.5600,4.337510,0.000000,1.0000,
2022-06-24,2.8835,2.5592,4.335555,0.000000,1.0000,
2022-06-27,2.9124,2.5781,4.379009,0.000000,1.0000,
2022-06-28,2.9385,2.5952,4.418252,0.000000,1.0000,
2022-06-29,2.9483,2.6017,4.432987,0.000000,1.0000,
2022-06-30,2.9663,2.6134,4.460051,0.000000,1.0000,
2022-07-01,2.9736,2.6182,4.471027,0.000000,1.0000,
2022-07-04,2.9794,2.6220,4.479748,0.000000,1.0000,
2022-07-05,2.9943,2.6318,4.502151,0.000000,1.0000,
2022-07-06,2.9249,2.5863,4.397803,0.000000,1.0000,
2022-07-07,2.9380,2.5949,4.417500,0.000000,1.0000,
2022-07-08,2.9341,2.5923,4.411636,0.000000,1.0000,
2022-07-11,2.9071,2.5747,4.371040,0.000000,1.0000,
2022-07-12,2.9318,2.5908,4.408178,0.000000,1.0000,
2022-07-13,2.9294,2.5893,4.404569,0.000000,1.0000,
2022-07-14,2.8983,2.5689,4.357808,0.000000,1.0000,
2022-07-15,2.8513,2.5381,4.287140,0.000000,1.0000,
2022-07-18,2.9182,2.5819,4.387729,0.000000,1.0000,
2022-07-19,2.9239,2.5857,4.396300,0.000000,1.0000,
2022-07-20,2.9295,2.5893,4.404720,0.000000,1.0000,
2022-07-21,2.8765,2.5546,4.325030,0.000000,1.0000,
2022-07-22,2.8632,2.5459,4.305033,0.000000,1.0000,
2022-07-25,2.8694,2.5499,4.314355,0.000000,1.0000,
2022-07-26,2.9151,2.5799,4.383068,0.000000,1.0000,
2022-07-27,2.9158,2.5804,4.384121,0.000000,1.0000,
2022-07-28,2.9266,2.5874,4.400359,0.000000,1.0000,
2022-07-29,2.8990,2.5693,4.358861,0.000000,1.0000,
2022-08-01,2.9113,2.5774,4.377355,0.000000,1.0000,
2022-08-02,2.8459,2.5345,4.279021,0.000000,1.0000,
2022-08-03,2.8114,2.5119,4.227148,0.000000,1.0000,
2022-08-04,2.8183,2.5165,4.237522,0.000000,1.0000,
2022-08-05,2.8276,2.5226,4.251506,0.000000,1.0000,
2022-08-08,2.8601,2.5439,4.300372,0.000000,1.0000,
2022-08-09,2.8796,2.5566,4.329691,0.000000,1.0000,
2022-08-10,2.8626,2.5455,4.304131,0.000000,1.0000,
2022-08-11,2.8927,2.5652,4.349388,0.000000,1.0000,
2022-08-12,2.9169,2.5811,4.385775,0.000000,1.0000,
2022-08-15,2.9299,2.5896,4.405321,0.000000,1.0000,
2022-08-16,2.9407,2.5967,4.421560,0.000000,1.0000,
2022-08-17,2.9490,2.6021,4.434039,0.000000,1.0000,
2022-08-18,2.9233,2.5853,4.395398,0.000000,1.0000,
2022-08-19,2.9503,2.6030,4.435994,0.000000,1.0000,
2022-08-22,2.9738,2.6184,4.471328,0.000000,1.0000,
2022-08-23,2.9867,2.6268,4.490724,0.000000,1.0000,
2022-08-24,2.9402,2.5963,4.420808,0.000000,1.0000,
2022-08-25,3.0049,2.6387,4.518089,0.000000,1.0000,
2022-08-26,2.9836,2.6248,4.486063,0.000000,1.0000,
2022-08-29,3.0053,2.6390,4.518691,0.000000,1.0000,
2022-08-30,2.9779,2.6210,4.477493,0.000000,1.0000,
2022-08-31,2.9578,2.6079,4.447271,0.000000,1.0000,
2022-09-01,2.9870,2.6270,4.491175,0.000000,1.0000,
2022-09-02,2.9811,2.6231,4.482304,0.000000,1.0000,
2022-09-05,3.0386,2.6608,4.568760,0.000000,1.0000,
2022-09-06,3.0871,2.6926,4.641683,0.000000,1.0000,
2022-09-07,3.0779,2.6866,4.627850,0.000000,1.0000,
2022-09-08,3.0700,2.6814,4.615972,0.000000,1.0000,
2022-09-09,3.1113,2.7085,4.678070,0.000000,1.0000,
2022-09-13,3.0892,2.6940,4.644841,0.000000,1.0000,
2022-09-14,3.0649,2.6781,4.608304,0.000000,1.0000,
2022-09-15,3.0706,2.6818,4.616874,0.000000,1.0000,
2022-09-16,2.9771,2.6205,4.476290,0.000000,1.0000,
2022-09-19,2.9855,2.6260,4.488920,0.000000,1.0000,
2022-09-20,2.9789,2.6217,4.478996,0.000000,1.0000,
2022-09-21,3.0051,2.6389,4.518390,0.000000,1.0000,
2022-09-22,3.0163,2.6462,4.535230,0.000000,1.0000,
2022-09-23,2.9939,2.6315,4.501550,0.000000,1.0000,
2022-09-26,2.9407,2.5967,4.421560,0.000000,1.0000,
2022-09-27,2.9640,2.6119,4.456593,0.000000,1.0000,
2022-09-28,2.9361,2.5937,4.414643,0.000000,1.0000,
2022-09-29,2.9338,2.5921,4.411185,0.000000,1.0000,
2022-09-30,2.9557,2.6065,4.444113,0.000000,1.0000,
2022-10-10,2.9635,2.6116,4.455841,0.000000,1.0000,
2022-10-11,2.9548,2.6059,4.442760,0.000000,1.0000,
2022-10-12,2.9886,2.6281,4.493581,0.000000,1.0000,
2022-10-13,2.9455,2.5998,4.428777,0.000000,1.0000,
2022-10-14,2.9716,2.6169,4.468020,0.000000,1.0000,
2022-10-17,2.9630,2.6113,4.455090,0.000000,1.0000,
2022-10-18,2.9572,2.6075,4.446369,0.000000,1.0000,
2022-10-19,2.9520,2.6041,4.438550,0.000000,1.0000,
2022-10-20,2.9273,2.5879,4.401412,0.000000,1.0000,
2022-10-21,2.9476,2.6012,4.431934,0.000000,1.0000,
2022-10-24,2.8859,2.5608,4.339164,0.000000,1.0000,
2022-10-25,2.8660,2.5477,4.309243,0.000000,1.0000,
2022-10-26,2.8466,2.5350,4.280074,0.000000,1.0000,
2022-10-27,2.8590,2.5431,4.298718,0.000000,1.0000,
2022-10-28,2.8040,2.5071,4.216021,0.000000,1.0000,
2022-10-31,2.7393,2.4647,4.118740,0.000000,1.0000,
2022-11-01,2.7648,2.4814,4.157081,0.000000,1.0000,
2022-11-02,2.7975,2.5028,4.206248,0.000000,1.0000,
2022-11-03,2.7819,2.4926,4.182792,0.000000,1.0000,
2022-11-04,2.8338,2.5266,4.260828,0.000000,1.0000,
2022-11-07,2.8558,2.5410,4.293906,0.000000,1.0000,
2022-11-08,2.8547,2.5403,4.292252,0.000000,1.0000,
2022-11-09,2.8534,2.5395,4.290298,0.000000,1.0000,
2022-11-10,2.8619,2.5450,4.303078,0.000000,1.0000,
2022-11-11,2.9256,2.5868,4.398856,0.000000,1.0000,
2022-11-14,2.9116,2.5776,4.377806,0.000000,1.0000,
2022-11-15,2.9236,2.5855,4.395849,0.000000,1.0000,
2022-11-16,2.9124,2.5781,4.379009,0.000000,1.0000,
2022-11-17,2.8887,2.5626,4.343374,0.000000,1.0000,
2022-11-18,2.8714,2.5513,4.317362,0.000000,1.0000,
2022-11-21,2.8689,2.5496,4.313603,0.000000,1.0000,
2022-11-22,2.8863,2.5610,4.339765,0.000000,1.0000,
2022-11-23,2.9040,2.5726,4.366379,0.000000,1.0000,
2022-11-24,2.9183,2.5820,4.387880,0.000000,1.0000,
2022-11-25,2.9720,2.6172,4.468622,0.000000,1.0000,
2022-11-28,2.9542,2.6055,4.441858,0.000000,1.0000,
2022-11-29,3.0318,2.6564,4.558535,0.000000,1.0000,
2022-11-30,3.0200,2.6486,4.540793,0.000000,1.0000,
2022-12-01,2.9936,2.6313,4.501099,0.000000,1.0000,
2022-12-02,2.9735,2.6182,4.470877,0.000000,1.0000,
2022-12-05,3.0241,2.6513,4.546958,0.000000,1.0000,
2022-12-06,3.0158,2.6459,4.534478,0.000000,1.0000,
2022-12-07,2.9973,2.6338,4.506662,0.000000,1.0000,
2022-12-08,3.0148,2.6452,4.532975,0.000000,1.0000,
2022-12-09,3.0001,2.6356,4.510872,0.000000,1.0000,
2022-12-12,2.9562,2.6068,4.444865,0.000000,1.0000,
2022-12-13,2.9743,2.6187,4.472080,0.000000,1.0000,
2022-12-14,2.9650,2.6126,4.458097,0.000000,1.0000,
2022-12-15,2.9297,2.5895,4.405021,0.000000,1.0000,
2022-12-16,2.9622,2.6108,4.453887,0.000000,1.0000,
2022-12-19,2.9062,2.5741,4.369687,0.000000,1.0000,
2022-12-20,2.8767,2.5547,4.325331,0.000000,1.0000,
2022-12-21,2.8781,2.5556,4.327436,0.000000,1.0000,
2022-12-22,2.8567,2.5416,4.295260,0.000000,1.0000,
2022-12-23,2.8512,2.5380,4.286990,0.000000,1.0000,
2022-12-26,2.8421,2.5321,4.273307,0.000000,1.0000,
2022-12-27,2.8718,2.5515,4.317964,0.000000,1.0000,
2022-12-28,2.8775,2.5553,4.326534,0.000000,1.0000,
2022-12-29,2.8453,2.5342,4.278119,0.000000,1.0000,
2022-12-30,2.8633,2.5460,4.305183,0.000000,1.0000,
2022-12-31,2.8633,2.5460,4.305183,0.000000,1.0000,
2023-01-03,2.8761,2.5543,4.324429,0.000000,1.0000,
2023-01-04,2.8975,2.5684,4.356605,0.000000,1.0000,
2023-01-05,2.9027,2.5718,4.364424,0.000000,1.0000,
2023-01-06,2.8975,2.5684,4.356605,0.000000,1.0000,
2023-01-09,2.8970,2.5680,4.355854,0.000000,1.0000,
2023-01-10,2.8796,2.5566,4.329691,0.000000,1.0000,
2023-01-11,2.9036,2.5724,4.365777,0.000000,1.0000,
2023-01-12,2.8908,2.5640,4.346531,0.000000,1.0000,
2023-01-13,2.9132,2.5786,4.380212,0.000000,1.0000,
2023-01-16,2.7861,2.5858,4.396601,0.138000,1.0000,每10份派现金1.3800元
2023-01-17,2.7803,2.5820,4.387448,0.000000,1.0000,
2023-01-18,2.7830,2.5838,4.391709,0.000000,1.0000,
2023-01-19,2.7914,2.5893,4.404964,0.000000,1.0000,
2023-01-20,2.8166,2.6058,4.444731,0.000000,1.0000,
2023-01-30,2.8006,2.5953,4.419482,0.000000,1.0000,
2023-01-31,2.8095,2.6011,4.433527,0.000000,1.0000,
2023-02-01,2.8132,2.6036,4.439366,0.000000,1.0000,
2023-02-02,2.8195,2.6077,4.449307,0.000000,1.0000,
2023-02-03,2.7947,2.5914,4.410172,0.000000,1.0000,
2023-02-06,2.7836,2.5842,4.392655,0.000000,1.0000,
2023-02-07,2.7969,2.5929,4.413643,0.000000,1.0000,
2023-02-08,2.7841,2.5845,4.393444,0.000000,1.0000,
2023-02-09,2.8009,2.5955,4.419956,0.000000,1.0000,
2023-02-10,2.7988,2.5941,4.416642,0.000000,1.0000,
2023-02-13,2.8066,2.5992,4.428950,0.000000,1.0000,
2023-02-14,2.8246,2.6110,4.457355,0.000000,1.0000,
2023-02-15,2.8076,2.5999,4.430529,0.000000,1.0000,
2023-02-16,2.7878,2.5869,4.399283,0.000000,1.0000,
2023-02-17,2.7972,2.5931,4.414117,0.000000,1.0000,
2023-02-20,2.8476,2.6261,4.493650,0.000000,1.0000,
2023-02-21,2.8825,2.6490,4.548724,0.000000,1.0000,
2023-02-22,2.8850,2.6506,4.552669,0.000000,1.0000,
2023-02-23,2.8960,2.6578,4.570028,0.000000,1.0000,
2023-02-24,2.8879,2.6525,4.557246,0.000000,1.0000,
2023-02-27,2.8931,2.6559,4.565452,0.000000,1.0000,
2023-02-28,2.9007,2.6609,4.577445,0.000000,1.0000,
2023-03-01,2.9180,2.6722,4.604745,0.000000,1.0000,
2023-03-02,2.9332,2.6822,4.628731,0.000000,1.0000,
2023-03-03,2.9473,2.6914,4.650982,0.000000,1.0000,
2023-03-06,2.9324,2.6817,4.627469,0.000000,1.0000,
2023-03-07,2.9242,2.6763,4.614529,0.000000,1.0000,
2023-03-08,2.9228,2.6754,4.612320,0.000000,1.0000,
2023-03-09,2.9205,2.6739,4.608690,0.000000,1.0000,
2023-03-10,2.8739,2.6433,4.535153,0.000000,1.0000,
2023-03-13,2.9128,2.6688,4.596539,0.000000,1.0000,
2023-03-14,2.8921,2.6553,4.563874,0.000000,1.0000,
2023-03-15,2.9224,2.6751,4.611688,0.000000,1.0000,
2023-03-16,2.8946,2.6569,4.567819,0.000000,1.0000,
2023-03-17,2.9140,2.6696,4.598433,0.000000,1.0000,
2023-03-20,2.9022,2.6619,4.579812,0.000000,1.0000,
2023-03-21,2.8940,2.6565,4.566872,0.000000,1.0000,
2023-03-22,2.9128,2.6688,4.596539,0.000000,1.0000,
2023-03-23,2.9173,2.6718,4.603640,0.000000,1.0000,
2023-03-24,2.8900,2.6539,4.560560,0.000000,1.0000,
2023-03-27,2.8752,2.6442,4.537205,0.000000,1.0000,
2023-03-28,2.8763,2.6449,4.538940,0.000000,1.0000,
2023-03-29,2.8719,2.6420,4.531997,0.000000,1.0000,
2023-03-30,2.8901,2.6539,4.560718,0.000000,1.0000,
2023-03-31,2.8961,2.6579,4.570186,0.000000,1.0000,
2023-04-03,2.9147,2.6701,4.599538,0.000000,1.0000,
2023-04-04,2.9310,2.6807,4.625260,0.000000,1.0000,
2023-04-06,2.9085,2.6660,4.589754,0.000000,1.0000,
2023-04-07,2.9128,2.6688,4.596539,0.000000,1.0000,
2023-04-10,2.9137,2.6694,4.597959,0.000000,1.0000,
2023-04-11,2.9358,2.6839,4.632834,0.000000,1.0000,
2023-04-12,2.9703,2.7065,4.687277,0.000000,1.0000,
2023-04-13,2.9724,2.7079,4.690591,0.000000,1.0000,
2023-04-14,2.9671,2.7044,4.682227,0.000000,1.0000,
2023-04-17,3.0035,2.7282,4.739668,0.000000,1.0000,
2023-04-18,3.0160,2.7364,4.759394,0.000000,1.0000,
2023-04-19,3.0155,2.7361,4.758605,0.000000,1.0000,
2023-04-20,3.0137,2.7349,4.755764,0.000000,1.0000,
2023-04-21,2.9901,2.7195,4.718522,0.000000,1.0000,
2023-04-24,2.9858,2.7167,4.711737,0.000000,1.0000,
2023-04-25,3.0079,2.7311,4.746612,0.000000,1.0000,
2023-04-26,3.0175,2.7374,4.761761,0.000000,1.0000,
2023-04-27,3.0241,2.7417,4.772176,0.000000,1.0000,
2023-04-28,3.0548,2.7619,4.820622,0.000000,1.0000,
2023-05-04,3.1305,2.8115,4.940080,0.000000,1.0000,
2023-05-05,3.1576,2.8292,4.982845,0.000000,1.0000,
2023-05-08,3.2482,2.8886,5.125817,0.000000,1.0000,
2023-05-09,3.2210,2.8708,5.082894,0.000000,1.0000,
2023-05-10,3.1480,2.8229,4.967696,0.000000,1.0000,
2023-05-11,3.1373,2.8159,4.950811,0.000000,1.0000,
2023-05-12,3.1199,2.8045,4.923353,0.000000,1.0000,
2023-05-15,3.1181,2.8033,4.920513,0.000000,1.0000,
2023-05-16,3.0996,2.7912,4.891319,0.000000,1.0000,
2023-05-17,3.0845,2.7813,4.867490,0.000000,1.0000,
2023-05-18,3.1076,2.7965,4.903943,0.000000,1.0000,
2023-05-19,3.0645,2.7682,4.835929,0.000000,1.0000,
2023-05-22,3.0593,2.7648,4.827723,0.000000,1.0000,
2023-05-23,3.0222,2.7405,4.769178,0.000000,1.0000,
2023-05-24,2.9784,2.7118,4.700059,0.000000,1.0000,
2023-05-25,2.9610,2.7004,4.672601,0.000000,1.0000,
2023-05-26,2.9883,2.7183,4.715682,0.000000,1.0000,
2023-05-29,3.0223,2.7406,4.769336,0.000000,1.0000,
2023-05-30,3.0181,2.7378,4.762708,0.000000,1.0000,
2023-05-31,2.9907,2.7199,4.719469,0.000000,1.0000,
2023-06-01,2.9819,2.7141,4.705582,0.000000,1.0000,
2023-06-02,2.9862,2.7169,4.712368,0.000000,1.0000,
2023-06-05,3.0035,2.7282,4.739668,0.000000,1.0000,
2023-06-06,2.9911,2.7201,4.720100,0.000000,1.0000,
2023-06-07,3.0216,2.7401,4.768231,0.000000,1.0000,
2023-06-08,3.0551,2.7621,4.821096,0.000000,1.0000,
2023-06-09,3.0385,2.7512,4.794900,0.000000,1.0000,
2023-06-12,3.0091,2.7319,4.748505,0.000000,1.0000,
2023-06-13,3.0044,2.7288,4.741088,0.000000,1.0000,
2023-06-14,2.9874,2.7177,4.714262,0.000000,1.0000,
2023-06-15,2.9943,2.7222,4.725150,0.000000,1.0000,
2023-06-16,2.9858,2.7167,4.711737,0.000000,1.0000,
2023-06-19,2.9495,2.6929,4.654454,0.000000,1.0000,
2023-06-20,2.9248,2.6767,4.615476,0.000000,1.0000,
2023-06-21,2.9054,2.6640,4.584862,0.000000,1.0000,
2023-06-26,2.8635,2.6365,4.518741,0.000000,1.0000,
2023-06-27,2.9138,2.6695,4.598117,0.000000,1.0000,
2023-06-28,2.9377,2.6851,4.635833,0.000000,1.0000,
2023-06-29,2.9326,2.6818,4.627785,0.000000,1.0000,
2023-06-30,2.9374,2.6849,4.635359,0.000000,1.0000,
2023-07-03,2.9708,2.7068,4.688066,0.000000,1.0000,
2023-07-04,2.9467,2.6910,4.650035,0.000000,1.0000,
2023-07-05,2.9517,2.6943,4.657925,0.000000,1.0000,
2023-07-06,2.9408,2.6872,4.640725,0.000000,1.0000,
2023-07-07,2.9534,2.6954,4.660608,0.000000,1.0000,
2023-07-10,2.9685,2.7053,4.684437,0.000000,1.0000,
2023-07-11,2.9674,2.7046,4.682701,0.000000,1.0000,
2023-07-12,2.9467,2.6910,4.650035,0.000000,1.0000,
2023-07-13,2.9806,2.7132,4.703531,0.000000,1.0000,
2023-07-14,2.9927,2.7212,4.722625,0.000000,1.0000,
2023-07-17,2.9744,2.7092,4.693747,0.000000,1.0000,
2023-07-18,2.9722,2.7077,4.690275,0.000000,1.0000,
2023-07-19,2.9876,2.7178,4.714577,0.000000,1.0000,
2023-07-20,2.9752,2.7097,4.695009,0.000000,1.0000,
2023-07-21,2.9786,2.7119,4.700375,0.000000,1.0000,
2023-07-24,2.9762,2.7104,4.696587,0.000000,1.0000,
2023-07-25,3.0218,2.7402,4.768547,0.000000,1.0000,
2023-07-26,3.0276,2.7440,4.777699,0.000000,1.0000,
2023-07-27,3.0345,2.7486,4.788588,0.000000,1.0000,
2023-07-28,3.0901,2.7850,4.876327,0.000000,1.0000,
2023-07-31,3.1084,2.7970,4.905205,0.000000,1.0000,
2023-08-01,3.1137,2.8005,4.913569,0.000000,1.0000,
2023-08-02,3.0748,2.7750,4.852183,0.000000,1.0000,
2023-08-03,3.0879,2.7836,4.872855,0.000000,1.0000,
2023-08-04,3.0778,2.7769,4.856917,0.000000,1.0000,
2023-08-07,3.0521,2.7601,4.816361,0.000000,1.0000,
2023-08-08,3.0465,2.7564,4.807524,0.000000,1.0000,
2023-08-09,3.0341,2.7483,4.787956,0.000000,1.0000,
2023-08-10,3.0538,2.7612,4.819044,0.000000,1.0000,
2023-08-11,3.0083,2.7314,4.747243,0.000000,1.0000,
2023-08-14,3.0067,2.7303,4.744718,0.000000,1.0000,
2023-08-15,3.0309,2.7462,4.782907,0.000000,1.0000,
2023-08-16,3.0279,2.7442,4.778173,0.000000,1.0000,
2023-08-17,3.0271,2.7437,4.776910,0.000000,1.0000,
2023-08-18,3.0223,2.7406,4.769336,0.000000,1.0000,
2023-08-21,2.9960,2.7233,4.727833,0.000000,1.0000,
2023-08-22,3.0256,2.7427,4.774543,0.000000,1.0000,
2023-08-23,3.0274,2.7439,4.777384,0.000000,1.0000,
2023-08-24,3.0082,2.7313,4.747085,0.000000,1.0000,
2023-08-25,3.0171,2.7372,4.761130,0.000000,1.0000,
2023-08-28,3.0534,2.7609,4.818413,0.000000,1.0000,
2023-08-29,3.0535,2.7610,4.818571,0.000000,1.0000,
2023-08-30,3.0222,2.7405,4.769178,0.000000,1.0000,
2023-08-31,2.9911,2.7201,4.720100,0.000000,1.0000,
2023-09-01,3.0212,2.7398,4.767600,0.000000,1.0000,
2023-09-04,3.0689,2.7711,4.842873,0.000000,1.0000,
2023-09-05,3.0428,2.7540,4.801686,0.000000,1.0000,
2023-09-06,3.0428,2.7540,4.801686,0.000000,1.0000,
2023-09-07,3.0352,2.7490,4.789692,0.000000,1.0000,
2023-09-08,3.0105,2.7328,4.750715,0.000000,1.0000,
2023-09-11,3.0347,2.7487,4.788903,0.000000,1.0000,
2023-09-12,3.0286,2.7447,4.779277,0.000000,1.0000,
2023-09-13,3.0450,2.7554,4.805157,0.000000,1.0000,
2023-09-14,3.0844,2.7813,4.867332,0.000000,1.0000,
2023-09-15,3.0799,2.7783,4.860231,0.000000,1.0000,
2023-09-18,3.0855,2.7820,4.869068,0.000000,1.0000,
2023-09-19,3.1111,2.7988,4.909466,0.000000,1.0000,
2023-09-20,3.1155,2.8016,4.916410,0.000000,1.0000,
2023-09-21,3.0982,2.7903,4.889109,0.000000,1.0000,
2023-09-22,3.1101,2.7981,4.907888,0.000000,1.0000,
2023-09-25,3.1063,2.7956,4.901892,0.000000,1.0000,
2023-09-26,3.0922,2.7864,4.879641,0.000000,1.0000,
2023-09-27,3.0768,2.7763,4.855339,0.000000,1.0000,
2023-09-28,3.0786,2.7775,4.858180,0.000000,1.0000,
2023-10-09,3.0714,2.7727,4.846818,0.000000,1.0000,
2023-10-10,3.0424,2.7537,4.801054,0.000000,1.0000,
2023-10-11,3.0329,2.7475,4.786063,0.000000,1.0000,
2023-10-12,3.0571,2.7634,4.824252,0.000000,1.0000,
2023-10-13,3.0588,2.7645,4.826934,0.000000,1.0000,
2023-10-16,3.0702,2.7720,4.844924,0.000000,1.0000,
2023-10-17,3.0711,2.7725,4.846344,0.000000,1.0000,
2023-10-18,3.0485,2.7577,4.810680,0.000000,1.0000,
2023-10-19,2.9995,2.7256,4.733356,0.000000,1.0000,
2023-10-20,2.9791,2.7123,4.701164,0.000000,1.0000,
2023-10-23,2.9459,2.6905,4.648773,0.000000,1.0000,
2023-10-24,2.9673,2.7045,4.682543,0.000000,1.0000,
2023-10-25,2.9878,2.7180,4.714893,0.000000,1.0000,
2023-10-26,3.0040,2.7286,4.740457,0.000000,1.0000,
2023-10-27,3.0134,2.7347,4.755291,0.000000,1.0000,
2023-10-30,2.9706,2.7067,4.687750,0.000000,1.0000,
2023-10-31,2.9815,2.7138,4.704951,0.000000,1.0000,
2023-11-01,2.9778,2.7114,4.699112,0.000000,1.0000,
2023-11-02,2.9854,2.7164,4.711106,0.000000,1.0000,
2023-11-03,2.9675,2.7047,4.682858,0.000000,1.0000,
2023-11-06,2.9526,2.6949,4.659346,0.000000,1.0000,
2023-11-07,2.9548,2.6963,4.662817,0.000000,1.0000,
2023-11-08,2.9549,2.6964,4.662975,0.000000,1.0000,
2023-11-09,2.9787,2.7120,4.700533,0.000000,1.0000,
2023-11-10,2.9717,2.7074,4.689486,0.000000,1.0000,
2023-11-13,2.9772,2.7110,4.698166,0.000000,1.0000,
2023-11-14,2.9665,2.7040,4.681280,0.000000,1.0000,
2023-11-15,2.9793,2.7124,4.701479,0.000000,1.0000,
2023-11-16,2.9799,2.7128,4.702426,0.000000,1.0000,
2023-11-17,2.9699,2.7062,4.686646,0.000000,1.0000,
2023-11-20,2.9746,2.7093,4.694063,0.000000,1.0000,
2023-11-21,2.9878,2.7180,4.714893,0.000000,1.0000,
2023-11-22,2.9812,2.7136,4.704478,0.000000,1.0000,
2023-11-23,3.0050,2.7292,4.742035,0.000000,1.0000,
2023-11-24,3.0069,2.7305,4.745034,0.000000,1.0000,
2023-11-27,2.9979,2.7246,4.730831,0.000000,1.0000,
2023-11-28,2.9955,2.7230,4.727044,0.000000,1.0000,
2023-11-29,2.9795,2.7125,4.701795,0.000000,1.0000,
2023-11-30,2.9905,2.7197,4.719154,0.000000,1.0000,
2023-12-01,3.0027,2.7277,4.738406,0.000000,1.0000,
2023-12-04,3.0069,2.7305,4.745034,0.000000,1.0000,
2023-12-05,2.9684,2.7052,4.684279,0.000000,1.0000,
2023-12-06,2.9673,2.7045,4.682543,0.000000,1.0000,
2023-12-07,2.9714,2.7072,4.689013,0.000000,1.0000,
2023-12-08,2.9633,2.7019,4.676231,0.000000,1.0000,
2023-12-11,2.9994,2.7256,4.733198,0.000000,1.0000,
2023-12-12,3.0134,2.7347,4.755291,0.000000,1.0000,
2023-12-13,2.9898,2.7193,4.718049,0.000000,1.0000,
2023-12-14,2.9931,2.7214,4.723257,0.000000,1.0000,
2023-12-15,2.9724,2.7079,4.690591,0.000000,1.0000,
2023-12-18,2.9710,2.7070,4.688382,0.000000,1.0000,
2023-12-19,2.9655,2.7033,4.679702,0.000000,1.0000,
2023-12-20,2.9585,2.6988,4.668656,0.000000,1.0000,
2023-12-21,2.9461,2.6906,4.649088,0.000000,1.0000,
2023-12-22,2.9366,2.6844,4.634097,0.000000,1.0000,
2023-12-25,2.9399,2.6866,4.639304,0.000000,1.0000,
2023-12-26,2.9188,2.6727,4.606008,0.000000,1.0000,
2023-12-27,2.9347,2.6832,4.631098,0.000000,1.0000,
2023-12-28,2.9142,2.6697,4.598748,0.000000,1.0000,
2023-12-29,2.9299,2.6800,4.623524,0.000000,1.0000,
2023-12-31,2.9298,2.6800,4.623366,0.000000,1.0000,
2024-01-02,2.9725,2.7079,4.690749,0.000000,1.0000,
2024-01-03,3.0129,2.7344,4.754502,0.000000,1.0000,
2024-01-04,3.0373,2.7504,4.793006,0.000000,1.0000,
2024-01-05,3.0457,2.7559,4.806262,0.000000,1.0000,
2024-01-08,3.0185,2.7381,4.763339,0.000000,1.0000,
2024-01-09,3.0358,2.7494,4.790639,0.000000,1.0000,
2024-01-10,3.0189,2.7383,4.763970,0.000000,1.0000,
2024-01-11,2.9923,2.7209,4.721994,0.000000,1.0000,
2024-01-12,3.0021,2.7273,4.737459,0.000000,1.0000,
2024-01-15,3.0206,2.7395,4.766653,0.000000,1.0000,
2024-01-16,3.0341,2.7483,4.787956,0.000000,1.0000,
2024-01-17,2.9948,2.7225,4.725939,0.000000,1.0000,
2024-01-18,2.9738,2.7088,4.692800,0.000000,1.0000,
2024-01-19,2.9531,2.6952,4.660135,0.000000,1.0000,
2024-01-22,2.8634,2.6364,4.518584,0.000000,1.0000,
2024-01-23,2.7663,2.6587,4.572079,0.131000,1.0000,每10份派现金1.3100元
2024-01-24,2.8326,2.7021,4.681659,0.000000,1.0000,
2024-01-25,2.9092,2.7523,4.808261,0.000000,1.0000,
2024-01-26,2.9485,2.7781,4.873216,0.000000,1.0000,
2024-01-29,2.9618,2.7868,4.895198,0.000000,1.0000,
2024-01-30,2.9270,2.7640,4.837681,0.000000,1.0000,
2024-01-31,2.9314,2.7668,4.844953,0.000000,1.0000,
2024-02-01,2.8989,2.7455,4.791238,0.000000,1.0000,
2024-02-02,2.9055,2.7499,4.802146,0.000000,1.0000,
2024-02-05,2.9163,2.7570,4.819996,0.000000,1.0000,
2024-02-06,2.9628,2.7874,4.896850,0.000000,1.0000,
2024-02-07,3.0104,2.8186,4.975523,0.000000,1.0000,
2024-02-08,3.0078,2.8169,4.971225,0.000000,1.0000,
2024-02-19,3.0784,2.8632,5.087911,0.000000,1.0000,
2024-02-20,3.1233,2.8926,5.162121,0.000000,1.0000,
2024-02-21,3.1172,2.8886,5.152039,0.000000,1.0000,
2024-02-22,3.1721,2.9246,5.242777,0.000000,1.0000,
2024-02-23,3.1538,2.9126,5.212531,0.000000,1.0000,
2024-02-26,3.0866,2.8685,5.101464,0.000000,1.0000,
2024-02-27,3.1024,2.8789,5.127578,0.000000,1.0000,
2024-02-28,3.0846,2.8672,5.098159,0.000000,1.0000,
2024-02-29,3.1136,2.8862,5.146089,0.000000,1.0000,
2024-03-01,3.1128,2.8857,5.144767,0.000000,1.0000,
2024-03-04,3.1344,2.8999,5.180467,0.000000,1.0000,
2024-03-05,3.1533,2.9123,5.211705,0.000000,1.0000,
2024-03-06,3.1530,2.9121,5.211209,0.000000,1.0000,
2024-03-07,3.1720,2.9245,5.242611,0.000000,1.0000,
2024-03-08,3.1931,2.9383,5.277485,0.000000,1.0000,
2024-03-11,3.1586,2.9157,5.220464,0.000000,1.0000,
2024-03-12,3.0823,2.8657,5.094357,0.000000,1.0000,
2024-03-13,3.0682,2.8565,5.071053,0.000000,1.0000,
2024-03-14,3.0744,2.8606,5.081300,0.000000,1.0000,
2024-03-15,3.0712,2.8585,5.076011,0.000000,1.0000,
2024-03-18,3.0552,2.8480,5.049567,0.000000,1.0000,
2024-03-19,3.0484,2.8435,5.038328,0.000000,1.0000,
2024-03-20,3.0578,2.8497,5.053864,0.000000,1.0000,
2024-03-21,3.0627,2.8529,5.061963,0.000000,1.0000,
2024-03-22,3.0608,2.8516,5.058823,0.000000,1.0000,
2024-03-25,3.0709,2.8583,5.075516,0.000000,1.0000,
2024-03-26,3.0620,2.8524,5.060806,0.000000,1.0000,
2024-03-27,3.0582,2.8499,5.054525,0.000000,1.0000,
2024-03-28,3.0490,2.8439,5.039320,0.000000,1.0000,
2024-03-29,3.0766,2.8620,5.084936,0.000000,1.0000,
2024-04-01,3.0700,2.8577,5.074028,0.000000,1.0000,
2024-04-02,3.0895,2.8704,5.106257,0.000000,1.0000,
2024-04-03,3.1287,2.8961,5.171046,0.000000,1.0000,
2024-04-08,3.1337,2.8994,5.179310,0.000000,1.0000,
2024-04-09,3.1203,2.8906,5.157163,0.000000,1.0000,
2024-04-10,3.1343,2.8998,5.180302,0.000000,1.0000,
2024-04-11,3.1714,2.9241,5.241620,0.000000,1.0000,
2024-04-12,3.1647,2.9197,5.230546,0.000000,1.0000,
2024-04-15,3.2285,2.9615,5.335993,0.000000,1.0000,
2024-04-16,3.2306,2.9629,5.339464,0.000000,1.0000,
2024-04-17,3.2786,2.9944,5.418798,0.000000,1.0000,
2024-04-18,3.2905,3.0022,5.438466,0.000000,1.0000,
2024-04-19,3.2997,3.0082,5.453671,0.000000,1.0000,
2024-04-22,3.2226,2.9577,5.326242,0.000000,1.0000,
2024-04-23,3.1735,2.9255,5.245091,0.000000,1.0000,
2024-04-24,3.1708,2.9237,5.240628,0.000000,1.0000,
2024-04-25,3.1897,2.9361,5.271866,0.000000,1.0000,
2024-04-26,3.1606,2.9170,5.223770,0.000000,1.0000,
2024-04-29,3.1309,2.8976,5.174682,0.000000,1.0000,
2024-04-30,3.1395,2.9032,5.188896,0.000000,1.0000,
2024-05-06,3.1564,2.9143,5.216828,0.000000,1.0000,
2024-05-07,3.1593,2.9162,5.221621,0.000000,1.0000,
2024-05-08,3.1781,2.9285,5.252693,0.000000,1.0000,
2024-05-09,3.1895,2.9360,5.271535,0.000000,1.0000,
2024-05-10,3.2085,2.9484,5.302938,0.000000,1.0000,
2024-05-13,3.2164,2.9536,5.315995,0.000000,1.0000,
2024-05-14,3.2049,2.9461,5.296988,0.000000,1.0000,
2024-05-15,3.2024,2.9444,5.292856,0.000000,1.0000,
2024-05-16,3.2101,2.9495,5.305582,0.000000,1.0000,
2024-05-17,3.2326,2.9642,5.342770,0.000000,1.0000,
2024-05-20,3.2686,2.9878,5.402270,0.000000,1.0000,
2024-05-21,3.2858,2.9991,5.430698,0.000000,1.0000,
2024-05-22,3.2871,2.9999,5.432846,0.000000,1.0000,
2024-05-23,3.2461,2.9731,5.365082,0.000000,1.0000,
2024-05-24,3.2355,2.9661,5.347563,0.000000,1.0000,
2024-05-27,3.2924,3.0034,5.441606,0.000000,1.0000,
2024-05-28,3.2842,2.9980,5.428053,0.000000,1.0000,
2024-05-29,3.2894,3.0014,5.436648,0.000000,1.0000,
2024-05-30,3.2625,2.9838,5.392188,0.000000,1.0000,
2024-05-31,3.2661,2.9862,5.398138,0.000000,1.0000,
2024-06-03,3.2446,2.9721,5.362603,0.000000,1.0000,
2024-06-04,3.2538,2.9781,5.377809,0.000000,1.0000,
2024-06-05,3.2155,2.9530,5.314507,0.000000,1.0000,
2024-06-06,3.2302,2.9626,5.338803,0.000000,1.0000,
2024-06-07,3.2585,2.9812,5.385577,0.000000,1.0000,
2024-06-11,3.1980,2.9415,5.285584,0.000000,1.0000,
2024-06-12,3.2473,2.9738,5.367066,0.000000,1.0000,
2024-06-13,3.2172,2.9541,5.317317,0.000000,1.0000,
2024-06-14,3.2191,2.9554,5.320457,0.000000,1.0000,
2024-06-17,3.1764,2.9274,5.249884,0.000000,1.0000,
2024-06-18,3.1888,2.9355,5.270378,0.000000,1.0000,
2024-06-19,3.1824,2.9313,5.259800,0.000000,1.0000,
2024-06-20,3.1926,2.9380,5.276659,0.000000,1.0000,
2024-06-21,3.1926,2.9380,5.276659,0.000000,1.0000,
2024-06-24,3.1582,2.9155,5.219803,0.000000,1.0000,
2024-06-25,3.1684,2.9221,5.236661,0.000000,1.0000,
2024-06-26,3.1800,2.9297,5.255834,0.000000,1.0000,
2024-06-27,3.1757,2.9269,5.248727,0.000000,1.0000,
2024-06-28,3.1961,2.9403,5.282443,0.000000,1.0000,
2024-06-30,3.1960,2.9402,5.282278,0.000000,1.0000,
2024-07-01,3.2667,2.9866,5.399130,0.000000,1.0000,
2024-07-02,3.2739,2.9913,5.411030,0.000000,1.0000,
2024-07-03,3.2483,2.9745,5.368718,0.000000,1.0000,
2024-07-04,3.2322,2.9640,5.342109,0.000000,1.0000,
2024-07-05,3.2181,2.9547,5.318805,0.000000,1.0000,
2024-07-08,3.2068,2.9473,5.300128,0.000000,1.0000,
2024-07-09,3.2320,2.9638,5.341778,0.000000,1.0000,
2024-07-10,3.1647,2.9197,5.230546,0.000000,1.0000,
2024-07-11,3.1601,2.9167,5.222943,0.000000,1.0000,
2024-07-12,3.1552,2.9135,5.214845,0.000000,1.0000,
2024-07-15,3.1949,2.9395,5.280460,0.000000,1.0000,
2024-07-16,3.1807,2.9302,5.256991,0.000000,1.0000,
2024-07-17,3.1642,2.9194,5.229720,0.000000,1.0000,
2024-07-18,3.1701,2.9233,5.239471,0.000000,1.0000,
2024-07-19,3.1490,2.9094,5.204598,0.000000,1.0000,
2024-07-22,3.1198,2.8903,5.156336,0.000000,1.0000,
2024-07-23,3.0919,2.8720,5.110224,0.000000,1.0000,
2024-07-24,3.0965,2.8750,5.117827,0.000000,1.0000,
2024-07-25,3.0873,2.8690,5.102621,0.000000,1.0000,
2024-07-26,3.0700,2.8577,5.074028,0.000000,1.0000,
2024-07-29,3.0776,2.8626,5.086589,0.000000,1.0000,
2024-07-30,3.0643,2.8539,5.064607,0.000000,1.0000,
2024-07-31,3.0916,2.8718,5.109728,0.000000,1.0000,
2024-08-01,3.0925,2.8724,5.111216,0.000000,1.0000,
2024-08-02,3.0869,2.8687,5.101960,0.000000,1.0000,
2024-08-05,3.0452,2.8414,5.033039,0.000000,1.0000,
2024-08-06,3.0361,2.8355,5.017999,0.000000,1.0000,
2024-08-07,3.0454,2.8415,5.033370,0.000000,1.0000,
2024-08-08,3.0588,2.8503,5.055517,0.000000,1.0000,
2024-08-09,3.0446,2.8410,5.032048,0.000000,1.0000,
2024-08-12,3.0667,2.8555,5.068574,0.000000,1.0000,
2024-08-13,3.0704,2.8579,5.074689,0.000000,1.0000,
2024-08-14,3.0626,2.8528,5.061798,0.000000,1.0000,
2024-08-15,3.0921,2.8721,5.110555,0.000000,1.0000,
2024-08-16,3.0959,2.8746,5.116835,0.000000,1.0000,
2024-08-19,3.1267,2.8948,5.167741,0.000000,1.0000,
2024-08-20,3.0866,2.8685,5.101464,0.000000,1.0000,
2024-08-21,3.0613,2.8520,5.059649,0.000000,1.0000,
2024-08-22,3.0605,2.8514,5.058327,0.000000,1.0000,
2024-08-23,3.0597,2.8509,5.057005,0.000000,1.0000,
2024-08-26,3.0446,2.8410,5.032048,0.000000,1.0000,
2024-08-27,3.0518,2.8457,5.043948,0.000000,1.0000,
2024-08-28,3.0368,2.8359,5.019156,0.000000,1.0000,
2024-08-29,2.9765,2.7964,4.919493,0.000000,1.0000,
2024-08-30,2.9785,2.7977,4.922799,0.000000,1.0000,
2024-09-02,3.0040,2.8144,4.964945,0.000000,1.0000,
2024-09-03,2.9742,2.7949,4.915692,0.000000,1.0000,
2024-09-04,2.9780,2.7974,4.921973,0.000000,1.0000,
2024-09-05,2.9800,2.7987,4.925278,0.000000,1.0000,
2024-09-06,2.9513,2.7799,4.877843,0.000000,1.0000,
2024-09-09,2.9021,2.7476,4.796527,0.000000,1.0000,
2024-09-10,2.9073,2.7511,4.805121,0.000000,1.0000,
2024-09-11,2.8404,2.7072,4.694550,0.000000,1.0000,
2024-09-12,2.8518,2.7147,4.713392,0.000000,1.0000,
2024-09-13,2.8419,2.7082,4.697029,0.000000,1.0000,
2024-09-18,2.8792,2.7326,4.758678,0.000000,1.0000,
2024-09-19,2.8721,2.7280,4.746943,0.000000,1.0000,
2024-09-20,2.8707,2.7271,4.744629,0.000000,1.0000,
2024-09-23,2.9051,2.7496,4.801485,0.000000,1.0000,
2024-09-24,3.0391,2.8374,5.022957,0.000000,1.0000,
2024-09-25,3.0842,2.8670,5.097498,0.000000,1.0000,
2024-09-26,3.1876,2.9347,5.268395,0.000000,1.0000,
2024-09-27,3.2120,2.9507,5.308723,0.000000,1.0000,
2024-09-30,3.3980,3.0726,5.616139,0.000000,1.0000,
2024-10-08,3.3965,3.0716,5.613660,0.000000,1.0000,
2024-10-09,3.1510,2.9107,5.207903,0.000000,1.0000,
2024-10-10,3.2658,2.9860,5.397642,0.000000,1.0000,
2024-10-11,3.2220,2.9573,5.325250,0.000000,1.0000,
2024-10-14,3.3080,3.0136,5.467389,0.000000,1.0000,
2024-10-15,3.2330,2.9645,5.343431,0.000000,1.0000,
2024-10-16,3.2778,2.9938,5.417475,0.000000,1.0000,
2024-10-17,3.2244,2.9588,5.329217,0.000000,1.0000,
2024-10-18,3.2463,2.9732,5.365413,0.000000,1.0000,
2024-10-21,3.2279,2.9611,5.335002,0.000000,1.0000,
2024-10-22,3.2451,2.9724,5.363430,0.000000,1.0000,
2024-10-23,3.2455,2.9727,5.364091,0.000000,1.0000,
2024-10-24,3.2261,2.9600,5.332027,0.000000,1.0000,
2024-10-25,3.2243,2.9588,5.329052,0.000000,1.0000,
2024-10-28,3.2466,2.9734,5.365909,0.000000,1.0000,
2024-10-29,3.1994,2.9425,5.287898,0.000000,1.0000,
2024-10-30,3.1662,2.9207,5.233025,0.000000,1.0000,
2024-10-31,3.1451,2.9069,5.198152,0.000000,1.0000,
2024-11-01,3.1740,2.9258,5.245917,0.000000,1.0000,
2024-11-04,3.1923,2.9378,5.276163,0.000000,1.0000,
2024-11-05,3.2186,2.9550,5.319631,0.000000,1.0000,
2024-11-06,3.1943,2.9391,5.279468,0.000000,1.0000,
2024-11-07,3.2581,2.9809,5.384916,0.000000,1.0000,
2024-11-08,3.2216,2.9570,5.324589,0.000000,1.0000,
2024-11-11,3.1906,2.9367,5.273353,0.000000,1.0000,
2024-11-12,3.1728,2.9250,5.243934,0.000000,1.0000,
2024-11-13,3.1918,2.9375,5.275336,0.000000,1.0000,
2024-11-14,3.1625,2.9183,5.226910,0.000000,1.0000,
2024-11-15,3.1664,2.9208,5.233356,0.000000,1.0000,
2024-11-18,3.2174,2.9543,5.317648,0.000000,1.0000,
2024-11-19,3.2116,2.9505,5.308061,0.000000,1.0000,
2024-11-20,3.2165,2.9537,5.316160,0.000000,1.0000,
2024-11-21,3.2184,2.9549,5.319300,0.000000,1.0000,
2024-11-22,3.1380,2.9022,5.186417,0.000000,1.0000,
2024-11-25,3.1473,2.9083,5.201788,0.000000,1.0000,
2024-11-26,3.1580,2.9153,5.219473,0.000000,1.0000,
2024-11-27,3.1931,2.9383,5.277485,0.000000,1.0000,
2024-11-28,3.1851,2.9331,5.264263,0.000000,1.0000,
2024-11-29,3.1980,2.9415,5.285584,0.000000,1.0000,
2024-12-02,3.2086,2.9485,5.303103,0.000000,1.0000,
2024-12-03,3.2440,2.9717,5.361611,0.000000,1.0000,
2024-12-04,3.2669,2.9867,5.399460,0.000000,1.0000,
2024-12-05,3.2603,2.9824,5.388552,0.000000,1.0000,
2024-12-06,3.3049,3.0116,5.462266,0.000000,1.0000,
2024-12-09,3.3101,3.0150,5.470860,0.000000,1.0000,
2024-12-10,3.3071,3.0130,5.465902,0.000000,1.0000,
2024-12-11,3.3183,3.0204,5.484413,0.000000,1.0000,
2024-12-12,3.3275,3.0264,5.499618,0.000000,1.0000,
2024-12-13,3.2768,2.9932,5.415823,0.000000,1.0000,
2024-12-16,3.3137,3.0174,5.476810,0.000000,1.0000,
2024-12-17,3.3051,3.0117,5.462596,0.000000,1.0000,
2024-12-18,3.3264,3.0257,5.497800,0.000000,1.0000,
2024-12-19,3.2907,3.0023,5.438796,0.000000,1.0000,
2024-12-20,3.2626,2.9839,5.392353,0.000000,1.0000,
2024-12-23,3.2762,2.9928,5.414831,0.000000,1.0000,
2024-12-24,3.3129,3.0168,5.475488,0.000000,1.0000,
2024-12-25,3.3302,3.0282,5.504081,0.000000,1.0000,
2024-12-26,3.3131,3.0170,5.475818,0.000000,1.0000,
2024-12-27,3.3151,3.0183,5.479124,0.000000,1.0000,
2024-12-30,3.3617,3.0488,5.556143,0.000000,1.0000,
2024-12-31,3.3450,3.0379,5.528542,0.000000,1.0000,
2025-01-02,3.2699,2.9887,5.404418,0.000000,1.0000,
2025-01-03,3.2450,2.9723,5.363264,0.000000,1.0000,
2025-01-06,3.2446,2.9721,5.362603,0.000000,1.0000,
2025-01-07,3.2316,2.9636,5.341117,0.000000,1.0000,
2025-01-08,3.2303,2.9627,5.338968,0.000000,1.0000,
2025-01-09,3.1792,2.9292,5.254511,0.000000,1.0000,
2025-01-10,3.1456,2.9072,5.198978,0.000000,1.0000,
2025-01-13,3.1245,2.8934,5.164105,0.000000,1.0000,
2025-01-14,3.1759,2.9271,5.249057,0.000000,1.0000,
2025-01-15,3.1796,2.9295,5.255173,0.000000,1.0000,
2025-01-16,3.2096,2.9491,5.304756,0.000000,1.0000,
2025-01-17,3.1934,2.9385,5.277981,0.000000,1.0000,
2025-01-20,3.1823,2.9313,5.259635,0.000000,1.0000,
2025-01-21,3.0240,2.9206,5.232695,0.142000,1.0000,每10份派现金1.4200元
2025-01-22,3.0045,2.9078,5.198952,0.000000,1.0000,
2025-01-23,3.0461,2.9351,5.270936,0.000000,1.0000,
2025-01-24,3.0651,2.9475,5.303814,0.000000,1.0000,
2025-01-27,3.1038,2.9729,5.370780,0.000000,1.0000,
2025-02-05,3.0404,2.9313,5.261073,0.000000,1.0000,
2025-02-06,3.0372,2.9292,5.255536,0.000000,1.0000,
2025-02-07,3.0522,2.9391,5.281492,0.000000,1.0000,
2025-02-10,3.0421,2.9324,5.264015,0.000000,1.0000,
2025-02-11,3.0609,2.9448,5.296546,0.000000,1.0000,
2025-02-12,3.0611,2.9449,5.296892,0.000000,1.0000,
2025-02-13,3.0610,2.9448,5.296719,0.000000,1.0000,
2025-02-14,3.0678,2.9493,5.308486,0.000000,1.0000,
2025-02-17,3.0556,2.9413,5.287375,0.000000,1.0000,
2025-02-18,3.0501,2.9377,5.277858,0.000000,1.0000,
2025-02-19,3.0358,2.9283,5.253113,0.000000,1.0000,
2025-02-20,3.0238,2.9204,5.232349,0.000000,1.0000,
2025-02-21,3.0005,2.9052,5.192031,0.000000,1.0000,
2025-02-24,2.9923,2.8998,5.177841,0.000000,1.0000,
2025-02-25,2.9748,2.8883,5.147560,0.000000,1.0000,
2025-02-26,3.0007,2.9053,5.192377,0.000000,1.0000,
2025-02-27,3.0264,2.9221,5.236848,0.000000,1.0000,
2025-02-28,3.0067,2.9092,5.202759,0.000000,1.0000,
2025-03-03,2.9988,2.9041,5.189089,0.000000,1.0000,
2025-03-04,2.9942,2.9010,5.181129,0.000000,1.0000,
2025-03-05,3.0047,2.9079,5.199298,0.000000,1.0000,
2025-03-06,2.9985,2.9039,5.188570,0.000000,1.0000,
2025-03-07,2.9963,2.9024,5.184763,0.000000,1.0000,
2025-03-10,3.0028,2.9067,5.196011,0.000000,1.0000,
2025-03-11,3.0264,2.9221,5.236848,0.000000,1.0000,
2025-03-12,3.0181,2.9167,5.222486,0.000000,1.0000,
2025-03-13,3.0487,2.9368,5.275435,0.000000,1.0000,
2025-03-14,3.0696,2.9505,5.311601,0.000000,1.0000,
2025-03-17,3.0746,2.9537,5.320252,0.000000,1.0000,
2025-03-18,3.0636,2.9465,5.301218,0.000000,1.0000,
2025-03-19,3.0681,2.9495,5.309005,0.000000,1.0000,
2025-03-20,3.0633,2.9463,5.300699,0.000000,1.0000,
2025-03-21,3.0532,2.9397,5.283222,0.000000,1.0000,
2025-03-24,3.0762,2.9548,5.323021,0.000000,1.0000,
2025-03-25,3.1017,2.9715,5.367146,0.000000,1.0000,
2025-03-26,3.0982,2.9692,5.361090,0.000000,1.0000,
2025-03-27,3.0986,2.9695,5.361782,0.000000,1.0000,
2025-03-28,3.0785,2.9563,5.327001,0.000000,1.0000,
2025-03-31,3.0726,2.9524,5.316792,0.000000,1.0000,
2025-04-01,3.0973,2.9686,5.359532,0.000000,1.0000,
2025-04-02,3.1128,2.9788,5.386353,0.000000,1.0000,
2025-04-03,3.1182,2.9823,5.395697,0.000000,1.0000,
2025-04-07,2.9230,2.8544,5.057926,0.000000,1.0000,
2025-04-08,3.0065,2.9091,5.202413,0.000000,1.0000,
2025-04-09,3.0133,2.9136,5.214180,0.000000,1.0000,
2025-04-10,3.0391,2.9305,5.258824,0.000000,1.0000,
2025-04-11,3.0190,2.9173,5.224043,0.000000,1.0000,
2025-04-14,3.0529,2.9395,5.282703,0.000000,1.0000,
2025-04-15,3.0666,2.9485,5.306409,0.000000,1.0000,
2025-04-16,3.0867,2.9617,5.341190,0.000000,1.0000,
2025-04-17,3.0776,2.9557,5.325444,0.000000,1.0000,
2025-04-18,3.0762,2.9548,5.323021,0.000000,1.0000,
2025-04-21,3.0668,2.9486,5.306755,0.000000,1.0000,
2025-04-22,3.0769,2.9552,5.324232,0.000000,1.0000,
2025-04-23,3.0583,2.9431,5.292047,0.000000,1.0000,
2025-04-24,3.0761,2.9547,5.322848,0.000000,1.0000,
2025-04-25,3.0716,2.9518,5.315061,0.000000,1.0000,
2025-04-28,3.0731,2.9527,5.317657,0.000000,1.0000,
2025-04-29,3.0612,2.9450,5.297065,0.000000,1.0000,
2025-04-30,3.0344,2.9274,5.250691,0.000000,1.0000,
2025-05-06,3.0311,2.9252,5.244981,0.000000,1.0000,
2025-05-07,3.0521,2.9390,5.281319,0.000000,1.0000,
2025-05-08,3.0520,2.9389,5.281146,0.000000,1.0000,
2025-05-09,3.0732,2.9528,5.317830,0.000000,1.0000,
2025-05-12,3.0840,2.9599,5.336518,0.000000,1.0000,
2025-05-13,3.1080,2.9756,5.378047,0.000000,1.0000,
2025-05-14,3.1349,2.9932,5.424595,0.000000,1.0000,
2025-05-15,3.1248,2.9866,5.407118,0.000000,1.0000,
2025-05-16,3.1047,2.9735,5.372337,0.000000,1.0000,
2025-05-19,3.1152,2.9803,5.390506,0.000000,1.0000,
2025-05-20,3.1199,2.9834,5.398639,0.000000,1.0000,
2025-05-21,3.1507,3.0036,5.451935,0.000000,1.0000,
2025-05-22,3.1543,3.0060,5.458164,0.000000,1.0000,
2025-05-23,3.1227,2.9852,5.403484,0.000000,1.0000,
2025-05-26,3.1058,2.9742,5.374241,0.000000,1.0000,
2025-05-27,3.0941,2.9665,5.353995,0.000000,1.0000,
2025-05-28,3.1027,2.9721,5.368876,0.000000,1.0000,
2025-05-29,3.1054,2.9739,5.373548,0.000000,1.0000,
2025-05-30,3.1150,2.9802,5.390160,0.000000,1.0000,
2025-06-03,3.1342,2.9928,5.423384,0.000000,1.0000,
2025-06-04,3.1428,2.9984,5.438265,0.000000,1.0000,
2025-06-05,3.1213,2.9843,5.401062,0.000000,1.0000,
2025-06-06,3.1233,2.9856,5.404522,0.000000,1.0000,
2025-06-09,3.1289,2.9893,5.414213,0.000000,1.0000,
2025-06-10,3.1315,2.9910,5.418712,0.000000,1.0000,
2025-06-11,3.1399,2.9965,5.433247,0.000000,1.0000,
2025-06-12,3.1383,2.9955,5.430478,0.000000,1.0000,
2025-06-13,3.1238,2.9860,5.405388,0.000000,1.0000,
2025-06-16,3.1322,2.9915,5.419923,0.000000,1.0000,
2025-06-17,3.1359,2.9939,5.426325,0.000000,1.0000,
2025-06-18,3.1404,2.9968,5.434112,0.000000,1.0000,
2025-06-19,3.1268,2.9879,5.410579,0.000000,1.0000,
2025-06-20,3.1404,2.9968,5.434112,0.000000,1.0000,
2025-06-23,3.1532,3.0052,5.456261,0.000000,1.0000,
2025-06-24,3.1574,3.0080,5.463529,0.000000,1.0000,
2025-06-25,3.1763,3.0204,5.496233,0.000000,1.0000,
2025-06-26,3.1810,3.0235,5.504366,0.000000,1.0000,
2025-06-27,3.1508,3.0037,5.452108,0.000000,1.0000,
2025-06-30,3.1498,3.0030,5.450378,0.000000,1.0000,
2025-07-01,3.1756,3.0199,5.495022,0.000000,1.0000,
2025-07-02,3.2004,3.0362,5.537935,0.000000,1.0000,
2025-07-03,3.1994,3.0355,5.536205,0.000000,1.0000,
2025-07-04,3.2230,3.0510,5.577042,0.000000,1.0000,
2025-07-07,3.2356,3.0592,5.598845,0.000000,1.0000,
2025-07-08,3.2294,3.0552,5.588117,0.000000,1.0000,
2025-07-09,3.2430,3.0641,5.611650,0.000000,1.0000,
2025-07-10,3.2672,3.0799,5.653525,0.000000,1.0000,
2025-07-11,3.2451,3.0655,5.615284,0.000000,1.0000,
2025-07-14,3.2683,3.0807,5.655429,0.000000,1.0000,
2025-07-15,3.2322,3.0570,5.592962,0.000000,1.0000,
2025-07-16,3.2181,3.0478,5.568563,0.000000,1.0000,
2025-07-17,3.2083,3.0413,5.551605,0.000000,1.0000,
2025-07-18,3.2235,3.0513,5.577907,0.000000,1.0000,
2025-07-21,3.2472,3.0668,5.618918,0.000000,1.0000,
2025-07-22,3.2993,3.1010,5.709071,0.000000,1.0000,
2025-07-23,3.2985,3.1004,5.707686,0.000000,1.0000,
2025-07-24,3.3082,3.1068,5.724471,0.000000,1.0000,
2025-07-25,3.2926,3.0966,5.697477,0.000000,1.0000,
2025-07-28,3.2508,3.0692,5.625147,0.000000,1.0000,
2025-07-29,3.2453,3.0656,5.615630,0.000000,1.0000,
2025-07-30,3.2597,3.0750,5.640547,0.000000,1.0000,
2025-07-31,3.2070,3.0405,5.549356,0.000000,1.0000,
2025-08-01,3.2045,3.0389,5.545030,0.000000,1.0000,
2025-08-04,3.2210,3.0497,5.573581,0.000000,1.0000,
2025-08-05,3.2562,3.0727,5.634491,0.000000,1.0000,
2025-08-06,3.2674,3.0801,5.653871,0.000000,1.0000,
2025-08-07,3.2771,3.0864,5.670656,0.000000,1.0000,
2025-08-08,3.2777,3.0868,5.671694,0.000000,1.0000,
2025-08-11,3.2576,3.0736,5.636914,0.000000,1.0000,
2025-08-12,3.2775,3.0867,5.671348,0.000000,1.0000,
2025-08-13,3.2523,3.0702,5.627742,0.000000,1.0000,
2025-08-14,3.2275,3.0539,5.584829,0.000000,1.0000,
2025-08-15,3.2220,3.0503,5.575312,0.000000,1.0000,
2025-08-18,3.2178,3.0476,5.568044,0.000000,1.0000,
2025-08-19,3.2157,3.0462,5.564410,0.000000,1.0000,
2025-08-20,3.2391,3.0615,5.604901,0.000000,1.0000,
2025-08-21,3.2553,3.0721,5.632934,0.000000,1.0000,
2025-08-22,3.2504,3.0689,5.624455,0.000000,1.0000,
2025-08-25,3.2725,3.0834,5.662696,0.000000,1.0000,
2025-08-26,3.2628,3.0771,5.645912,0.000000,1.0000,
2025-08-27,3.2018,3.0371,5.540358,0.000000,1.0000,
2025-08-28,3.2063,3.0400,5.548145,0.000000,1.0000,
2025-08-29,3.1842,3.0255,5.509903,0.000000,1.0000,
2025-09-01,3.1688,3.0155,5.483255,0.000000,1.0000,
2025-09-02,3.1852,3.0262,5.511633,0.000000,1.0000,
2025-09-03,3.1536,3.0055,5.456953,0.000000,1.0000,
2025-09-04,3.1706,3.0166,5.486370,0.000000,1.0000,
2025-09-05,3.1618,3.0109,5.471142,0.000000,1.0000,
2025-09-08,3.1663,3.0138,5.478929,0.000000,1.0000,
2025-09-09,3.1705,3.0166,5.486197,0.000000,1.0000,
2025-09-10,3.1651,3.0130,5.476853,0.000000,1.0000,
2025-09-11,3.1752,3.0197,5.494330,0.000000,1.0000,
2025-09-12,3.1563,3.0073,5.461625,0.000000,1.0000,
2025-09-15,3.1430,2.9986,5.438611,0.000000,1.0000,
2025-09-16,3.1353,2.9935,5.425287,0.000000,1.0000,
2025-09-17,3.1462,3.0006,5.444148,0.000000,1.0000,
2025-09-18,3.0901,2.9639,5.347073,0.000000,1.0000,
2025-09-19,3.1111,2.9776,5.383412,0.000000,1.0000,
2025-09-22,3.0852,2.9607,5.338595,0.000000,1.0000,
2025-09-23,3.1074,2.9752,5.377009,0.000000,1.0000,
2025-09-24,3.1115,2.9779,5.384104,0.000000,1.0000,
2025-09-25,3.0915,2.9648,5.349496,0.000000,1.0000,
2025-09-26,3.0962,2.9679,5.357629,0.000000,1.0000,
2025-09-29,3.0903,2.9640,5.347420,0.000000,1.0000,
2025-09-30,3.0820,2.9586,5.333057,0.000000,1.0000,
2025-10-09,3.1016,2.9714,5.366973,0.000000,1.0000,
2025-10-10,3.1367,2.9944,5.427710,0.000000,1.0000,
2025-10-13,3.1374,2.9949,5.428921,0.000000,1.0000,
2025-10-14,3.2041,3.0386,5.544338,0.000000,1.0000,
2025-10-15,3.2073,3.0407,5.549875,0.000000,1.0000,
2025-10-16,3.2424,3.0637,5.610612,0.000000,1.0000,
2025-10-17,3.2312,3.0563,5.591231,0.000000,1.0000,
2025-10-20,3.2558,3.0725,5.633799,0.000000,1.0000,
2025-10-21,3.2487,3.0678,5.621513,0.000000,1.0000,
2025-10-22,3.2533,3.0708,5.629473,0.000000,1.0000,
2025-10-23,3.2795,3.0880,5.674809,0.000000,1.0000,
2025-10-24,3.2602,3.0754,5.641413,0.000000,1.0000,
2025-10-27,3.2724,3.0833,5.662523,0.000000,1.0000,
2025-10-28,3.2669,3.0797,5.653006,0.000000,1.0000,
2025-10-29,3.2507,3.0691,5.624974,0.000000,1.0000,
2025-10-30,3.2461,3.0661,5.617014,0.000000,1.0000,
2025-10-31,3.2388,3.0613,5.604382,0.000000,1.0000,
2025-11-03,3.2846,3.0913,5.683634,0.000000,1.0000,
2025-11-04,3.3118,3.1092,5.730701,0.000000,1.0000,
2025-11-05,3.3212,3.1153,5.746966,0.000000,1.0000,
2025-11-06,3.3278,3.1196,5.758387,0.000000,1.0000,
2025-11-07,3.3298,3.1210,5.761848,0.000000,1.0000,
2025-11-10,3.3566,3.1385,5.808222,0.000000,1.0000,
2025-11-11,3.3476,3.1326,5.792649,0.000000,1.0000,
2025-11-12,3.3564,3.1384,5.807876,0.000000,1.0000,
2025-11-13,3.3632,3.1428,5.819643,0.000000,1.0000,
2025-11-14,3.3439,3.1302,5.786246,0.000000,1.0000,
2025-11-17,3.3313,3.1219,5.764443,0.000000,1.0000,
2025-11-18,3.2842,3.0911,5.682942,0.000000,1.0000,
2025-11-19,3.2993,3.1010,5.709071,0.000000,1.0000,
2025-11-20,3.2978,3.1000,5.706475,0.000000,1.0000,
2025-11-21,3.2499,3.0686,5.623590,0.000000,1.0000,
2025-11-24,3.2239,3.0516,5.578599,0.000000,1.0000,
2025-11-25,3.2399,3.0620,5.606286,0.000000,1.0000,
2025-11-26,3.2230,3.0510,5.577042,0.000000,1.0000,
2025-11-27,3.2286,3.0546,5.586732,0.000000,1.0000,
2025-11-28,3.2293,3.0551,5.587944,0.000000,1.0000,
2025-12-01,3.2449,3.0653,5.614938,0.000000,1.0000,
2025-12-02,3.2489,3.0679,5.621859,0.000000,1.0000,
2025-12-03,3.2404,3.0624,5.607151,0.000000,1.0000,
2025-12-04,3.2288,3.0548,5.587078,0.000000,1.0000,
2025-12-05,3.2239,3.0516,5.578599,0.000000,1.0000,
2025-12-08,3.2060,3.0398,5.547626,0.000000,1.0000,
2025-12-09,3.1817,3.0239,5.505577,0.000000,1.0000,
2025-12-10,3.1704,3.0165,5.486024,0.000000,1.0000,
2025-12-11,3.1522,3.0046,5.454531,0.000000,1.0000,
2025-12-12,3.1424,2.9982,5.437573,0.000000,1.0000,
2025-12-15,3.1627,3.0115,5.472700,0.000000,1.0000,
2025-12-16,3.1359,2.9939,5.426325,0.000000,1.0000,
2025-12-17,3.1402,2.9967,5.433766,0.000000,1.0000,
2025-12-18,3.1771,3.0209,5.497617,0.000000,1.0000,
2025-12-19,3.1715,3.0172,5.487927,0.000000,1.0000,
2025-12-22,3.1572,3.0079,5.463183,0.000000,1.0000,
2025-12-23,3.1614,3.0106,5.470450,0.000000,1.0000,
2025-12-24,3.1639,3.0122,5.474776,0.000000,1.0000,
2025-12-25,3.1729,3.0181,5.490350,0.000000,1.0000,
2025-12-26,3.1849,3.0260,5.511114,0.000000,1.0000,
2025-12-29,3.1895,3.0290,5.519074,0.000000,1.0000,
2025-12-30,3.1871,3.0274,5.514921,0.000000,1.0000,
2025-12-31,3.1813,3.0236,5.504885,0.000000,1.0000,
2026-01-05,3.1798,3.0227,5.502289,0.000000,1.0000,
2026-01-06,3.2166,3.0468,5.565968,0.000000,1.0000,
2026-01-07,3.2311,3.0563,5.591058,0.000000,1.0000,
2026-01-08,3.2245,3.0520,5.579638,0.000000,1.0000,
2026-01-09,3.2354,3.0591,5.598499,0.000000,1.0000,
2026-01-12,3.2340,3.0582,5.596076,0.000000,1.0000,
2026-01-13,3.2284,3.0545,5.586386,0.000000,1.0000,
2026-01-14,3.1995,3.0356,5.536378,0.000000,1.0000,
2026-01-15,3.1890,3.0287,5.518209,0.000000,1.0000,
2026-01-16,3.1627,3.0115,5.472700,0.000000,1.0000,
2026-01-19,3.1790,3.0221,5.500905,0.000000,1.0000,
2026-01-20,3.2146,3.0455,5.562507,0.000000,1.0000,
2026-01-21,3.0548,3.0345,5.533436,0.143000,1.0000,每10份派现金1.4300元
2026-01-22,3.0751,3.0478,5.570208,0.000000,1.0000,
2026-01-23,3.0648,3.0410,5.551550,0.000000,1.0000,
2026-01-26,3.1027,3.0658,5.620202,0.000000,1.0000,
2026-01-27,3.0753,3.0479,5.570570,0.000000,1.0000,
2026-01-28,3.1322,3.0852,5.673638,0.000000,1.0000,
2026-01-29,3.1682,3.1088,5.738848,0.000000,1.0000,
2026-01-30,3.1418,3.0915,5.691027,0.000000,1.0000,
2026-02-02,3.0438,3.0273,5.513511,0.000000,1.0000,
2026-02-03,3.0508,3.0318,5.526191,0.000000,1.0000,
2026-02-04,3.1451,3.0936,5.697005,0.000000,1.0000,
2026-02-05,3.1336,3.0861,5.676174,0.000000,1.0000,
2026-02-06,3.1248,3.0803,5.660234,0.000000,1.0000,
2026-02-09,3.1433,3.0925,5.693744,0.000000,1.0000,
2026-02-10,3.1568,3.1013,5.718198,0.000000,1.0000,
2026-02-11,3.1865,3.1208,5.771996,0.000000,1.0000,
2026-02-12,3.1805,3.1168,5.761128,0.000000,1.0000,
2026-02-13,3.1341,3.0864,5.677080,0.000000,1.0000,
2026-02-24,3.1915,3.1240,5.781053,0.000000,1.0000,
2026-02-25,3.1995,3.1293,5.795545,0.000000,1.0000,
2026-02-26,3.1968,3.1275,5.790654,0.000000,1.0000,
2026-02-27,3.2340,3.1519,5.858038,0.000000,1.0000,
2026-03-02,3.3045,3.1981,5.985741,0.000000,1.0000,
2026-03-03,3.3643,3.2373,6.094062,0.000000,1.0000,
2026-03-04,3.3051,3.1985,5.986827,0.000000,1.0000,
2026-03-05,3.2929,3.1905,5.964728,0.000000,1.0000,
2026-03-06,3.2842,3.1848,5.948969,0.000000,1.0000,
2026-03-09,3.3111,3.2024,5.997696,0.000000,1.0000,
2026-03-10,3.2649,3.1721,5.914010,0.000000,1.0000,
2026-03-11,3.3145,3.2046,6.003854,0.000000,1.0000,
2026-03-12,3.3830,3.2495,6.127935,0.000000,1.0000,
2026-03-13,3.3651,3.2378,6.095511,0.000000,1.0000,
2026-03-16,3.3331,3.2168,6.037546,0.000000,1.0000,
2026-03-17,3.3105,3.2020,5.996609,0.000000,1.0000,
2026-03-18,3.2958,3.1924,5.969981,0.000000,1.0000,
2026-03-19,3.3053,3.1986,5.987190,0.000000,1.0000,
2026-03-20,3.3000,3.1951,5.977589,0.000000,1.0000,
2026-03-23,3.2401,3.1559,5.869087,0.000000,1.0000,
2026-03-24,3.2708,3.1760,5.924697,0.000000,1.0000,
2026-03-25,3.2542,3.1651,5.894628,0.000000,1.0000,
2026-03-26,3.2683,3.1744,5.920168,0.000000,1.0000,
2026-03-27,3.2641,3.1716,5.912560,0.000000,1.0000,
2026-03-30,3.2957,3.1923,5.969800,0.000000,1.0000,
2026-03-31,3.2465,3.1601,5.880680,0.000000,1.0000,
2026-04-01,3.2383,3.1547,5.865827,0.000000,1.0000,
2026-04-02,3.2593,3.1685,5.903866,0.000000,1.0000,
2026-04-03,3.2120,3.1375,5.818187,0.000000,1.0000,
2026-04-07,3.2293,3.1488,5.849524,0.000000,1.0000,
2026-04-08,3.2268,3.1472,5.844996,0.000000,1.0000,
2026-04-09,3.2100,3.1362,5.814564,0.000000,1.0000,
2026-04-10,3.2163,3.1403,5.825976,0.000000,1.0000,
2026-04-13,3.2235,3.1450,5.839018,0.000000,1.0000,
2026-04-14,3.2234,3.1449,5.838837,0.000000,1.0000,
2026-04-15,3.2361,3.1533,5.861841,0.000000,1.0000,
2026-04-16,3.2423,3.1573,5.873072,0.000000,1.0000,
2026-04-17,3.2195,3.1424,5.831772,0.000000,1.0000,
2026-04-20,3.2239,3.1453,5.839742,0.000000,1.0000,
2026-04-21,3.2659,3.1728,5.915821,0.000000,1.0000,
2026-04-22,3.2664,3.1731,5.916727,0.000000,1.0000,
2026-04-23,3.2890,3.1879,5.957664,0.000000,1.0000,
2026-04-24,3.2788,3.1812,5.939188,0.000000,1.0000,
2026-04-27,3.2724,3.1770,5.927595,0.000000,1.0000,
2026-04-28,3.3259,3.2121,6.024504,0.000000,1.0000,
2026-04-29,3.3492,3.2274,6.066710,0.000000,1.0000,
2026-04-30,3.3391,3.2208,6.048415,0.000000,1.0000,
2026-05-06,3.3377,3.2198,6.045879,0.000000,1.0000,
2026-05-07,3.2713,3.1763,5.925602,0.000000,1.0000,
2026-05-08,3.2580,3.1676,5.901511,0.000000,1.0000,
2026-05-11,3.2626,3.1706,5.909843,0.000000,1.0000,
2026-05-12,3.2571,3.1670,5.899881,0.000000,1.0000,
2026-05-13,3.2428,3.1577,5.873978,0.000000,1.0000,
2026-05-14,3.2190,3.1421,5.830867,0.000000,1.0000,
2026-05-15,3.2236,3.1451,5.839199,0.000000,1.0000,
2026-05-18,3.2172,3.1409,5.827606,0.000000,1.0000,
2026-05-19,3.2221,3.1441,5.836482,0.000000,1.0000,
2026-05-20,3.2121,3.1375,5.818368,0.000000,1.0000,
2026-05-21,3.1664,3.1076,5.735588,0.000000,1.0000,
2026-05-22,3.1543,3.0997,5.713670,0.000000,1.0000,
2026-05-25,3.1860,3.1204,5.771091,0.000000,1.0000,
2026-05-26,3.1840,3.1191,5.767468,0.000000,1.0000,
2026-05-27,3.1686,3.1090,5.739573,0.000000,1.0000,
2026-05-28,3.1677,3.1084,5.737942,0.000000,1.0000,
2026-05-29,3.2036,3.1320,5.802971,0.000000,1.0000,
2026-06-01,3.3117,3.2028,5.998783,0.000000,1.0000,
2026-06-02,3.3100,3.2017,5.995703,0.000000,1.0000,
2026-06-03,3.3248,3.2114,6.022512,0.000000,1.0000,
2026-06-04,3.3252,3.2116,6.023236,0.000000,1.0000,
2026-06-05,3.3220,3.2096,6.017440,0.000000,1.0000,
2026-06-08,3.3057,3.1989,5.987914,0.000000,1.0000,
2026-06-09,3.2888,3.1878,5.957302,0.000000,1.0000,
2026-06-10,3.2634,3.1712,5.911292,0.000000,1.0000,
2026-06-11,3.2601,3.1690,5.905315,0.000000,1.0000,
2026-06-12,3.3041,3.1978,5.985016,0.000000,1.0000,
2026-06-15,3.2505,3.1627,5.887925,0.000000,1.0000,
2026-06-16,3.1957,3.1268,5.788661,0.000000,1.0000,
2026-06-17,3.1567,3.1012,5.718017,0.000000,1.0000,
2026-06-18,3.0900,3.0575,5.597197,0.000000,1.0000,
2026-06-22,3.1256,3.0809,5.661683,0.000000,1.0000,
2026-06-23,3.1057,3.0678,5.625636,0.000000,1.0000,
2026-06-24,3.0464,3.0290,5.518221,0.000000,1.0000,
2026-06-25,3.0016,2.9996,5.437070,0.000000,1.0000,
2026-06-26,2.9474,2.9641,5.338893,0.000000,1.0000,
2026-06-29,2.9782,2.9843,5.394684,0.000000,1.0000,
2026-06-30,2.9103,2.9398,5.271690,0.000000,1.0000,
2026-07-01,2.9616,2.9734,5.364615,0.000000,1.0000,
2026-07-02,2.9957,2.9957,5.426383,0.000000,1.0000,
2026-07-03,3.0238,3.0141,5.477283,0.000000,1.0000,
2026-07-06,3.0877,3.0560,5.593031,0.000000,1.0000,
2026-07-07,3.0435,3.0271,5.512968,0.000000,1.0000,
2026-07-08,3.0790,3.0503,5.577272,0.000000,1.0000,
2026-07-09,3.0401,3.0248,5.506809,0.000000,1.0000,
2026-07-10,3.0440,3.0274,5.513873,0.000000,1.0000,
2026-07-13,3.0660,3.0418,5.553724,0.000000,1.0000,
2026-07-14,3.1438,3.0928,5.694650,0.000000,1.0000,
2026-07-15,3.1880,3.1217,5.774714,0.000000,1.0000,
2026-07-16,3.1488,3.0961,5.703707,0.000000,1.0000,
2026-07-17,3.1354,3.0873,5.679434,0.000000,1.0000,
2026-07-20,3.2514,3.1633,5.889556,0.000000,1.0000,
2026-07-21,3.2056,3.1333,5.806594,0.000000,1.0000,
2026-07-22,3.2573,3.1672,5.900243,0.000000,1.0000,
2026-07-23,3.2852,3.1854,5.950781,0.000000,1.0000,
2026-07-24,3.2236,3.1451,5.839199,0.000000,1.0000,
2026-07-27,3.2358,3.1531,5.861298,0.000000,1.0000,
2026-07-28,3.2348,3.1524,5.859487,0.000000,1.0000,
2026-07-29,3.2746,3.1785,5.931580,0.000000,1.0000,
2026-07-30,3.3153,3.2052,6.005304,0.000000,1.0000,
2026-07-31,3.3081,3.2004,5.992262,0.000000,1.0000,
2026-08-03,3.2859,3.1859,5.952049,0.000000,1.0000,
2026-08-04,3.2355,3.1529,5.860755,0.000000,1.0000,
2026-08-05,3.2277,3.1478,5.846626,0.000000,1.0000,
2026-08-06,3.2874,3.1869,5.954766,0.000000,1.0000,
2026-08-07,3.2846,3.1850,5.949694,0.000000,1.0000,
2026-08-10,3.3213,3.2091,6.016172,0.000000,1.0000,
